source,length,unit_id,pred,score
Wikipedia,L1,2,hin,0.994106650352478
Wikipedia,L5,2,hin,0.9959315061569214
Wikipedia,L20,2,hin,0.995934009552002
Wikipedia,L1,3,hin,0.9992135167121887
Wikipedia,L5,3,hin,0.9988459944725037
Wikipedia,L20,3,hin,0.9986764192581177
Wikipedia,L1,4,hin,0.997741162776947
Wikipedia,L5,4,hin,0.9983941316604614
Wikipedia,L20,4,hin,0.9983318448066711
Wikipedia,L1,8,hin,0.9941727519035339
Wikipedia,L5,8,hin,0.9933939576148987
Wikipedia,L20,8,hin,0.9983331561088562
Wikipedia,L1,9,hin,0.9985269904136658
Wikipedia,L5,9,hin,0.9955652356147766
Wikipedia,L20,9,hin,0.9980624914169312
Wikipedia,L1,10,hin,0.9964625835418701
Wikipedia,L5,10,hin,0.9989166259765625
Wikipedia,L20,10,hin,0.9993706345558167
Wikipedia,L1,11,hin,0.9997583031654358
Wikipedia,L5,11,hin,0.9980064034461975
Wikipedia,L20,11,hin,0.9972689151763916
Wikipedia,L1,13,hin,0.9809358716011047
Wikipedia,L5,13,hin,0.9973531365394592
Wikipedia,L20,13,hin,0.9973222017288208
Wikipedia,L1,16,hin,0.9994555115699768
Wikipedia,L5,16,hin,0.9984174370765686
Wikipedia,L20,16,hin,0.9991241097450256
Wikipedia,L1,18,hin,0.9962919354438782
Wikipedia,L5,18,hin,0.9987268447875977
Wikipedia,L20,18,hin,0.9965943098068237
Wikipedia,L1,21,hin,0.9997197985649109
Wikipedia,L5,21,hin,0.9993622899055481
Wikipedia,L20,21,hin,0.9989093542098999
Wikipedia,L1,22,hin,0.9872133135795593
Wikipedia,L5,22,hin,0.9936105012893677
Wikipedia,L20,22,hin,0.9964636564254761
Wikipedia,L1,23,hin,0.9844003319740295
Wikipedia,L5,23,hin,0.9975183010101318
Wikipedia,L20,23,hin,0.9986558556556702
Wikipedia,L1,26,hin,0.9991613626480103
Wikipedia,L5,26,hin,0.9991084337234497
Wikipedia,L20,26,hin,0.9982703328132629
Wikipedia,L1,27,hin,0.9995852112770081
Wikipedia,L5,27,hin,0.9981364607810974
Wikipedia,L20,27,hin,0.9976057410240173
Wikipedia,L1,28,hin,0.8868343830108643
Wikipedia,L5,28,hin,0.9948721528053284
Wikipedia,L20,28,hin,0.9959627389907837
Wikipedia,L1,29,hin,0.9783133864402771
Wikipedia,L5,29,hin,0.9962185621261597
Wikipedia,L20,29,hin,0.9979144334793091
Wikipedia,L1,30,hin,0.9947991371154785
Wikipedia,L5,30,hin,0.9965052008628845
Wikipedia,L20,30,hin,0.9986022114753723
Wikipedia,L1,31,hin,0.98203444480896
Wikipedia,L5,31,hin,0.996028482913971
Wikipedia,L20,31,hin,0.9973762631416321
Wikipedia,L1,32,hin,0.9983996152877808
Wikipedia,L5,32,hin,0.9988687038421631
Wikipedia,L20,32,hin,0.9997183680534363
Wikipedia,L1,35,hin,0.9882985353469849
Wikipedia,L5,35,hin,0.9993749260902405
Wikipedia,L20,35,hin,0.9989761114120483
Wikipedia,L1,37,hin,0.9975024461746216
Wikipedia,L5,37,hin,0.998616635799408
Wikipedia,L20,37,hin,0.9989553093910217
Wikipedia,L1,39,hin,0.995206892490387
Wikipedia,L5,39,hin,0.9976925849914551
Wikipedia,L20,39,hin,0.9967993497848511
Wikipedia,L1,40,hin,0.999942421913147
Wikipedia,L5,40,hin,0.999721109867096
Wikipedia,L20,40,hin,0.9994009733200073
Wikipedia,L1,43,hin,0.8592600226402283
Wikipedia,L5,43,hin,0.993984043598175
Wikipedia,L20,43,hin,0.9974039793014526
Wikipedia,L1,44,hin,0.9928839206695557
Wikipedia,L5,44,hin,0.9995518922805786
Wikipedia,L20,44,hin,0.9992400407791138
Wikipedia,L1,47,hin,0.9623473286628723
Wikipedia,L5,47,hin,0.9942296743392944
Wikipedia,L20,47,hin,0.9968641400337219
Wikipedia,L1,49,hin,0.9960306286811829
Wikipedia,L5,49,hin,0.9574064612388611
Wikipedia,L20,49,hin,0.9726139903068542
Wikipedia,L1,51,hin,0.6360052227973938
Wikipedia,L5,51,hin,0.9974451661109924
Wikipedia,L20,51,hin,0.9985703825950623
Wikipedia,L1,52,hin,0.9989075660705566
Wikipedia,L5,52,hin,0.9994922876358032
Wikipedia,L20,52,hin,0.9993059635162354
Wikipedia,L1,53,hin,0.9854682683944702
Wikipedia,L5,53,hin,0.9955630898475647
Wikipedia,L20,53,hin,0.997519850730896
Wikipedia,L1,55,hin,0.9970024824142456
Wikipedia,L5,55,hin,0.9969291687011719
Wikipedia,L20,55,hin,0.9982850551605225
Wikipedia,L1,56,hin,0.9962321519851685
Wikipedia,L5,56,hin,0.9993725419044495
Wikipedia,L20,56,hin,0.9989743232727051
Wikipedia,L1,57,hin,0.9845261573791504
Wikipedia,L5,57,hin,0.9985098838806152
Wikipedia,L20,57,hin,0.9991908669471741
Wikipedia,L1,60,hin,0.9433779716491699
Wikipedia,L5,60,hin,0.9914409518241882
Wikipedia,L20,60,hin,0.99833744764328
Wikipedia,L1,65,hin,0.9719706177711487
Wikipedia,L5,65,hin,0.9930717349052429
Wikipedia,L20,65,hin,0.9979287981987
Wikipedia,L1,68,hin,0.9708159565925598
Wikipedia,L5,68,hin,0.9983634948730469
Wikipedia,L20,68,hin,0.9986673593521118
Wikipedia,L1,69,hin,0.999537467956543
Wikipedia,L5,69,hin,0.9969940781593323
Wikipedia,L20,69,hin,0.9992756247520447
Wikipedia,L1,73,hin,0.9974993467330933
Wikipedia,L5,73,hin,0.9989011883735657
Wikipedia,L20,73,hin,0.9991555213928223
Wikipedia,L1,76,hin,0.9993898868560791
Wikipedia,L5,76,hin,0.9982770681381226
Wikipedia,L20,76,hin,0.9988978505134583
Wikipedia,L1,79,hin,0.9780482053756714
Wikipedia,L5,79,hin,0.9981478452682495
Wikipedia,L20,79,hin,0.9963427782058716
Wikipedia,L1,80,hin,0.9991525411605835
Wikipedia,L5,80,hin,0.9992701411247253
Wikipedia,L20,80,hin,0.9993000030517578
Wikipedia,L1,82,hin,0.9664211273193359
Wikipedia,L5,82,hin,0.9945449829101562
Wikipedia,L20,82,hin,0.9962958097457886
Wikipedia,L1,83,awa,0.7196770310401917
Wikipedia,L5,83,hin,0.9841259121894836
Wikipedia,L20,83,hin,0.9917392134666443
Wikipedia,L1,86,hin,0.9980382323265076
Wikipedia,L5,86,hin,0.9989915490150452
Wikipedia,L20,86,hin,0.997828483581543
Wikipedia,L1,87,hin,0.996937096118927
Wikipedia,L5,87,hin,0.9956466555595398
Wikipedia,L20,87,hin,0.9949741363525391
Wikipedia,L1,88,hin,0.9867214560508728
Wikipedia,L5,88,hin,0.9942415952682495
Wikipedia,L20,88,hin,0.9976012706756592
Wikipedia,L1,89,hin,0.9977131485939026
Wikipedia,L5,89,hin,0.9978355765342712
Wikipedia,L20,89,hin,0.9985427856445312
Wikipedia,L1,90,hin,0.9988437294960022
Wikipedia,L5,90,hin,0.99819415807724
Wikipedia,L20,90,hin,0.9994683861732483
Wikipedia,L1,91,hin,0.8065223097801208
Wikipedia,L5,91,hin,0.9987133741378784
Wikipedia,L20,91,hin,0.9989868402481079
Wikipedia,L1,92,hin,0.980330228805542
Wikipedia,L5,92,hin,0.9981169700622559
Wikipedia,L20,92,hin,0.9972025752067566
Wikipedia,L1,95,hin,0.9974238872528076
Wikipedia,L5,95,hin,0.9967668652534485
Wikipedia,L20,95,hin,0.9990484714508057
Wikipedia,L1,97,hin,0.9943920969963074
Wikipedia,L5,97,hin,0.9990214109420776
Wikipedia,L20,97,hin,0.9991562366485596
Wikipedia,L1,98,hin,0.9996556043624878
Wikipedia,L5,98,hin,0.9962494373321533
Wikipedia,L20,98,hin,0.9987297058105469
Wikipedia,L1,100,hin,0.9268485307693481
Wikipedia,L5,100,hin,0.9941825270652771
Wikipedia,L20,100,hin,0.9972023367881775
Wikipedia,L1,101,hin,0.9973976016044617
Wikipedia,L5,101,hin,0.9977012872695923
Wikipedia,L20,101,hin,0.9984345436096191
Wikipedia,L1,103,hin,0.9996713399887085
Wikipedia,L5,103,hin,0.9989070892333984
Wikipedia,L20,103,hin,0.9988934397697449
Wikipedia,L1,104,hin,0.9920243620872498
Wikipedia,L5,104,hin,0.9985587000846863
Wikipedia,L20,104,hin,0.999163031578064
Wikipedia,L1,106,hin,0.9966539144515991
Wikipedia,L5,106,hin,0.9975813031196594
Wikipedia,L20,106,hin,0.9985272288322449
Wikipedia,L1,108,hin,0.9973447322845459
Wikipedia,L5,108,hin,0.9968824982643127
Wikipedia,L20,108,hin,0.9991269707679749
Wikipedia,L1,110,hin,0.9960762858390808
Wikipedia,L5,110,hin,0.9980166554450989
Wikipedia,L20,110,hin,0.9990660548210144
Wikipedia,L1,111,hin,0.9974085092544556
Wikipedia,L5,111,hin,0.9980827569961548
Wikipedia,L20,111,hin,0.9990692734718323
Wikipedia,L1,113,hin,0.9862121939659119
Wikipedia,L5,113,hin,0.9957852959632874
Wikipedia,L20,113,hin,0.9974232316017151
Wikipedia,L1,114,hin,0.931756854057312
Wikipedia,L5,114,hin,0.9955136179924011
Wikipedia,L20,114,hin,0.9975315928459167
Wikipedia,L1,116,hin,0.9997755885124207
Wikipedia,L5,116,hin,0.9981058239936829
Wikipedia,L20,116,hin,0.9967615604400635
Wikipedia,L1,120,hin,0.9882470965385437
Wikipedia,L5,120,hin,0.9986161589622498
Wikipedia,L20,120,hin,0.9991664886474609
Wikipedia,L1,121,hin,0.9738476276397705
Wikipedia,L5,121,hin,0.9977930188179016
Wikipedia,L20,121,hin,0.9985596537590027
Wikipedia,L1,123,hin,0.9836091995239258
Wikipedia,L5,123,hin,0.9869642853736877
Wikipedia,L20,123,hin,0.9892659187316895
Wikipedia,L1,124,hin,0.9955600500106812
Wikipedia,L5,124,hin,0.9970518946647644
Wikipedia,L20,124,hin,0.9986556172370911
Wikipedia,L1,125,hin,0.9927648901939392
Wikipedia,L5,125,hin,0.9925320744514465
Wikipedia,L20,125,hin,0.997735321521759
Wikipedia,L1,126,hin,0.9996271133422852
Wikipedia,L5,126,hin,0.9983665347099304
Wikipedia,L20,126,hin,0.9977584481239319
Wikipedia,L1,133,hin,0.9860931038856506
Wikipedia,L5,133,hin,0.9989427924156189
Wikipedia,L20,133,hin,0.9970442056655884
Wikipedia,L1,134,hin,0.9683653116226196
Wikipedia,L5,134,hin,0.9987931847572327
Wikipedia,L20,134,hin,0.9989950060844421
Wikipedia,L1,135,hin,0.9987807869911194
Wikipedia,L5,135,hin,0.9987653493881226
Wikipedia,L20,135,hin,0.9985361099243164
Wikipedia,L1,136,hin,0.9971581101417542
Wikipedia,L5,136,hin,0.9986656904220581
Wikipedia,L20,136,hin,0.9985683560371399
Wikipedia,L1,138,hin,0.9998371005058289
Wikipedia,L5,138,hin,0.9990059733390808
Wikipedia,L20,138,hin,0.999422550201416
Wikipedia,L1,139,hin,0.7670978307723999
Wikipedia,L5,139,hin,0.9653564691543579
Wikipedia,L20,139,hin,0.9952530264854431
Wikipedia,L1,140,hin,0.9958983063697815
Wikipedia,L5,140,hin,0.9982482194900513
Wikipedia,L20,140,hin,0.9990684390068054
Wikipedia,L1,143,hin,0.99948650598526
Wikipedia,L5,143,hin,0.9988209009170532
Wikipedia,L20,143,hin,0.9992390871047974
Wikipedia,L1,145,hin,0.8909245729446411
Wikipedia,L5,145,hin,0.9994853138923645
Wikipedia,L20,145,hin,0.9995273351669312
Wikipedia,L1,146,hin,0.9836387038230896
Wikipedia,L5,146,hin,0.9996328353881836
Wikipedia,L20,146,hin,0.9994139671325684
Wikipedia,L1,147,hin,0.9984118342399597
Wikipedia,L5,147,hin,0.9890043139457703
Wikipedia,L20,147,hin,0.9958480596542358
Wikipedia,L1,148,hin,0.9993890523910522
Wikipedia,L5,148,hin,0.9980977177619934
Wikipedia,L20,148,hin,0.998825192451477
Wikipedia,L1,149,hin,0.9981503486633301
Wikipedia,L5,149,hin,0.9963475465774536
Wikipedia,L20,149,hin,0.9954506158828735
Wikipedia,L1,150,hin,0.9955179691314697
Wikipedia,L5,150,hin,0.9924567937850952
Wikipedia,L20,150,hin,0.9977883696556091
Wikipedia,L1,151,hin,0.998320460319519
Wikipedia,L5,151,hin,0.9969537854194641
Wikipedia,L20,151,hin,0.9975354075431824
Wikipedia,L1,155,hin,0.9972543716430664
Wikipedia,L5,155,hin,0.9960870146751404
Wikipedia,L20,155,hin,0.9968911409378052
Wikipedia,L1,158,hin,0.9979449510574341
Wikipedia,L5,158,hin,0.9994072914123535
Wikipedia,L20,158,hin,0.9995156526565552
Wikipedia,L1,159,hin,0.9905601143836975
Wikipedia,L5,159,hin,0.9978023767471313
Wikipedia,L20,159,hin,0.9991232752799988
Wikipedia,L1,160,hin,0.9874996542930603
Wikipedia,L5,160,hin,0.9990954399108887
Wikipedia,L20,160,hin,0.9994359016418457
Wikipedia,L1,161,hin,0.993727445602417
Wikipedia,L5,161,hin,0.9992444515228271
Wikipedia,L20,161,hin,0.998672366142273
Wikipedia,L1,164,hin,0.990287721157074
Wikipedia,L5,164,hin,0.9983197450637817
Wikipedia,L20,164,hin,0.9985978603363037
Wikipedia,L1,166,hin,0.9968946576118469
Wikipedia,L5,166,hin,0.998550534248352
Wikipedia,L20,166,hin,0.9986193180084229
Wikipedia,L1,167,hin,0.9991247057914734
Wikipedia,L5,167,hin,0.9984740018844604
Wikipedia,L20,167,hin,0.9986461997032166
Wikipedia,L1,169,hin,0.9943653345108032
Wikipedia,L5,169,hin,0.9991739988327026
Wikipedia,L20,169,hin,0.9990909099578857
Wikipedia,L1,170,hin,0.9971755146980286
Wikipedia,L5,170,hin,0.997880220413208
Wikipedia,L20,170,hin,0.9986293315887451
Wikipedia,L1,172,hin,0.9763443470001221
Wikipedia,L5,172,hin,0.9972245097160339
Wikipedia,L20,172,hin,0.998046338558197
Wikipedia,L1,174,hin,0.9939708709716797
Wikipedia,L5,174,hin,0.9960889220237732
Wikipedia,L20,174,hin,0.9947078227996826
Wikipedia,L1,177,hin,0.9983438849449158
Wikipedia,L5,177,hin,0.9989186525344849
Wikipedia,L20,177,hin,0.9986833333969116
Wikipedia,L1,178,hin,0.9876582622528076
Wikipedia,L5,178,hin,0.9983078837394714
Wikipedia,L20,178,hin,0.9987351298332214
Wikipedia,L1,179,hin,0.9989739656448364
Wikipedia,L5,179,hin,0.9987884163856506
Wikipedia,L20,179,hin,0.9990403652191162
Wikipedia,L1,180,hin,0.8798890113830566
Wikipedia,L5,180,hin,0.9797827005386353
Wikipedia,L20,180,hin,0.9966292381286621
Wikipedia,L1,183,hin,0.9814348220825195
Wikipedia,L5,183,hin,0.9972450137138367
Wikipedia,L20,183,hin,0.9978416562080383
Wikipedia,L1,184,hin,0.9570145606994629
Wikipedia,L5,184,hin,0.9939584732055664
Wikipedia,L20,184,hin,0.9978975653648376
Wikipedia,L1,185,hin,0.9967865347862244
Wikipedia,L5,185,hin,0.9976253509521484
Wikipedia,L20,185,hin,0.998323917388916
Wikipedia,L1,188,hin,0.9984699487686157
Wikipedia,L5,188,hin,0.9989745616912842
Wikipedia,L20,188,hin,0.9989895224571228
Wikipedia,L1,190,hin,0.8844190239906311
Wikipedia,L5,190,hin,0.999080240726471
Wikipedia,L20,190,hin,0.9993376731872559
Wikipedia,L1,192,hin,0.9988515973091125
Wikipedia,L5,192,hin,0.9989173412322998
Wikipedia,L20,192,hin,0.9991397261619568
Wikipedia,L1,194,hin,0.9766448736190796
Wikipedia,L5,194,hin,0.9987818598747253
Wikipedia,L20,194,hin,0.9987584352493286
Wikipedia,L1,196,hin,0.9350999593734741
Wikipedia,L5,196,hin,0.955588161945343
Wikipedia,L20,196,hin,0.994767963886261
Wikipedia,L1,198,hin,0.9600012898445129
Wikipedia,L5,198,hin,0.9916258454322815
Wikipedia,L20,198,hin,0.9972184300422668
Wikipedia,L1,200,hin,0.9983763098716736
Wikipedia,L5,200,hin,0.9972734451293945
Wikipedia,L20,200,hin,0.9979170560836792
Wikipedia,L1,202,hin,0.9657743573188782
Wikipedia,L5,202,hin,0.9981732964515686
Wikipedia,L20,202,hin,0.9991735219955444
Wikipedia,L1,204,hin,0.9847049117088318
Wikipedia,L5,204,hin,0.997517466545105
Wikipedia,L20,204,hin,0.9979684352874756
Wikipedia,L1,205,hin,0.9911277890205383
Wikipedia,L5,205,hin,0.9964083433151245
Wikipedia,L20,205,hin,0.9987936615943909
Wikipedia,L1,207,hin,0.977586567401886
Wikipedia,L5,207,hin,0.9688934087753296
Wikipedia,L20,207,hin,0.98146653175354
Wikipedia,L1,209,hin,0.987905740737915
Wikipedia,L5,209,hin,0.9959625005722046
Wikipedia,L20,209,hin,0.9952916502952576
Wikipedia,L1,217,hin,0.9987255334854126
Wikipedia,L5,217,hin,0.9988608360290527
Wikipedia,L20,217,hin,0.9992772936820984
Wikipedia,L1,221,hin,0.9985806941986084
Wikipedia,L5,221,hin,0.997886061668396
Wikipedia,L20,221,hin,0.9983082413673401
Wikipedia,L1,222,hin,0.998862624168396
Wikipedia,L5,222,hin,0.9976831078529358
Wikipedia,L20,222,hin,0.9960282444953918
Wikipedia,L1,223,hin,0.9989014267921448
Wikipedia,L5,223,hin,0.9984095692634583
Wikipedia,L20,223,hin,0.9977397322654724
Wikipedia,L1,225,hin,0.9963338375091553
Wikipedia,L5,225,hin,0.9982929229736328
Wikipedia,L20,225,hin,0.9989122152328491
Wikipedia,L1,226,hin,0.9859217405319214
Wikipedia,L5,226,hin,0.9940493106842041
Wikipedia,L20,226,hin,0.99866783618927
Wikipedia,L1,228,hin,0.9608057737350464
Wikipedia,L5,228,hin,0.9907787442207336
Wikipedia,L20,228,hin,0.9955745935440063
Wikipedia,L1,229,hin,0.9994823336601257
Wikipedia,L5,229,hin,0.9996769428253174
Wikipedia,L20,229,hin,0.9979641437530518
Wikipedia,L1,230,hin,0.9908530712127686
Wikipedia,L5,230,hin,0.9964703917503357
Wikipedia,L20,230,hin,0.9978005886077881
Wikipedia,L1,231,hin,0.9539466500282288
Wikipedia,L5,231,hin,0.9854923486709595
Wikipedia,L20,231,hin,0.9942100048065186
Wikipedia,L1,232,hin,0.9972425103187561
Wikipedia,L5,232,hin,0.998690664768219
Wikipedia,L20,232,hin,0.998159646987915
Wikipedia,L1,234,hin,0.9754077792167664
Wikipedia,L5,234,hin,0.9959079623222351
Wikipedia,L20,234,hin,0.9951463341712952
Wikipedia,L1,237,hin,0.9912725687026978
Wikipedia,L5,237,hin,0.9980956315994263
Wikipedia,L20,237,hin,0.9963788986206055
Wikipedia,L1,241,hin,0.6982153654098511
Wikipedia,L5,241,hin,0.9552529454231262
Wikipedia,L20,241,hin,0.9837796688079834
Wikipedia,L1,245,hin,0.9947972297668457
Wikipedia,L5,245,hin,0.9963836073875427
Wikipedia,L20,245,hin,0.9986587166786194
Wikipedia,L1,246,hin,0.9957507848739624
Wikipedia,L5,246,hin,0.9990949630737305
Wikipedia,L20,246,hin,0.9982560873031616
Wikipedia,L1,249,hin,0.9910269975662231
Wikipedia,L5,249,hin,0.9971083402633667
Wikipedia,L20,249,hin,0.996417224407196
Wikipedia,L1,251,hin,0.9875742793083191
Wikipedia,L5,251,hin,0.9983420968055725
Wikipedia,L20,251,hin,0.9988604784011841
Wikipedia,L1,252,hin,0.9992980360984802
Wikipedia,L5,252,hin,0.9982168674468994
Wikipedia,L20,252,hin,0.9987460970878601
Wikipedia,L1,253,hin,0.9849059581756592
Wikipedia,L5,253,hin,0.9982762932777405
Wikipedia,L20,253,hin,0.997288167476654
Wikipedia,L1,257,hin,0.9974371790885925
Wikipedia,L5,257,hin,0.9975127577781677
Wikipedia,L20,257,hin,0.9975243806838989
Wikipedia,L1,258,hin,0.991718590259552
Wikipedia,L5,258,hin,0.9890605211257935
Wikipedia,L20,258,hin,0.9943673014640808
Wikipedia,L1,259,hin,0.9948611855506897
Wikipedia,L5,259,hin,0.999214231967926
Wikipedia,L20,259,hin,0.9989365935325623
Wikipedia,L1,260,hin,0.9944052696228027
Wikipedia,L5,260,hin,0.9984037280082703
Wikipedia,L20,260,hin,0.9990946054458618
Wikipedia,L1,261,hin,0.990416944026947
Wikipedia,L5,261,hin,0.998038113117218
Wikipedia,L20,261,hin,0.998712420463562
Wikipedia,L1,263,hin,0.9996587038040161
Wikipedia,L5,263,hin,0.998982310295105
Wikipedia,L20,263,hin,0.9986720085144043
Wikipedia,L1,264,hin,0.9945270419120789
Wikipedia,L5,264,hin,0.9928441047668457
Wikipedia,L20,264,hin,0.997731626033783
Wikipedia,L1,266,hin,0.999239444732666
Wikipedia,L5,266,hin,0.9932909607887268
Wikipedia,L20,266,hin,0.9955525994300842
Wikipedia,L1,267,hin,0.9729297161102295
Wikipedia,L5,267,hin,0.9968242049217224
Wikipedia,L20,267,hin,0.9977871775627136
Wikipedia,L1,268,hin,0.9789596796035767
Wikipedia,L5,268,hin,0.9985190033912659
Wikipedia,L20,268,hin,0.9987276792526245
Wikipedia,L1,269,hin,0.9861869215965271
Wikipedia,L5,269,hin,0.9946556091308594
Wikipedia,L20,269,hin,0.9970752596855164
Wikipedia,L1,272,hin,0.9993640780448914
Wikipedia,L5,272,hin,0.9972577691078186
Wikipedia,L20,272,hin,0.9991018772125244
Wikipedia,L1,273,hin,0.9985153675079346
Wikipedia,L5,273,hin,0.9995086193084717
Wikipedia,L20,273,hin,0.9993084669113159
Wikipedia,L1,274,hin,0.9981377720832825
Wikipedia,L5,274,hin,0.9976337552070618
Wikipedia,L20,274,hin,0.9984785914421082
Wikipedia,L1,275,hin,0.9997430443763733
Wikipedia,L5,275,hin,0.9975170493125916
Wikipedia,L20,275,hin,0.9975801110267639
Wikipedia,L1,281,hin,0.9948175549507141
Wikipedia,L5,281,hin,0.9965035319328308
Wikipedia,L20,281,hin,0.9981204271316528
Wikipedia,L1,283,hin,0.9247282147407532
Wikipedia,L5,283,hin,0.982140839099884
Wikipedia,L20,283,hin,0.9957622289657593
Wikipedia,L1,284,hin,0.9995039701461792
Wikipedia,L5,284,hin,0.9995179176330566
Wikipedia,L20,284,hin,0.9995571970939636
Wikipedia,L1,285,hin,0.9869303703308105
Wikipedia,L5,285,hin,0.9900071620941162
Wikipedia,L20,285,hin,0.9970992207527161
Wikipedia,L1,286,hin,0.6943351626396179
Wikipedia,L5,286,hin,0.9943976998329163
Wikipedia,L20,286,hin,0.9989721775054932
Wikipedia,L1,289,hin,0.9929550290107727
Wikipedia,L5,289,hin,0.9982020258903503
Wikipedia,L20,289,hin,0.9962707161903381
Wikipedia,L1,291,hin,0.9820790886878967
Wikipedia,L5,291,hin,0.997889518737793
Wikipedia,L20,291,hin,0.9988051652908325
Wikipedia,L1,293,hin,0.9867440462112427
Wikipedia,L5,293,hin,0.9982057213783264
Wikipedia,L20,293,hin,0.9990504384040833
Wikipedia,L1,297,hin,0.9997220635414124
Wikipedia,L5,297,hin,0.9994460940361023
Wikipedia,L20,297,hin,0.9987038969993591
Wikipedia,L1,298,hin,0.9855065941810608
Wikipedia,L5,298,hin,0.999043345451355
Wikipedia,L20,298,hin,0.9985018968582153
Wikipedia,L1,303,hin,0.9846011400222778
Wikipedia,L5,303,hin,0.9964392781257629
Wikipedia,L20,303,hin,0.9965737462043762
Wikipedia,L1,305,hin,0.9999356269836426
Wikipedia,L5,305,hin,0.9960507154464722
Wikipedia,L20,305,hin,0.9977311491966248
Wikipedia,L1,306,hin,0.9984743595123291
Wikipedia,L5,306,hin,0.9976911544799805
Wikipedia,L20,306,hin,0.9966511726379395
Wikipedia,L1,307,hin,0.9956774711608887
Wikipedia,L5,307,hin,0.9983129501342773
Wikipedia,L20,307,hin,0.9991987347602844
Wikipedia,L1,309,hin,0.9977419376373291
Wikipedia,L5,309,hin,0.9995651841163635
Wikipedia,L20,309,hin,0.9993143081665039
Wikipedia,L1,310,hin,0.9959140419960022
Wikipedia,L5,310,hin,0.9979882836341858
Wikipedia,L20,310,hin,0.9990140795707703
Wikipedia,L1,315,hin,0.998916745185852
Wikipedia,L5,315,hin,0.997859001159668
Wikipedia,L20,315,hin,0.9982017874717712
Wikipedia,L1,316,hin,0.9792783260345459
Wikipedia,L5,316,hin,0.996393084526062
Wikipedia,L20,316,hin,0.9985359311103821
Wikipedia,L1,318,hin,0.993686854839325
Wikipedia,L5,318,hin,0.9966105818748474
Wikipedia,L20,318,hin,0.9968738555908203
Wikipedia,L1,319,hin,0.9973853826522827
Wikipedia,L5,319,hin,0.9968226552009583
Wikipedia,L20,319,hin,0.9984493851661682
Wikipedia,L1,322,hin,0.9923691153526306
Wikipedia,L5,322,hin,0.9971184134483337
Wikipedia,L20,322,hin,0.9969285726547241
Wikipedia,L1,323,hin,0.8837651610374451
Wikipedia,L5,323,hin,0.9922451376914978
Wikipedia,L20,323,hin,0.9957464933395386
Wikipedia,L1,324,hin,0.9899690747261047
Wikipedia,L5,324,hin,0.9947423934936523
Wikipedia,L20,324,hin,0.9955316781997681
Wikipedia,L1,326,hin,0.9992387294769287
Wikipedia,L5,326,hin,0.9992918372154236
Wikipedia,L20,326,hin,0.9987873435020447
Wikipedia,L1,331,hin,0.9997506737709045
Wikipedia,L5,331,hin,0.9992168545722961
Wikipedia,L20,331,hin,0.9973348379135132
Wikipedia,L1,335,hin,0.9497199058532715
Wikipedia,L5,335,hin,0.9907506704330444
Wikipedia,L20,335,hin,0.9956873059272766
Wikipedia,L1,336,hin,0.9955386519432068
Wikipedia,L5,336,hin,0.9972177147865295
Wikipedia,L20,336,hin,0.99605792760849
Wikipedia,L1,338,hin,0.9954834580421448
Wikipedia,L5,338,hin,0.9989233016967773
Wikipedia,L20,338,hin,0.9988710880279541
Wikipedia,L1,339,hin,0.9454259872436523
Wikipedia,L5,339,hin,0.9983563423156738
Wikipedia,L20,339,hin,0.9987748861312866
Wikipedia,L1,340,hin,0.9799824357032776
Wikipedia,L5,340,hin,0.9948150515556335
Wikipedia,L20,340,hin,0.9982151985168457
Wikipedia,L1,341,hin,0.9974934458732605
Wikipedia,L5,341,hin,0.997178852558136
Wikipedia,L20,341,hin,0.9971243143081665
Wikipedia,L1,343,hin,0.9996962547302246
Wikipedia,L5,343,hin,0.9977877736091614
Wikipedia,L20,343,hin,0.9991648197174072
Wikipedia,L1,344,hin,0.9713508486747742
Wikipedia,L5,344,hin,0.9939538836479187
Wikipedia,L20,344,hin,0.9984339475631714
Wikipedia,L1,345,hin,0.9965606927871704
Wikipedia,L5,345,hin,0.997543454170227
Wikipedia,L20,345,hin,0.9977870583534241
Wikipedia,L1,348,hin,0.9838519096374512
Wikipedia,L5,348,hin,0.9967732429504395
Wikipedia,L20,348,hin,0.9986407160758972
Wikipedia,L1,349,hin,0.999552845954895
Wikipedia,L5,349,hin,0.9994230270385742
Wikipedia,L20,349,hin,0.9993048906326294
Wikipedia,L1,352,hin,0.916549563407898
Wikipedia,L5,352,hin,0.988437831401825
Wikipedia,L20,352,hin,0.9972144961357117
Wikipedia,L1,353,hin,0.9970227479934692
Wikipedia,L5,353,hin,0.9990338087081909
Wikipedia,L20,353,hin,0.9994006156921387
Wikipedia,L1,354,hin,0.9964239001274109
Wikipedia,L5,354,hin,0.9970637559890747
Wikipedia,L20,354,hin,0.9986920952796936
Wikipedia,L1,355,hin,0.9989954829216003
Wikipedia,L5,355,hin,0.9983588457107544
Wikipedia,L20,355,hin,0.9991472363471985
Wikipedia,L1,356,hin,0.982122540473938
Wikipedia,L5,356,hin,0.9982800483703613
Wikipedia,L20,356,hin,0.9980725646018982
Wikipedia,L1,360,hin,0.996920645236969
Wikipedia,L5,360,hin,0.9954864382743835
Wikipedia,L20,360,hin,0.9959899187088013
Wikipedia,L1,361,hin,0.9995262622833252
Wikipedia,L5,361,hin,0.9959064722061157
Wikipedia,L20,361,hin,0.9983981847763062
Wikipedia,L1,362,hin,0.9997155070304871
Wikipedia,L5,362,hin,0.9986840486526489
Wikipedia,L20,362,hin,0.9989136457443237
Wikipedia,L1,363,hin,0.9857164025306702
Wikipedia,L5,363,hin,0.9970977902412415
Wikipedia,L20,363,hin,0.9975744485855103
Wikipedia,L1,365,awa,0.9176580309867859
Wikipedia,L5,365,hin,0.9981372952461243
Wikipedia,L20,365,hin,0.9966103434562683
Wikipedia,L1,366,hin,0.9991880059242249
Wikipedia,L5,366,hin,0.9991791248321533
Wikipedia,L20,366,hin,0.9973154067993164
Wikipedia,L1,367,hin,0.9851077795028687
Wikipedia,L5,367,hin,0.9981366991996765
Wikipedia,L20,367,hin,0.9987850785255432
Wikipedia,L1,368,hin,0.9935276508331299
Wikipedia,L5,368,hin,0.9987315535545349
Wikipedia,L20,368,hin,0.9993799328804016
Wikipedia,L1,369,hin,0.9998688697814941
Wikipedia,L5,369,hin,0.9997424483299255
Wikipedia,L20,369,hin,0.9995542168617249
Wikipedia,L1,371,hin,0.9997521042823792
Wikipedia,L5,371,hin,0.9976261854171753
Wikipedia,L20,371,hin,0.998951256275177
Wikipedia,L1,373,hin,0.9998313784599304
Wikipedia,L5,373,hin,0.9983631372451782
Wikipedia,L20,373,hin,0.9988409876823425
Wikipedia,L1,375,hin,0.9970378279685974
Wikipedia,L5,375,hin,0.9968478679656982
Wikipedia,L20,375,hin,0.9975954294204712
Wikipedia,L1,376,hin,0.9964473247528076
Wikipedia,L5,376,hin,0.9963014125823975
Wikipedia,L20,376,hin,0.9983742833137512
Wikipedia,L1,379,hin,0.988949179649353
Wikipedia,L5,379,hin,0.9977895617485046
Wikipedia,L20,379,hin,0.9992438554763794
Wikipedia,L1,381,hin,0.9966484308242798
Wikipedia,L5,381,hin,0.998228132724762
Wikipedia,L20,381,hin,0.998024582862854
Wikipedia,L1,383,hin,0.9985913038253784
Wikipedia,L5,383,hin,0.9989314079284668
Wikipedia,L20,383,hin,0.9986729621887207
Wikipedia,L1,384,hin,0.9992898106575012
Wikipedia,L5,384,hin,0.999538779258728
Wikipedia,L20,384,hin,0.9992305040359497
Wikipedia,L1,385,hin,0.9916426539421082
Wikipedia,L5,385,hin,0.9974194169044495
Wikipedia,L20,385,hin,0.997558057308197
Wikipedia,L1,386,hin,0.9913573861122131
Wikipedia,L5,386,hin,0.996277391910553
Wikipedia,L20,386,hin,0.9986428618431091
Wikipedia,L1,388,hin,0.9920719861984253
Wikipedia,L5,388,hin,0.9987414479255676
Wikipedia,L20,388,hin,0.9994547963142395
Wikipedia,L1,392,hin,0.9998791217803955
Wikipedia,L5,392,hin,0.999503493309021
Wikipedia,L20,392,hin,0.9991674423217773
Wikipedia,L1,393,hin,0.9703155755996704
Wikipedia,L5,393,hin,0.9955893158912659
Wikipedia,L20,393,hin,0.9974263906478882
Wikipedia,L1,394,hin,0.9959466457366943
Wikipedia,L5,394,hin,0.9991914629936218
Wikipedia,L20,394,hin,0.9990257024765015
Wikipedia,L1,397,hin,0.9980213642120361
Wikipedia,L5,397,hin,0.9986327886581421
Wikipedia,L20,397,hin,0.999053418636322
Wikipedia,L1,399,hin,0.9873705506324768
Wikipedia,L5,399,hin,0.9894497990608215
Wikipedia,L20,399,hin,0.998833954334259
Wikipedia,L1,402,hin,0.9990898370742798
Wikipedia,L5,402,hin,0.9985993504524231
Wikipedia,L20,402,hin,0.9985439777374268
Wikipedia,L1,403,hin,0.9952640533447266
Wikipedia,L5,403,hin,0.9952337145805359
Wikipedia,L20,403,hin,0.9955807328224182
Wikipedia,L1,411,hin,0.9971877336502075
Wikipedia,L5,411,hin,0.9974818825721741
Wikipedia,L20,411,hin,0.9974640011787415
Wikipedia,L1,412,hin,0.998702347278595
Wikipedia,L5,412,hin,0.9967259168624878
Wikipedia,L20,412,hin,0.9982823133468628
Wikipedia,L1,413,hin,0.9981608986854553
Wikipedia,L5,413,hin,0.999101996421814
Wikipedia,L20,413,hin,0.9985395669937134
Wikipedia,L1,415,hin,0.9945539236068726
Wikipedia,L5,415,hin,0.9957718253135681
Wikipedia,L20,415,hin,0.9984302520751953
Wikipedia,L1,416,hin,0.9994378685951233
Wikipedia,L5,416,hin,0.9984318017959595
Wikipedia,L20,416,hin,0.9980906248092651
Wikipedia,L1,418,hin,0.9991297125816345
Wikipedia,L5,418,hin,0.9990819692611694
Wikipedia,L20,418,hin,0.9991490840911865
Wikipedia,L1,419,hin,0.9978200793266296
Wikipedia,L5,419,hin,0.9993046522140503
Wikipedia,L20,419,hin,0.9991180300712585
Wikipedia,L1,420,hin,0.997892439365387
Wikipedia,L5,420,hin,0.9990680813789368
Wikipedia,L20,420,hin,0.998757004737854
Wikipedia,L1,422,hin,0.9937957525253296
Wikipedia,L5,422,hin,0.9977256059646606
Wikipedia,L20,422,hin,0.9981648325920105
Wikipedia,L1,426,hin,0.9996998310089111
Wikipedia,L5,426,hin,0.9990770220756531
Wikipedia,L20,426,hin,0.9989078044891357
Wikipedia,L1,427,hin,0.9836352467536926
Wikipedia,L5,427,hin,0.996825635433197
Wikipedia,L20,427,hin,0.9988850951194763
Wikipedia,L1,428,hin,0.9980818033218384
Wikipedia,L5,428,hin,0.9984703063964844
Wikipedia,L20,428,hin,0.9988923668861389
Wikipedia,L1,429,hin,0.9884392023086548
Wikipedia,L5,429,hin,0.998741090297699
Wikipedia,L20,429,hin,0.9993171691894531
Wikipedia,L1,430,hin,0.999022364616394
Wikipedia,L5,430,hin,0.9986961483955383
Wikipedia,L20,430,hin,0.9984777569770813
Wikipedia,L1,431,hin,0.9992833733558655
Wikipedia,L5,431,hin,0.9992191195487976
Wikipedia,L20,431,hin,0.9983403086662292
Wikipedia,L1,435,hin,0.9820811152458191
Wikipedia,L5,435,hin,0.9949142932891846
Wikipedia,L20,435,hin,0.9946938157081604
Wikipedia,L1,437,hin,0.9982030987739563
Wikipedia,L5,437,hin,0.9976687431335449
Wikipedia,L20,437,hin,0.9986698627471924
Wikipedia,L1,438,hin,0.987097978591919
Wikipedia,L5,438,hin,0.9805956482887268
Wikipedia,L20,438,hin,0.9957119822502136
Wikipedia,L1,439,hin,0.9932937622070312
Wikipedia,L5,439,hin,0.9988279938697815
Wikipedia,L20,439,hin,0.9994600415229797
Wikipedia,L1,440,hin,0.9991592168807983
Wikipedia,L5,440,hin,0.9989588856697083
Wikipedia,L20,440,hin,0.9986461997032166
Wikipedia,L1,441,hin,0.9899807572364807
Wikipedia,L5,441,hin,0.9985382556915283
Wikipedia,L20,441,hin,0.9991993308067322
Wikipedia,L1,442,hin,0.9790060520172119
Wikipedia,L5,442,hin,0.9932093024253845
Wikipedia,L20,442,hin,0.9970526099205017
Wikipedia,L1,443,hin,0.9618727564811707
Wikipedia,L5,443,hin,0.997999906539917
Wikipedia,L20,443,hin,0.9989610910415649
Wikipedia,L1,445,hin,0.991784930229187
Wikipedia,L5,445,hin,0.9977948069572449
Wikipedia,L20,445,hin,0.9979366064071655
Wikipedia,L1,446,hin,0.7169197201728821
Wikipedia,L5,446,hin,0.9962965250015259
Wikipedia,L20,446,hin,0.9985272288322449
Wikipedia,L1,448,hin,0.9775861501693726
Wikipedia,L5,448,hin,0.9967257976531982
Wikipedia,L20,448,hin,0.9975765943527222
Wikipedia,L1,451,hin,0.9999140501022339
Wikipedia,L5,451,hin,0.9989664554595947
Wikipedia,L20,451,hin,0.9986379146575928
Wikipedia,L1,452,hin,0.9847029447555542
Wikipedia,L5,452,hin,0.992238461971283
Wikipedia,L20,452,hin,0.9931440353393555
Wikipedia,L1,456,hin,0.9960706830024719
Wikipedia,L5,456,hin,0.998490035533905
Wikipedia,L20,456,hin,0.9992149472236633
Wikipedia,L1,457,hin,0.9998272061347961
Wikipedia,L5,457,hin,0.9974854588508606
Wikipedia,L20,457,hin,0.9981862306594849
Wikipedia,L1,460,hin,0.9987109899520874
Wikipedia,L5,460,hin,0.9993386268615723
Wikipedia,L20,460,hin,0.9990773797035217
Wikipedia,L1,461,hin,0.990541398525238
Wikipedia,L5,461,hin,0.9987452626228333
Wikipedia,L20,461,hin,0.9989016652107239
Wikipedia,L1,462,hin,0.9714534282684326
Wikipedia,L5,462,hin,0.9985728859901428
Wikipedia,L20,462,hin,0.9982137680053711
Wikipedia,L1,466,hin,0.9986940026283264
Wikipedia,L5,466,hin,0.9974909424781799
Wikipedia,L20,466,hin,0.9955819845199585
Wikipedia,L1,467,hin,0.9972357153892517
Wikipedia,L5,467,hin,0.9970029592514038
Wikipedia,L20,467,hin,0.9981251955032349
Wikipedia,L1,468,hin,0.9995854496955872
Wikipedia,L5,468,hin,0.9985170960426331
Wikipedia,L20,468,hin,0.9984514117240906
Wikipedia,L1,469,hin,0.9982885122299194
Wikipedia,L5,469,hin,0.9987084865570068
Wikipedia,L20,469,hin,0.9991509914398193
Wikipedia,L1,471,hin,0.9953864812850952
Wikipedia,L5,471,hin,0.9989778995513916
Wikipedia,L20,471,hin,0.9995217323303223
Wikipedia,L1,474,hin,0.9948446750640869
Wikipedia,L5,474,hin,0.997887134552002
Wikipedia,L20,474,hin,0.9970999956130981
Wikipedia,L1,475,hin,0.994688868522644
Wikipedia,L5,475,hin,0.9981498718261719
Wikipedia,L20,475,hin,0.9966579079627991
Wikipedia,L1,476,hin,0.9973554015159607
Wikipedia,L5,476,hin,0.9967876076698303
Wikipedia,L20,476,hin,0.9990531802177429
Wikipedia,L1,477,hin,0.9982472658157349
Wikipedia,L5,477,hin,0.9990754723548889
Wikipedia,L20,477,hin,0.9988999962806702
Wikipedia,L1,480,hin,0.9983096718788147
Wikipedia,L5,480,hin,0.9992617964744568
Wikipedia,L20,480,hin,0.9992782473564148
Wikipedia,L1,482,hin,0.9994621872901917
Wikipedia,L5,482,hin,0.9980461001396179
Wikipedia,L20,482,hin,0.9988403916358948
Wikipedia,L1,483,hin,0.9988616704940796
Wikipedia,L5,483,hin,0.9977347254753113
Wikipedia,L20,483,hin,0.9992501735687256
Wikipedia,L1,485,hin,0.9983084797859192
Wikipedia,L5,485,hin,0.9959082007408142
Wikipedia,L20,485,hin,0.9975786805152893
Wikipedia,L1,486,hin,0.988673746585846
Wikipedia,L5,486,hin,0.9977583289146423
Wikipedia,L20,486,hin,0.998372495174408
Wikipedia,L1,487,hin,0.9959741830825806
Wikipedia,L5,487,hin,0.9987801909446716
Wikipedia,L20,487,hin,0.999181866645813
Wikipedia,L1,488,hin,0.9990286827087402
Wikipedia,L5,488,hin,0.9978539943695068
Wikipedia,L20,488,hin,0.998202383518219
Wikipedia,L1,490,hin,0.9966121912002563
Wikipedia,L5,490,hin,0.9987173080444336
Wikipedia,L20,490,hin,0.9988107681274414
Wikipedia,L1,493,hin,0.9942529797554016
Wikipedia,L5,493,hin,0.9957312345504761
Wikipedia,L20,493,hin,0.9962727427482605
Wikipedia,L1,495,hin,0.9955101609230042
Wikipedia,L5,495,hin,0.997747540473938
Wikipedia,L20,495,hin,0.9986409544944763
Wikipedia,L1,496,hin,0.987657904624939
Wikipedia,L5,496,hin,0.9970380663871765
Wikipedia,L20,496,hin,0.9986076951026917
Wikipedia,L1,497,hin,0.9949134588241577
Wikipedia,L5,497,hin,0.9964528679847717
Wikipedia,L20,497,hin,0.9967037439346313
Wikipedia,L1,498,hin,0.9984660148620605
Wikipedia,L5,498,hin,0.9965660572052002
Wikipedia,L20,498,hin,0.9984847903251648
Wikipedia,L1,502,hin,0.9989475607872009
Wikipedia,L5,502,hin,0.9985393285751343
Wikipedia,L20,502,hin,0.9990899562835693
Wikipedia,L1,503,hin,0.9962009191513062
Wikipedia,L5,503,hin,0.9970555901527405
Wikipedia,L20,503,hin,0.9964843392372131
Wikipedia,L1,505,hin,0.989460289478302
Wikipedia,L5,505,hin,0.9981760382652283
Wikipedia,L20,505,hin,0.9988804459571838
Wikipedia,L1,507,hin,0.9990517497062683
Wikipedia,L5,507,hin,0.999413251876831
Wikipedia,L20,507,hin,0.999474823474884
Wikipedia,L1,509,hin,0.9996738433837891
Wikipedia,L5,509,hin,0.9992505311965942
Wikipedia,L20,509,hin,0.9989964365959167
Wikipedia,L1,511,hin,0.9995005130767822
Wikipedia,L5,511,hin,0.9962786436080933
Wikipedia,L20,511,hin,0.997859001159668
Wikipedia,L1,512,hin,0.9768009185791016
Wikipedia,L5,512,hin,0.9937030076980591
Wikipedia,L20,512,hin,0.9960882067680359
Wikipedia,L1,515,hin,0.9998045563697815
Wikipedia,L5,515,hin,0.9963712096214294
Wikipedia,L20,515,hin,0.9983333945274353
Wikipedia,L1,517,hin,0.9939979314804077
Wikipedia,L5,517,hin,0.9957097768783569
Wikipedia,L20,517,hin,0.9978129267692566
Wikipedia,L1,520,hin,0.9838367104530334
Wikipedia,L5,520,hin,0.997596025466919
Wikipedia,L20,520,hin,0.9983343482017517
Wikipedia,L1,522,hin,0.9969301223754883
Wikipedia,L5,522,hin,0.9967707991600037
Wikipedia,L20,522,hin,0.9990359544754028
Wikipedia,L1,527,hin,0.9563388824462891
Wikipedia,L5,527,hin,0.9968169927597046
Wikipedia,L20,527,hin,0.997018039226532
Wikipedia,L1,528,hin,0.9994884133338928
Wikipedia,L5,528,hin,0.9988067150115967
Wikipedia,L20,528,hin,0.9992287158966064
Wikipedia,L1,530,hin,0.9982914924621582
Wikipedia,L5,530,hin,0.9987947344779968
Wikipedia,L20,530,hin,0.9990175366401672
Wikipedia,L1,531,hin,0.9763529896736145
Wikipedia,L5,531,hin,0.9991579055786133
Wikipedia,L20,531,hin,0.9992756247520447
Wikipedia,L1,532,hin,0.9995005130767822
Wikipedia,L5,532,hin,0.9984037280082703
Wikipedia,L20,532,hin,0.9986885190010071
Wikipedia,L1,533,hin,0.999666690826416
Wikipedia,L5,533,hin,0.9992081522941589
Wikipedia,L20,533,hin,0.998565137386322
Wikipedia,L1,534,hin,0.9995136260986328
Wikipedia,L5,534,hin,0.9970285892486572
Wikipedia,L20,534,hin,0.9973756670951843
Wikipedia,L1,535,hin,0.9905669689178467
Wikipedia,L5,535,hin,0.9970260858535767
Wikipedia,L20,535,hin,0.997065544128418
Wikipedia,L1,536,hin,0.9936036467552185
Wikipedia,L5,536,hin,0.9924623370170593
Wikipedia,L20,536,hin,0.9973098635673523
Wikipedia,L1,537,hin,0.9941563606262207
Wikipedia,L5,537,hin,0.9980044364929199
Wikipedia,L20,537,hin,0.9972800612449646
Wikipedia,L1,538,hin,0.9996852874755859
Wikipedia,L5,538,hin,0.9978386759757996
Wikipedia,L20,538,hin,0.9964457750320435
Wikipedia,L1,539,hin,0.9935951828956604
Wikipedia,L5,539,hin,0.99563068151474
Wikipedia,L20,539,hin,0.994861900806427
Wikipedia,L1,540,hin,0.9989806413650513
Wikipedia,L5,540,hin,0.9980518817901611
Wikipedia,L20,540,hin,0.9987933039665222
Wikipedia,L1,541,hin,0.9896432161331177
Wikipedia,L5,541,hin,0.9961673617362976
Wikipedia,L20,541,hin,0.9984704256057739
Wikipedia,L1,543,hin,0.9208055734634399
Wikipedia,L5,543,hin,0.9889596700668335
Wikipedia,L20,543,hin,0.9921107888221741
Wikipedia,L1,544,hin,0.9875032901763916
Wikipedia,L5,544,hin,0.9985426664352417
Wikipedia,L20,544,hin,0.9978095889091492
Wikipedia,L1,545,hin,0.9684848189353943
Wikipedia,L5,545,hin,0.9973196983337402
Wikipedia,L20,545,hin,0.9982325434684753
Wikipedia,L1,546,hin,0.9963698983192444
Wikipedia,L5,546,hin,0.9970981478691101
Wikipedia,L20,546,hin,0.9982141256332397
Wikipedia,L1,548,hin,0.9987327456474304
Wikipedia,L5,548,hin,0.9972352981567383
Wikipedia,L20,548,hin,0.9984137415885925
Wikipedia,L1,549,hin,0.9972802996635437
Wikipedia,L5,549,hin,0.9987041354179382
Wikipedia,L20,549,hin,0.9990339279174805
Wikipedia,L1,550,hin,0.9993804097175598
Wikipedia,L5,550,hin,0.9994301795959473
Wikipedia,L20,550,hin,0.999332070350647
Wikipedia,L1,553,hin,0.997857928276062
Wikipedia,L5,553,hin,0.9985653758049011
Wikipedia,L20,553,hin,0.9987702369689941
Wikipedia,L1,555,hin,0.980051577091217
Wikipedia,L5,555,hin,0.999045729637146
Wikipedia,L20,555,hin,0.9985405206680298
Wikipedia,L1,556,hin,0.9973400831222534
Wikipedia,L5,556,hin,0.9968633055686951
Wikipedia,L20,556,hin,0.997162938117981
Wikipedia,L1,557,hin,0.995766818523407
Wikipedia,L5,557,hin,0.9956828951835632
Wikipedia,L20,557,hin,0.997204065322876
Wikipedia,L1,559,hin,0.9780795574188232
Wikipedia,L5,559,hin,0.9915491938591003
Wikipedia,L20,559,hin,0.9957094192504883
Wikipedia,L1,560,hin,0.9981749653816223
Wikipedia,L5,560,hin,0.9954819679260254
Wikipedia,L20,560,hin,0.9938042163848877
Wikipedia,L1,563,hin,0.9975597262382507
Wikipedia,L5,563,hin,0.9991428256034851
Wikipedia,L20,563,hin,0.9994582533836365
Wikipedia,L1,566,hin,0.9993806481361389
Wikipedia,L5,566,hin,0.9990689158439636
Wikipedia,L20,566,hin,0.999314546585083
Wikipedia,L1,569,hin,0.9975999593734741
Wikipedia,L5,569,hin,0.9988703727722168
Wikipedia,L20,569,hin,0.9985712170600891
Wikipedia,L1,570,hin,0.9882662892341614
Wikipedia,L5,570,hin,0.9921552538871765
Wikipedia,L20,570,hin,0.9978148341178894
Wikipedia,L1,571,hin,0.9959591627120972
Wikipedia,L5,571,hin,0.9981377720832825
Wikipedia,L20,571,hin,0.9970886707305908
Wikipedia,L1,572,hin,0.993124783039093
Wikipedia,L5,572,hin,0.9933502078056335
Wikipedia,L20,572,hin,0.9953733682632446
Wikipedia,L1,573,hin,0.9779128432273865
Wikipedia,L5,573,hin,0.9940335154533386
Wikipedia,L20,573,hin,0.9932450652122498
Wikipedia,L1,574,hin,0.9943057894706726
Wikipedia,L5,574,hin,0.996886134147644
Wikipedia,L20,574,hin,0.9981076121330261
Wikipedia,L1,577,hin,0.9945175051689148
Wikipedia,L5,577,hin,0.9974335432052612
Wikipedia,L20,577,hin,0.9983121156692505
Wikipedia,L1,578,hin,0.9483741521835327
Wikipedia,L5,578,hin,0.9972832798957825
Wikipedia,L20,578,hin,0.9985163807868958
Wikipedia,L1,582,hin,0.9969926476478577
Wikipedia,L5,582,hin,0.9979983568191528
Wikipedia,L20,582,hin,0.9974421858787537
Wikipedia,L1,583,hin,0.9993090629577637
Wikipedia,L5,583,hin,0.9974866509437561
Wikipedia,L20,583,hin,0.9984719753265381
Wikipedia,L1,584,hin,0.9973636865615845
Wikipedia,L5,584,hin,0.9955369830131531
Wikipedia,L20,584,hin,0.9981985688209534
Wikipedia,L1,585,hin,0.9985590577125549
Wikipedia,L5,585,hin,0.9986507296562195
Wikipedia,L20,585,hin,0.9991376996040344
Wikipedia,L1,589,hin,0.9929046034812927
Wikipedia,L5,589,hin,0.995741069316864
Wikipedia,L20,589,hin,0.9978587627410889
Wikipedia,L1,590,hin,0.9903993010520935
Wikipedia,L5,590,hin,0.9957451820373535
Wikipedia,L20,590,hin,0.9974414706230164
Wikipedia,L1,592,hin,0.9754776358604431
Wikipedia,L5,592,hin,0.9972084760665894
Wikipedia,L20,592,hin,0.9977465867996216
Wikipedia,L1,593,hin,0.9988308548927307
Wikipedia,L5,593,hin,0.9989474415779114
Wikipedia,L20,593,hin,0.9988037347793579
Wikipedia,L1,596,hin,0.9997960925102234
Wikipedia,L5,596,hin,0.9975665807723999
Wikipedia,L20,596,hin,0.9979053735733032
Wikipedia,L1,597,hin,0.9346201419830322
Wikipedia,L5,597,hin,0.9975336194038391
Wikipedia,L20,597,hin,0.9955223202705383
Wikipedia,L1,598,hin,0.9978654980659485
Wikipedia,L5,598,hin,0.9970327019691467
Wikipedia,L20,598,hin,0.9969677925109863
Wikipedia,L1,601,hin,0.9939039349555969
Wikipedia,L5,601,hin,0.9958020448684692
Wikipedia,L20,601,hin,0.9970440864562988
Wikipedia,L1,602,hin,0.9982635378837585
Wikipedia,L5,602,hin,0.9989425539970398
Wikipedia,L20,602,hin,0.9982812404632568
Wikipedia,L1,603,hin,0.9970502257347107
Wikipedia,L5,603,hin,0.9878596663475037
Wikipedia,L20,603,hin,0.9905329346656799
Wikipedia,L1,605,hin,0.9827644228935242
Wikipedia,L5,605,hin,0.9982026219367981
Wikipedia,L20,605,hin,0.9986940026283264
Wikipedia,L1,607,hin,0.9980102181434631
Wikipedia,L5,607,hin,0.9989535212516785
Wikipedia,L20,607,hin,0.9992799162864685
Wikipedia,L1,608,hin,0.9479976296424866
Wikipedia,L5,608,hin,0.9971796870231628
Wikipedia,L20,608,hin,0.9985933303833008
Wikipedia,L1,611,hin,0.9955652356147766
Wikipedia,L5,611,hin,0.9970009326934814
Wikipedia,L20,611,hin,0.9987281560897827
Wikipedia,L1,614,hin,0.9748754501342773
Wikipedia,L5,614,hin,0.9956544637680054
Wikipedia,L20,614,hin,0.997613251209259
Wikipedia,L1,615,hin,0.9826608300209045
Wikipedia,L5,615,hin,0.9980682730674744
Wikipedia,L20,615,hin,0.9986615777015686
Wikipedia,L1,616,hin,0.9945566654205322
Wikipedia,L5,616,hin,0.9984328746795654
Wikipedia,L20,616,hin,0.9973171949386597
Wikipedia,L1,621,hin,0.9977744817733765
Wikipedia,L5,621,hin,0.9989383816719055
Wikipedia,L20,621,hin,0.9991101026535034
Wikipedia,L1,623,hin,0.9930617809295654
Wikipedia,L5,623,hin,0.9935137629508972
Wikipedia,L20,623,hin,0.9967830777168274
Wikipedia,L1,625,hin,0.9882398843765259
Wikipedia,L5,625,hin,0.9958326816558838
Wikipedia,L20,625,hin,0.9980980753898621
Wikipedia,L1,626,hin,0.9865931868553162
Wikipedia,L5,626,hin,0.9936761260032654
Wikipedia,L20,626,hin,0.998040497303009
Wikipedia,L1,631,hin,0.9974700808525085
Wikipedia,L5,631,hin,0.9989715814590454
Wikipedia,L20,631,hin,0.9989078044891357
Wikipedia,L1,634,hin,0.9971809983253479
Wikipedia,L5,634,hin,0.9980137944221497
Wikipedia,L20,634,hin,0.9986427426338196
Wikipedia,L1,635,hin,0.9972789883613586
Wikipedia,L5,635,hin,0.9981557130813599
Wikipedia,L20,635,hin,0.9981643557548523
Wikipedia,L1,638,hin,0.9993636012077332
Wikipedia,L5,638,hin,0.9989081621170044
Wikipedia,L20,638,hin,0.9986387491226196
Wikipedia,L1,640,hin,0.9380886554718018
Wikipedia,L5,640,hin,0.9865320324897766
Wikipedia,L20,640,hin,0.9966874122619629
Wikipedia,L1,641,hin,0.9989444613456726
Wikipedia,L5,641,hin,0.997608482837677
Wikipedia,L20,641,hin,0.998318076133728
Wikipedia,L1,642,hin,0.9913720488548279
Wikipedia,L5,642,hin,0.9952821135520935
Wikipedia,L20,642,hin,0.9971665143966675
Wikipedia,L1,643,hin,0.9817730784416199
Wikipedia,L5,643,hin,0.9978538751602173
Wikipedia,L20,643,hin,0.999096155166626
Wikipedia,L1,644,hin,0.9940072298049927
Wikipedia,L5,644,hin,0.999296247959137
Wikipedia,L20,644,hin,0.9978247880935669
Wikipedia,L1,646,hin,0.9964528679847717
Wikipedia,L5,646,hin,0.9989494681358337
Wikipedia,L20,646,hin,0.9990777373313904
Wikipedia,L1,649,hin,0.9998180270195007
Wikipedia,L5,649,hin,0.9967322945594788
Wikipedia,L20,649,hin,0.997953474521637
Wikipedia,L1,652,hin,0.9839693903923035
Wikipedia,L5,652,hin,0.9927480816841125
Wikipedia,L20,652,hin,0.996772289276123
Wikipedia,L1,654,hin,0.992088258266449
Wikipedia,L5,654,hin,0.9953423142433167
Wikipedia,L20,654,hin,0.9980014562606812
Wikipedia,L1,656,hin,0.9943885207176208
Wikipedia,L5,656,hin,0.9975048303604126
Wikipedia,L20,656,hin,0.9962140917778015
Wikipedia,L1,659,hin,0.9921268820762634
Wikipedia,L5,659,hin,0.9924747943878174
Wikipedia,L20,659,hin,0.9983038306236267
Wikipedia,L1,660,hin,0.9973344802856445
Wikipedia,L5,660,hin,0.9977504014968872
Wikipedia,L20,660,hin,0.9977564215660095
Wikipedia,L1,661,hin,0.9990929365158081
Wikipedia,L5,661,hin,0.9965782165527344
Wikipedia,L20,661,hin,0.9989199638366699
Wikipedia,L1,663,hin,0.9942639470100403
Wikipedia,L5,663,hin,0.9988400340080261
Wikipedia,L20,663,hin,0.998929500579834
Wikipedia,L1,665,hin,0.9691060781478882
Wikipedia,L5,665,hin,0.9972838759422302
Wikipedia,L20,665,hin,0.9978695511817932
Wikipedia,L1,666,hin,0.9994293451309204
Wikipedia,L5,666,hin,0.999436616897583
Wikipedia,L20,666,hin,0.9989640712738037
Wikipedia,L1,667,hin,0.9989469647407532
Wikipedia,L5,667,hin,0.9990052580833435
Wikipedia,L20,667,hin,0.9982813596725464
Wikipedia,L1,669,hin,0.9989522099494934
Wikipedia,L5,669,hin,0.9981906414031982
Wikipedia,L20,669,hin,0.9987183809280396
Wikipedia,L1,670,hin,0.9767880439758301
Wikipedia,L5,670,hin,0.99434494972229
Wikipedia,L20,670,hin,0.9979171752929688
Wikipedia,L1,671,hin,0.9952314496040344
Wikipedia,L5,671,hin,0.9982582330703735
Wikipedia,L20,671,hin,0.9981012940406799
Wikipedia,L1,672,hin,0.9986244440078735
Wikipedia,L5,672,hin,0.998974084854126
Wikipedia,L20,672,hin,0.9988166093826294
Wikipedia,L1,673,hin,0.9630513191223145
Wikipedia,L5,673,hin,0.9951505661010742
Wikipedia,L20,673,hin,0.9974697232246399
Wikipedia,L1,674,hin,0.9974167943000793
Wikipedia,L5,674,hin,0.997242271900177
Wikipedia,L20,674,hin,0.9957252144813538
Wikipedia,L1,677,hin,0.9998056292533875
Wikipedia,L5,677,hin,0.998221755027771
Wikipedia,L20,677,hin,0.9987967610359192
Wikipedia,L1,678,hin,0.9931824803352356
Wikipedia,L5,678,hin,0.9980859756469727
Wikipedia,L20,678,hin,0.9987866282463074
Wikipedia,L1,679,hin,0.97891765832901
Wikipedia,L5,679,hin,0.9990451335906982
Wikipedia,L20,679,hin,0.9983003735542297
Wikipedia,L1,683,hin,0.9985728859901428
Wikipedia,L5,683,hin,0.9983152151107788
Wikipedia,L20,683,hin,0.9984239339828491
Wikipedia,L1,684,hin,0.9946190118789673
Wikipedia,L5,684,hin,0.9988023042678833
Wikipedia,L20,684,hin,0.9986358880996704
Wikipedia,L1,685,hin,0.9993951320648193
Wikipedia,L5,685,hin,0.9989411234855652
Wikipedia,L20,685,hin,0.9991486072540283
Wikipedia,L1,688,hin,0.9948774576187134
Wikipedia,L5,688,hin,0.99796062707901
Wikipedia,L20,688,hin,0.9979272484779358
Wikipedia,L1,692,hin,0.999012291431427
Wikipedia,L5,692,hin,0.9990237951278687
Wikipedia,L20,692,hin,0.9982906579971313
Wikipedia,L1,693,hin,0.981783926486969
Wikipedia,L5,693,hin,0.9987990260124207
Wikipedia,L20,693,hin,0.9990646243095398
Wikipedia,L1,697,hin,0.9887939691543579
Wikipedia,L5,697,hin,0.9982753396034241
Wikipedia,L20,697,hin,0.9989473223686218
Wikipedia,L1,698,hin,0.9995786547660828
Wikipedia,L5,698,hin,0.9991458058357239
Wikipedia,L20,698,hin,0.9984079003334045
Wikipedia,L1,701,hin,0.9799101948738098
Wikipedia,L5,701,hin,0.9980717301368713
Wikipedia,L20,701,hin,0.9992755055427551
Wikipedia,L1,703,hin,0.8032208681106567
Wikipedia,L5,703,hin,0.9948107004165649
Wikipedia,L20,703,hin,0.9969399571418762
Wikipedia,L1,705,hin,0.9987331032752991
Wikipedia,L5,705,hin,0.9980382323265076
Wikipedia,L20,705,hin,0.9985909461975098
Wikipedia,L1,707,hin,0.9927965998649597
Wikipedia,L5,707,hin,0.9944011569023132
Wikipedia,L20,707,hin,0.9950228333473206
Wikipedia,L1,709,hin,0.9994859099388123
Wikipedia,L5,709,hin,0.9979711771011353
Wikipedia,L20,709,hin,0.9973622560501099
Wikipedia,L1,710,hin,0.9974647164344788
Wikipedia,L5,710,hin,0.9989663362503052
Wikipedia,L20,710,hin,0.9990131258964539
Wikipedia,L1,711,hin,0.9649050235748291
Wikipedia,L5,711,hin,0.9944287538528442
Wikipedia,L20,711,hin,0.998145580291748
Wikipedia,L1,712,hin,0.9997038841247559
Wikipedia,L5,712,hin,0.9979742765426636
Wikipedia,L20,712,hin,0.998155951499939
Wikipedia,L1,713,hin,0.9951062798500061
Wikipedia,L5,713,hin,0.9985588192939758
Wikipedia,L20,713,hin,0.9988802075386047
Wikipedia,L1,714,hin,0.9959855675697327
Wikipedia,L5,714,hin,0.9989234209060669
Wikipedia,L20,714,hin,0.9983572959899902
Wikipedia,L1,715,hin,0.9952020645141602
Wikipedia,L5,715,hin,0.9923327565193176
Wikipedia,L20,715,hin,0.9983197450637817
Wikipedia,L1,716,hin,0.9816710948944092
Wikipedia,L5,716,hin,0.9976768493652344
Wikipedia,L20,716,hin,0.9962309002876282
Wikipedia,L1,718,hin,0.8663551807403564
Wikipedia,L5,718,hin,0.9369247555732727
Wikipedia,L20,718,hin,0.9526981711387634
Wikipedia,L1,719,hin,0.9990025162696838
Wikipedia,L5,719,hin,0.9989549517631531
Wikipedia,L20,719,hin,0.9984932541847229
Wikipedia,L1,723,hin,0.9467756748199463
Wikipedia,L5,723,hin,0.9967501759529114
Wikipedia,L20,723,hin,0.9969399571418762
Wikipedia,L1,729,hin,0.995516300201416
Wikipedia,L5,729,hin,0.9975529909133911
Wikipedia,L20,729,hin,0.9983459115028381
Wikipedia,L1,730,hin,0.9912598133087158
Wikipedia,L5,730,hin,0.9979755878448486
Wikipedia,L20,730,hin,0.9986564517021179
Wikipedia,L1,731,hin,0.9975024461746216
Wikipedia,L5,731,hin,0.9998106360435486
Wikipedia,L20,731,hin,0.999500036239624
Wikipedia,L1,733,hin,0.9995726943016052
Wikipedia,L5,733,hin,0.9989199638366699
Wikipedia,L20,733,hin,0.9995136260986328
Wikipedia,L1,737,hin,0.9951562285423279
Wikipedia,L5,737,hin,0.9964079856872559
Wikipedia,L20,737,hin,0.9983404278755188
Wikipedia,L1,740,hin,0.9985388517379761
Wikipedia,L5,740,hin,0.9972264766693115
Wikipedia,L20,740,hin,0.9991486072540283
Wikipedia,L1,741,hin,0.9979589581489563
Wikipedia,L5,741,hin,0.9980750679969788
Wikipedia,L20,741,hin,0.9988296627998352
Wikipedia,L1,742,hin,0.9987030625343323
Wikipedia,L5,742,hin,0.9975471496582031
Wikipedia,L20,742,hin,0.997465193271637
Wikipedia,L1,743,hin,0.9925399422645569
Wikipedia,L5,743,hin,0.9891990423202515
Wikipedia,L20,743,hin,0.9943897128105164
Wikipedia,L1,744,hin,0.9074247479438782
Wikipedia,L5,744,hin,0.9987244606018066
Wikipedia,L20,744,hin,0.9988594055175781
Wikipedia,L1,746,hin,0.9993475079536438
Wikipedia,L5,746,hin,0.9978452324867249
Wikipedia,L20,746,hin,0.9984681606292725
Wikipedia,L1,750,hin,0.9987664222717285
Wikipedia,L5,750,hin,0.9978063106536865
Wikipedia,L20,750,hin,0.9984623193740845
Wikipedia,L1,751,hin,0.999752938747406
Wikipedia,L5,751,hin,0.9958624839782715
Wikipedia,L20,751,hin,0.9969542622566223
Wikipedia,L1,752,hin,0.9957343339920044
Wikipedia,L5,752,hin,0.9983949661254883
Wikipedia,L20,752,hin,0.9971919059753418
Wikipedia,L1,753,hin,0.9971147179603577
Wikipedia,L5,753,hin,0.9989474415779114
Wikipedia,L20,753,hin,0.9983490705490112
Wikipedia,L1,755,hin,0.9967010021209717
Wikipedia,L5,755,hin,0.9988852143287659
Wikipedia,L20,755,hin,0.9992562532424927
Wikipedia,L1,756,hin,0.9746420383453369
Wikipedia,L5,756,hin,0.9947172403335571
Wikipedia,L20,756,hin,0.9984676837921143
Wikipedia,L1,760,hin,0.993556797504425
Wikipedia,L5,760,hin,0.9973877668380737
Wikipedia,L20,760,hin,0.9969267845153809
Wikipedia,L1,761,hin,0.9820772409439087
Wikipedia,L5,761,hin,0.997729480266571
Wikipedia,L20,761,hin,0.9969682693481445
Wikipedia,L1,762,hin,0.999485433101654
Wikipedia,L5,762,hin,0.9987995028495789
Wikipedia,L20,762,hin,0.9992842078208923
Wikipedia,L1,763,hin,0.9989002346992493
Wikipedia,L5,763,hin,0.9986212253570557
Wikipedia,L20,763,hin,0.9989800453186035
Wikipedia,L1,768,hin,0.9931589961051941
Wikipedia,L5,768,hin,0.9981136322021484
Wikipedia,L20,768,hin,0.9983625411987305
Wikipedia,L1,770,hin,0.9997126460075378
Wikipedia,L5,770,hin,0.9992700219154358
Wikipedia,L20,770,hin,0.9996333122253418
Wikipedia,L1,771,hin,0.9969496726989746
Wikipedia,L5,771,hin,0.9987828135490417
Wikipedia,L20,771,hin,0.997115433216095
Wikipedia,L1,773,hin,0.9963114261627197
Wikipedia,L5,773,hin,0.9985300898551941
Wikipedia,L20,773,hin,0.9988289475440979
Wikipedia,L1,775,hin,0.9621706604957581
Wikipedia,L5,775,hin,0.9934968948364258
Wikipedia,L20,775,hin,0.9990421533584595
Wikipedia,L1,776,hin,0.9928778409957886
Wikipedia,L5,776,hin,0.9964901804924011
Wikipedia,L20,776,hin,0.9987911581993103
Wikipedia,L1,777,hin,0.9963385462760925
Wikipedia,L5,777,hin,0.9976967573165894
Wikipedia,L20,777,hin,0.9985860586166382
Wikipedia,L1,779,hin,0.9993976354598999
Wikipedia,L5,779,hin,0.9989050030708313
Wikipedia,L20,779,hin,0.9985573887825012
Wikipedia,L1,780,hin,0.9997590184211731
Wikipedia,L5,780,hin,0.9997537732124329
Wikipedia,L20,780,hin,0.9993802905082703
Wikipedia,L1,781,hin,0.9985005855560303
Wikipedia,L5,781,hin,0.9960516691207886
Wikipedia,L20,781,hin,0.9977700710296631
Wikipedia,L1,782,hin,0.6811577081680298
Wikipedia,L5,782,hin,0.9984839558601379
Wikipedia,L20,782,hin,0.9984137415885925
Wikipedia,L1,783,hin,0.9938040971755981
Wikipedia,L5,783,hin,0.9975041151046753
Wikipedia,L20,783,hin,0.9985684752464294
Wikipedia,L1,785,hin,0.9335646033287048
Wikipedia,L5,785,hin,0.9969976544380188
Wikipedia,L20,785,hin,0.9983172416687012
Wikipedia,L1,787,hin,0.9829566478729248
Wikipedia,L5,787,hin,0.995116114616394
Wikipedia,L20,787,hin,0.9970560669898987
Wikipedia,L1,789,hin,0.9990943670272827
Wikipedia,L5,789,hin,0.9988850951194763
Wikipedia,L20,789,hin,0.9983050227165222
Wikipedia,L1,790,hin,0.9708216786384583
Wikipedia,L5,790,hin,0.9903437495231628
Wikipedia,L20,790,hin,0.9943901896476746
Wikipedia,L1,791,hin,0.9972724914550781
Wikipedia,L5,791,hin,0.9891634583473206
Wikipedia,L20,791,hin,0.9984127879142761
Wikipedia,L1,792,hin,0.9943462014198303
Wikipedia,L5,792,hin,0.9968377947807312
Wikipedia,L20,792,hin,0.9962247014045715
Wikipedia,L1,793,hin,0.9522596597671509
Wikipedia,L5,793,hin,0.9883964657783508
Wikipedia,L20,793,hin,0.9935857653617859
Wikipedia,L1,795,new,0.9132225513458252
Wikipedia,L5,795,hin,0.9919425845146179
Wikipedia,L20,795,hin,0.9989399313926697
Wikipedia,L1,796,hin,0.9999080896377563
Wikipedia,L5,796,hin,0.9976470470428467
Wikipedia,L20,796,hin,0.9981766939163208
Wikipedia,L1,797,hin,0.9551006555557251
Wikipedia,L5,797,hin,0.9973649978637695
Wikipedia,L20,797,hin,0.9961065649986267
Wikipedia,L1,799,hin,0.9989205598831177
Wikipedia,L5,799,hin,0.9969038963317871
Wikipedia,L20,799,hin,0.997469961643219
Wikipedia,L1,803,hin,0.9996533393859863
Wikipedia,L5,803,hin,0.9991338849067688
Wikipedia,L20,803,hin,0.9988330006599426
Wikipedia,L1,805,hin,0.9999080896377563
Wikipedia,L5,805,hin,0.9995481967926025
Wikipedia,L20,805,hin,0.9987795948982239
Wikipedia,L1,806,hin,0.998760461807251
Wikipedia,L5,806,hin,0.9985373020172119
Wikipedia,L20,806,hin,0.9986458420753479
Wikipedia,L1,808,hin,0.9993376731872559
Wikipedia,L5,808,hin,0.9972389340400696
Wikipedia,L20,808,hin,0.9984984397888184
Wikipedia,L1,811,hin,0.9961237907409668
Wikipedia,L5,811,hin,0.9992208480834961
Wikipedia,L20,811,hin,0.9989752769470215
Wikipedia,L1,813,hin,0.9996127486228943
Wikipedia,L5,813,hin,0.9987979531288147
Wikipedia,L20,813,hin,0.9991081953048706
Wikipedia,L1,815,hin,0.9962378740310669
Wikipedia,L5,815,hin,0.9979583621025085
Wikipedia,L20,815,hin,0.997382640838623
Wikipedia,L1,816,hin,0.9994287490844727
Wikipedia,L5,816,hin,0.9983599185943604
Wikipedia,L20,816,hin,0.9985065460205078
Wikipedia,L1,817,hin,0.9995923638343811
Wikipedia,L5,817,hin,0.9985901117324829
Wikipedia,L20,817,hin,0.9978501796722412
Wikipedia,L1,820,hin,0.9939047694206238
Wikipedia,L5,820,hin,0.9832241535186768
Wikipedia,L20,820,hin,0.9926621317863464
Wikipedia,L1,821,hin,0.9807313680648804
Wikipedia,L5,821,hin,0.9990355968475342
Wikipedia,L20,821,hin,0.9982703328132629
Wikipedia,L1,822,hin,0.9951686263084412
Wikipedia,L5,822,hin,0.997759997844696
Wikipedia,L20,822,hin,0.9992071986198425
Wikipedia,L1,823,hin,0.9939100742340088
Wikipedia,L5,823,hin,0.998810887336731
Wikipedia,L20,823,hin,0.9993212223052979
Wikipedia,L1,825,hin,0.999874472618103
Wikipedia,L5,825,hin,0.9993608593940735
Wikipedia,L20,825,hin,0.9992089867591858
Wikipedia,L1,827,hin,0.9983413815498352
Wikipedia,L5,827,hin,0.9980322122573853
Wikipedia,L20,827,hin,0.9987610578536987
Wikipedia,L1,829,hin,0.9761789441108704
Wikipedia,L5,829,hin,0.9984886050224304
Wikipedia,L20,829,hin,0.9985982775688171
Wikipedia,L1,830,hin,0.9993641972541809
Wikipedia,L5,830,hin,0.9992715716362
Wikipedia,L20,830,hin,0.9993182420730591
Wikipedia,L1,832,hin,0.9867148399353027
Wikipedia,L5,832,hin,0.9948291182518005
Wikipedia,L20,832,hin,0.9984378814697266
Wikipedia,L1,834,hin,0.9997804760932922
Wikipedia,L5,834,hin,0.9987366795539856
Wikipedia,L20,834,hin,0.9983266592025757
Wikipedia,L1,835,hin,0.9579888582229614
Wikipedia,L5,835,hin,0.9949670433998108
Wikipedia,L20,835,hin,0.9976235628128052
Wikipedia,L1,838,hin,0.9932842254638672
Wikipedia,L5,838,hin,0.9994871020317078
Wikipedia,L20,838,hin,0.9994950294494629
Wikipedia,L1,840,hin,0.9910113215446472
Wikipedia,L5,840,hin,0.9986661672592163
Wikipedia,L20,840,hin,0.9988852143287659
Wikipedia,L1,841,hin,0.9998151659965515
Wikipedia,L5,841,hin,0.9981022477149963
Wikipedia,L20,841,hin,0.9986522793769836
Wikipedia,L1,842,hin,0.9914456009864807
Wikipedia,L5,842,hin,0.9992595314979553
Wikipedia,L20,842,hin,0.998020589351654
Wikipedia,L1,843,hin,0.9942734837532043
Wikipedia,L5,843,hin,0.9985885620117188
Wikipedia,L20,843,hin,0.998566210269928
Wikipedia,L1,844,hin,0.9939112663269043
Wikipedia,L5,844,hin,0.9973349571228027
Wikipedia,L20,844,hin,0.9980212450027466
Wikipedia,L1,845,hin,0.9975417852401733
Wikipedia,L5,845,hin,0.9969500303268433
Wikipedia,L20,845,hin,0.9985244870185852
Wikipedia,L1,847,hin,0.9998496770858765
Wikipedia,L5,847,hin,0.9992467164993286
Wikipedia,L20,847,hin,0.9992838501930237
Wikipedia,L1,849,hin,0.9988199472427368
Wikipedia,L5,849,hin,0.9991913437843323
Wikipedia,L20,849,hin,0.9983739256858826
Wikipedia,L1,850,hin,0.9729499220848083
Wikipedia,L5,850,hin,0.9925373792648315
Wikipedia,L20,850,hin,0.9938715696334839
Wikipedia,L1,851,hin,0.9953789114952087
Wikipedia,L5,851,hin,0.9995076656341553
Wikipedia,L20,851,hin,0.9991112947463989
Wikipedia,L1,852,hin,0.99675452709198
Wikipedia,L5,852,hin,0.9975075125694275
Wikipedia,L20,852,hin,0.9968221783638
Wikipedia,L1,853,hin,0.9990931749343872
Wikipedia,L5,853,hin,0.9946683049201965
Wikipedia,L20,853,hin,0.9979954957962036
Wikipedia,L1,854,hin,0.9996625185012817
Wikipedia,L5,854,hin,0.9993000030517578
Wikipedia,L20,854,hin,0.9992197751998901
Wikipedia,L1,855,hin,0.9980556964874268
Wikipedia,L5,855,hin,0.999284565448761
Wikipedia,L20,855,hin,0.9994823336601257
Wikipedia,L1,856,hin,0.9915586113929749
Wikipedia,L5,856,hin,0.9942907094955444
Wikipedia,L20,856,hin,0.9965262413024902
Wikipedia,L1,857,hin,0.9966284036636353
Wikipedia,L5,857,hin,0.9974772930145264
Wikipedia,L20,857,hin,0.9989727735519409
Wikipedia,L1,858,hin,0.9997767806053162
Wikipedia,L5,858,hin,0.9987418055534363
Wikipedia,L20,858,hin,0.9978962540626526
Wikipedia,L1,859,hin,0.9977108836174011
Wikipedia,L5,859,hin,0.9961607456207275
Wikipedia,L20,859,hin,0.9987826943397522
Wikipedia,L1,861,hin,0.9978542327880859
Wikipedia,L5,861,hin,0.999057948589325
Wikipedia,L20,861,hin,0.9994449019432068
Wikipedia,L1,862,hin,0.9997288584709167
Wikipedia,L5,862,hin,0.9989256858825684
Wikipedia,L20,862,hin,0.9992677569389343
Wikipedia,L1,864,hin,0.9974300861358643
Wikipedia,L5,864,hin,0.9995883107185364
Wikipedia,L20,864,hin,0.9992443323135376
Wikipedia,L1,865,hin,0.9901782274246216
Wikipedia,L5,865,hin,0.9904210567474365
Wikipedia,L20,865,hin,0.9978700280189514
Wikipedia,L1,867,hin,0.9983533620834351
Wikipedia,L5,867,hin,0.9958914518356323
Wikipedia,L20,867,hin,0.9957128167152405
Wikipedia,L1,869,hin,0.9919372797012329
Wikipedia,L5,869,hin,0.9927595853805542
Wikipedia,L20,869,hin,0.9945214986801147
Wikipedia,L1,871,hin,0.9998216032981873
Wikipedia,L5,871,hin,0.9993304014205933
Wikipedia,L20,871,hin,0.9996718168258667
Wikipedia,L1,872,hin,0.9946759939193726
Wikipedia,L5,872,hin,0.9974002242088318
Wikipedia,L20,872,hin,0.9982723593711853
Wikipedia,L1,873,hin,0.979345977306366
Wikipedia,L5,873,hin,0.9975439310073853
Wikipedia,L20,873,hin,0.9989722967147827
Wikipedia,L1,875,hin,0.9992671608924866
Wikipedia,L5,875,hin,0.9991552829742432
Wikipedia,L20,875,hin,0.9990113377571106
Wikipedia,L1,879,hin,0.9056013822555542
Wikipedia,L5,879,hin,0.9976458549499512
Wikipedia,L20,879,hin,0.9991778135299683
Wikipedia,L1,880,hin,0.9775810241699219
Wikipedia,L5,880,hin,0.9487162828445435
Wikipedia,L20,880,hin,0.9914314150810242
Wikipedia,L1,884,hin,0.9952450394630432
Wikipedia,L5,884,hin,0.99929279088974
Wikipedia,L20,884,hin,0.9990427494049072
Wikipedia,L1,886,hin,0.9975149035453796
Wikipedia,L5,886,hin,0.9972843527793884
Wikipedia,L20,886,hin,0.9946616291999817
Wikipedia,L1,887,hin,0.9947274327278137
Wikipedia,L5,887,hin,0.9980453848838806
Wikipedia,L20,887,hin,0.9946557283401489
Wikipedia,L1,889,hin,0.9984903931617737
Wikipedia,L5,889,hin,0.9985670447349548
Wikipedia,L20,889,hin,0.9980559349060059
Wikipedia,L1,891,hin,0.9794141054153442
Wikipedia,L5,891,hin,0.9973898530006409
Wikipedia,L20,891,hin,0.9972528219223022
Wikipedia,L1,892,hin,0.9885407090187073
Wikipedia,L5,892,hin,0.9985695481300354
Wikipedia,L20,892,hin,0.9974241256713867
Wikipedia,L1,894,hin,0.9428530335426331
Wikipedia,L5,894,hin,0.9981918334960938
Wikipedia,L20,894,hin,0.9984654188156128
Wikipedia,L1,895,hin,0.9843263030052185
Wikipedia,L5,895,hin,0.9977229833602905
Wikipedia,L20,895,hin,0.998852550983429
Wikipedia,L1,896,hin,0.993908166885376
Wikipedia,L5,896,hin,0.998428463935852
Wikipedia,L20,896,hin,0.9960445761680603
Wikipedia,L1,899,hin,0.9994601607322693
Wikipedia,L5,899,hin,0.9984219074249268
Wikipedia,L20,899,hin,0.9986048340797424
Wikipedia,L1,900,hin,0.9982578754425049
Wikipedia,L5,900,hin,0.9983222484588623
Wikipedia,L20,900,hin,0.9991071224212646
Wikipedia,L1,901,hin,0.9961342215538025
Wikipedia,L5,901,hin,0.9971979260444641
Wikipedia,L20,901,hin,0.9984126687049866
Wikipedia,L1,904,hin,0.9988659620285034
Wikipedia,L5,904,hin,0.999201238155365
Wikipedia,L20,904,hin,0.9989530444145203
Wikipedia,L1,909,hin,0.9991633892059326
Wikipedia,L5,909,hin,0.9995570778846741
Wikipedia,L20,909,hin,0.9986522793769836
Wikipedia,L1,911,hin,0.9921609163284302
Wikipedia,L5,911,hin,0.9982045292854309
Wikipedia,L20,911,hin,0.9980806708335876
Wikipedia,L1,912,hin,0.885621190071106
Wikipedia,L5,912,hin,0.9965260028839111
Wikipedia,L20,912,hin,0.9986393451690674
Wikipedia,L1,916,hin,0.9966383576393127
Wikipedia,L5,916,hin,0.9980287551879883
Wikipedia,L20,916,hin,0.9987653493881226
Wikipedia,L1,917,hin,0.996222972869873
Wikipedia,L5,917,hin,0.9923038482666016
Wikipedia,L20,917,hin,0.9936507344245911
Wikipedia,L1,918,hin,0.9976593852043152
Wikipedia,L5,918,hin,0.9986743927001953
Wikipedia,L20,918,hin,0.9973753094673157
Wikipedia,L1,921,hin,0.988734781742096
Wikipedia,L5,921,hin,0.9986900687217712
Wikipedia,L20,921,hin,0.9981058239936829
Wikipedia,L1,923,hin,0.995379626750946
Wikipedia,L5,923,hin,0.9987466931343079
Wikipedia,L20,923,hin,0.9992443323135376
Wikipedia,L1,924,hin,0.9945111274719238
Wikipedia,L5,924,hin,0.9981529712677002
Wikipedia,L20,924,hin,0.9982398152351379
Wikipedia,L1,927,hin,0.9969359040260315
Wikipedia,L5,927,hin,0.9983062148094177
Wikipedia,L20,927,hin,0.9974382519721985
Wikipedia,L1,928,hin,0.9950725436210632
Wikipedia,L5,928,hin,0.9946905970573425
Wikipedia,L20,928,hin,0.9952163100242615
Wikipedia,L1,929,hin,0.9987037777900696
Wikipedia,L5,929,hin,0.9990586638450623
Wikipedia,L20,929,hin,0.9992002844810486
Wikipedia,L1,930,hin,0.999068558216095
Wikipedia,L5,930,hin,0.9989674091339111
Wikipedia,L20,930,hin,0.9982432126998901
Wikipedia,L1,931,hin,0.9920567274093628
Wikipedia,L5,931,hin,0.9983490705490112
Wikipedia,L20,931,hin,0.9980628490447998
Wikipedia,L1,932,hin,0.9939192533493042
Wikipedia,L5,932,hin,0.9910244345664978
Wikipedia,L20,932,hin,0.9989048838615417
Wikipedia,L1,933,hin,0.9964625835418701
Wikipedia,L5,933,hin,0.997651219367981
Wikipedia,L20,933,hin,0.9988058805465698
Wikipedia,L1,934,hin,0.9956480860710144
Wikipedia,L5,934,hin,0.9971566796302795
Wikipedia,L20,934,hin,0.9979449510574341
Wikipedia,L1,935,hin,0.997348964214325
Wikipedia,L5,935,hin,0.9990893602371216
Wikipedia,L20,935,hin,0.9985085725784302
Wikipedia,L1,936,hin,0.9961827397346497
Wikipedia,L5,936,hin,0.9962501525878906
Wikipedia,L20,936,hin,0.9938095211982727
Wikipedia,L1,937,hin,0.9655044078826904
Wikipedia,L5,937,hin,0.9820291996002197
Wikipedia,L20,937,hin,0.9958092570304871
Wikipedia,L1,938,hin,0.9984460473060608
Wikipedia,L5,938,hin,0.9940499067306519
Wikipedia,L20,938,hin,0.99257892370224
Wikipedia,L1,939,hin,0.9974977970123291
Wikipedia,L5,939,hin,0.9991699457168579
Wikipedia,L20,939,hin,0.9994134902954102
Wikipedia,L1,941,hin,0.8949314951896667
Wikipedia,L5,941,hin,0.997334361076355
Wikipedia,L20,941,hin,0.9967236518859863
Wikipedia,L1,942,hin,0.9889349341392517
Wikipedia,L5,942,hin,0.9984022974967957
Wikipedia,L20,942,hin,0.9982734322547913
Wikipedia,L1,943,hin,0.9769391417503357
Wikipedia,L5,943,hin,0.9981799125671387
Wikipedia,L20,943,hin,0.998576819896698
Wikipedia,L1,944,hin,0.9966539144515991
Wikipedia,L5,944,hin,0.9981349110603333
Wikipedia,L20,944,hin,0.9989646673202515
Wikipedia,L1,945,hin,0.997936487197876
Wikipedia,L5,945,hin,0.9975553154945374
Wikipedia,L20,945,hin,0.998432993888855
Wikipedia,L1,948,hin,0.9991649389266968
Wikipedia,L5,948,hin,0.9992091059684753
Wikipedia,L20,948,hin,0.9989407658576965
Wikipedia,L1,950,hin,0.9988696575164795
Wikipedia,L5,950,hin,0.9992315769195557
Wikipedia,L20,950,hin,0.999064028263092
Wikipedia,L1,951,hin,0.9992950558662415
Wikipedia,L5,951,hin,0.9961240291595459
Wikipedia,L20,951,hin,0.9983967542648315
Wikipedia,L1,953,hin,0.9903967380523682
Wikipedia,L5,953,hin,0.9966858625411987
Wikipedia,L20,953,hin,0.9974029064178467
Wikipedia,L1,954,hin,0.9979410171508789
Wikipedia,L5,954,hin,0.9986916184425354
Wikipedia,L20,954,hin,0.9993007183074951
Wikipedia,L1,955,hin,0.9994388222694397
Wikipedia,L5,955,hin,0.9958018064498901
Wikipedia,L20,955,hin,0.9964436292648315
Wikipedia,L1,957,hin,0.9215473532676697
Wikipedia,L5,957,hin,0.9929445385932922
Wikipedia,L20,957,hin,0.9964981079101562
Wikipedia,L1,959,hin,0.9921934008598328
Wikipedia,L5,959,hin,0.9980159401893616
Wikipedia,L20,959,hin,0.9981900453567505
Wikipedia,L1,960,hin,0.9936623573303223
Wikipedia,L5,960,hin,0.995867908000946
Wikipedia,L20,960,hin,0.9976248741149902
Wikipedia,L1,961,hin,0.9981207847595215
Wikipedia,L5,961,hin,0.9979443550109863
Wikipedia,L20,961,hin,0.9988266229629517
Wikipedia,L1,963,hin,0.9856290817260742
Wikipedia,L5,963,hin,0.9992794394493103
Wikipedia,L20,963,hin,0.9990145564079285
Wikipedia,L1,965,hin,0.9954575896263123
Wikipedia,L5,965,hin,0.9993389844894409
Wikipedia,L20,965,hin,0.9973283410072327
Wikipedia,L1,967,hin,0.96744704246521
Wikipedia,L5,967,hin,0.9865060448646545
Wikipedia,L20,967,hin,0.9941641688346863
Wikipedia,L1,968,hin,0.9944935441017151
Wikipedia,L5,968,hin,0.998299777507782
Wikipedia,L20,968,hin,0.9981318116188049
Wikipedia,L1,969,hin,0.9980171322822571
Wikipedia,L5,969,hin,0.9966558814048767
Wikipedia,L20,969,hin,0.9978877305984497
Wikipedia,L1,972,hin,0.9985325932502747
Wikipedia,L5,972,hin,0.9991052150726318
Wikipedia,L20,972,hin,0.9985585808753967
Wikipedia,L1,973,hin,0.9973578453063965
Wikipedia,L5,973,hin,0.9993174076080322
Wikipedia,L20,973,hin,0.9974085092544556
Wikipedia,L1,974,hin,0.9991099834442139
Wikipedia,L5,974,hin,0.9973870515823364
Wikipedia,L20,974,hin,0.9986920952796936
Wikipedia,L1,976,hin,0.995032787322998
Wikipedia,L5,976,hin,0.9987925887107849
Wikipedia,L20,976,hin,0.9982264637947083
Wikipedia,L1,980,hin,0.9957426190376282
Wikipedia,L5,980,hin,0.9995230436325073
Wikipedia,L20,980,hin,0.9987736940383911
Wikipedia,L1,981,hin,0.9979504942893982
Wikipedia,L5,981,hin,0.9967026710510254
Wikipedia,L20,981,hin,0.9973136186599731
Wikipedia,L1,983,hin,0.9973577260971069
Wikipedia,L5,983,hin,0.9989053010940552
Wikipedia,L20,983,hin,0.9990931749343872
Wikipedia,L1,984,hin,0.9975260496139526
Wikipedia,L5,984,hin,0.9985126256942749
Wikipedia,L20,984,hin,0.9988866448402405
Wikipedia,L1,985,hin,0.9888694286346436
Wikipedia,L5,985,hin,0.9967808723449707
Wikipedia,L20,985,hin,0.9963271617889404
Wikipedia,L1,987,hin,0.9897250533103943
Wikipedia,L5,987,hin,0.9952025413513184
Wikipedia,L20,987,hin,0.994387686252594
Wikipedia,L1,988,hin,0.9985920190811157
Wikipedia,L5,988,hin,0.998724102973938
Wikipedia,L20,988,hin,0.9985617995262146
Wikipedia,L1,989,hin,0.9984298944473267
Wikipedia,L5,989,hin,0.9998356699943542
Wikipedia,L20,989,hin,0.9986504912376404
Wikipedia,L1,991,hin,0.9787886738777161
Wikipedia,L5,991,hin,0.9984731674194336
Wikipedia,L20,991,hin,0.9989725351333618
Wikipedia,L1,992,hin,0.9868000149726868
Wikipedia,L5,992,hin,0.9992645382881165
Wikipedia,L20,992,hin,0.9991025924682617
Wikipedia,L1,993,hin,0.9908474683761597
Wikipedia,L5,993,hin,0.9961838126182556
Wikipedia,L20,993,hin,0.9968838691711426
Wikipedia,L1,994,hin,0.9970424175262451
Wikipedia,L5,994,hin,0.9989601969718933
Wikipedia,L20,994,hin,0.9990676045417786
Wikipedia,L1,996,hin,0.9940447211265564
Wikipedia,L5,996,hin,0.9992911219596863
Wikipedia,L20,996,hin,0.9988327622413635
Wikipedia,L1,997,hin,0.9713309407234192
Wikipedia,L5,997,hin,0.9930700063705444
Wikipedia,L20,997,hin,0.9973966479301453
Wikipedia,L1,999,hin,0.9921718239784241
Wikipedia,L5,999,hin,0.9934465885162354
Wikipedia,L20,999,hin,0.9938012957572937
Wikipedia,L1,1000,hin,0.9980118870735168
Wikipedia,L5,1000,hin,0.9973457455635071
Wikipedia,L20,1000,hin,0.9989052414894104
Wikipedia,L1,1003,hin,0.9991040229797363
Wikipedia,L5,1003,hin,0.995486319065094
Wikipedia,L20,1003,hin,0.9976779818534851
Wikipedia,L1,1004,hin,0.9995501041412354
Wikipedia,L5,1004,hin,0.9993790984153748
Wikipedia,L20,1004,hin,0.9981394410133362
Wikipedia,L1,1006,hin,0.997204065322876
Wikipedia,L5,1006,hin,0.9970352053642273
Wikipedia,L20,1006,hin,0.9989350438117981
Wikipedia,L1,1007,hin,0.9996731281280518
Wikipedia,L5,1007,hin,0.9996398687362671
Wikipedia,L20,1007,hin,0.9995154142379761
Wikipedia,L1,1009,hin,0.982910692691803
Wikipedia,L5,1009,hin,0.99721759557724
Wikipedia,L20,1009,hin,0.9967290759086609
Wikipedia,L1,1010,hin,0.9986370801925659
Wikipedia,L5,1010,hin,0.9977402091026306
Wikipedia,L20,1010,hin,0.9988394379615784
Wikipedia,L1,1012,hin,0.9935903549194336
Wikipedia,L5,1012,hin,0.9955807328224182
Wikipedia,L20,1012,hin,0.9942775964736938
Wikipedia,L1,1013,hin,0.9821286201477051
Wikipedia,L5,1013,hin,0.9969698190689087
Wikipedia,L20,1013,hin,0.9985884428024292
Wikipedia,L1,1014,hin,0.9887498021125793
Wikipedia,L5,1014,hin,0.997266948223114
Wikipedia,L20,1014,hin,0.9977942109107971
Wikipedia,L1,1015,hin,0.9615617394447327
Wikipedia,L5,1015,hin,0.9980844259262085
Wikipedia,L20,1015,hin,0.9989566206932068
Wikipedia,L1,1016,hin,0.8690934777259827
Wikipedia,L5,1016,hin,0.9948205947875977
Wikipedia,L20,1016,hin,0.9973254799842834
Wikipedia,L1,1018,hin,0.9989389777183533
Wikipedia,L5,1018,hin,0.9980791211128235
Wikipedia,L20,1018,hin,0.9975389838218689
Wikipedia,L1,1019,hin,0.998602569103241
Wikipedia,L5,1019,hin,0.9984326362609863
Wikipedia,L20,1019,hin,0.9985622763633728
Wikipedia,L1,1020,hin,0.9975665807723999
Wikipedia,L5,1020,hin,0.999014675617218
Wikipedia,L20,1020,hin,0.9995146989822388
Wikipedia,L1,1021,hin,0.997673511505127
Wikipedia,L5,1021,hin,0.9977794885635376
Wikipedia,L20,1021,hin,0.9984189867973328
Wikipedia,L1,1023,hin,0.5558950304985046
Wikipedia,L5,1023,hin,0.9965514540672302
Wikipedia,L20,1023,hin,0.9967939853668213
Wikipedia,L1,1024,hin,0.9948074817657471
Wikipedia,L5,1024,hin,0.9957967400550842
Wikipedia,L20,1024,hin,0.9984620809555054
Wikipedia,L1,1027,hin,0.9887107610702515
Wikipedia,L5,1027,hin,0.998621940612793
Wikipedia,L20,1027,hin,0.997880220413208
Wikipedia,L1,1028,hin,0.9926472902297974
Wikipedia,L5,1028,hin,0.9954265356063843
Wikipedia,L20,1028,hin,0.9979699850082397
Wikipedia,L1,1031,hin,0.9984170794487
Wikipedia,L5,1031,hin,0.9995392560958862
Wikipedia,L20,1031,hin,0.9989626407623291
Wikipedia,L1,1032,hin,0.9954692125320435
Wikipedia,L5,1032,hin,0.9989051222801208
Wikipedia,L20,1032,hin,0.9990324974060059
Wikipedia,L1,1037,hin,0.9965689778327942
Wikipedia,L5,1037,hin,0.9951246976852417
Wikipedia,L20,1037,hin,0.997641921043396
Wikipedia,L1,1044,hin,0.9988747835159302
Wikipedia,L5,1044,hin,0.9972277879714966
Wikipedia,L20,1044,hin,0.9977038502693176
Wikipedia,L1,1045,hin,0.9890086054801941
Wikipedia,L5,1045,hin,0.9953470230102539
Wikipedia,L20,1045,hin,0.9941131472587585
Wikipedia,L1,1048,hin,0.997072160243988
Wikipedia,L5,1048,hin,0.9977104067802429
Wikipedia,L20,1048,hin,0.9985941648483276
Wikipedia,L1,1049,hin,0.9986376762390137
Wikipedia,L5,1049,hin,0.9988999962806702
Wikipedia,L20,1049,hin,0.998986005783081
Wikipedia,L1,1052,hin,0.9963597059249878
Wikipedia,L5,1052,hin,0.9989519715309143
Wikipedia,L20,1052,hin,0.9986438155174255
Wikipedia,L1,1054,hin,0.9988529682159424
Wikipedia,L5,1054,hin,0.9992122054100037
Wikipedia,L20,1054,hin,0.9992408752441406
Wikipedia,L1,1058,hin,0.9985986351966858
Wikipedia,L5,1058,hin,0.9990648627281189
Wikipedia,L20,1058,hin,0.9990309476852417
Wikipedia,L1,1059,hin,0.9982993006706238
Wikipedia,L5,1059,hin,0.9987995028495789
Wikipedia,L20,1059,hin,0.997784435749054
Wikipedia,L1,1063,hin,0.9989254474639893
Wikipedia,L5,1063,hin,0.9990045428276062
Wikipedia,L20,1063,hin,0.998589277267456
Wikipedia,L1,1064,hin,0.9771105051040649
Wikipedia,L5,1064,hin,0.9967504143714905
Wikipedia,L20,1064,hin,0.9967957735061646
Wikipedia,L1,1069,hin,0.9822852611541748
Wikipedia,L5,1069,hin,0.9973384141921997
Wikipedia,L20,1069,hin,0.9975056052207947
Wikipedia,L1,1070,hin,0.9988574981689453
Wikipedia,L5,1070,hin,0.9994097948074341
Wikipedia,L20,1070,hin,0.9994754195213318
Wikipedia,L1,1072,hin,0.9946556091308594
Wikipedia,L5,1072,hin,0.9963005781173706
Wikipedia,L20,1072,hin,0.997517466545105
Wikipedia,L1,1074,hin,0.9997362494468689
Wikipedia,L5,1074,hin,0.9971833229064941
Wikipedia,L20,1074,hin,0.9987531304359436
Wikipedia,L1,1075,hin,0.9974322319030762
Wikipedia,L5,1075,hin,0.998529851436615
Wikipedia,L20,1075,hin,0.9987989068031311
Wikipedia,L1,1076,hin,0.9968488216400146
Wikipedia,L5,1076,hin,0.999481737613678
Wikipedia,L20,1076,hin,0.9990655779838562
Wikipedia,L1,1077,hin,0.9873679876327515
Wikipedia,L5,1077,hin,0.998590350151062
Wikipedia,L20,1077,hin,0.9987086057662964
Wikipedia,L1,1078,hin,0.9981357455253601
Wikipedia,L5,1078,hin,0.9978421330451965
Wikipedia,L20,1078,hin,0.9979435205459595
Wikipedia,L1,1079,hin,0.9999392032623291
Wikipedia,L5,1079,hin,0.9996208548545837
Wikipedia,L20,1079,hin,0.9996436834335327
Wikipedia,L1,1080,hin,0.9999579191207886
Wikipedia,L5,1080,hin,0.9991559982299805
Wikipedia,L20,1080,hin,0.9992136359214783
Wikipedia,L1,1081,hin,0.9985865354537964
Wikipedia,L5,1081,hin,0.9983930587768555
Wikipedia,L20,1081,hin,0.9988459944725037
Wikipedia,L1,1086,hin,0.9882579445838928
Wikipedia,L5,1086,hin,0.9975607991218567
Wikipedia,L20,1086,hin,0.9982783794403076
Wikipedia,L1,1087,hin,0.9986007809638977
Wikipedia,L5,1087,hin,0.997865617275238
Wikipedia,L20,1087,hin,0.9988883137702942
Wikipedia,L1,1089,hin,0.9945231676101685
Wikipedia,L5,1089,hin,0.9986949563026428
Wikipedia,L20,1089,hin,0.9981890916824341
Wikipedia,L1,1092,hin,0.9727071523666382
Wikipedia,L5,1092,hin,0.996379017829895
Wikipedia,L20,1092,hin,0.9991905093193054
Wikipedia,L1,1094,hin,0.9732552766799927
Wikipedia,L5,1094,hin,0.9956821203231812
Wikipedia,L20,1094,hin,0.9970475435256958
Wikipedia,L1,1095,hin,0.9954937696456909
Wikipedia,L5,1095,hin,0.9953790307044983
Wikipedia,L20,1095,hin,0.995806097984314
Wikipedia,L1,1096,hin,0.998036801815033
Wikipedia,L5,1096,hin,0.9980041980743408
Wikipedia,L20,1096,hin,0.9976003170013428
Wikipedia,L1,1097,hin,0.9975890517234802
Wikipedia,L5,1097,hin,0.9971650838851929
Wikipedia,L20,1097,hin,0.9987654685974121
Wikipedia,L1,1098,hin,0.996454656124115
Wikipedia,L5,1098,hin,0.996910810470581
Wikipedia,L20,1098,hin,0.9976692199707031
Wikipedia,L1,1100,hin,0.8717913627624512
Wikipedia,L5,1100,hin,0.998420000076294
Wikipedia,L20,1100,hin,0.9974696040153503
Wikipedia,L1,1101,hin,0.9925222396850586
Wikipedia,L5,1101,hin,0.993708074092865
Wikipedia,L20,1101,hin,0.9961898326873779
Wikipedia,L1,1103,hin,0.99258953332901
Wikipedia,L5,1103,hin,0.9981337189674377
Wikipedia,L20,1103,hin,0.9973019957542419
Wikipedia,L1,1104,hin,0.9918604493141174
Wikipedia,L5,1104,hin,0.9971485137939453
Wikipedia,L20,1104,hin,0.9983532428741455
Wikipedia,L1,1105,hin,0.9973584413528442
Wikipedia,L5,1105,hin,0.9983533620834351
Wikipedia,L20,1105,hin,0.9982408881187439
Wikipedia,L1,1107,hin,0.9993103742599487
Wikipedia,L5,1107,hin,0.99859619140625
Wikipedia,L20,1107,hin,0.9988092184066772
Wikipedia,L1,1109,hin,0.9954386949539185
Wikipedia,L5,1109,hin,0.9963665008544922
Wikipedia,L20,1109,hin,0.9981462955474854
Wikipedia,L1,1110,hin,0.9887346625328064
Wikipedia,L5,1110,hin,0.9977490901947021
Wikipedia,L20,1110,hin,0.9984121918678284
Wikipedia,L1,1115,hin,0.8350203037261963
Wikipedia,L5,1115,hin,0.9966636896133423
Wikipedia,L20,1115,hin,0.9970129132270813
Wikipedia,L1,1117,hin,0.9523966312408447
Wikipedia,L5,1117,hin,0.9946052432060242
Wikipedia,L20,1117,hin,0.9942569732666016
Wikipedia,L1,1118,hin,0.99712073802948
Wikipedia,L5,1118,hin,0.9945492148399353
Wikipedia,L20,1118,hin,0.9979071617126465
Wikipedia,L1,1119,hin,0.9960548281669617
Wikipedia,L5,1119,hin,0.9980297088623047
Wikipedia,L20,1119,hin,0.9978107810020447
Wikipedia,L1,1120,hin,0.9992905259132385
Wikipedia,L5,1120,hin,0.9994125366210938
Wikipedia,L20,1120,hin,0.9990028738975525
Wikipedia,L1,1124,hin,0.995209276676178
Wikipedia,L5,1124,hin,0.9989919066429138
Wikipedia,L20,1124,hin,0.9989778995513916
Wikipedia,L1,1125,hin,0.9903535842895508
Wikipedia,L5,1125,hin,0.9995040893554688
Wikipedia,L20,1125,hin,0.9994285106658936
Wikipedia,L1,1126,hin,0.9750312566757202
Wikipedia,L5,1126,hin,0.996163547039032
Wikipedia,L20,1126,hin,0.9977665543556213
Wikipedia,L1,1127,hin,0.9815666675567627
Wikipedia,L5,1127,hin,0.9983863830566406
Wikipedia,L20,1127,hin,0.996622622013092
Wikipedia,L1,1128,hin,0.9988513588905334
Wikipedia,L5,1128,hin,0.9976242780685425
Wikipedia,L20,1128,hin,0.9990850687026978
Wikipedia,L1,1130,hin,0.9987727403640747
Wikipedia,L5,1130,hin,0.9970885515213013
Wikipedia,L20,1130,hin,0.9992614388465881
Wikipedia,L1,1132,hin,0.998712420463562
Wikipedia,L5,1132,hin,0.998824954032898
Wikipedia,L20,1132,hin,0.9977192878723145
Wikipedia,L1,1134,hin,0.9933413863182068
Wikipedia,L5,1134,hin,0.9987854361534119
Wikipedia,L20,1134,hin,0.9988881945610046
Wikipedia,L1,1135,hin,0.9924136400222778
Wikipedia,L5,1135,hin,0.9976558089256287
Wikipedia,L20,1135,hin,0.9991071224212646
Wikipedia,L1,1136,hin,0.9981607794761658
Wikipedia,L5,1136,hin,0.9980894327163696
Wikipedia,L20,1136,hin,0.998101532459259
Wikipedia,L1,1137,hin,0.9798396825790405
Wikipedia,L5,1137,hin,0.9972101449966431
Wikipedia,L20,1137,hin,0.9977647662162781
Wikipedia,L1,1139,hin,0.9925790429115295
Wikipedia,L5,1139,hin,0.9975724220275879
Wikipedia,L20,1139,hin,0.9973699450492859
Wikipedia,L1,1140,hin,0.999623715877533
Wikipedia,L5,1140,hin,0.9980756640434265
Wikipedia,L20,1140,hin,0.9977898001670837
Wikipedia,L1,1141,hin,0.9940357208251953
Wikipedia,L5,1141,hin,0.9985883235931396
Wikipedia,L20,1141,hin,0.9984020590782166
Wikipedia,L1,1143,hin,0.9972380995750427
Wikipedia,L5,1143,hin,0.99931800365448
Wikipedia,L20,1143,hin,0.9988871216773987
Wikipedia,L1,1146,hin,0.8875575065612793
Wikipedia,L5,1146,hin,0.9943981766700745
Wikipedia,L20,1146,hin,0.9976749420166016
Wikipedia,L1,1148,hin,0.8782165050506592
Wikipedia,L5,1148,hin,0.9952994585037231
Wikipedia,L20,1148,hin,0.9976691007614136
Wikipedia,L1,1151,hin,0.9986355304718018
Wikipedia,L5,1151,hin,0.9974201321601868
Wikipedia,L20,1151,hin,0.9978998303413391
Wikipedia,L1,1152,hin,0.9998385906219482
Wikipedia,L5,1152,hin,0.9998455047607422
Wikipedia,L20,1152,hin,0.9994897246360779
Wikipedia,L1,1155,hin,0.9997377991676331
Wikipedia,L5,1155,hin,0.998482882976532
Wikipedia,L20,1155,hin,0.9986425042152405
Wikipedia,L1,1157,hin,0.9917581081390381
Wikipedia,L5,1157,hin,0.997768759727478
Wikipedia,L20,1157,hin,0.9974364638328552
Wikipedia,L1,1158,hin,0.9996156096458435
Wikipedia,L5,1158,hin,0.9985676407814026
Wikipedia,L20,1158,hin,0.9986537098884583
Wikipedia,L1,1161,hin,0.9993684887886047
Wikipedia,L5,1161,hin,0.9972625374794006
Wikipedia,L20,1161,hin,0.9969289302825928
Wikipedia,L1,1164,hin,0.9970866441726685
Wikipedia,L5,1164,hin,0.9983084797859192
Wikipedia,L20,1164,hin,0.9978769421577454
Wikipedia,L1,1171,hin,0.9921875596046448
Wikipedia,L5,1171,hin,0.998928427696228
Wikipedia,L20,1171,hin,0.9989892244338989
Wikipedia,L1,1174,hin,0.9980344772338867
Wikipedia,L5,1174,hin,0.9990714192390442
Wikipedia,L20,1174,hin,0.9989851713180542
Wikipedia,L1,1176,hin,0.9954566359519958
Wikipedia,L5,1176,hin,0.9986308813095093
Wikipedia,L20,1176,hin,0.998508095741272
Wikipedia,L1,1177,hin,0.9981021285057068
Wikipedia,L5,1177,hin,0.9978616237640381
Wikipedia,L20,1177,hin,0.9970906376838684
Wikipedia,L1,1180,hin,0.9982405304908752
Wikipedia,L5,1180,hin,0.9988675117492676
Wikipedia,L20,1180,hin,0.9977580904960632
Wikipedia,L1,1183,hin,0.9952965378761292
Wikipedia,L5,1183,hin,0.9987441897392273
Wikipedia,L20,1183,hin,0.9981272220611572
Wikipedia,L1,1185,hin,0.9214184284210205
Wikipedia,L5,1185,hin,0.9981377720832825
Wikipedia,L20,1185,hin,0.9987995028495789
Wikipedia,L1,1186,hin,0.9486358165740967
Wikipedia,L5,1186,hin,0.9826279282569885
Wikipedia,L20,1186,hin,0.9957535862922668
Wikipedia,L1,1188,hin,0.9959990382194519
Wikipedia,L5,1188,hin,0.9985805749893188
Wikipedia,L20,1188,hin,0.9985942840576172
Wikipedia,L1,1189,hin,0.9954146146774292
Wikipedia,L5,1189,hin,0.9978664517402649
Wikipedia,L20,1189,hin,0.9983670115470886
Wikipedia,L1,1190,hin,0.9996436834335327
Wikipedia,L5,1190,hin,0.9990120530128479
Wikipedia,L20,1190,hin,0.9980732798576355
Wikipedia,L1,1191,hin,0.9997214674949646
Wikipedia,L5,1191,hin,0.9990794062614441
Wikipedia,L20,1191,hin,0.9988943934440613
Wikipedia,L1,1192,hin,0.9737230539321899
Wikipedia,L5,1192,hin,0.998103678226471
Wikipedia,L20,1192,hin,0.9987842440605164
Wikipedia,L1,1196,hin,0.9980759024620056
Wikipedia,L5,1196,hin,0.9979550242424011
Wikipedia,L20,1196,hin,0.9986063838005066
Wikipedia,L1,1197,hin,0.9994704127311707
Wikipedia,L5,1197,hin,0.999127209186554
Wikipedia,L20,1197,hin,0.9986935257911682
Wikipedia,L1,1199,hin,0.9978280067443848
Wikipedia,L5,1199,hin,0.9972550868988037
Wikipedia,L20,1199,hin,0.9985843896865845
Wikipedia,L1,1200,hin,0.9927610158920288
Wikipedia,L5,1200,hin,0.9978032112121582
Wikipedia,L20,1200,hin,0.9983707070350647
Wikipedia,L1,1203,hin,0.9506323337554932
Wikipedia,L5,1203,hin,0.9982190132141113
Wikipedia,L20,1203,hin,0.9980987906455994
Wikipedia,L1,1205,hin,0.9380050897598267
Wikipedia,L5,1205,hin,0.9943763017654419
Wikipedia,L20,1205,hin,0.997113049030304
Wikipedia,L1,1207,hin,0.9866969585418701
Wikipedia,L5,1207,hin,0.9978572130203247
Wikipedia,L20,1207,hin,0.9968611598014832
Wikipedia,L1,1208,hin,0.99723881483078
Wikipedia,L5,1208,hin,0.9978975653648376
Wikipedia,L20,1208,hin,0.9974148869514465
Wikipedia,L1,1210,hin,0.9942896366119385
Wikipedia,L5,1210,hin,0.9962664842605591
Wikipedia,L20,1210,hin,0.9986709356307983
Wikipedia,L1,1211,hin,0.9781784415245056
Wikipedia,L5,1211,hin,0.9972741603851318
Wikipedia,L20,1211,hin,0.9981651902198792
Wikipedia,L1,1213,hin,0.9987548589706421
Wikipedia,L5,1213,hin,0.9975321888923645
Wikipedia,L20,1213,hin,0.9968929290771484
Wikipedia,L1,1215,hin,0.9952106475830078
Wikipedia,L5,1215,hin,0.9986699819564819
Wikipedia,L20,1215,hin,0.9988442063331604
Wikipedia,L1,1216,hin,0.9833171367645264
Wikipedia,L5,1216,hin,0.9966480731964111
Wikipedia,L20,1216,hin,0.9973810911178589
Wikipedia,L1,1217,hin,0.998404324054718
Wikipedia,L5,1217,hin,0.9986792802810669
Wikipedia,L20,1217,hin,0.9989824295043945
Wikipedia,L1,1218,hin,0.9978584051132202
Wikipedia,L5,1218,hin,0.9995352029800415
Wikipedia,L20,1218,hin,0.9992020726203918
Wikipedia,L1,1220,hin,0.9968438744544983
Wikipedia,L5,1220,hin,0.9992300271987915
Wikipedia,L20,1220,hin,0.9985248446464539
Wikipedia,L1,1223,hin,0.7944016456604004
Wikipedia,L5,1223,hin,0.9936254024505615
Wikipedia,L20,1223,hin,0.997363805770874
Wikipedia,L1,1225,hin,0.9998490810394287
Wikipedia,L5,1225,hin,0.9995792508125305
Wikipedia,L20,1225,hin,0.9993627667427063
Wikipedia,L1,1227,hin,0.9962746500968933
Wikipedia,L5,1227,hin,0.9956474900245667
Wikipedia,L20,1227,hin,0.9890255331993103
Wikipedia,L1,1228,hin,0.9552376866340637
Wikipedia,L5,1228,hin,0.9981648325920105
Wikipedia,L20,1228,hin,0.9963440895080566
Wikipedia,L1,1229,hin,0.997270941734314
Wikipedia,L5,1229,hin,0.9985003471374512
Wikipedia,L20,1229,hin,0.997706949710846
Wikipedia,L1,1230,hin,0.990422785282135
Wikipedia,L5,1230,hin,0.9994012117385864
Wikipedia,L20,1230,hin,0.9991539716720581
Wikipedia,L1,1232,hin,0.9961123466491699
Wikipedia,L5,1232,hin,0.9981955885887146
Wikipedia,L20,1232,hin,0.9975031614303589
Wikipedia,L1,1235,hin,0.9905886054039001
Wikipedia,L5,1235,hin,0.9941689968109131
Wikipedia,L20,1235,hin,0.9868658185005188
Wikipedia,L1,1236,hin,0.43634524941444397
Wikipedia,L5,1236,hin,0.9813005328178406
Wikipedia,L20,1236,hin,0.9960097074508667
Wikipedia,L1,1238,hin,0.9979753494262695
Wikipedia,L5,1238,hin,0.997962474822998
Wikipedia,L20,1238,hin,0.998274028301239
Wikipedia,L1,1239,hin,0.998582124710083
Wikipedia,L5,1239,hin,0.9957484006881714
Wikipedia,L20,1239,hin,0.9972141981124878
Wikipedia,L1,1241,hin,0.9731916785240173
Wikipedia,L5,1241,hin,0.9983108639717102
Wikipedia,L20,1241,hin,0.9981933236122131
Wikipedia,L1,1242,hin,0.9992332458496094
Wikipedia,L5,1242,hin,0.9968075156211853
Wikipedia,L20,1242,hin,0.9979679584503174
Wikipedia,L1,1244,hin,0.9980887174606323
Wikipedia,L5,1244,hin,0.9984167218208313
Wikipedia,L20,1244,hin,0.998691737651825
Wikipedia,L1,1247,hin,0.9985710978507996
Wikipedia,L5,1247,hin,0.9983469247817993
Wikipedia,L20,1247,hin,0.9986315965652466
Wikipedia,L1,1248,hin,0.9991685152053833
Wikipedia,L5,1248,hin,0.9994174242019653
Wikipedia,L20,1248,hin,0.9990302324295044
Wikipedia,L1,1250,hin,0.9931027889251709
Wikipedia,L5,1250,hin,0.9924353361129761
Wikipedia,L20,1250,hin,0.9974613785743713
Wikipedia,L1,1253,hin,0.9949631094932556
Wikipedia,L5,1253,hin,0.9962922930717468
Wikipedia,L20,1253,hin,0.9972952604293823
Wikipedia,L1,1258,hin,0.9966009855270386
Wikipedia,L5,1258,hin,0.9969686269760132
Wikipedia,L20,1258,hin,0.9978235960006714
Wikipedia,L1,1260,hin,0.9652958512306213
Wikipedia,L5,1260,hin,0.9934771656990051
Wikipedia,L20,1260,hin,0.997543454170227
Wikipedia,L1,1261,hin,0.9976075291633606
Wikipedia,L5,1261,hin,0.9992063641548157
Wikipedia,L20,1261,hin,0.9991483688354492
Wikipedia,L1,1263,hin,0.9970372319221497
Wikipedia,L5,1263,hin,0.9990406036376953
Wikipedia,L20,1263,hin,0.998069703578949
Wikipedia,L1,1264,hin,0.9986273050308228
Wikipedia,L5,1264,hin,0.9993933439254761
Wikipedia,L20,1264,hin,0.9992401599884033
Wikipedia,L1,1265,hin,0.9991944432258606
Wikipedia,L5,1265,hin,0.9994778037071228
Wikipedia,L20,1265,hin,0.9993294477462769
Wikipedia,L1,1267,hin,0.9967395067214966
Wikipedia,L5,1267,hin,0.9981515407562256
Wikipedia,L20,1267,hin,0.9969210028648376
Wikipedia,L1,1270,hin,0.9981789588928223
Wikipedia,L5,1270,hin,0.9992998838424683
Wikipedia,L20,1270,hin,0.9992529153823853
Wikipedia,L1,1271,hin,0.9972235560417175
Wikipedia,L5,1271,hin,0.9984404444694519
Wikipedia,L20,1271,hin,0.9985610842704773
Wikipedia,L1,1273,hin,0.9982311129570007
Wikipedia,L5,1273,hin,0.9989495873451233
Wikipedia,L20,1273,hin,0.9987531304359436
Wikipedia,L1,1274,hin,0.9997205138206482
Wikipedia,L5,1274,hin,0.9983448386192322
Wikipedia,L20,1274,hin,0.9979987144470215
Wikipedia,L1,1277,hin,0.9961117506027222
Wikipedia,L5,1277,hin,0.998598039150238
Wikipedia,L20,1277,hin,0.9988521933555603
Wikipedia,L1,1279,hin,0.984862744808197
Wikipedia,L5,1279,hin,0.9989402890205383
Wikipedia,L20,1279,hin,0.9987574815750122
Wikipedia,L1,1280,hin,0.9881514310836792
Wikipedia,L5,1280,hin,0.9988953471183777
Wikipedia,L20,1280,hin,0.9993810057640076
Wikipedia,L1,1281,hin,0.9897743463516235
Wikipedia,L5,1281,hin,0.9942893981933594
Wikipedia,L20,1281,hin,0.9975094199180603
Wikipedia,L1,1283,hin,0.9976525902748108
Wikipedia,L5,1283,hin,0.9981730580329895
Wikipedia,L20,1283,hin,0.9979574084281921
Wikipedia,L1,1286,hin,0.9988439679145813
Wikipedia,L5,1286,hin,0.9950858950614929
Wikipedia,L20,1286,hin,0.9963563084602356
Wikipedia,L1,1288,hin,0.9968075156211853
Wikipedia,L5,1288,hin,0.9994074106216431
Wikipedia,L20,1288,hin,0.9994277954101562
Wikipedia,L1,1290,hin,0.996421754360199
Wikipedia,L5,1290,hin,0.9978380799293518
Wikipedia,L20,1290,hin,0.9990415573120117
Wikipedia,L1,1291,hin,0.9957154393196106
Wikipedia,L5,1291,hin,0.9986569285392761
Wikipedia,L20,1291,hin,0.9989080429077148
Wikipedia,L1,1292,hin,0.981884241104126
Wikipedia,L5,1292,hin,0.9969805479049683
Wikipedia,L20,1292,hin,0.9981245994567871
Wikipedia,L1,1293,hin,0.9871134161949158
Wikipedia,L5,1293,hin,0.9975212812423706
Wikipedia,L20,1293,hin,0.9971907138824463
Wikipedia,L1,1294,hin,0.992957353591919
Wikipedia,L5,1294,hin,0.9975674152374268
Wikipedia,L20,1294,hin,0.9977025985717773
Wikipedia,L1,1295,hin,0.9973941445350647
Wikipedia,L5,1295,hin,0.9969322085380554
Wikipedia,L20,1295,hin,0.996505081653595
Wikipedia,L1,1296,hin,0.9612488150596619
Wikipedia,L5,1296,hin,0.9957928657531738
Wikipedia,L20,1296,hin,0.997727632522583
Wikipedia,L1,1297,hin,0.998877763748169
Wikipedia,L5,1297,hin,0.9968218207359314
Wikipedia,L20,1297,hin,0.9969643354415894
Wikipedia,L1,1298,hin,0.9876839518547058
Wikipedia,L5,1298,hin,0.9790143966674805
Wikipedia,L20,1298,hin,0.9931807518005371
Wikipedia,L1,1299,hin,0.9995036125183105
Wikipedia,L5,1299,hin,0.99912029504776
Wikipedia,L20,1299,hin,0.9988645315170288
Wikipedia,L1,1300,hin,0.9978222846984863
Wikipedia,L5,1300,hin,0.9984662532806396
Wikipedia,L20,1300,hin,0.9991050958633423
Wikipedia,L1,1303,hin,0.9897960424423218
Wikipedia,L5,1303,hin,0.9980242252349854
Wikipedia,L20,1303,hin,0.9975181818008423
Wikipedia,L1,1305,hin,0.9941746592521667
Wikipedia,L5,1305,hin,0.9982196092605591
Wikipedia,L20,1305,hin,0.9980104565620422
Wikipedia,L1,1308,hin,0.9830420017242432
Wikipedia,L5,1308,hin,0.9959654808044434
Wikipedia,L20,1308,hin,0.9946187734603882
Wikipedia,L1,1309,hin,0.9965084791183472
Wikipedia,L5,1309,hin,0.9959332942962646
Wikipedia,L20,1309,hin,0.9955095648765564
Wikipedia,L1,1310,hin,0.9943888783454895
Wikipedia,L5,1310,hin,0.9937737584114075
Wikipedia,L20,1310,hin,0.9964133501052856
Wikipedia,L1,1311,hin,0.9515401721000671
Wikipedia,L5,1311,hin,0.9976645112037659
Wikipedia,L20,1311,hin,0.9969816207885742
Wikipedia,L1,1312,hin,0.978323757648468
Wikipedia,L5,1312,hin,0.9954866766929626
Wikipedia,L20,1312,hin,0.9974102973937988
Wikipedia,L1,1314,hin,0.9838659763336182
Wikipedia,L5,1314,hin,0.993628978729248
Wikipedia,L20,1314,hin,0.9924051761627197
Wikipedia,L1,1316,hin,0.9961487650871277
Wikipedia,L5,1316,hin,0.9992296695709229
Wikipedia,L20,1316,hin,0.9988648891448975
Wikipedia,L1,1318,hin,0.9974201321601868
Wikipedia,L5,1318,hin,0.9969920516014099
Wikipedia,L20,1318,hin,0.9965755343437195
Wikipedia,L1,1319,hin,0.9983348250389099
Wikipedia,L5,1319,hin,0.9982571601867676
Wikipedia,L20,1319,hin,0.9976839423179626
Wikipedia,L1,1323,hin,0.9947522878646851
Wikipedia,L5,1323,hin,0.9968367218971252
Wikipedia,L20,1323,hin,0.9984323978424072
Wikipedia,L1,1324,hin,0.9932776689529419
Wikipedia,L5,1324,hin,0.998451292514801
Wikipedia,L20,1324,hin,0.998475193977356
Wikipedia,L1,1325,hin,0.4882969260215759
Wikipedia,L5,1325,hin,0.991311252117157
Wikipedia,L20,1325,hin,0.9966692924499512
Wikipedia,L1,1329,hin,0.9994410872459412
Wikipedia,L5,1329,hin,0.9983813166618347
Wikipedia,L20,1329,hin,0.9985635876655579
Wikipedia,L1,1330,hin,0.9729745388031006
Wikipedia,L5,1330,hin,0.9985467195510864
Wikipedia,L20,1330,hin,0.999119222164154
Wikipedia,L1,1331,hin,0.9967237710952759
Wikipedia,L5,1331,hin,0.9992257356643677
Wikipedia,L20,1331,hin,0.9984612464904785
Wikipedia,L1,1332,hin,0.9997093677520752
Wikipedia,L5,1332,hin,0.997673749923706
Wikipedia,L20,1332,hin,0.997779369354248
Wikipedia,L1,1334,hin,0.9989185333251953
Wikipedia,L5,1334,hin,0.9976959228515625
Wikipedia,L20,1334,hin,0.9991338849067688
Wikipedia,L1,1338,hin,0.9979272484779358
Wikipedia,L5,1338,hin,0.9977030158042908
Wikipedia,L20,1338,hin,0.9982985854148865
Wikipedia,L1,1339,hin,0.9950740933418274
Wikipedia,L5,1339,hin,0.995400071144104
Wikipedia,L20,1339,hin,0.9958912134170532
Wikipedia,L1,1340,hin,0.9975924491882324
Wikipedia,L5,1340,hin,0.9975642561912537
Wikipedia,L20,1340,hin,0.9985613226890564
Wikipedia,L1,1346,hin,0.9988641738891602
Wikipedia,L5,1346,hin,0.9988997578620911
Wikipedia,L20,1346,hin,0.998163640499115
Wikipedia,L1,1347,hin,0.9942110180854797
Wikipedia,L5,1347,hin,0.9979671239852905
Wikipedia,L20,1347,hin,0.999251127243042
Wikipedia,L1,1349,hin,0.957221508026123
Wikipedia,L5,1349,hin,0.995932936668396
Wikipedia,L20,1349,hin,0.9980847835540771
Wikipedia,L1,1351,hin,0.8316925764083862
Wikipedia,L5,1351,hin,0.9979302287101746
Wikipedia,L20,1351,hin,0.9976438283920288
Wikipedia,L1,1352,hin,0.9843446612358093
Wikipedia,L5,1352,hin,0.9921289682388306
Wikipedia,L20,1352,hin,0.9932534098625183
Wikipedia,L1,1353,hin,0.9936623573303223
Wikipedia,L5,1353,hin,0.9980698227882385
Wikipedia,L20,1353,hin,0.9986212253570557
Wikipedia,L1,1354,hin,0.969139575958252
Wikipedia,L5,1354,hin,0.9958129525184631
Wikipedia,L20,1354,hin,0.9964887499809265
Wikipedia,L1,1356,hin,0.9992011189460754
Wikipedia,L5,1356,hin,0.9994810223579407
Wikipedia,L20,1356,hin,0.9993550181388855
Wikipedia,L1,1358,hin,0.9948444366455078
Wikipedia,L5,1358,hin,0.9969179034233093
Wikipedia,L20,1358,hin,0.9970967173576355
Wikipedia,L1,1359,hin,0.999790370464325
Wikipedia,L5,1359,hin,0.9980669617652893
Wikipedia,L20,1359,hin,0.9987323880195618
Wikipedia,L1,1361,hin,0.9990652203559875
Wikipedia,L5,1361,hin,0.9986112713813782
Wikipedia,L20,1361,hin,0.9976773858070374
Wikipedia,L1,1363,hin,0.9974601864814758
Wikipedia,L5,1363,hin,0.9991901516914368
Wikipedia,L20,1363,hin,0.9994764924049377
Wikipedia,L1,1364,hin,0.9995014667510986
Wikipedia,L5,1364,hin,0.9989190101623535
Wikipedia,L20,1364,hin,0.996873140335083
Wikipedia,L1,1366,hin,0.9988143444061279
Wikipedia,L5,1366,hin,0.9993768334388733
Wikipedia,L20,1366,hin,0.9990426301956177
Wikipedia,L1,1368,hin,0.9964956045150757
Wikipedia,L5,1368,hin,0.9989280700683594
Wikipedia,L20,1368,hin,0.9984968900680542
Wikipedia,L1,1369,hin,0.9998109936714172
Wikipedia,L5,1369,hin,0.9994831681251526
Wikipedia,L20,1369,hin,0.9987183809280396
Wikipedia,L1,1370,hin,0.9983224868774414
Wikipedia,L5,1370,hin,0.9996148943901062
Wikipedia,L20,1370,hin,0.9995414018630981
Wikipedia,L1,1371,hin,0.9885483980178833
Wikipedia,L5,1371,hin,0.9986498951911926
Wikipedia,L20,1371,hin,0.9992480278015137
Wikipedia,L1,1372,hin,0.994830846786499
Wikipedia,L5,1372,hin,0.997786819934845
Wikipedia,L20,1372,hin,0.9987006783485413
Wikipedia,L1,1373,hin,0.989351212978363
Wikipedia,L5,1373,hin,0.994143545627594
Wikipedia,L20,1373,hin,0.9974139332771301
Wikipedia,L1,1374,hin,0.9987599849700928
Wikipedia,L5,1374,hin,0.9987740516662598
Wikipedia,L20,1374,hin,0.9979431629180908
Wikipedia,L1,1375,hin,0.9318607449531555
Wikipedia,L5,1375,hin,0.9954095482826233
Wikipedia,L20,1375,hin,0.9963398575782776
Wikipedia,L1,1377,hin,0.9997847676277161
Wikipedia,L5,1377,hin,0.9980518817901611
Wikipedia,L20,1377,hin,0.9976809620857239
Wikipedia,L1,1378,hin,0.979783833026886
Wikipedia,L5,1378,hin,0.9967228174209595
Wikipedia,L20,1378,hin,0.9964274168014526
Wikipedia,L1,1380,hin,0.9401853084564209
Wikipedia,L5,1380,hin,0.9839224219322205
Wikipedia,L20,1380,hin,0.9978792667388916
Wikipedia,L1,1382,hin,0.9968496561050415
Wikipedia,L5,1382,hin,0.9965488910675049
Wikipedia,L20,1382,hin,0.9966886043548584
Wikipedia,L1,1383,hin,0.994642972946167
Wikipedia,L5,1383,hin,0.996893048286438
Wikipedia,L20,1383,hin,0.9959082007408142
Wikipedia,L1,1384,hin,0.9968541860580444
Wikipedia,L5,1384,hin,0.997811496257782
Wikipedia,L20,1384,hin,0.9977081418037415
Wikipedia,L1,1387,hin,0.9929469227790833
Wikipedia,L5,1387,hin,0.9967027902603149
Wikipedia,L20,1387,hin,0.998707115650177
Wikipedia,L1,1388,hin,0.997286856174469
Wikipedia,L5,1388,hin,0.999057948589325
Wikipedia,L20,1388,hin,0.999017059803009
Wikipedia,L1,1391,hin,0.9946889877319336
Wikipedia,L5,1391,hin,0.9979490637779236
Wikipedia,L20,1391,hin,0.9984201192855835
Wikipedia,L1,1393,hin,0.9900787472724915
Wikipedia,L5,1393,hin,0.9979860186576843
Wikipedia,L20,1393,hin,0.9977555871009827
Wikipedia,L1,1394,hin,0.9817524552345276
Wikipedia,L5,1394,hin,0.9965563416481018
Wikipedia,L20,1394,hin,0.9962912201881409
Wikipedia,L1,1398,hin,0.9978053569793701
Wikipedia,L5,1398,hin,0.9956108331680298
Wikipedia,L20,1398,hin,0.9965857863426208
Wikipedia,L1,1399,hin,0.9979425668716431
Wikipedia,L5,1399,hin,0.9978200793266296
Wikipedia,L20,1399,hin,0.9965951442718506
Wikipedia,L1,1401,hin,0.9920870065689087
Wikipedia,L5,1401,hin,0.9939250349998474
Wikipedia,L20,1401,hin,0.997052013874054
Wikipedia,L1,1402,hin,0.9986703395843506
Wikipedia,L5,1402,hin,0.9988923668861389
Wikipedia,L20,1402,hin,0.998393177986145
Wikipedia,L1,1404,hin,0.9993508458137512
Wikipedia,L5,1404,hin,0.9979779124259949
Wikipedia,L20,1404,hin,0.998512864112854
Wikipedia,L1,1406,hin,0.993628740310669
Wikipedia,L5,1406,hin,0.9949516654014587
Wikipedia,L20,1406,hin,0.9978684782981873
Wikipedia,L1,1407,hin,0.9991052150726318
Wikipedia,L5,1407,hin,0.9995249509811401
Wikipedia,L20,1407,hin,0.9991266131401062
Wikipedia,L1,1408,hin,0.9890137314796448
Wikipedia,L5,1408,hin,0.9978506565093994
Wikipedia,L20,1408,hin,0.998080313205719
Wikipedia,L1,1410,hin,0.9993258714675903
Wikipedia,L5,1410,hin,0.9995816349983215
Wikipedia,L20,1410,hin,0.9989575743675232
Wikipedia,L1,1412,hin,0.9990532994270325
Wikipedia,L5,1412,hin,0.9982789754867554
Wikipedia,L20,1412,hin,0.9984045624732971
Wikipedia,L1,1415,hin,0.9997372031211853
Wikipedia,L5,1415,hin,0.9991596937179565
Wikipedia,L20,1415,hin,0.9988750219345093
Wikipedia,L1,1416,hin,0.9995927214622498
Wikipedia,L5,1416,hin,0.9988922476768494
Wikipedia,L20,1416,hin,0.9990493059158325
Wikipedia,L1,1417,hin,0.9966800808906555
Wikipedia,L5,1417,hin,0.9956211447715759
Wikipedia,L20,1417,hin,0.9977409243583679
Wikipedia,L1,1419,hin,0.9979406595230103
Wikipedia,L5,1419,hin,0.9991719722747803
Wikipedia,L20,1419,hin,0.9982991814613342
Wikipedia,L1,1420,hin,0.996781051158905
Wikipedia,L5,1420,hin,0.99828040599823
Wikipedia,L20,1420,hin,0.9984130263328552
Wikipedia,L1,1422,hin,0.9766460061073303
Wikipedia,L5,1422,hin,0.9993522763252258
Wikipedia,L20,1422,hin,0.9991823434829712
Wikipedia,L1,1423,hin,0.9992496967315674
Wikipedia,L5,1423,hin,0.9984714984893799
Wikipedia,L20,1423,hin,0.9970399141311646
Wikipedia,L1,1424,hin,0.9972791075706482
Wikipedia,L5,1424,hin,0.9971888065338135
Wikipedia,L20,1424,hin,0.9941137433052063
Wikipedia,L1,1425,hin,0.9970810413360596
Wikipedia,L5,1425,hin,0.9987223148345947
Wikipedia,L20,1425,hin,0.9989808797836304
Wikipedia,L1,1426,hin,0.9979539513587952
Wikipedia,L5,1426,hin,0.9991788864135742
Wikipedia,L20,1426,hin,0.9993406534194946
Wikipedia,L1,1428,hin,0.6535104513168335
Wikipedia,L5,1428,hin,0.9837294816970825
Wikipedia,L20,1428,hin,0.9911677241325378
Wikipedia,L1,1429,hin,0.9975253343582153
Wikipedia,L5,1429,hin,0.9995927214622498
Wikipedia,L20,1429,hin,0.998322606086731
Wikipedia,L1,1431,hin,0.9990054965019226
Wikipedia,L5,1431,hin,0.9985406398773193
Wikipedia,L20,1431,hin,0.9976081252098083
Wikipedia,L1,1432,hin,0.9967944622039795
Wikipedia,L5,1432,hin,0.9960236549377441
Wikipedia,L20,1432,hin,0.9983740448951721
Wikipedia,L1,1433,hin,0.9953649044036865
Wikipedia,L5,1433,hin,0.999056875705719
Wikipedia,L20,1433,hin,0.997529149055481
Wikipedia,L1,1434,hin,0.984173595905304
Wikipedia,L5,1434,hin,0.9968180060386658
Wikipedia,L20,1434,hin,0.9976223707199097
Wikipedia,L1,1436,hin,0.9962874054908752
Wikipedia,L5,1436,hin,0.996851921081543
Wikipedia,L20,1436,hin,0.9976893067359924
Wikipedia,L1,1438,hin,0.9897419810295105
Wikipedia,L5,1438,hin,0.9980288743972778
Wikipedia,L20,1438,hin,0.9974565505981445
Wikipedia,L1,1440,hin,0.9945094585418701
Wikipedia,L5,1440,hin,0.9976270198822021
Wikipedia,L20,1440,hin,0.9966782927513123
Wikipedia,L1,1441,hin,0.9893327355384827
Wikipedia,L5,1441,hin,0.9954664707183838
Wikipedia,L20,1441,hin,0.9976962804794312
Wikipedia,L1,1442,hin,0.9987791180610657
Wikipedia,L5,1442,hin,0.9977301955223083
Wikipedia,L20,1442,hin,0.9988870024681091
Wikipedia,L1,1448,hin,0.9889890551567078
Wikipedia,L5,1448,hin,0.9902101159095764
Wikipedia,L20,1448,hin,0.9956259727478027
Wikipedia,L1,1450,hin,0.997596025466919
Wikipedia,L5,1450,hin,0.9993526339530945
Wikipedia,L20,1450,hin,0.9979254603385925
Wikipedia,L1,1451,hin,0.9981796741485596
Wikipedia,L5,1451,hin,0.9969387650489807
Wikipedia,L20,1451,hin,0.9953200221061707
Wikipedia,L1,1452,hin,0.997980535030365
Wikipedia,L5,1452,hin,0.997603714466095
Wikipedia,L20,1452,hin,0.9974046945571899
Wikipedia,L1,1453,hin,0.9906159043312073
Wikipedia,L5,1453,hin,0.9966009855270386
Wikipedia,L20,1453,hin,0.997901976108551
Wikipedia,L1,1455,hin,0.9969642162322998
Wikipedia,L5,1455,hin,0.9991124868392944
Wikipedia,L20,1455,hin,0.9995377063751221
Wikipedia,L1,1458,hin,0.9939839243888855
Wikipedia,L5,1458,hin,0.9981794357299805
Wikipedia,L20,1458,hin,0.9968411326408386
Wikipedia,L1,1459,hin,0.991571843624115
Wikipedia,L5,1459,hin,0.9917513132095337
Wikipedia,L20,1459,hin,0.9945552349090576
Wikipedia,L1,1460,hin,0.9831688404083252
Wikipedia,L5,1460,hin,0.9974805116653442
Wikipedia,L20,1460,hin,0.998130738735199
Wikipedia,L1,1462,hin,0.9986967444419861
Wikipedia,L5,1462,hin,0.9980322122573853
Wikipedia,L20,1462,hin,0.9980275630950928
Wikipedia,L1,1463,hin,0.9969326853752136
Wikipedia,L5,1463,hin,0.9964606761932373
Wikipedia,L20,1463,hin,0.9965003132820129
Wikipedia,L1,1464,hin,0.9948539733886719
Wikipedia,L5,1464,hin,0.9992802739143372
Wikipedia,L20,1464,hin,0.9973970055580139
Wikipedia,L1,1465,hin,0.9927449226379395
Wikipedia,L5,1465,hin,0.9985551834106445
Wikipedia,L20,1465,hin,0.9980120062828064
Wikipedia,L1,1466,hin,0.9843685626983643
Wikipedia,L5,1466,hin,0.9874039888381958
Wikipedia,L20,1466,hin,0.9957155585289001
Wikipedia,L1,1467,hin,0.9545433521270752
Wikipedia,L5,1467,hin,0.9890246987342834
Wikipedia,L20,1467,hin,0.9968419671058655
Wikipedia,L1,1469,hin,0.9751175045967102
Wikipedia,L5,1469,hin,0.9956719279289246
Wikipedia,L20,1469,hin,0.9974878430366516
Wikipedia,L1,1470,hin,0.999636173248291
Wikipedia,L5,1470,hin,0.9971132874488831
Wikipedia,L20,1470,hin,0.9948887825012207
Wikipedia,L1,1472,hin,0.9889456629753113
Wikipedia,L5,1472,hin,0.9987416863441467
Wikipedia,L20,1472,hin,0.9988120794296265
Wikipedia,L1,1474,hin,0.9965023398399353
Wikipedia,L5,1474,hin,0.9973596334457397
Wikipedia,L20,1474,hin,0.9971523880958557
Wikipedia,L1,1477,hin,0.9029914140701294
Wikipedia,L5,1477,hin,0.9977315068244934
Wikipedia,L20,1477,hin,0.9981247186660767
Wikipedia,L1,1478,hin,0.9959336519241333
Wikipedia,L5,1478,hin,0.9978460669517517
Wikipedia,L20,1478,hin,0.9978494644165039
Wikipedia,L1,1480,hin,0.9992467164993286
Wikipedia,L5,1480,hin,0.9985595345497131
Wikipedia,L20,1480,hin,0.9959575533866882
Wikipedia,L1,1481,hin,0.9754034876823425
Wikipedia,L5,1481,hin,0.9996939897537231
Wikipedia,L20,1481,hin,0.999735414981842
Wikipedia,L1,1482,hin,0.9770952463150024
Wikipedia,L5,1482,hin,0.9980469346046448
Wikipedia,L20,1482,hin,0.999121367931366
Wikipedia,L1,1483,hin,0.9982928037643433
Wikipedia,L5,1483,hin,0.9992527961730957
Wikipedia,L20,1483,hin,0.9984490275382996
Wikipedia,L1,1486,hin,0.991136372089386
Wikipedia,L5,1486,hin,0.9981761574745178
Wikipedia,L20,1486,hin,0.9976350665092468
Wikipedia,L1,1487,hin,0.9981517791748047
Wikipedia,L5,1487,hin,0.9994608759880066
Wikipedia,L20,1487,hin,0.999612033367157
Wikipedia,L1,1489,hin,0.9005000591278076
Wikipedia,L5,1489,hin,0.9702818989753723
Wikipedia,L20,1489,hin,0.9907101988792419
Wikipedia,L1,1493,hin,0.9763994812965393
Wikipedia,L5,1493,hin,0.9993731379508972
Wikipedia,L20,1493,hin,0.9995157718658447
Wikipedia,L1,1496,hin,0.9978622198104858
Wikipedia,L5,1496,hin,0.99799644947052
Wikipedia,L20,1496,hin,0.9973978400230408
Wikipedia,L1,1503,hin,0.9951334595680237
Wikipedia,L5,1503,hin,0.9990329742431641
Wikipedia,L20,1503,hin,0.9983322024345398
Wikipedia,L1,1505,hin,0.9992741942405701
Wikipedia,L5,1505,hin,0.9987862706184387
Wikipedia,L20,1505,hin,0.9990983009338379
Wikipedia,L1,1506,hin,0.9979569315910339
Wikipedia,L5,1506,hin,0.9979163408279419
Wikipedia,L20,1506,hin,0.997900664806366
Wikipedia,L1,1507,hin,0.995905876159668
Wikipedia,L5,1507,hin,0.9982960820198059
Wikipedia,L20,1507,hin,0.9966794848442078
Wikipedia,L1,1508,hin,0.9991452097892761
Wikipedia,L5,1508,hin,0.9994169473648071
Wikipedia,L20,1508,hin,0.9986489415168762
Wikipedia,L1,1509,hin,0.9988056421279907
Wikipedia,L5,1509,hin,0.9976885914802551
Wikipedia,L20,1509,hin,0.9990012049674988
Wikipedia,L1,1510,hin,0.9991044998168945
Wikipedia,L5,1510,hin,0.9996135830879211
Wikipedia,L20,1510,hin,0.9994392991065979
Wikipedia,L1,1511,hin,0.9298025965690613
Wikipedia,L5,1511,hin,0.9577762484550476
Wikipedia,L20,1511,hin,0.9933551549911499
Wikipedia,L1,1513,hin,0.9996317625045776
Wikipedia,L5,1513,hin,0.9983784556388855
Wikipedia,L20,1513,hin,0.9993280172348022
Wikipedia,L1,1515,hin,0.9996700286865234
Wikipedia,L5,1515,hin,0.9979109764099121
Wikipedia,L20,1515,hin,0.9986562132835388
Wikipedia,L1,1516,hin,0.9976222515106201
Wikipedia,L5,1516,hin,0.9993385076522827
Wikipedia,L20,1516,hin,0.99925696849823
Wikipedia,L1,1517,hin,0.9992423057556152
Wikipedia,L5,1517,hin,0.9992666840553284
Wikipedia,L20,1517,hin,0.9989494681358337
Wikipedia,L1,1518,hin,0.994317352771759
Wikipedia,L5,1518,hin,0.9983184337615967
Wikipedia,L20,1518,hin,0.9981411099433899
Wikipedia,L1,1519,hin,0.9995583891868591
Wikipedia,L5,1519,hin,0.9993083477020264
Wikipedia,L20,1519,hin,0.9991580247879028
Wikipedia,L1,1520,hin,0.9986444115638733
Wikipedia,L5,1520,hin,0.9961392879486084
Wikipedia,L20,1520,hin,0.9967731237411499
Wikipedia,L1,1521,hin,0.9956109523773193
Wikipedia,L5,1521,hin,0.997296929359436
Wikipedia,L20,1521,hin,0.9985676407814026
Wikipedia,L1,1523,hin,0.9987452626228333
Wikipedia,L5,1523,hin,0.9987440705299377
Wikipedia,L20,1523,hin,0.999116837978363
Wikipedia,L1,1524,hin,0.9791353344917297
Wikipedia,L5,1524,hin,0.996466338634491
Wikipedia,L20,1524,hin,0.9980301856994629
Wikipedia,L1,1526,hin,0.9981588125228882
Wikipedia,L5,1526,hin,0.9991282820701599
Wikipedia,L20,1526,hin,0.9979905486106873
Wikipedia,L1,1529,hin,0.9997796416282654
Wikipedia,L5,1529,hin,0.9991693496704102
Wikipedia,L20,1529,hin,0.9987175464630127
Wikipedia,L1,1531,hin,0.9762335419654846
Wikipedia,L5,1531,hin,0.9993641972541809
Wikipedia,L20,1531,hin,0.9991281628608704
Wikipedia,L1,1532,hin,0.999752938747406
Wikipedia,L5,1532,hin,0.999524712562561
Wikipedia,L20,1532,hin,0.9992218017578125
Wikipedia,L1,1534,hin,0.9987149238586426
Wikipedia,L5,1534,hin,0.9987946152687073
Wikipedia,L20,1534,hin,0.9954690933227539
Wikipedia,L1,1537,hin,0.9981346726417542
Wikipedia,L5,1537,hin,0.9978350400924683
Wikipedia,L20,1537,hin,0.9987574815750122
Wikipedia,L1,1538,hin,0.995216429233551
Wikipedia,L5,1538,hin,0.9982471466064453
Wikipedia,L20,1538,hin,0.9990052580833435
Wikipedia,L1,1542,hin,0.9928418397903442
Wikipedia,L5,1542,hin,0.9986636638641357
Wikipedia,L20,1542,hin,0.9994381070137024
Wikipedia,L1,1546,hin,0.9861669540405273
Wikipedia,L5,1546,hin,0.9891986846923828
Wikipedia,L20,1546,hin,0.9951006174087524
Wikipedia,L1,1551,hin,0.9967629313468933
Wikipedia,L5,1551,hin,0.9988489747047424
Wikipedia,L20,1551,hin,0.9969977736473083
Wikipedia,L1,1552,hin,0.9482455253601074
Wikipedia,L5,1552,hin,0.9958711266517639
Wikipedia,L20,1552,hin,0.9978161454200745
Wikipedia,L1,1554,hin,0.986565351486206
Wikipedia,L5,1554,hin,0.9773581027984619
Wikipedia,L20,1554,hin,0.996758222579956
Wikipedia,L1,1556,hin,0.9781361222267151
Wikipedia,L5,1556,hin,0.9989700317382812
Wikipedia,L20,1556,hin,0.9993927478790283
Wikipedia,L1,1558,hin,0.9987537264823914
Wikipedia,L5,1558,hin,0.999549150466919
Wikipedia,L20,1558,hin,0.9990291595458984
Wikipedia,L1,1559,hin,0.9949665665626526
Wikipedia,L5,1559,hin,0.9989221096038818
Wikipedia,L20,1559,hin,0.9978269338607788
Wikipedia,L1,1561,hin,0.9689309000968933
Wikipedia,L5,1561,hin,0.9423512816429138
Wikipedia,L20,1561,hin,0.9880119562149048
Wikipedia,L1,1562,hin,0.9965618848800659
Wikipedia,L5,1562,hin,0.9987750053405762
Wikipedia,L20,1562,hin,0.9979291558265686
Wikipedia,L1,1563,hin,0.9984623193740845
Wikipedia,L5,1563,hin,0.9941654205322266
Wikipedia,L20,1563,hin,0.99846351146698
Wikipedia,L1,1565,hin,0.9991024732589722
Wikipedia,L5,1565,hin,0.9980249404907227
Wikipedia,L20,1565,hin,0.9984508156776428
Wikipedia,L1,1566,hin,0.9994897246360779
Wikipedia,L5,1566,hin,0.9991429448127747
Wikipedia,L20,1566,hin,0.9983758330345154
Wikipedia,L1,1567,hin,0.9976683855056763
Wikipedia,L5,1567,hin,0.9995879530906677
Wikipedia,L20,1567,hin,0.9994103908538818
Wikipedia,L1,1568,hin,0.8897298574447632
Wikipedia,L5,1568,hin,0.9962805509567261
Wikipedia,L20,1568,hin,0.997459352016449
Wikipedia,L1,1570,hin,0.9995762705802917
Wikipedia,L5,1570,hin,0.9991878867149353
Wikipedia,L20,1570,hin,0.9994961023330688
Wikipedia,L1,1571,hin,0.9948707222938538
Wikipedia,L5,1571,hin,0.9994423985481262
Wikipedia,L20,1571,hin,0.9994468092918396
Wikipedia,L1,1578,hin,0.99737149477005
Wikipedia,L5,1578,hin,0.9970908761024475
Wikipedia,L20,1578,hin,0.9974780082702637
Wikipedia,L1,1580,hin,0.9820391535758972
Wikipedia,L5,1580,hin,0.9990063309669495
Wikipedia,L20,1580,hin,0.9990936517715454
Wikipedia,L1,1581,hin,0.9948065876960754
Wikipedia,L5,1581,hin,0.9978803396224976
Wikipedia,L20,1581,hin,0.9984171986579895
Wikipedia,L1,1584,hin,0.9807142019271851
Wikipedia,L5,1584,hin,0.9993969202041626
Wikipedia,L20,1584,hin,0.9993898868560791
Wikipedia,L1,1587,hin,0.9998095631599426
Wikipedia,L5,1587,hin,0.9996230006217957
Wikipedia,L20,1587,hin,0.9992160201072693
Wikipedia,L1,1588,hin,0.9926488399505615
Wikipedia,L5,1588,hin,0.9944469928741455
Wikipedia,L20,1588,hin,0.9979570508003235
Wikipedia,L1,1590,hin,0.9990556836128235
Wikipedia,L5,1590,hin,0.9986136555671692
Wikipedia,L20,1590,hin,0.9975072741508484
Wikipedia,L1,1591,hin,0.9990702271461487
Wikipedia,L5,1591,hin,0.999244213104248
Wikipedia,L20,1591,hin,0.9989034533500671
Wikipedia,L1,1592,hin,0.9995262622833252
Wikipedia,L5,1592,hin,0.9978303909301758
Wikipedia,L20,1592,hin,0.9988839030265808
Wikipedia,L1,1593,hin,0.9979978799819946
Wikipedia,L5,1593,hin,0.9971684217453003
Wikipedia,L20,1593,hin,0.9972366690635681
Wikipedia,L1,1594,hin,0.9956348538398743
Wikipedia,L5,1594,hin,0.9876042604446411
Wikipedia,L20,1594,hin,0.9822599291801453
Wikipedia,L1,1595,hin,0.9646037817001343
Wikipedia,L5,1595,hin,0.9984436631202698
Wikipedia,L20,1595,hin,0.9974567890167236
Wikipedia,L1,1596,hin,0.995389461517334
Wikipedia,L5,1596,hin,0.9989868402481079
Wikipedia,L20,1596,hin,0.9992529153823853
Wikipedia,L1,1597,hin,0.9945133924484253
Wikipedia,L5,1597,hin,0.9979342222213745
Wikipedia,L20,1597,hin,0.9987736940383911
Wikipedia,L1,1598,hin,0.9978734850883484
Wikipedia,L5,1598,hin,0.9994608759880066
Wikipedia,L20,1598,hin,0.9992892146110535
Wikipedia,L1,1599,hin,0.9991081953048706
Wikipedia,L5,1599,hin,0.9988199472427368
Wikipedia,L20,1599,hin,0.998499870300293
Wikipedia,L1,1602,hin,0.9996564388275146
Wikipedia,L5,1602,hin,0.9978224039077759
Wikipedia,L20,1602,hin,0.998495876789093
Wikipedia,L1,1603,hin,0.9835766553878784
Wikipedia,L5,1603,hin,0.999072253704071
Wikipedia,L20,1603,hin,0.9994540810585022
Wikipedia,L1,1604,hin,0.9955959320068359
Wikipedia,L5,1604,hin,0.9969049692153931
Wikipedia,L20,1604,hin,0.9964104890823364
Wikipedia,L1,1606,hin,0.9638794660568237
Wikipedia,L5,1606,hin,0.9930877685546875
Wikipedia,L20,1606,hin,0.9956691265106201
Wikipedia,L1,1607,hin,0.9887053370475769
Wikipedia,L5,1607,hin,0.9985908269882202
Wikipedia,L20,1607,hin,0.9989068508148193
Wikipedia,L1,1608,hin,0.9989606142044067
Wikipedia,L5,1608,hin,0.9986710548400879
Wikipedia,L20,1608,hin,0.9986045956611633
Wikipedia,L1,1609,hin,0.9923233389854431
Wikipedia,L5,1609,hin,0.9980645179748535
Wikipedia,L20,1609,hin,0.99908047914505
Wikipedia,L1,1610,hin,0.9912895560264587
Wikipedia,L5,1610,hin,0.9894956350326538
Wikipedia,L20,1610,hin,0.992713451385498
Wikipedia,L1,1613,hin,0.9999872446060181
Wikipedia,L5,1613,hin,0.999576985836029
Wikipedia,L20,1613,hin,0.9992306232452393
Wikipedia,L1,1616,hin,0.9948105812072754
Wikipedia,L5,1616,hin,0.9962542057037354
Wikipedia,L20,1616,hin,0.9956333041191101
Wikipedia,L1,1618,hin,0.9994951486587524
Wikipedia,L5,1618,hin,0.999279797077179
Wikipedia,L20,1618,hin,0.9990907907485962
Wikipedia,L1,1620,hin,0.9972972869873047
Wikipedia,L5,1620,hin,0.9985200762748718
Wikipedia,L20,1620,hin,0.9983837604522705
Wikipedia,L1,1622,hin,0.9970208406448364
Wikipedia,L5,1622,hin,0.9976497888565063
Wikipedia,L20,1622,hin,0.9979444742202759
Wikipedia,L1,1623,hin,0.9982358813285828
Wikipedia,L5,1623,hin,0.9983906745910645
Wikipedia,L20,1623,hin,0.9984654188156128
Wikipedia,L1,1624,hin,0.9987325072288513
Wikipedia,L5,1624,hin,0.998680830001831
Wikipedia,L20,1624,hin,0.9976921081542969
Wikipedia,L1,1625,hin,0.9958130717277527
Wikipedia,L5,1625,hin,0.9985169768333435
Wikipedia,L20,1625,hin,0.9988825917243958
Wikipedia,L1,1626,hin,0.9947175979614258
Wikipedia,L5,1626,hin,0.9989055395126343
Wikipedia,L20,1626,hin,0.9984099268913269
Wikipedia,L1,1629,hin,0.9980772137641907
Wikipedia,L5,1629,hin,0.9990645051002502
Wikipedia,L20,1629,hin,0.9984667301177979
Wikipedia,L1,1633,hin,0.9983899593353271
Wikipedia,L5,1633,hin,0.9995054006576538
Wikipedia,L20,1633,hin,0.9991779327392578
Wikipedia,L1,1635,hin,0.9880614280700684
Wikipedia,L5,1635,hin,0.99848872423172
Wikipedia,L20,1635,hin,0.9962411522865295
Wikipedia,L1,1636,hin,0.997584879398346
Wikipedia,L5,1636,hin,0.9972839951515198
Wikipedia,L20,1636,hin,0.9983784556388855
Wikipedia,L1,1637,hin,0.9869239926338196
Wikipedia,L5,1637,hin,0.9954789876937866
Wikipedia,L20,1637,hin,0.9959456920623779
Wikipedia,L1,1639,hin,0.998241126537323
Wikipedia,L5,1639,hin,0.9980587959289551
Wikipedia,L20,1639,hin,0.9976375699043274
Wikipedia,L1,1640,hin,0.9998818635940552
Wikipedia,L5,1640,hin,0.9990175366401672
Wikipedia,L20,1640,hin,0.9986653327941895
Wikipedia,L1,1643,hin,0.9978077411651611
Wikipedia,L5,1643,hin,0.9965702891349792
Wikipedia,L20,1643,hin,0.9984351396560669
Wikipedia,L1,1644,hin,0.6489717364311218
Wikipedia,L5,1644,hin,0.9871488213539124
Wikipedia,L20,1644,hin,0.9968705177307129
Wikipedia,L1,1645,hin,0.9967897534370422
Wikipedia,L5,1645,hin,0.9981542825698853
Wikipedia,L20,1645,hin,0.9981505870819092
Wikipedia,L1,1646,hin,0.9989598393440247
Wikipedia,L5,1646,hin,0.9963635206222534
Wikipedia,L20,1646,hin,0.9971356987953186
Wikipedia,L1,1647,hin,0.9991431832313538
Wikipedia,L5,1647,hin,0.9996606111526489
Wikipedia,L20,1647,hin,0.9993305206298828
Wikipedia,L1,1650,hin,0.96971595287323
Wikipedia,L5,1650,hin,0.9930335283279419
Wikipedia,L20,1650,hin,0.9967795610427856
Wikipedia,L1,1652,hin,0.9993866086006165
Wikipedia,L5,1652,hin,0.9990332126617432
Wikipedia,L20,1652,hin,0.9979068040847778
Wikipedia,L1,1653,hin,0.9924883842468262
Wikipedia,L5,1653,hin,0.9762532114982605
Wikipedia,L20,1653,hin,0.9954693913459778
Wikipedia,L1,1657,hin,0.9886250495910645
Wikipedia,L5,1657,hin,0.99860018491745
Wikipedia,L20,1657,hin,0.998121976852417
Wikipedia,L1,1658,hin,0.9985871315002441
Wikipedia,L5,1658,hin,0.999215304851532
Wikipedia,L20,1658,hin,0.9987451434135437
Wikipedia,L1,1659,hin,0.9889968633651733
Wikipedia,L5,1659,hin,0.9970813989639282
Wikipedia,L20,1659,hin,0.9952840209007263
Wikipedia,L1,1660,hin,0.9968754649162292
Wikipedia,L5,1660,hin,0.9964835047721863
Wikipedia,L20,1660,hin,0.9983022809028625
Wikipedia,L1,1663,hin,0.9918080568313599
Wikipedia,L5,1663,hin,0.9977724552154541
Wikipedia,L20,1663,hin,0.9975782036781311
Wikipedia,L1,1665,hin,0.9967133402824402
Wikipedia,L5,1665,hin,0.9966351985931396
Wikipedia,L20,1665,hin,0.9961002469062805
Wikipedia,L1,1670,hin,0.9983639717102051
Wikipedia,L5,1670,hin,0.9975730180740356
Wikipedia,L20,1670,hin,0.9974216818809509
Wikipedia,L1,1671,hin,0.9914631843566895
Wikipedia,L5,1671,hin,0.9973124265670776
Wikipedia,L20,1671,hin,0.9979596734046936
Wikipedia,L1,1674,hin,0.9992771744728088
Wikipedia,L5,1674,hin,0.999090313911438
Wikipedia,L20,1674,hin,0.9985995888710022
Wikipedia,L1,1675,hin,0.9867222309112549
Wikipedia,L5,1675,hin,0.9974647164344788
Wikipedia,L20,1675,hin,0.997445285320282
Wikipedia,L1,1676,hin,0.9911061525344849
Wikipedia,L5,1676,hin,0.9965430498123169
Wikipedia,L20,1676,hin,0.9968736171722412
Wikipedia,L1,1680,hin,0.986417293548584
Wikipedia,L5,1680,hin,0.9925641417503357
Wikipedia,L20,1680,hin,0.9963347315788269
Wikipedia,L1,1681,hin,0.9940859079360962
Wikipedia,L5,1681,hin,0.9973108172416687
Wikipedia,L20,1681,hin,0.9992006421089172
Wikipedia,L1,1682,hin,0.9996384382247925
Wikipedia,L5,1682,hin,0.9988205432891846
Wikipedia,L20,1682,hin,0.9992547035217285
Wikipedia,L1,1683,hin,0.9967890381813049
Wikipedia,L5,1683,hin,0.9987936615943909
Wikipedia,L20,1683,hin,0.9980376362800598
Wikipedia,L1,1688,hin,0.953171968460083
Wikipedia,L5,1688,hin,0.99693363904953
Wikipedia,L20,1688,hin,0.9990069270133972
Wikipedia,L1,1689,hin,0.9985840320587158
Wikipedia,L5,1689,hin,0.9988308548927307
Wikipedia,L20,1689,hin,0.9985703825950623
Wikipedia,L1,1691,hin,0.9994449019432068
Wikipedia,L5,1691,hin,0.999661922454834
Wikipedia,L20,1691,hin,0.9985597729682922
Wikipedia,L1,1693,hin,0.9976846575737
Wikipedia,L5,1693,hin,0.9976966381072998
Wikipedia,L20,1693,hin,0.9980416893959045
Wikipedia,L1,1694,hin,0.9970706105232239
Wikipedia,L5,1694,hin,0.9994650483131409
Wikipedia,L20,1694,hin,0.999253511428833
Wikipedia,L1,1695,hin,0.9992350339889526
Wikipedia,L5,1695,hin,0.9986593127250671
Wikipedia,L20,1695,hin,0.9991915822029114
Wikipedia,L1,1696,hin,0.9974114894866943
Wikipedia,L5,1696,hin,0.9986850619316101
Wikipedia,L20,1696,hin,0.9987398982048035
Wikipedia,L1,1697,hin,0.9821687340736389
Wikipedia,L5,1697,hin,0.998959481716156
Wikipedia,L20,1697,hin,0.9979912638664246
Wikipedia,L1,1698,hin,0.9936748743057251
Wikipedia,L5,1698,hin,0.998897135257721
Wikipedia,L20,1698,hin,0.9990227222442627
Wikipedia,L1,1701,hin,0.9201400279998779
Wikipedia,L5,1701,hin,0.9987773895263672
Wikipedia,L20,1701,hin,0.9989916682243347
Wikipedia,L1,1702,hin,0.9748237133026123
Wikipedia,L5,1702,hin,0.9973738789558411
Wikipedia,L20,1702,hin,0.9983545541763306
Wikipedia,L1,1704,hin,0.9975375533103943
Wikipedia,L5,1704,hin,0.9982029795646667
Wikipedia,L20,1704,hin,0.9991156458854675
Wikipedia,L1,1708,hin,0.999517560005188
Wikipedia,L5,1708,hin,0.9985088109970093
Wikipedia,L20,1708,hin,0.9986923336982727
Wikipedia,L1,1709,hin,0.9978769421577454
Wikipedia,L5,1709,hin,0.9989516139030457
Wikipedia,L20,1709,hin,0.9991394877433777
Wikipedia,L1,1711,hin,0.9468685388565063
Wikipedia,L5,1711,hin,0.988091230392456
Wikipedia,L20,1711,hin,0.9980547428131104
Wikipedia,L1,1714,hin,0.999946117401123
Wikipedia,L5,1714,hin,0.9987305402755737
Wikipedia,L20,1714,hin,0.9990264177322388
Wikipedia,L1,1715,hin,0.9994493126869202
Wikipedia,L5,1715,hin,0.9990818500518799
Wikipedia,L20,1715,hin,0.9990233182907104
Wikipedia,L1,1716,hin,0.842997133731842
Wikipedia,L5,1716,hin,0.9993096590042114
Wikipedia,L20,1716,hin,0.9989388585090637
Wikipedia,L1,1717,hin,0.994952380657196
Wikipedia,L5,1717,hin,0.9991984963417053
Wikipedia,L20,1717,hin,0.9983648657798767
Wikipedia,L1,1718,hin,0.9963771104812622
Wikipedia,L5,1718,hin,0.9985944032669067
Wikipedia,L20,1718,hin,0.9987360835075378
Wikipedia,L1,1719,hin,0.9983806014060974
Wikipedia,L5,1719,hin,0.999363124370575
Wikipedia,L20,1719,hin,0.998848021030426
Wikipedia,L1,1720,hin,0.9989800453186035
Wikipedia,L5,1720,hin,0.997981607913971
Wikipedia,L20,1720,hin,0.9979645013809204
Wikipedia,L1,1722,hin,0.974726140499115
Wikipedia,L5,1722,hin,0.9991268515586853
Wikipedia,L20,1722,hin,0.9991092681884766
Wikipedia,L1,1723,hin,0.9995074272155762
Wikipedia,L5,1723,hin,0.9979196190834045
Wikipedia,L20,1723,hin,0.9987589120864868
Wikipedia,L1,1724,hin,0.9988024234771729
Wikipedia,L5,1724,hin,0.9996718168258667
Wikipedia,L20,1724,hin,0.9992699027061462
Wikipedia,L1,1727,hin,0.7507352232933044
Wikipedia,L5,1727,hin,0.9904722571372986
Wikipedia,L20,1727,hin,0.9969255924224854
Wikipedia,L1,1731,hin,0.9978163838386536
Wikipedia,L5,1731,hin,0.9989184141159058
Wikipedia,L20,1731,hin,0.998753011226654
Wikipedia,L1,1733,hin,0.9993059635162354
Wikipedia,L5,1733,hin,0.9981037974357605
Wikipedia,L20,1733,hin,0.9966651201248169
Wikipedia,L1,1735,hin,0.9994931221008301
Wikipedia,L5,1735,hin,0.9981824159622192
Wikipedia,L20,1735,hin,0.9976422786712646
Wikipedia,L1,1736,hin,0.9991484880447388
Wikipedia,L5,1736,hin,0.9955953359603882
Wikipedia,L20,1736,hin,0.9970976710319519
Wikipedia,L1,1739,hin,0.996660053730011
Wikipedia,L5,1739,hin,0.9957903623580933
Wikipedia,L20,1739,hin,0.9971710443496704
Wikipedia,L1,1740,hin,0.9993172883987427
Wikipedia,L5,1740,hin,0.9994857907295227
Wikipedia,L20,1740,hin,0.9989292621612549
Wikipedia,L1,1742,hin,0.9989028573036194
Wikipedia,L5,1742,hin,0.9991912245750427
Wikipedia,L20,1742,hin,0.998089075088501
Wikipedia,L1,1743,hin,0.9894919395446777
Wikipedia,L5,1743,hin,0.9953575730323792
Wikipedia,L20,1743,hin,0.9975634217262268
Wikipedia,L1,1745,hin,0.9727379083633423
Wikipedia,L5,1745,hin,0.9991545677185059
Wikipedia,L20,1745,hin,0.9969228506088257
Wikipedia,L1,1748,hin,0.9980462193489075
Wikipedia,L5,1748,hin,0.9988265037536621
Wikipedia,L20,1748,hin,0.999592125415802
Wikipedia,L1,1751,hin,0.9970604181289673
Wikipedia,L5,1751,hin,0.9952437281608582
Wikipedia,L20,1751,hin,0.9969602227210999
Wikipedia,L1,1753,hin,0.9975549578666687
Wikipedia,L5,1753,hin,0.9982534646987915
Wikipedia,L20,1753,hin,0.9988613128662109
Wikipedia,L1,1754,hin,0.9954560995101929
Wikipedia,L5,1754,hin,0.9976463317871094
Wikipedia,L20,1754,hin,0.9982236623764038
Wikipedia,L1,1755,hin,0.9997469782829285
Wikipedia,L5,1755,hin,0.998687207698822
Wikipedia,L20,1755,hin,0.9984564185142517
Wikipedia,L1,1757,hin,0.9664543271064758
Wikipedia,L5,1757,hin,0.9974018335342407
Wikipedia,L20,1757,hin,0.997953474521637
Wikipedia,L1,1758,hin,0.9992842078208923
Wikipedia,L5,1758,hin,0.9972971677780151
Wikipedia,L20,1758,hin,0.9972680807113647
Wikipedia,L1,1760,hin,0.9913679361343384
Wikipedia,L5,1760,hin,0.9996833801269531
Wikipedia,L20,1760,hin,0.9985235333442688
Wikipedia,L1,1761,hin,0.9984656572341919
Wikipedia,L5,1761,hin,0.9988464713096619
Wikipedia,L20,1761,hin,0.9987004399299622
Wikipedia,L1,1763,hin,0.9818300008773804
Wikipedia,L5,1763,hin,0.9971932768821716
Wikipedia,L20,1763,hin,0.9967752695083618
Wikipedia,L1,1764,hin,0.987542450428009
Wikipedia,L5,1764,hin,0.9980006217956543
Wikipedia,L20,1764,hin,0.9982892274856567
Wikipedia,L1,1765,hin,0.9997073411941528
Wikipedia,L5,1765,hin,0.9984010457992554
Wikipedia,L20,1765,hin,0.9981597661972046
Wikipedia,L1,1766,hin,0.9934159517288208
Wikipedia,L5,1766,hin,0.9985960721969604
Wikipedia,L20,1766,hin,0.9984551072120667
Wikipedia,L1,1768,hin,0.9982436895370483
Wikipedia,L5,1768,hin,0.999079167842865
Wikipedia,L20,1768,hin,0.9987346529960632
Wikipedia,L1,1769,hin,0.9967101216316223
Wikipedia,L5,1769,hin,0.998253345489502
Wikipedia,L20,1769,hin,0.999056875705719
Wikipedia,L1,1774,hin,0.9905648827552795
Wikipedia,L5,1774,hin,0.9979466199874878
Wikipedia,L20,1774,hin,0.9974880814552307
Wikipedia,L1,1775,hin,0.992444634437561
Wikipedia,L5,1775,hin,0.9958242774009705
Wikipedia,L20,1775,hin,0.9977030158042908
Wikipedia,L1,1776,hin,0.9986897110939026
Wikipedia,L5,1776,hin,0.9966269135475159
Wikipedia,L20,1776,hin,0.9975380301475525
Wikipedia,L1,1779,hin,0.9939515590667725
Wikipedia,L5,1779,hin,0.9964843392372131
Wikipedia,L20,1779,hin,0.998031735420227
Wikipedia,L1,1780,hin,0.9958698153495789
Wikipedia,L5,1780,hin,0.9960534572601318
Wikipedia,L20,1780,hin,0.9981334805488586
Wikipedia,L1,1783,hin,0.999756395816803
Wikipedia,L5,1783,hin,0.9989529252052307
Wikipedia,L20,1783,hin,0.9986504912376404
Wikipedia,L1,1784,hin,0.9998112320899963
Wikipedia,L5,1784,hin,0.9995865225791931
Wikipedia,L20,1784,hin,0.9990059733390808
Wikipedia,L1,1791,hin,0.9937204122543335
Wikipedia,L5,1791,hin,0.9978888034820557
Wikipedia,L20,1791,hin,0.9989407658576965
Wikipedia,L1,1792,hin,0.9984604120254517
Wikipedia,L5,1792,hin,0.9945252537727356
Wikipedia,L20,1792,hin,0.9946625232696533
Wikipedia,L1,1793,hin,0.9995625615119934
Wikipedia,L5,1793,hin,0.9994287490844727
Wikipedia,L20,1793,hin,0.9992221593856812
Wikipedia,L1,1794,hin,0.9871037602424622
Wikipedia,L5,1794,hin,0.9985377788543701
Wikipedia,L20,1794,hin,0.9983107447624207
Wikipedia,L1,1795,hin,0.9956663846969604
Wikipedia,L5,1795,hin,0.9993002414703369
Wikipedia,L20,1795,hin,0.9983556270599365
Wikipedia,L1,1796,hin,0.9990764260292053
Wikipedia,L5,1796,hin,0.9980353116989136
Wikipedia,L20,1796,hin,0.9983842372894287
Wikipedia,L1,1797,hin,0.997157871723175
Wikipedia,L5,1797,hin,0.9992964863777161
Wikipedia,L20,1797,hin,0.998855471611023
Wikipedia,L1,1798,hin,0.9981001019477844
Wikipedia,L5,1798,hin,0.9991582632064819
Wikipedia,L20,1798,hin,0.9975290298461914
Wikipedia,L1,1800,hin,0.9985952377319336
Wikipedia,L5,1800,hin,0.9986773729324341
Wikipedia,L20,1800,hin,0.9985026121139526
Wikipedia,L1,1801,hin,0.9996888637542725
Wikipedia,L5,1801,hin,0.9993838667869568
Wikipedia,L20,1801,hin,0.9991536140441895
Wikipedia,L1,1806,hin,0.9968814253807068
Wikipedia,L5,1806,hin,0.9961772561073303
Wikipedia,L20,1806,hin,0.9952825903892517
Wikipedia,L1,1807,hin,0.9716417789459229
Wikipedia,L5,1807,hin,0.9939121007919312
Wikipedia,L20,1807,hin,0.9978402256965637
Wikipedia,L1,1808,hin,0.8365654945373535
Wikipedia,L5,1808,hin,0.9945248365402222
Wikipedia,L20,1808,hin,0.9978175759315491
Wikipedia,L1,1813,hin,0.9998621940612793
Wikipedia,L5,1813,hin,0.9992695450782776
Wikipedia,L20,1813,hin,0.9988564252853394
Wikipedia,L1,1814,hin,0.9944961667060852
Wikipedia,L5,1814,hin,0.9990783333778381
Wikipedia,L20,1814,hin,0.9986876845359802
Wikipedia,L1,1815,hin,0.9846262335777283
Wikipedia,L5,1815,hin,0.9995125532150269
Wikipedia,L20,1815,hin,0.999414324760437
Wikipedia,L1,1816,hin,0.9990074038505554
Wikipedia,L5,1816,hin,0.9991465210914612
Wikipedia,L20,1816,hin,0.9988135099411011
Wikipedia,L1,1817,hin,0.9961256980895996
Wikipedia,L5,1817,hin,0.9993405342102051
Wikipedia,L20,1817,hin,0.9990715384483337
Wikipedia,L1,1818,hin,0.9972650408744812
Wikipedia,L5,1818,hin,0.998761773109436
Wikipedia,L20,1818,hin,0.9975807070732117
Wikipedia,L1,1819,hin,0.8928728699684143
Wikipedia,L5,1819,hin,0.998671293258667
Wikipedia,L20,1819,hin,0.998977541923523
Wikipedia,L1,1820,hin,0.9995853304862976
Wikipedia,L5,1820,hin,0.9984333515167236
Wikipedia,L20,1820,hin,0.9971523880958557
Wikipedia,L1,1821,hin,0.9991406798362732
Wikipedia,L5,1821,hin,0.9989792108535767
Wikipedia,L20,1821,hin,0.9993504881858826
Wikipedia,L1,1822,hin,0.9976367354393005
Wikipedia,L5,1822,hin,0.9986177086830139
Wikipedia,L20,1822,hin,0.9980604648590088
Wikipedia,L1,1823,hin,0.9990347623825073
Wikipedia,L5,1823,hin,0.999543309211731
Wikipedia,L20,1823,hin,0.9979677200317383
Wikipedia,L1,1824,hin,0.9441400766372681
Wikipedia,L5,1824,hin,0.983536422252655
Wikipedia,L20,1824,hin,0.9903119206428528
Wikipedia,L1,1825,hin,0.9891229867935181
Wikipedia,L5,1825,hin,0.9991735219955444
Wikipedia,L20,1825,hin,0.9996073842048645
Wikipedia,L1,1826,hin,0.9919912815093994
Wikipedia,L5,1826,hin,0.9982588291168213
Wikipedia,L20,1826,hin,0.9989580512046814
Wikipedia,L1,1828,hin,0.9947898387908936
Wikipedia,L5,1828,hin,0.9988737106323242
Wikipedia,L20,1828,hin,0.9994600415229797
Wikipedia,L1,1829,hin,0.9654519557952881
Wikipedia,L5,1829,hin,0.992890477180481
Wikipedia,L20,1829,hin,0.9970322251319885
Wikipedia,L1,1830,hin,0.9969854354858398
Wikipedia,L5,1830,hin,0.9979629516601562
Wikipedia,L20,1830,hin,0.9987261295318604
Wikipedia,L1,1832,hin,0.9947263598442078
Wikipedia,L5,1832,hin,0.9977800846099854
Wikipedia,L20,1832,hin,0.998470664024353
Wikipedia,L1,1833,hin,0.998048722743988
Wikipedia,L5,1833,hin,0.9996077418327332
Wikipedia,L20,1833,hin,0.9991481304168701
Wikipedia,L1,1834,hin,0.9793993830680847
Wikipedia,L5,1834,hin,0.9985746741294861
Wikipedia,L20,1834,hin,0.9986200332641602
Wikipedia,L1,1835,hin,0.9954382181167603
Wikipedia,L5,1835,hin,0.9987738132476807
Wikipedia,L20,1835,hin,0.9986568093299866
Wikipedia,L1,1836,hin,0.9981958270072937
Wikipedia,L5,1836,hin,0.9971584677696228
Wikipedia,L20,1836,hin,0.9984114766120911
Wikipedia,L1,1837,hin,0.9981210231781006
Wikipedia,L5,1837,hin,0.9981231689453125
Wikipedia,L20,1837,hin,0.9990642666816711
Wikipedia,L1,1838,hin,0.9989600777626038
Wikipedia,L5,1838,hin,0.9993632435798645
Wikipedia,L20,1838,hin,0.9982932806015015
Wikipedia,L1,1840,hin,0.9404988884925842
Wikipedia,L5,1840,hin,0.9969621896743774
Wikipedia,L20,1840,hin,0.998140275478363
Wikipedia,L1,1842,hin,0.9775108098983765
Wikipedia,L5,1842,hin,0.9945418834686279
Wikipedia,L20,1842,hin,0.9935909509658813
Wikipedia,L1,1843,hin,0.9973582029342651
Wikipedia,L5,1843,hin,0.998843252658844
Wikipedia,L20,1843,hin,0.9986476302146912
Wikipedia,L1,1844,hin,0.988058865070343
Wikipedia,L5,1844,hin,0.9983478784561157
Wikipedia,L20,1844,hin,0.9981401562690735
Wikipedia,L1,1847,hin,0.9766785502433777
Wikipedia,L5,1847,hin,0.9978231191635132
Wikipedia,L20,1847,hin,0.9981256723403931
Wikipedia,L1,1848,hin,0.9733573198318481
Wikipedia,L5,1848,hin,0.9971656799316406
Wikipedia,L20,1848,hin,0.9973271489143372
Wikipedia,L1,1849,hin,0.9978295564651489
Wikipedia,L5,1849,hin,0.9986722469329834
Wikipedia,L20,1849,hin,0.9976478815078735
Wikipedia,L1,1850,hin,0.9945709109306335
Wikipedia,L5,1850,hin,0.9991012811660767
Wikipedia,L20,1850,hin,0.9991680383682251
Wikipedia,L1,1852,hin,0.9926819801330566
Wikipedia,L5,1852,hin,0.9974955320358276
Wikipedia,L20,1852,hin,0.9962604641914368
Wikipedia,L1,1858,hin,0.8748452663421631
Wikipedia,L5,1858,hin,0.9982916116714478
Wikipedia,L20,1858,hin,0.9988094568252563
Wikipedia,L1,1859,hin,0.9344379305839539
Wikipedia,L5,1859,hin,0.979077160358429
Wikipedia,L20,1859,hin,0.9959395527839661
Wikipedia,L1,1860,hin,0.8804947733879089
Wikipedia,L5,1860,hin,0.9893370866775513
Wikipedia,L20,1860,hin,0.9962745308876038
Wikipedia,L1,1861,hin,0.9859264492988586
Wikipedia,L5,1861,hin,0.995006799697876
Wikipedia,L20,1861,hin,0.9941591024398804
Wikipedia,L1,1866,hin,0.9877004623413086
Wikipedia,L5,1866,hin,0.9957670569419861
Wikipedia,L20,1866,hin,0.9979640245437622
Wikipedia,L1,1867,hin,0.9927482008934021
Wikipedia,L5,1867,hin,0.9887279272079468
Wikipedia,L20,1867,hin,0.997826337814331
Wikipedia,L1,1868,hin,0.9950156807899475
Wikipedia,L5,1868,hin,0.9974956512451172
Wikipedia,L20,1868,hin,0.9971438646316528
Wikipedia,L1,1871,hin,0.9988188743591309
Wikipedia,L5,1871,hin,0.9984542727470398
Wikipedia,L20,1871,hin,0.9988696575164795
Wikipedia,L1,1873,hin,0.8305436372756958
Wikipedia,L5,1873,hin,0.9958580732345581
Wikipedia,L20,1873,hin,0.998026967048645
Wikipedia,L1,1874,hin,0.9838067889213562
Wikipedia,L5,1874,hin,0.9976840615272522
Wikipedia,L20,1874,hin,0.9926509261131287
Wikipedia,L1,1876,hin,0.9651263952255249
Wikipedia,L5,1876,hin,0.9946675896644592
Wikipedia,L20,1876,hin,0.99577796459198
Wikipedia,L1,1877,hin,0.9988033771514893
Wikipedia,L5,1877,hin,0.9950154423713684
Wikipedia,L20,1877,hin,0.9946572184562683
Wikipedia,L1,1878,hin,0.9983686804771423
Wikipedia,L5,1878,hin,0.9977012872695923
Wikipedia,L20,1878,hin,0.9959691166877747
Wikipedia,L1,1879,hin,0.9864269495010376
Wikipedia,L5,1879,hin,0.9990782141685486
Wikipedia,L20,1879,hin,0.9969825744628906
Wikipedia,L1,1880,hin,0.9997501969337463
Wikipedia,L5,1880,hin,0.9993531107902527
Wikipedia,L20,1880,hin,0.9987583160400391
Wikipedia,L1,1886,hin,0.998948872089386
Wikipedia,L5,1886,hin,0.9982603192329407
Wikipedia,L20,1886,hin,0.9981438517570496
Wikipedia,L1,1887,hin,0.9978976845741272
Wikipedia,L5,1887,hin,0.9992762207984924
Wikipedia,L20,1887,hin,0.9984997510910034
Wikipedia,L1,1890,hin,0.9994885325431824
Wikipedia,L5,1890,hin,0.9984375238418579
Wikipedia,L20,1890,hin,0.9980067610740662
Wikipedia,L1,1892,hin,0.9912714958190918
Wikipedia,L5,1892,hin,0.996448278427124
Wikipedia,L20,1892,hin,0.9977924227714539
Wikipedia,L1,1893,hin,0.9999076128005981
Wikipedia,L5,1893,hin,0.9975659847259521
Wikipedia,L20,1893,hin,0.9980249404907227
Wikipedia,L1,1894,hin,0.9934834837913513
Wikipedia,L5,1894,hin,0.99915611743927
Wikipedia,L20,1894,hin,0.9992156624794006
Wikipedia,L1,1895,hin,0.9982717633247375
Wikipedia,L5,1895,hin,0.9981057047843933
Wikipedia,L20,1895,hin,0.9985452890396118
Wikipedia,L1,1897,hin,0.9987077713012695
Wikipedia,L5,1897,hin,0.9990272521972656
Wikipedia,L20,1897,hin,0.998981237411499
Wikipedia,L1,1898,hin,0.9982210397720337
Wikipedia,L5,1898,hin,0.9984725713729858
Wikipedia,L20,1898,hin,0.9979776740074158
Wikipedia,L1,1899,hin,0.9929584264755249
Wikipedia,L5,1899,hin,0.9963264465332031
Wikipedia,L20,1899,hin,0.9990291595458984
Wikipedia,L1,1905,hin,0.973011314868927
Wikipedia,L5,1905,hin,0.986873984336853
Wikipedia,L20,1905,hin,0.9895131587982178
Wikipedia,L1,1907,hin,0.9993848204612732
Wikipedia,L5,1907,hin,0.9994983673095703
Wikipedia,L20,1907,hin,0.9992212057113647
Wikipedia,L1,1909,hin,0.9959562420845032
Wikipedia,L5,1909,hin,0.9991869330406189
Wikipedia,L20,1909,hin,0.9990837574005127
Wikipedia,L1,1910,hin,0.9980828762054443
Wikipedia,L5,1910,hin,0.9934267997741699
Wikipedia,L20,1910,hin,0.9959357976913452
Wikipedia,L1,1911,hin,0.9984985589981079
Wikipedia,L5,1911,hin,0.9985363483428955
Wikipedia,L20,1911,hin,0.9994243383407593
Wikipedia,L1,1912,hin,0.9973459839820862
Wikipedia,L5,1912,hin,0.9985224604606628
Wikipedia,L20,1912,hin,0.9977827668190002
Wikipedia,L1,1913,hin,0.992022693157196
Wikipedia,L5,1913,hin,0.9993800520896912
Wikipedia,L20,1913,hin,0.9993528723716736
Wikipedia,L1,1915,hin,0.9990856647491455
Wikipedia,L5,1915,hin,0.9994336366653442
Wikipedia,L20,1915,hin,0.9994432330131531
Wikipedia,L1,1918,hin,0.9929233193397522
Wikipedia,L5,1918,hin,0.9987176656723022
Wikipedia,L20,1918,hin,0.9982977509498596
Wikipedia,L1,1921,hin,0.9948847889900208
Wikipedia,L5,1921,hin,0.996464729309082
Wikipedia,L20,1921,hin,0.997448205947876
Wikipedia,L1,1922,hin,0.986480176448822
Wikipedia,L5,1922,hin,0.9941880702972412
Wikipedia,L20,1922,hin,0.9965388178825378
Wikipedia,L1,1924,hin,0.9985241293907166
Wikipedia,L5,1924,hin,0.9976113438606262
Wikipedia,L20,1924,hin,0.9971249103546143
Wikipedia,L1,1926,hin,0.9999173879623413
Wikipedia,L5,1926,hin,0.9994470477104187
Wikipedia,L20,1926,hin,0.9992737174034119
Wikipedia,L1,1928,hin,0.9993268251419067
Wikipedia,L5,1928,hin,0.9988175630569458
Wikipedia,L20,1928,hin,0.9989439845085144
Wikipedia,L1,1930,hin,0.9999521970748901
Wikipedia,L5,1930,hin,0.9993997812271118
Wikipedia,L20,1930,hin,0.999358594417572
Wikipedia,L1,1931,hin,0.9977409243583679
Wikipedia,L5,1931,hin,0.9975852370262146
Wikipedia,L20,1931,hin,0.9978099465370178
Wikipedia,L1,1936,hin,0.9939320087432861
Wikipedia,L5,1936,hin,0.9969691038131714
Wikipedia,L20,1936,hin,0.9988747835159302
Wikipedia,L1,1938,hin,0.9360398054122925
Wikipedia,L5,1938,hin,0.998253583908081
Wikipedia,L20,1938,hin,0.9987082481384277
Wikipedia,L1,1939,hin,0.9927902817726135
Wikipedia,L5,1939,hin,0.9967943429946899
Wikipedia,L20,1939,hin,0.9964683651924133
Wikipedia,L1,1940,hin,0.8647525310516357
Wikipedia,L5,1940,hin,0.9971773028373718
Wikipedia,L20,1940,hin,0.9979309439659119
Wikipedia,L1,1942,hin,0.9867398738861084
Wikipedia,L5,1942,hin,0.9969958662986755
Wikipedia,L20,1942,hin,0.997442901134491
Wikipedia,L1,1943,hin,0.9953128099441528
Wikipedia,L5,1943,hin,0.993040144443512
Wikipedia,L20,1943,hin,0.9971988797187805
Wikipedia,L1,1947,hin,0.9973075985908508
Wikipedia,L5,1947,hin,0.9973888397216797
Wikipedia,L20,1947,hin,0.99802565574646
Wikipedia,L1,1948,hin,0.992688775062561
Wikipedia,L5,1948,hin,0.9967672228813171
Wikipedia,L20,1948,hin,0.996334969997406
Wikipedia,L1,1949,hin,0.9845077395439148
Wikipedia,L5,1949,hin,0.982803225517273
Wikipedia,L20,1949,hin,0.9934125542640686
Wikipedia,L1,1950,hin,0.9929549098014832
Wikipedia,L5,1950,hin,0.9994377493858337
Wikipedia,L20,1950,hin,0.9995781779289246
Wikipedia,L1,1951,hin,0.9975137114524841
Wikipedia,L5,1951,hin,0.9994484782218933
Wikipedia,L20,1951,hin,0.9991499185562134
Wikipedia,L1,1953,hin,0.9966592192649841
Wikipedia,L5,1953,hin,0.9797792434692383
Wikipedia,L20,1953,hin,0.9953516721725464
Wikipedia,L1,1956,hin,0.9922712445259094
Wikipedia,L5,1956,hin,0.9988976120948792
Wikipedia,L20,1956,hin,0.9978262186050415
Wikipedia,L1,1958,hin,0.864738404750824
Wikipedia,L5,1958,hin,0.9798710346221924
Wikipedia,L20,1958,hin,0.9866049289703369
Wikipedia,L1,1959,hin,0.8770264387130737
Wikipedia,L5,1959,hin,0.9983306527137756
Wikipedia,L20,1959,hin,0.9968953728675842
Wikipedia,L1,1962,hin,0.9992806315422058
Wikipedia,L5,1962,hin,0.9968725442886353
Wikipedia,L20,1962,hin,0.9984738826751709
Wikipedia,L1,1965,hin,0.9918808937072754
Wikipedia,L5,1965,hin,0.99797523021698
Wikipedia,L20,1965,hin,0.9964587688446045
Wikipedia,L1,1966,hin,0.9995341300964355
Wikipedia,L5,1966,hin,0.9989169836044312
Wikipedia,L20,1966,hin,0.9979994297027588
Wikipedia,L1,1970,hin,0.9854468703269958
Wikipedia,L5,1970,hin,0.9935276508331299
Wikipedia,L20,1970,hin,0.9957332611083984
Wikipedia,L1,1971,hin,0.9947893619537354
Wikipedia,L5,1971,hin,0.9987629652023315
Wikipedia,L20,1971,hin,0.9975265264511108
Wikipedia,L1,1975,hin,0.9968269467353821
Wikipedia,L5,1975,hin,0.9854736924171448
Wikipedia,L20,1975,hin,0.9973722100257874
Wikipedia,L1,1977,hin,0.9933640956878662
Wikipedia,L5,1977,hin,0.9961123466491699
Wikipedia,L20,1977,hin,0.9947744607925415
Wikipedia,L1,1978,hin,0.9902783632278442
Wikipedia,L5,1978,hin,0.9887121915817261
Wikipedia,L20,1978,hin,0.9978505373001099
Wikipedia,L1,1981,hin,0.9951474070549011
Wikipedia,L5,1981,hin,0.9958810210227966
Wikipedia,L20,1981,hin,0.9984618425369263
Wikipedia,L1,1983,hin,0.9829168915748596
Wikipedia,L5,1983,hin,0.9889499545097351
Wikipedia,L20,1983,hin,0.9930058121681213
Wikipedia,L1,1984,hin,0.9991574287414551
Wikipedia,L5,1984,hin,0.9983800053596497
Wikipedia,L20,1984,hin,0.9988058805465698
Wikipedia,L1,1985,hin,0.9897056818008423
Wikipedia,L5,1985,hin,0.996226966381073
Wikipedia,L20,1985,hin,0.9948093891143799
Wikipedia,L1,1987,hin,0.9987733364105225
Wikipedia,L5,1987,hin,0.9992777705192566
Wikipedia,L20,1987,hin,0.9989833831787109
Wikipedia,L1,1989,hin,0.9816921353340149
Wikipedia,L5,1989,hin,0.998731791973114
Wikipedia,L20,1989,hin,0.9988116025924683
Wikipedia,L1,1990,hin,0.9972639679908752
Wikipedia,L5,1990,hin,0.9980924129486084
Wikipedia,L20,1990,hin,0.9932864904403687
Wikipedia,L1,1992,hin,0.9964235424995422
Wikipedia,L5,1992,hin,0.997543215751648
Wikipedia,L20,1992,hin,0.997626781463623
Wikipedia,L1,1993,hin,0.9983742833137512
Wikipedia,L5,1993,hin,0.9990807175636292
Wikipedia,L20,1993,hin,0.997434139251709
Wikipedia,L1,1994,hin,0.9984004497528076
Wikipedia,L5,1994,hin,0.9995148181915283
Wikipedia,L20,1994,hin,0.9989742040634155
Wikipedia,L1,1997,hin,0.9965664148330688
Wikipedia,L5,1997,hin,0.9977350831031799
Wikipedia,L20,1997,hin,0.9965530037879944
Wikipedia,L1,1999,hin,0.9997022151947021
Wikipedia,L5,1999,hin,0.9990641474723816
Wikipedia,L20,1999,hin,0.9987578392028809
Wikipedia,L1,2000,hin,0.9967473149299622
Wikipedia,L5,2000,hin,0.9986357688903809
Wikipedia,L20,2000,hin,0.9988623857498169
Wikipedia,L1,2002,hin,0.9990469217300415
Wikipedia,L5,2002,hin,0.9993175268173218
Wikipedia,L20,2002,hin,0.9986588358879089
Wikipedia,L1,2003,hin,0.9306601881980896
Wikipedia,L5,2003,hin,0.9983265399932861
Wikipedia,L20,2003,hin,0.9986953139305115
Wikipedia,L1,2005,hin,0.9998962879180908
Wikipedia,L5,2005,hin,0.9995037317276001
Wikipedia,L20,2005,hin,0.9980008602142334
Wikipedia,L1,2006,hin,0.9899355173110962
Wikipedia,L5,2006,hin,0.9981994032859802
Wikipedia,L20,2006,hin,0.9949634671211243
Wikipedia,L1,2011,hin,0.9967621564865112
Wikipedia,L5,2011,hin,0.9970686435699463
Wikipedia,L20,2011,hin,0.9969109296798706
Wikipedia,L1,2013,hin,0.9957008957862854
Wikipedia,L5,2013,hin,0.9978672862052917
Wikipedia,L20,2013,hin,0.9986439347267151
Wikipedia,L1,2014,hin,0.9990797638893127
Wikipedia,L5,2014,hin,0.9990519881248474
Wikipedia,L20,2014,hin,0.9994041919708252
Wikipedia,L1,2015,hin,0.9987540245056152
Wikipedia,L5,2015,hin,0.9991344809532166
Wikipedia,L20,2015,hin,0.9987882971763611
Wikipedia,L1,2016,hin,0.9608289003372192
Wikipedia,L5,2016,hin,0.9970758557319641
Wikipedia,L20,2016,hin,0.9987630844116211
Wikipedia,L1,2017,hin,0.9564656019210815
Wikipedia,L5,2017,hin,0.9934576153755188
Wikipedia,L20,2017,hin,0.998036801815033
Wikipedia,L1,2018,hin,0.9959484338760376
Wikipedia,L5,2018,hin,0.9981388449668884
Wikipedia,L20,2018,hin,0.9990428686141968
Wikipedia,L1,2019,hin,0.9986490607261658
Wikipedia,L5,2019,hin,0.9990390539169312
Wikipedia,L20,2019,hin,0.9989495873451233
Wikipedia,L1,2022,hin,0.9990391731262207
Wikipedia,L5,2022,hin,0.9994111061096191
Wikipedia,L20,2022,hin,0.9988273978233337
Wikipedia,L1,2023,hin,0.9960651397705078
Wikipedia,L5,2023,hin,0.9989435076713562
Wikipedia,L20,2023,hin,0.9980865716934204
Wikipedia,L1,2025,hin,0.9986661672592163
Wikipedia,L5,2025,hin,0.9977681040763855
Wikipedia,L20,2025,hin,0.9987094402313232
Wikipedia,L1,2027,hin,0.9964145421981812
Wikipedia,L5,2027,hin,0.9997110366821289
Wikipedia,L20,2027,hin,0.9993995428085327
Wikipedia,L1,2029,hin,0.9991459250450134
Wikipedia,L5,2029,hin,0.999467670917511
Wikipedia,L20,2029,hin,0.9994992017745972
Wikipedia,L1,2030,hin,0.9976558089256287
Wikipedia,L5,2030,hin,0.9988824725151062
Wikipedia,L20,2030,hin,0.9986835718154907
Wikipedia,L1,2031,hin,0.9919400811195374
Wikipedia,L5,2031,hin,0.9984129071235657
Wikipedia,L20,2031,hin,0.9988521933555603
Wikipedia,L1,2032,hin,0.9324502348899841
Wikipedia,L5,2032,hin,0.9991987347602844
Wikipedia,L20,2032,hin,0.9994470477104187
Wikipedia,L1,2033,hin,0.9989417195320129
Wikipedia,L5,2033,hin,0.9983813166618347
Wikipedia,L20,2033,hin,0.9989925026893616
Wikipedia,L1,2034,hin,0.7505673766136169
Wikipedia,L5,2034,hin,0.9965109825134277
Wikipedia,L20,2034,hin,0.9980178475379944
Wikipedia,L1,2035,hin,0.9986585974693298
Wikipedia,L5,2035,hin,0.9990025162696838
Wikipedia,L20,2035,hin,0.9989392161369324
Wikipedia,L1,2038,hin,0.9959629774093628
Wikipedia,L5,2038,hin,0.9962868094444275
Wikipedia,L20,2038,hin,0.997921884059906
Wikipedia,L1,2039,hin,0.9987092018127441
Wikipedia,L5,2039,hin,0.9989125728607178
Wikipedia,L20,2039,hin,0.9977965354919434
Wikipedia,L1,2040,hin,0.9973376989364624
Wikipedia,L5,2040,hin,0.996891975402832
Wikipedia,L20,2040,hin,0.998338520526886
Wikipedia,L1,2042,kas,0.3591213524341583
Wikipedia,L5,2042,hin,0.9984075427055359
Wikipedia,L20,2042,hin,0.9986368417739868
Wikipedia,L1,2043,hin,0.9990623593330383
Wikipedia,L5,2043,hin,0.9984814524650574
Wikipedia,L20,2043,hin,0.9986453652381897
Wikipedia,L1,2044,hin,0.9976751804351807
Wikipedia,L5,2044,hin,0.9983400702476501
Wikipedia,L20,2044,hin,0.9988666772842407
Wikipedia,L1,2046,hin,0.9970964789390564
Wikipedia,L5,2046,hin,0.9983922243118286
Wikipedia,L20,2046,hin,0.9981381297111511
Wikipedia,L1,2049,hin,0.9158743023872375
Wikipedia,L5,2049,hin,0.9936603903770447
Wikipedia,L20,2049,hin,0.9963074326515198
Wikipedia,L1,2053,hin,0.9995872378349304
Wikipedia,L5,2053,hin,0.9985377788543701
Wikipedia,L20,2053,hin,0.9983264207839966
Wikipedia,L1,2054,hin,0.9954891204833984
Wikipedia,L5,2054,hin,0.998637318611145
Wikipedia,L20,2054,hin,0.9986081719398499
Wikipedia,L1,2055,hin,0.995476484298706
Wikipedia,L5,2055,hin,0.9975785613059998
Wikipedia,L20,2055,hin,0.9974724054336548
Wikipedia,L1,2056,hin,0.996172308921814
Wikipedia,L5,2056,hin,0.9986458420753479
Wikipedia,L20,2056,hin,0.9983118772506714
Wikipedia,L1,2057,hin,0.9982562065124512
Wikipedia,L5,2057,hin,0.9980664849281311
Wikipedia,L20,2057,hin,0.9972530603408813
Wikipedia,L1,2058,hin,0.49416908621788025
Wikipedia,L5,2058,hin,0.9947974681854248
Wikipedia,L20,2058,hin,0.9985126256942749
Wikipedia,L1,2059,hin,0.9934214949607849
Wikipedia,L5,2059,hin,0.9980852603912354
Wikipedia,L20,2059,hin,0.9984493851661682
Wikipedia,L1,2060,hin,0.9984647035598755
Wikipedia,L5,2060,hin,0.9982932806015015
Wikipedia,L20,2060,hin,0.9989919066429138
Wikipedia,L1,2062,hin,0.9922555088996887
Wikipedia,L5,2062,hin,0.9991742372512817
Wikipedia,L20,2062,hin,0.9990842342376709
Wikipedia,L1,2064,hin,0.9994301795959473
Wikipedia,L5,2064,hin,0.9987301826477051
Wikipedia,L20,2064,hin,0.9994306564331055
Wikipedia,L1,2065,hin,0.999876856803894
Wikipedia,L5,2065,hin,0.9980942010879517
Wikipedia,L20,2065,hin,0.9985506534576416
Wikipedia,L1,2068,hin,0.9978764653205872
Wikipedia,L5,2068,hin,0.9987647533416748
Wikipedia,L20,2068,hin,0.9988930821418762
Wikipedia,L1,2070,hin,0.9926420450210571
Wikipedia,L5,2070,hin,0.9987612962722778
Wikipedia,L20,2070,hin,0.9990703463554382
Wikipedia,L1,2072,hin,0.925578236579895
Wikipedia,L5,2072,hin,0.9937564134597778
Wikipedia,L20,2072,hin,0.9967209100723267
Wikipedia,L1,2073,hin,0.9834191799163818
Wikipedia,L5,2073,hin,0.9986834526062012
Wikipedia,L20,2073,hin,0.9974876046180725
Wikipedia,L1,2074,hin,0.9994685053825378
Wikipedia,L5,2074,hin,0.9987748861312866
Wikipedia,L20,2074,hin,0.998757004737854
Wikipedia,L1,2075,hin,0.9991660118103027
Wikipedia,L5,2075,hin,0.9967021942138672
Wikipedia,L20,2075,hin,0.9981184005737305
Wikipedia,L1,2076,hin,0.9953868389129639
Wikipedia,L5,2076,hin,0.9982098340988159
Wikipedia,L20,2076,hin,0.9979991912841797
Wikipedia,L1,2078,hin,0.9644059538841248
Wikipedia,L5,2078,hin,0.9973782896995544
Wikipedia,L20,2078,hin,0.9976992607116699
Wikipedia,L1,2079,hin,0.9977932572364807
Wikipedia,L5,2079,hin,0.9970971941947937
Wikipedia,L20,2079,hin,0.9982940554618835
Wikipedia,L1,2082,hin,0.9816608428955078
Wikipedia,L5,2082,hin,0.9840530753135681
Wikipedia,L20,2082,hin,0.9974786043167114
Wikipedia,L1,2085,hin,0.9919083118438721
Wikipedia,L5,2085,hin,0.9961206316947937
Wikipedia,L20,2085,hin,0.9981293082237244
Wikipedia,L1,2086,hin,0.9984144568443298
Wikipedia,L5,2086,hin,0.9985272288322449
Wikipedia,L20,2086,hin,0.9974291324615479
Wikipedia,L1,2089,hin,0.970932126045227
Wikipedia,L5,2089,hin,0.9956739544868469
Wikipedia,L20,2089,hin,0.9970071315765381
Wikipedia,L1,2090,hin,0.9816768169403076
Wikipedia,L5,2090,hin,0.9870156049728394
Wikipedia,L20,2090,hin,0.9972985982894897
Wikipedia,L1,2092,hin,0.9982486963272095
Wikipedia,L5,2092,hin,0.9965280294418335
Wikipedia,L20,2092,hin,0.9969127774238586
Wikipedia,L1,2093,hin,0.9988754987716675
Wikipedia,L5,2093,hin,0.9994562268257141
Wikipedia,L20,2093,hin,0.9991475343704224
Wikipedia,L1,2094,hin,0.9965519309043884
Wikipedia,L5,2094,hin,0.9995386600494385
Wikipedia,L20,2094,hin,0.9972437024116516
Wikipedia,L1,2095,hin,0.9969813823699951
Wikipedia,L5,2095,hin,0.998181939125061
Wikipedia,L20,2095,hin,0.9969468116760254
Wikipedia,L1,2096,hin,0.9957617521286011
Wikipedia,L5,2096,hin,0.9981353878974915
Wikipedia,L20,2096,hin,0.9982550144195557
Wikipedia,L1,2099,hin,0.9803150296211243
Wikipedia,L5,2099,hin,0.9945573806762695
Wikipedia,L20,2099,hin,0.996254563331604
Wikipedia,L1,2100,hin,0.9993991851806641
Wikipedia,L5,2100,hin,0.9977580904960632
Wikipedia,L20,2100,hin,0.9980632066726685
Wikipedia,L1,2101,hin,0.9995957016944885
Wikipedia,L5,2101,hin,0.9973642826080322
Wikipedia,L20,2101,hin,0.9963567852973938
Wikipedia,L1,2102,hin,0.9894028902053833
Wikipedia,L5,2102,hin,0.9970607757568359
Wikipedia,L20,2102,hin,0.9968242049217224
Wikipedia,L1,2103,hin,0.99497389793396
Wikipedia,L5,2103,hin,0.9980248212814331
Wikipedia,L20,2103,hin,0.9975792765617371
Wikipedia,L1,2104,hin,0.9800546765327454
Wikipedia,L5,2104,hin,0.9957623481750488
Wikipedia,L20,2104,hin,0.9965242743492126
Wikipedia,L1,2105,hin,0.9986281394958496
Wikipedia,L5,2105,hin,0.998525083065033
Wikipedia,L20,2105,hin,0.9976868033409119
Wikipedia,L1,2106,hin,0.9995562434196472
Wikipedia,L5,2106,hin,0.9995098114013672
Wikipedia,L20,2106,hin,0.9987735748291016
Wikipedia,L1,2109,hin,0.7079570889472961
Wikipedia,L5,2109,hin,0.9981130361557007
Wikipedia,L20,2109,hin,0.9990025162696838
Wikipedia,L1,2110,hin,0.9698094725608826
Wikipedia,L5,2110,hin,0.9967581033706665
Wikipedia,L20,2110,hin,0.9977519512176514
Wikipedia,L1,2111,hin,0.9937691688537598
Wikipedia,L5,2111,hin,0.9970760941505432
Wikipedia,L20,2111,hin,0.9969379305839539
Wikipedia,L1,2112,hin,0.9996615648269653
Wikipedia,L5,2112,hin,0.9968402981758118
Wikipedia,L20,2112,hin,0.998593807220459
Wikipedia,L1,2113,hin,0.9985973834991455
Wikipedia,L5,2113,hin,0.9989142417907715
Wikipedia,L20,2113,hin,0.9982594847679138
Wikipedia,L1,2114,hin,0.9988726377487183
Wikipedia,L5,2114,hin,0.9965484142303467
Wikipedia,L20,2114,hin,0.9972327947616577
Wikipedia,L1,2115,hin,0.975519597530365
Wikipedia,L5,2115,hin,0.9976819157600403
Wikipedia,L20,2115,hin,0.9979369640350342
Wikipedia,L1,2117,hin,0.9985373020172119
Wikipedia,L5,2117,hin,0.9978036880493164
Wikipedia,L20,2117,hin,0.9970041513442993
Wikipedia,L1,2119,hin,0.9987786412239075
Wikipedia,L5,2119,hin,0.9990972280502319
Wikipedia,L20,2119,hin,0.9987825751304626
Wikipedia,L1,2120,hin,0.9914363622665405
Wikipedia,L5,2120,hin,0.9980840682983398
Wikipedia,L20,2120,hin,0.9938050508499146
Wikipedia,L1,2121,hin,0.9991120100021362
Wikipedia,L5,2121,hin,0.9989029765129089
Wikipedia,L20,2121,hin,0.999323844909668
Wikipedia,L1,2123,hin,0.995872974395752
Wikipedia,L5,2123,hin,0.9985272288322449
Wikipedia,L20,2123,hin,0.998309314250946
Wikipedia,L1,2125,hin,0.9963064789772034
Wikipedia,L5,2125,hin,0.9985127449035645
Wikipedia,L20,2125,hin,0.9948393702507019
Wikipedia,L1,2128,hin,0.9962891936302185
Wikipedia,L5,2128,hin,0.9992495775222778
Wikipedia,L20,2128,hin,0.9981821775436401
Wikipedia,L1,2129,hin,0.9624567627906799
Wikipedia,L5,2129,hin,0.9962196350097656
Wikipedia,L20,2129,hin,0.9943846464157104
Wikipedia,L1,2131,hin,0.9971542954444885
Wikipedia,L5,2131,hin,0.9989493489265442
Wikipedia,L20,2131,hin,0.998704731464386
Wikipedia,L1,2132,hin,0.9971692562103271
Wikipedia,L5,2132,hin,0.9975734949111938
Wikipedia,L20,2132,hin,0.9983771443367004
Wikipedia,L1,2133,hin,0.9983687996864319
Wikipedia,L5,2133,hin,0.9986976981163025
Wikipedia,L20,2133,hin,0.9981276988983154
Wikipedia,L1,2134,hin,0.9923630356788635
Wikipedia,L5,2134,hin,0.9988152980804443
Wikipedia,L20,2134,hin,0.9978145956993103
Wikipedia,L1,2136,hin,0.9987622499465942
Wikipedia,L5,2136,hin,0.9989255666732788
Wikipedia,L20,2136,hin,0.9977651238441467
Wikipedia,L1,2142,hin,0.9990143179893494
Wikipedia,L5,2142,hin,0.999135434627533
Wikipedia,L20,2142,hin,0.9986997246742249
Wikipedia,L1,2143,hin,0.9984642267227173
Wikipedia,L5,2143,hin,0.9997316002845764
Wikipedia,L20,2143,hin,0.9991893172264099
Wikipedia,L1,2145,hin,0.9700239896774292
Wikipedia,L5,2145,hin,0.9850432276725769
Wikipedia,L20,2145,hin,0.9894801378250122
Wikipedia,L1,2146,hin,0.9989568591117859
Wikipedia,L5,2146,hin,0.9967076778411865
Wikipedia,L20,2146,hin,0.9975560307502747
Wikipedia,L1,2147,hin,0.9977447986602783
Wikipedia,L5,2147,hin,0.9986589550971985
Wikipedia,L20,2147,hin,0.9986751079559326
Wikipedia,L1,2153,hin,0.9998218417167664
Wikipedia,L5,2153,hin,0.9995157718658447
Wikipedia,L20,2153,hin,0.9985277056694031
Wikipedia,L1,2154,hin,0.9898769855499268
Wikipedia,L5,2154,hin,0.9982508420944214
Wikipedia,L20,2154,hin,0.9970114827156067
Wikipedia,L1,2155,hin,0.9879943132400513
Wikipedia,L5,2155,hin,0.9984362125396729
Wikipedia,L20,2155,hin,0.999573290348053
Wikipedia,L1,2158,hin,0.9998289942741394
Wikipedia,L5,2158,hin,0.9996572732925415
Wikipedia,L20,2158,hin,0.9995835423469543
Wikipedia,L1,2159,hin,0.9889394640922546
Wikipedia,L5,2159,hin,0.9954827427864075
Wikipedia,L20,2159,hin,0.9980400204658508
Wikipedia,L1,2160,hin,0.9956967234611511
Wikipedia,L5,2160,hin,0.9989274740219116
Wikipedia,L20,2160,hin,0.9989669322967529
Wikipedia,L1,2161,hin,0.9997268319129944
Wikipedia,L5,2161,hin,0.9996221661567688
Wikipedia,L20,2161,hin,0.9994218349456787
Wikipedia,L1,2162,hin,0.9973833560943604
Wikipedia,L5,2162,hin,0.9988464713096619
Wikipedia,L20,2162,hin,0.9988906979560852
Wikipedia,L1,2164,hin,0.9730343222618103
Wikipedia,L5,2164,hin,0.9986186623573303
Wikipedia,L20,2164,hin,0.9988928437232971
Wikipedia,L1,2165,hin,0.998695433139801
Wikipedia,L5,2165,hin,0.99925696849823
Wikipedia,L20,2165,hin,0.9991562366485596
Wikipedia,L1,2166,hin,0.9993597865104675
Wikipedia,L5,2166,hin,0.9988559484481812
Wikipedia,L20,2166,hin,0.9981372952461243
Wikipedia,L1,2167,hin,0.9959011077880859
Wikipedia,L5,2167,hin,0.997992992401123
Wikipedia,L20,2167,hin,0.9974928498268127
Wikipedia,L1,2169,hin,0.9890483617782593
Wikipedia,L5,2169,hin,0.9972227215766907
Wikipedia,L20,2169,hin,0.9983848333358765
Wikipedia,L1,2170,hin,0.998429536819458
Wikipedia,L5,2170,hin,0.9987459778785706
Wikipedia,L20,2170,hin,0.998264491558075
Wikipedia,L1,2171,hin,0.9973555207252502
Wikipedia,L5,2171,hin,0.9996333122253418
Wikipedia,L20,2171,hin,0.9991170763969421
Wikipedia,L1,2175,hin,0.9919987320899963
Wikipedia,L5,2175,hin,0.9973687529563904
Wikipedia,L20,2175,hin,0.9979938268661499
Wikipedia,L1,2179,hin,0.9830304980278015
Wikipedia,L5,2179,hin,0.9970000982284546
Wikipedia,L20,2179,hin,0.998171865940094
Wikipedia,L1,2180,hin,0.9170358180999756
Wikipedia,L5,2180,hin,0.9983647465705872
Wikipedia,L20,2180,hin,0.9987736940383911
Wikipedia,L1,2182,hin,0.9908215999603271
Wikipedia,L5,2182,hin,0.9976841807365417
Wikipedia,L20,2182,hin,0.998085618019104
Wikipedia,L1,2184,hin,0.9983903169631958
Wikipedia,L5,2184,hin,0.9981136322021484
Wikipedia,L20,2184,hin,0.9969945549964905
Wikipedia,L1,2185,hin,0.9796023964881897
Wikipedia,L5,2185,hin,0.9962407946586609
Wikipedia,L20,2185,hin,0.9991897940635681
Wikipedia,L1,2187,hin,0.9953899383544922
Wikipedia,L5,2187,hin,0.9988240003585815
Wikipedia,L20,2187,hin,0.9989041686058044
Wikipedia,L1,2189,hin,0.9966947436332703
Wikipedia,L5,2189,hin,0.9974929690361023
Wikipedia,L20,2189,hin,0.99781733751297
Wikipedia,L1,2191,hin,0.9970678091049194
Wikipedia,L5,2191,hin,0.9983260631561279
Wikipedia,L20,2191,hin,0.9984826445579529
Wikipedia,L1,2192,hin,0.9971736073493958
Wikipedia,L5,2192,hin,0.993238627910614
Wikipedia,L20,2192,hin,0.9967572689056396
Wikipedia,L1,2194,awa,0.8344313502311707
Wikipedia,L5,2194,hin,0.9955920577049255
Wikipedia,L20,2194,hin,0.9980375170707703
Wikipedia,L1,2195,hin,0.998361349105835
Wikipedia,L5,2195,hin,0.9990485906600952
Wikipedia,L20,2195,hin,0.9988157749176025
Wikipedia,L1,2196,hin,0.9982856512069702
Wikipedia,L5,2196,hin,0.9988411068916321
Wikipedia,L20,2196,hin,0.9993776679039001
Wikipedia,L1,2199,hin,0.9955231547355652
Wikipedia,L5,2199,hin,0.9969183802604675
Wikipedia,L20,2199,hin,0.9962478876113892
Wikipedia,L1,2201,hin,0.999526858329773
Wikipedia,L5,2201,hin,0.9995468854904175
Wikipedia,L20,2201,hin,0.9996262788772583
Wikipedia,L1,2202,hin,0.9972851872444153
Wikipedia,L5,2202,hin,0.9984650611877441
Wikipedia,L20,2202,hin,0.9987817406654358
Wikipedia,L1,2203,hin,0.9913856387138367
Wikipedia,L5,2203,hin,0.9994505047798157
Wikipedia,L20,2203,hin,0.9984618425369263
Wikipedia,L1,2205,hin,0.9979236721992493
Wikipedia,L5,2205,hin,0.9959545731544495
Wikipedia,L20,2205,hin,0.9943108558654785
Wikipedia,L1,2206,hin,0.9678473472595215
Wikipedia,L5,2206,hin,0.9979590773582458
Wikipedia,L20,2206,hin,0.9989118576049805
Wikipedia,L1,2207,hin,0.9919208884239197
Wikipedia,L5,2207,hin,0.9989166259765625
Wikipedia,L20,2207,hin,0.9990981817245483
Wikipedia,L1,2208,hin,0.9983375668525696
Wikipedia,L5,2208,hin,0.9995928406715393
Wikipedia,L20,2208,hin,0.9995835423469543
Wikipedia,L1,2210,hin,0.9978286027908325
Wikipedia,L5,2210,hin,0.9988343119621277
Wikipedia,L20,2210,hin,0.9992325305938721
Wikipedia,L1,2212,hin,0.998672366142273
Wikipedia,L5,2212,hin,0.999047040939331
Wikipedia,L20,2212,hin,0.9983160495758057
Wikipedia,L1,2213,hin,0.9987025856971741
Wikipedia,L5,2213,hin,0.9974448084831238
Wikipedia,L20,2213,hin,0.9989652633666992
Wikipedia,L1,2214,hin,0.9982052445411682
Wikipedia,L5,2214,hin,0.9979374408721924
Wikipedia,L20,2214,hin,0.9975006580352783
Wikipedia,L1,2216,hin,0.9930062890052795
Wikipedia,L5,2216,hin,0.9969523549079895
Wikipedia,L20,2216,hin,0.9987746477127075
Wikipedia,L1,2219,hin,0.9880033731460571
Wikipedia,L5,2219,hin,0.9973946213722229
Wikipedia,L20,2219,hin,0.997843325138092
Wikipedia,L1,2220,hin,0.9936091899871826
Wikipedia,L5,2220,hin,0.9982064366340637
Wikipedia,L20,2220,hin,0.9975221157073975
Wikipedia,L1,2221,hin,0.6491039395332336
Wikipedia,L5,2221,hin,0.9972962141036987
Wikipedia,L20,2221,hin,0.9944169521331787
Wikipedia,L1,2222,hin,0.9971853494644165
Wikipedia,L5,2222,hin,0.995041012763977
Wikipedia,L20,2222,hin,0.995509684085846
Wikipedia,L1,2227,hin,0.9986918568611145
Wikipedia,L5,2227,hin,0.9990567564964294
Wikipedia,L20,2227,hin,0.9983393549919128
Wikipedia,L1,2230,hin,0.8967154622077942
Wikipedia,L5,2230,hin,0.9905093312263489
Wikipedia,L20,2230,hin,0.9904799461364746
Wikipedia,L1,2234,hin,0.9911459684371948
Wikipedia,L5,2234,hin,0.9929645657539368
Wikipedia,L20,2234,hin,0.994999349117279
Wikipedia,L1,2235,hin,0.9961039423942566
Wikipedia,L5,2235,hin,0.9989493489265442
Wikipedia,L20,2235,hin,0.9987763166427612
Wikipedia,L1,2238,hin,0.9994547963142395
Wikipedia,L5,2238,hin,0.9993512034416199
Wikipedia,L20,2238,hin,0.9992341995239258
Wikipedia,L1,2239,hin,0.9992414712905884
Wikipedia,L5,2239,hin,0.9970166087150574
Wikipedia,L20,2239,hin,0.998085618019104
Wikipedia,L1,2240,hin,0.9975113272666931
Wikipedia,L5,2240,hin,0.9980506300926208
Wikipedia,L20,2240,hin,0.9953092336654663
Wikipedia,L1,2241,hin,0.9963353276252747
Wikipedia,L5,2241,hin,0.998631477355957
Wikipedia,L20,2241,hin,0.9981022477149963
Wikipedia,L1,2242,hin,0.9973273873329163
Wikipedia,L5,2242,hin,0.996921718120575
Wikipedia,L20,2242,hin,0.9964553713798523
Wikipedia,L1,2243,hin,0.9790672063827515
Wikipedia,L5,2243,hin,0.9974818825721741
Wikipedia,L20,2243,hin,0.9961761236190796
Wikipedia,L1,2245,hin,0.9461390376091003
Wikipedia,L5,2245,hin,0.9980639219284058
Wikipedia,L20,2245,hin,0.9965218901634216
Wikipedia,L1,2246,hin,0.9964438676834106
Wikipedia,L5,2246,hin,0.9993641972541809
Wikipedia,L20,2246,hin,0.9995079040527344
Wikipedia,L1,2250,hin,0.9956069588661194
Wikipedia,L5,2250,hin,0.994448184967041
Wikipedia,L20,2250,hin,0.9960217475891113
Wikipedia,L1,2252,hin,0.9973336458206177
Wikipedia,L5,2252,hin,0.9977675080299377
Wikipedia,L20,2252,hin,0.9959515929222107
Wikipedia,L1,2254,hin,0.9986551403999329
Wikipedia,L5,2254,hin,0.9939633011817932
Wikipedia,L20,2254,hin,0.9959355592727661
Wikipedia,L1,2255,hin,0.9878729581832886
Wikipedia,L5,2255,hin,0.9756076335906982
Wikipedia,L20,2255,hin,0.9888128638267517
Wikipedia,L1,2256,hin,0.9957401156425476
Wikipedia,L5,2256,hin,0.9947224855422974
Wikipedia,L20,2256,hin,0.9963946342468262
Wikipedia,L1,2257,hin,0.9744842052459717
Wikipedia,L5,2257,hin,0.9977831244468689
Wikipedia,L20,2257,hin,0.9974749088287354
Wikipedia,L1,2258,hin,0.9971118569374084
Wikipedia,L5,2258,hin,0.9984819293022156
Wikipedia,L20,2258,hin,0.9971692562103271
Wikipedia,L1,2261,hin,0.9994502663612366
Wikipedia,L5,2261,hin,0.9967666268348694
Wikipedia,L20,2261,hin,0.9969918131828308
Wikipedia,L1,2262,hin,0.99443519115448
Wikipedia,L5,2262,hin,0.9987315535545349
Wikipedia,L20,2262,hin,0.9977554678916931
Wikipedia,L1,2266,hin,0.997818648815155
Wikipedia,L5,2266,hin,0.9980844259262085
Wikipedia,L20,2266,hin,0.9978954195976257
Wikipedia,L1,2267,hin,0.9878469109535217
Wikipedia,L5,2267,hin,0.9991536140441895
Wikipedia,L20,2267,hin,0.9981622099876404
Wikipedia,L1,2268,hin,0.9991928935050964
Wikipedia,L5,2268,hin,0.9985458850860596
Wikipedia,L20,2268,hin,0.9988312125205994
Wikipedia,L1,2269,hin,0.9988266229629517
Wikipedia,L5,2269,hin,0.9982144832611084
Wikipedia,L20,2269,hin,0.9980560541152954
Wikipedia,L1,2272,hin,0.996486246585846
Wikipedia,L5,2272,hin,0.9979058504104614
Wikipedia,L20,2272,hin,0.9984979629516602
Wikipedia,L1,2273,hin,0.985908031463623
Wikipedia,L5,2273,hin,0.9956747889518738
Wikipedia,L20,2273,hin,0.9979837536811829
Wikipedia,L1,2275,hin,0.9981356263160706
Wikipedia,L5,2275,hin,0.9996445178985596
Wikipedia,L20,2275,hin,0.9989678859710693
Wikipedia,L1,2276,hin,0.9997389912605286
Wikipedia,L5,2276,hin,0.9995338916778564
Wikipedia,L20,2276,hin,0.9995961785316467
Wikipedia,L1,2278,hin,0.9994230270385742
Wikipedia,L5,2278,hin,0.9988738298416138
Wikipedia,L20,2278,hin,0.9983074069023132
Wikipedia,L1,2279,hin,0.9995194673538208
Wikipedia,L5,2279,hin,0.9991981387138367
Wikipedia,L20,2279,hin,0.9984776377677917
Wikipedia,L1,2280,hin,0.9983479976654053
Wikipedia,L5,2280,hin,0.9988203048706055
Wikipedia,L20,2280,hin,0.9990962743759155
Wikipedia,L1,2281,hin,0.9446709752082825
Wikipedia,L5,2281,hin,0.9986088871955872
Wikipedia,L20,2281,hin,0.9978762269020081
Wikipedia,L1,2282,hin,0.997658908367157
Wikipedia,L5,2282,hin,0.9994031190872192
Wikipedia,L20,2282,hin,0.9995325803756714
Wikipedia,L1,2285,hin,0.9992703795433044
Wikipedia,L5,2285,hin,0.9986253976821899
Wikipedia,L20,2285,hin,0.9965034127235413
Wikipedia,L1,2286,hin,0.9987949728965759
Wikipedia,L5,2286,hin,0.9989537596702576
Wikipedia,L20,2286,hin,0.9982256889343262
Wikipedia,L1,2288,hin,0.9985840320587158
Wikipedia,L5,2288,hin,0.9993866086006165
Wikipedia,L20,2288,hin,0.9996757507324219
Wikipedia,L1,2290,hin,0.9869902729988098
Wikipedia,L5,2290,hin,0.9989688396453857
Wikipedia,L20,2290,hin,0.9989222288131714
Wikipedia,L1,2296,hin,0.997268557548523
Wikipedia,L5,2296,hin,0.9988378882408142
Wikipedia,L20,2296,hin,0.998444139957428
Wikipedia,L1,2297,hin,0.9965449571609497
Wikipedia,L5,2297,hin,0.99875807762146
Wikipedia,L20,2297,hin,0.9971573948860168
Wikipedia,L1,2298,hin,0.9994603991508484
Wikipedia,L5,2298,hin,0.9996501207351685
Wikipedia,L20,2298,hin,0.9992836117744446
Wikipedia,L1,2299,hin,0.9979835152626038
Wikipedia,L5,2299,hin,0.9993570446968079
Wikipedia,L20,2299,hin,0.9987572431564331
Wikipedia,L1,2300,hin,0.9984174370765686
Wikipedia,L5,2300,hin,0.9991281628608704
Wikipedia,L20,2300,hin,0.9995105266571045
Wikipedia,L1,2303,hin,0.9994725584983826
Wikipedia,L5,2303,hin,0.9997034072875977
Wikipedia,L20,2303,hin,0.9988402724266052
Wikipedia,L1,2305,hin,0.9993507266044617
Wikipedia,L5,2305,hin,0.9971609711647034
Wikipedia,L20,2305,hin,0.9986876845359802
Wikipedia,L1,2306,hin,0.9990553259849548
Wikipedia,L5,2306,hin,0.9989109039306641
Wikipedia,L20,2306,hin,0.9995170831680298
Wikipedia,L1,2309,hin,0.9876136183738708
Wikipedia,L5,2309,hin,0.9985508918762207
Wikipedia,L20,2309,hin,0.9987684488296509
Wikipedia,L1,2311,hin,0.9481817483901978
Wikipedia,L5,2311,hin,0.9985349774360657
Wikipedia,L20,2311,hin,0.9977880120277405
Wikipedia,L1,2313,hin,0.9997056722640991
Wikipedia,L5,2313,hin,0.9989718198776245
Wikipedia,L20,2313,hin,0.9990720152854919
Wikipedia,L1,2315,hin,0.9816024899482727
Wikipedia,L5,2315,hin,0.9975050687789917
Wikipedia,L20,2315,hin,0.9980754256248474
Wikipedia,L1,2316,hin,0.9707792401313782
Wikipedia,L5,2316,hin,0.9991514682769775
Wikipedia,L20,2316,hin,0.9991077184677124
Wikipedia,L1,2317,hin,0.9983940124511719
Wikipedia,L5,2317,hin,0.998840868473053
Wikipedia,L20,2317,hin,0.9986932873725891
Wikipedia,L1,2318,hin,0.9959299564361572
Wikipedia,L5,2318,hin,0.9991668462753296
Wikipedia,L20,2318,hin,0.9993547797203064
Wikipedia,L1,2320,hin,0.992364764213562
Wikipedia,L5,2320,hin,0.9883026480674744
Wikipedia,L20,2320,hin,0.995196521282196
Wikipedia,L1,2321,hin,0.995624303817749
Wikipedia,L5,2321,hin,0.9992222785949707
Wikipedia,L20,2321,hin,0.998790442943573
Wikipedia,L1,2325,hin,0.9959428906440735
Wikipedia,L5,2325,hin,0.9977182149887085
Wikipedia,L20,2325,hin,0.9987292289733887
Wikipedia,L1,2327,hin,0.9971479177474976
Wikipedia,L5,2327,hin,0.9982203245162964
Wikipedia,L20,2327,hin,0.9992222785949707
Wikipedia,L1,2328,hin,0.9850649833679199
Wikipedia,L5,2328,hin,0.997758686542511
Wikipedia,L20,2328,hin,0.9986447691917419
Wikipedia,L1,2330,hin,0.9994959831237793
Wikipedia,L5,2330,hin,0.9950963854789734
Wikipedia,L20,2330,hin,0.9915053844451904
Wikipedia,L1,2333,hin,0.9906719326972961
Wikipedia,L5,2333,hin,0.9969541430473328
Wikipedia,L20,2333,hin,0.9977827668190002
Wikipedia,L1,2334,hin,0.9988235235214233
Wikipedia,L5,2334,hin,0.9989417195320129
Wikipedia,L20,2334,hin,0.9987042546272278
Wikipedia,L1,2335,hin,0.9929006099700928
Wikipedia,L5,2335,hin,0.996765673160553
Wikipedia,L20,2335,hin,0.9981080889701843
Wikipedia,L1,2336,hin,0.9988235235214233
Wikipedia,L5,2336,hin,0.9986798763275146
Wikipedia,L20,2336,hin,0.9974381327629089
Wikipedia,L1,2337,hin,0.9968417286872864
Wikipedia,L5,2337,hin,0.9943312406539917
Wikipedia,L20,2337,hin,0.9964591264724731
Wikipedia,L1,2339,hin,0.9920480251312256
Wikipedia,L5,2339,hin,0.9983777403831482
Wikipedia,L20,2339,hin,0.9976299405097961
Wikipedia,L1,2340,hin,0.9994695782661438
Wikipedia,L5,2340,hin,0.9986222982406616
Wikipedia,L20,2340,hin,0.9986929297447205
Wikipedia,L1,2341,hin,0.8768575191497803
Wikipedia,L5,2341,hin,0.9954549074172974
Wikipedia,L20,2341,hin,0.9966850280761719
Wikipedia,L1,2342,hin,0.9992375373840332
Wikipedia,L5,2342,hin,0.9966922402381897
Wikipedia,L20,2342,hin,0.9971361756324768
Wikipedia,L1,2343,hin,0.990605354309082
Wikipedia,L5,2343,hin,0.9986928105354309
Wikipedia,L20,2343,hin,0.9978244304656982
Wikipedia,L1,2344,hin,0.9993526339530945
Wikipedia,L5,2344,hin,0.9989185333251953
Wikipedia,L20,2344,hin,0.9965531229972839
Wikipedia,L1,2346,hin,0.9990069270133972
Wikipedia,L5,2346,hin,0.9995667338371277
Wikipedia,L20,2346,hin,0.9993270635604858
Wikipedia,L1,2350,hin,0.9980353116989136
Wikipedia,L5,2350,hin,0.9969571232795715
Wikipedia,L20,2350,hin,0.9976298213005066
Wikipedia,L1,2353,hin,0.811817467212677
Wikipedia,L5,2353,hin,0.9970350861549377
Wikipedia,L20,2353,hin,0.9984226226806641
Wikipedia,L1,2356,hin,0.9269301891326904
Wikipedia,L5,2356,hin,0.9985538721084595
Wikipedia,L20,2356,hin,0.9990525841712952
Wikipedia,L1,2357,hin,0.9986492991447449
Wikipedia,L5,2357,hin,0.9980583190917969
Wikipedia,L20,2357,hin,0.9977661967277527
Wikipedia,L1,2358,hin,0.9254990816116333
Wikipedia,L5,2358,hin,0.9973713755607605
Wikipedia,L20,2358,hin,0.9986118674278259
Wikipedia,L1,2359,hin,0.9850252866744995
Wikipedia,L5,2359,hin,0.9988173246383667
Wikipedia,L20,2359,hin,0.9991281628608704
Wikipedia,L1,2361,hin,0.9750282168388367
Wikipedia,L5,2361,hin,0.9932836294174194
Wikipedia,L20,2361,hin,0.9963733553886414
Wikipedia,L1,2363,hin,0.9982584714889526
Wikipedia,L5,2363,hin,0.998328447341919
Wikipedia,L20,2363,hin,0.9975054860115051
Wikipedia,L1,2364,hin,0.9860371351242065
Wikipedia,L5,2364,hin,0.9908195734024048
Wikipedia,L20,2364,hin,0.995461642742157
Wikipedia,L1,2367,hin,0.9976397752761841
Wikipedia,L5,2367,hin,0.9995850920677185
Wikipedia,L20,2367,hin,0.999478280544281
Wikipedia,L1,2368,hin,0.9990205764770508
Wikipedia,L5,2368,hin,0.9955307245254517
Wikipedia,L20,2368,hin,0.9957302212715149
Wikipedia,L1,2370,hin,0.9806987047195435
Wikipedia,L5,2370,hin,0.9722693562507629
Wikipedia,L20,2370,hin,0.9897067546844482
Wikipedia,L1,2372,hin,0.9761642813682556
Wikipedia,L5,2372,hin,0.9963284730911255
Wikipedia,L20,2372,hin,0.9963526129722595
Wikipedia,L1,2375,hin,0.9924992322921753
Wikipedia,L5,2375,hin,0.9989149570465088
Wikipedia,L20,2375,hin,0.9980058670043945
Wikipedia,L1,2377,hin,0.9989825487136841
Wikipedia,L5,2377,hin,0.9986422657966614
Wikipedia,L20,2377,hin,0.9982515573501587
Wikipedia,L1,2378,hin,0.9970908761024475
Wikipedia,L5,2378,hin,0.99869304895401
Wikipedia,L20,2378,hin,0.9988906979560852
Wikipedia,L1,2379,hin,0.9998949766159058
Wikipedia,L5,2379,hin,0.999201238155365
Wikipedia,L20,2379,hin,0.9992608428001404
Wikipedia,L1,2380,hin,0.9940364360809326
Wikipedia,L5,2380,hin,0.9984742403030396
Wikipedia,L20,2380,hin,0.9981420636177063
Wikipedia,L1,2382,hin,0.9971710443496704
Wikipedia,L5,2382,hin,0.9960867762565613
Wikipedia,L20,2382,hin,0.995816707611084
Wikipedia,L1,2383,hin,0.9961725473403931
Wikipedia,L5,2383,hin,0.9905654788017273
Wikipedia,L20,2383,hin,0.9964712262153625
Wikipedia,L1,2385,hin,0.9987443089485168
Wikipedia,L5,2385,hin,0.9973430633544922
Wikipedia,L20,2385,hin,0.9969884157180786
Wikipedia,L1,2387,hin,0.9989445805549622
Wikipedia,L5,2387,hin,0.9994014501571655
Wikipedia,L20,2387,hin,0.9993438124656677
Wikipedia,L1,2389,hin,0.9975091814994812
Wikipedia,L5,2389,hin,0.9951065182685852
Wikipedia,L20,2389,hin,0.9966509342193604
Wikipedia,L1,2390,hin,0.9995512962341309
Wikipedia,L5,2390,hin,0.9993220567703247
Wikipedia,L20,2390,hin,0.9992964863777161
Wikipedia,L1,2391,hin,0.9254489541053772
Wikipedia,L5,2391,hin,0.9955470561981201
Wikipedia,L20,2391,hin,0.9969152808189392
Wikipedia,L1,2392,hin,0.9919069409370422
Wikipedia,L5,2392,hin,0.9971544146537781
Wikipedia,L20,2392,hin,0.9971548914909363
Wikipedia,L1,2393,hin,0.9916777014732361
Wikipedia,L5,2393,hin,0.9992886185646057
Wikipedia,L20,2393,hin,0.9979174137115479
Wikipedia,L1,2395,hin,0.9989591240882874
Wikipedia,L5,2395,hin,0.9990572333335876
Wikipedia,L20,2395,hin,0.9994375705718994
Wikipedia,L1,2398,hin,0.9941169023513794
Wikipedia,L5,2398,hin,0.9973880052566528
Wikipedia,L20,2398,hin,0.998441755771637
Wikipedia,L1,2406,hin,0.9992269277572632
Wikipedia,L5,2406,hin,0.9994683861732483
Wikipedia,L20,2406,hin,0.999021053314209
Wikipedia,L1,2414,hin,0.9969431161880493
Wikipedia,L5,2414,hin,0.997839629650116
Wikipedia,L20,2414,hin,0.9981972575187683
Wikipedia,L1,2416,hin,0.9959031343460083
Wikipedia,L5,2416,hin,0.9981532096862793
Wikipedia,L20,2416,hin,0.9980096220970154
Wikipedia,L1,2418,hin,0.9945047497749329
Wikipedia,L5,2418,hin,0.9974796772003174
Wikipedia,L20,2418,hin,0.9961429834365845
Wikipedia,L1,2419,hin,0.99637770652771
Wikipedia,L5,2419,hin,0.9955739974975586
Wikipedia,L20,2419,hin,0.9964197278022766
Wikipedia,L1,2421,hin,0.9930423498153687
Wikipedia,L5,2421,hin,0.9984564185142517
Wikipedia,L20,2421,hin,0.9992042183876038
Wikipedia,L1,2424,hin,0.9964532256126404
Wikipedia,L5,2424,hin,0.9969503879547119
Wikipedia,L20,2424,hin,0.99776691198349
Wikipedia,L1,2425,hin,0.9971414804458618
Wikipedia,L5,2425,hin,0.9993624091148376
Wikipedia,L20,2425,hin,0.9993971586227417
Wikipedia,L1,2426,hin,0.9881677031517029
Wikipedia,L5,2426,hin,0.9993788599967957
Wikipedia,L20,2426,hin,0.9991074800491333
Wikipedia,L1,2430,hin,0.9961744546890259
Wikipedia,L5,2430,hin,0.9983002543449402
Wikipedia,L20,2430,hin,0.9993005990982056
Wikipedia,L1,2431,hin,0.9575442671775818
Wikipedia,L5,2431,hin,0.9975659847259521
Wikipedia,L20,2431,hin,0.9962376356124878
Wikipedia,L1,2433,hin,0.996843159198761
Wikipedia,L5,2433,hin,0.998469352722168
Wikipedia,L20,2433,hin,0.9989880323410034
Wikipedia,L1,2436,hin,0.9599966406822205
Wikipedia,L5,2436,hin,0.9991998076438904
Wikipedia,L20,2436,hin,0.9991948008537292
Wikipedia,L1,2438,hin,0.999714195728302
Wikipedia,L5,2438,hin,0.9990749955177307
Wikipedia,L20,2438,hin,0.998378574848175
Wikipedia,L1,2439,hin,0.9966560006141663
Wikipedia,L5,2439,hin,0.9983217716217041
Wikipedia,L20,2439,hin,0.9991066455841064
Wikipedia,L1,2442,hin,0.9939132332801819
Wikipedia,L5,2442,hin,0.9973386526107788
Wikipedia,L20,2442,hin,0.9985018968582153
Wikipedia,L1,2445,hin,0.9983763098716736
Wikipedia,L5,2445,hin,0.9983214139938354
Wikipedia,L20,2445,hin,0.9990131258964539
Wikipedia,L1,2447,hin,0.9853636026382446
Wikipedia,L5,2447,hin,0.9976902008056641
Wikipedia,L20,2447,hin,0.9980805516242981
Wikipedia,L1,2448,hin,0.9822052121162415
Wikipedia,L5,2448,hin,0.9970095157623291
Wikipedia,L20,2448,hin,0.9981006979942322
Wikipedia,L1,2455,hin,0.9983704686164856
Wikipedia,L5,2455,hin,0.9948211908340454
Wikipedia,L20,2455,hin,0.9985063076019287
Wikipedia,L1,2458,hin,0.9989936947822571
Wikipedia,L5,2458,hin,0.999264657497406
Wikipedia,L20,2458,hin,0.9994109869003296
Wikipedia,L1,2459,hin,0.9869928359985352
Wikipedia,L5,2459,hin,0.9986068606376648
Wikipedia,L20,2459,hin,0.9978832006454468
Wikipedia,L1,2460,hin,0.9985867738723755
Wikipedia,L5,2460,hin,0.9980112910270691
Wikipedia,L20,2460,hin,0.9987460970878601
Wikipedia,L1,2461,hin,0.9960956573486328
Wikipedia,L5,2461,hin,0.9957303404808044
Wikipedia,L20,2461,hin,0.9959004521369934
Wikipedia,L1,2464,hin,0.9981725811958313
Wikipedia,L5,2464,hin,0.9981579780578613
Wikipedia,L20,2464,hin,0.9966457486152649
Wikipedia,L1,2467,hin,0.9950106739997864
Wikipedia,L5,2467,hin,0.9978609085083008
Wikipedia,L20,2467,hin,0.9988387227058411
Wikipedia,L1,2469,hin,0.999092698097229
Wikipedia,L5,2469,hin,0.9959819912910461
Wikipedia,L20,2469,hin,0.998416006565094
Wikipedia,L1,2470,hin,0.9997441172599792
Wikipedia,L5,2470,hin,0.9991769790649414
Wikipedia,L20,2470,hin,0.9985017776489258
Wikipedia,L1,2471,hin,0.9969754815101624
Wikipedia,L5,2471,hin,0.9976896643638611
Wikipedia,L20,2471,hin,0.9981998801231384
Wikipedia,L1,2473,hin,0.9920649528503418
Wikipedia,L5,2473,hin,0.9947698712348938
Wikipedia,L20,2473,hin,0.9935399889945984
Wikipedia,L1,2474,hin,0.9990419149398804
Wikipedia,L5,2474,hin,0.9979577660560608
Wikipedia,L20,2474,hin,0.997511088848114
Wikipedia,L1,2475,hin,0.9998619556427002
Wikipedia,L5,2475,hin,0.9996030926704407
Wikipedia,L20,2475,hin,0.9990618824958801
Wikipedia,L1,2476,hin,0.9956970810890198
Wikipedia,L5,2476,hin,0.9981451034545898
Wikipedia,L20,2476,hin,0.9985479116439819
Wikipedia,L1,2477,hin,0.9996814727783203
Wikipedia,L5,2477,hin,0.9986010193824768
Wikipedia,L20,2477,hin,0.9974886775016785
Wikipedia,L1,2479,hin,0.9985394477844238
Wikipedia,L5,2479,hin,0.999243974685669
Wikipedia,L20,2479,hin,0.9987225532531738
Wikipedia,L1,2480,hin,0.9959259629249573
Wikipedia,L5,2480,hin,0.9991788864135742
Wikipedia,L20,2480,hin,0.9987844824790955
Wikipedia,L1,2481,hin,0.9952975511550903
Wikipedia,L5,2481,hin,0.9993391036987305
Wikipedia,L20,2481,hin,0.9992555379867554
Wikipedia,L1,2482,hin,0.9921326041221619
Wikipedia,L5,2482,hin,0.9988437294960022
Wikipedia,L20,2482,hin,0.9957625865936279
Wikipedia,L1,2483,hin,0.9370208978652954
Wikipedia,L5,2483,hin,0.9991958737373352
Wikipedia,L20,2483,hin,0.9988465905189514
Wikipedia,L1,2486,hin,0.9955766797065735
Wikipedia,L5,2486,hin,0.9964001774787903
Wikipedia,L20,2486,hin,0.998374879360199
Wikipedia,L1,2488,hin,0.9754655957221985
Wikipedia,L5,2488,hin,0.9972361922264099
Wikipedia,L20,2488,hin,0.9973042607307434
Wikipedia,L1,2489,hin,0.9987697601318359
Wikipedia,L5,2489,hin,0.9963788986206055
Wikipedia,L20,2489,hin,0.994823694229126
Wikipedia,L1,2490,hin,0.9961553812026978
Wikipedia,L5,2490,hin,0.9963313341140747
Wikipedia,L20,2490,hin,0.997189998626709
Wikipedia,L1,2491,hin,0.9961732625961304
Wikipedia,L5,2491,hin,0.9968398213386536
Wikipedia,L20,2491,hin,0.9974112510681152
Wikipedia,L1,2492,hin,0.989687442779541
Wikipedia,L5,2492,hin,0.9969282150268555
Wikipedia,L20,2492,hin,0.996642529964447
Wikipedia,L1,2493,hin,0.9671789407730103
Wikipedia,L5,2493,hin,0.9938927888870239
Wikipedia,L20,2493,hin,0.9959325790405273
Wikipedia,L1,2494,hin,0.7180351614952087
Wikipedia,L5,2494,hin,0.9934658408164978
Wikipedia,L20,2494,hin,0.997991144657135
Wikipedia,L1,2496,hin,0.9953178763389587
Wikipedia,L5,2496,hin,0.9971213340759277
Wikipedia,L20,2496,hin,0.9906539916992188
Wikipedia,L1,2497,hin,0.9968345165252686
Wikipedia,L5,2497,hin,0.9988023042678833
Wikipedia,L20,2497,hin,0.9990209341049194
Wikipedia,L1,2498,hin,0.9960276484489441
Wikipedia,L5,2498,hin,0.9989588856697083
Wikipedia,L20,2498,hin,0.9982066750526428
Wikipedia,L1,2499,hin,0.9868683815002441
Wikipedia,L5,2499,hin,0.9946455359458923
Wikipedia,L20,2499,hin,0.9922866225242615
Wikipedia,L1,2500,hin,0.9974849820137024
Wikipedia,L5,2500,hin,0.9966246485710144
Wikipedia,L20,2500,hin,0.9987708330154419
Wikipedia,L1,2501,hin,0.9774290323257446
Wikipedia,L5,2501,hin,0.998380720615387
Wikipedia,L20,2501,hin,0.9983804821968079
Wikipedia,L1,2502,hin,0.9980767369270325
Wikipedia,L5,2502,hin,0.998502254486084
Wikipedia,L20,2502,hin,0.9986898303031921
Wikipedia,L1,2504,hin,0.9985999464988708
Wikipedia,L5,2504,hin,0.9997755885124207
Wikipedia,L20,2504,hin,0.9993426203727722
Wikipedia,L1,2506,hin,0.9950365424156189
Wikipedia,L5,2506,hin,0.9955386519432068
Wikipedia,L20,2506,hin,0.9961503148078918
Wikipedia,L1,2508,hin,0.9994392991065979
Wikipedia,L5,2508,hin,0.9992320537567139
Wikipedia,L20,2508,hin,0.9993717074394226
Wikipedia,L1,2509,hin,0.9691658616065979
Wikipedia,L5,2509,hin,0.9939857125282288
Wikipedia,L20,2509,hin,0.9987282752990723
Wikipedia,L1,2510,hin,0.996628999710083
Wikipedia,L5,2510,hin,0.9971014261245728
Wikipedia,L20,2510,hin,0.9982225894927979
Wikipedia,L1,2511,hin,0.9971719980239868
Wikipedia,L5,2511,hin,0.9952054619789124
Wikipedia,L20,2511,hin,0.9946255087852478
Wikipedia,L1,2512,hin,0.9987830519676208
Wikipedia,L5,2512,hin,0.9956120252609253
Wikipedia,L20,2512,hin,0.9954840540885925
Wikipedia,L1,2515,hin,0.9090395569801331
Wikipedia,L5,2515,hin,0.9943429231643677
Wikipedia,L20,2515,hin,0.9948603510856628
Wikipedia,L1,2516,hin,0.9046446084976196
Wikipedia,L5,2516,hin,0.9957230091094971
Wikipedia,L20,2516,hin,0.994691789150238
Wikipedia,L1,2518,hin,0.9963720440864563
Wikipedia,L5,2518,hin,0.9986754655838013
Wikipedia,L20,2518,hin,0.9985682368278503
Wikipedia,L1,2519,hin,0.9998224377632141
Wikipedia,L5,2519,hin,0.998774528503418
Wikipedia,L20,2519,hin,0.9980946779251099
Wikipedia,L1,2520,hin,0.9978911280632019
Wikipedia,L5,2520,hin,0.9961576461791992
Wikipedia,L20,2520,hin,0.9964412450790405
Wikipedia,L1,2521,hin,0.9959272742271423
Wikipedia,L5,2521,hin,0.9979642629623413
Wikipedia,L20,2521,hin,0.9988335967063904
Wikipedia,L1,2522,hin,0.9887368679046631
Wikipedia,L5,2522,hin,0.9997034072875977
Wikipedia,L20,2522,hin,0.9992898106575012
Wikipedia,L1,2523,hin,0.9956279993057251
Wikipedia,L5,2523,hin,0.9983476400375366
Wikipedia,L20,2523,hin,0.99747633934021
Wikipedia,L1,2525,hin,0.9699336886405945
Wikipedia,L5,2525,hin,0.9973338842391968
Wikipedia,L20,2525,hin,0.9975550770759583
Wikipedia,L1,2527,hin,0.9991739988327026
Wikipedia,L5,2527,hin,0.9951102137565613
Wikipedia,L20,2527,hin,0.9949600696563721
Wikipedia,L1,2528,hin,0.988467276096344
Wikipedia,L5,2528,hin,0.9909990429878235
Wikipedia,L20,2528,hin,0.9941496849060059
Wikipedia,L1,2529,hin,0.9983305335044861
Wikipedia,L5,2529,hin,0.9984300136566162
Wikipedia,L20,2529,hin,0.9985156059265137
Wikipedia,L1,2530,hin,0.9999375343322754
Wikipedia,L5,2530,hin,0.9985985159873962
Wikipedia,L20,2530,hin,0.999157190322876
Wikipedia,L1,2531,hin,0.9767112135887146
Wikipedia,L5,2531,hin,0.9993143081665039
Wikipedia,L20,2531,hin,0.9986238479614258
Wikipedia,L1,2532,hin,0.9988892674446106
Wikipedia,L5,2532,hin,0.9985476732254028
Wikipedia,L20,2532,hin,0.9979344606399536
Wikipedia,L1,2533,hin,0.9964838624000549
Wikipedia,L5,2533,hin,0.9959685206413269
Wikipedia,L20,2533,hin,0.9980945587158203
Wikipedia,L1,2534,hin,0.9530946612358093
Wikipedia,L5,2534,hin,0.9994655251502991
Wikipedia,L20,2534,hin,0.9996362924575806
Wikipedia,L1,2535,hin,0.9521568417549133
Wikipedia,L5,2535,hin,0.9815710186958313
Wikipedia,L20,2535,hin,0.9917828440666199
Wikipedia,L1,2537,hin,0.9993796944618225
Wikipedia,L5,2537,hin,0.9990009665489197
Wikipedia,L20,2537,hin,0.9990241527557373
Wikipedia,L1,2539,hin,0.9997263550758362
Wikipedia,L5,2539,hin,0.9995405673980713
Wikipedia,L20,2539,hin,0.999471127986908
Wikipedia,L1,2541,hin,0.9993625283241272
Wikipedia,L5,2541,hin,0.9989508986473083
Wikipedia,L20,2541,hin,0.9992159008979797
Wikipedia,L1,2543,hin,0.9204686284065247
Wikipedia,L5,2543,hin,0.9962286353111267
Wikipedia,L20,2543,hin,0.9953330159187317
Wikipedia,L1,2544,hin,0.9859467148780823
Wikipedia,L5,2544,hin,0.9930921196937561
Wikipedia,L20,2544,hin,0.996390163898468
Wikipedia,L1,2545,hin,0.9536214470863342
Wikipedia,L5,2545,hin,0.9969997406005859
Wikipedia,L20,2545,hin,0.9987605810165405
Wikipedia,L1,2546,hin,0.965755045413971
Wikipedia,L5,2546,hin,0.9976481199264526
Wikipedia,L20,2546,hin,0.999060332775116
Wikipedia,L1,2547,hin,0.9718399047851562
Wikipedia,L5,2547,hin,0.9981037974357605
Wikipedia,L20,2547,hin,0.9981492757797241
Wikipedia,L1,2548,hin,0.9967585802078247
Wikipedia,L5,2548,hin,0.9980018138885498
Wikipedia,L20,2548,hin,0.9991132020950317
Wikipedia,L1,2549,hin,0.9313552379608154
Wikipedia,L5,2549,hin,0.9972893595695496
Wikipedia,L20,2549,hin,0.997174084186554
Wikipedia,L1,2552,hin,0.9856722950935364
Wikipedia,L5,2552,hin,0.9953881502151489
Wikipedia,L20,2552,hin,0.9958045482635498
Wikipedia,L1,2553,hin,0.9874208569526672
Wikipedia,L5,2553,hin,0.9961206316947937
Wikipedia,L20,2553,hin,0.9951696991920471
Wikipedia,L1,2555,hin,0.7675560116767883
Wikipedia,L5,2555,hin,0.9966511726379395
Wikipedia,L20,2555,hin,0.9982671141624451
Wikipedia,L1,2557,hin,0.9960949420928955
Wikipedia,L5,2557,hin,0.9967090487480164
Wikipedia,L20,2557,hin,0.9961350560188293
Wikipedia,L1,2558,hin,0.9952722787857056
Wikipedia,L5,2558,hin,0.9994081258773804
Wikipedia,L20,2558,hin,0.9988996386528015
Wikipedia,L1,2560,hin,0.9954850077629089
Wikipedia,L5,2560,hin,0.9971306920051575
Wikipedia,L20,2560,hin,0.9977023601531982
Wikipedia,L1,2562,hin,0.9914157390594482
Wikipedia,L5,2562,hin,0.9950817227363586
Wikipedia,L20,2562,hin,0.9967987537384033
Wikipedia,L1,2563,hin,0.9951540231704712
Wikipedia,L5,2563,hin,0.9961033463478088
Wikipedia,L20,2563,hin,0.9976513385772705
Wikipedia,L1,2565,hin,0.997755229473114
Wikipedia,L5,2565,hin,0.998085618019104
Wikipedia,L20,2565,hin,0.9979640245437622
Wikipedia,L1,2567,hin,0.9986099600791931
Wikipedia,L5,2567,hin,0.9974868893623352
Wikipedia,L20,2567,hin,0.9945536851882935
Wikipedia,L1,2568,hin,0.9988210201263428
Wikipedia,L5,2568,hin,0.9983758330345154
Wikipedia,L20,2568,hin,0.9982234239578247
Wikipedia,L1,2569,hin,0.9970670938491821
Wikipedia,L5,2569,hin,0.9982419610023499
Wikipedia,L20,2569,hin,0.998028039932251
Wikipedia,L1,2572,hin,0.9989379048347473
Wikipedia,L5,2572,hin,0.9997356534004211
Wikipedia,L20,2572,hin,0.9994966983795166
Wikipedia,L1,2575,hin,0.9986476302146912
Wikipedia,L5,2575,hin,0.9994789958000183
Wikipedia,L20,2575,hin,0.9995146989822388
Wikipedia,L1,2576,hin,0.7740636467933655
Wikipedia,L5,2576,hin,0.9984139800071716
Wikipedia,L20,2576,hin,0.9990656971931458
Wikipedia,L1,2577,hin,0.9996709823608398
Wikipedia,L5,2577,hin,0.9985504150390625
Wikipedia,L20,2577,hin,0.9975538849830627
Wikipedia,L1,2578,hin,0.8971516489982605
Wikipedia,L5,2578,hin,0.9951140880584717
Wikipedia,L20,2578,hin,0.9984252452850342
Wikipedia,L1,2580,hin,0.9956887364387512
Wikipedia,L5,2580,hin,0.9956293702125549
Wikipedia,L20,2580,hin,0.9963269233703613
Wikipedia,L1,2581,hin,0.9943278431892395
Wikipedia,L5,2581,hin,0.9980066418647766
Wikipedia,L20,2581,hin,0.9988347887992859
Wikipedia,L1,2582,hin,0.9945085644721985
Wikipedia,L5,2582,hin,0.9974598288536072
Wikipedia,L20,2582,hin,0.9982537031173706
Wikipedia,L1,2584,hin,0.9899556040763855
Wikipedia,L5,2584,hin,0.9942755103111267
Wikipedia,L20,2584,hin,0.9966445565223694
Wikipedia,L1,2585,hin,0.9958468675613403
Wikipedia,L5,2585,hin,0.999296247959137
Wikipedia,L20,2585,hin,0.9995540976524353
Wikipedia,L1,2586,hin,0.9970723986625671
Wikipedia,L5,2586,hin,0.9967513680458069
Wikipedia,L20,2586,hin,0.9980065226554871
Wikipedia,L1,2587,hin,0.9981828927993774
Wikipedia,L5,2587,hin,0.9986162781715393
Wikipedia,L20,2587,hin,0.9985511302947998
Wikipedia,L1,2588,hin,0.9991093873977661
Wikipedia,L5,2588,hin,0.998894989490509
Wikipedia,L20,2588,hin,0.9978699088096619
Wikipedia,L1,2590,hin,0.9999581575393677
Wikipedia,L5,2590,hin,0.9997803568840027
Wikipedia,L20,2590,hin,0.9983401894569397
Wikipedia,L1,2592,hin,0.9984839558601379
Wikipedia,L5,2592,hin,0.9994781613349915
Wikipedia,L20,2592,hin,0.9992018342018127
Wikipedia,L1,2594,hin,0.9994640946388245
Wikipedia,L5,2594,hin,0.9983271360397339
Wikipedia,L20,2594,hin,0.9982054829597473
Wikipedia,L1,2595,hin,0.9883508682250977
Wikipedia,L5,2595,hin,0.9975085854530334
Wikipedia,L20,2595,hin,0.9977788925170898
Wikipedia,L1,2596,hin,0.9919666051864624
Wikipedia,L5,2596,hin,0.9984870553016663
Wikipedia,L20,2596,hin,0.9993394613265991
Wikipedia,L1,2597,hin,0.9982981085777283
Wikipedia,L5,2597,hin,0.9994269609451294
Wikipedia,L20,2597,hin,0.9991324543952942
Wikipedia,L1,2598,hin,0.9993507266044617
Wikipedia,L5,2598,hin,0.9987715482711792
Wikipedia,L20,2598,hin,0.9978251457214355
Wikipedia,L1,2599,hin,0.9968518018722534
Wikipedia,L5,2599,hin,0.9956376552581787
Wikipedia,L20,2599,hin,0.9988519549369812
Wikipedia,L1,2600,hin,0.9873418211936951
Wikipedia,L5,2600,hin,0.9979847073554993
Wikipedia,L20,2600,hin,0.9983319640159607
Wikipedia,L1,2602,hin,0.9977063536643982
Wikipedia,L5,2602,hin,0.9978479743003845
Wikipedia,L20,2602,hin,0.9982807636260986
Wikipedia,L1,2603,hin,0.9761602878570557
Wikipedia,L5,2603,hin,0.9953836798667908
Wikipedia,L20,2603,hin,0.9971250295639038
Wikipedia,L1,2604,hin,0.9718137383460999
Wikipedia,L5,2604,hin,0.9983759522438049
Wikipedia,L20,2604,hin,0.9984115958213806
Wikipedia,L1,2605,hin,0.999609649181366
Wikipedia,L5,2605,hin,0.9983996152877808
Wikipedia,L20,2605,hin,0.9987622499465942
Wikipedia,L1,2606,hin,0.9995516538619995
Wikipedia,L5,2606,hin,0.9989013075828552
Wikipedia,L20,2606,hin,0.9985167384147644
Wikipedia,L1,2608,hin,0.9956839680671692
Wikipedia,L5,2608,hin,0.9989261627197266
Wikipedia,L20,2608,hin,0.9988605976104736
Wikipedia,L1,2610,hin,0.9172236919403076
Wikipedia,L5,2610,hin,0.9988823533058167
Wikipedia,L20,2610,hin,0.9991461634635925
Wikipedia,L1,2614,hin,0.984673023223877
Wikipedia,L5,2614,hin,0.9993194341659546
Wikipedia,L20,2614,hin,0.999172568321228
Wikipedia,L1,2615,hin,0.996486485004425
Wikipedia,L5,2615,hin,0.9991361498832703
Wikipedia,L20,2615,hin,0.9979631900787354
Wikipedia,L1,2616,hin,0.9500440955162048
Wikipedia,L5,2616,hin,0.9975444078445435
Wikipedia,L20,2616,hin,0.9979837536811829
Wikipedia,L1,2617,hin,0.9961653351783752
Wikipedia,L5,2617,hin,0.9984106421470642
Wikipedia,L20,2617,hin,0.9990172982215881
Wikipedia,L1,2618,hin,0.9973538517951965
Wikipedia,L5,2618,hin,0.9979112148284912
Wikipedia,L20,2618,hin,0.9978733658790588
Wikipedia,L1,2622,hin,0.9655030369758606
Wikipedia,L5,2622,hin,0.996818482875824
Wikipedia,L20,2622,hin,0.9959942102432251
Wikipedia,L1,2623,hin,0.9967854619026184
Wikipedia,L5,2623,hin,0.9989888668060303
Wikipedia,L20,2623,hin,0.997991144657135
Wikipedia,L1,2625,hin,0.9998155236244202
Wikipedia,L5,2625,hin,0.9993377923965454
Wikipedia,L20,2625,hin,0.9979124069213867
Wikipedia,L1,2626,hin,0.8555168509483337
Wikipedia,L5,2626,hin,0.9909468293190002
Wikipedia,L20,2626,hin,0.9973744750022888
Wikipedia,L1,2627,hin,0.9956062436103821
Wikipedia,L5,2627,hin,0.9993821978569031
Wikipedia,L20,2627,hin,0.999064028263092
Wikipedia,L1,2630,hin,0.9548779129981995
Wikipedia,L5,2630,hin,0.9897139668464661
Wikipedia,L20,2630,hin,0.9980728030204773
Wikipedia,L1,2631,hin,0.9988911747932434
Wikipedia,L5,2631,hin,0.9955711364746094
Wikipedia,L20,2631,hin,0.9975513219833374
Wikipedia,L1,2632,hin,0.9722378253936768
Wikipedia,L5,2632,hin,0.9987799525260925
Wikipedia,L20,2632,hin,0.999026894569397
Wikipedia,L1,2633,hin,0.9991052150726318
Wikipedia,L5,2633,hin,0.9994540810585022
Wikipedia,L20,2633,hin,0.9990429878234863
Wikipedia,L1,2635,hin,0.9977717399597168
Wikipedia,L5,2635,hin,0.9946973323822021
Wikipedia,L20,2635,hin,0.9972505569458008
Wikipedia,L1,2636,hin,0.553691565990448
Wikipedia,L5,2636,hin,0.9987336993217468
Wikipedia,L20,2636,hin,0.999595582485199
Wikipedia,L1,2637,hin,0.9882097244262695
Wikipedia,L5,2637,hin,0.9971300363540649
Wikipedia,L20,2637,hin,0.9982129335403442
Wikipedia,L1,2641,hin,0.9991944432258606
Wikipedia,L5,2641,hin,0.9987674951553345
Wikipedia,L20,2641,hin,0.9971814751625061
Wikipedia,L1,2642,hin,0.9983241558074951
Wikipedia,L5,2642,hin,0.9981906414031982
Wikipedia,L20,2642,hin,0.9981788396835327
Wikipedia,L1,2644,hin,0.998223066329956
Wikipedia,L5,2644,hin,0.998871922492981
Wikipedia,L20,2644,hin,0.9984491467475891
Wikipedia,L1,2646,hin,0.9979926347732544
Wikipedia,L5,2646,hin,0.9975663423538208
Wikipedia,L20,2646,hin,0.9980798363685608
Wikipedia,L1,2649,hin,0.9800928235054016
Wikipedia,L5,2649,hin,0.9954991936683655
Wikipedia,L20,2649,hin,0.9980651140213013
Wikipedia,L1,2650,hin,0.9989817142486572
Wikipedia,L5,2650,hin,0.9957765340805054
Wikipedia,L20,2650,hin,0.9965128898620605
Wikipedia,L1,2651,hin,0.9984869360923767
Wikipedia,L5,2651,hin,0.9984678030014038
Wikipedia,L20,2651,hin,0.9987161159515381
Wikipedia,L1,2652,hin,0.9977068305015564
Wikipedia,L5,2652,hin,0.9988998770713806
Wikipedia,L20,2652,hin,0.9988407492637634
Wikipedia,L1,2653,hin,0.9978771209716797
Wikipedia,L5,2653,hin,0.9962196350097656
Wikipedia,L20,2653,hin,0.9976712465286255
Wikipedia,L1,2655,hin,0.9986544251441956
Wikipedia,L5,2655,hin,0.9990209341049194
Wikipedia,L20,2655,hin,0.9965273141860962
Wikipedia,L1,2656,hin,0.9927833676338196
Wikipedia,L5,2656,hin,0.9995744824409485
Wikipedia,L20,2656,hin,0.9994992017745972
Wikipedia,L1,2657,hin,0.9877800941467285
Wikipedia,L5,2657,hin,0.9971859455108643
Wikipedia,L20,2657,hin,0.9987874627113342
Wikipedia,L1,2658,hin,0.9991307854652405
Wikipedia,L5,2658,hin,0.9994861483573914
Wikipedia,L20,2658,hin,0.9991374611854553
Wikipedia,L1,2659,hin,0.9941505789756775
Wikipedia,L5,2659,hin,0.9938969016075134
Wikipedia,L20,2659,hin,0.9957247376441956
Wikipedia,L1,2660,hin,0.9997259974479675
Wikipedia,L5,2660,hin,0.9969198107719421
Wikipedia,L20,2660,hin,0.9975364804267883
Wikipedia,L1,2661,hin,0.9978787899017334
Wikipedia,L5,2661,hin,0.9993610978126526
Wikipedia,L20,2661,hin,0.9986759424209595
Wikipedia,L1,2662,hin,0.9910322427749634
Wikipedia,L5,2662,hin,0.9963580965995789
Wikipedia,L20,2662,hin,0.9981920719146729
Wikipedia,L1,2664,hin,0.9987754821777344
Wikipedia,L5,2664,hin,0.9978276491165161
Wikipedia,L20,2664,hin,0.9991193413734436
Wikipedia,L1,2665,hin,0.984126627445221
Wikipedia,L5,2665,hin,0.9981499910354614
Wikipedia,L20,2665,hin,0.9972620606422424
Wikipedia,L1,2668,hin,0.9984719753265381
Wikipedia,L5,2668,hin,0.9993971586227417
Wikipedia,L20,2668,hin,0.9989904761314392
Wikipedia,L1,2670,hin,0.9993576407432556
Wikipedia,L5,2670,hin,0.9995479583740234
Wikipedia,L20,2670,hin,0.9983536005020142
Wikipedia,L1,2672,hin,0.9893065094947815
Wikipedia,L5,2672,hin,0.9927242398262024
Wikipedia,L20,2672,hin,0.9962331056594849
Wikipedia,L1,2673,hin,0.9990779757499695
Wikipedia,L5,2673,hin,0.9978991150856018
Wikipedia,L20,2673,hin,0.9964265823364258
Wikipedia,L1,2675,hin,0.9998137354850769
Wikipedia,L5,2675,hin,0.9996592998504639
Wikipedia,L20,2675,hin,0.9989483952522278
Wikipedia,L1,2677,hin,0.9993669390678406
Wikipedia,L5,2677,hin,0.9973670244216919
Wikipedia,L20,2677,hin,0.9970667362213135
Wikipedia,L1,2680,hin,0.9854602813720703
Wikipedia,L5,2680,hin,0.9950746893882751
Wikipedia,L20,2680,hin,0.9946576952934265
Wikipedia,L1,2681,hin,0.9940339922904968
Wikipedia,L5,2681,hin,0.9970086812973022
Wikipedia,L20,2681,hin,0.9961450099945068
Wikipedia,L1,2682,hin,0.9998476505279541
Wikipedia,L5,2682,hin,0.9988640546798706
Wikipedia,L20,2682,hin,0.9989075660705566
Wikipedia,L1,2684,hin,0.981291651725769
Wikipedia,L5,2684,hin,0.9976022839546204
Wikipedia,L20,2684,hin,0.9976459741592407
Wikipedia,L1,2685,hin,0.9895570874214172
Wikipedia,L5,2685,hin,0.9942323565483093
Wikipedia,L20,2685,hin,0.9975290298461914
Wikipedia,L1,2686,hin,0.9913849234580994
Wikipedia,L5,2686,hin,0.9991350769996643
Wikipedia,L20,2686,hin,0.9982940554618835
Wikipedia,L1,2687,hin,0.9867333769798279
Wikipedia,L5,2687,hin,0.9966277480125427
Wikipedia,L20,2687,hin,0.9958468675613403
Wikipedia,L1,2689,hin,0.9987689256668091
Wikipedia,L5,2689,hin,0.9979844689369202
Wikipedia,L20,2689,hin,0.9982648491859436
Wikipedia,L1,2690,hin,0.9988835453987122
Wikipedia,L5,2690,hin,0.998855471611023
Wikipedia,L20,2690,hin,0.9969218969345093
Wikipedia,L1,2692,hin,0.664239227771759
Wikipedia,L5,2692,hin,0.9952293038368225
Wikipedia,L20,2692,hin,0.9970471858978271
Wikipedia,L1,2694,hin,0.9920998811721802
Wikipedia,L5,2694,hin,0.9981626868247986
Wikipedia,L20,2694,hin,0.998084545135498
Wikipedia,L1,2695,hin,0.9941369295120239
Wikipedia,L5,2695,hin,0.999411940574646
Wikipedia,L20,2695,hin,0.9987896084785461
Wikipedia,L1,2697,hin,0.9967686533927917
Wikipedia,L5,2697,hin,0.9990487098693848
Wikipedia,L20,2697,hin,0.9969130158424377
Wikipedia,L1,2703,hin,0.9995782971382141
Wikipedia,L5,2703,hin,0.9972903728485107
Wikipedia,L20,2703,hin,0.997677206993103
Wikipedia,L1,2705,hin,0.9995337724685669
Wikipedia,L5,2705,hin,0.999286949634552
Wikipedia,L20,2705,hin,0.9991596937179565
Wikipedia,L1,2706,hin,0.9940906167030334
Wikipedia,L5,2706,hin,0.9986973404884338
Wikipedia,L20,2706,hin,0.9983493089675903
Wikipedia,L1,2708,hin,0.9926097393035889
Wikipedia,L5,2708,hin,0.995487630367279
Wikipedia,L20,2708,hin,0.9951545596122742
Wikipedia,L1,2710,hin,0.9945411086082458
Wikipedia,L5,2710,hin,0.9994595646858215
Wikipedia,L20,2710,hin,0.9993776679039001
Wikipedia,L1,2713,hin,0.9831645488739014
Wikipedia,L5,2713,hin,0.9977933764457703
Wikipedia,L20,2713,hin,0.9975150227546692
Wikipedia,L1,2718,hin,0.9839490652084351
Wikipedia,L5,2718,hin,0.9933743476867676
Wikipedia,L20,2718,hin,0.9957629442214966
Wikipedia,L1,2719,hin,0.996799647808075
Wikipedia,L5,2719,hin,0.997611939907074
Wikipedia,L20,2719,hin,0.9983740448951721
Wikipedia,L1,2720,hin,0.9956530332565308
Wikipedia,L5,2720,hin,0.9953106641769409
Wikipedia,L20,2720,hin,0.9965324401855469
Wikipedia,L1,2722,hin,0.984035074710846
Wikipedia,L5,2722,hin,0.9963952302932739
Wikipedia,L20,2722,hin,0.9984314441680908
Wikipedia,L1,2724,hin,0.5675469040870667
Wikipedia,L5,2724,hin,0.9933096170425415
Wikipedia,L20,2724,hin,0.9951050281524658
Wikipedia,L1,2725,hin,0.9316064119338989
Wikipedia,L5,2725,hin,0.9927241206169128
Wikipedia,L20,2725,hin,0.9954532384872437
Wikipedia,L1,2728,hin,0.9937678575515747
Wikipedia,L5,2728,hin,0.9987577199935913
Wikipedia,L20,2728,hin,0.998201310634613
Wikipedia,L1,2729,hin,0.9136083722114563
Wikipedia,L5,2729,hin,0.9958584308624268
Wikipedia,L20,2729,hin,0.9986834526062012
Wikipedia,L1,2731,hin,0.9998589754104614
Wikipedia,L5,2731,hin,0.9994857907295227
Wikipedia,L20,2731,hin,0.9986832141876221
Wikipedia,L1,2732,hin,0.9998997449874878
Wikipedia,L5,2732,hin,0.9990320205688477
Wikipedia,L20,2732,hin,0.9989109039306641
Wikipedia,L1,2733,hin,0.9979722499847412
Wikipedia,L5,2733,hin,0.9990261793136597
Wikipedia,L20,2733,hin,0.9986184239387512
Wikipedia,L1,2734,hin,0.9997401833534241
Wikipedia,L5,2734,hin,0.9992510080337524
Wikipedia,L20,2734,hin,0.9983115196228027
Wikipedia,L1,2735,hin,0.998276948928833
Wikipedia,L5,2735,hin,0.9996119141578674
Wikipedia,L20,2735,hin,0.9996078610420227
Wikipedia,L1,2736,hin,0.9992458820343018
Wikipedia,L5,2736,hin,0.9980108141899109
Wikipedia,L20,2736,hin,0.9977843165397644
Wikipedia,L1,2738,hin,0.9868186712265015
Wikipedia,L5,2738,hin,0.9954050183296204
Wikipedia,L20,2738,hin,0.9973411560058594
Wikipedia,L1,2739,hin,0.9963006973266602
Wikipedia,L5,2739,hin,0.9993880987167358
Wikipedia,L20,2739,hin,0.999300479888916
Wikipedia,L1,2740,hin,0.6088564991950989
Wikipedia,L5,2740,hin,0.8829619884490967
Wikipedia,L20,2740,hin,0.9769570231437683
Wikipedia,L1,2743,hin,0.9975084662437439
Wikipedia,L5,2743,hin,0.9985436201095581
Wikipedia,L20,2743,hin,0.9981549978256226
Wikipedia,L1,2744,hin,0.997110903263092
Wikipedia,L5,2744,hin,0.9992076754570007
Wikipedia,L20,2744,hin,0.9993306398391724
Wikipedia,L1,2746,hin,0.9984419941902161
Wikipedia,L5,2746,hin,0.998485267162323
Wikipedia,L20,2746,hin,0.9965723156929016
Wikipedia,L1,2747,hin,0.9832356572151184
Wikipedia,L5,2747,hin,0.9849987030029297
Wikipedia,L20,2747,hin,0.9964403510093689
Wikipedia,L1,2748,hin,0.9994938373565674
Wikipedia,L5,2748,hin,0.9994749426841736
Wikipedia,L20,2748,hin,0.999447762966156
Wikipedia,L1,2749,hin,0.9978606700897217
Wikipedia,L5,2749,hin,0.998254656791687
Wikipedia,L20,2749,hin,0.9988712072372437
Wikipedia,L1,2750,hin,0.9988160133361816
Wikipedia,L5,2750,hin,0.9976349472999573
Wikipedia,L20,2750,hin,0.9984123110771179
Wikipedia,L1,2753,hin,0.9999277591705322
Wikipedia,L5,2753,hin,0.9989016652107239
Wikipedia,L20,2753,hin,0.9979787468910217
Wikipedia,L1,2755,hin,0.9850863814353943
Wikipedia,L5,2755,hin,0.9995272159576416
Wikipedia,L20,2755,hin,0.9993425011634827
Wikipedia,L1,2757,hin,0.9994078874588013
Wikipedia,L5,2757,hin,0.9990390539169312
Wikipedia,L20,2757,hin,0.9991316199302673
Wikipedia,L1,2759,hin,0.9995785355567932
Wikipedia,L5,2759,hin,0.998840868473053
Wikipedia,L20,2759,hin,0.9982704520225525
Wikipedia,L1,2761,hin,0.9937382936477661
Wikipedia,L5,2761,hin,0.9982405304908752
Wikipedia,L20,2761,hin,0.9985609650611877
Wikipedia,L1,2762,hin,0.999738872051239
Wikipedia,L5,2762,hin,0.9988553524017334
Wikipedia,L20,2762,hin,0.9974176287651062
Wikipedia,L1,2765,hin,0.9985226988792419
Wikipedia,L5,2765,hin,0.9989157915115356
Wikipedia,L20,2765,hin,0.9988436102867126
Wikipedia,L1,2766,hin,0.9981145858764648
Wikipedia,L5,2766,hin,0.9977108836174011
Wikipedia,L20,2766,hin,0.998559296131134
Wikipedia,L1,2767,hin,0.9989367127418518
Wikipedia,L5,2767,hin,0.9996391534805298
Wikipedia,L20,2767,hin,0.9992144703865051
Wikipedia,L1,2768,hin,0.9948453903198242
Wikipedia,L5,2768,hin,0.9993689656257629
Wikipedia,L20,2768,hin,0.9990795254707336
Wikipedia,L1,2770,hin,0.9926291108131409
Wikipedia,L5,2770,hin,0.9964299201965332
Wikipedia,L20,2770,hin,0.998031497001648
Wikipedia,L1,2778,hin,0.998081624507904
Wikipedia,L5,2778,hin,0.996936023235321
Wikipedia,L20,2778,hin,0.990818977355957
Wikipedia,L1,2780,hin,0.9997969269752502
Wikipedia,L5,2780,hin,0.9985228180885315
Wikipedia,L20,2780,hin,0.997196614742279
Wikipedia,L1,2782,hin,0.9988965392112732
Wikipedia,L5,2782,hin,0.9917711019515991
Wikipedia,L20,2782,hin,0.9954569935798645
Wikipedia,L1,2783,hin,0.996328592300415
Wikipedia,L5,2783,hin,0.9994972944259644
Wikipedia,L20,2783,hin,0.9987107515335083
Wikipedia,L1,2784,hin,0.9715959429740906
Wikipedia,L5,2784,hin,0.9992556571960449
Wikipedia,L20,2784,hin,0.9990956783294678
Wikipedia,L1,2785,hin,0.9995799660682678
Wikipedia,L5,2785,hin,0.9967567920684814
Wikipedia,L20,2785,hin,0.9981797933578491
Wikipedia,L1,2787,mag,0.7836768627166748
Wikipedia,L5,2787,hin,0.9953916668891907
Wikipedia,L20,2787,hin,0.9975653290748596
Wikipedia,L1,2788,hin,0.9997736811637878
Wikipedia,L5,2788,hin,0.9992448091506958
Wikipedia,L20,2788,hin,0.9987293481826782
Wikipedia,L1,2789,hin,0.9982191324234009
Wikipedia,L5,2789,hin,0.9986115097999573
Wikipedia,L20,2789,hin,0.9993137121200562
Wikipedia,L1,2791,hin,0.9988175630569458
Wikipedia,L5,2791,hin,0.997133195400238
Wikipedia,L20,2791,hin,0.9988582134246826
Wikipedia,L1,2793,hin,0.9981101155281067
Wikipedia,L5,2793,hin,0.9987541437149048
Wikipedia,L20,2793,hin,0.996231198310852
Wikipedia,L1,2795,hin,0.9961008429527283
Wikipedia,L5,2795,hin,0.999036431312561
Wikipedia,L20,2795,hin,0.9981364607810974
Wikipedia,L1,2797,hin,0.9914213418960571
Wikipedia,L5,2797,hin,0.9992826581001282
Wikipedia,L20,2797,hin,0.9992920756340027
Wikipedia,L1,2799,hin,0.7670904397964478
Wikipedia,L5,2799,hin,0.9984370470046997
Wikipedia,L20,2799,hin,0.9977995157241821
Wikipedia,L1,2800,hin,0.8698912858963013
Wikipedia,L5,2800,hin,0.9882450103759766
Wikipedia,L20,2800,hin,0.9940575361251831
Wikipedia,L1,2801,hin,0.9955965280532837
Wikipedia,L5,2801,hin,0.9958142638206482
Wikipedia,L20,2801,hin,0.997768759727478
Wikipedia,L1,2804,hin,0.9994485974311829
Wikipedia,L5,2804,hin,0.9983450770378113
Wikipedia,L20,2804,hin,0.9972456097602844
Wikipedia,L1,2805,hin,0.99983149766922
Wikipedia,L5,2805,hin,0.9998062252998352
Wikipedia,L20,2805,hin,0.9997385144233704
Wikipedia,L1,2806,hin,0.9802895784378052
Wikipedia,L5,2806,hin,0.9963655471801758
Wikipedia,L20,2806,hin,0.9960533380508423
Wikipedia,L1,2808,hin,0.9967989921569824
Wikipedia,L5,2808,hin,0.998195469379425
Wikipedia,L20,2808,hin,0.9977750778198242
Wikipedia,L1,2811,hin,0.9985166192054749
Wikipedia,L5,2811,hin,0.999214231967926
Wikipedia,L20,2811,hin,0.9981142282485962
Wikipedia,L1,2812,hin,0.9984403252601624
Wikipedia,L5,2812,hin,0.9990738034248352
Wikipedia,L20,2812,hin,0.9989256858825684
Wikipedia,L1,2814,hin,0.771816611289978
Wikipedia,L5,2814,hin,0.9985462427139282
Wikipedia,L20,2814,hin,0.9992054104804993
Wikipedia,L1,2816,hin,0.9973669052124023
Wikipedia,L5,2816,hin,0.9993093013763428
Wikipedia,L20,2816,hin,0.9990959167480469
Wikipedia,L1,2819,hin,0.9994530081748962
Wikipedia,L5,2819,hin,0.9984246492385864
Wikipedia,L20,2819,hin,0.9989160299301147
Wikipedia,L1,2821,hin,0.7572938799858093
Wikipedia,L5,2821,hin,0.9890144467353821
Wikipedia,L20,2821,hin,0.9944741129875183
Wikipedia,L1,2824,hin,0.9985148906707764
Wikipedia,L5,2824,hin,0.9972554445266724
Wikipedia,L20,2824,hin,0.9981608986854553
Wikipedia,L1,2825,hin,0.8142768740653992
Wikipedia,L5,2825,hin,0.9961043000221252
Wikipedia,L20,2825,hin,0.9980400204658508
Wikipedia,L1,2831,hin,0.9987472891807556
Wikipedia,L5,2831,hin,0.9989304542541504
Wikipedia,L20,2831,hin,0.9962537288665771
Wikipedia,L1,2832,hin,0.9336667656898499
Wikipedia,L5,2832,hin,0.9947479367256165
Wikipedia,L20,2832,hin,0.9972978830337524
Wikipedia,L1,2833,hin,0.9987729787826538
Wikipedia,L5,2833,hin,0.9963480234146118
Wikipedia,L20,2833,hin,0.9955137372016907
Wikipedia,L1,2834,hin,0.9807292819023132
Wikipedia,L5,2834,hin,0.9928998947143555
Wikipedia,L20,2834,hin,0.9966433644294739
Wikipedia,L1,2837,hin,0.9462670087814331
Wikipedia,L5,2837,hin,0.9973894357681274
Wikipedia,L20,2837,hin,0.9985187649726868
Wikipedia,L1,2842,hin,0.9973627328872681
Wikipedia,L5,2842,hin,0.9992758631706238
Wikipedia,L20,2842,hin,0.9994082450866699
Wikipedia,L1,2843,hin,0.9775080680847168
Wikipedia,L5,2843,hin,0.9970787167549133
Wikipedia,L20,2843,hin,0.9953187108039856
Wikipedia,L1,2844,hin,0.9913126230239868
Wikipedia,L5,2844,hin,0.9985543489456177
Wikipedia,L20,2844,hin,0.9976210594177246
Wikipedia,L1,2846,hin,0.9983689188957214
Wikipedia,L5,2846,hin,0.9945884943008423
Wikipedia,L20,2846,hin,0.995291531085968
Wikipedia,L1,2848,hin,0.9941344857215881
Wikipedia,L5,2848,hin,0.9879931211471558
Wikipedia,L20,2848,hin,0.996895968914032
Wikipedia,L1,2850,hin,0.9965525269508362
Wikipedia,L5,2850,hin,0.9980628490447998
Wikipedia,L20,2850,hin,0.9984511733055115
Wikipedia,L1,2852,hin,0.9805078506469727
Wikipedia,L5,2852,hin,0.9991710186004639
Wikipedia,L20,2852,hin,0.9975573420524597
Wikipedia,L1,2853,hin,0.965809166431427
Wikipedia,L5,2853,hin,0.9961668848991394
Wikipedia,L20,2853,hin,0.9985273480415344
Wikipedia,L1,2854,hin,0.9974271059036255
Wikipedia,L5,2854,hin,0.9983495473861694
Wikipedia,L20,2854,hin,0.9980456233024597
Wikipedia,L1,2856,hin,0.998832643032074
Wikipedia,L5,2856,hin,0.9972761869430542
Wikipedia,L20,2856,hin,0.9969173073768616
Wikipedia,L1,2857,hin,0.9824692010879517
Wikipedia,L5,2857,hin,0.9991554021835327
Wikipedia,L20,2857,hin,0.998630166053772
Wikipedia,L1,2858,hin,0.9985805749893188
Wikipedia,L5,2858,hin,0.995547890663147
Wikipedia,L20,2858,hin,0.994699239730835
Wikipedia,L1,2859,hin,0.9997013807296753
Wikipedia,L5,2859,hin,0.9986886382102966
Wikipedia,L20,2859,hin,0.9977298378944397
Wikipedia,L1,2860,hin,0.9995817542076111
Wikipedia,L5,2860,hin,0.9994867444038391
Wikipedia,L20,2860,hin,0.9986409544944763
Wikipedia,L1,2861,hin,0.9950442314147949
Wikipedia,L5,2861,hin,0.9980835914611816
Wikipedia,L20,2861,hin,0.9981316924095154
Wikipedia,L1,2863,hin,0.9972462058067322
Wikipedia,L5,2863,hin,0.9992506504058838
Wikipedia,L20,2863,hin,0.9982683062553406
Wikipedia,L1,2864,hin,0.9917027950286865
Wikipedia,L5,2864,hin,0.9976174831390381
Wikipedia,L20,2864,hin,0.995061457157135
Wikipedia,L1,2866,hin,0.9935053586959839
Wikipedia,L5,2866,hin,0.9976529479026794
Wikipedia,L20,2866,hin,0.9987238645553589
Wikipedia,L1,2867,hin,0.9519188404083252
Wikipedia,L5,2867,hin,0.9842224717140198
Wikipedia,L20,2867,hin,0.9871231913566589
Wikipedia,L1,2868,hin,0.9970563054084778
Wikipedia,L5,2868,hin,0.998936116695404
Wikipedia,L20,2868,hin,0.9972344636917114
Wikipedia,L1,2869,hin,0.9956957101821899
Wikipedia,L5,2869,hin,0.996982216835022
Wikipedia,L20,2869,hin,0.9966403841972351
Wikipedia,L1,2871,hin,0.9988346695899963
Wikipedia,L5,2871,hin,0.9987614154815674
Wikipedia,L20,2871,hin,0.9986425042152405
Wikipedia,L1,2872,hin,0.9582209587097168
Wikipedia,L5,2872,hin,0.9969500303268433
Wikipedia,L20,2872,hin,0.9957548975944519
Wikipedia,L1,2873,hin,0.9898059964179993
Wikipedia,L5,2873,hin,0.989306628704071
Wikipedia,L20,2873,hin,0.9926294684410095
Wikipedia,L1,2876,hin,0.9996888637542725
Wikipedia,L5,2876,hin,0.9997321963310242
Wikipedia,L20,2876,hin,0.9986528754234314
Wikipedia,L1,2881,hin,0.9400455355644226
Wikipedia,L5,2881,hin,0.9988752603530884
Wikipedia,L20,2881,hin,0.9970492124557495
Wikipedia,L1,2882,hin,0.9996064305305481
Wikipedia,L5,2882,hin,0.9972480535507202
Wikipedia,L20,2882,hin,0.9983181953430176
Wikipedia,L1,2884,hin,0.999369204044342
Wikipedia,L5,2884,hin,0.996315598487854
Wikipedia,L20,2884,hin,0.9974649548530579
Wikipedia,L1,2885,hin,0.9936110377311707
Wikipedia,L5,2885,hin,0.9978757500648499
Wikipedia,L20,2885,hin,0.9985688328742981
Wikipedia,L1,2886,hin,0.9971684217453003
Wikipedia,L5,2886,hin,0.9983707070350647
Wikipedia,L20,2886,hin,0.998924970626831
Wikipedia,L1,2891,hin,0.9960775375366211
Wikipedia,L5,2891,hin,0.9989683628082275
Wikipedia,L20,2891,hin,0.9989656209945679
Wikipedia,L1,2893,hin,0.9861679077148438
Wikipedia,L5,2893,hin,0.998315691947937
Wikipedia,L20,2893,hin,0.997860312461853
Wikipedia,L1,2894,hin,0.9966216683387756
Wikipedia,L5,2894,hin,0.9983293414115906
Wikipedia,L20,2894,hin,0.9979357719421387
Wikipedia,L1,2898,hin,0.9980446696281433
Wikipedia,L5,2898,hin,0.9981558322906494
Wikipedia,L20,2898,hin,0.9983524084091187
Wikipedia,L1,2899,hin,0.9984832406044006
Wikipedia,L5,2899,hin,0.9941737055778503
Wikipedia,L20,2899,hin,0.9961756467819214
Wikipedia,L1,2900,hin,0.9994490742683411
Wikipedia,L5,2900,hin,0.9996422529220581
Wikipedia,L20,2900,hin,0.9996657371520996
Wikipedia,L1,2901,hin,0.9977081418037415
Wikipedia,L5,2901,hin,0.9975494146347046
Wikipedia,L20,2901,hin,0.9970482587814331
Wikipedia,L1,2902,hin,1.0000035762786865
Wikipedia,L5,2902,hin,0.9979822039604187
Wikipedia,L20,2902,hin,0.9975348114967346
Wikipedia,L1,2903,hin,0.9975674152374268
Wikipedia,L5,2903,hin,0.9988340735435486
Wikipedia,L20,2903,hin,0.9987279176712036
Wikipedia,L1,2910,hin,0.9900517463684082
Wikipedia,L5,2910,hin,0.9985086917877197
Wikipedia,L20,2910,hin,0.9980261325836182
Wikipedia,L1,2912,hin,0.996999204158783
Wikipedia,L5,2912,hin,0.9992095828056335
Wikipedia,L20,2912,hin,0.999599039554596
Wikipedia,L1,2913,hin,0.999761164188385
Wikipedia,L5,2913,hin,0.998876690864563
Wikipedia,L20,2913,hin,0.9986621737480164
Wikipedia,L1,2914,hin,0.9965713620185852
Wikipedia,L5,2914,hin,0.9984986782073975
Wikipedia,L20,2914,hin,0.9992067217826843
Wikipedia,L1,2916,hin,0.9834716320037842
Wikipedia,L5,2916,hin,0.9978720545768738
Wikipedia,L20,2916,hin,0.9984308481216431
Wikipedia,L1,2917,hin,0.9993650317192078
Wikipedia,L5,2917,hin,0.9996691942214966
Wikipedia,L20,2917,hin,0.9995940327644348
Wikipedia,L1,2918,hin,0.9879618287086487
Wikipedia,L5,2918,hin,0.9991337656974792
Wikipedia,L20,2918,hin,0.9990615248680115
Wikipedia,L1,2920,hin,0.9985027313232422
Wikipedia,L5,2920,hin,0.9988365769386292
Wikipedia,L20,2920,hin,0.9988772869110107
Wikipedia,L1,2924,hin,0.9290507435798645
Wikipedia,L5,2924,hin,0.9873844981193542
Wikipedia,L20,2924,hin,0.9956157803535461
Wikipedia,L1,2930,hin,0.9995825886726379
Wikipedia,L5,2930,hin,0.9976128935813904
Wikipedia,L20,2930,hin,0.9974858164787292
Wikipedia,L1,2933,hin,0.9937340617179871
Wikipedia,L5,2933,hin,0.9951976537704468
Wikipedia,L20,2933,hin,0.9982936382293701
Wikipedia,L1,2935,hin,0.9974806308746338
Wikipedia,L5,2935,hin,0.9985033273696899
Wikipedia,L20,2935,hin,0.997675895690918
Wikipedia,L1,2937,hin,0.9981732964515686
Wikipedia,L5,2937,hin,0.9989438652992249
Wikipedia,L20,2937,hin,0.9979020953178406
Wikipedia,L1,2938,hin,0.9371120929718018
Wikipedia,L5,2938,hin,0.9993441700935364
Wikipedia,L20,2938,hin,0.9988920092582703
Wikipedia,L1,2939,hin,0.9977221488952637
Wikipedia,L5,2939,hin,0.9986853003501892
Wikipedia,L20,2939,hin,0.9990257024765015
Wikipedia,L1,2941,hin,0.9781428575515747
Wikipedia,L5,2941,hin,0.9879171252250671
Wikipedia,L20,2941,hin,0.9965205788612366
Wikipedia,L1,2943,hin,0.99519944190979
Wikipedia,L5,2943,hin,0.999096155166626
Wikipedia,L20,2943,hin,0.9990541338920593
Wikipedia,L1,2944,hin,0.992171585559845
Wikipedia,L5,2944,hin,0.9989155530929565
Wikipedia,L20,2944,hin,0.9983919858932495
Wikipedia,L1,2947,hin,0.9969640970230103
Wikipedia,L5,2947,hin,0.9989895224571228
Wikipedia,L20,2947,hin,0.9976475238800049
Wikipedia,L1,2948,hin,0.9989171028137207
Wikipedia,L5,2948,hin,0.9972934722900391
Wikipedia,L20,2948,hin,0.9959907531738281
Wikipedia,L1,2949,hin,0.995042085647583
Wikipedia,L5,2949,hin,0.9989179372787476
Wikipedia,L20,2949,hin,0.9983736872673035
Wikipedia,L1,2951,hin,0.9990795254707336
Wikipedia,L5,2951,hin,0.9989205598831177
Wikipedia,L20,2951,hin,0.9973807334899902
Wikipedia,L1,2954,hin,0.9764407277107239
Wikipedia,L5,2954,hin,0.9984267950057983
Wikipedia,L20,2954,hin,0.9978864192962646
Wikipedia,L1,2956,hin,0.9180776476860046
Wikipedia,L5,2956,hin,0.9843656420707703
Wikipedia,L20,2956,hin,0.9917533993721008
Wikipedia,L1,2957,hin,0.974045991897583
Wikipedia,L5,2957,hin,0.9989394545555115
Wikipedia,L20,2957,hin,0.9988430142402649
Wikipedia,L1,2959,hin,0.9667336344718933
Wikipedia,L5,2959,hin,0.9909453988075256
Wikipedia,L20,2959,hin,0.9949566721916199
Wikipedia,L1,2963,hin,0.9910472631454468
Wikipedia,L5,2963,hin,0.9846079349517822
Wikipedia,L20,2963,hin,0.9905144572257996
Wikipedia,L1,2964,hin,0.9970095157623291
Wikipedia,L5,2964,hin,0.999445378780365
Wikipedia,L20,2964,hin,0.9996567964553833
Wikipedia,L1,2966,hin,0.9929672479629517
Wikipedia,L5,2966,hin,0.9993041753768921
Wikipedia,L20,2966,hin,0.9991219639778137
Wikipedia,L1,2967,hin,0.9995434284210205
Wikipedia,L5,2967,hin,0.9988277554512024
Wikipedia,L20,2967,hin,0.9985448122024536
Wikipedia,L1,2969,hin,0.9979104995727539
Wikipedia,L5,2969,hin,0.9978416562080383
Wikipedia,L20,2969,hin,0.9989804029464722
Wikipedia,L1,2972,hin,0.9895949959754944
Wikipedia,L5,2972,hin,0.9988642930984497
Wikipedia,L20,2972,hin,0.9987627267837524
Wikipedia,L1,2973,hin,0.9916817545890808
Wikipedia,L5,2973,hin,0.9980223178863525
Wikipedia,L20,2973,hin,0.9991474151611328
Wikipedia,L1,2974,hin,0.9578235149383545
Wikipedia,L5,2974,hin,0.9982749819755554
Wikipedia,L20,2974,hin,0.997226357460022
Wikipedia,L1,2975,hin,0.8849120736122131
Wikipedia,L5,2975,hin,0.9987225532531738
Wikipedia,L20,2975,hin,0.9969441890716553
Wikipedia,L1,2983,hin,0.9747645854949951
Wikipedia,L5,2983,hin,0.992128849029541
Wikipedia,L20,2983,hin,0.9960299134254456
Wikipedia,L1,2985,hin,0.9987950921058655
Wikipedia,L5,2985,hin,0.9961448907852173
Wikipedia,L20,2985,hin,0.9974624514579773
Wikipedia,L1,2989,hin,0.9986074566841125
Wikipedia,L5,2989,hin,0.9962137341499329
Wikipedia,L20,2989,hin,0.9933598637580872
Wikipedia,L1,2990,hin,0.9934784173965454
Wikipedia,L5,2990,hin,0.9953557848930359
Wikipedia,L20,2990,hin,0.9985317587852478
Wikipedia,L1,2991,hin,0.9940308928489685
Wikipedia,L5,2991,hin,0.9982800483703613
Wikipedia,L20,2991,hin,0.9988390803337097
Wikipedia,L1,2993,hin,0.9050039649009705
Wikipedia,L5,2993,hin,0.955435037612915
Wikipedia,L20,2993,hin,0.9904568195343018
Wikipedia,L1,2994,hin,0.999300479888916
Wikipedia,L5,2994,hin,0.9977063536643982
Wikipedia,L20,2994,hin,0.9973683953285217
Wikipedia,L1,2995,hin,0.9987199306488037
Wikipedia,L5,2995,hin,0.9972432255744934
Wikipedia,L20,2995,hin,0.9978772401809692
Wikipedia,L1,2996,hin,0.9919127821922302
Wikipedia,L5,2996,hin,0.9970442056655884
Wikipedia,L20,2996,hin,0.9950143694877625
Wikipedia,L1,2998,hin,0.9944144487380981
Wikipedia,L5,2998,hin,0.988835871219635
Wikipedia,L20,2998,hin,0.9964290857315063
Wikipedia,L1,3001,mag,0.955352783203125
Wikipedia,L5,3001,hin,0.9987691640853882
Wikipedia,L20,3001,hin,0.9989787340164185
Wikipedia,L1,3003,hin,0.9535017013549805
Wikipedia,L5,3003,hin,0.9969234466552734
Wikipedia,L20,3003,hin,0.9967213869094849
Wikipedia,L1,3004,hin,0.9987922310829163
Wikipedia,L5,3004,hin,0.9984015822410583
Wikipedia,L20,3004,hin,0.9979987144470215
Wikipedia,L1,3005,hin,0.9902678728103638
Wikipedia,L5,3005,hin,0.9973519444465637
Wikipedia,L20,3005,hin,0.9963172674179077
Wikipedia,L1,3008,hin,0.997252345085144
Wikipedia,L5,3008,hin,0.9977893233299255
Wikipedia,L20,3008,hin,0.9984943270683289
Wikipedia,L1,3009,hin,0.9994312524795532
Wikipedia,L5,3009,hin,0.9962450861930847
Wikipedia,L20,3009,hin,0.9983969926834106
Wikipedia,L1,3010,awa,0.5455762147903442
Wikipedia,L5,3010,hin,0.9932922124862671
Wikipedia,L20,3010,hin,0.9971603751182556
Wikipedia,L1,3011,hin,0.9499045610427856
Wikipedia,L5,3011,hin,0.9986695051193237
Wikipedia,L20,3011,hin,0.9983212947845459
Wikipedia,L1,3013,hin,0.9995326995849609
Wikipedia,L5,3013,hin,0.9991993308067322
Wikipedia,L20,3013,hin,0.9988997578620911
Wikipedia,L1,3015,hin,0.9986955523490906
Wikipedia,L5,3015,hin,0.997477650642395
Wikipedia,L20,3015,hin,0.9983536005020142
Wikipedia,L1,3017,hin,0.9986523985862732
Wikipedia,L5,3017,hin,0.9975768327713013
Wikipedia,L20,3017,hin,0.9979051351547241
Wikipedia,L1,3019,hin,0.9880732893943787
Wikipedia,L5,3019,hin,0.9995148181915283
Wikipedia,L20,3019,hin,0.9987379908561707
Wikipedia,L1,3021,hin,0.9892325401306152
Wikipedia,L5,3021,hin,0.9845216274261475
Wikipedia,L20,3021,hin,0.9925665855407715
Wikipedia,L1,3022,hin,0.9283945560455322
Wikipedia,L5,3022,hin,0.9983975887298584
Wikipedia,L20,3022,hin,0.9990522265434265
Wikipedia,L1,3025,hin,0.9876803159713745
Wikipedia,L5,3025,hin,0.9987865090370178
Wikipedia,L20,3025,hin,0.9985851049423218
Wikipedia,L1,3026,hin,0.9995643496513367
Wikipedia,L5,3026,hin,0.9996492862701416
Wikipedia,L20,3026,hin,0.999336838722229
Wikipedia,L1,3027,hin,0.9958628416061401
Wikipedia,L5,3027,hin,0.9992179274559021
Wikipedia,L20,3027,hin,0.9988164901733398
Wikipedia,L1,3030,hin,0.9947748184204102
Wikipedia,L5,3030,hin,0.9982009530067444
Wikipedia,L20,3030,hin,0.9984044432640076
Wikipedia,L1,3031,hin,0.9740660786628723
Wikipedia,L5,3031,hin,0.9895933866500854
Wikipedia,L20,3031,hin,0.9956347346305847
Wikipedia,L1,3032,hin,0.984557569026947
Wikipedia,L5,3032,hin,0.9916349053382874
Wikipedia,L20,3032,hin,0.9967226982116699
Wikipedia,L1,3033,hin,0.9986846446990967
Wikipedia,L5,3033,hin,0.9940499067306519
Wikipedia,L20,3033,hin,0.9978150725364685
Wikipedia,L1,3034,hin,0.9988901019096375
Wikipedia,L5,3034,hin,0.9994814991950989
Wikipedia,L20,3034,hin,0.9992247819900513
Wikipedia,L1,3035,hin,0.9906047582626343
Wikipedia,L5,3035,hin,0.9945477843284607
Wikipedia,L20,3035,hin,0.9952751398086548
Wikipedia,L1,3036,hin,0.9904565811157227
Wikipedia,L5,3036,hin,0.9987689256668091
Wikipedia,L20,3036,hin,0.9986828565597534
Wikipedia,L1,3039,hin,0.9996589422225952
Wikipedia,L5,3039,hin,0.9994385838508606
Wikipedia,L20,3039,hin,0.9986879229545593
Wikipedia,L1,3040,hin,0.9989010691642761
Wikipedia,L5,3040,hin,0.9972642064094543
Wikipedia,L20,3040,hin,0.9978998303413391
Wikipedia,L1,3042,hin,0.9962362051010132
Wikipedia,L5,3042,hin,0.9990460872650146
Wikipedia,L20,3042,hin,0.9989386200904846
Wikipedia,L1,3046,hin,0.9954768419265747
Wikipedia,L5,3046,hin,0.9983152151107788
Wikipedia,L20,3046,hin,0.9988014101982117
Wikipedia,L1,3047,hin,0.9976966381072998
Wikipedia,L5,3047,hin,0.9986012578010559
Wikipedia,L20,3047,hin,0.9975978136062622
Wikipedia,L1,3048,hin,0.9993577599525452
Wikipedia,L5,3048,hin,0.999521017074585
Wikipedia,L20,3048,hin,0.9993084669113159
Wikipedia,L1,3050,hin,0.9991866946220398
Wikipedia,L5,3050,hin,0.9947220087051392
Wikipedia,L20,3050,hin,0.9963685870170593
Wikipedia,L1,3051,hin,0.9969897866249084
Wikipedia,L5,3051,hin,0.9983928203582764
Wikipedia,L20,3051,hin,0.9964697957038879
Wikipedia,L1,3053,hin,0.9780963063240051
Wikipedia,L5,3053,hin,0.9970221519470215
Wikipedia,L20,3053,hin,0.9981184005737305
Wikipedia,L1,3057,hin,0.9841088652610779
Wikipedia,L5,3057,hin,0.9970127940177917
Wikipedia,L20,3057,hin,0.9969466924667358
Wikipedia,L1,3058,hin,0.8516785502433777
Wikipedia,L5,3058,hin,0.9976118206977844
Wikipedia,L20,3058,hin,0.9990334510803223
Wikipedia,L1,3059,hin,0.9954615235328674
Wikipedia,L5,3059,hin,0.9969585537910461
Wikipedia,L20,3059,hin,0.996466338634491
Wikipedia,L1,3060,hin,0.9940172433853149
Wikipedia,L5,3060,hin,0.9984939694404602
Wikipedia,L20,3060,hin,0.9988953471183777
Wikipedia,L1,3061,hin,0.9993991851806641
Wikipedia,L5,3061,hin,0.9990730881690979
Wikipedia,L20,3061,hin,0.997952401638031
Wikipedia,L1,3063,hin,0.9876805543899536
Wikipedia,L5,3063,hin,0.9926753640174866
Wikipedia,L20,3063,hin,0.9926846623420715
Wikipedia,L1,3064,hin,0.994867205619812
Wikipedia,L5,3064,hin,0.997718095779419
Wikipedia,L20,3064,hin,0.9980560541152954
Wikipedia,L1,3065,hin,0.9530787467956543
Wikipedia,L5,3065,hin,0.9954410791397095
Wikipedia,L20,3065,hin,0.9929608106613159
News,L1,1,hin,0.9987136125564575
News,L5,1,hin,0.9975266456604004
News,L20,1,hin,0.9990298748016357
News,L1,11,hin,0.9971601366996765
News,L5,11,hin,0.9990952014923096
News,L20,11,hin,0.9991647005081177
News,L1,16,hin,0.9973734021186829
News,L5,16,hin,0.9986923336982727
News,L20,16,hin,0.9990479946136475
News,L1,28,hin,0.998499870300293
News,L5,28,hin,0.9986175894737244
News,L20,28,hin,0.9992353916168213
News,L1,32,hin,0.8780865669250488
News,L5,32,hin,0.9881454706192017
News,L20,32,hin,0.9980553388595581
News,L1,35,hin,0.9996572732925415
News,L5,35,hin,0.9993375539779663
News,L20,35,hin,0.9990089535713196
News,L1,58,hin,0.9999316930770874
News,L5,58,hin,0.9994664788246155
News,L20,58,hin,0.999421238899231
News,L1,76,hin,0.9999111890792847
News,L5,76,hin,0.9977392554283142
News,L20,76,hin,0.9985609650611877
News,L1,77,hin,0.974268913269043
News,L5,77,hin,0.9981534481048584
News,L20,77,hin,0.9989022612571716
News,L1,95,hin,0.9975686073303223
News,L5,95,hin,0.9981904029846191
News,L20,95,hin,0.9988143444061279
News,L1,99,hin,0.9954428672790527
News,L5,99,hin,0.9986489415168762
News,L20,99,hin,0.9994593262672424
News,L1,101,hin,0.9984902739524841
News,L5,101,hin,0.9980459809303284
News,L20,101,hin,0.9987221956253052
News,L1,102,hin,0.9947432279586792
News,L5,102,hin,0.9982964396476746
News,L20,102,hin,0.9989568591117859
News,L1,113,hin,0.9691669940948486
News,L5,113,hin,0.996787965297699
News,L20,113,hin,0.9994400143623352
News,L1,114,hin,0.9164367318153381
News,L5,114,hin,0.99604731798172
News,L20,114,hin,0.9985449314117432
News,L1,131,hin,0.9878110885620117
News,L5,131,hin,0.9971569180488586
News,L20,131,hin,0.9985277056694031
News,L1,136,hin,0.9994598031044006
News,L5,136,hin,0.9956163763999939
News,L20,136,hin,0.9979424476623535
News,L1,155,hin,0.999221682548523
News,L5,155,hin,0.9988377690315247
News,L20,155,hin,0.9985694289207458
News,L1,174,hin,0.9995062351226807
News,L5,174,hin,0.999671459197998
News,L20,174,hin,0.9995738863945007
News,L1,179,hin,0.9984020590782166
News,L5,179,hin,0.9988161325454712
News,L20,179,hin,0.9983721375465393
News,L1,185,hin,0.9971487522125244
News,L5,185,hin,0.9987739324569702
News,L20,185,hin,0.999485194683075
News,L1,205,hin,0.9989656209945679
News,L5,205,hin,0.999335527420044
News,L20,205,hin,0.9995212554931641
News,L1,211,hin,0.930082380771637
News,L5,211,hin,0.9898829460144043
News,L20,211,hin,0.9976401329040527
News,L1,223,hin,0.9954460263252258
News,L5,223,hin,0.9989917874336243
News,L20,223,hin,0.9991188645362854
News,L1,237,hin,0.9992573261260986
News,L5,237,hin,0.9950119853019714
News,L20,237,hin,0.9976523518562317
News,L1,253,hin,0.9968578219413757
News,L5,253,hin,0.9994277954101562
News,L20,253,hin,0.9993839859962463
News,L1,260,hin,0.9984905123710632
News,L5,260,hin,0.9993239641189575
News,L20,260,hin,0.9991815090179443
News,L1,263,hin,0.9990763068199158
News,L5,263,hin,0.9995437860488892
News,L20,263,hin,0.9995344877243042
News,L1,271,hin,0.9993329048156738
News,L5,271,hin,0.9991242289543152
News,L20,271,hin,0.9994012117385864
News,L1,278,hin,0.9932492971420288
News,L5,278,hin,0.9976199865341187
News,L20,278,hin,0.9987707138061523
News,L1,283,hin,0.9991673231124878
News,L5,283,hin,0.9993363618850708
News,L20,283,hin,0.999140202999115
News,L1,284,hin,0.9992876648902893
News,L5,284,hin,0.9996353387832642
News,L20,284,hin,0.9992520809173584
News,L1,292,hin,0.9668434858322144
News,L5,292,hin,0.9979641437530518
News,L20,292,hin,0.9963657855987549
News,L1,299,hin,0.9981493949890137
News,L5,299,hin,0.9996069073677063
News,L20,299,hin,0.9995777010917664
News,L1,302,hin,0.988365888595581
News,L5,302,hin,0.9966156482696533
News,L20,302,hin,0.9984208345413208
News,L1,307,hin,0.9996581077575684
News,L5,307,hin,0.9974597096443176
News,L20,307,hin,0.9982818365097046
News,L1,313,hin,0.9990431070327759
News,L5,313,hin,0.9991576671600342
News,L20,313,hin,0.9995068311691284
News,L1,320,hin,0.9816017150878906
News,L5,320,hin,0.9957806468009949
News,L20,320,hin,0.9984645843505859
News,L1,321,hin,0.9967649579048157
News,L5,321,hin,0.9972717761993408
News,L20,321,hin,0.9984370470046997
News,L1,322,hin,0.9939298629760742
News,L5,322,hin,0.9988752603530884
News,L20,322,hin,0.998049795627594
News,L1,332,hin,0.9987207651138306
News,L5,332,hin,0.9991053342819214
News,L20,332,hin,0.9990745186805725
News,L1,352,hin,0.9962631464004517
News,L5,352,hin,0.995779812335968
News,L20,352,hin,0.9993556141853333
News,L1,358,hin,0.9551221132278442
News,L5,358,hin,0.9983320832252502
News,L20,358,hin,0.9990648627281189
News,L1,364,hin,0.9986507296562195
News,L5,364,hin,0.9993985891342163
News,L20,364,hin,0.9996278285980225
News,L1,370,hin,0.9933488965034485
News,L5,370,hin,0.999160885810852
News,L20,370,hin,0.999320387840271
News,L1,372,hin,0.9516632556915283
News,L5,372,hin,0.9980630874633789
News,L20,372,hin,0.9974356293678284
News,L1,381,hin,0.9913402795791626
News,L5,381,hin,0.9977490901947021
News,L20,381,hin,0.9982758164405823
News,L1,386,hin,0.9990553259849548
News,L5,386,hin,0.999384343624115
News,L20,386,hin,0.9994124174118042
News,L1,400,hin,0.9987709522247314
News,L5,400,hin,0.9990187883377075
News,L20,400,hin,0.9990211725234985
News,L1,429,hin,0.998005747795105
News,L5,429,hin,0.997584879398346
News,L20,429,hin,0.998863935470581
News,L1,440,hin,0.9987223148345947
News,L5,440,hin,0.9989345669746399
News,L20,440,hin,0.9995431900024414
News,L1,452,hin,0.9994208812713623
News,L5,452,hin,0.999392032623291
News,L20,452,hin,0.9988873600959778
News,L1,463,hin,0.9980693459510803
News,L5,463,hin,0.9951915144920349
News,L20,463,hin,0.9990546107292175
News,L1,471,hin,0.9995107650756836
News,L5,471,hin,0.9978502988815308
News,L20,471,hin,0.999653697013855
News,L1,479,hin,0.9997859597206116
News,L5,479,hin,0.9993724226951599
News,L20,479,hin,0.9997573494911194
News,L1,486,hin,0.9976041913032532
News,L5,486,hin,0.9980794787406921
News,L20,486,hin,0.9858489632606506
News,L1,490,hin,0.9923099279403687
News,L5,490,hin,0.9983399510383606
News,L20,490,hin,0.9986130595207214
News,L1,493,hin,0.994748055934906
News,L5,493,hin,0.9951032400131226
News,L20,493,hin,0.9976948499679565
News,L1,504,hin,0.9931175112724304
News,L5,504,hin,0.9990493655204773
News,L20,504,hin,0.9987388253211975
News,L1,523,hin,0.9996820688247681
News,L5,523,hin,0.9976068139076233
News,L20,523,hin,0.9990321397781372
News,L1,525,hin,0.995320737361908
News,L5,525,hin,0.9978337287902832
News,L20,525,hin,0.9983608722686768
News,L1,527,hin,0.9999339580535889
News,L5,527,hin,0.9996566772460938
News,L20,527,hin,0.9995019435882568
News,L1,534,hin,0.9961303472518921
News,L5,534,hin,0.9996793270111084
News,L20,534,hin,0.9997649788856506
News,L1,538,hin,0.992515504360199
News,L5,538,hin,0.9993094205856323
News,L20,538,hin,0.9995526075363159
News,L1,540,hin,0.9810258746147156
News,L5,540,hin,0.9968975186347961
News,L20,540,hin,0.9986054301261902
News,L1,550,hin,0.9997789263725281
News,L5,550,hin,0.9994753003120422
News,L20,550,hin,0.9996813535690308
News,L1,551,hin,0.9923596382141113
News,L5,551,hin,0.9982466697692871
News,L20,551,hin,0.9990496039390564
News,L1,561,hin,0.9983961582183838
News,L5,561,hin,0.9991753101348877
News,L20,561,hin,0.9986816644668579
News,L1,571,hin,0.9993349313735962
News,L5,571,hin,0.9991423487663269
News,L20,571,hin,0.9993513226509094
News,L1,580,hin,0.9922040700912476
News,L5,580,hin,0.9992327690124512
News,L20,580,hin,0.9984517693519592
News,L1,584,hin,0.9902274012565613
News,L5,584,hin,0.992123007774353
News,L20,584,hin,0.9958272576332092
News,L1,590,hin,0.9816386699676514
News,L5,590,hin,0.9980366826057434
News,L20,590,hin,0.9983784556388855
News,L1,592,hin,0.9988136291503906
News,L5,592,hin,0.9992344379425049
News,L20,592,hin,0.9991129636764526
News,L1,607,hin,0.9943603873252869
News,L5,607,hin,0.9992058873176575
News,L20,607,hin,0.9989678859710693
News,L1,619,hin,0.9928297400474548
News,L5,619,hin,0.9992504119873047
News,L20,619,hin,0.9988831877708435
News,L1,621,hin,0.8800064921379089
News,L5,621,hin,0.9972758293151855
News,L20,621,hin,0.999642014503479
News,L1,643,hin,0.9981020092964172
News,L5,643,hin,0.9963502883911133
News,L20,643,hin,0.9989675283432007
News,L1,644,hin,0.9904947280883789
News,L5,644,hin,0.9995675683021545
News,L20,644,hin,0.9996440410614014
News,L1,666,hin,0.9817737936973572
News,L5,666,hin,0.9987826943397522
News,L20,666,hin,0.9980736374855042
News,L1,670,hin,0.991847813129425
News,L5,670,hin,0.9994418025016785
News,L20,670,hin,0.9993466734886169
News,L1,691,hin,0.990769624710083
News,L5,691,hin,0.9953821301460266
News,L20,691,hin,0.9979546666145325
News,L1,692,hin,0.9800878763198853
News,L5,692,hin,0.9986782073974609
News,L20,692,hin,0.999235987663269
News,L1,696,hin,0.9987888932228088
News,L5,696,hin,0.999104380607605
News,L20,696,hin,0.9973164796829224
News,L1,717,hin,0.9964231848716736
News,L5,717,hin,0.992966890335083
News,L20,717,hin,0.9980664849281311
News,L1,725,hin,0.9997585415840149
News,L5,725,hin,0.9996668100357056
News,L20,725,hin,0.9995079040527344
News,L1,752,hin,0.9984227418899536
News,L5,752,hin,0.9980930089950562
News,L20,752,hin,0.998835027217865
News,L1,755,hin,0.9992537498474121
News,L5,755,hin,0.9990043044090271
News,L20,755,hin,0.9990413188934326
News,L1,774,hin,0.9979564547538757
News,L5,774,hin,0.9996726512908936
News,L20,774,hin,0.9994764924049377
News,L1,778,hin,0.9813933968544006
News,L5,778,hin,0.9973086714744568
News,L20,778,hin,0.9981624484062195
News,L1,779,hin,0.9994103908538818
News,L5,779,hin,0.9995966553688049
News,L20,779,hin,0.9992675185203552
News,L1,792,hin,0.9992311000823975
News,L5,792,hin,0.999013364315033
News,L20,792,hin,0.9981009364128113
News,L1,796,hin,0.8089904189109802
News,L5,796,hin,0.9972336292266846
News,L20,796,hin,0.9988880753517151
News,L1,818,hin,0.989245593547821
News,L5,818,hin,0.9972258806228638
News,L20,818,hin,0.9984068274497986
News,L1,821,hin,0.9913592338562012
News,L5,821,hin,0.9996285438537598
News,L20,821,hin,0.9989672899246216
News,L1,844,hin,0.9758484959602356
News,L5,844,hin,0.9922533631324768
News,L20,844,hin,0.996780276298523
News,L1,851,hin,0.9997560381889343
News,L5,851,hin,0.9999382495880127
News,L20,851,hin,0.9996331930160522
News,L1,865,hin,0.9989551901817322
News,L5,865,hin,0.999017059803009
News,L20,865,hin,0.9994103908538818
News,L1,872,hin,0.9969380497932434
News,L5,872,hin,0.9991165995597839
News,L20,872,hin,0.9991917014122009
News,L1,915,hin,0.9989155530929565
News,L5,915,hin,0.9986287355422974
News,L20,915,hin,0.9989926218986511
News,L1,944,hin,0.9997997879981995
News,L5,944,hin,0.999026894569397
News,L20,944,hin,0.9989292621612549
News,L1,965,hin,0.9997074604034424
News,L5,965,hin,0.9990932941436768
News,L20,965,hin,0.9991908669471741
News,L1,981,hin,0.9991880059242249
News,L5,981,hin,0.9986737966537476
News,L20,981,hin,0.9990153908729553
News,L1,987,hin,0.9987531304359436
News,L5,987,hin,0.9987767934799194
News,L20,987,hin,0.9990100264549255
News,L1,1002,hin,0.9986270666122437
News,L5,1002,hin,0.999330997467041
News,L20,1002,hin,0.9994471669197083
News,L1,1015,hin,0.9991223216056824
News,L5,1015,hin,0.9989300966262817
News,L20,1015,hin,0.9992689490318298
News,L1,1027,hin,0.9989591240882874
News,L5,1027,hin,0.9991169571876526
News,L20,1027,hin,0.9985404014587402
News,L1,1035,hin,0.992361843585968
News,L5,1035,hin,0.9985964298248291
News,L20,1035,hin,0.9983356595039368
News,L1,1041,hin,0.9963727593421936
News,L5,1041,hin,0.9992567300796509
News,L20,1041,hin,0.9981617331504822
News,L1,1046,hin,0.9975327849388123
News,L5,1046,hin,0.9994010925292969
News,L20,1046,hin,0.9993719458580017
News,L1,1048,hin,0.9966467618942261
News,L5,1048,hin,0.9977012872695923
News,L20,1048,hin,0.9986173510551453
News,L1,1050,hin,0.9791717529296875
News,L5,1050,hin,0.9970822334289551
News,L20,1050,hin,0.9967299103736877
News,L1,1055,hin,0.9957643747329712
News,L5,1055,hin,0.9983887672424316
News,L20,1055,hin,0.9990339279174805
News,L1,1068,hin,0.9991353154182434
News,L5,1068,hin,0.9994427561759949
News,L20,1068,hin,0.9984214305877686
News,L1,1090,hin,0.9980353116989136
News,L5,1090,hin,0.9988483786582947
News,L20,1090,hin,0.9985461235046387
News,L1,1099,awa,0.8015845417976379
News,L5,1099,hin,0.9965286254882812
News,L20,1099,hin,0.9976934194564819
News,L1,1100,hin,0.9987692832946777
News,L5,1100,hin,0.9998261332511902
News,L20,1100,hin,0.9994020462036133
News,L1,1103,hin,0.9972198605537415
News,L5,1103,hin,0.9987406134605408
News,L20,1103,hin,0.9986522793769836
News,L1,1107,hin,0.9999167919158936
News,L5,1107,hin,0.998772382736206
News,L20,1107,hin,0.9988508820533752
News,L1,1115,hin,0.9473560452461243
News,L5,1115,hin,0.997097909450531
News,L20,1115,hin,0.997348964214325
News,L1,1132,hin,0.9638234376907349
News,L5,1132,hin,0.998824954032898
News,L20,1132,hin,0.9984668493270874
News,L1,1135,hin,0.95119708776474
News,L5,1135,hin,0.9968336820602417
News,L20,1135,hin,0.997942328453064
News,L1,1140,hin,0.801388144493103
News,L5,1140,hin,0.9976783394813538
News,L20,1140,hin,0.9977632164955139
News,L1,1152,hin,0.9876649975776672
News,L5,1152,hin,0.9970229864120483
News,L20,1152,hin,0.9977489709854126
News,L1,1153,hin,0.9885595440864563
News,L5,1153,hin,0.9985957145690918
News,L20,1153,hin,0.9991167187690735
News,L1,1154,hin,0.9941760301589966
News,L5,1154,hin,0.9970881938934326
News,L20,1154,hin,0.9968903064727783
News,L1,1159,hin,0.9507521390914917
News,L5,1159,hin,0.9966045022010803
News,L20,1159,hin,0.9990183711051941
News,L1,1162,hin,0.93541020154953
News,L5,1162,hin,0.9699996113777161
News,L20,1162,hin,0.9935894012451172
News,L1,1164,hin,0.99836266040802
News,L5,1164,hin,0.9987041354179382
News,L20,1164,hin,0.9990942478179932
News,L1,1169,hin,0.999170184135437
News,L5,1169,hin,0.9983102679252625
News,L20,1169,hin,0.9981427788734436
News,L1,1171,hin,0.9985305666923523
News,L5,1171,hin,0.9993787407875061
News,L20,1171,hin,0.9988873600959778
News,L1,1191,hin,0.9911724328994751
News,L5,1191,hin,0.9940839409828186
News,L20,1191,hin,0.9993925094604492
News,L1,1204,hin,0.9956029057502747
News,L5,1204,hin,0.9992290735244751
News,L20,1204,hin,0.9992722868919373
News,L1,1206,hin,0.9853665232658386
News,L5,1206,hin,0.9973349571228027
News,L20,1206,hin,0.9980095028877258
News,L1,1212,hin,0.9956647157669067
News,L5,1212,hin,0.9968150854110718
News,L20,1212,hin,0.9988929629325867
News,L1,1217,hin,0.998671293258667
News,L5,1217,hin,0.9978461861610413
News,L20,1217,hin,0.999190628528595
News,L1,1237,hin,0.9994669556617737
News,L5,1237,hin,0.9996601343154907
News,L20,1237,hin,0.9989574551582336
News,L1,1249,hin,0.9968375563621521
News,L5,1249,hin,0.9968060851097107
News,L20,1249,hin,0.9979812502861023
News,L1,1251,hin,0.9989551901817322
News,L5,1251,hin,0.9996160864830017
News,L20,1251,hin,0.9996349811553955
News,L1,1256,hin,0.9990721344947815
News,L5,1256,hin,0.9939711093902588
News,L20,1256,hin,0.9955743551254272
News,L1,1264,hin,0.9982469081878662
News,L5,1264,hin,0.9986582398414612
News,L20,1264,hin,0.9984756708145142
News,L1,1270,hin,0.9918714761734009
News,L5,1270,hin,0.9988135099411011
News,L20,1270,hin,0.998612105846405
News,L1,1276,hin,0.9596648812294006
News,L5,1276,hin,0.9979070425033569
News,L20,1276,hin,0.9994921088218689
News,L1,1280,hin,0.9989598393440247
News,L5,1280,hin,0.9990778565406799
News,L20,1280,hin,0.9991495609283447
News,L1,1282,hin,0.9951636791229248
News,L5,1282,hin,0.9977762699127197
News,L20,1282,hin,0.9990563988685608
News,L1,1299,hin,0.9273961186408997
News,L5,1299,hin,0.9971829652786255
News,L20,1299,hin,0.9989160299301147
News,L1,1300,hin,0.999904990196228
News,L5,1300,hin,0.9988648891448975
News,L20,1300,hin,0.9992399215698242
News,L1,1313,hin,0.9981191158294678
News,L5,1313,hin,0.9998030066490173
News,L20,1313,hin,0.9997195601463318
News,L1,1341,hin,0.9986302852630615
News,L5,1341,hin,0.9980457425117493
News,L20,1341,hin,0.9979379177093506
News,L1,1346,hin,0.99705970287323
News,L5,1346,hin,0.9996046423912048
News,L20,1346,hin,0.9994428753852844
News,L1,1349,hin,0.9992361068725586
News,L5,1349,hin,0.9974355101585388
News,L20,1349,hin,0.9977763891220093
News,L1,1358,hin,0.9996408224105835
News,L5,1358,hin,0.9994938373565674
News,L20,1358,hin,0.9992536306381226
News,L1,1359,hin,0.9813066124916077
News,L5,1359,hin,0.9991387724876404
News,L20,1359,hin,0.9994314908981323
News,L1,1368,hin,0.9975672960281372
News,L5,1368,hin,0.9978059530258179
News,L20,1368,hin,0.9966537952423096
News,L1,1381,hin,0.9999099969863892
News,L5,1381,hin,0.9990229606628418
News,L20,1381,hin,0.9987607002258301
News,L1,1392,hin,0.9998179078102112
News,L5,1392,hin,0.9996339082717896
News,L20,1392,hin,0.9992823004722595
News,L1,1394,hin,0.9990382194519043
News,L5,1394,hin,0.9985532760620117
News,L20,1394,hin,0.9988607168197632
News,L1,1406,hin,0.9896342158317566
News,L5,1406,hin,0.9962539672851562
News,L20,1406,hin,0.9989796876907349
News,L1,1412,hin,0.9998761415481567
News,L5,1412,hin,0.9993135929107666
News,L20,1412,hin,0.9991073608398438
News,L1,1413,hin,0.9947372078895569
News,L5,1413,hin,0.9966863393783569
News,L20,1413,hin,0.9946463704109192
News,L1,1414,hin,0.9853101372718811
News,L5,1414,hin,0.9891632795333862
News,L20,1414,hin,0.9966301918029785
News,L1,1416,hin,0.9724959135055542
News,L5,1416,hin,0.9945958852767944
News,L20,1416,hin,0.9962442517280579
News,L1,1425,hin,0.9182198643684387
News,L5,1425,hin,0.9996334314346313
News,L20,1425,hin,0.9996621608734131
News,L1,1429,hin,0.9990203380584717
News,L5,1429,hin,0.998299777507782
News,L20,1429,hin,0.9984504580497742
News,L1,1434,kas,0.6252070665359497
News,L5,1434,hin,0.9984104037284851
News,L20,1434,hin,0.9994081258773804
News,L1,1442,hin,0.67571622133255
News,L5,1442,hin,0.9984248876571655
News,L20,1442,hin,0.9977735280990601
News,L1,1446,hin,0.9989311695098877
News,L5,1446,hin,0.9993552565574646
News,L20,1446,hin,0.9994159936904907
News,L1,1450,hin,0.9994186162948608
News,L5,1450,hin,0.9998681545257568
News,L20,1450,hin,0.9994180202484131
News,L1,1464,hin,0.9993031024932861
News,L5,1464,hin,0.9988521933555603
News,L20,1464,hin,0.9992276430130005
News,L1,1471,hin,0.9869720935821533
News,L5,1471,hin,0.9940846562385559
News,L20,1471,hin,0.9987107515335083
News,L1,1474,hin,0.9899562001228333
News,L5,1474,hin,0.9939813017845154
News,L20,1474,hin,0.9987884163856506
News,L1,1480,hin,0.9987879395484924
News,L5,1480,hin,0.9984847903251648
News,L20,1480,hin,0.9975138306617737
News,L1,1482,hin,0.9997339844703674
News,L5,1482,hin,0.9995105266571045
News,L20,1482,hin,0.999423623085022
News,L1,1483,hin,0.9870690107345581
News,L5,1483,hin,0.991068422794342
News,L20,1483,hin,0.9979633092880249
News,L1,1485,hin,0.996633768081665
News,L5,1485,hin,0.9955258965492249
News,L20,1485,hin,0.9976718425750732
News,L1,1495,hin,0.9995818734169006
News,L5,1495,hin,0.9993371963500977
News,L20,1495,hin,0.9988505244255066
News,L1,1509,hin,0.9941078424453735
News,L5,1509,hin,0.9990904331207275
News,L20,1509,hin,0.9993876814842224
News,L1,1515,hin,0.9985811710357666
News,L5,1515,hin,0.9984853863716125
News,L20,1515,hin,0.9987885355949402
News,L1,1521,hin,0.997828483581543
News,L5,1521,hin,0.9988559484481812
News,L20,1521,hin,0.9985565543174744
News,L1,1544,hin,0.9992149472236633
News,L5,1544,hin,0.9963744282722473
News,L20,1544,hin,0.9987666606903076
News,L1,1579,hin,0.9554685950279236
News,L5,1579,hin,0.9871998429298401
News,L20,1579,hin,0.9964486360549927
News,L1,1581,hin,0.9993799328804016
News,L5,1581,hin,0.9989603161811829
News,L20,1581,hin,0.9986627101898193
News,L1,1599,hin,0.9903945922851562
News,L5,1599,hin,0.9992048144340515
News,L20,1599,hin,0.9989705085754395
News,L1,1606,hin,0.9982882738113403
News,L5,1606,hin,0.9952158331871033
News,L20,1606,hin,0.997294545173645
News,L1,1617,hin,0.9997109174728394
News,L5,1617,hin,0.9986381530761719
News,L20,1617,hin,0.9993790984153748
News,L1,1620,hin,0.9788308143615723
News,L5,1620,hin,0.9978700280189514
News,L20,1620,hin,0.9974955320358276
News,L1,1633,hin,0.9997970461845398
News,L5,1633,hin,0.9989153146743774
News,L20,1633,hin,0.9992757439613342
News,L1,1634,hin,0.9992574453353882
News,L5,1634,hin,0.9997974038124084
News,L20,1634,hin,0.9995479583740234
News,L1,1638,hin,0.9967469573020935
News,L5,1638,hin,0.998950183391571
News,L20,1638,hin,0.9985157251358032
News,L1,1640,hin,0.9980305433273315
News,L5,1640,hin,0.9988914132118225
News,L20,1640,hin,0.9982308745384216
News,L1,1653,hin,0.9868409633636475
News,L5,1653,hin,0.9995571970939636
News,L20,1653,hin,0.9989978671073914
News,L1,1682,hin,0.9830455780029297
News,L5,1682,hin,0.9864171147346497
News,L20,1682,hin,0.9960151314735413
News,L1,1686,hin,0.998711347579956
News,L5,1686,hin,0.9980364441871643
News,L20,1686,hin,0.9993273019790649
News,L1,1696,hin,0.9979899525642395
News,L5,1696,hin,0.9994094371795654
News,L20,1696,hin,0.9992403984069824
News,L1,1701,hin,0.9972410798072815
News,L5,1701,hin,0.9997194409370422
News,L20,1701,hin,0.9996898174285889
News,L1,1712,hin,0.9992302656173706
News,L5,1712,hin,0.9979339838027954
News,L20,1712,hin,0.9979330897331238
News,L1,1715,hin,0.9995822310447693
News,L5,1715,hin,0.9983720183372498
News,L20,1715,hin,0.9976548552513123
News,L1,1716,hin,0.9995891451835632
News,L5,1716,hin,0.9992093443870544
News,L20,1716,hin,0.9993711113929749
News,L1,1725,hin,0.9986672401428223
News,L5,1725,hin,0.9869691729545593
News,L20,1725,hin,0.9986093640327454
News,L1,1732,hin,0.993859589099884
News,L5,1732,hin,0.9988031387329102
News,L20,1732,hin,0.9993525147438049
News,L1,1733,hin,0.9971409440040588
News,L5,1733,hin,0.9985932111740112
News,L20,1733,hin,0.9983049035072327
News,L1,1734,hin,0.9987541437149048
News,L5,1734,hin,0.9994916319847107
News,L20,1734,hin,0.9990384578704834
News,L1,1748,hin,0.990393877029419
News,L5,1748,hin,0.9971619844436646
News,L20,1748,hin,0.9989302158355713
News,L1,1750,hin,0.9765360951423645
News,L5,1750,hin,0.9988694190979004
News,L20,1750,hin,0.9968195557594299
News,L1,1751,hin,0.9946626424789429
News,L5,1751,hin,0.9988304972648621
News,L20,1751,hin,0.9967622756958008
News,L1,1762,hin,0.9940893650054932
News,L5,1762,hin,0.9993689656257629
News,L20,1762,hin,0.9993928670883179
News,L1,1776,hin,0.99941086769104
News,L5,1776,hin,0.9977319836616516
News,L20,1776,hin,0.9976790547370911
News,L1,1795,hin,0.9668265581130981
News,L5,1795,hin,0.995012104511261
News,L20,1795,hin,0.9975373148918152
News,L1,1798,hin,0.9727214574813843
News,L5,1798,hin,0.9978103041648865
News,L20,1798,hin,0.9993100166320801
News,L1,1805,hin,0.9996801614761353
News,L5,1805,hin,0.9979028105735779
News,L20,1805,hin,0.9976917505264282
News,L1,1819,hin,0.9989778995513916
News,L5,1819,hin,0.9984022974967957
News,L20,1819,hin,0.9974599480628967
News,L1,1841,hin,0.997802734375
News,L5,1841,hin,0.9975865483283997
News,L20,1841,hin,0.99891197681427
News,L1,1863,hin,0.9158204197883606
News,L5,1863,hin,0.998282790184021
News,L20,1863,hin,0.9989650249481201
News,L1,1893,hin,0.9178553223609924
News,L5,1893,hin,0.9985140562057495
News,L20,1893,hin,0.9993174076080322
News,L1,1923,hin,0.9988620281219482
News,L5,1923,hin,0.997955858707428
News,L20,1923,hin,0.9981249570846558
News,L1,1927,hin,0.998920202255249
News,L5,1927,hin,0.9993450045585632
News,L20,1927,hin,0.9995818734169006
News,L1,1933,hin,0.9939801692962646
News,L5,1933,hin,0.9951999187469482
News,L20,1933,hin,0.997135579586029
News,L1,1946,hin,0.9996212124824524
News,L5,1946,hin,0.9989721775054932
News,L20,1946,hin,0.9989854097366333
News,L1,1950,hin,0.9935014843940735
News,L5,1950,hin,0.9981549978256226
News,L20,1950,hin,0.9990077614784241
News,L1,1964,hin,0.9981630444526672
News,L5,1964,hin,0.9961236715316772
News,L20,1964,hin,0.9961157441139221
News,L1,1985,hin,0.9229761958122253
News,L5,1985,hin,0.9790108799934387
News,L20,1985,hin,0.9982938170433044
News,L1,1996,hin,0.9945924878120422
News,L5,1996,hin,0.995223879814148
News,L20,1996,hin,0.9956747889518738
News,L1,2008,hin,0.9853051900863647
News,L5,2008,hin,0.9991891980171204
News,L20,2008,hin,0.999514102935791
News,L1,2010,hin,0.9991122484207153
News,L5,2010,hin,0.999232292175293
News,L20,2010,hin,0.9994696974754333
News,L1,2025,hin,0.9991260170936584
News,L5,2025,hin,0.9983139038085938
News,L20,2025,hin,0.998619556427002
News,L1,2027,hin,0.9973060488700867
News,L5,2027,hin,0.9979435205459595
News,L20,2027,hin,0.9987540245056152
News,L1,2038,hin,0.9992654919624329
News,L5,2038,hin,0.9980985522270203
News,L20,2038,hin,0.9985595345497131
News,L1,2047,hin,0.9878010749816895
News,L5,2047,hin,0.9993857741355896
News,L20,2047,hin,0.9983760714530945
News,L1,2050,hin,0.9814468026161194
News,L5,2050,hin,0.9985199570655823
News,L20,2050,hin,0.9976814389228821
News,L1,2057,hin,0.9995712637901306
News,L5,2057,hin,0.9980611801147461
News,L20,2057,hin,0.9987785220146179
News,L1,2058,hin,0.9999126195907593
News,L5,2058,hin,0.9997856020927429
News,L20,2058,hin,0.9991053342819214
News,L1,2060,hin,0.9990984201431274
News,L5,2060,hin,0.9990729689598083
News,L20,2060,hin,0.9988338351249695
News,L1,2072,hin,0.9999457597732544
News,L5,2072,hin,0.9984390139579773
News,L20,2072,hin,0.9988321661949158
News,L1,2082,hin,0.9995474815368652
News,L5,2082,hin,0.9993975162506104
News,L20,2082,hin,0.9991915822029114
News,L1,2094,hin,0.988681435585022
News,L5,2094,hin,0.9708272814750671
News,L20,2094,hin,0.9931672215461731
News,L1,2103,hin,0.982698917388916
News,L5,2103,hin,0.9972218871116638
News,L20,2103,hin,0.9962605834007263
News,L1,2104,hin,0.9968490600585938
News,L5,2104,hin,0.9990426301956177
News,L20,2104,hin,0.9985853433609009
News,L1,2105,hin,0.9909281730651855
News,L5,2105,hin,0.9985017776489258
News,L20,2105,hin,0.9980834722518921
News,L1,2112,hin,0.9992595314979553
News,L5,2112,hin,0.999196469783783
News,L20,2112,hin,0.9987855553627014
News,L1,2113,hin,0.9943652153015137
News,L5,2113,hin,0.9971330761909485
News,L20,2113,hin,0.9991539716720581
News,L1,2117,hin,0.9953669905662537
News,L5,2117,hin,0.9979768395423889
News,L20,2117,hin,0.9987972378730774
News,L1,2125,hin,0.9691319465637207
News,L5,2125,hin,0.9995357990264893
News,L20,2125,hin,0.999216616153717
News,L1,2127,hin,0.9968007206916809
News,L5,2127,hin,0.9992167353630066
News,L20,2127,hin,0.9993321895599365
News,L1,2131,hin,0.9957947134971619
News,L5,2131,hin,0.998115062713623
News,L20,2131,hin,0.9987680912017822
News,L1,2139,hin,0.9940670728683472
News,L5,2139,hin,0.9966049790382385
News,L20,2139,hin,0.9976627230644226
News,L1,2140,hin,0.9961752891540527
News,L5,2140,hin,0.9989806413650513
News,L20,2140,hin,0.998910665512085
News,L1,2142,hin,0.9965327978134155
News,L5,2142,hin,0.9973368644714355
News,L20,2142,hin,0.9972578883171082
News,L1,2145,hin,0.9987175464630127
News,L5,2145,hin,0.9987683296203613
News,L20,2145,hin,0.9993323087692261
News,L1,2159,hin,0.9919694066047668
News,L5,2159,hin,0.9987107515335083
News,L20,2159,hin,0.9973512291908264
News,L1,2182,hin,0.998551607131958
News,L5,2182,hin,0.9991753101348877
News,L20,2182,hin,0.9985858201980591
News,L1,2186,hin,0.9938021302223206
News,L5,2186,hin,0.9987571239471436
News,L20,2186,hin,0.9985286593437195
News,L1,2187,hin,0.9892674088478088
News,L5,2187,hin,0.9988986849784851
News,L20,2187,hin,0.9993768334388733
News,L1,2195,hin,0.9998794794082642
News,L5,2195,hin,0.9990543723106384
News,L20,2195,hin,0.9985033273696899
News,L1,2196,hin,0.9962154626846313
News,L5,2196,hin,0.997977077960968
News,L20,2196,hin,0.9976591467857361
News,L1,2237,mar,0.49100205302238464
News,L5,2237,hin,0.9777323007583618
News,L20,2237,hin,0.9885566234588623
News,L1,2245,hin,0.9994606375694275
News,L5,2245,hin,0.998464822769165
News,L20,2245,hin,0.9988802075386047
News,L1,2246,hin,0.9987878203392029
News,L5,2246,hin,0.9982906579971313
News,L20,2246,hin,0.996986985206604
News,L1,2255,hin,0.9984514117240906
News,L5,2255,hin,0.9976136088371277
News,L20,2255,hin,0.9967519640922546
News,L1,2259,hin,0.9968342781066895
News,L5,2259,hin,0.9983450770378113
News,L20,2259,hin,0.9962224960327148
News,L1,2286,hin,0.9578050971031189
News,L5,2286,hin,0.9832540154457092
News,L20,2286,hin,0.9978415369987488
News,L1,2292,hin,0.9994093179702759
News,L5,2292,hin,0.9995551705360413
News,L20,2292,hin,0.9994980096817017
News,L1,2296,hin,0.9998947381973267
News,L5,2296,hin,0.999734103679657
News,L20,2296,hin,0.9996219277381897
News,L1,2298,hin,0.9866071343421936
News,L5,2298,hin,0.9986010193824768
News,L20,2298,hin,0.9987519383430481
News,L1,2313,hin,0.9943253397941589
News,L5,2313,hin,0.9978834390640259
News,L20,2313,hin,0.9982338547706604
News,L1,2314,hin,0.999103307723999
News,L5,2314,hin,0.9995236396789551
News,L20,2314,hin,0.9992159008979797
News,L1,2326,hin,0.997572660446167
News,L5,2326,hin,0.9991564750671387
News,L20,2326,hin,0.9991927742958069
News,L1,2342,hin,0.9993821978569031
News,L5,2342,hin,0.9990285634994507
News,L20,2342,hin,0.9989563822746277
News,L1,2349,hin,0.9982399344444275
News,L5,2349,hin,0.999716579914093
News,L20,2349,hin,0.9994175434112549
News,L1,2372,hin,0.998824954032898
News,L5,2372,hin,0.9987413287162781
News,L20,2372,hin,0.999508261680603
News,L1,2380,hin,0.9792388677597046
News,L5,2380,hin,0.9987807869911194
News,L20,2380,hin,0.9995135068893433
News,L1,2386,hin,0.9671056866645813
News,L5,2386,hin,0.9980178475379944
News,L20,2386,hin,0.9981330037117004
News,L1,2393,hin,0.9878575801849365
News,L5,2393,hin,0.9935799837112427
News,L20,2393,hin,0.994337260723114
News,L1,2401,hin,0.9998264908790588
News,L5,2401,hin,0.9976752996444702
News,L20,2401,hin,0.9989113807678223
News,L1,2406,hin,0.9990560412406921
News,L5,2406,hin,0.9993625283241272
News,L20,2406,hin,0.9982014298439026
News,L1,2411,hin,0.9609596729278564
News,L5,2411,hin,0.9985494613647461
News,L20,2411,hin,0.9982897043228149
News,L1,2417,hin,0.9264212250709534
News,L5,2417,hin,0.9993593096733093
News,L20,2417,hin,0.9993755221366882
News,L1,2422,hin,0.9756617546081543
News,L5,2422,hin,0.9957172870635986
News,L20,2422,hin,0.9955232739448547
News,L1,2433,hin,0.9872635006904602
News,L5,2433,hin,0.9972599148750305
News,L20,2433,hin,0.9975180625915527
News,L1,2437,hin,0.9994930028915405
News,L5,2437,hin,0.9993247985839844
News,L20,2437,hin,0.9983707070350647
News,L1,2444,hin,0.9424444437026978
News,L5,2444,hin,0.9973717331886292
News,L20,2444,hin,0.999351441860199
News,L1,2446,hin,0.9969661235809326
News,L5,2446,hin,0.9974895119667053
News,L20,2446,hin,0.9984248876571655
News,L1,2448,hin,0.9995597004890442
News,L5,2448,hin,0.9992583394050598
News,L20,2448,hin,0.9992071986198425
News,L1,2455,hin,0.9992684721946716
News,L5,2455,hin,0.9995344877243042
News,L20,2455,hin,0.9994427561759949
News,L1,2459,hin,0.9950931072235107
News,L5,2459,hin,0.9996261596679688
News,L20,2459,hin,0.9987103939056396
News,L1,2460,hin,0.9671528339385986
News,L5,2460,hin,0.9997047185897827
News,L20,2460,hin,0.9993382692337036
News,L1,2461,hin,0.9717298746109009
News,L5,2461,hin,0.9996029734611511
News,L20,2461,hin,0.9997106790542603
News,L1,2463,hin,0.9790949821472168
News,L5,2463,hin,0.9960567355155945
News,L20,2463,hin,0.9979069232940674
News,L1,2464,hin,0.9982686638832092
News,L5,2464,hin,0.9988094568252563
News,L20,2464,hin,0.9991806745529175
News,L1,2469,hin,0.9790570139884949
News,L5,2469,hin,0.9988412261009216
News,L20,2469,hin,0.9988625049591064
News,L1,2471,hin,0.9993665814399719
News,L5,2471,hin,0.99974125623703
News,L20,2471,hin,0.9994853138923645
News,L1,2496,hin,0.9994555115699768
News,L5,2496,hin,0.999277651309967
News,L20,2496,hin,0.998871922492981
News,L1,2512,hin,0.9976385235786438
News,L5,2512,hin,0.9974127411842346
News,L20,2512,hin,0.9964991807937622
News,L1,2515,hin,0.9987167119979858
News,L5,2515,hin,0.9949964284896851
News,L20,2515,hin,0.9953685402870178
News,L1,2519,hin,0.9916065335273743
News,L5,2519,hin,0.9990065693855286
News,L20,2519,hin,0.9989950060844421
News,L1,2567,hin,0.9937798380851746
News,L5,2567,hin,0.9967899918556213
News,L20,2567,hin,0.9977557063102722
News,L1,2575,hin,0.9909139275550842
News,L5,2575,hin,0.9997567534446716
News,L20,2575,hin,0.9992676377296448
News,L1,2579,hin,0.9993827939033508
News,L5,2579,hin,0.999485194683075
News,L20,2579,hin,0.9992820620536804
News,L1,2580,hin,0.9694206714630127
News,L5,2580,hin,0.9971494674682617
News,L20,2580,hin,0.99735027551651
News,L1,2584,hin,0.9916650056838989
News,L5,2584,hin,0.9987438321113586
News,L20,2584,hin,0.9988885521888733
News,L1,2592,hin,0.9952768087387085
News,L5,2592,hin,0.9965750575065613
News,L20,2592,hin,0.9982629418373108
News,L1,2594,hin,0.9980337619781494
News,L5,2594,hin,0.9946118593215942
News,L20,2594,hin,0.9960108399391174
News,L1,2598,hin,0.990068256855011
News,L5,2598,hin,0.9969784617424011
News,L20,2598,hin,0.9975733757019043
News,L1,2603,hin,0.8241845369338989
News,L5,2603,hin,0.9852202534675598
News,L20,2603,hin,0.9959031343460083
News,L1,2625,hin,0.9959750175476074
News,L5,2625,hin,0.9994344711303711
News,L20,2625,hin,0.9980226755142212
News,L1,2630,awa,0.6972676515579224
News,L5,2630,hin,0.9946330785751343
News,L20,2630,hin,0.9989732503890991
News,L1,2642,hin,0.9673686623573303
News,L5,2642,hin,0.9968471527099609
News,L20,2642,hin,0.9980522394180298
News,L1,2643,hin,0.995318591594696
News,L5,2643,hin,0.9980020523071289
News,L20,2643,hin,0.9988424181938171
News,L1,2646,hin,0.9924708008766174
News,L5,2646,hin,0.9942275285720825
News,L20,2646,hin,0.9986178278923035
News,L1,2650,hin,0.9977008104324341
News,L5,2650,hin,0.9984909892082214
News,L20,2650,hin,0.9979487061500549
News,L1,2657,hin,0.9768507480621338
News,L5,2657,hin,0.9980517625808716
News,L20,2657,hin,0.9975517988204956
News,L1,2681,hin,0.9988664388656616
News,L5,2681,hin,0.9992537498474121
News,L20,2681,hin,0.9989722967147827
News,L1,2683,hin,0.9949343204498291
News,L5,2683,hin,0.9982513189315796
News,L20,2683,hin,0.9986666440963745
News,L1,2685,hin,0.9914220571517944
News,L5,2685,hin,0.9997633099555969
News,L20,2685,hin,0.9990997314453125
News,L1,2690,hin,0.998767614364624
News,L5,2690,hin,0.997763454914093
News,L20,2690,hin,0.996768057346344
News,L1,2695,hin,0.9995369911193848
News,L5,2695,hin,0.9992924332618713
News,L20,2695,hin,0.9993574023246765
News,L1,2704,hin,0.9980024099349976
News,L5,2704,hin,0.9990139603614807
News,L20,2704,hin,0.9991227984428406
News,L1,2705,hin,0.9994291067123413
News,L5,2705,hin,0.9989614486694336
News,L20,2705,hin,0.9988545179367065
News,L1,2730,hin,0.9829882979393005
News,L5,2730,hin,0.9995816349983215
News,L20,2730,hin,0.9994369745254517
News,L1,2759,hin,0.999796450138092
News,L5,2759,hin,0.9996415376663208
News,L20,2759,hin,0.999606192111969
News,L1,2765,hin,0.5280985832214355
News,L5,2765,hin,0.9983596801757812
News,L20,2765,hin,0.9984797835350037
News,L1,2772,hin,0.9993957281112671
News,L5,2772,hin,0.9992271661758423
News,L20,2772,hin,0.9986312389373779
News,L1,2776,hin,0.9988008141517639
News,L5,2776,hin,0.9993688464164734
News,L20,2776,hin,0.9990899562835693
News,L1,2779,hin,0.9945909380912781
News,L5,2779,hin,0.9986011385917664
News,L20,2779,hin,0.9977139830589294
News,L1,2790,hin,0.9995143413543701
News,L5,2790,hin,0.9984462857246399
News,L20,2790,hin,0.9985783100128174
News,L1,2792,hin,0.9900954961776733
News,L5,2792,hin,0.9967345595359802
News,L20,2792,hin,0.999645471572876
News,L1,2799,hin,0.9901289939880371
News,L5,2799,hin,0.9993683695793152
News,L20,2799,hin,0.9992792010307312
News,L1,2800,hin,0.9998142123222351
News,L5,2800,hin,0.999170184135437
News,L20,2800,hin,0.9993857741355896
News,L1,2803,hin,0.9458322525024414
News,L5,2803,hin,0.9989009499549866
News,L20,2803,hin,0.999430775642395
News,L1,2805,hin,0.9988976120948792
News,L5,2805,hin,0.9996103644371033
News,L20,2805,hin,0.9997081756591797
News,L1,2825,hin,0.9978939890861511
News,L5,2825,hin,0.9989807605743408
News,L20,2825,hin,0.9990967512130737
News,L1,2826,hin,0.977135181427002
News,L5,2826,hin,0.998196542263031
News,L20,2826,hin,0.9982128143310547
News,L1,2832,hin,0.9999092817306519
News,L5,2832,hin,0.9996213316917419
News,L20,2832,hin,0.9996151328086853
News,L1,2835,hin,0.9946944117546082
News,L5,2835,hin,0.9952154159545898
News,L20,2835,hin,0.9958129525184631
News,L1,2851,hin,0.9990127682685852
News,L5,2851,hin,0.9995735287666321
News,L20,2851,hin,0.9989700317382812
News,L1,2855,hin,0.998845636844635
News,L5,2855,hin,0.9993639588356018
News,L20,2855,hin,0.9994531273841858
News,L1,2896,hin,0.9962893128395081
News,L5,2896,hin,0.9969971776008606
News,L20,2896,hin,0.9989015460014343
News,L1,2905,hin,0.9952177405357361
News,L5,2905,hin,0.9991128444671631
News,L20,2905,hin,0.9992150664329529
News,L1,2911,hin,0.9974405169487
News,L5,2911,hin,0.9984100461006165
News,L20,2911,hin,0.9994285106658936
News,L1,2915,hin,0.999873161315918
News,L5,2915,hin,0.9996927976608276
News,L20,2915,hin,0.9995830655097961
News,L1,2918,hin,0.9977903962135315
News,L5,2918,hin,0.9970461130142212
News,L20,2918,hin,0.9980468153953552
News,L1,2925,hin,0.9994389414787292
News,L5,2925,hin,0.9990347623825073
News,L20,2925,hin,0.9985749125480652
News,L1,2933,hin,0.9746352434158325
News,L5,2933,hin,0.9977254867553711
News,L20,2933,hin,0.9981711506843567
News,L1,2954,hin,0.9989524483680725
News,L5,2954,hin,0.9995070695877075
News,L20,2954,hin,0.9985542297363281
News,L1,2956,hin,0.9909675121307373
News,L5,2956,hin,0.998583197593689
News,L20,2956,hin,0.9985946416854858
News,L1,2959,hin,0.9836133718490601
News,L5,2959,hin,0.9973390102386475
News,L20,2959,hin,0.9988953471183777
News,L1,2964,hin,0.993239164352417
News,L5,2964,hin,0.9994650483131409
News,L20,2964,hin,0.9989989399909973
News,L1,2965,hin,0.8861238360404968
News,L5,2965,hin,0.9930193424224854
News,L20,2965,hin,0.9976263046264648
News,L1,2966,hin,0.9951176643371582
News,L5,2966,hin,0.9996069073677063
News,L20,2966,hin,0.9989248514175415
News,L1,2974,hin,0.9985705018043518
News,L5,2974,hin,0.9994276762008667
News,L20,2974,hin,0.9996591806411743
News,L1,2983,hin,0.9996173977851868
News,L5,2983,hin,0.9997127652168274
News,L20,2983,hin,0.9990763068199158
News,L1,2987,hin,0.9867556691169739
News,L5,2987,hin,0.998883068561554
News,L20,2987,hin,0.9992607235908508
News,L1,3009,hin,0.9983403086662292
News,L5,3009,hin,0.9970096945762634
News,L20,3009,hin,0.9976816773414612
News,L1,3021,hin,0.9992042183876038
News,L5,3021,hin,0.9994701743125916
News,L20,3021,hin,0.998889148235321
News,L1,3037,hin,0.9922031760215759
News,L5,3037,hin,0.9932201504707336
News,L20,3037,hin,0.9980857372283936
News,L1,3043,hin,0.9651031494140625
News,L5,3043,hin,0.999411940574646
News,L20,3043,hin,0.999153733253479
News,L1,3044,hin,0.9979612231254578
News,L5,3044,hin,0.9980323314666748
News,L20,3044,hin,0.9988579750061035
News,L1,3045,hin,0.9900438189506531
News,L5,3045,hin,0.9987958073616028
News,L20,3045,hin,0.9987205266952515
News,L1,3053,hin,0.999151349067688
News,L5,3053,hin,0.9981716275215149
News,L20,3053,hin,0.9990025162696838
News,L1,3068,hin,0.993627667427063
News,L5,3068,hin,0.9993224143981934
News,L20,3068,hin,0.9993816018104553
News,L1,3072,hin,0.9831013083457947
News,L5,3072,hin,0.9936390519142151
News,L20,3072,hin,0.9961517453193665
News,L1,3074,hin,0.5876560807228088
News,L5,3074,hin,0.9978907108306885
News,L20,3074,hin,0.9994507431983948
News,L1,3076,hin,0.9976935386657715
News,L5,3076,hin,0.9989592432975769
News,L20,3076,hin,0.9988309741020203
News,L1,3077,hin,0.9995679259300232
News,L5,3077,hin,0.9992625117301941
News,L20,3077,hin,0.9992842078208923
News,L1,3095,hin,0.9985989928245544
News,L5,3095,hin,0.9985348582267761
News,L20,3095,hin,0.9976656436920166
News,L1,3111,hin,0.9949491024017334
News,L5,3111,hin,0.9991010427474976
News,L20,3111,hin,0.9985120296478271
News,L1,3140,hin,0.9996951818466187
News,L5,3140,hin,0.9995183944702148
News,L20,3140,hin,0.9997444748878479
News,L1,3160,hin,0.997911810874939
News,L5,3160,hin,0.999554455280304
News,L20,3160,hin,0.9987797141075134
News,L1,3161,hin,0.9981808662414551
News,L5,3161,hin,0.9994449019432068
News,L20,3161,hin,0.999320387840271
News,L1,3164,hin,0.998691737651825
News,L5,3164,hin,0.9993903636932373
News,L20,3164,hin,0.9987705945968628
News,L1,3172,hin,0.9976384043693542
News,L5,3172,hin,0.9978872537612915
News,L20,3172,hin,0.9992570877075195
News,L1,3179,hin,0.9230632185935974
News,L5,3179,hin,0.9977838397026062
News,L20,3179,hin,0.9973750710487366
News,L1,3197,hin,0.9944295287132263
News,L5,3197,hin,0.9987310767173767
News,L20,3197,hin,0.9982983469963074
News,L1,3199,hin,0.9999289512634277
News,L5,3199,hin,0.9991539716720581
News,L20,3199,hin,0.9983689188957214
News,L1,3200,hin,0.9992151856422424
News,L5,3200,hin,0.9995889067649841
News,L20,3200,hin,0.9988064765930176
News,L1,3217,hin,0.999825656414032
News,L5,3217,hin,0.9998032450675964
News,L20,3217,hin,0.9996644258499146
News,L1,3220,hin,0.9971030950546265
News,L5,3220,hin,0.9988164901733398
News,L20,3220,hin,0.9986644983291626
News,L1,3258,hin,0.9774078726768494
News,L5,3258,hin,0.995178759098053
News,L20,3258,hin,0.9978955388069153
News,L1,3268,hin,0.9983867406845093
News,L5,3268,hin,0.9985789060592651
News,L20,3268,hin,0.9978682398796082
News,L1,3272,hin,0.9804574251174927
News,L5,3272,hin,0.9990555644035339
News,L20,3272,hin,0.9995025396347046
News,L1,3273,hin,0.9985123872756958
News,L5,3273,hin,0.9982079863548279
News,L20,3273,hin,0.9989626407623291
News,L1,3274,hin,0.984737753868103
News,L5,3274,hin,0.9990716576576233
News,L20,3274,hin,0.9993293285369873
News,L1,3275,hin,0.9784761071205139
News,L5,3275,hin,0.9987136125564575
News,L20,3275,hin,0.9990427494049072
News,L1,3282,hin,0.9997935891151428
News,L5,3282,hin,0.9973939061164856
News,L20,3282,hin,0.9982860088348389
News,L1,3284,hin,0.9997562766075134
News,L5,3284,hin,0.9998118281364441
News,L20,3284,hin,0.9998008608818054
News,L1,3290,hin,0.9995001554489136
News,L5,3290,hin,0.9977384209632874
News,L20,3290,hin,0.998074471950531
News,L1,3316,hin,0.9989645481109619
News,L5,3316,hin,0.9995588660240173
News,L20,3316,hin,0.9996788501739502
News,L1,3323,hin,0.9832170009613037
News,L5,3323,hin,0.9971513152122498
News,L20,3323,hin,0.9977531433105469
News,L1,3341,hin,0.9936928749084473
News,L5,3341,hin,0.9989016652107239
News,L20,3341,hin,0.9985463619232178
News,L1,3369,hin,0.9988474249839783
News,L5,3369,hin,0.9973750710487366
News,L20,3369,hin,0.997066855430603
News,L1,3410,hin,0.9994947910308838
News,L5,3410,hin,0.9992745518684387
News,L20,3410,hin,0.9977021217346191
News,L1,3438,hin,0.9994718432426453
News,L5,3438,hin,0.9987888932228088
News,L20,3438,hin,0.9993608593940735
News,L1,3470,hin,0.9835842847824097
News,L5,3470,hin,0.9917532801628113
News,L20,3470,hin,0.9944327473640442
News,L1,3471,hin,0.9988904595375061
News,L5,3471,hin,0.9986500144004822
News,L20,3471,hin,0.9993535876274109
News,L1,3484,hin,0.9999445676803589
News,L5,3484,hin,0.9993416666984558
News,L20,3484,hin,0.9991559982299805
News,L1,3497,hin,0.9995817542076111
News,L5,3497,hin,0.9990065693855286
News,L20,3497,hin,0.9984404444694519
News,L1,3510,hin,0.9952397346496582
News,L5,3510,hin,0.9971439838409424
News,L20,3510,hin,0.9980672001838684
News,L1,3531,hin,0.9957172274589539
News,L5,3531,hin,0.9983572959899902
News,L20,3531,hin,0.9976524710655212
News,L1,3533,hin,0.9908353686332703
News,L5,3533,hin,0.9994921088218689
News,L20,3533,hin,0.9990572333335876
News,L1,3547,hin,0.971355676651001
News,L5,3547,hin,0.9977480173110962
News,L20,3547,hin,0.9988141059875488
News,L1,3571,hin,0.9989417195320129
News,L5,3571,hin,0.9992482662200928
News,L20,3571,hin,0.9988248348236084
News,L1,3574,hin,0.9990319013595581
News,L5,3574,hin,0.998821496963501
News,L20,3574,hin,0.9991555213928223
News,L1,3589,hin,0.9996177554130554
News,L5,3589,hin,0.9998466968536377
News,L20,3589,hin,0.9996565580368042
News,L1,3610,hin,0.9921094179153442
News,L5,3610,hin,0.9991891980171204
News,L20,3610,hin,0.9987921118736267
News,L1,3620,hin,0.9747480154037476
News,L5,3620,hin,0.9987065196037292
News,L20,3620,hin,0.9992584586143494
News,L1,3623,hin,0.9997919201850891
News,L5,3623,hin,0.9981620907783508
News,L20,3623,hin,0.9988746643066406
News,L1,3638,hin,0.9961919784545898
News,L5,3638,hin,0.9991165995597839
News,L20,3638,hin,0.999500036239624
News,L1,3640,hin,0.9994059801101685
News,L5,3640,hin,0.9990105032920837
News,L20,3640,hin,0.9993191957473755
News,L1,3668,hin,0.9998477697372437
News,L5,3668,hin,0.9986962676048279
News,L20,3668,hin,0.9986639022827148
News,L1,3695,hin,0.9993656277656555
News,L5,3695,hin,0.9996321201324463
News,L20,3695,hin,0.9987703561782837
News,L1,3700,hin,0.9989287853240967
News,L5,3700,hin,0.999351441860199
News,L20,3700,hin,0.9986018538475037
News,L1,3707,hin,0.9763770699501038
News,L5,3707,hin,0.9864041209220886
News,L20,3707,hin,0.9964946508407593
News,L1,3714,hin,0.9646304249763489
News,L5,3714,hin,0.9892226457595825
News,L20,3714,hin,0.994992196559906
News,L1,3726,hin,0.9957579970359802
News,L5,3726,hin,0.9995866417884827
News,L20,3726,hin,0.9992030262947083
News,L1,3748,hin,0.9962637424468994
News,L5,3748,hin,0.9991286396980286
News,L20,3748,hin,0.9995126724243164
News,L1,3760,hin,0.9993269443511963
News,L5,3760,hin,0.998110830783844
News,L20,3760,hin,0.9993476271629333
News,L1,3762,hin,0.9968802332878113
News,L5,3762,hin,0.9980810284614563
News,L20,3762,hin,0.9986441731452942
News,L1,3763,hin,0.9305610060691833
News,L5,3763,hin,0.9736641645431519
News,L20,3763,hin,0.994145393371582
News,L1,3769,hin,0.9968513250350952
News,L5,3769,hin,0.9991900324821472
News,L20,3769,hin,0.9988654851913452
News,L1,3778,hin,0.9996840953826904
News,L5,3778,hin,0.9993552565574646
News,L20,3778,hin,0.9962689876556396
News,L1,3793,hin,0.9967963695526123
News,L5,3793,hin,0.9989186525344849
News,L20,3793,hin,0.9991546869277954
News,L1,3797,hin,0.993100643157959
News,L5,3797,hin,0.998889148235321
News,L20,3797,hin,0.9974777698516846
News,L1,3821,hin,0.9968038201332092
News,L5,3821,hin,0.9985523223876953
News,L20,3821,hin,0.9985361099243164
News,L1,3823,hin,0.9989725351333618
News,L5,3823,hin,0.9991809129714966
News,L20,3823,hin,0.9990429878234863
News,L1,3834,hin,0.9933932423591614
News,L5,3834,hin,0.9990563988685608
News,L20,3834,hin,0.9992011189460754
News,L1,3837,hin,0.9995473623275757
News,L5,3837,hin,0.9990755915641785
News,L20,3837,hin,0.9987697601318359
News,L1,3855,hin,0.9989957213401794
News,L5,3855,hin,0.9991274476051331
News,L20,3855,hin,0.9990106225013733
News,L1,3863,hin,0.9835930466651917
News,L5,3863,hin,0.9989007115364075
News,L20,3863,hin,0.9983973503112793
News,L1,3874,hin,0.999942421913147
News,L5,3874,hin,0.9996896982192993
News,L20,3874,hin,0.9993515610694885
News,L1,3875,hin,0.9993411302566528
News,L5,3875,hin,0.9997738003730774
News,L20,3875,hin,0.9997374415397644
News,L1,3894,hin,0.9926677346229553
News,L5,3894,hin,0.997435986995697
News,L20,3894,hin,0.9990272521972656
News,L1,3898,hin,0.9494926929473877
News,L5,3898,hin,0.9979761838912964
News,L20,3898,hin,0.9986997246742249
News,L1,3912,hin,0.9961809515953064
News,L5,3912,hin,0.9994872212409973
News,L20,3912,hin,0.9986602663993835
News,L1,3925,hin,0.9963194727897644
News,L5,3925,hin,0.9987237453460693
News,L20,3925,hin,0.9990000128746033
News,L1,3934,hin,0.9999747276306152
News,L5,3934,hin,0.9995937943458557
News,L20,3934,hin,0.999497652053833
News,L1,3948,hin,0.9861922264099121
News,L5,3948,hin,0.9984169602394104
News,L20,3948,hin,0.9992131590843201
News,L1,3972,hin,0.9986366033554077
News,L5,3972,hin,0.9991786479949951
News,L20,3972,hin,0.9987711906433105
News,L1,3989,hin,0.9982901811599731
News,L5,3989,hin,0.9990180134773254
News,L20,3989,hin,0.9990183711051941
News,L1,3995,hin,0.9997149109840393
News,L5,3995,hin,0.9989844560623169
News,L20,3995,hin,0.9986270666122437
News,L1,4002,hin,0.9997842907905579
News,L5,4002,hin,0.9992543458938599
News,L20,4002,hin,0.998687207698822
News,L1,4009,hin,0.9762935638427734
News,L5,4009,hin,0.9977558255195618
News,L20,4009,hin,0.9983185529708862
News,L1,4015,hin,0.9900104403495789
News,L5,4015,hin,0.9981700778007507
News,L20,4015,hin,0.9983319640159607
News,L1,4017,hin,0.998455822467804
News,L5,4017,hin,0.9996806383132935
News,L20,4017,hin,0.9996606111526489
News,L1,4018,hin,0.9895903468132019
News,L5,4018,hin,0.9995348453521729
News,L20,4018,hin,0.999302864074707
News,L1,4022,hin,0.9962150454521179
News,L5,4022,hin,0.9979701042175293
News,L20,4022,hin,0.9981874227523804
News,L1,4035,hin,0.9941734671592712
News,L5,4035,hin,0.996310293674469
News,L20,4035,hin,0.9972675442695618
News,L1,4039,hin,0.9983125925064087
News,L5,4039,hin,0.9992855191230774
News,L20,4039,hin,0.9989926218986511
News,L1,4045,hin,0.9951457381248474
News,L5,4045,hin,0.9994169473648071
News,L20,4045,hin,0.9992740750312805
News,L1,4078,hin,0.999914288520813
News,L5,4078,hin,0.9992328882217407
News,L20,4078,hin,0.9981715083122253
News,L1,4097,hin,0.9982382655143738
News,L5,4097,hin,0.9997110962867737
News,L20,4097,hin,0.9984369277954102
News,L1,4098,hin,0.9970948100090027
News,L5,4098,hin,0.9979668855667114
News,L20,4098,hin,0.9989572167396545
News,L1,4107,hin,0.9997134804725647
News,L5,4107,hin,0.9993155002593994
News,L20,4107,hin,0.9986066222190857
News,L1,4112,hin,0.9963444471359253
News,L5,4112,hin,0.99727463722229
News,L20,4112,hin,0.9983101487159729
News,L1,4115,hin,0.8680382966995239
News,L5,4115,hin,0.9927605390548706
News,L20,4115,hin,0.9971118569374084
News,L1,4117,hin,0.9507952332496643
News,L5,4117,hin,0.9944419264793396
News,L20,4117,hin,0.9965956211090088
News,L1,4160,hin,0.9996761083602905
News,L5,4160,hin,0.9995267391204834
News,L20,4160,hin,0.9991717338562012
News,L1,4170,hin,0.9965687394142151
News,L5,4170,hin,0.9994800686836243
News,L20,4170,hin,0.9991419911384583
News,L1,4200,hin,0.9993932247161865
News,L5,4200,hin,0.9997938275337219
News,L20,4200,hin,0.9994878172874451
News,L1,4201,hin,0.9996576309204102
News,L5,4201,hin,0.9994373321533203
News,L20,4201,hin,0.9994006156921387
News,L1,4217,hin,0.9977352023124695
News,L5,4217,hin,0.9997640252113342
News,L20,4217,hin,0.9992031455039978
News,L1,4219,hin,0.9992172122001648
News,L5,4219,hin,0.9993988275527954
News,L20,4219,hin,0.9988149404525757
News,L1,4226,hin,0.9729734063148499
News,L5,4226,hin,0.9976015090942383
News,L20,4226,hin,0.9993452429771423
News,L1,4230,hin,0.9838765263557434
News,L5,4230,hin,0.9876060485839844
News,L20,4230,hin,0.9894165396690369
News,L1,4244,hin,0.9539327621459961
News,L5,4244,hin,0.9944661259651184
News,L20,4244,hin,0.9959169626235962
News,L1,4250,hin,0.9902141094207764
News,L5,4250,hin,0.9993247985839844
News,L20,4250,hin,0.9990824460983276
News,L1,4254,hin,0.9967502951622009
News,L5,4254,hin,0.9994102716445923
News,L20,4254,hin,0.9984797835350037
News,L1,4273,hin,0.9990004897117615
News,L5,4273,hin,0.9988806843757629
News,L20,4273,hin,0.9994165897369385
News,L1,4301,hin,0.9977797269821167
News,L5,4301,hin,0.9993225336074829
News,L20,4301,hin,0.9988631010055542
News,L1,4303,hin,0.9982566833496094
News,L5,4303,hin,0.9989002346992493
News,L20,4303,hin,0.9993410110473633
News,L1,4310,hin,0.9787426590919495
News,L5,4310,hin,0.9958312511444092
News,L20,4310,hin,0.9981532096862793
News,L1,4312,hin,0.9956209063529968
News,L5,4312,hin,0.9952390193939209
News,L20,4312,hin,0.9981361031532288
News,L1,4327,hin,0.9982916116714478
News,L5,4327,hin,0.9984152913093567
News,L20,4327,hin,0.9977557063102722
News,L1,4346,hin,0.9938175082206726
News,L5,4346,hin,0.9981567859649658
News,L20,4346,hin,0.9984643459320068
News,L1,4350,hin,0.9987238645553589
News,L5,4350,hin,0.9990796446800232
News,L20,4350,hin,0.9990786910057068
News,L1,4368,hin,0.9991320967674255
News,L5,4368,hin,0.9949748516082764
News,L20,4368,hin,0.9977858662605286
News,L1,4373,hin,0.9915140271186829
News,L5,4373,hin,0.9966881275177002
News,L20,4373,hin,0.9987514615058899
News,L1,4381,hin,0.9923003315925598
News,L5,4381,hin,0.9979034066200256
News,L20,4381,hin,0.998213529586792
News,L1,4419,hin,0.9880763292312622
News,L5,4419,hin,0.9980260133743286
News,L20,4419,hin,0.9988061189651489
News,L1,4421,hin,0.9973054528236389
News,L5,4421,hin,0.9974134564399719
News,L20,4421,hin,0.9989053010940552
News,L1,4426,hin,0.9927669167518616
News,L5,4426,hin,0.9964678883552551
News,L20,4426,hin,0.9986492991447449
News,L1,4430,hin,0.998271644115448
News,L5,4430,hin,0.9993740916252136
News,L20,4430,hin,0.9988572597503662
News,L1,4431,hin,0.9728666543960571
News,L5,4431,hin,0.9995375871658325
News,L20,4431,hin,0.9997895359992981
News,L1,4451,hin,0.998259961605072
News,L5,4451,hin,0.9994105100631714
News,L20,4451,hin,0.9973018765449524
News,L1,4464,hin,0.9851651787757874
News,L5,4464,hin,0.9986677169799805
News,L20,4464,hin,0.9948995113372803
News,L1,4467,hin,0.9849398732185364
News,L5,4467,hin,0.997211217880249
News,L20,4467,hin,0.9991494417190552
News,L1,4483,hin,0.9826210141181946
News,L5,4483,hin,0.9984118342399597
News,L20,4483,hin,0.99767005443573
News,L1,4494,hin,0.9997273087501526
News,L5,4494,hin,0.9977126717567444
News,L20,4494,hin,0.9980908632278442
News,L1,4504,hin,0.9746708869934082
News,L5,4504,hin,0.9947496056556702
News,L20,4504,hin,0.9975684881210327
News,L1,4513,hin,0.9988932013511658
News,L5,4513,hin,0.9950975775718689
News,L20,4513,hin,0.9880546927452087
News,L1,4515,hin,0.9994791150093079
News,L5,4515,hin,0.9997020959854126
News,L20,4515,hin,0.9996936321258545
News,L1,4521,hin,0.9840105772018433
News,L5,4521,hin,0.9972839951515198
News,L20,4521,hin,0.9988642930984497
News,L1,4524,hin,0.9850616455078125
News,L5,4524,hin,0.9988738298416138
News,L20,4524,hin,0.9997239708900452
News,L1,4526,hin,0.9993705153465271
News,L5,4526,hin,0.9991729259490967
News,L20,4526,hin,0.9988954663276672
News,L1,4529,hin,0.9327239394187927
News,L5,4529,hin,0.9959526658058167
News,L20,4529,hin,0.999251127243042
News,L1,4550,hin,0.9861999154090881
News,L5,4550,hin,0.9973163604736328
News,L20,4550,hin,0.9979578852653503
News,L1,4560,hin,0.9980572462081909
News,L5,4560,hin,0.9988875985145569
News,L20,4560,hin,0.9989774227142334
News,L1,4578,hin,0.9942013621330261
News,L5,4578,hin,0.9990621209144592
News,L20,4578,hin,0.9992793202400208
News,L1,4586,hin,0.9980331659317017
News,L5,4586,hin,0.998426079750061
News,L20,4586,hin,0.9963947534561157
News,L1,4600,hin,0.9964842200279236
News,L5,4600,hin,0.9990068078041077
News,L20,4600,hin,0.9988391995429993
News,L1,4622,hin,0.9966336488723755
News,L5,4622,hin,0.9984073042869568
News,L20,4622,hin,0.9986763000488281
News,L1,4626,hin,0.9869565367698669
News,L5,4626,hin,0.9992894530296326
News,L20,4626,hin,0.9991884827613831
News,L1,4642,hin,0.9979406595230103
News,L5,4642,hin,0.9989863634109497
News,L20,4642,hin,0.9981575012207031
News,L1,4650,hin,0.9991245865821838
News,L5,4650,hin,0.9996788501739502
News,L20,4650,hin,0.9991528987884521
News,L1,4682,hin,0.9972434639930725
News,L5,4682,hin,0.9957345724105835
News,L20,4682,hin,0.9976664781570435
News,L1,4686,hin,0.9992690682411194
News,L5,4686,hin,0.9994484782218933
News,L20,4686,hin,0.9986959099769592
News,L1,4705,hin,0.995981752872467
News,L5,4705,hin,0.9973711371421814
News,L20,4705,hin,0.9994354248046875
News,L1,4708,hin,0.9974757432937622
News,L5,4708,hin,0.9987571239471436
News,L20,4708,hin,0.9987244606018066
News,L1,4746,hin,0.9993663430213928
News,L5,4746,hin,0.9996856451034546
News,L20,4746,hin,0.9991543292999268
News,L1,4752,hin,0.993100643157959
News,L5,4752,hin,0.9822894930839539
News,L20,4752,hin,0.9967672228813171
News,L1,4753,hin,0.9830256104469299
News,L5,4753,hin,0.9978320598602295
News,L20,4753,hin,0.9985058307647705
News,L1,4755,hin,0.9975988864898682
News,L5,4755,hin,0.9985065460205078
News,L20,4755,hin,0.9990984201431274
News,L1,4765,hin,0.9989455342292786
News,L5,4765,hin,0.9989590048789978
News,L20,4765,hin,0.9947683215141296
News,L1,4768,hin,0.9944702386856079
News,L5,4768,hin,0.999106764793396
News,L20,4768,hin,0.998850405216217
News,L1,4792,hin,0.9983882904052734
News,L5,4792,hin,0.9741425514221191
News,L20,4792,hin,0.993909478187561
News,L1,4795,hin,0.9967974424362183
News,L5,4795,hin,0.9984435439109802
News,L20,4795,hin,0.9990635514259338
News,L1,4804,hin,0.9743379354476929
News,L5,4804,hin,0.9987329840660095
News,L20,4804,hin,0.9988860487937927
News,L1,4824,hin,0.9948166012763977
News,L5,4824,hin,0.9992771744728088
News,L20,4824,hin,0.9990819692611694
News,L1,4826,hin,0.9999277591705322
News,L5,4826,hin,0.9990513920783997
News,L20,4826,hin,0.9983571767807007
News,L1,4833,hin,0.9914799332618713
News,L5,4833,hin,0.9992002844810486
News,L20,4833,hin,0.9991841912269592
News,L1,4834,hin,0.9960329532623291
News,L5,4834,hin,0.9987714290618896
News,L20,4834,hin,0.9984928965568542
News,L1,4840,hin,0.9871132969856262
News,L5,4840,hin,0.9969983696937561
News,L20,4840,hin,0.9969562888145447
News,L1,4852,hin,0.9917895197868347
News,L5,4852,hin,0.9958767890930176
News,L20,4852,hin,0.9983477592468262
News,L1,4859,hin,0.9985279440879822
News,L5,4859,hin,0.9993184804916382
News,L20,4859,hin,0.9989914298057556
News,L1,4866,hin,0.99996018409729
News,L5,4866,hin,0.9996867179870605
News,L20,4866,hin,0.998982310295105
News,L1,4867,hin,0.999485194683075
News,L5,4867,hin,0.9985626339912415
News,L20,4867,hin,0.9977315068244934
News,L1,4898,hin,0.9985003471374512
News,L5,4898,hin,0.9998385906219482
News,L20,4898,hin,0.9999126195907593
News,L1,4900,hin,0.9981682896614075
News,L5,4900,hin,0.9996239542961121
News,L20,4900,hin,0.9972925186157227
News,L1,4906,hin,0.990493893623352
News,L5,4906,hin,0.9980525970458984
News,L20,4906,hin,0.998689591884613
News,L1,4909,hin,0.9866418242454529
News,L5,4909,hin,0.9980295896530151
News,L20,4909,hin,0.9987369179725647
News,L1,4928,hin,0.9989381432533264
News,L5,4928,hin,0.9997188448905945
News,L20,4928,hin,0.9992980360984802
News,L1,4935,hin,0.9505346417427063
News,L5,4935,hin,0.9951885938644409
News,L20,4935,hin,0.9979102611541748
News,L1,4948,hin,0.9989255666732788
News,L5,4948,hin,0.9978904724121094
News,L20,4948,hin,0.9973925948143005
News,L1,4961,hin,0.9954663515090942
News,L5,4961,hin,0.9960299134254456
News,L20,4961,hin,0.9928327798843384
News,L1,4981,hin,0.9996614456176758
News,L5,4981,hin,0.9999055862426758
News,L20,4981,hin,0.9991599321365356
News,L1,4985,hin,0.998957097530365
News,L5,4985,hin,0.9974817037582397
News,L20,4985,hin,0.9978122115135193
News,L1,4989,hin,0.9998367428779602
News,L5,4989,hin,0.9993695616722107
News,L20,4989,hin,0.9992592930793762
News,L1,4992,hin,0.9989851713180542
News,L5,4992,hin,0.9995643496513367
News,L20,4992,hin,0.9996700286865234
News,L1,5003,hin,0.9987674951553345
News,L5,5003,hin,0.9993245601654053
News,L20,5003,hin,0.9987181425094604
News,L1,5008,hin,0.9917888045310974
News,L5,5008,hin,0.9992640614509583
News,L20,5008,hin,0.999582827091217
News,L1,5010,hin,0.9452849626541138
News,L5,5010,hin,0.9958668351173401
News,L20,5010,hin,0.9966509342193604
News,L1,5012,hin,0.9994313716888428
News,L5,5012,hin,0.9993796944618225
News,L20,5012,hin,0.999228835105896
News,L1,5035,hin,0.9767338037490845
News,L5,5035,hin,0.9917346835136414
News,L20,5035,hin,0.9971888065338135
News,L1,5040,hin,0.9994572997093201
News,L5,5040,hin,0.9996146559715271
News,L20,5040,hin,0.9994508624076843
News,L1,5043,hin,0.9839067459106445
News,L5,5043,hin,0.9980741143226624
News,L20,5043,hin,0.997857928276062
News,L1,5052,hin,0.9816703796386719
News,L5,5052,hin,0.9978459477424622
News,L20,5052,hin,0.9991757869720459
News,L1,5074,hin,0.972861111164093
News,L5,5074,hin,0.9930791854858398
News,L20,5074,hin,0.9968019127845764
News,L1,5078,hin,0.9923797845840454
News,L5,5078,hin,0.9980957508087158
News,L20,5078,hin,0.998497724533081
News,L1,5083,hin,0.9996473789215088
News,L5,5083,hin,0.9992126822471619
News,L20,5083,hin,0.9981306195259094
News,L1,5084,hin,0.9988739490509033
News,L5,5084,hin,0.996209442615509
News,L20,5084,hin,0.9977079033851624
News,L1,5087,hin,0.9992506504058838
News,L5,5087,hin,0.9994457364082336
News,L20,5087,hin,0.9981333613395691
News,L1,5094,hin,0.9823603630065918
News,L5,5094,hin,0.9977554678916931
News,L20,5094,hin,0.9993546605110168
News,L1,5098,hin,0.9971218109130859
News,L5,5098,hin,0.9986105561256409
News,L20,5098,hin,0.9989205598831177
News,L1,5123,hin,0.9890695810317993
News,L5,5123,hin,0.9984516501426697
News,L20,5123,hin,0.9986716508865356
News,L1,5156,hin,0.9986998438835144
News,L5,5156,hin,0.9955339431762695
News,L20,5156,hin,0.9984137415885925
News,L1,5163,hin,0.9948910474777222
News,L5,5163,hin,0.9988389611244202
News,L20,5163,hin,0.9992170929908752
News,L1,5185,hin,0.9991128444671631
News,L5,5185,hin,0.9990965127944946
News,L20,5185,hin,0.9985719323158264
News,L1,5198,hin,0.9763166308403015
News,L5,5198,hin,0.9994083642959595
News,L20,5198,hin,0.9980190396308899
News,L1,5203,hin,0.9995552897453308
News,L5,5203,hin,0.9983153343200684
News,L20,5203,hin,0.9990948438644409
News,L1,5206,hin,0.9997003078460693
News,L5,5206,hin,0.9989532828330994
News,L20,5206,hin,0.998047411441803
News,L1,5208,hin,0.9859336614608765
News,L5,5208,hin,0.9963661432266235
News,L20,5208,hin,0.9967036247253418
News,L1,5220,hin,0.9984391331672668
News,L5,5220,hin,0.9981763958930969
News,L20,5220,hin,0.9990572333335876
News,L1,5222,hin,0.9995619654655457
News,L5,5222,hin,0.9993371963500977
News,L20,5222,hin,0.9970593452453613
News,L1,5223,hin,0.995985209941864
News,L5,5223,hin,0.997063159942627
News,L20,5223,hin,0.9977861046791077
News,L1,5229,hin,0.9918737411499023
News,L5,5229,hin,0.9987307190895081
News,L20,5229,hin,0.9991176724433899
News,L1,5231,hin,0.9995726943016052
News,L5,5231,hin,0.9985186457633972
News,L20,5231,hin,0.9991104602813721
News,L1,5236,hin,0.9978932738304138
News,L5,5236,hin,0.9992968440055847
News,L20,5236,hin,0.9992889761924744
News,L1,5253,hin,0.9985806941986084
News,L5,5253,hin,0.9993738532066345
News,L20,5253,hin,0.999224066734314
News,L1,5269,hin,0.9991724491119385
News,L5,5269,hin,0.9994074106216431
News,L20,5269,hin,0.9989606142044067
News,L1,5272,hin,0.9992531538009644
News,L5,5272,hin,0.9984378814697266
News,L20,5272,hin,0.9984997510910034
News,L1,5278,hin,0.9745953679084778
News,L5,5278,hin,0.9955496191978455
News,L20,5278,hin,0.9971894025802612
News,L1,5279,hin,0.9996486902236938
News,L5,5279,hin,0.9995611310005188
News,L20,5279,hin,0.9994381070137024
News,L1,5298,hin,0.9998021721839905
News,L5,5298,hin,0.9998034834861755
News,L20,5298,hin,0.9993594288825989
News,L1,5303,hin,0.9970800876617432
News,L5,5303,hin,0.9985488653182983
News,L20,5303,hin,0.9991543292999268
News,L1,5349,hin,0.997444212436676
News,L5,5349,hin,0.9995523691177368
News,L20,5349,hin,0.9993360042572021
News,L1,5352,hin,0.9992455244064331
News,L5,5352,hin,0.9984839558601379
News,L20,5352,hin,0.9987913966178894
News,L1,5355,hin,0.999168872833252
News,L5,5355,hin,0.9992632269859314
News,L20,5355,hin,0.9990605711936951
News,L1,5359,hin,0.9973532557487488
News,L5,5359,hin,0.9994931221008301
News,L20,5359,hin,0.9992068409919739
News,L1,5362,hin,0.9989185333251953
News,L5,5362,hin,0.9994311332702637
News,L20,5362,hin,0.9991934895515442
News,L1,5368,hin,0.9822524785995483
News,L5,5368,hin,0.9902953505516052
News,L20,5368,hin,0.9966676235198975
News,L1,5374,hin,0.9897194504737854
News,L5,5374,hin,0.9940273761749268
News,L20,5374,hin,0.9972159266471863
News,L1,5396,hin,0.9990721344947815
News,L5,5396,hin,0.9990021586418152
News,L20,5396,hin,0.9989227056503296
News,L1,5399,hin,0.9999734163284302
News,L5,5399,hin,0.9994059801101685
News,L20,5399,hin,0.9980335235595703
News,L1,5416,hin,0.9969789385795593
News,L5,5416,hin,0.9935160875320435
News,L20,5416,hin,0.9985277056694031
News,L1,5424,hin,0.9939870834350586
News,L5,5424,hin,0.9989200830459595
News,L20,5424,hin,0.9990377426147461
News,L1,5439,hin,0.9979431629180908
News,L5,5439,hin,0.9987830519676208
News,L20,5439,hin,0.9993231296539307
News,L1,5454,hin,0.9996271133422852
News,L5,5454,hin,0.9986810684204102
News,L20,5454,hin,0.9992297887802124
News,L1,5455,hin,0.9969125390052795
News,L5,5455,hin,0.9990253448486328
News,L20,5455,hin,0.9990078806877136
News,L1,5461,hin,0.9914601445198059
News,L5,5461,hin,0.9991840720176697
News,L20,5461,hin,0.9993032217025757
News,L1,5463,hin,0.9992495775222778
News,L5,5463,hin,0.9992629885673523
News,L20,5463,hin,0.9980788826942444
News,L1,5481,hin,0.9999008178710938
News,L5,5481,hin,0.9980761408805847
News,L20,5481,hin,0.9953279495239258
News,L1,5487,hin,0.9987971186637878
News,L5,5487,hin,0.998680830001831
News,L20,5487,hin,0.9974004626274109
News,L1,5528,hin,0.9680939316749573
News,L5,5528,hin,0.9972416758537292
News,L20,5528,hin,0.9988102912902832
News,L1,5531,hin,0.8803448677062988
News,L5,5531,hin,0.990929126739502
News,L20,5531,hin,0.9978049993515015
News,L1,5548,hin,0.9994671940803528
News,L5,5548,hin,0.9989789724349976
News,L20,5548,hin,0.9994136095046997
News,L1,5549,hin,0.9981528520584106
News,L5,5549,hin,0.9976112246513367
News,L20,5549,hin,0.998051106929779
News,L1,5566,hin,0.9996356964111328
News,L5,5566,hin,0.9994204044342041
News,L20,5566,hin,0.9996148943901062
News,L1,5575,hin,0.9904453754425049
News,L5,5575,hin,0.995598316192627
News,L20,5575,hin,0.9962462782859802
News,L1,5597,hin,0.9998586177825928
News,L5,5597,hin,0.9984742403030396
News,L20,5597,hin,0.9973246455192566
News,L1,5601,hin,0.9983347058296204
News,L5,5601,hin,0.9985727667808533
News,L20,5601,hin,0.9980815052986145
News,L1,5611,hin,0.9968708753585815
News,L5,5611,hin,0.9951881170272827
News,L20,5611,hin,0.9977210760116577
News,L1,5629,hin,0.9992278814315796
News,L5,5629,hin,0.9967436790466309
News,L20,5629,hin,0.9986423850059509
News,L1,5660,hin,0.9971463680267334
News,L5,5660,hin,0.998525083065033
News,L20,5660,hin,0.9988188743591309
News,L1,5661,hin,0.9998331665992737
News,L5,5661,hin,0.9994332790374756
News,L20,5661,hin,0.9976797699928284
News,L1,5663,hin,0.9751161336898804
News,L5,5663,hin,0.9959784746170044
News,L20,5663,hin,0.9984281063079834
News,L1,5672,hin,0.9931679368019104
News,L5,5672,hin,0.9986556172370911
News,L20,5672,hin,0.9974521398544312
News,L1,5700,hin,0.9951444268226624
News,L5,5700,hin,0.9988388419151306
News,L20,5700,hin,0.9980730414390564
News,L1,5709,hin,0.9996066689491272
News,L5,5709,hin,0.9994207620620728
News,L20,5709,hin,0.9987025856971741
News,L1,5713,hin,0.9790587425231934
News,L5,5713,hin,0.9980289936065674
News,L20,5713,hin,0.9986944794654846
News,L1,5715,hin,0.9993509650230408
News,L5,5715,hin,0.998115062713623
News,L20,5715,hin,0.999091625213623
News,L1,5719,hin,0.9901284575462341
News,L5,5719,hin,0.9991745948791504
News,L20,5719,hin,0.9994868636131287
News,L1,5737,hin,0.9995088577270508
News,L5,5737,hin,0.9995250701904297
News,L20,5737,hin,0.9987208843231201
News,L1,5753,hin,0.9992389678955078
News,L5,5753,hin,0.9996452331542969
News,L20,5753,hin,0.9989486336708069
News,L1,5754,hin,0.9995586276054382
News,L5,5754,hin,0.9996596574783325
News,L20,5754,hin,0.9995890259742737
News,L1,5762,hin,0.9998723268508911
News,L5,5762,hin,0.9995868802070618
News,L20,5762,hin,0.9993621706962585
News,L1,5778,hin,0.9904418587684631
News,L5,5778,hin,0.9994910359382629
News,L20,5778,hin,0.9995464086532593
News,L1,5791,hin,0.9997643828392029
News,L5,5791,hin,0.9990471601486206
News,L20,5791,hin,0.9989970326423645
News,L1,5808,hin,0.9995607733726501
News,L5,5808,hin,0.9991109371185303
News,L20,5808,hin,0.999022364616394
News,L1,5835,hin,0.9989159107208252
News,L5,5835,hin,0.9965671300888062
News,L20,5835,hin,0.998326301574707
News,L1,5846,hin,0.9599788784980774
News,L5,5846,hin,0.9991137385368347
News,L20,5846,hin,0.9987549781799316
News,L1,5883,hin,0.9982868432998657
News,L5,5883,hin,0.9996517896652222
News,L20,5883,hin,0.9991198182106018
News,L1,5900,hin,0.9986827373504639
News,L5,5900,hin,0.9984003305435181
News,L20,5900,hin,0.9984542727470398
News,L1,5954,hin,0.9961597919464111
News,L5,5954,hin,0.9993013143539429
News,L20,5954,hin,0.9993109703063965
News,L1,5956,hin,0.999929666519165
News,L5,5956,hin,0.9998395442962646
News,L20,5956,hin,0.9993128776550293
News,L1,5957,hin,0.9821308255195618
News,L5,5957,hin,0.9965802431106567
News,L20,5957,hin,0.9993610978126526
News,L1,5982,hin,0.9582876563072205
News,L5,5982,hin,0.998240053653717
News,L20,5982,hin,0.9976797699928284
News,L1,5991,hin,0.9906015992164612
News,L5,5991,hin,0.9985355734825134
News,L20,5991,hin,0.9986218214035034
News,L1,6002,hin,0.9845581650733948
News,L5,6002,hin,0.9992731213569641
News,L20,6002,hin,0.9968032240867615
News,L1,6003,hin,0.9997819066047668
News,L5,6003,hin,0.9992494583129883
News,L20,6003,hin,0.9989228248596191
News,L1,6025,hin,0.9644656777381897
News,L5,6025,hin,0.9979134798049927
News,L20,6025,hin,0.9987603425979614
News,L1,6029,hin,0.9995355606079102
News,L5,6029,hin,0.9975699186325073
News,L20,6029,hin,0.9986772537231445
News,L1,6034,hin,0.9807271361351013
News,L5,6034,hin,0.9975374341011047
News,L20,6034,hin,0.9981047511100769
News,L1,6044,hin,0.9986721277236938
News,L5,6044,hin,0.9996163249015808
News,L20,6044,hin,0.9993743300437927
News,L1,6049,hin,0.9866570234298706
News,L5,6049,hin,0.999076783657074
News,L20,6049,hin,0.9991242289543152
News,L1,6057,hin,0.9984570145606995
News,L5,6057,hin,0.9994139671325684
News,L20,6057,hin,0.9986067414283752
News,L1,6070,hin,0.9997934699058533
News,L5,6070,hin,0.9995430707931519
News,L20,6070,hin,0.9996083378791809
News,L1,6075,hin,0.9984802603721619
News,L5,6075,hin,0.9983702301979065
News,L20,6075,hin,0.9988244771957397
News,L1,6076,hin,0.9977876543998718
News,L5,6076,hin,0.9979800581932068
News,L20,6076,hin,0.9985792636871338
News,L1,6092,hin,0.9934442043304443
News,L5,6092,hin,0.9984593391418457
News,L20,6092,hin,0.9985305666923523
News,L1,6106,hin,0.9950228333473206
News,L5,6106,hin,0.998857855796814
News,L20,6106,hin,0.9991404414176941
News,L1,6118,hin,0.9996473789215088
News,L5,6118,hin,0.9998971223831177
News,L20,6118,hin,0.9994425177574158
News,L1,6128,hin,0.9997549653053284
News,L5,6128,hin,0.9985487461090088
News,L20,6128,hin,0.9976603388786316
News,L1,6135,hin,0.9991453289985657
News,L5,6135,hin,0.9992870688438416
News,L20,6135,hin,0.9993847012519836
News,L1,6137,hin,0.9957974553108215
News,L5,6137,hin,0.9917543530464172
News,L20,6137,hin,0.9980675578117371
News,L1,6145,hin,0.9637982845306396
News,L5,6145,hin,0.9975942373275757
News,L20,6145,hin,0.9987764358520508
News,L1,6157,hin,0.9561330676078796
News,L5,6157,hin,0.9976241588592529
News,L20,6157,hin,0.9974055290222168
News,L1,6159,hin,0.9895296096801758
News,L5,6159,hin,0.9992039799690247
News,L20,6159,hin,0.9982775449752808
News,L1,6189,hin,0.9986506104469299
News,L5,6189,hin,0.9991129636764526
News,L20,6189,hin,0.9984622001647949
News,L1,6201,hin,0.999300479888916
News,L5,6201,hin,0.9979102611541748
News,L20,6201,hin,0.9983373284339905
News,L1,6204,hin,0.9623843431472778
News,L5,6204,hin,0.9988625049591064
News,L20,6204,hin,0.9984533190727234
News,L1,6207,hin,0.999502420425415
News,L5,6207,hin,0.9940588474273682
News,L20,6207,hin,0.9960401654243469
News,L1,6216,hin,0.9995548129081726
News,L5,6216,hin,0.9995121955871582
News,L20,6216,hin,0.9987534880638123
News,L1,6222,hin,0.9905194044113159
News,L5,6222,hin,0.9988644123077393
News,L20,6222,hin,0.9991621971130371
News,L1,6229,hin,0.9933487772941589
News,L5,6229,hin,0.998379647731781
News,L20,6229,hin,0.998435378074646
News,L1,6231,hin,0.9997324347496033
News,L5,6231,hin,0.9995535016059875
News,L20,6231,hin,0.9993023872375488
News,L1,6234,hin,0.9912510514259338
News,L5,6234,hin,0.9963086247444153
News,L20,6234,hin,0.9983031153678894
News,L1,6249,hin,0.9947343468666077
News,L5,6249,hin,0.9988025426864624
News,L20,6249,hin,0.9977886080741882
News,L1,6256,hin,0.9995021820068359
News,L5,6256,hin,0.9998643398284912
News,L20,6256,hin,0.9995747208595276
News,L1,6260,hin,0.9957336187362671
News,L5,6260,hin,0.9978494644165039
News,L20,6260,hin,0.9992350339889526
News,L1,6268,hin,0.9946892261505127
News,L5,6268,hin,0.9992700219154358
News,L20,6268,hin,0.9988945126533508
News,L1,6282,hin,0.9985864162445068
News,L5,6282,hin,0.9987383484840393
News,L20,6282,hin,0.9988923668861389
News,L1,6293,hin,0.9886934161186218
News,L5,6293,hin,0.9941652417182922
News,L20,6293,hin,0.997779369354248
News,L1,6299,hin,0.9827724695205688
News,L5,6299,hin,0.9968436360359192
News,L20,6299,hin,0.9990254640579224
News,L1,6300,hin,0.9896323680877686
News,L5,6300,hin,0.9984692335128784
News,L20,6300,hin,0.9990666508674622
News,L1,6327,hin,0.9996067881584167
News,L5,6327,hin,0.9997005462646484
News,L20,6327,hin,0.9994312524795532
News,L1,6343,hin,0.9646385908126831
News,L5,6343,hin,0.999634861946106
News,L20,6343,hin,0.9997521042823792
News,L1,6349,hin,0.9852070808410645
News,L5,6349,hin,0.994818389415741
News,L20,6349,hin,0.9955722093582153
News,L1,6354,hin,0.9979642629623413
News,L5,6354,hin,0.9984965324401855
News,L20,6354,hin,0.9981004595756531
News,L1,6364,hin,0.9992832541465759
News,L5,6364,hin,0.9996858835220337
News,L20,6364,hin,0.9995099306106567
News,L1,6367,hin,0.9908427596092224
News,L5,6367,hin,0.9966365098953247
News,L20,6367,hin,0.9963754415512085
News,L1,6369,hin,0.9987609386444092
News,L5,6369,hin,0.9990590214729309
News,L20,6369,hin,0.9983313679695129
News,L1,6391,hin,0.9964908957481384
News,L5,6391,hin,0.9979684352874756
News,L20,6391,hin,0.998152494430542
News,L1,6406,hin,0.999803364276886
News,L5,6406,hin,0.9995893836021423
News,L20,6406,hin,0.9994844794273376
News,L1,6408,hin,0.9941993951797485
News,L5,6408,hin,0.9992172122001648
News,L20,6408,hin,0.998723030090332
News,L1,6409,hin,0.9626657366752625
News,L5,6409,hin,0.9990836381912231
News,L20,6409,hin,0.9982741475105286
News,L1,6412,hin,0.9847655892372131
News,L5,6412,hin,0.9908626675605774
News,L20,6412,hin,0.9946882724761963
News,L1,6416,hin,0.9920346736907959
News,L5,6416,hin,0.9971988797187805
News,L20,6416,hin,0.9979506134986877
News,L1,6421,hin,0.998452365398407
News,L5,6421,hin,0.9995139837265015
News,L20,6421,hin,0.9997237324714661
News,L1,6424,hin,0.9941772222518921
News,L5,6424,hin,0.9980133175849915
News,L20,6424,hin,0.9979225993156433
News,L1,6442,hin,0.9965206980705261
News,L5,6442,hin,0.9997283816337585
News,L20,6442,hin,0.9996535778045654
News,L1,6449,hin,0.9808748364448547
News,L5,6449,hin,0.9994239807128906
News,L20,6449,hin,0.999286949634552
News,L1,6478,hin,0.9977864623069763
News,L5,6478,hin,0.9993622899055481
News,L20,6478,hin,0.9992186427116394
News,L1,6491,hin,0.9998672008514404
News,L5,6491,hin,0.9994885325431824
News,L20,6491,hin,0.9991785287857056
News,L1,6505,hin,0.9959985613822937
News,L5,6505,hin,0.9976133704185486
News,L20,6505,hin,0.998593807220459
News,L1,6512,hin,0.9940683841705322
News,L5,6512,hin,0.9981539249420166
News,L20,6512,hin,0.9989669322967529
News,L1,6530,hin,0.9983575344085693
News,L5,6530,hin,0.9992592930793762
News,L20,6530,hin,0.9994169473648071
News,L1,6533,hin,0.9990794062614441
News,L5,6533,hin,0.9997515082359314
News,L20,6533,hin,0.9991338849067688
News,L1,6541,hin,0.9999032020568848
News,L5,6541,hin,0.9994663596153259
News,L20,6541,hin,0.9990482330322266
News,L1,6544,hin,0.9972426295280457
News,L5,6544,hin,0.9965299367904663
News,L20,6544,hin,0.9970492124557495
News,L1,6554,hin,0.9903433918952942
News,L5,6554,hin,0.9985842704772949
News,L20,6554,hin,0.9985629916191101
News,L1,6562,hin,0.9996528625488281
News,L5,6562,hin,0.9991983771324158
News,L20,6562,hin,0.9979465007781982
News,L1,6565,hin,0.9988619089126587
News,L5,6565,hin,0.9986433386802673
News,L20,6565,hin,0.9989062547683716
News,L1,6576,hin,0.9991005659103394
News,L5,6576,hin,0.9984851479530334
News,L20,6576,hin,0.9991052150726318
News,L1,6577,hin,0.9835518002510071
News,L5,6577,hin,0.9983956813812256
News,L20,6577,hin,0.998169481754303
News,L1,6579,hin,0.9177629947662354
News,L5,6579,hin,0.9976949691772461
News,L20,6579,hin,0.9971034526824951
News,L1,6581,hin,0.9517956972122192
News,L5,6581,hin,0.9985108375549316
News,L20,6581,hin,0.9986099600791931
News,L1,6583,hin,0.9984759092330933
News,L5,6583,hin,0.9980672001838684
News,L20,6583,hin,0.9994638562202454
News,L1,6589,hin,0.9963396191596985
News,L5,6589,hin,0.9986513257026672
News,L20,6589,hin,0.9989979863166809
News,L1,6592,hin,0.9985445737838745
News,L5,6592,hin,0.999460756778717
News,L20,6592,hin,0.9989063739776611
News,L1,6593,hin,0.9998015761375427
News,L5,6593,hin,0.999092698097229
News,L20,6593,hin,0.9990266561508179
News,L1,6595,hin,0.9954187273979187
News,L5,6595,hin,0.9987567663192749
News,L20,6595,hin,0.9984216690063477
News,L1,6610,hin,0.9986791610717773
News,L5,6610,hin,0.9959953427314758
News,L20,6610,hin,0.9979316592216492
News,L1,6616,hin,0.9927278757095337
News,L5,6616,hin,0.996609628200531
News,L20,6616,hin,0.9858235716819763
News,L1,6622,hin,0.8893041014671326
News,L5,6622,hin,0.9919588565826416
News,L20,6622,hin,0.9969198107719421
News,L1,6637,hin,0.9980393052101135
News,L5,6637,hin,0.9981709122657776
News,L20,6637,hin,0.99599289894104
News,L1,6643,hin,0.9963912963867188
News,L5,6643,hin,0.9992970824241638
News,L20,6643,hin,0.9992308616638184
News,L1,6645,hin,0.9914820790290833
News,L5,6645,hin,0.9888222217559814
News,L20,6645,hin,0.9970298409461975
News,L1,6683,hin,0.9997655749320984
News,L5,6683,hin,0.9994528889656067
News,L20,6683,hin,0.9994427561759949
News,L1,6684,hin,0.9941575527191162
News,L5,6684,hin,0.9982110261917114
News,L20,6684,hin,0.997656524181366
News,L1,6702,hin,0.9970866441726685
News,L5,6702,hin,0.9983862638473511
News,L20,6702,hin,0.996712863445282
News,L1,6723,hin,0.9991809129714966
News,L5,6723,hin,0.9994491934776306
News,L20,6723,hin,0.9992943406105042
News,L1,6727,hin,0.9992315769195557
News,L5,6727,hin,0.9989137649536133
News,L20,6727,hin,0.9993025064468384
News,L1,6738,hin,0.9956571459770203
News,L5,6738,hin,0.997504711151123
News,L20,6738,hin,0.9964895844459534
News,L1,6739,hin,0.9999585151672363
News,L5,6739,hin,0.9993964433670044
News,L20,6739,hin,0.9990264177322388
News,L1,6743,hin,0.9993627667427063
News,L5,6743,hin,0.9997740387916565
News,L20,6743,hin,0.9994083642959595
News,L1,6763,hin,0.9996483325958252
News,L5,6763,hin,0.9996840953826904
News,L20,6763,hin,0.9993990659713745
News,L1,6768,hin,0.9969548583030701
News,L5,6768,hin,0.9993682503700256
News,L20,6768,hin,0.9980912208557129
News,L1,6769,hin,0.9979709386825562
News,L5,6769,hin,0.9989160299301147
News,L20,6769,hin,0.9990373849868774
News,L1,6771,hin,0.9817020893096924
News,L5,6771,hin,0.9992386102676392
News,L20,6771,hin,0.9976521134376526
News,L1,6775,hin,0.998989999294281
News,L5,6775,hin,0.9993860125541687
News,L20,6775,hin,0.9991719722747803
News,L1,6777,hin,0.9951157569885254
News,L5,6777,hin,0.9996708631515503
News,L20,6777,hin,0.9992179274559021
News,L1,6794,hin,0.9999741315841675
News,L5,6794,hin,0.9992202520370483
News,L20,6794,hin,0.9984711408615112
News,L1,6799,hin,0.9976527094841003
News,L5,6799,hin,0.9994552731513977
News,L20,6799,hin,0.9988102912902832
News,L1,6800,hin,0.9993779063224792
News,L5,6800,hin,0.9995943903923035
News,L20,6800,hin,0.9977852702140808
News,L1,6803,hin,0.9989724159240723
News,L5,6803,hin,0.9994165897369385
News,L20,6803,hin,0.9992471933364868
News,L1,6809,hin,0.9710964560508728
News,L5,6809,hin,0.9939237236976624
News,L20,6809,hin,0.9977525472640991
News,L1,6813,hin,0.9996563196182251
News,L5,6813,hin,0.9970532059669495
News,L20,6813,hin,0.9966943860054016
News,L1,6854,hin,0.9992068409919739
News,L5,6854,hin,0.9995695948600769
News,L20,6854,hin,0.9991304278373718
News,L1,6886,hin,0.9969426393508911
News,L5,6886,hin,0.9983224868774414
News,L20,6886,hin,0.9989389777183533
News,L1,6887,hin,0.9997573494911194
News,L5,6887,hin,0.997321367263794
News,L20,6887,hin,0.9980963468551636
News,L1,6892,hin,0.9991519451141357
News,L5,6892,hin,0.9992726445198059
News,L20,6892,hin,0.9990542531013489
News,L1,6894,hin,0.9998961687088013
News,L5,6894,hin,0.9991844296455383
News,L20,6894,hin,0.9982282519340515
News,L1,6914,hin,0.9991805553436279
News,L5,6914,hin,0.999748170375824
News,L20,6914,hin,0.9996057152748108
News,L1,6923,hin,0.9992246627807617
News,L5,6923,hin,0.9993419051170349
News,L20,6923,hin,0.9994223117828369
News,L1,6932,hin,0.9996771812438965
News,L5,6932,hin,0.9993034601211548
News,L20,6932,hin,0.9993836283683777
News,L1,6947,hin,0.9985756278038025
News,L5,6947,hin,0.9995300769805908
News,L20,6947,hin,0.9993640780448914
News,L1,6948,hin,0.9822789430618286
News,L5,6948,hin,0.9988848567008972
News,L20,6948,hin,0.9991973042488098
News,L1,6957,hin,0.9961345791816711
News,L5,6957,hin,0.9975690841674805
News,L20,6957,hin,0.9984868168830872
News,L1,6966,hin,0.6948750019073486
News,L5,6966,hin,0.9992113709449768
News,L20,6966,hin,0.9992980360984802
News,L1,6993,hin,0.9997053146362305
News,L5,6993,hin,0.9984214305877686
News,L20,6993,hin,0.9961774945259094
News,L1,7010,hin,0.9626002311706543
News,L5,7010,hin,0.9908379316329956
News,L20,7010,hin,0.9982813596725464
News,L1,7014,hin,0.9982320666313171
News,L5,7014,hin,0.9992451667785645
News,L20,7014,hin,0.9996224045753479
News,L1,7017,hin,0.9998461008071899
News,L5,7017,hin,0.9991869330406189
News,L20,7017,hin,0.9975623488426208
News,L1,7024,hin,0.9999240636825562
News,L5,7024,hin,0.9984661340713501
News,L20,7024,hin,0.9967572689056396
News,L1,7025,hin,0.9989456534385681
News,L5,7025,hin,0.999671459197998
News,L20,7025,hin,0.9995818734169006
News,L1,7026,hin,0.9979652166366577
News,L5,7026,hin,0.9981794357299805
News,L20,7026,hin,0.9981337189674377
News,L1,7040,hin,0.9967911243438721
News,L5,7040,hin,0.9998966455459595
News,L20,7040,hin,0.999043345451355
News,L1,7041,hin,0.9903263449668884
News,L5,7041,hin,0.9988619089126587
News,L20,7041,hin,0.9981945157051086
News,L1,7069,hin,0.9131417274475098
News,L5,7069,hin,0.9994389414787292
News,L20,7069,hin,0.9990687966346741
News,L1,7080,hin,0.9817081689834595
News,L5,7080,hin,0.9991422295570374
News,L20,7080,hin,0.9986950755119324
News,L1,7087,hin,0.9061912894248962
News,L5,7087,hin,0.9949477910995483
News,L20,7087,hin,0.9990125298500061
News,L1,7111,hin,0.9900046586990356
News,L5,7111,hin,0.9987779259681702
News,L20,7111,hin,0.9988034963607788
News,L1,7123,hin,0.9928818345069885
News,L5,7123,hin,0.9992567300796509
News,L20,7123,hin,0.9991791248321533
News,L1,7133,hin,0.9987508654594421
News,L5,7133,hin,0.9997910857200623
News,L20,7133,hin,0.9994826912879944
News,L1,7145,hin,0.998557984828949
News,L5,7145,hin,0.9991258978843689
News,L20,7145,hin,0.9980951547622681
News,L1,7155,hin,0.9933475255966187
News,L5,7155,hin,0.9966338872909546
News,L20,7155,hin,0.9971352219581604
News,L1,7178,hin,0.9945311546325684
News,L5,7178,hin,0.9990789294242859
News,L20,7178,hin,0.9970272779464722
News,L1,7190,hin,0.995215654373169
News,L5,7190,hin,0.9989136457443237
News,L20,7190,hin,0.999285876750946
News,L1,7213,hin,0.9982483386993408
News,L5,7213,hin,0.9989223480224609
News,L20,7213,hin,0.9987741708755493
News,L1,7244,hin,0.9896394610404968
News,L5,7244,hin,0.9949377775192261
News,L20,7244,hin,0.9970961213111877
News,L1,7261,hin,0.9951445460319519
News,L5,7261,hin,0.997967004776001
News,L20,7261,hin,0.9984230995178223
News,L1,7269,hin,0.9938124418258667
News,L5,7269,hin,0.9992560148239136
News,L20,7269,hin,0.9993625283241272
News,L1,7276,hin,0.9921765327453613
News,L5,7276,hin,0.9982197284698486
News,L20,7276,hin,0.9984155297279358
News,L1,7279,hin,0.9992257356643677
News,L5,7279,hin,0.9989574551582336
News,L20,7279,hin,0.9963381886482239
News,L1,7281,hin,0.9935532808303833
News,L5,7281,hin,0.9950183629989624
News,L20,7281,hin,0.9983184337615967
News,L1,7282,hin,0.997649073600769
News,L5,7282,hin,0.9992988109588623
News,L20,7282,hin,0.9991611242294312
News,L1,7295,hin,0.9972206950187683
News,L5,7295,hin,0.998335063457489
News,L20,7295,hin,0.9977359175682068
News,L1,7299,hin,0.9996932744979858
News,L5,7299,hin,0.9998486042022705
News,L20,7299,hin,0.9991804361343384
News,L1,7307,hin,0.9957709908485413
News,L5,7307,hin,0.9967974424362183
News,L20,7307,hin,0.9993698000907898
News,L1,7324,hin,0.998508095741272
News,L5,7324,hin,0.9985390901565552
News,L20,7324,hin,0.9989355206489563
News,L1,7336,hin,0.9989140033721924
News,L5,7336,hin,0.9982064366340637
News,L20,7336,hin,0.9995285272598267
News,L1,7337,hin,0.9990689158439636
News,L5,7337,hin,0.9989176988601685
News,L20,7337,hin,0.999401330947876
News,L1,7339,hin,0.9958691000938416
News,L5,7339,hin,0.9984966516494751
News,L20,7339,hin,0.9982211589813232
News,L1,7353,hin,0.9907194375991821
News,L5,7353,hin,0.9993287324905396
News,L20,7353,hin,0.9983261823654175
News,L1,7356,hin,0.9975928068161011
News,L5,7356,hin,0.9978352785110474
News,L20,7356,hin,0.9961209893226624
News,L1,7371,hin,0.9992185235023499
News,L5,7371,hin,0.9997226595878601
News,L20,7371,hin,0.9990969896316528
News,L1,7376,hin,0.9993313550949097
News,L5,7376,hin,0.9985652565956116
News,L20,7376,hin,0.999261200428009
News,L1,7382,hin,0.9955378174781799
News,L5,7382,hin,0.9994232654571533
News,L20,7382,hin,0.9989145994186401
News,L1,7383,hin,0.9738460183143616
News,L5,7383,hin,0.9994679093360901
News,L20,7383,hin,0.9987021088600159
News,L1,7385,hin,0.9992113709449768
News,L5,7385,hin,0.9992770552635193
News,L20,7385,hin,0.9986380338668823
News,L1,7390,hin,0.9965344071388245
News,L5,7390,hin,0.9984642267227173
News,L20,7390,hin,0.9993845820426941
News,L1,7408,hin,0.9977715015411377
News,L5,7408,hin,0.9973482489585876
News,L20,7408,hin,0.9988942742347717
News,L1,7409,hin,0.9964920282363892
News,L5,7409,hin,0.9987836480140686
News,L20,7409,hin,0.9989984631538391
News,L1,7419,hin,0.9995098114013672
News,L5,7419,hin,0.9973922371864319
News,L20,7419,hin,0.9986409544944763
News,L1,7420,hin,0.994678795337677
News,L5,7420,hin,0.9993000030517578
News,L20,7420,hin,0.9993268251419067
News,L1,7425,hin,0.9966240525245667
News,L5,7425,hin,0.9982590675354004
News,L20,7425,hin,0.9990832805633545
News,L1,7432,hin,0.9994291067123413
News,L5,7432,hin,0.9996727705001831
News,L20,7432,hin,0.999270498752594
News,L1,7479,hin,0.99944669008255
News,L5,7479,hin,0.9995086193084717
News,L20,7479,hin,0.9984456896781921
News,L1,7489,hin,0.9533689618110657
News,L5,7489,hin,0.9962974786758423
News,L20,7489,hin,0.9963140487670898
News,L1,7493,hin,0.9997288584709167
News,L5,7493,hin,0.9998971223831177
News,L20,7493,hin,0.999816358089447
News,L1,7497,hin,0.996957004070282
News,L5,7497,hin,0.9972349405288696
News,L20,7497,hin,0.9974026679992676
News,L1,7503,hin,0.9992172122001648
News,L5,7503,hin,0.9992851614952087
News,L20,7503,hin,0.9991182684898376
News,L1,7505,hin,0.9991223216056824
News,L5,7505,hin,0.9993243217468262
News,L20,7505,hin,0.999337911605835
News,L1,7513,hin,0.9599606394767761
News,L5,7513,hin,0.9995558857917786
News,L20,7513,hin,0.9988616704940796
News,L1,7531,hin,0.9948767423629761
News,L5,7531,hin,0.9964480400085449
News,L20,7531,hin,0.9989162683486938
News,L1,7548,hin,0.9925509691238403
News,L5,7548,hin,0.9995400905609131
News,L20,7548,hin,0.9993769526481628
News,L1,7568,hin,0.9990895986557007
News,L5,7568,hin,0.9996164441108704
News,L20,7568,hin,0.9990549683570862
News,L1,7577,hin,0.9913054704666138
News,L5,7577,hin,0.996997058391571
News,L20,7577,hin,0.9986063838005066
News,L1,7593,hin,0.9991258978843689
News,L5,7593,hin,0.9997217059135437
News,L20,7593,hin,0.9996022582054138
News,L1,7611,hin,0.999734103679657
News,L5,7611,hin,0.9990770220756531
News,L20,7611,hin,0.9990522265434265
News,L1,7613,hin,0.9999750852584839
News,L5,7613,hin,0.9990288019180298
News,L20,7613,hin,0.9993076324462891
News,L1,7649,hin,0.9921960830688477
News,L5,7649,hin,0.9981275796890259
News,L20,7649,hin,0.997736394405365
News,L1,7655,hin,0.8657891750335693
News,L5,7655,hin,0.9976523518562317
News,L20,7655,hin,0.9988076686859131
News,L1,7659,hin,0.9976337552070618
News,L5,7659,hin,0.9984906315803528
News,L20,7659,hin,0.9983319640159607
News,L1,7679,hin,0.999004065990448
News,L5,7679,hin,0.9991759061813354
News,L20,7679,hin,0.9991083145141602
News,L1,7702,hin,0.9995778203010559
News,L5,7702,hin,0.9995361566543579
News,L20,7702,hin,0.9993661046028137
News,L1,7703,hin,0.9977014064788818
News,L5,7703,hin,0.9991372227668762
News,L20,7703,hin,0.9989262819290161
News,L1,7716,hin,0.9995537400245667
News,L5,7716,hin,0.9985174536705017
News,L20,7716,hin,0.9981281757354736
News,L1,7723,hin,0.9752443432807922
News,L5,7723,hin,0.9994792342185974
News,L20,7723,hin,0.9994031190872192
News,L1,7775,hin,0.9973756670951843
News,L5,7775,hin,0.9995540976524353
News,L20,7775,hin,0.9992551803588867
News,L1,7777,hin,0.9938713312149048
News,L5,7777,hin,0.998924970626831
News,L20,7777,hin,0.9991474151611328
News,L1,7801,hin,0.9972754716873169
News,L5,7801,hin,0.9978963732719421
News,L20,7801,hin,0.9975959062576294
News,L1,7803,hin,0.9993066787719727
News,L5,7803,hin,0.9997451901435852
News,L20,7803,hin,0.9996116757392883
News,L1,7804,hin,0.9996289014816284
News,L5,7804,hin,0.9975895285606384
News,L20,7804,hin,0.9986869692802429
News,L1,7822,hin,0.9995819926261902
News,L5,7822,hin,0.9992863535881042
News,L20,7822,hin,0.9983518123626709
News,L1,7832,hin,0.9949758648872375
News,L5,7832,hin,0.9998061060905457
News,L20,7832,hin,0.9996446371078491
News,L1,7837,hin,0.9999966621398926
News,L5,7837,hin,0.9992009997367859
News,L20,7837,hin,0.9992283582687378
News,L1,7841,hin,0.9923572540283203
News,L5,7841,hin,0.9985085725784302
News,L20,7841,hin,0.998096227645874
News,L1,7846,hin,0.9917863607406616
News,L5,7846,hin,0.9942365884780884
News,L20,7846,hin,0.9979761838912964
News,L1,7848,hin,0.9958285689353943
News,L5,7848,hin,0.9986406564712524
News,L20,7848,hin,0.9977348446846008
News,L1,7853,hin,0.9861404299736023
News,L5,7853,hin,0.9938467144966125
News,L20,7853,hin,0.9946886301040649
News,L1,7864,hin,0.9535919427871704
News,L5,7864,hin,0.9915483593940735
News,L20,7864,hin,0.9914512634277344
News,L1,7868,hin,0.9975541234016418
News,L5,7868,hin,0.9993059635162354
News,L20,7868,hin,0.9982590675354004
News,L1,7873,hin,0.9970306754112244
News,L5,7873,hin,0.9986874461174011
News,L20,7873,hin,0.998691737651825
News,L1,7886,hin,0.9981691241264343
News,L5,7886,hin,0.9959281086921692
News,L20,7886,hin,0.9993412494659424
News,L1,7896,hin,0.971852719783783
News,L5,7896,hin,0.9929410219192505
News,L20,7896,hin,0.9960355758666992
News,L1,7929,hin,0.9982798099517822
News,L5,7929,hin,0.9992721676826477
News,L20,7929,hin,0.9982737898826599
News,L1,7933,hin,0.9989651441574097
News,L5,7933,hin,0.9988603591918945
News,L20,7933,hin,0.9992297887802124
News,L1,7964,hin,0.9998620748519897
News,L5,7964,hin,0.9984055161476135
News,L20,7964,hin,0.9977911114692688
News,L1,7973,hin,0.9713172912597656
News,L5,7973,hin,0.9918189644813538
News,L20,7973,hin,0.9955938458442688
News,L1,7993,hin,0.9948071837425232
News,L5,7993,hin,0.9954866766929626
News,L20,7993,hin,0.9973787069320679
News,L1,7995,hin,0.9990004897117615
News,L5,7995,hin,0.9989193677902222
News,L20,7995,hin,0.9985994696617126
News,L1,8015,hin,0.9993734955787659
News,L5,8015,hin,0.9991307854652405
News,L20,8015,hin,0.9984462857246399
News,L1,8041,hin,0.995904803276062
News,L5,8041,hin,0.9989814758300781
News,L20,8041,hin,0.9994550347328186
News,L1,8044,hin,0.9968549013137817
News,L5,8044,hin,0.999203622341156
News,L20,8044,hin,0.9985390901565552
News,L1,8090,hin,0.9664022922515869
News,L5,8090,hin,0.9974457621574402
News,L20,8090,hin,0.9979115724563599
News,L1,8099,hin,0.9998334050178528
News,L5,8099,hin,0.9997534155845642
News,L20,8099,hin,0.9989902377128601
News,L1,8117,hin,0.9993308782577515
News,L5,8117,hin,0.998137891292572
News,L20,8117,hin,0.9983832836151123
News,L1,8129,hin,0.9996795654296875
News,L5,8129,hin,0.9995620846748352
News,L20,8129,hin,0.9995435476303101
News,L1,8159,hin,0.9996616840362549
News,L5,8159,hin,0.9993888139724731
News,L20,8159,hin,0.9994282722473145
News,L1,8163,hin,0.9985663294792175
News,L5,8163,hin,0.9994587302207947
News,L20,8163,hin,0.9993909597396851
News,L1,8180,hin,0.9978635907173157
News,L5,8180,hin,0.995880663394928
News,L20,8180,hin,0.9990969896316528
News,L1,8184,hin,0.9956580996513367
News,L5,8184,hin,0.9966140985488892
News,L20,8184,hin,0.9952876567840576
News,L1,8194,hin,0.9990797638893127
News,L5,8194,hin,0.9990291595458984
News,L20,8194,hin,0.9987174272537231
News,L1,8212,hin,0.994972825050354
News,L5,8212,hin,0.9991472363471985
News,L20,8212,hin,0.9995498657226562
News,L1,8220,hin,0.9984883666038513
News,L5,8220,hin,0.9984866976737976
News,L20,8220,hin,0.9984111189842224
News,L1,8254,hin,0.9989950060844421
News,L5,8254,hin,0.9988201856613159
News,L20,8254,hin,0.9988620281219482
News,L1,8261,hin,0.9949513673782349
News,L5,8261,hin,0.9992794394493103
News,L20,8261,hin,0.9989013075828552
News,L1,8283,hin,0.9995425939559937
News,L5,8283,hin,0.9998589754104614
News,L20,8283,hin,0.9995583891868591
News,L1,8309,hin,0.9997441172599792
News,L5,8309,hin,0.9970875978469849
News,L20,8309,hin,0.9984074234962463
News,L1,8310,hin,0.9647592902183533
News,L5,8310,hin,0.9985074996948242
News,L20,8310,hin,0.9995633959770203
News,L1,8319,hin,0.999013364315033
News,L5,8319,hin,0.9979432821273804
News,L20,8319,hin,0.9981047511100769
News,L1,8324,hin,0.9990553259849548
News,L5,8324,hin,0.9985462427139282
News,L20,8324,hin,0.9989198446273804
News,L1,8326,hin,0.9995705485343933
News,L5,8326,hin,0.9996415376663208
News,L20,8326,hin,0.9984866976737976
News,L1,8327,hin,0.9874820113182068
News,L5,8327,hin,0.994261622428894
News,L20,8327,hin,0.9962137341499329
News,L1,8328,hin,0.9963381886482239
News,L5,8328,hin,0.9938773512840271
News,L20,8328,hin,0.9966182708740234
News,L1,8332,hin,0.9951786994934082
News,L5,8332,hin,0.9983813166618347
News,L20,8332,hin,0.9982140064239502
News,L1,8334,hin,0.9980674386024475
News,L5,8334,hin,0.9995298385620117
News,L20,8334,hin,0.9994601607322693
News,L1,8365,hin,0.9986343383789062
News,L5,8365,hin,0.9967974424362183
News,L20,8365,hin,0.9985960721969604
News,L1,8368,hin,0.9990672469139099
News,L5,8368,hin,0.9971451759338379
News,L20,8368,hin,0.9975071549415588
News,L1,8371,hin,0.9993224143981934
News,L5,8371,hin,0.9993645548820496
News,L20,8371,hin,0.9990052580833435
News,L1,8372,hin,0.9666013121604919
News,L5,8372,hin,0.9984468817710876
News,L20,8372,hin,0.9983127117156982
News,L1,8381,hin,0.9996310472488403
News,L5,8381,hin,0.9993408918380737
News,L20,8381,hin,0.9992434978485107
News,L1,8387,hin,0.9994367361068726
News,L5,8387,hin,0.9991973042488098
News,L20,8387,hin,0.9988549947738647
News,L1,8402,hin,0.9957331418991089
News,L5,8402,hin,0.9992504119873047
News,L20,8402,hin,0.9986637830734253
News,L1,8405,hin,0.9727919697761536
News,L5,8405,hin,0.9996784925460815
News,L20,8405,hin,0.9990631937980652
News,L1,8410,hin,0.9953463673591614
News,L5,8410,hin,0.9995042085647583
News,L20,8410,hin,0.9993686079978943
News,L1,8420,hin,0.9945100545883179
News,L5,8420,hin,0.999492883682251
News,L20,8420,hin,0.9992031455039978
News,L1,8429,hin,0.9918227195739746
News,L5,8429,hin,0.9995057582855225
News,L20,8429,hin,0.9995191097259521
News,L1,8435,hin,0.9952133893966675
News,L5,8435,hin,0.9986889958381653
News,L20,8435,hin,0.9989549517631531
News,L1,8441,hin,0.9996461868286133
News,L5,8441,hin,0.9993497729301453
News,L20,8441,hin,0.9992714524269104
News,L1,8442,hin,0.9883210062980652
News,L5,8442,hin,0.9990648627281189
News,L20,8442,hin,0.9987121820449829
News,L1,8446,hin,0.9987626075744629
News,L5,8446,hin,0.997947096824646
News,L20,8446,hin,0.9981552362442017
News,L1,8455,hin,0.8733624815940857
News,L5,8455,hin,0.9878701567649841
News,L20,8455,hin,0.9952823519706726
News,L1,8472,hin,0.9998517036437988
News,L5,8472,hin,0.9992606043815613
News,L20,8472,hin,0.9994306564331055
News,L1,8493,hin,0.9940972328186035
News,L5,8493,hin,0.9960988759994507
News,L20,8493,hin,0.9985429048538208
News,L1,8497,hin,0.9814003109931946
News,L5,8497,hin,0.9967830777168274
News,L20,8497,hin,0.9947978258132935
News,L1,8503,hin,0.998887836933136
News,L5,8503,hin,0.9992735981941223
News,L20,8503,hin,0.9982636570930481
News,L1,8513,hin,0.9997995495796204
News,L5,8513,hin,0.9990141987800598
News,L20,8513,hin,0.9989148378372192
News,L1,8514,hin,0.9881817698478699
News,L5,8514,hin,0.9977139830589294
News,L20,8514,hin,0.998394250869751
News,L1,8515,mar,0.9096294641494751
News,L5,8515,hin,0.9915992617607117
News,L20,8515,hin,0.999133288860321
News,L1,8520,hin,0.9996152520179749
News,L5,8520,hin,0.9997629523277283
News,L20,8520,hin,0.9995099306106567
News,L1,8527,hin,0.9993587136268616
News,L5,8527,hin,0.9996123909950256
News,L20,8527,hin,0.9993746876716614
News,L1,8533,hin,0.9984404444694519
News,L5,8533,hin,0.9984508156776428
News,L20,8533,hin,0.9983588457107544
News,L1,8542,hin,0.9940218329429626
News,L5,8542,hin,0.9987854361534119
News,L20,8542,hin,0.998590350151062
News,L1,8545,hin,0.9939054846763611
News,L5,8545,hin,0.999752938747406
News,L20,8545,hin,0.999640703201294
News,L1,8557,hin,0.9975883364677429
News,L5,8557,hin,0.9983004927635193
News,L20,8557,hin,0.9980707764625549
News,L1,8558,hin,0.9991340041160583
News,L5,8558,hin,0.9997387528419495
News,L20,8558,hin,0.9994646906852722
News,L1,8570,hin,0.9974159598350525
News,L5,8570,hin,0.9984654188156128
News,L20,8570,hin,0.9988535642623901
News,L1,8577,hin,0.999777615070343
News,L5,8577,hin,0.9998725652694702
News,L20,8577,hin,0.9998428821563721
News,L1,8578,hin,0.9992424249649048
News,L5,8578,hin,0.9993067979812622
News,L20,8578,hin,0.9976953268051147
News,L1,8579,hin,0.9980541467666626
News,L5,8579,hin,0.9978635907173157
News,L20,8579,hin,0.997715950012207
News,L1,8585,hin,0.9993929862976074
News,L5,8585,hin,0.9996218085289001
News,L20,8585,hin,0.9989790916442871
News,L1,8588,hin,0.9931828379631042
News,L5,8588,hin,0.9992368221282959
News,L20,8588,hin,0.9986178278923035
News,L1,8591,hin,0.9996479749679565
News,L5,8591,hin,0.9996562004089355
News,L20,8591,hin,0.9997568726539612
News,L1,8595,hin,0.9988187551498413
News,L5,8595,hin,0.999376118183136
News,L20,8595,hin,0.999242901802063
News,L1,8598,hin,0.9987977147102356
News,L5,8598,hin,0.9980260133743286
News,L20,8598,hin,0.999476969242096
News,L1,8610,hin,0.9993908405303955
News,L5,8610,hin,0.99947589635849
News,L20,8610,hin,0.9988672733306885
News,L1,8611,hin,0.9919038414955139
News,L5,8611,hin,0.9984978437423706
News,L20,8611,hin,0.9980354309082031
News,L1,8617,hin,0.9872332811355591
News,L5,8617,hin,0.9961656928062439
News,L20,8617,hin,0.9960882067680359
News,L1,8635,hin,0.9995923638343811
News,L5,8635,hin,0.9991636276245117
News,L20,8635,hin,0.9994822144508362
News,L1,8638,hin,0.9997681975364685
News,L5,8638,hin,0.9997754693031311
News,L20,8638,hin,0.9988095760345459
News,L1,8639,hin,0.9915099740028381
News,L5,8639,hin,0.9994230270385742
News,L20,8639,hin,0.9984354972839355
News,L1,8644,hin,0.9792550802230835
News,L5,8644,hin,0.9977425336837769
News,L20,8644,hin,0.9988549947738647
News,L1,8651,hin,0.9909882545471191
News,L5,8651,hin,0.9969145655632019
News,L20,8651,hin,0.9981362223625183
News,L1,8666,hin,0.9984439015388489
News,L5,8666,hin,0.9987547397613525
News,L20,8666,hin,0.9991602897644043
News,L1,8675,hin,0.9924882650375366
News,L5,8675,hin,0.9985141754150391
News,L20,8675,hin,0.9994251728057861
News,L1,8676,hin,0.9992712140083313
News,L5,8676,hin,0.9990583062171936
News,L20,8676,hin,0.9990429878234863
News,L1,8686,hin,0.9468388557434082
News,L5,8686,hin,0.998646080493927
News,L20,8686,hin,0.9971103072166443
News,L1,8687,hin,0.9991899132728577
News,L5,8687,hin,0.9985737204551697
News,L20,8687,hin,0.9986080527305603
News,L1,8690,hin,0.9950299263000488
News,L5,8690,hin,0.9995892643928528
News,L20,8690,hin,0.9996861219406128
News,L1,8692,hin,0.9998459815979004
News,L5,8692,hin,0.9981169700622559
News,L20,8692,hin,0.9993618130683899
News,L1,8693,hin,0.9875559210777283
News,L5,8693,hin,0.9987013936042786
News,L20,8693,hin,0.9983468055725098
News,L1,8694,hin,0.9875651001930237
News,L5,8694,hin,0.9994609951972961
News,L20,8694,hin,0.9975429773330688
News,L1,8699,hin,0.9979722499847412
News,L5,8699,hin,0.9980736374855042
News,L20,8699,hin,0.9990018010139465
News,L1,8717,hin,0.9991636276245117
News,L5,8717,hin,0.9997061491012573
News,L20,8717,hin,0.9993804097175598
News,L1,8731,hin,0.9848170280456543
News,L5,8731,hin,0.996094822883606
News,L20,8731,hin,0.9976368546485901
News,L1,8733,hin,0.9963980913162231
News,L5,8733,hin,0.9963128566741943
News,L20,8733,hin,0.9984734058380127
News,L1,8754,hin,0.9993718266487122
News,L5,8754,hin,0.9995508193969727
News,L20,8754,hin,0.9992499351501465
News,L1,8763,hin,0.9990566372871399
News,L5,8763,hin,0.9991627931594849
News,L20,8763,hin,0.9982233047485352
News,L1,8768,hin,0.9436872005462646
News,L5,8768,hin,0.9918997883796692
News,L20,8768,hin,0.9951093792915344
News,L1,8772,hin,0.9957531094551086
News,L5,8772,hin,0.9961802363395691
News,L20,8772,hin,0.9982914924621582
News,L1,8775,hin,0.9997368454933167
News,L5,8775,hin,0.9995360374450684
News,L20,8775,hin,0.9994181394577026
News,L1,8778,hin,0.9992316961288452
News,L5,8778,hin,0.9988113641738892
News,L20,8778,hin,0.9985051155090332
News,L1,8782,hin,0.9991574287414551
News,L5,8782,hin,0.9998846054077148
News,L20,8782,hin,0.9993066787719727
News,L1,8805,hin,0.999881386756897
News,L5,8805,hin,0.9992679953575134
News,L20,8805,hin,0.9986332654953003
News,L1,8816,hin,0.9916529655456543
News,L5,8816,hin,0.9993516802787781
News,L20,8816,hin,0.99910569190979
News,L1,8824,hin,0.989028811454773
News,L5,8824,hin,0.998436450958252
News,L20,8824,hin,0.9989413619041443
News,L1,8825,hin,0.9985761046409607
News,L5,8825,hin,0.9989047646522522
News,L20,8825,hin,0.9994708895683289
News,L1,8836,hin,0.9975321888923645
News,L5,8836,hin,0.9988135099411011
News,L20,8836,hin,0.9986421465873718
News,L1,8840,hin,0.9790657162666321
News,L5,8840,hin,0.9989004731178284
News,L20,8840,hin,0.998062014579773
News,L1,8848,hin,0.998738706111908
News,L5,8848,hin,0.9984546303749084
News,L20,8848,hin,0.9990878105163574
News,L1,8859,mar,0.5691050887107849
News,L5,8859,hin,0.9215929508209229
News,L20,8859,hin,0.8822228312492371
News,L1,8882,hin,0.9832568764686584
News,L5,8882,hin,0.996182382106781
News,L20,8882,hin,0.9971204996109009
News,L1,8890,hin,0.9820486903190613
News,L5,8890,hin,0.9988577365875244
News,L20,8890,hin,0.9986691474914551
News,L1,8907,hin,0.9975745677947998
News,L5,8907,hin,0.9992673993110657
News,L20,8907,hin,0.9983388781547546
News,L1,8936,hin,0.9987487196922302
News,L5,8936,hin,0.9970378279685974
News,L20,8936,hin,0.9986470341682434
News,L1,8952,hin,0.9961187243461609
News,L5,8952,hin,0.9992907643318176
News,L20,8952,hin,0.9981851577758789
News,L1,8954,hin,0.9997528195381165
News,L5,8954,hin,0.9967110753059387
News,L20,8954,hin,0.9993386268615723
News,L1,8961,hin,0.9939846396446228
News,L5,8961,hin,0.9940014481544495
News,L20,8961,hin,0.9951789975166321
News,L1,8962,hin,0.8706749081611633
News,L5,8962,hin,0.9976322054862976
News,L20,8962,hin,0.9984139800071716
News,L1,8969,hin,0.9993253946304321
News,L5,8969,hin,0.997971773147583
News,L20,8969,hin,0.9987408518791199
News,L1,8982,hin,0.9960799217224121
News,L5,8982,hin,0.9985292553901672
News,L20,8982,hin,0.9964328408241272
News,L1,8987,hin,0.9914805293083191
News,L5,8987,hin,0.9976380467414856
News,L20,8987,hin,0.9981377720832825
News,L1,8990,hin,0.9975451231002808
News,L5,8990,hin,0.9992890954017639
News,L20,8990,hin,0.9986193180084229
News,L1,9008,hin,0.9973321557044983
News,L5,9008,hin,0.9990192651748657
News,L20,9008,hin,0.9993625283241272
News,L1,9009,hin,0.995790958404541
News,L5,9009,hin,0.9965041279792786
News,L20,9009,hin,0.9983958005905151
News,L1,9022,hin,0.9961349368095398
News,L5,9022,hin,0.9993951320648193
News,L20,9022,hin,0.9985706210136414
News,L1,9040,hin,0.9883551597595215
News,L5,9040,hin,0.9994339942932129
News,L20,9040,hin,0.9985740780830383
News,L1,9049,hin,0.999160647392273
News,L5,9049,hin,0.9988082647323608
News,L20,9049,hin,0.9992343187332153
News,L1,9064,hin,0.9983505010604858
News,L5,9064,hin,0.9991924166679382
News,L20,9064,hin,0.9984768033027649
News,L1,9072,hin,0.9568458199501038
News,L5,9072,hin,0.9983583688735962
News,L20,9072,hin,0.9993958473205566
News,L1,9079,hin,0.9983400702476501
News,L5,9079,hin,0.9988439679145813
News,L20,9079,hin,0.9993630051612854
News,L1,9084,hin,0.9985944032669067
News,L5,9084,hin,0.9997327923774719
News,L20,9084,hin,0.9996414184570312
News,L1,9107,hin,0.9991186261177063
News,L5,9107,hin,0.9973833560943604
News,L20,9107,hin,0.9979793429374695
News,L1,9108,hin,0.9994911551475525
News,L5,9108,hin,0.9980375170707703
News,L20,9108,hin,0.9980112910270691
News,L1,9126,hin,0.9990130066871643
News,L5,9126,hin,0.9987980723381042
News,L20,9126,hin,0.9987083673477173
News,L1,9135,hin,0.9975146651268005
News,L5,9135,hin,0.9991519451141357
News,L20,9135,hin,0.9994871020317078
News,L1,9145,hin,0.9846720695495605
News,L5,9145,hin,0.997493326663971
News,L20,9145,hin,0.9968360662460327
News,L1,9146,hin,0.9955976009368896
News,L5,9146,hin,0.9996197819709778
News,L20,9146,hin,0.9991064071655273
News,L1,9172,hin,0.9981808662414551
News,L5,9172,hin,0.9973518252372742
News,L20,9172,hin,0.996412992477417
News,L1,9174,hin,0.9987181425094604
News,L5,9174,hin,0.998725414276123
News,L20,9174,hin,0.998416006565094
News,L1,9178,hin,0.9996353387832642
News,L5,9178,hin,0.9990829229354858
News,L20,9178,hin,0.9987391829490662
News,L1,9180,hin,0.996914803981781
News,L5,9180,hin,0.9987338185310364
News,L20,9180,hin,0.9985631108283997
News,L1,9189,hin,0.9990097880363464
News,L5,9189,hin,0.9998049139976501
News,L20,9189,hin,0.9995606541633606
News,L1,9198,hin,0.9880501627922058
News,L5,9198,hin,0.9979343414306641
News,L20,9198,hin,0.998696506023407
News,L1,9215,hin,0.9904050230979919
News,L5,9215,hin,0.9915699362754822
News,L20,9215,hin,0.9981826543807983
News,L1,9219,hin,0.9980566501617432
News,L5,9219,hin,0.999321460723877
News,L20,9219,hin,0.9993293285369873
News,L1,9224,hin,0.9997201561927795
News,L5,9224,hin,0.9997714161872864
News,L20,9224,hin,0.9988692998886108
News,L1,9236,hin,0.9978625774383545
News,L5,9236,hin,0.9980491995811462
News,L20,9236,hin,0.9987552165985107
News,L1,9243,hin,0.9995569586753845
News,L5,9243,hin,0.998915433883667
News,L20,9243,hin,0.9996460676193237
News,L1,9245,hin,0.9995890259742737
News,L5,9245,hin,0.9889634847640991
News,L20,9245,hin,0.9965158700942993
News,L1,9259,hin,0.949522852897644
News,L5,9259,hin,0.9977399706840515
News,L20,9259,hin,0.9983258247375488
News,L1,9271,hin,0.9941617846488953
News,L5,9271,hin,0.9944869875907898
News,L20,9271,hin,0.9989587664604187
News,L1,9276,hin,0.9975188970565796
News,L5,9276,hin,0.9982484579086304
News,L20,9276,hin,0.9979049563407898
News,L1,9280,hin,0.998533308506012
News,L5,9280,hin,0.9993029832839966
News,L20,9280,hin,0.9991034269332886
News,L1,9284,hin,0.9926881790161133
News,L5,9284,hin,0.9990837574005127
News,L20,9284,hin,0.9978939890861511
News,L1,9298,hin,0.9998303055763245
News,L5,9298,hin,0.9974017143249512
News,L20,9298,hin,0.9975227117538452
News,L1,9299,hin,0.9954618811607361
News,L5,9299,hin,0.9990087151527405
News,L20,9299,hin,0.9989542365074158
News,L1,9302,hin,0.9989798069000244
News,L5,9302,hin,0.9993823170661926
News,L20,9302,hin,0.998296320438385
News,L1,9303,hin,0.9884890913963318
News,L5,9303,hin,0.997629702091217
News,L20,9303,hin,0.9991233944892883
News,L1,9319,hin,0.9991889595985413
News,L5,9319,hin,0.9989945292472839
News,L20,9319,hin,0.999363362789154
News,L1,9327,hin,0.9799590706825256
News,L5,9327,hin,0.9988700151443481
News,L20,9327,hin,0.9977081418037415
News,L1,9333,hin,0.9010850191116333
News,L5,9333,hin,0.9968602061271667
News,L20,9333,hin,0.9969372153282166
News,L1,9337,hin,0.998631477355957
News,L5,9337,hin,0.9967281222343445
News,L20,9337,hin,0.9974343776702881
News,L1,9365,hin,0.9987840056419373
News,L5,9365,hin,0.9979483485221863
News,L20,9365,hin,0.9984106421470642
News,L1,9377,hin,0.9983173608779907
News,L5,9377,hin,0.9973608255386353
News,L20,9377,hin,0.9960758090019226
News,L1,9390,hin,0.9998799562454224
News,L5,9390,hin,0.9997442364692688
News,L20,9390,hin,0.999082088470459
News,L1,9396,hin,0.9989669322967529
News,L5,9396,hin,0.9973596334457397
News,L20,9396,hin,0.9993122816085815
News,L1,9404,hin,0.9667072296142578
News,L5,9404,hin,0.9964203238487244
News,L20,9404,hin,0.9975126385688782
News,L1,9410,hin,0.9966277480125427
News,L5,9410,hin,0.9967209100723267
News,L20,9410,hin,0.9978159070014954
News,L1,9411,hin,0.9997609257698059
News,L5,9411,hin,0.9994934797286987
News,L20,9411,hin,0.9992774128913879
News,L1,9419,hin,0.9998310208320618
News,L5,9419,hin,0.9991766214370728
News,L20,9419,hin,0.9986839294433594
News,L1,9431,hin,0.9991090297698975
News,L5,9431,hin,0.9993602633476257
News,L20,9431,hin,0.998283863067627
News,L1,9443,hin,0.9991817474365234
News,L5,9443,hin,0.9985090494155884
News,L20,9443,hin,0.997762143611908
News,L1,9446,hin,0.9989641904830933
News,L5,9446,hin,0.9996750354766846
News,L20,9446,hin,0.9992815852165222
News,L1,9447,hin,0.9997022151947021
News,L5,9447,hin,0.9984870553016663
News,L20,9447,hin,0.9988815188407898
News,L1,9450,hin,0.9640016555786133
News,L5,9450,hin,0.9987744092941284
News,L20,9450,hin,0.9980723261833191
News,L1,9454,hin,0.9904285073280334
News,L5,9454,hin,0.9932740926742554
News,L20,9454,hin,0.9990918636322021
News,L1,9462,hin,0.998562753200531
News,L5,9462,hin,0.9987649917602539
News,L20,9462,hin,0.999616801738739
News,L1,9470,hin,0.9644489884376526
News,L5,9470,hin,0.9978718161582947
News,L20,9470,hin,0.9956323504447937
News,L1,9475,hin,0.9993226528167725
News,L5,9475,hin,0.9997524619102478
News,L20,9475,hin,0.9993243217468262
News,L1,9477,hin,0.9990860223770142
News,L5,9477,hin,0.9998024106025696
News,L20,9477,hin,0.9987210035324097
News,L1,9480,hin,0.9993058443069458
News,L5,9480,hin,0.9989173412322998
News,L20,9480,hin,0.9991962313652039
News,L1,9481,hin,0.998449981212616
News,L5,9481,hin,0.9994696974754333
News,L20,9481,hin,0.9992607235908508
News,L1,9514,hin,0.999405026435852
News,L5,9514,hin,0.9983695149421692
News,L20,9514,hin,0.9978185296058655
News,L1,9515,hin,0.9819744825363159
News,L5,9515,hin,0.9950513243675232
News,L20,9515,hin,0.9977664351463318
News,L1,9533,hin,0.9990334510803223
News,L5,9533,hin,0.9995039701461792
News,L20,9533,hin,0.9990742802619934
News,L1,9535,hin,0.99884432554245
News,L5,9535,hin,0.997429370880127
News,L20,9535,hin,0.9978892803192139
News,L1,9542,hin,0.9993900060653687
News,L5,9542,hin,0.999002993106842
News,L20,9542,hin,0.9986135363578796
News,L1,9561,hin,0.9837163686752319
News,L5,9561,hin,0.9985145330429077
News,L20,9561,hin,0.9991790056228638
News,L1,9570,hin,0.9995636343955994
News,L5,9570,hin,0.9996532201766968
News,L20,9570,hin,0.9991913437843323
News,L1,9573,hin,0.9985862970352173
News,L5,9573,hin,0.9984719753265381
News,L20,9573,hin,0.9989721775054932
News,L1,9574,hin,0.9058409929275513
News,L5,9574,hin,0.9974156022071838
News,L20,9574,hin,0.9967416524887085
News,L1,9575,hin,0.9988870024681091
News,L5,9575,hin,0.9999090433120728
News,L20,9575,hin,0.9995019435882568
News,L1,9582,hin,0.9984894394874573
News,L5,9582,hin,0.9991138577461243
News,L20,9582,hin,0.999184787273407
News,L1,9585,hin,0.9993477463722229
News,L5,9585,hin,0.9993852972984314
News,L20,9585,hin,0.9991782903671265
News,L1,9596,hin,0.9963899254798889
News,L5,9596,hin,0.9992963671684265
News,L20,9596,hin,0.9986335039138794
News,L1,9599,hin,0.8792502880096436
News,L5,9599,hin,0.9994660019874573
News,L20,9599,hin,0.9991458058357239
News,L1,9607,hin,0.9978479743003845
News,L5,9607,hin,0.9971398711204529
News,L20,9607,hin,0.9939549565315247
News,L1,9610,hin,0.9858412742614746
News,L5,9610,hin,0.9896986484527588
News,L20,9610,hin,0.9946885108947754
News,L1,9627,hin,0.9950969815254211
News,L5,9627,hin,0.9983388781547546
News,L20,9627,hin,0.9977573752403259
News,L1,9631,hin,0.9992792010307312
News,L5,9631,hin,0.9993405342102051
News,L20,9631,hin,0.999188244342804
News,L1,9635,hin,0.9998763799667358
News,L5,9635,hin,0.9998169541358948
News,L20,9635,hin,0.9995012283325195
News,L1,9658,hin,0.9970831871032715
News,L5,9658,hin,0.9961433410644531
News,L20,9658,hin,0.9978535175323486
News,L1,9662,hin,0.9992014765739441
News,L5,9662,hin,0.9990682005882263
News,L20,9662,hin,0.9994004964828491
News,L1,9673,hin,0.9994122982025146
News,L5,9673,hin,0.9959713816642761
News,L20,9673,hin,0.9986766576766968
News,L1,9681,hin,0.9992538690567017
News,L5,9681,hin,0.9952499866485596
News,L20,9681,hin,0.9984903931617737
News,L1,9682,hin,0.9994489550590515
News,L5,9682,hin,0.9983378052711487
News,L20,9682,hin,0.9977811574935913
News,L1,9696,hin,0.9983577728271484
News,L5,9696,hin,0.9994974136352539
News,L20,9696,hin,0.9985653758049011
News,L1,9698,hin,0.9987456202507019
News,L5,9698,hin,0.9994631409645081
News,L20,9698,hin,0.9989809989929199
News,L1,9714,hin,0.9920681118965149
News,L5,9714,hin,0.9985608458518982
News,L20,9714,hin,0.9952360391616821
News,L1,9726,hin,0.9510369300842285
News,L5,9726,hin,0.9995464086532593
News,L20,9726,hin,0.9998515844345093
News,L1,9732,hin,0.9899716377258301
News,L5,9732,hin,0.9987873435020447
News,L20,9732,hin,0.9993182420730591
News,L1,9734,hin,0.9991040229797363
News,L5,9734,hin,0.9969184994697571
News,L20,9734,hin,0.9970158934593201
News,L1,9739,hin,0.998505711555481
News,L5,9739,hin,0.9997016191482544
News,L20,9739,hin,0.9996150135993958
News,L1,9759,hin,0.996592104434967
News,L5,9759,hin,0.9990611672401428
News,L20,9759,hin,0.9985904693603516
News,L1,9770,hin,0.9967355728149414
News,L5,9770,hin,0.9996084570884705
News,L20,9770,hin,0.9995809197425842
News,L1,9773,hin,0.9975370764732361
News,L5,9773,hin,0.9994680285453796
News,L20,9773,hin,0.9991111755371094
News,L1,9774,hin,0.9924836158752441
News,L5,9774,hin,0.996589720249176
News,L20,9774,hin,0.9990547299385071
News,L1,9805,hin,0.9946004152297974
News,L5,9805,hin,0.9996811151504517
News,L20,9805,hin,0.9990676045417786
News,L1,9830,hin,0.9965910315513611
News,L5,9830,hin,0.9995088577270508
News,L20,9830,hin,0.9991586208343506
News,L1,9833,hin,0.9841844439506531
News,L5,9833,hin,0.9963763952255249
News,L20,9833,hin,0.9983190298080444
News,L1,9838,hin,0.9980708956718445
News,L5,9838,hin,0.9982775449752808
News,L20,9838,hin,0.9966820478439331
News,L1,9843,hin,0.9980408549308777
News,L5,9843,hin,0.9994754195213318
News,L20,9843,hin,0.9995207786560059
News,L1,9863,hin,0.9234483242034912
News,L5,9863,hin,0.9982355237007141
News,L20,9863,hin,0.9985608458518982
News,L1,9876,hin,0.9967555999755859
News,L5,9876,hin,0.9997758269309998
News,L20,9876,hin,0.9995796084403992
News,L1,9881,hin,0.9993000030517578
News,L5,9881,hin,0.9988689422607422
News,L20,9881,hin,0.9990198612213135
News,L1,9890,hin,0.9996440410614014
News,L5,9890,hin,0.9988561868667603
News,L20,9890,hin,0.9986329078674316
News,L1,9894,hin,0.9930111169815063
News,L5,9894,hin,0.9927468299865723
News,L20,9894,hin,0.9947779178619385
News,L1,9896,hin,0.9976763725280762
News,L5,9896,hin,0.9989712238311768
News,L20,9896,hin,0.9986684322357178
News,L1,9901,hin,0.9957183599472046
News,L5,9901,hin,0.9989678859710693
News,L20,9901,hin,0.9990614056587219
News,L1,9904,hin,0.9993594288825989
News,L5,9904,hin,0.9980407357215881
News,L20,9904,hin,0.9989176988601685
News,L1,9936,hin,0.9976528286933899
News,L5,9936,hin,0.9991901516914368
News,L20,9936,hin,0.9992496967315674
News,L1,9937,hin,0.9992512464523315
News,L5,9937,hin,0.9990328550338745
News,L20,9937,hin,0.9989739656448364
News,L1,9945,hin,0.9981788396835327
News,L5,9945,hin,0.9946805834770203
News,L20,9945,hin,0.9966251254081726
News,L1,9958,hin,0.9998297095298767
News,L5,9958,hin,0.9989739656448364
News,L20,9958,hin,0.9986435770988464
News,L1,9959,hin,0.9977957010269165
News,L5,9959,hin,0.9994545578956604
News,L20,9959,hin,0.9993600249290466
News,L1,9960,hin,0.9983044266700745
News,L5,9960,hin,0.9991442561149597
News,L20,9960,hin,0.9994463324546814
News,L1,9970,hin,0.9995042085647583
News,L5,9970,hin,0.9985312819480896
News,L20,9970,hin,0.9983557462692261
News,L1,9972,hin,0.9541584849357605
News,L5,9972,hin,0.9982272982597351
News,L20,9972,hin,0.9979255795478821
News,L1,9986,hin,0.9985915422439575
News,L5,9986,hin,0.9997574687004089
News,L20,9986,hin,0.9993748068809509
News,L1,10001,hin,0.9972825646400452
News,L5,10001,hin,0.9994981288909912
News,L20,10001,hin,0.9994732737541199
News,L1,10010,hin,0.9982733130455017
News,L5,10010,hin,0.9947502017021179
News,L20,10010,hin,0.9942036271095276
News,L1,10022,hin,0.9997730851173401
News,L5,10022,hin,0.9998288750648499
News,L20,10022,hin,0.9997239708900452
News,L1,10023,hin,0.9925441741943359
News,L5,10023,hin,0.9919716715812683
News,L20,10023,hin,0.9929769039154053
News,L1,10030,hin,0.9989015460014343
News,L5,10030,hin,0.9988865256309509
News,L20,10030,hin,0.9969167113304138
News,L1,10039,hin,0.9999029636383057
News,L5,10039,hin,0.9992650151252747
News,L20,10039,hin,0.9986271858215332
News,L1,10082,hin,0.8796428442001343
News,L5,10082,hin,0.9925736784934998
News,L20,10082,hin,0.9936787486076355
News,L1,10087,hin,0.998003363609314
News,L5,10087,hin,0.9993401765823364
News,L20,10087,hin,0.9993516802787781
News,L1,10104,hin,0.6263577342033386
News,L5,10104,hin,0.9977270364761353
News,L20,10104,hin,0.9980654716491699
News,L1,10142,hin,0.999323844909668
News,L5,10142,hin,0.9989398121833801
News,L20,10142,hin,0.9989211559295654
News,L1,10148,hin,0.9989687204360962
News,L5,10148,hin,0.9997894167900085
News,L20,10148,hin,0.9998192191123962
News,L1,10153,hin,0.9981205463409424
News,L5,10153,hin,0.9995792508125305
News,L20,10153,hin,0.9994192123413086
News,L1,10161,hin,0.9983514547348022
News,L5,10161,hin,0.9983546733856201
News,L20,10161,hin,0.997707188129425
News,L1,10167,hin,0.9559789299964905
News,L5,10167,hin,0.9984594583511353
News,L20,10167,hin,0.9987503886222839
News,L1,10177,hin,0.999664306640625
News,L5,10177,hin,0.9988735914230347
News,L20,10177,hin,0.9992420673370361
News,L1,10184,hin,0.9953423142433167
News,L5,10184,hin,0.9912599325180054
News,L20,10184,hin,0.9964115619659424
News,L1,10187,hin,0.9928170442581177
News,L5,10187,hin,0.9990476369857788
News,L20,10187,hin,0.9988241195678711
News,L1,10210,hin,0.999560534954071
News,L5,10210,hin,0.999591052532196
News,L20,10210,hin,0.9992892146110535
News,L1,10230,hin,0.9958536028862
News,L5,10230,hin,0.9972619414329529
News,L20,10230,hin,0.9984627962112427
News,L1,10233,hin,0.9996370077133179
News,L5,10233,hin,0.9962154626846313
News,L20,10233,hin,0.9961814284324646
News,L1,10236,hin,0.9996287822723389
News,L5,10236,hin,0.998956024646759
News,L20,10236,hin,0.9974026679992676
News,L1,10245,hin,0.7924310564994812
News,L5,10245,hin,0.993909478187561
News,L20,10245,hin,0.9973954558372498
News,L1,10253,hin,0.940563440322876
News,L5,10253,hin,0.9934169054031372
News,L20,10253,hin,0.9981421828269958
News,L1,10258,hin,0.998538613319397
News,L5,10258,hin,0.9997158646583557
News,L20,10258,hin,0.9995230436325073
News,L1,10259,hin,0.9998102784156799
News,L5,10259,hin,0.9994931221008301
News,L20,10259,hin,0.9991150498390198
News,L1,10265,hin,0.9996387958526611
News,L5,10265,hin,0.9996166825294495
News,L20,10265,hin,0.99946528673172
News,L1,10270,hin,0.9994097948074341
News,L5,10270,hin,0.9998469352722168
News,L20,10270,hin,0.9993830323219299
News,L1,10308,hin,0.9988266229629517
News,L5,10308,hin,0.9997530579566956
News,L20,10308,hin,0.9990503191947937
News,L1,10311,hin,0.9898808598518372
News,L5,10311,hin,0.998167097568512
News,L20,10311,hin,0.998656690120697
News,L1,10317,hin,0.9876313805580139
News,L5,10317,hin,0.9982671141624451
News,L20,10317,hin,0.9981968998908997
News,L1,10327,hin,0.9993000030517578
News,L5,10327,hin,0.9995818734169006
News,L20,10327,hin,0.9988371729850769
News,L1,10345,hin,0.9975598454475403
News,L5,10345,hin,0.9990506768226624
News,L20,10345,hin,0.9966986775398254
News,L1,10353,hin,0.998020589351654
News,L5,10353,hin,0.9977288246154785
News,L20,10353,hin,0.9983701109886169
News,L1,10355,hin,0.9996534585952759
News,L5,10355,hin,0.9997681975364685
News,L20,10355,hin,0.9994125366210938
News,L1,10357,hin,0.9939358830451965
News,L5,10357,hin,0.9951517581939697
News,L20,10357,hin,0.9975377917289734
News,L1,10361,hin,0.9997852444648743
News,L5,10361,hin,0.9991990923881531
News,L20,10361,hin,0.9978428483009338
News,L1,10372,hin,0.9992185235023499
News,L5,10372,hin,0.9997097253799438
News,L20,10372,hin,0.9994263648986816
News,L1,10395,hin,0.9999667406082153
News,L5,10395,hin,0.997654378414154
News,L20,10395,hin,0.9985676407814026
News,L1,10396,hin,0.9642233848571777
News,L5,10396,hin,0.9972444176673889
News,L20,10396,hin,0.9993756413459778
News,L1,10403,hin,0.9210736155509949
News,L5,10403,hin,0.9977713823318481
News,L20,10403,hin,0.9965885281562805
News,L1,10415,hin,0.9580270648002625
News,L5,10415,hin,0.9966844320297241
News,L20,10415,hin,0.9975606799125671
News,L1,10417,hin,0.9984801411628723
News,L5,10417,hin,0.9993168115615845
News,L20,10417,hin,0.9990195035934448
News,L1,10418,hin,0.951636791229248
News,L5,10418,hin,0.996005654335022
News,L20,10418,hin,0.998102605342865
News,L1,10420,hin,0.9992596507072449
News,L5,10420,hin,0.99948650598526
News,L20,10420,hin,0.9994164705276489
News,L1,10429,hin,0.9963254332542419
News,L5,10429,hin,0.9992666840553284
News,L20,10429,hin,0.9987256526947021
News,L1,10430,hin,0.9978744387626648
News,L5,10430,hin,0.9993532299995422
News,L20,10430,hin,0.9992621541023254
News,L1,10441,hin,0.994914174079895
News,L5,10441,hin,0.999100923538208
News,L20,10441,hin,0.9993293285369873
News,L1,10460,hin,0.9954609274864197
News,L5,10460,hin,0.9991024732589722
News,L20,10460,hin,0.9987055659294128
News,L1,10461,hin,0.9999805688858032
News,L5,10461,hin,0.9999117851257324
News,L20,10461,hin,0.9996325969696045
News,L1,10466,hin,0.9990583062171936
News,L5,10466,hin,0.9987348914146423
News,L20,10466,hin,0.9986161589622498
News,L1,10468,hin,0.9977083802223206
News,L5,10468,hin,0.9977617859840393
News,L20,10468,hin,0.9982445240020752
News,L1,10473,hin,0.9334083795547485
News,L5,10473,hin,0.9986106753349304
News,L20,10473,hin,0.9991500377655029
News,L1,10475,hin,0.9999650716781616
News,L5,10475,hin,0.9996700286865234
News,L20,10475,hin,0.9992984533309937
News,L1,10487,hin,0.9981971383094788
News,L5,10487,hin,0.9988802075386047
News,L20,10487,hin,0.9987668991088867
News,L1,10493,hin,0.9978964924812317
News,L5,10493,hin,0.9990007281303406
News,L20,10493,hin,0.9996848106384277
News,L1,10497,hin,0.9984174370765686
News,L5,10497,hin,0.9988290667533875
News,L20,10497,hin,0.9984100461006165
News,L1,10499,hin,0.9996339082717896
News,L5,10499,hin,0.9992492198944092
News,L20,10499,hin,0.99960857629776
News,L1,10521,hin,0.9986783266067505
News,L5,10521,hin,0.9990766644477844
News,L20,10521,hin,0.9993065595626831
News,L1,10525,hin,0.9398801326751709
News,L5,10525,hin,0.9980942010879517
News,L20,10525,hin,0.9979952573776245
News,L1,10526,hin,0.9990404844284058
News,L5,10526,hin,0.9985436201095581
News,L20,10526,hin,0.999267041683197
News,L1,10529,hin,0.9924280643463135
News,L5,10529,hin,0.9979882836341858
News,L20,10529,hin,0.9997134804725647
News,L1,10531,hin,0.9971180558204651
News,L5,10531,hin,0.9988881945610046
News,L20,10531,hin,0.9986589550971985
News,L1,10538,hin,0.9988036155700684
News,L5,10538,hin,0.9997416138648987
News,L20,10538,hin,0.9997772574424744
News,L1,10540,hin,0.9998764991760254
News,L5,10540,hin,0.9988116025924683
News,L20,10540,hin,0.9989140033721924
News,L1,10555,hin,0.9866893887519836
News,L5,10555,hin,0.9984586238861084
News,L20,10555,hin,0.9977855086326599
News,L1,10559,hin,0.999789297580719
News,L5,10559,hin,0.9986741542816162
News,L20,10559,hin,0.9989332556724548
News,L1,10572,hin,0.9929061532020569
News,L5,10572,hin,0.9998301863670349
News,L20,10572,hin,0.9998114705085754
News,L1,10585,hin,0.998230516910553
News,L5,10585,hin,0.9996466636657715
News,L20,10585,hin,0.9991918206214905
News,L1,10602,hin,0.9966246485710144
News,L5,10602,hin,0.9989977478981018
News,L20,10602,hin,0.9988666772842407
News,L1,10608,hin,0.9663181900978088
News,L5,10608,hin,0.9984250068664551
News,L20,10608,hin,0.998561441898346
News,L1,10615,hin,0.9932182431221008
News,L5,10615,hin,0.9993724226951599
News,L20,10615,hin,0.9997662901878357
News,L1,10621,hin,0.9988505244255066
News,L5,10621,hin,0.9975793957710266
News,L20,10621,hin,0.9984699487686157
News,L1,10625,hin,0.9858757257461548
News,L5,10625,hin,0.9981155395507812
News,L20,10625,hin,0.9977895617485046
News,L1,10630,hin,0.9763168692588806
News,L5,10630,hin,0.9983482360839844
News,L20,10630,hin,0.9987431168556213
News,L1,10640,hin,0.9967159628868103
News,L5,10640,hin,0.9987888932228088
News,L20,10640,hin,0.9990478754043579
News,L1,10641,hin,0.9996873140335083
News,L5,10641,hin,0.999369204044342
News,L20,10641,hin,0.9991719722747803
News,L1,10653,hin,0.9992992877960205
News,L5,10653,hin,0.9985370635986328
News,L20,10653,hin,0.9985193610191345
News,L1,10670,hin,0.9993396997451782
News,L5,10670,hin,0.9992378950119019
News,L20,10670,hin,0.9992640614509583
News,L1,10671,hin,0.9999167919158936
News,L5,10671,hin,0.9998282790184021
News,L20,10671,hin,0.9993956089019775
News,L1,10680,hin,0.9933497309684753
News,L5,10680,hin,0.9967958927154541
News,L20,10680,hin,0.9981215000152588
News,L1,10684,hin,0.9989561438560486
News,L5,10684,hin,0.9985421895980835
News,L20,10684,hin,0.9984227418899536
News,L1,10688,hin,0.9999052286148071
News,L5,10688,hin,0.9964959621429443
News,L20,10688,hin,0.9973875284194946
News,L1,10694,hin,0.9985517263412476
News,L5,10694,hin,0.9991241097450256
News,L20,10694,hin,0.9985719323158264
News,L1,10700,hin,0.9994855523109436
News,L5,10700,hin,0.9993696808815002
News,L20,10700,hin,0.9991925358772278
News,L1,10707,hin,0.9858939051628113
News,L5,10707,hin,0.9972632527351379
News,L20,10707,hin,0.9964628219604492
News,L1,10709,hin,0.9990531802177429
News,L5,10709,hin,0.9994182586669922
News,L20,10709,hin,0.9992467164993286
News,L1,10720,hin,0.9997785687446594
News,L5,10720,hin,0.9996181130409241
News,L20,10720,hin,0.9991792440414429
News,L1,10734,hin,0.9994441866874695
News,L5,10734,hin,0.9975563883781433
News,L20,10734,hin,0.9975147843360901
News,L1,10747,hin,0.9988459944725037
News,L5,10747,hin,0.9997113347053528
News,L20,10747,hin,0.9992977976799011
News,L1,10750,hin,0.9995498657226562
News,L5,10750,hin,0.9996787309646606
News,L20,10750,hin,0.9993970394134521
News,L1,10762,hin,0.9992186427116394
News,L5,10762,hin,0.9995591044425964
News,L20,10762,hin,0.9990967512130737
News,L1,10768,hin,0.9963005781173706
News,L5,10768,hin,0.9991137385368347
News,L20,10768,hin,0.9983685612678528
News,L1,10778,hin,0.9986209869384766
News,L5,10778,hin,0.9985234141349792
News,L20,10778,hin,0.9983803629875183
News,L1,10792,hin,0.9995865225791931
News,L5,10792,hin,0.9993894100189209
News,L20,10792,hin,0.9977765083312988
News,L1,10794,hin,0.9988125562667847
News,L5,10794,hin,0.9970360398292542
News,L20,10794,hin,0.9971722960472107
News,L1,10795,hin,0.9996086955070496
News,L5,10795,hin,0.9999277591705322
News,L20,10795,hin,0.9998559951782227
News,L1,10799,hin,0.999045729637146
News,L5,10799,hin,0.9989291429519653
News,L20,10799,hin,0.9992606043815613
News,L1,10802,hin,0.9983117580413818
News,L5,10802,hin,0.9995895028114319
News,L20,10802,hin,0.9994809031486511
News,L1,10813,hin,0.9997414946556091
News,L5,10813,hin,0.9996480941772461
News,L20,10813,hin,0.9991574287414551
News,L1,10822,hin,0.9951850175857544
News,L5,10822,hin,0.9983024001121521
News,L20,10822,hin,0.9981719851493835
News,L1,10825,hin,0.9818358421325684
News,L5,10825,hin,0.9991042613983154
News,L20,10825,hin,0.9988553524017334
News,L1,10829,hin,0.9789327383041382
News,L5,10829,hin,0.9966912865638733
News,L20,10829,hin,0.9952189326286316
News,L1,10861,hin,0.9998780488967896
News,L5,10861,hin,0.9997796416282654
News,L20,10861,hin,0.9996354579925537
News,L1,10862,hin,0.9988608360290527
News,L5,10862,hin,0.9994306564331055
News,L20,10862,hin,0.9975185394287109
News,L1,10873,hin,0.9438217282295227
News,L5,10873,hin,0.9997503161430359
News,L20,10873,hin,0.9994086027145386
News,L1,10893,hin,0.9983673691749573
News,L5,10893,hin,0.9985101222991943
News,L20,10893,hin,0.9982629418373108
News,L1,10904,hin,0.9976481199264526
News,L5,10904,hin,0.998681902885437
News,L20,10904,hin,0.9989402890205383
News,L1,10918,hin,0.9883165955543518
News,L5,10918,hin,0.9993023872375488
News,L20,10918,hin,0.9996707439422607
News,L1,10920,hin,0.9991169571876526
News,L5,10920,hin,0.9982936382293701
News,L20,10920,hin,0.9985096454620361
News,L1,10929,hin,0.9988127946853638
News,L5,10929,hin,0.9993076324462891
News,L20,10929,hin,0.9989607334136963
News,L1,10933,hin,0.9929792284965515
News,L5,10933,hin,0.9989597201347351
News,L20,10933,hin,0.9992555379867554
News,L1,10935,hin,0.9986167550086975
News,L5,10935,hin,0.9992281198501587
News,L20,10935,hin,0.9989423155784607
News,L1,10939,hin,0.9700239896774292
News,L5,10939,hin,0.9986313581466675
News,L20,10939,hin,0.9990221261978149
News,L1,10974,hin,0.9924313426017761
News,L5,10974,hin,0.9986699819564819
News,L20,10974,hin,0.9994232654571533
News,L1,10975,hin,0.9997618794441223
News,L5,10975,hin,0.9992737174034119
News,L20,10975,hin,0.9987825751304626
News,L1,10977,hin,0.9972822070121765
News,L5,10977,hin,0.996620237827301
News,L20,10977,hin,0.9962046146392822
News,L1,10990,hin,0.9873524904251099
News,L5,10990,hin,0.9948599934577942
News,L20,10990,hin,0.9964745044708252
News,L1,11012,hin,0.99383544921875
News,L5,11012,hin,0.9986898303031921
News,L20,11012,hin,0.9978457093238831
News,L1,11017,hin,0.8127678036689758
News,L5,11017,hin,0.9993326663970947
News,L20,11017,hin,0.999099612236023
News,L1,11021,hin,0.9987108707427979
News,L5,11021,hin,0.9999333620071411
News,L20,11021,hin,0.9995635151863098
News,L1,11022,hin,0.9977030158042908
News,L5,11022,hin,0.9975266456604004
News,L20,11022,hin,0.9983241558074951
News,L1,11026,hin,0.9793341159820557
News,L5,11026,hin,0.9947345852851868
News,L20,11026,hin,0.9989379048347473
News,L1,11027,hin,0.9980595111846924
News,L5,11027,hin,0.9974068403244019
News,L20,11027,hin,0.9960115551948547
News,L1,11037,hin,0.998252272605896
News,L5,11037,hin,0.9993304014205933
News,L20,11037,hin,0.9969648122787476
News,L1,11041,hin,0.9995347261428833
News,L5,11041,hin,0.9995299577713013
News,L20,11041,hin,0.9996415376663208
News,L1,11061,hin,0.9665824770927429
News,L5,11061,hin,0.9891506433486938
News,L20,11061,hin,0.9850109815597534
News,L1,11064,hin,0.9995818734169006
News,L5,11064,hin,0.9994367361068726
News,L20,11064,hin,0.9991106986999512
News,L1,11070,hin,0.9899269938468933
News,L5,11070,hin,0.9971149563789368
News,L20,11070,hin,0.9975472688674927
News,L1,11087,hin,0.9984862208366394
News,L5,11087,hin,0.9988040924072266
News,L20,11087,hin,0.998387336730957
News,L1,11090,hin,0.9994168281555176
News,L5,11090,hin,0.9986381530761719
News,L20,11090,hin,0.9993608593940735
News,L1,11106,hin,0.9966771006584167
News,L5,11106,hin,0.9996418952941895
News,L20,11106,hin,0.9997277855873108
News,L1,11118,hin,0.9997780919075012
News,L5,11118,hin,0.999723494052887
News,L20,11118,hin,0.9987333416938782
News,L1,11134,hin,0.9980080723762512
News,L5,11134,hin,0.9988849759101868
News,L20,11134,hin,0.9986109137535095
News,L1,11135,hin,0.9941311478614807
News,L5,11135,hin,0.9984365701675415
News,L20,11135,hin,0.9988150596618652
News,L1,11179,hin,0.9997667670249939
News,L5,11179,hin,0.9952035546302795
News,L20,11179,hin,0.9985170960426331
News,L1,11180,hin,0.9960878491401672
News,L5,11180,hin,0.9976614117622375
News,L20,11180,hin,0.9986521601676941
News,L1,11181,hin,0.9992338418960571
News,L5,11181,hin,0.9997861981391907
News,L20,11181,hin,0.9994144439697266
News,L1,11213,hin,0.9952307343482971
News,L5,11213,hin,0.9973846673965454
News,L20,11213,hin,0.9994640946388245
News,L1,11220,hin,0.9995181560516357
News,L5,11220,hin,0.9994157552719116
News,L20,11220,hin,0.9990519881248474
News,L1,11230,hin,0.5185515284538269
News,L5,11230,hin,0.9957331418991089
News,L20,11230,hin,0.997319221496582
News,L1,11249,hin,0.9950465559959412
News,L5,11249,hin,0.9993946552276611
News,L20,11249,hin,0.999500036239624
News,L1,11250,hin,0.9907974600791931
News,L5,11250,hin,0.99912029504776
News,L20,11250,hin,0.9995276927947998
News,L1,11256,hin,0.9994911551475525
News,L5,11256,hin,0.999506950378418
News,L20,11256,hin,0.9996100068092346
News,L1,11257,hin,0.9998383522033691
News,L5,11257,hin,0.9995220899581909
News,L20,11257,hin,0.9997090101242065
News,L1,11264,hin,0.9987674951553345
News,L5,11264,hin,0.9991041421890259
News,L20,11264,hin,0.9990630745887756
News,L1,11265,hin,0.9930025339126587
News,L5,11265,hin,0.9979506134986877
News,L20,11265,hin,0.9979848265647888
News,L1,11266,hin,0.9995911717414856
News,L5,11266,hin,0.9994531273841858
News,L20,11266,hin,0.9984641075134277
News,L1,11268,hin,0.9993841052055359
News,L5,11268,hin,0.9992505311965942
News,L20,11268,hin,0.9992495775222778
News,L1,11272,hin,0.9992089867591858
News,L5,11272,hin,0.9988212585449219
News,L20,11272,hin,0.997724175453186
News,L1,11283,hin,0.9990000128746033
News,L5,11283,hin,0.9985285401344299
News,L20,11283,hin,0.9978237152099609
News,L1,11284,hin,0.9997394680976868
News,L5,11284,hin,0.9995054006576538
News,L20,11284,hin,0.9993351697921753
News,L1,11296,hin,0.9997879862785339
News,L5,11296,hin,0.9992145895957947
News,L20,11296,hin,0.9989475607872009
News,L1,11302,hin,0.9998267292976379
News,L5,11302,hin,0.9999202489852905
News,L20,11302,hin,0.9997518658638
News,L1,11303,hin,0.9982642531394958
News,L5,11303,hin,0.9994070529937744
News,L20,11303,hin,0.9987998604774475
News,L1,11314,hin,0.996511697769165
News,L5,11314,hin,0.9988338351249695
News,L20,11314,hin,0.9977578520774841
News,L1,11321,hin,0.9587188959121704
News,L5,11321,hin,0.9975652098655701
News,L20,11321,hin,0.9981334805488586
News,L1,11325,hin,0.9969155192375183
News,L5,11325,hin,0.9983967542648315
News,L20,11325,hin,0.9991851449012756
News,L1,11330,hin,0.9966636300086975
News,L5,11330,hin,0.9989034533500671
News,L20,11330,hin,0.9984471201896667
News,L1,11348,hin,0.9622741937637329
News,L5,11348,hin,0.9959222078323364
News,L20,11348,hin,0.9969767928123474
News,L1,11359,hin,0.9685875773429871
News,L5,11359,hin,0.9959497451782227
News,L20,11359,hin,0.9978007078170776
News,L1,11362,hin,0.9973832368850708
News,L5,11362,hin,0.9989508986473083
News,L20,11362,hin,0.9986745119094849
News,L1,11365,hin,0.9795761704444885
News,L5,11365,hin,0.9972859025001526
News,L20,11365,hin,0.9947439432144165
News,L1,11370,hin,0.9837665557861328
News,L5,11370,hin,0.9967158436775208
News,L20,11370,hin,0.9986777305603027
News,L1,11384,hin,0.9945133924484253
News,L5,11384,hin,0.9983727335929871
News,L20,11384,hin,0.9994651675224304
News,L1,11395,hin,0.7792039513587952
News,L5,11395,hin,0.9971277713775635
News,L20,11395,hin,0.9982137680053711
News,L1,11419,hin,0.9897798299789429
News,L5,11419,hin,0.9977786540985107
News,L20,11419,hin,0.9976239204406738
News,L1,11423,hin,0.9976513385772705
News,L5,11423,hin,0.9989124536514282
News,L20,11423,hin,0.9972251653671265
News,L1,11440,hin,0.9989023804664612
News,L5,11440,hin,0.9991626739501953
News,L20,11440,hin,0.9987989068031311
News,L1,11457,hin,0.9944334626197815
News,L5,11457,hin,0.9978958964347839
News,L20,11457,hin,0.9988235235214233
News,L1,11459,hin,0.9997730851173401
News,L5,11459,hin,0.9996761083602905
News,L20,11459,hin,0.9994195699691772
News,L1,11467,hin,0.9987525343894958
News,L5,11467,hin,0.9994636178016663
News,L20,11467,hin,0.9989105463027954
News,L1,11475,hin,0.9602493643760681
News,L5,11475,hin,0.999259889125824
News,L20,11475,hin,0.9988002181053162
News,L1,11480,hin,0.9971950650215149
News,L5,11480,hin,0.9987634420394897
News,L20,11480,hin,0.9986067414283752
News,L1,11491,hin,0.9982765316963196
News,L5,11491,hin,0.9996694326400757
News,L20,11491,hin,0.9994764924049377
News,L1,11497,hin,0.999573290348053
News,L5,11497,hin,0.9988183975219727
News,L20,11497,hin,0.9987760782241821
News,L1,11502,hin,0.9298563599586487
News,L5,11502,hin,0.9880537390708923
News,L20,11502,hin,0.9952497482299805
News,L1,11505,hin,0.9996851682662964
News,L5,11505,hin,0.9997336268424988
News,L20,11505,hin,0.9994357824325562
News,L1,11510,hin,0.9988229274749756
News,L5,11510,hin,0.9991177916526794
News,L20,11510,hin,0.9989475607872009
News,L1,11511,hin,0.9931067824363708
News,L5,11511,hin,0.9998472929000854
News,L20,11511,hin,0.9997126460075378
News,L1,11514,hin,0.9995032548904419
News,L5,11514,hin,0.9997034072875977
News,L20,11514,hin,0.9995070695877075
News,L1,11521,hin,0.8612604737281799
News,L5,11521,hin,0.9979498982429504
News,L20,11521,hin,0.9989940524101257
News,L1,11561,hin,0.9927773475646973
News,L5,11561,hin,0.9952888488769531
News,L20,11561,hin,0.9980717301368713
News,L1,11581,hin,0.9974896311759949
News,L5,11581,hin,0.9971315264701843
News,L20,11581,hin,0.9970136284828186
News,L1,11607,hin,0.9980759024620056
News,L5,11607,hin,0.9988086223602295
News,L20,11607,hin,0.9989448189735413
News,L1,11659,hin,0.9985079765319824
News,L5,11659,hin,0.998237669467926
News,L20,11659,hin,0.996827244758606
News,L1,11687,hin,0.999784529209137
News,L5,11687,hin,0.9993917942047119
News,L20,11687,hin,0.9980225563049316
News,L1,11702,hin,0.9954675436019897
News,L5,11702,hin,0.9986287355422974
News,L20,11702,hin,0.9994776844978333
News,L1,11712,hin,0.9774203896522522
News,L5,11712,hin,0.9966715574264526
News,L20,11712,hin,0.9975720643997192
News,L1,11724,hin,0.9831295609474182
News,L5,11724,hin,0.9979868531227112
News,L20,11724,hin,0.9982326626777649
News,L1,11735,hin,0.9667438864707947
News,L5,11735,hin,0.9975025653839111
News,L20,11735,hin,0.9980894327163696
News,L1,11742,hin,0.9999490976333618
News,L5,11742,hin,0.9998977184295654
News,L20,11742,hin,0.9994756579399109
News,L1,11747,hin,0.9037145972251892
News,L5,11747,hin,0.9880775213241577
News,L20,11747,hin,0.9939813017845154
News,L1,11753,hin,0.9967067241668701
News,L5,11753,hin,0.9979905486106873
News,L20,11753,hin,0.999255895614624
News,L1,11764,hin,0.9822407364845276
News,L5,11764,hin,0.9979233145713806
News,L20,11764,hin,0.9948592782020569
News,L1,11796,hin,0.9941306710243225
News,L5,11796,hin,0.9990824460983276
News,L20,11796,hin,0.9996592998504639
News,L1,11802,hin,0.9869338870048523
News,L5,11802,hin,0.9987106323242188
News,L20,11802,hin,0.9991694688796997
News,L1,11815,hin,0.9979680776596069
News,L5,11815,hin,0.9988609552383423
News,L20,11815,hin,0.9993874430656433
News,L1,11817,hin,0.9925236105918884
News,L5,11817,hin,0.9923091530799866
News,L20,11817,hin,0.9966139793395996
News,L1,11835,hin,0.9563984274864197
News,L5,11835,hin,0.9990948438644409
News,L20,11835,hin,0.9993626475334167
News,L1,11840,hin,0.9985271096229553
News,L5,11840,hin,0.9986861348152161
News,L20,11840,hin,0.9987018704414368
News,L1,11843,hin,0.9781209230422974
News,L5,11843,hin,0.995284914970398
News,L20,11843,hin,0.9975272417068481
News,L1,11846,hin,0.9987415671348572
News,L5,11846,hin,0.998641312122345
News,L20,11846,hin,0.9971222877502441
News,L1,11852,hin,0.999091625213623
News,L5,11852,hin,0.9991739988327026
News,L20,11852,hin,0.9973443746566772
News,L1,11864,hin,0.9994280338287354
News,L5,11864,hin,0.9983388781547546
News,L20,11864,hin,0.9992691874504089
News,L1,11872,hin,0.9979001879692078
News,L5,11872,hin,0.9985167384147644
News,L20,11872,hin,0.9986476302146912
News,L1,11877,hin,0.9996906518936157
News,L5,11877,hin,0.9995286464691162
News,L20,11877,hin,0.9996434450149536
News,L1,11918,hin,0.9972752332687378
News,L5,11918,hin,0.9988129138946533
News,L20,11918,hin,0.9983395934104919
News,L1,11919,hin,0.9733598232269287
News,L5,11919,hin,0.9971163868904114
News,L20,11919,hin,0.9976821541786194
News,L1,11923,hin,0.9987363219261169
News,L5,11923,hin,0.9953631162643433
News,L20,11923,hin,0.9981094002723694
News,L1,11925,hin,0.9998247027397156
News,L5,11925,hin,0.9994362592697144
News,L20,11925,hin,0.9985923767089844
News,L1,11933,hin,0.998436689376831
News,L5,11933,hin,0.9992557764053345
News,L20,11933,hin,0.9988959431648254
News,L1,11941,hin,0.999847412109375
News,L5,11941,hin,0.9995118379592896
News,L20,11941,hin,0.9996261596679688
News,L1,11982,hin,0.9995537400245667
News,L5,11982,hin,0.9991454482078552
News,L20,11982,hin,0.9992502927780151
News,L1,11988,hin,0.9998388290405273
News,L5,11988,hin,0.9981492757797241
News,L20,11988,hin,0.9988085031509399
News,L1,11996,hin,0.9961225390434265
News,L5,11996,hin,0.9995946288108826
News,L20,11996,hin,0.9987934231758118
News,L1,12008,hin,0.9985740780830383
News,L5,12008,hin,0.9983310103416443
News,L20,12008,hin,0.9965784549713135
News,L1,12014,hin,0.9973641633987427
News,L5,12014,hin,0.996113657951355
News,L20,12014,hin,0.9979939460754395
News,L1,12015,hin,0.9973795413970947
News,L5,12015,hin,0.9973065257072449
News,L20,12015,hin,0.9949682354927063
News,L1,12017,hin,0.9982857704162598
News,L5,12017,hin,0.9996371269226074
News,L20,12017,hin,0.99936443567276
News,L1,12018,hin,0.9992730021476746
News,L5,12018,hin,0.9982837438583374
News,L20,12018,hin,0.9968995451927185
News,L1,12031,hin,0.9850912690162659
News,L5,12031,hin,0.9975515604019165
News,L20,12031,hin,0.9986386299133301
News,L1,12062,hin,0.999915361404419
News,L5,12062,hin,0.9988577365875244
News,L20,12062,hin,0.9985148906707764
News,L1,12076,hin,0.9972813725471497
News,L5,12076,hin,0.9957375526428223
News,L20,12076,hin,0.9969325661659241
News,L1,12083,hin,0.9785650372505188
News,L5,12083,hin,0.9986228942871094
News,L20,12083,hin,0.9995479583740234
News,L1,12094,hin,0.9981875419616699
News,L5,12094,hin,0.9990140795707703
News,L20,12094,hin,0.9996092915534973
News,L1,12101,hin,0.998170793056488
News,L5,12101,hin,0.9998156428337097
News,L20,12101,hin,0.9990308284759521
News,L1,12102,hin,0.9997016191482544
News,L5,12102,hin,0.9991981387138367
News,L20,12102,hin,0.998806357383728
News,L1,12106,hin,0.9861749410629272
News,L5,12106,hin,0.9960336685180664
News,L20,12106,hin,0.9982162714004517
News,L1,12121,hin,0.9994020462036133
News,L5,12121,hin,0.999196469783783
News,L20,12121,hin,0.998860239982605
News,L1,12125,hin,0.9999291896820068
News,L5,12125,hin,0.9997664093971252
News,L20,12125,hin,0.9996657371520996
News,L1,12133,hin,0.9993952512741089
News,L5,12133,hin,0.9996483325958252
News,L20,12133,hin,0.9995772242546082
News,L1,12147,hin,0.991631269454956
News,L5,12147,hin,0.9978902339935303
News,L20,12147,hin,0.9987437129020691
News,L1,12169,hin,0.9987340569496155
News,L5,12169,hin,0.9983401894569397
News,L20,12169,hin,0.9980152249336243
News,L1,12176,hin,0.99951171875
News,L5,12176,hin,0.9997658133506775
News,L20,12176,hin,0.9993191957473755
News,L1,12194,hin,0.9975001811981201
News,L5,12194,hin,0.999384343624115
News,L20,12194,hin,0.9986162781715393
News,L1,12199,hin,0.9992596507072449
News,L5,12199,hin,0.9985042810440063
News,L20,12199,hin,0.9983087182044983
News,L1,12204,hin,0.9998378753662109
News,L5,12204,hin,0.9993144273757935
News,L20,12204,hin,0.9995818734169006
News,L1,12205,hin,0.9999116659164429
News,L5,12205,hin,0.9996123909950256
News,L20,12205,hin,0.9992130398750305
News,L1,12208,hin,0.9973751902580261
News,L5,12208,hin,0.9985536336898804
News,L20,12208,hin,0.9987192153930664
News,L1,12211,hin,0.9907545447349548
News,L5,12211,hin,0.998997151851654
News,L20,12211,hin,0.994894802570343
News,L1,12230,hin,0.9310894012451172
News,L5,12230,hin,0.9960520267486572
News,L20,12230,hin,0.9976804852485657
News,L1,12237,hin,0.9997739195823669
News,L5,12237,hin,0.9996936321258545
News,L20,12237,hin,0.9992430210113525
News,L1,12263,hin,0.9979773163795471
News,L5,12263,hin,0.9993393421173096
News,L20,12263,hin,0.9993044137954712
News,L1,12265,hin,0.8699439167976379
News,L5,12265,hin,0.9996429681777954
News,L20,12265,hin,0.9992380142211914
News,L1,12275,hin,0.9993522763252258
News,L5,12275,hin,0.9992040991783142
News,L20,12275,hin,0.9993686079978943
News,L1,12281,hin,0.9934824705123901
News,L5,12281,hin,0.9990262985229492
News,L20,12281,hin,0.9987451434135437
News,L1,12285,hin,0.9997803568840027
News,L5,12285,hin,0.9995481967926025
News,L20,12285,hin,0.9994258880615234
News,L1,12292,hin,0.9935935139656067
News,L5,12292,hin,0.9957830309867859
News,L20,12292,hin,0.9965792894363403
News,L1,12301,hin,0.9998260140419006
News,L5,12301,hin,0.9991772174835205
News,L20,12301,hin,0.9990472793579102
News,L1,12304,hin,0.9994603991508484
News,L5,12304,hin,0.9952806830406189
News,L20,12304,hin,0.9990683197975159
News,L1,12309,hin,0.7445300817489624
News,L5,12309,hin,0.9995288848876953
News,L20,12309,hin,0.9995587468147278
News,L1,12310,hin,0.9928051829338074
News,L5,12310,hin,0.999025821685791
News,L20,12310,hin,0.9991077184677124
News,L1,12313,hin,0.9734922051429749
News,L5,12313,hin,0.9977144598960876
News,L20,12313,hin,0.998480498790741
News,L1,12314,hin,0.9966084361076355
News,L5,12314,hin,0.9977772235870361
News,L20,12314,hin,0.9985737204551697
News,L1,12327,hin,0.9987581968307495
News,L5,12327,hin,0.9996675252914429
News,L20,12327,hin,0.99953293800354
News,L1,12340,hin,0.9991368651390076
News,L5,12340,hin,0.9988598823547363
News,L20,12340,hin,0.9988131523132324
News,L1,12353,hin,0.9742662310600281
News,L5,12353,hin,0.9994217157363892
News,L20,12353,hin,0.9990870952606201
News,L1,12357,hin,0.9995560050010681
News,L5,12357,hin,0.9985606074333191
News,L20,12357,hin,0.99778151512146
News,L1,12360,hin,0.999813973903656
News,L5,12360,hin,0.9993041753768921
News,L20,12360,hin,0.9994394183158875
News,L1,12403,hin,0.9982404112815857
News,L5,12403,hin,0.9986900687217712
News,L20,12403,hin,0.9984791874885559
News,L1,12405,hin,0.9997294545173645
News,L5,12405,hin,0.9996601343154907
News,L20,12405,hin,0.9992865920066833
News,L1,12421,hin,0.9995848536491394
News,L5,12421,hin,0.9984594583511353
News,L20,12421,hin,0.9984878897666931
News,L1,12450,hin,0.9968838691711426
News,L5,12450,hin,0.9992743134498596
News,L20,12450,hin,0.9991090297698975
News,L1,12463,hin,0.9916737079620361
News,L5,12463,hin,0.9978798627853394
News,L20,12463,hin,0.9969655275344849
News,L1,12466,hin,0.9958298206329346
News,L5,12466,hin,0.9972661137580872
News,L20,12466,hin,0.9976282715797424
News,L1,12467,hin,0.9963368773460388
News,L5,12467,hin,0.9993324279785156
News,L20,12467,hin,0.9988459944725037
News,L1,12468,hin,0.9721295237541199
News,L5,12468,hin,0.9873430728912354
News,L20,12468,hin,0.9976191520690918
News,L1,12476,hin,0.9920524954795837
News,L5,12476,hin,0.9964005351066589
News,L20,12476,hin,0.994816243648529
News,L1,12477,hin,0.9987512230873108
News,L5,12477,hin,0.9986432194709778
News,L20,12477,hin,0.9977371096611023
News,L1,12480,hin,0.9994463324546814
News,L5,12480,hin,0.9994654059410095
News,L20,12480,hin,0.9994175434112549
News,L1,12487,hin,0.9871188402175903
News,L5,12487,hin,0.998967170715332
News,L20,12487,hin,0.998400092124939
News,L1,12496,hin,0.9997261166572571
News,L5,12496,hin,0.9997953772544861
News,L20,12496,hin,0.9986050724983215
News,L1,12500,hin,0.9995822310447693
News,L5,12500,hin,0.9988250732421875
News,L20,12500,hin,0.9986685514450073
News,L1,12522,hin,0.9994764924049377
News,L5,12522,hin,0.9993245601654053
News,L20,12522,hin,0.9985358119010925
News,L1,12523,hin,0.9981890916824341
News,L5,12523,hin,0.9965955018997192
News,L20,12523,hin,0.9989959597587585
