regime,corpus,lang,length,unit_id,source_url,text_sha256
P1,nep_wikipedia_2021_100K,nep,L20,1,http://ne.wikipedia.org/wiki/ढाका_विश्वविद्यालय,a81c68fddb37065208416e6dd6ca3d0238d8b9b32cbb15cb53b45992cc76a626
P1,nep_wikipedia_2021_100K,nep,L20,2,http://ne.wikipedia.org/wiki/शेख_मुजिबुर_रहमान,4ef733956f0f952587da8a48bcda3408a8b9a7cfbfa819fdeece1472a3ca2866
P1,nep_wikipedia_2021_100K,nep,L20,3,http://ne.wikipedia.org/wiki/भिन्स_म्याकमेन,32c7fc901979321936e88d379c48ed9fca4d039c5f7bd9d0c3dfd41dbb42e643
P1,nep_wikipedia_2021_100K,nep,L20,4,http://ne.wikipedia.org/wiki/बङ्गलादेशको_स्वतन्त्रता_युद्ध,8f1ee05abe578f6fa85c9942dcbba6ae89d0f2ffb00d8eb5f2959c27ca3762f6
P1,nep_wikipedia_2021_100K,nep,L20,5,http://ne.wikipedia.org/wiki/कृष्ण,906c55b79df888b445d2127f5690ac35888172dc2691ec5891c66a41bee21bab
P1,nep_wikipedia_2021_100K,nep,L20,6,http://ne.wikipedia.org/wiki/फ्रान्सेली_राज्यक्रान्ति,841094b96d3f07bca61f0ce6712a6f2e40e8934d2acfe94e6da0bfaf5555caac
P1,nep_wikipedia_2021_100K,nep,L20,7,http://ne.wikipedia.org/wiki/महाकाव्य,6f5498194f1a527ecabe8c47f50e6896dee5206e0ab5c7d5f3f4358f60a58152
P1,nep_wikipedia_2021_100K,nep,L20,8,http://ne.wikipedia.org/wiki/बियोन्से,e62250dd658b2867362c68e752fdd5e0fd81cc6016050ed41b0d0e056a979043
P1,nep_wikipedia_2021_100K,nep,L20,9,http://ne.wikipedia.org/wiki/गौतम_ऋषि,c2a31ed23b1a8811b3af5083d60e1bc56bdcf4d651a5720f18c8128e0d331fa4
P1,nep_wikipedia_2021_100K,nep,L20,11,http://ne.wikipedia.org/wiki/क्रिस्टियानो_रोनाल्डो,2bd538db1ef06463c54219eede13ddcb510b2bf2ee40e0597d82594bac2646f9
P1,nep_wikipedia_2021_100K,nep,L20,12,http://ne.wikipedia.org/wiki/ट्रिपल_एच,7543d3d5b8b4abda94bdfafdf56a3e1c00a9e3d65637d7c04f52323615ab1050
P1,nep_wikipedia_2021_100K,nep,L20,13,http://ne.wikipedia.org/wiki/नेपाली_साहित्यको_इतिहास,bcae47152aef7f36e554628f297cae20d3de71de9bf10fda997075d0fb595f1c
P1,nep_wikipedia_2021_100K,nep,L20,14,http://ne.wikipedia.org/wiki/परशुराम_अवतार,5fec48a727ffb52ffd7697e245b444042f15d3ec0f0f6edbd008d0b2758ff132
P1,nep_wikipedia_2021_100K,nep,L20,15,http://ne.wikipedia.org/wiki/बङ्गाली_भाषा_आन्दोलन,8a5c88501a98b9dcc9ad0d227dd9ca4333ac853764cdc7193d4aff3ffab444f5
P1,nep_wikipedia_2021_100K,nep,L20,16,http://ne.wikipedia.org/wiki/मारूनी_नाच,5e39e70f74bb56a6c5de0465bf6204548b9bf7e5be4c5e678b27dcf34978551a
P1,nep_wikipedia_2021_100K,nep,L20,17,http://ne.wikipedia.org/wiki/रियाज,df7e2a5d4f912708e193ff4d3d8363f5a4f3ab8e68c52df16779239a09afcf7e
P1,nep_wikipedia_2021_100K,nep,L20,18,http://ne.wikipedia.org/wiki/सेथ_रोलिन्स,dff5d6343cf05b8004c4a5f87ba165230b98eee49086d1bf4746317229934737
P1,nep_wikipedia_2021_100K,nep,L20,19,http://ne.wikipedia.org/wiki/शाकिब_खान,ad2d4e526dd0b15d343e1fd0340dafe3116a5369bfa63b7f4b75b3a5a144a6a2
P1,nep_wikipedia_2021_100K,nep,L20,20,http://ne.wikipedia.org/wiki/महात्मा_गान्धी,03b1f355f9f4eae1a22a8909cde5b980eaa3f663dfa6b9a5f2e3bbf29c9596c6
P1,nep_wikipedia_2021_100K,nep,L20,21,http://ne.wikipedia.org/wiki/काजी_नजरुल_इसलाम,c43af4712a2bed8dc38647cb6586ed7cf7e65cd5d70623b43e904ad07b84e4df
P1,nep_wikipedia_2021_100K,nep,L20,22,http://ne.wikipedia.org/wiki/सन्_२०२०_बङ्गलादेशमा_कोरोना_विषाणु_महामारी,ea0fbd0ae39209212e6ce0ac769271e9572e24d47f7d4a35537d30749142d446
P1,nep_wikipedia_2021_100K,nep,L20,23,http://ne.wikipedia.org/wiki/जङ्गबहादुर_राणा,c1ea729a434b0127c171f745095d2e8a9e59bb8ecf97d8febb4d8d6d63939f1d
P1,nep_wikipedia_2021_100K,nep,L20,24,http://ne.wikipedia.org/wiki/४६_साल_पछिको_राजनैतिक_बिकासक्रम,d373668939760457bbe27128548b7d19393aece79b50aa41d1f4f662938116f5
P1,nep_wikipedia_2021_100K,nep,L20,25,http://ne.wikipedia.org/wiki/देवनागरी_लिपि,b985d7159ce6c7f6fd32cddbb5250fbd9d9bb91c843145cde8d557b57c9326b2
P1,nep_wikipedia_2021_100K,nep,L20,26,http://ne.wikipedia.org/wiki/जोन_मोक्सली,b577e835b3d1db2ccf5a30a77cd1176c17167935de9713966b7c77b7c494ccb0
P1,nep_wikipedia_2021_100K,nep,L20,27,http://ne.wikipedia.org/wiki/नेपाली_कांग्रेस,38a3798a8a2437378f87367fa1cc16a4115d4e57520fcd63277b9d6338c700a4
P1,nep_wikipedia_2021_100K,nep,L20,28,http://ne.wikipedia.org/wiki/ब्रिट्नी_स्पेयर्स,cbb87d05ad4b79b231cbb388ed6bf03797082029c7e872b4ad5742c62ff66a8b
P1,nep_wikipedia_2021_100K,nep,L20,29,http://ne.wikipedia.org/wiki/सकिरा,55a65175c249452bdb93daa78bbd6e721323a92ea676612ffec9a0c6e894ee89
P1,nep_wikipedia_2021_100K,nep,L20,30,http://ne.wikipedia.org/wiki/दार्जिलिङ,84dbf760ffe8c79991b91b108b12e857209a9314046b5fbaba21fb2fcfc39995
P1,nep_wikipedia_2021_100K,nep,L20,31,http://ne.wikipedia.org/wiki/धान,6f14cb4386cf6b2e7fb9bc3a879cfc3d500d62fd86d717237b1334b4897bf33c
P1,nep_wikipedia_2021_100K,nep,L20,32,http://ne.wikipedia.org/wiki/शिवाजी,a46dd97017ef0f30757b189e0b5b9b79f3ee6c28500baed8f45b524ec4c95104
P1,nep_wikipedia_2021_100K,nep,L20,33,http://ne.wikipedia.org/wiki/लोकगीत,b7377c37c498ceed0ff7a17ad903b2ebb4b388fbdc39fce84838f71c25f6e5f0
P1,nep_wikipedia_2021_100K,nep,L20,34,http://ne.wikipedia.org/wiki/दरबार_हाई_स्कुल,ed8edb88aa6a5f0e04fbef5a251805ed4c71b8d141f4f7625221065503d24d98
P1,nep_wikipedia_2021_100K,nep,L20,35,"http://ne.wikipedia.org/wiki/सालडाँडा,_स्याङ्जा",24d70c47f31a995c875ffabad472ac9090a172112c4293a4655e53002d93454d
P1,nep_wikipedia_2021_100K,nep,L20,36,http://ne.wikipedia.org/wiki/वेद,bd5b7b9bac172dfb29b624a69586021171a40e56199782740823aaa39613bb8d
P1,nep_wikipedia_2021_100K,nep,L20,37,http://ne.wikipedia.org/wiki/डेउडा_गीत,b345bfa77bbf198f0962948fde762c38338364d460c94dd7fcac29d395744b57
P1,nep_wikipedia_2021_100K,nep,L20,38,http://ne.wikipedia.org/wiki/चीनको_जनवादी_क्रान्ति,ba70dbd79f830bef7d46d5372c90610e4e9b4b1ed5c74c4f3da811197986115e
P1,nep_wikipedia_2021_100K,nep,L20,39,http://ne.wikipedia.org/wiki/शिवहरि_ज्ञवाली,d3e72a6cb9bf2e1ce1202a0690d18c6fca5de7fe0310411871bd42d78c3f05f1
P1,nep_wikipedia_2021_100K,nep,L20,40,http://ne.wikipedia.org/wiki/शंकराचार्य,445f4ecd8a800495e0874454b51d26877aa0a239000035b78f5c834de64d5a8b
P1,nep_wikipedia_2021_100K,nep,L20,41,http://ne.wikipedia.org/wiki/द_जङ्गल_बुक_(१९६७_चलचित्र),f4270ce27b9e3359234bc5c3f4edef871b2366c3428332d3e7e7fa7860d45a12
P1,nep_wikipedia_2021_100K,nep,L20,42,http://ne.wikipedia.org/wiki/मोतिराम_भट्ट,4a68b78b7451439eebf6d8d7c163b712ed19425c6c94487f64c185522c399236
P1,nep_wikipedia_2021_100K,nep,L20,43,http://ne.wikipedia.org/wiki/सर्प,9b1dde2f2e12961045e22439cc457f27adc0a11cfe7d43be366bcdadc0a7b7f9
P1,nep_wikipedia_2021_100K,nep,L20,44,http://ne.wikipedia.org/wiki/श्रीमद्भगवद_गीता,7e43c9b89701e8f9e93f1c55223060f11e228d11915982dea741f0acaec29f21
P1,nep_wikipedia_2021_100K,nep,L20,45,http://ne.wikipedia.org/wiki/कुरुक्षेत्र_युद्ध,57a2301a614844ad045ff62203a532de52d2b3324d349cea9dbd2bec000b66af
P1,nep_wikipedia_2021_100K,nep,L20,46,http://ne.wikipedia.org/wiki/हनुमान,1af6c0d6709ca11e6367187c655740bc011fc966286908184fa64e2476812c7d
P1,nep_wikipedia_2021_100K,nep,L20,47,http://ne.wikipedia.org/wiki/नेपालका_शहरहरू,8947e28bbfb119a3d5e34fdba4d5c78a83cb7774de146f480065341d30dc9d97
P1,nep_wikipedia_2021_100K,nep,L20,48,http://ne.wikipedia.org/wiki/बृहत_हिमालय_पदमार्ग,a43ed033ccad19ec84d27947229cf89dc32f87fe8dfbbb6471c9e9bb9ba4502d
P1,nep_wikipedia_2021_100K,nep,L20,49,http://ne.wikipedia.org/wiki/दशैं,e0d5bb607443e400292521f92022146134aa882265256c71662c2f0cf40d2018
P1,nep_wikipedia_2021_100K,nep,L20,50,http://ne.wikipedia.org/wiki/त्रिपाठी,a3eba8ae2f298e8d5cee1d898f696ecd8c6a43c988b43648961a26acdbf604a9
P1,nep_wikipedia_2021_100K,nep,L20,51,http://ne.wikipedia.org/wiki/नेटालिया,64f6047945cff4cb2aa1c80ec3595744fd4aacb0913450040b2b738797510315
P1,nep_wikipedia_2021_100K,nep,L20,52,http://ne.wikipedia.org/wiki/योगी_नरहरिनाथ,31cee1ae4dbe417ee10db2a68007f7287872e695bcf327ff2dd699ac6f41ec46
P1,nep_wikipedia_2021_100K,nep,L20,53,http://ne.wikipedia.org/wiki/ज्योतिष_गणपति,c3aa9d62e18c4b4cb00a2eae7c114188cb004e7d6b29196d084afec61e1e52ec
P1,nep_wikipedia_2021_100K,nep,L20,54,http://ne.wikipedia.org/wiki/नेपाल,dbb37579e7103c8970ef764f4965d29477394d907e156d2416ea42a49031d84f
P1,nep_wikipedia_2021_100K,nep,L20,55,http://ne.wikipedia.org/wiki/उत्परिवर्तन,7f124dc79cd9f94df58f93ef8d5fa39c9cf9ee9bc7f7e40feb0abee690e2b95c
P1,nep_wikipedia_2021_100K,nep,L20,56,http://ne.wikipedia.org/wiki/भानुभक्तीय_र_तुलसीकृत_रामायण,1f3394603843840d5d617cc7ee6c81b01805247d90a288379280c9914f2615a6
P1,nep_wikipedia_2021_100K,nep,L20,57,http://ne.wikipedia.org/wiki/अछाम_जिल्ला,97f01ba47055dc3f879eb9426e8d70d015133354cc0273ad2ca3e57f5cfa2d5a
P1,nep_wikipedia_2021_100K,nep,L20,58,http://ne.wikipedia.org/wiki/लियोनेल_मेसी,1f8e2b6ab0c93cc68c8a730016ae72776e446d278ade472fe16d7f4771957e45
P1,nep_wikipedia_2021_100K,nep,L20,59,http://ne.wikipedia.org/wiki/साबित्रा_भण्डारी,43866c7adfa79d81250562e9aab20c287b0bb9acb7501cefda5ad21e4ae7f089
P1,nep_wikipedia_2021_100K,nep,L20,60,http://ne.wikipedia.org/wiki/सिक्किम,eb1ff289d9e4c1907e47ae4003ea581c504ccc17b76a5a6e144f6440a8b1782c
P1,nep_wikipedia_2021_100K,nep,L20,61,http://ne.wikipedia.org/wiki/रामपुर_ठोक्सिला,2a36e431ec706eb833d39b5141d6ac9db72f7f741ed7974deb56ab259963ff10
P1,nep_wikipedia_2021_100K,nep,L20,62,http://ne.wikipedia.org/wiki/कार्ल_मार्क्स,93810e4c311e491fda5734fe82bf78a9f061357f3d18e372ba85aa09a7966e9e
P1,nep_wikipedia_2021_100K,nep,L20,63,http://ne.wikipedia.org/wiki/होली,d9deb50d43794cd4f1ddfc162c9a8c07edee38c81746317d93f855a6b156173b
P1,nep_wikipedia_2021_100K,nep,L20,64,http://ne.wikipedia.org/wiki/निकोला_टेस्ला,8c7265ec4674d791a8c82a19eca102e72d6f4d9b1a9a532b75032c8869cfb8ad
P1,nep_wikipedia_2021_100K,nep,L20,65,http://ne.wikipedia.org/wiki/तिहार,ed800f24e130ad508cdde67bb36009dbcf0b3ae66e7dc10ac974d144903264a1
P1,nep_wikipedia_2021_100K,nep,L20,66,http://ne.wikipedia.org/wiki/भवानी_भिक्षु,39aa743dcc00137eb86d69ff5f69a1d23503303d6cba943b1a5b15af7a4509c0
P1,nep_wikipedia_2021_100K,nep,L20,67,http://ne.wikipedia.org/wiki/सोरठी_नाच,965df6cc5756b01d98e2666e021e1dc38154bf15099b31a8c8fbb26426dd72ba
P1,nep_wikipedia_2021_100K,nep,L20,68,http://ne.wikipedia.org/wiki/बोगटाकोट,0882c19b64591c14f18ab731d4aad122b23106e24890a3a27a42bde8dfc5cc78
P1,nep_wikipedia_2021_100K,nep,L20,69,http://ne.wikipedia.org/wiki/बुढ्यौली,a6f6a3b2a728ec143112d275f04f2ffbede21e3fcb27ade7aab93ca7c32b0a6a
P1,nep_wikipedia_2021_100K,nep,L20,70,http://ne.wikipedia.org/wiki/बर्छेन,7e56f9fa74f832b5d8ead2a2e79b3c49eaf74a7d12b971d995de76ef4a84b477
P1,nep_wikipedia_2021_100K,nep,L20,71,http://ne.wikipedia.org/wiki/रामानाथस्वामी_मन्दिर,2adc836ca0e160378e521c9f1c30bfbe0cd381ee4593760f57a964171c06fb79
P1,nep_wikipedia_2021_100K,nep,L20,72,http://ne.wikipedia.org/wiki/पञ्चकोशी,43532d747ad721093bdd1d6473e6d2f3e9522b24f9152f5d1a14d6b6433c4e1d
P1,nep_wikipedia_2021_100K,nep,L20,73,http://ne.wikipedia.org/wiki/धनकुटा_जिल्ला,2fa822ea3c8374218658bc0a635b5de94f45aff436493d02410e6e538afe2540
P1,nep_wikipedia_2021_100K,nep,L20,74,http://ne.wikipedia.org/wiki/स्तनपान,b97a1da86ced8ee3add20faa770252a4cdd847d3965df4db17d1cd916855c5ae
P1,nep_wikipedia_2021_100K,nep,L20,75,http://ne.wikipedia.org/wiki/द_गुड_प्लेस,f9db32fdce782ca87cde5929a4d96dbc82ee9474095b84a585809615b478d6a8
P1,nep_wikipedia_2021_100K,nep,L20,76,http://ne.wikipedia.org/wiki/विसं_२०७२_को_महाभूकम्प,201afbe41fbe275d595d9bf53c4700710cceaabd3af4227cba7e029f898a6023
P1,nep_wikipedia_2021_100K,nep,L20,77,http://ne.wikipedia.org/wiki/२०१४_पिशावर_विद्यालय_हत्याकाण्ड,2149e2b112783972812ddc8a28e2a66b03bdb81e4d3bb65cdd8425f9e6079252
P1,nep_wikipedia_2021_100K,nep,L20,78,http://ne.wikipedia.org/wiki/चाणक्य,799c0c9c17ec4848245b4d6da5e41bd06e2e9c1d1d49bf362b2e1e95cda13819
P1,nep_wikipedia_2021_100K,nep,L20,79,http://ne.wikipedia.org/wiki/बटाला,1fc558fd3f495d706ad2f2cfdfe9197d84f1129aaa930bae3464cf4e299c72be
P1,nep_wikipedia_2021_100K,nep,L20,80,http://ne.wikipedia.org/wiki/बाला_गुरु_षडानन्द,c3ed022a5e33d1d96a5fbbe7b98c75fef061eb958ad84e280c9d8dd869cc3dd1
P1,nep_wikipedia_2021_100K,nep,L20,81,http://ne.wikipedia.org/wiki/सोह्र_श्राद्ध,08e005ea52c253b2a10cd72d84173e118a81b8b29f24a01ddb82f96f22a32fb7
P1,nep_wikipedia_2021_100K,nep,L20,82,http://ne.wikipedia.org/wiki/घिउ_कुमारी,9563aa66b1de36589e04a0faeae7ce1d13431d767135be597f8858e82f95e8f7
P1,nep_wikipedia_2021_100K,nep,L20,83,http://ne.wikipedia.org/wiki/प्युठान_जिल्ला,51ae570829634919ef57cfb7701fdc138c4b028155909d5837df07b8ea540f02
P1,nep_wikipedia_2021_100K,nep,L20,84,http://ne.wikipedia.org/wiki/प्रेमेजुङ,66284ac8a7d76706af08571f049d596d7c12540dffbf37fa8335795dd4040cf6
P1,nep_wikipedia_2021_100K,nep,L20,85,http://ne.wikipedia.org/wiki/श्रीराम_अवतार,17f251e99e69d71954759a0d648c840f738815519c8b4107616b4a992aa042b4
P1,nep_wikipedia_2021_100K,nep,L20,86,http://ne.wikipedia.org/wiki/माघे_सङ्क्रान्ति,93bf59860edfae3b470e1321020614f492eb4f33b727466bf19146edfb2ce163
P1,nep_wikipedia_2021_100K,nep,L20,87,http://ne.wikipedia.org/wiki/डन्डी_बियो,a5e1bb563fb0b0c359eafeab044bacc20d93fe3363ed56945d77a3db0922f43a
P1,nep_wikipedia_2021_100K,nep,L20,88,http://ne.wikipedia.org/wiki/सामसङ,f465a38bc38f9162f9f974080fde1c6a747be50c6e1d83b51303cb49909b9c6b
P1,nep_wikipedia_2021_100K,nep,L20,89,http://ne.wikipedia.org/wiki/आशा_भोसले,d15d69f5f68540d3107ecbca8724ddba1a8cd51a9b2ba0e850292357fe731702
P1,nep_wikipedia_2021_100K,nep,L20,90,http://ne.wikipedia.org/wiki/लभ_स्टोरी_(टेलर_स्विफ्टको_गीत),3e17b8deaab6c8391394af9286874170a90a5b6b60c41e211fe6d716583c5cb3
P1,nep_wikipedia_2021_100K,nep,L20,91,http://ne.wikipedia.org/wiki/च्याउ,e1f784e40d2b6b99a4a06ab6086a24a45f6af0bdf42282963db2318363e0e5ae
P1,nep_wikipedia_2021_100K,nep,L20,92,http://ne.wikipedia.org/wiki/सान्नी_राज्य,46e4d3fd0b1ff24d279c175ce1435bac6c6bf53264b4a7537e730b35a9c65c72
P1,nep_wikipedia_2021_100K,nep,L20,93,http://ne.wikipedia.org/wiki/नेपाली_चलचित्र,a65e1c3a20d8c031bab3238abed19914faea432eb0d4c40f1d920faf7eaa3182
P1,nep_wikipedia_2021_100K,nep,L20,94,http://ne.wikipedia.org/wiki/चाकाकेदार,004e8d98d7a369da7a0e8ca6c9ee40d4b3c522eb25afce6925e213345aa90a90
P1,nep_wikipedia_2021_100K,nep,L20,95,http://ne.wikipedia.org/wiki/सार्लेट_फ्लेयर,c698754489d70a5d1e2caf1c595a2faa814024de4aa1381507e30e2264b778ea
P1,nep_wikipedia_2021_100K,nep,L20,96,http://ne.wikipedia.org/wiki/पूर्व_पाकिस्तान,130b06c4b10bff1f766842b5c49dc6fc3ebddd70923e7d9157e64e9b485118c9
P1,nep_wikipedia_2021_100K,nep,L20,97,http://ne.wikipedia.org/wiki/मेसोपोटामियाको_सभ्यता,05a45e682b9aac595096ca5e3fd136e40f8ff11b4d8b168c763042d02e47ff02
P1,nep_wikipedia_2021_100K,nep,L20,98,http://ne.wikipedia.org/wiki/ढाड_दुख्ने_समस्या,ca5662ead532d739ea165be273ba1736daf56f79fcb5e6893413895fe2c9ae18
P1,nep_wikipedia_2021_100K,nep,L20,99,http://ne.wikipedia.org/wiki/पानासोनिक,114558584196352c4468b9832c7e703a36ebe353060ce5c0852e00371c7b783f
P1,nep_wikipedia_2021_100K,nep,L20,100,http://ne.wikipedia.org/wiki/मकवानपुर_जिल्ला,d57039475133b0d85b6c954148e97e4be1112ae94c012726f0e7b8705ba052bc
P1,nep_wikipedia_2021_100K,nep,L20,101,http://ne.wikipedia.org/wiki/विद्यापति,d4b0019ef36e4a93a6d1618d0a7c49a1bc01f62a6fde6282a81d2d37bba5d2fb
P1,nep_wikipedia_2021_100K,nep,L20,102,http://ne.wikipedia.org/wiki/महेन्द्र_वीर_विक्रम_शाह,56b78b2001565a3eefeffce0289f5f0bb913bbe71ae4060083a40662fb49214e
P1,nep_wikipedia_2021_100K,nep,L20,103,http://ne.wikipedia.org/wiki/जर्मनीको_एकीकरण,65521379d401a0add6ae4da9eea861a49fe42ca0363a0b06ad43f68236d5a55c
P1,nep_wikipedia_2021_100K,nep,L20,104,http://ne.wikipedia.org/wiki/अर्थशास्त्रीय_दर्शन,8dff1fae9be2aca65eb343233927e069dc7ac3e0d70d080aa76775bc5d1ec43c
P1,nep_wikipedia_2021_100K,nep,L20,105,http://ne.wikipedia.org/wiki/आर्थिक_विचारको_इतिहास,9e17ddebdabe72b64fa25e976c9134e978b32e19fd15f6ecbc78b84762812b3e
P1,nep_wikipedia_2021_100K,nep,L20,106,http://ne.wikipedia.org/wiki/दशरथ_रङ्गशाला,1e01f5b7a3e8b34f6203b212e4e126e3255b2b69247ccd2a01b77e3eaa24df53
P1,nep_wikipedia_2021_100K,nep,L20,107,http://ne.wikipedia.org/wiki/बेअर_ग्रिल्स,01836db8b8347512cdf261fe1bb4a582938f690fe7b27b7a4f0c7e9c300e98fe
P1,nep_wikipedia_2021_100K,nep,L20,108,http://ne.wikipedia.org/wiki/फापरथुम,f59c07aa1e5b9eb6a4e1029ba7d877522b5aca2e677514931d802762867ad683
P1,nep_wikipedia_2021_100K,nep,L20,109,http://ne.wikipedia.org/wiki/१९८९_(टेलर_स्विफ्टको_एल्बम),d0de4074b2747eede3ec66514a91e4ea80d09632b0ca643846f286d857dc1f03
P1,nep_wikipedia_2021_100K,nep,L20,110,http://ne.wikipedia.org/wiki/किराँत_जाति,dd68989649099935de1b2291578196ac7e86d17ac3188402d4753d7a8cf48ec5
P1,nep_wikipedia_2021_100K,nep,L20,111,http://ne.wikipedia.org/wiki/हरिद्वार,cc23877deb9c92c852abd3ae7a9c425f1412275546ae20a739e2a49e668f659a
P1,nep_wikipedia_2021_100K,nep,L20,112,http://ne.wikipedia.org/wiki/सासा_बेङ्क्स,92e972a20df7d711b0839ef50c8168c60ed68fbd64327e733bfce5abcd729881
P1,nep_wikipedia_2021_100K,nep,L20,113,http://ne.wikipedia.org/wiki/ऊर्जा,eafc4cd1da5405e97d1c65e75e5a462a54b5591aae5f2a403d72837c76885f0c
P1,nep_wikipedia_2021_100K,nep,L20,114,http://ne.wikipedia.org/wiki/प्रकाश_संश्लेषण,97c10e56c9da195458d15e8d599ae9d40af4185eadab1f0355472803161bbf60
P1,nep_wikipedia_2021_100K,nep,L20,115,http://ne.wikipedia.org/wiki/भ्लादिमिर_लेनिन,6fc95188bd64813c127d0528225fd00ee349e772cf1e177d442a8c2c0785a32b
P1,nep_wikipedia_2021_100K,nep,L20,116,http://ne.wikipedia.org/wiki/गुरुङ_जाति,9069fb15bcf3ca2f7466ea80cb3ad39eb40b8158df7626f89d536d58b5347250
P1,nep_wikipedia_2021_100K,nep,L20,117,http://ne.wikipedia.org/wiki/फिफा_विश्वकप,e7a5126373d76da4236421204da52463af83c2a860c5e1ad063ebbe2455501ce
P1,nep_wikipedia_2021_100K,nep,L20,118,http://ne.wikipedia.org/wiki/विश्वकप_फुटबल_२०१०_का_खेलहरू,cf88680edc02bc3eeab10102d609723b316ea55a87bcedc77988cbe88785b424
P1,nep_wikipedia_2021_100K,nep,L20,119,http://ne.wikipedia.org/wiki/कालीकोट_जिल्ला,00964589ddd9d7352809a6f73e5a07cc54f0d222e6bfbd6fc92b9c3d7e443fa9
P1,nep_wikipedia_2021_100K,nep,L20,120,http://ne.wikipedia.org/wiki/मदनकृष्ण_श्रेष्ठ,6c134d4b9ae7ac17c007a60a1820e283d1b6df5d44f01085e9e5363b1e6a70fb
P1,nep_wikipedia_2021_100K,nep,L20,121,http://ne.wikipedia.org/wiki/भिके,25214aa974545d4e252b3feba779e72218f2ac3aae58dcb4be3952d63deb6d74
P1,nep_wikipedia_2021_100K,nep,L20,122,http://ne.wikipedia.org/wiki/द_लर्ड_अफ_द_रिङ्ग्स,2d48a34e94252e0aaa4a7ff6c75b713d72b909ddff6269da400697e61cd09d01
P1,nep_wikipedia_2021_100K,nep,L20,123,http://ne.wikipedia.org/wiki/टिकटक,7af6b51c086babcb0c25cff944a9a6578cff8176cf35fd6f3470772db237be9e
P1,nep_wikipedia_2021_100K,nep,L20,124,http://ne.wikipedia.org/wiki/तीर्थयात्रा,ff35958429132cba8d4a243010f211e37b6f5ee6447d44b753b6b6016cc2d61a
P1,nep_wikipedia_2021_100K,nep,L20,125,http://ne.wikipedia.org/wiki/रेसलमेनिया,c42b09e0524fa010b893cd647c5308801ce1914152f4519c530153aa19518830
P1,nep_wikipedia_2021_100K,nep,L20,126,http://ne.wikipedia.org/wiki/कीर्तीनिधि_विष्ट,1b2522fd3f7f8434783e8433e632cea75ef345081150178e227b1ddfa86b19e4
P1,nep_wikipedia_2021_100K,nep,L20,127,http://ne.wikipedia.org/wiki/दोलखा_जिल्ला,de501595d13b46704d6d611f029a94df9cb0dd5d145e81dd1659419b28c584b4
P1,nep_wikipedia_2021_100K,nep,L20,128,http://ne.wikipedia.org/wiki/राहुल_साङ्कृत्यायन,dccc4b58f3d1d121dece9988a0a28a2a5c9ca5fe16c716fbe240d1bb6c41bddc
P1,nep_wikipedia_2021_100K,nep,L20,129,http://ne.wikipedia.org/wiki/लक्ष्मीप्रसाद_देवकोटा,bd1f6064cbb6864dfa86c7c4e48b6e6f813a8833c8433a5bd64f98b59c8a22f1
P1,nep_wikipedia_2021_100K,nep,L20,130,http://ne.wikipedia.org/wiki/गजल,10c838a2233b09c4d9a938e27c564359e77a4b3a5fee879dcdb7ef71b5a5dc48
P1,nep_wikipedia_2021_100K,nep,L20,131,http://ne.wikipedia.org/wiki/लोकविश्वास,68fe78994e2190404c38c5eff78313b5b124afcafb28a207dce0a17654d8f19f
P1,nep_wikipedia_2021_100K,nep,L20,132,http://ne.wikipedia.org/wiki/सिक्किमको_इतिहास,97ff6769ff22a0d5fcdae6d4a49a941e92bcd70f4fe1e6a5cf00dfd1954cd171
P1,nep_wikipedia_2021_100K,nep,L20,133,http://ne.wikipedia.org/wiki/लिम्बुवान,0a1f1ddf9326af1dcc5555c6ab56fb75dcacd11952895e400cda9f9edd155923
P1,nep_wikipedia_2021_100K,nep,L20,134,http://ne.wikipedia.org/wiki/लोत्ता_सिलिन,93f9f397ce7be7fc9cd7213b6b6d2c68bb62142547ae90be6338de6e00dd8a92
P1,nep_wikipedia_2021_100K,nep,L20,135,http://ne.wikipedia.org/wiki/मिला_कुनिस,31ca9ea255b3ceef6e59c59c2bc6c4cfdda98726355f0e594143df7d0bf92fce
P1,nep_wikipedia_2021_100K,nep,L20,136,http://ne.wikipedia.org/wiki/निबन्ध,92d8da7294e810c52d870b493e03532bd8483de52cbef84ffa008b661437731e
P1,nep_wikipedia_2021_100K,nep,L20,137,http://ne.wikipedia.org/wiki/लोकतन्त्र,9cf3ce0904a3293c75aea0e705822ba948a572956a3d01a83c55ebee46e4769e
P1,nep_wikipedia_2021_100K,nep,L20,138,http://ne.wikipedia.org/wiki/मोहम्मद_अलि_जिन्ना,42b31d3d65b5343b77f8f55b4ff916cdadc9d90bb7de5647a714e36d1640c0bf
P1,nep_wikipedia_2021_100K,nep,L20,139,http://ne.wikipedia.org/wiki/भुईंचालो,a436bb0c868620a099e903d3fd51593ab4fdca1787b910efea87aac95688ebe9
P1,nep_wikipedia_2021_100K,nep,L20,140,http://ne.wikipedia.org/wiki/तारानाथ_शर्मा,ca9d3b39f9d9448fad66e4cd4c471876e6d9a115e5ee14817d2ef0ec5f24296d
P1,nep_wikipedia_2021_100K,nep,L20,141,http://ne.wikipedia.org/wiki/योगमाया_न्यौपाने,7e0bba65e35bb8b9483c2ad7a2140583df7fe99b4fd306173cf6ecd8a9ab54da
P1,nep_wikipedia_2021_100K,nep,L20,142,http://ne.wikipedia.org/wiki/बेकी_लिन्च,6a313e75d959336dc9dcf279e4531c5c9c1db66a63c8fa8bd1da5a8cbf3adbb9
P1,nep_wikipedia_2021_100K,nep,L20,143,http://ne.wikipedia.org/wiki/सुरुङ्गा_क्षेत्रका_धार्मिक_एवं_पर्यटकीय_स्थलहरू,54bf93b3ceb4e4f1d954cb0b9db6afd036accd38340a44b98bfdeff87de7c96d
P1,nep_wikipedia_2021_100K,nep,L20,145,http://ne.wikipedia.org/wiki/युनानी_सभ्यता,b08fc0d1248ee754140490a5320c8ec56ae615dd03f34f4bc7966e4ee7100426
P1,nep_wikipedia_2021_100K,nep,L20,146,http://ne.wikipedia.org/wiki/छोटो_ठुँडे_कालो_सुगा,c1955772aa9d419a31f630e8d711cc65fa06568509d66f7a3fcbadddba5515c5
P1,nep_wikipedia_2021_100K,nep,L20,147,http://ne.wikipedia.org/wiki/दराई_जाति,e0d2cf62e9e36fa8b100bfb82f930b957901cc7f365c852c0bda7deab57d76bd
P1,nep_wikipedia_2021_100K,nep,L20,148,http://ne.wikipedia.org/wiki/अल्वर्ट_आइन्स्टाइन,e1404fd3a6e4e93cc3f225469e8df5e6875b9be8a4b8e215593568d7b3a3f32e
P1,nep_wikipedia_2021_100K,nep,L20,149,http://ne.wikipedia.org/wiki/सहिद_स्मारक_ए-डिभिजन_लिग,356d49144e2257ee0f7115be6df9723292ecb5a90fec4dabf06a001e6fd5b04d
P1,nep_wikipedia_2021_100K,nep,L20,150,http://ne.wikipedia.org/wiki/ज्योतिष,dbce3431cb591cc85a25e91896827b8c092442841c4cea70aa2e79baf389b474
P1,nep_wikipedia_2021_100K,nep,L20,151,http://ne.wikipedia.org/wiki/रस_(काव्य_शास्त्र),d1a8586eb8eecc717615f95970865870d420e6e6e390297fc4fcb3a9ab30f59f
P1,nep_wikipedia_2021_100K,nep,L20,152,http://ne.wikipedia.org/wiki/कोठी,95915a4236fc1edace3eb1c0d80ed68585ee577c77ad5af96c21fdbc1786e480
P1,nep_wikipedia_2021_100K,nep,L20,153,http://ne.wikipedia.org/wiki/जनसङ्ख्या_अर्थशास्त्र,1575a8f3c88ac060841611c25d03104962f2d3da12eb4d656bc3e9a59e8edd23
P1,nep_wikipedia_2021_100K,nep,L20,154,http://ne.wikipedia.org/wiki/माण्डूक्य_उपनिषद्,f18c8630e51791c27aff3f6c2804a1de8a99b4c1ea3011cd8516c7705033754f
P1,nep_wikipedia_2021_100K,nep,L20,155,http://ne.wikipedia.org/wiki/तेडी_मष्टो,8ac38fc5bc06dfb6104ee1877a48165005464b2b5e0aa8f6491b405cd358a6e9
P1,nep_wikipedia_2021_100K,nep,L20,156,http://ne.wikipedia.org/wiki/यूरोपको_इतिहास,da7842c62fc29a903e59f0cda8097f5de77bfeb4bb25c6a95b2a36ef87aaaf5e
P1,nep_wikipedia_2021_100K,nep,L20,157,http://ne.wikipedia.org/wiki/तीज,dbc0edc01d978bd59206be29e79720056845c68eec09fa7ebcad38db7e2752af
P1,nep_wikipedia_2021_100K,nep,L20,158,http://ne.wikipedia.org/wiki/सासा_ग्रे,2c36a052ed7054720d7171b2c4dbeec54da8a5e2ed6fa281d344e24ca0d88e92
P1,nep_wikipedia_2021_100K,nep,L20,159,http://ne.wikipedia.org/wiki/नेपालका_उपत्यकाहरू,91918ac84b890c1e0f7e0f1d1a93026022217438015be1eded373d1e8943b463
P1,nep_wikipedia_2021_100K,nep,L20,160,http://ne.wikipedia.org/wiki/पटना,0638f65d809189005e75ad0b4f2aee7482a4793116fb53b9eccca80b462dfc10
P1,nep_wikipedia_2021_100K,nep,L20,161,http://ne.wikipedia.org/wiki/भानुभक्त_आचार्य,198d70b84c9b133f647ddab43dd24e99742bb802bb4301da038e120d9d745ac7
P1,nep_wikipedia_2021_100K,nep,L20,162,http://ne.wikipedia.org/wiki/पिकदूत,e3af64c017788914c0bc2531afbb490bee13c21204fa0c7a913dab098ccfb805
P1,nep_wikipedia_2021_100K,nep,L20,163,http://ne.wikipedia.org/wiki/वाखेत_गाउँ,099d04bed073813c45a23d00c979a7e5fe2270430b3f3cfc17843a2b457eb143
P1,nep_wikipedia_2021_100K,nep,L20,164,http://ne.wikipedia.org/wiki/एडम_स्मिथ,50ba30145c6dd18312257a4820da9dba26065482be13e6cb1799b8d1240139c4
P1,nep_wikipedia_2021_100K,nep,L20,165,http://ne.wikipedia.org/wiki/चार्वाक_दर्शन,acc2d39c60fe3c6051a540d1cd83beec0de29eba7ed5068086cdeb4720eabde5
P1,nep_wikipedia_2021_100K,nep,L20,166,http://ne.wikipedia.org/wiki/पुमाली,3d0c3a8010e3cc4149aba9b3b3298906a5f2e12dc565e8e0e75c7ef0b2ef68de
P1,nep_wikipedia_2021_100K,nep,L20,167,http://ne.wikipedia.org/wiki/रामेछाप_जिल्ला,6ea432ca30655722379b69e2a6729bd34be321371b9cc340d1de51973f03395a
P1,nep_wikipedia_2021_100K,nep,L20,168,http://ne.wikipedia.org/wiki/मेलौली_भगवती_मन्दिर,30731be8421152dce973c6c395f5cc6f29812385fbf3133e21d0336a61f4c7a9
P1,nep_wikipedia_2021_100K,nep,L20,169,http://ne.wikipedia.org/wiki/जेन्डेया,3e8684c84184487f107c4ce7804ddf7bf13c989b949429f4a91ba9fac367b665
P1,nep_wikipedia_2021_100K,nep,L20,170,http://ne.wikipedia.org/wiki/इन्जिनियरिङ_अध्ययन_संस्थान,94bafc180486abe2e616a0d60e1f3b73085c63835981c3e65773c9bade477f7c
P1,nep_wikipedia_2021_100K,nep,L20,171,http://ne.wikipedia.org/wiki/फुटबलमा_प्रयोग_हुने_शब्दावली,2264452c313142764a29ac11fc58c54e5db2b66c3d20edd281c3a5731791e188
P1,nep_wikipedia_2021_100K,nep,L20,172,http://ne.wikipedia.org/wiki/मनोरोग_विज्ञान,ec3dec2ce8f54ed75e4914bad863ae479709c64c1d9c6ce40e424aadc09112b6
P1,nep_wikipedia_2021_100K,nep,L20,173,http://ne.wikipedia.org/wiki/होमियोप्याथी_चिकित्सा_पद्धती,5eff4656d65e35a4098ca583cff12d623fcfddaf7e4d489354ee5d85cdacb427
P1,nep_wikipedia_2021_100K,nep,L20,174,http://ne.wikipedia.org/wiki/ड्यारेन_क्रिस,78599e1538073deb5d418bfee58b8445466fa203eac1b2635ffbc5605f828420
P1,nep_wikipedia_2021_100K,nep,L20,175,http://ne.wikipedia.org/wiki/रोनाल्डिन्हो,ee824e42ba29173b531e2837625970c0666dfbcb8ad482f085f880922cf2dc3e
P1,nep_wikipedia_2021_100K,nep,L20,176,http://ne.wikipedia.org/wiki/नेपाल_नाग,a3e79665a996525e3fd96f79d7f960e6f71126bd33f028069f792910ec43b996
P1,nep_wikipedia_2021_100K,nep,L20,177,http://ne.wikipedia.org/wiki/दार्चुला_जिल्ला,9913fc6276380d1846cb22d2f7ee8a2e533077afafffd6d870da036a545f93f2
P1,nep_wikipedia_2021_100K,nep,L20,178,http://ne.wikipedia.org/wiki/हलेसी_महादेव,551b5fd2d4a13864b13ae342ca5f053aa0dfaa3b861d42675ac2d55d0b231b4c
P1,nep_wikipedia_2021_100K,nep,L20,179,http://ne.wikipedia.org/wiki/पृथ्वीनारायण_शाह,311a6e4e2ade543fdc43e567b20b0382d0cada0f7809b13e20e59f39ce006bc5
P1,nep_wikipedia_2021_100K,nep,L20,180,http://ne.wikipedia.org/wiki/इस्लामाबाद,fb2dbc670b9b806df381f71e692e6ea2ea56e62d7f7140b425705130e80fb039
P1,nep_wikipedia_2021_100K,nep,L20,181,http://ne.wikipedia.org/wiki/गङ्गा_नदी,47fa76daffb1ff4cdbde601c4e1ef7841f19f2646213624ea5ef34537824a2fe
P1,nep_wikipedia_2021_100K,nep,L20,182,http://ne.wikipedia.org/wiki/झापा_जिल्ला,691068389e383c3f1664acc7cc8695e83ae05c8ed3668226a77054efdc245537
P1,nep_wikipedia_2021_100K,nep,L20,183,http://ne.wikipedia.org/wiki/यार्सा_गुम्बा,6f375fdb3a9680d23f5df3abb98b6ce03ab0384a6ee7afcdb7c5413d2a322ffa
P1,nep_wikipedia_2021_100K,nep,L20,184,http://ne.wikipedia.org/wiki/अर्थनीति,64a1bd98c32891f1b75ebf29f290d320e549c284bba4d0bf96eba1d99ede8de8
P1,nep_wikipedia_2021_100K,nep,L20,185,http://ne.wikipedia.org/wiki/नेपाल_वायुसेवा_निगम,0d879f0810402f3ef038df14b516945bce2da5cbc752407590b002eca11904be
P1,nep_wikipedia_2021_100K,nep,L20,186,http://ne.wikipedia.org/wiki/याज्ञवल्क्य,81d803c27ac36dae67e170703c1ae00895acd36dcf4b7a592e844d0432fb919b
P1,nep_wikipedia_2021_100K,nep,L20,187,http://ne.wikipedia.org/wiki/अङ्गिरस_गोत्र,99c012bd7b77cd4259e48575f7bf1c4db0c28c01a5eb88ab7475ff02b5bba77a
P1,nep_wikipedia_2021_100K,nep,L20,188,http://ne.wikipedia.org/wiki/नेपाली_साहित्यिक_आन्दोलन,7abf61110e92e29f5809aa7e676a87d0ef22e022e43cbf3dc18b7f9cb9680159
P1,nep_wikipedia_2021_100K,nep,L20,189,http://ne.wikipedia.org/wiki/अर्थशास्त्रको_प्राविधिक_शब्दावली,0a2cbeef51f00c998b3a8d6e825e41578137e12977f18c6750327e905e43766e
P1,nep_wikipedia_2021_100K,nep,L20,190,http://ne.wikipedia.org/wiki/नेपोलियन_बोनापार्ट,d3d3876735d688f40f7c68fcbddee519c37a0df0e2efbf055539d51c9f5af915
P1,nep_wikipedia_2021_100K,nep,L20,191,http://ne.wikipedia.org/wiki/गोत्र,44b811e3b39127a1dad5449adc0d6f4e2d260082529c4d01f1e2a74b107d0073
P1,nep_wikipedia_2021_100K,nep,L20,192,http://ne.wikipedia.org/wiki/राजनीतिक_दल,03555df49d6c8f480c7d36e03adec50da8ed5edd9d4654785fcdf20a98c017e6
P1,nep_wikipedia_2021_100K,nep,L20,193,http://ne.wikipedia.org/wiki/महेश_कोर्मोचा,1162e64741ec87cdfb2efc8dc00dcd1209c2a326482bcd9b60bc33638b4fd194
P1,nep_wikipedia_2021_100K,nep,L20,194,http://ne.wikipedia.org/wiki/भीमसेन_थापा,59d3eb1642a863cbdf5da6092443a48edd65c04adb5c4384c10c5837d6d1a380
P1,nep_wikipedia_2021_100K,nep,L20,195,http://ne.wikipedia.org/wiki/वाष्प_इन्जिन,34411fd58c0ee23cce5dd2cb4fb5bc592552243ebdc413c8911fc0f3473e2391
P1,nep_wikipedia_2021_100K,nep,L20,196,http://ne.wikipedia.org/wiki/हर्सा,477e2ab7586e1ac31a518293b0d105d73d8a1d100ee60465fbb4ce2d96a10485
P1,nep_wikipedia_2021_100K,nep,L20,197,http://ne.wikipedia.org/wiki/गुणराज_अवस्थी,04f0b20efcbee798014744bcea3f32e1a11241116feb1e279def42aa9410d0e8
P1,nep_wikipedia_2021_100K,nep,L20,198,http://ne.wikipedia.org/wiki/जेसिका_अल्बा,f34c374e6f34a8f953aab9face250fd5af41e4ceaa3980a3c78eba36abe78364
P1,nep_wikipedia_2021_100K,nep,L20,199,http://ne.wikipedia.org/wiki/मुसफिकुर_रहिम,3ffcce6d2b213a77aeadc9ed6d9f25fcc61e99fdc8b33bfe1e468be474f79a22
P1,nep_wikipedia_2021_100K,nep,L20,200,http://ne.wikipedia.org/wiki/गिरिजाप्रसाद_कोइराला,e0e3243edc4065ce8a1a49e7b95ceea34a0afb41328b7edff9f5563736e6f685
P1,nep_wikipedia_2021_100K,nep,L20,201,http://ne.wikipedia.org/wiki/गोलभेडा,23dba84dc00ed8592431a9bdc44af6031acd2db9f6e6bfe8697ffc70501bc03f
P1,nep_wikipedia_2021_100K,nep,L20,202,http://ne.wikipedia.org/wiki/अन्तिम_संस्कार,87d47554cb4a7c49d3f04f2d41d61b7f331b9b242ef2bf613c78553a21544a31
P1,nep_wikipedia_2021_100K,nep,L20,203,http://ne.wikipedia.org/wiki/ओलिभिए_जिरू,dd4925b41cd30d3e727390b8b8dd071ea2851beacc75d34b52f29ec1d073952d
P1,nep_wikipedia_2021_100K,nep,L20,204,http://ne.wikipedia.org/wiki/ठूलो_घाउँके_हावासील,41c7ad746f60dd06528b8efbc0bb5a05e9e69e1d1c5ad40b803fe203f96afb9e
P1,nep_wikipedia_2021_100K,nep,L20,205,http://ne.wikipedia.org/wiki/जसबीरे,de651335dfa2ca3de0360456a7c94dfe4aa4f9677663c4908f11e2c21fb08659
P1,nep_wikipedia_2021_100K,nep,L20,206,http://ne.wikipedia.org/wiki/पाताल_भुमेश्वर_महादेव_मन्दिर,948274931b8d37baab26baabab25ca7461414171a04d62d25fe303b529f4b0f4
P1,nep_wikipedia_2021_100K,nep,L20,207,http://ne.wikipedia.org/wiki/बाघ,44cec525901d13b9aa8391413f31417050154b8cd6ed3d7f80a0c74ac8bf1f1f
P1,nep_wikipedia_2021_100K,nep,L20,208,http://ne.wikipedia.org/wiki/मञ्जुश्री,b85fd2734c2f7774dacb125b6a2620b84dde99152ada171d04343967e4d0935d
P1,nep_wikipedia_2021_100K,nep,L20,209,http://ne.wikipedia.org/wiki/चट्याङ,3e6b4a838e26a19a6a36ba01a8586893f743d947459a039d99fd1ee0fca3d785
P1,nep_wikipedia_2021_100K,nep,L20,210,http://ne.wikipedia.org/wiki/स्याङ्जा_जिल्ला,b99341cf52ad2a8fc914ab33977a58991c48a0e1ec8052b89781481f0451023c
P1,nep_wikipedia_2021_100K,nep,L20,211,http://ne.wikipedia.org/wiki/पानी,04fd3bac6c830089f638af7a67ab11e58f0c5f42b30cf8d155ca90accb03cbe2
P1,nep_wikipedia_2021_100K,nep,L20,212,http://ne.wikipedia.org/wiki/कार्मेला_(कुस्ती_खेलाडी),4e4141839ffaefbc38ca66ab20bd2d45a8cf03bff4d2714efb24a4d73da81a4f
P1,nep_wikipedia_2021_100K,nep,L20,213,http://ne.wikipedia.org/wiki/जयपृथ्वीबहादुर_सिंह,5d0ea702ab3e738dbc0d2d796f9902cff4fdac8ffa33a05636ca65f4c2ff82c5
P1,nep_wikipedia_2021_100K,nep,L20,214,http://ne.wikipedia.org/wiki/कोत_पर्व,194304095988401d40fb3e5eeae25ee750e19d4733ad1fc769c4598d4fe5ccf0
P1,nep_wikipedia_2021_100K,nep,L20,216,http://ne.wikipedia.org/wiki/२००७-२००८_को_वित्तीय_सङ्कट,67cf1b9948b3de680e8e01eb0b057ea9c5d5456ac6c5ac9475686da1179930a3
P1,nep_wikipedia_2021_100K,nep,L20,217,http://ne.wikipedia.org/wiki/भीमबहादुर_थापा,c4e02df66f10fbc803375e641872182b07a58b548951e019c6a5a487d0d95d59
P1,nep_wikipedia_2021_100K,nep,L20,218,http://ne.wikipedia.org/wiki/अस्पताल,7aa0f173c34078dffa4d5628063f32d3c537b6ef495056b5614fa72aba48e762
P1,nep_wikipedia_2021_100K,nep,L20,219,http://ne.wikipedia.org/wiki/सवारी_चालक_अनुमति_पत्र,51601ae8bbe5a665458f5efa9700404e6ad7729e82569b89997196dee82d9cf0
P1,nep_wikipedia_2021_100K,nep,L20,220,http://ne.wikipedia.org/wiki/उदयदेव_मन्दिर,d8240228c13a7a3614af4636a5511b073b3a729ad668b7a4d2b97ad08bac3f09
P1,nep_wikipedia_2021_100K,nep,L20,221,http://ne.wikipedia.org/wiki/विशाल_नेपाल,c5cf4b377d032def4f86b00d8364bb5c92cb598990dd85b350a64040e7582243
P1,nep_wikipedia_2021_100K,nep,L20,222,http://ne.wikipedia.org/wiki/तीव्रग्राहिता,d7685e73512e77d02b5a1fe42b444e6b8eb15f14975f2f5aa6ec572889853b04
P1,nep_wikipedia_2021_100K,nep,L20,223,http://ne.wikipedia.org/wiki/पहेँलो_पुच्छ्रे_कालो_सुगा,bb347ec09728546c4ee0c8e2cfe0030f9155f5fea5337b6b1f49f6585468dfeb
P1,nep_wikipedia_2021_100K,nep,L20,224,http://ne.wikipedia.org/wiki/स्तिना_ब्ल्याकस्तेनिउस,3474b63ee5ebcb24e134dbb104378fadd12f811745848ef43627276fdbfb702e
P1,nep_wikipedia_2021_100K,nep,L20,225,http://ne.wikipedia.org/wiki/तिब्बत,cbe74e283363d2b17c6d16edb83bab373491512e8e9d42b62c24cf7b8f5d9798
P1,nep_wikipedia_2021_100K,nep,L20,226,http://ne.wikipedia.org/wiki/गहुँ,e1312f84ec3d227c4967a898a1a1b7d1440f4683d27e0b0983b5650813ac30f7
P1,nep_wikipedia_2021_100K,nep,L20,227,http://ne.wikipedia.org/wiki/हाइपोथर्मिया,6ff1a1d4ddbc4cced217a0033976af849c3b3c77caffc0401a1d224b1e80ac08
P1,nep_wikipedia_2021_100K,nep,L20,228,http://ne.wikipedia.org/wiki/कृष्ण_पाउरोटी,f2d8f22826e3e5ebe59c578924c5f5117e63f15c7b2a08ffdcb6e71a0f45ceea
P1,nep_wikipedia_2021_100K,nep,L20,229,http://ne.wikipedia.org/wiki/हिप्नाेसिस्,f83c360a4fcce503df020a339b2e961a694c2877918e8442ecc7477f98e4c72b
P1,nep_wikipedia_2021_100K,nep,L20,230,http://ne.wikipedia.org/wiki/मूला,0a014101f4b5f5803d63da2f3552dcbe7032e3c07cd311805c318897c4477c10
P1,nep_wikipedia_2021_100K,nep,L20,231,http://ne.wikipedia.org/wiki/भिमिओ,2c0a6d41116a77c6179ce0b2912c28c955b675c669c6931175c3870b1297538c
P1,nep_wikipedia_2021_100K,nep,L20,232,http://ne.wikipedia.org/wiki/माडी_नगरपालिका,ccb0c5ef0736f3c70c101362c0c99fed58953e66794407c128e11c3b85e4324c
P1,nep_wikipedia_2021_100K,nep,L20,233,http://ne.wikipedia.org/wiki/प्राचीन_अर्थशास्त्रीय_चिन्तन,d77959e31349449b8317fb57039ff661ca76c25a6fbc8bbcab58e3f7a29d70dd
P1,nep_wikipedia_2021_100K,nep,L20,234,http://ne.wikipedia.org/wiki/स्वामी_विवेकानन्द,93c47dd4fcfbe9c8c67b4226790493acd788121bfd97f20025ed99a06da0eccc
P1,nep_wikipedia_2021_100K,nep,L20,235,http://ne.wikipedia.org/wiki/चे_ग्वेभारा,7633f77b06d8b5e53700c611f1fb1f0f98e3873f0c6b80884628630802ba32a2
P1,nep_wikipedia_2021_100K,nep,L20,236,http://ne.wikipedia.org/wiki/नेपालको_इतिहास,db20d4ee84e6ba0dfec04f09858a5f3929b3876e1e0c0f9068ce4103001c7bcf
P1,nep_wikipedia_2021_100K,nep,L20,237,http://ne.wikipedia.org/wiki/भक्ति_गीत,58993a1d3d0a24dacc6f0a20c04165bca7a9c036cfd9cf03e6ba3b0822df963d
P1,nep_wikipedia_2021_100K,nep,L20,238,http://ne.wikipedia.org/wiki/ढकाल,2179c1ff15bbd090f256176ab9997290cf8a93ba45342eca56e6fd9d273dbedb
P1,nep_wikipedia_2021_100K,nep,L20,239,http://ne.wikipedia.org/wiki/नवरात्रि,f1542b2cad8b3340e790a2f5035b198811644ad34ca6a3e3c1c83ec8d5a9d612
P1,nep_wikipedia_2021_100K,nep,L20,240,http://ne.wikipedia.org/wiki/सीता,9787eee391b1398a93add56791d67f814b1cb212f19b762473e339f183c7e8f6
P1,nep_wikipedia_2021_100K,nep,L20,241,http://ne.wikipedia.org/wiki/जापान,c28eddd3680a8185d616c084e55481a3e5b6609635609c365c1c79ce02b983d4
P1,nep_wikipedia_2021_100K,nep,L20,242,http://ne.wikipedia.org/wiki/अर्थशास्त्र_(ग्रन्थ),baba454417baea5b5be3fae2e44cb829cd657c1c1106b84291973d31e05efdac
P1,nep_wikipedia_2021_100K,nep,L20,243,http://ne.wikipedia.org/wiki/हाँडे,5792e68846b7eed2a685115a7aaceddc6b1765b67074693b66666d71da1f69e0
P1,nep_wikipedia_2021_100K,nep,L20,244,"http://ne.wikipedia.org/wiki/पिपलकोट,_दैलेख",0f753bdf9d430fa006142cce4f54d582cdd1ef58fa4cac546b84d35175420d42
P1,nep_wikipedia_2021_100K,nep,L20,245,http://ne.wikipedia.org/wiki/एजे_ली,a739a6a2371320800d7d6867358b1fab8e004d6d47e13cba46ba79a6e64264d8
P1,nep_wikipedia_2021_100K,nep,L20,246,http://ne.wikipedia.org/wiki/गौतम_बुद्ध,8e060078501dd884eb9e8b16abf16ba74e86712fa2ad61f6cbde8b215f1e8fd7
P1,nep_wikipedia_2021_100K,nep,L20,247,http://ne.wikipedia.org/wiki/रूबि_रायट,5632ddc92a14095c0d51ede5102ee2f9e2e9950f94710e5f77aa067a69d9b668
P1,nep_wikipedia_2021_100K,nep,L20,248,http://ne.wikipedia.org/wiki/गर्भा_दरबार,d222dd9b2610db8807bc1f7af080abb3be19090b46b1014ceceef4f593bdd237
P1,nep_wikipedia_2021_100K,nep,L20,249,http://ne.wikipedia.org/wiki/रातो_मच्छिन्द्रनाथको_रथयात्रा,217e6806596ad59ce3164a1bca03719faa5c1617f6a2f367b23d39a75f7efe17
P1,nep_wikipedia_2021_100K,nep,L20,250,http://ne.wikipedia.org/wiki/सर्पगन्धा,cc365f8c77010698f13f5479506b4cd344979740903dcb828677e189e8610cb0
P1,nep_wikipedia_2021_100K,nep,L20,251,http://ne.wikipedia.org/wiki/ओनोदा_हिरो,4031ea32f5bc9b26ac96a8f50a30664556b549580df4bee4448ec716c5c4d383
P1,nep_wikipedia_2021_100K,nep,L20,252,http://ne.wikipedia.org/wiki/सल्यान_जिल्ला,c8bd350d333b9a52f1b8cf84a8d46f1cbcfb499b62cbb19df01c704ec91c4667
P1,nep_wikipedia_2021_100K,nep,L20,253,http://ne.wikipedia.org/wiki/बहादुर_शाह,965e56ace1d733e06117f2fc513acfac0aeffd67d049d901ab97d7be1f9986c5
P1,nep_wikipedia_2021_100K,nep,L20,254,http://ne.wikipedia.org/wiki/दोस्रो_विश्व_युद्ध,2e237634cab1ed64e2de67d43a392e3092dd68075ef2e1871144c61045170c40
P1,nep_wikipedia_2021_100K,nep,L20,255,http://ne.wikipedia.org/wiki/सूर्यग्रहण,700c878ea95d0986c7e5aa2fc3ffa50379a57677a8043c84fab02bd08f398e6c
P1,nep_wikipedia_2021_100K,nep,L20,256,http://ne.wikipedia.org/wiki/कुशेश्वर_महादेव_मन्दिर,737a2b5f64cf4d50f37c595dc90fc03fea20a4fecbb42487576bee017bd54bb9
P1,nep_wikipedia_2021_100K,nep,L20,257,http://ne.wikipedia.org/wiki/हैजा,d785815399a40f200f4b64d4ad171a1c61ecdad1c890c29fd81ee47cc136e5fb
P1,nep_wikipedia_2021_100K,nep,L20,258,http://ne.wikipedia.org/wiki/वसुधारा,8b47b0bef2210a5898abb665808a002105b80dd7940a60776544029589ecfab5
P1,nep_wikipedia_2021_100K,nep,L20,259,http://ne.wikipedia.org/wiki/सरा_लारसन,c34b826069bc48de05e16f4d2555710cae066a43b6277df7aa8e41c2fc3dceb7
P1,nep_wikipedia_2021_100K,nep,L20,260,http://ne.wikipedia.org/wiki/नेपाल_कम्युनिष्ट_पार्टी_(माओवादी_केन्द्र),06501b1852668d922519f45a8c6c1b2b68a8a3a2793e88397b67dae27823babb
P1,nep_wikipedia_2021_100K,nep,L20,261,http://ne.wikipedia.org/wiki/फिलिप_काउटिन्हो,d1430db4c3d1eb9d047147d00a78b7ab648ad30eb502d2a680a7f2a4c4b446df
P1,nep_wikipedia_2021_100K,nep,L20,262,http://ne.wikipedia.org/wiki/नारायण_नगरपालिका,3d1dcadb67d7cd5cb67f40db926d3dc359fa88d24c06fc985a07fc760da78392
P1,nep_wikipedia_2021_100K,nep,L20,263,http://ne.wikipedia.org/wiki/दीपिका_पादुकोण,9791c1aeac2af4bf8fa92e7bce2261aa7824d027c4e9e8f08b2cfce5c10b6268
P1,nep_wikipedia_2021_100K,nep,L20,264,http://ne.wikipedia.org/wiki/लियाम_पेन,618220cd79b318855228b8face6d283704a87c1b0f77ae5f31baa0fd94f9e439
P1,nep_wikipedia_2021_100K,nep,L20,265,http://ne.wikipedia.org/wiki/आचार्य_चण्डेश्वर,02897e2a03ae3fed62f218bd2d060713745154518a45b0889a5a8505a78d3471
P1,nep_wikipedia_2021_100K,nep,L20,266,http://ne.wikipedia.org/wiki/खैराला,2ca4df2693a1246736a52b8f8c80bf3a248ee3b7998759321674a6f42a3f34cb
P1,nep_wikipedia_2021_100K,nep,L20,267,http://ne.wikipedia.org/wiki/रामानुजाचार्य,1aa545872c0ccdebc46fcea53e8d555aae07d224926f33f3069039b47ea71248
P1,nep_wikipedia_2021_100K,nep,L20,268,http://ne.wikipedia.org/wiki/कुलुङ,9cf4ab123055b87d0a03103a384c9e8dc9c4e1e976fb059ce26f0adb0916390f
P1,nep_wikipedia_2021_100K,nep,L20,269,http://ne.wikipedia.org/wiki/अनिरुद्रप्रसाद_सिंह,0df52f92feb539f4f190e4d38afb06d438a4cc3cf494b8e4c82fd99afd5508a5
P1,nep_wikipedia_2021_100K,nep,L20,270,http://ne.wikipedia.org/wiki/निर्वाचन_प्रणाली,8d5392c1c8ad4d9251091a37e7354a6a95388189f547e1c3389deef34e4e79f1
P1,nep_wikipedia_2021_100K,nep,L20,271,http://ne.wikipedia.org/wiki/शाह_वंश,fac8a30e868a66ac4f89dd5c53a73b5082d5d02da18e37c15d39500bf7476935
P1,nep_wikipedia_2021_100K,nep,L20,272,http://ne.wikipedia.org/wiki/कुखुरा_पालन,0f0b863ef211294f3b7c3d7fce1e3fb8c4564f4e5a5ef3d1b47fa5692ba3a822
P1,nep_wikipedia_2021_100K,nep,L20,273,http://ne.wikipedia.org/wiki/जयप्रकाश_मल्ल,8ccaae5277cd217580041e210a4931968b0cb5c24ce23062dc0da30107aa73eb
P1,nep_wikipedia_2021_100K,nep,L20,274,http://ne.wikipedia.org/wiki/देङ_शियाओ_पिङ,8eab21c05cf6f95fa8cde49da18f762d41388c4c7b07105f1801e3453c99573c
P1,nep_wikipedia_2021_100K,nep,L20,275,http://ne.wikipedia.org/wiki/आगो,8dcd4306dbf68031fbb197bf2c98838ec504d0b8f62785014f79948021340bb3
P1,nep_wikipedia_2021_100K,nep,L20,276,http://ne.wikipedia.org/wiki/उपनिषद्,d0af7901f677ae8a61138056a4b2fb70789e01a7023d7dccf77f12c7f238b868
P1,nep_wikipedia_2021_100K,nep,L20,277,http://ne.wikipedia.org/wiki/ऋषिपञ्चमी,57abf95f6a9fbd34b09d1c91dda77097ae87c0bea02812e228cbf3a63aff42cb
P1,nep_wikipedia_2021_100K,nep,L20,278,http://ne.wikipedia.org/wiki/नेपालको_प्रधानमन्त्री,e29802b5e8f70f16977f35356ad27432e0ee1cabb80d9c49ce46c8d8efdea143
P1,nep_wikipedia_2021_100K,nep,L20,279,http://ne.wikipedia.org/wiki/अर्थशास्त्र,6c6a4e6e7a89bb203bbad5f14f26ad6e86980a14842d5637facc7d734085c017
P1,nep_wikipedia_2021_100K,nep,L20,280,http://ne.wikipedia.org/wiki/महावु_धाम,a4a1afa37b00ff0790b58e7397808eb29091fb387798a0052e82c20a5601473c
P1,nep_wikipedia_2021_100K,nep,L20,281,http://ne.wikipedia.org/wiki/अब्दुल_कलाम,8776cd75d3e282eac07a0c51244c72138445a598f6a4029760952a19ec2ae6ca
P1,nep_wikipedia_2021_100K,nep,L20,282,http://ne.wikipedia.org/wiki/रोहित_शर्मा,f58a21393a1d56fb70b4ab46ea16657f2aef97c60332202478eddecad9cbe84b
P1,nep_wikipedia_2021_100K,nep,L20,283,http://ne.wikipedia.org/wiki/साकिब_आल_हासान,b4e5111b567cf651730dfc4d451edac919eb660f2922ee775a839f2e9203ebed
P1,nep_wikipedia_2021_100K,nep,L20,285,http://ne.wikipedia.org/wiki/सोलुखुम्बु_जिल्ला,7750b2556f66fad247058c606f0c3dbe701444fa364d00c7585eddd89032b597
P1,nep_wikipedia_2021_100K,nep,L20,286,http://ne.wikipedia.org/wiki/भजहर,079aa3930fe0abf0d58adf789a6f8ea9e6ca10cebd93bee49353fae56f0390ee
P1,nep_wikipedia_2021_100K,nep,L20,287,http://ne.wikipedia.org/wiki/गोकर्णेश्वर_मन्दिर,69a43f91c002bdda4ef21e6f2a321719b859a69baad1def4077d8df72cddfb6f
P1,nep_wikipedia_2021_100K,nep,L20,288,http://ne.wikipedia.org/wiki/बाइबल,6ecbf54df50e2e7a466edbce4eac1725a7a1806f20d6f9db04d4b38ff08d7fb1
P1,nep_wikipedia_2021_100K,nep,L20,289,http://ne.wikipedia.org/wiki/बाल_अधिकार_महासन्धि,55203276263b32c268541f9609684fce5db9535367933909ad13edb4380fbe8b
P1,nep_wikipedia_2021_100K,nep,L20,290,http://ne.wikipedia.org/wiki/बुद्ध_अवतार,1026f9492e7df60d768ffe789ea0bcac44037cf2fc0eb12cc3c89bf98ff0f566
P1,nep_wikipedia_2021_100K,nep,L20,291,http://ne.wikipedia.org/wiki/फिफा_महिला_विश्वकप,bd89303efbcab2f8f8698a5dd1440162460a377c0d8b0914772e767d37ce7906
P1,nep_wikipedia_2021_100K,nep,L20,292,http://ne.wikipedia.org/wiki/मृगौला,b3201eb8d55ef8bd98f39d80e0a68cf86ca780d2af26c4913539c15f9125fb46
P1,nep_wikipedia_2021_100K,nep,L20,293,http://ne.wikipedia.org/wiki/मानव_विकास_अर्थशास्त्र,0bca6af71af3dda0243344afbc679e6830a0a25d28e0046fd2a0854867d07f58
P1,nep_wikipedia_2021_100K,nep,L20,294,http://ne.wikipedia.org/wiki/सिद्धीपुर,b936ec6b62098aa174680e5f7b15c48fe8840cc620ffadf249f913e7e38755c6
P1,nep_wikipedia_2021_100K,nep,L20,295,http://ne.wikipedia.org/wiki/व्यवसाय,ce1f2a23ab305db59ef2e7becf618572b88e6c8d47f8a564376932bca374403e
P1,nep_wikipedia_2021_100K,nep,L20,296,http://ne.wikipedia.org/wiki/स्थानीय_तह,6b1d63683584ac90fe64700719741ac6f24f30b995ea24203e97e7eb97cc503f
P1,nep_wikipedia_2021_100K,nep,L20,297,http://ne.wikipedia.org/wiki/केन्द्रीय_सहिद_मिनार,3c7e73a23429865568aa3b14ea10149fbaee3f71cb9c251f6c3c63e7b8eb0a63
P1,nep_wikipedia_2021_100K,nep,L20,298,http://ne.wikipedia.org/wiki/खड्गजीत_बराल,36027839ef1a6f738470b88b07087b203afe1777cad2d40805ab6212173c4177
P1,nep_wikipedia_2021_100K,nep,L20,299,http://ne.wikipedia.org/wiki/भट्ट,da7a9dac677a1008bb7ba17bed31512ff51399547223eb2b895541336b2b4a71
P1,nep_wikipedia_2021_100K,nep,L20,300,http://ne.wikipedia.org/wiki/अनलाइन_पत्रिका,e42a588541be7773cf16e8a8d047057db55209098efcf61383cd566ae5a60d87
P1,nep_wikipedia_2021_100K,nep,L20,301,http://ne.wikipedia.org/wiki/किशोरदेह_(उपन्यास),d7f225d74491d54ea63b883a3c884b978ff7f310a1825bb7f154226843426de4
P1,nep_wikipedia_2021_100K,nep,L20,302,http://ne.wikipedia.org/wiki/मकै,db44b84fe6bd9c4a7954ce5b67d6ed1afc11ae2149054a15cb7fd8c9609a86a1
P1,nep_wikipedia_2021_100K,nep,L20,303,http://ne.wikipedia.org/wiki/मित्रसेन_थापा_मगर,c83386aae70b389c06765a8ea2af7d849235358ccfe7b9070c7e7c481f6b4b0e
P1,nep_wikipedia_2021_100K,nep,L20,304,http://ne.wikipedia.org/wiki/नेपाल_प्रेस_युनियन,3e7e76cdaa4fec55c5f0d6498a11950bd868c66db64eaceb8f7afed34be77452
P1,nep_wikipedia_2021_100K,nep,L20,305,http://ne.wikipedia.org/wiki/माल्थसको_जनसङ्ख्या_सिद्धान्त,090d2d6a21223f2fb23c9674bf15bc40708246139b6b0cf09d6885d39b28be0c
P1,nep_wikipedia_2021_100K,nep,L20,306,http://ne.wikipedia.org/wiki/स्तन_क्यान्सर,3ca49a7085d3423ffc766b684165c05e7ed567121728fba32654e396485ded43
P1,nep_wikipedia_2021_100K,nep,L20,307,http://ne.wikipedia.org/wiki/तामिम_इकबाल,b04ce5584577410a7d7d5a32e919b9b1e2865be32f60582fec79dcc381d7c724
P1,nep_wikipedia_2021_100K,nep,L20,308,http://ne.wikipedia.org/wiki/हियर_विगो,2cc9e7fe56ca6e8766ab9763526d8e2f5a103e26bb6d2f8f9126ffc94c601e97
P1,nep_wikipedia_2021_100K,nep,L20,309,http://ne.wikipedia.org/wiki/आईफोन_फाइभ,ca5c6ef815d9b7d9a525de73dc469a4a3c6c90900744680cfa416a9a83f8e7ba
P1,nep_wikipedia_2021_100K,nep,L20,310,http://ne.wikipedia.org/wiki/बनेपा_नगरपालिका,0576df37d480c18a510c0ba9e63858705e450ad66f9eafd9240718335288d6b6
P1,nep_wikipedia_2021_100K,nep,L20,311,http://ne.wikipedia.org/wiki/लिङ्ग्वा_फ्राङ्का_नोभा,8d121cdc0cb6a5a7eb758e5854fc5ffb12a591b058e4a9b411f4f6bd3df80e6b
P1,nep_wikipedia_2021_100K,nep,L20,312,http://ne.wikipedia.org/wiki/किम_जोङ_उन,3c6da51d3a9fe5da9127c296e9ce2eed2ec4842ad4ea29e9d0c57d19dcf2ac9e
P1,nep_wikipedia_2021_100K,nep,L20,313,http://ne.wikipedia.org/wiki/चाणक्य_नीति,ef98b3cf5d8d643f5bd351d5751b6e045dbed696c6b8f3f0b2046be2c3acc083
P1,nep_wikipedia_2021_100K,nep,L20,314,http://ne.wikipedia.org/wiki/महिनावारी,20b8c0ec4e96e5751d30148995613800abb017d695568c041c6ef4c65ef848c4
P1,nep_wikipedia_2021_100K,nep,L20,315,http://ne.wikipedia.org/wiki/कृष्णप्रसाद_भट्टराई,116a6810c940ea0471bde2637adf84dc253ee6518afaa2330da473578da61ca7
P1,nep_wikipedia_2021_100K,nep,L20,316,http://ne.wikipedia.org/wiki/अमेरिकी_क्रान्तिकारी_युद्ध,6140b5ba13e5f70ff23a65022ce6e2f684e0ae0118e32f54921aa499aed74bb4
P1,nep_wikipedia_2021_100K,nep,L20,317,http://ne.wikipedia.org/wiki/भ्लादिमिर_पुतिन,cb99f3eaa2abf892f096959a17c46c18eec5fa45b8611aae68b7cf5b40a0878b
P1,nep_wikipedia_2021_100K,nep,L20,318,http://ne.wikipedia.org/wiki/द्वन्द्वात्मक_भौतिकवाद,8e66bb992fe424655dd8f81afeb69c3fc09b1026babf25c64a821ae457032bc8
P1,nep_wikipedia_2021_100K,nep,L20,319,http://ne.wikipedia.org/wiki/पानी_जहाज,c1200ddc6301426e1e0046e9464ff6730f5fbb31a4cfa832557b5c900abe1d27
P1,nep_wikipedia_2021_100K,nep,L20,320,http://ne.wikipedia.org/wiki/स्वतन्त्र_एवं_खुला_सफ्टवेयर,3c8dbc6b554f36972f8487a68932e5b5f45315efa07c4918d82b165ebc36a3d7
P1,nep_wikipedia_2021_100K,nep,L20,321,http://ne.wikipedia.org/wiki/कोलेस्टेरोल,040e59b4b7a925862be0103e71261fe3a19f7c72e391a02a3794055875732317
P1,nep_wikipedia_2021_100K,nep,L20,322,http://ne.wikipedia.org/wiki/नवजात_शिशु_तथा_बाल_स्वास्थ्य_स्याहार,a642e24268771dfd77db61ca4c7939cd3e26262c6baade210a15aa85f756ab1c
P1,nep_wikipedia_2021_100K,nep,L20,323,"http://ne.wikipedia.org/wiki/माघ_१९,_२०६१_को_शाही_घोषणा",2ce3bacef6bf94f4232e1654fef42ebf797a66cfdaac03d52dfb196e614493b8
P1,nep_wikipedia_2021_100K,nep,L20,324,http://ne.wikipedia.org/wiki/मन्त्र,e34b5cf4e33face6a6984c0bcba1ba906bd8da4b5dc0125b6d704fed5097fabf
P1,nep_wikipedia_2021_100K,nep,L20,325,http://ne.wikipedia.org/wiki/नो_एन्जेल्स,5ea0f30f24566f22cfc83efd675b779466701cf7fd4b10e820532d19a6cc21d3
P1,nep_wikipedia_2021_100K,nep,L20,326,http://ne.wikipedia.org/wiki/पाल_ए_स्याम्युएल्सन,a3fa044f30c8a9a2c9efdcff9c65d89fd1462335a3e8c41e727a6a2aa7788127
P1,nep_wikipedia_2021_100K,nep,L20,327,http://ne.wikipedia.org/wiki/बङ्गलादेशी_चलचित्र,766714a59b5664b3353f7ae7406facbd13bf07e0ff2842f124ea0a585b74da2c
P1,nep_wikipedia_2021_100K,nep,L20,328,http://ne.wikipedia.org/wiki/यासुनारी_कावाबाता,d60ab3b8b61d8c55d6b7bd89200867edcca8e98fa45c619fd56847e7239e4c91
P1,nep_wikipedia_2021_100K,nep,L20,329,http://ne.wikipedia.org/wiki/आयुर्वेद,c2f027694f5aa71b0dc82bcd81f1af4eb2f20f20b18aac81aa3ecdbdd0ac8292
P1,nep_wikipedia_2021_100K,nep,L20,330,http://ne.wikipedia.org/wiki/केप_टाउन,6f30226d907483222893949718bfe90d538aa75e8954f62acd802cfb494d35e7
P1,nep_wikipedia_2021_100K,nep,L20,331,http://ne.wikipedia.org/wiki/शन्तनु,268257e014b47f784ffc5777f89b5fca5817d2305d6f916ee0a91f278ed70704
P1,nep_wikipedia_2021_100K,nep,L20,332,http://ne.wikipedia.org/wiki/ग्ली_(टिभी_शृङ्खला),2890500ebd3b17e8e30789759f91f0555e93d9afcc5422f795e2e7a1bb0eb189
P1,nep_wikipedia_2021_100K,nep,L20,333,http://ne.wikipedia.org/wiki/नारायणगोपाल_गुरूवाचार्य,3983da2a49468ff489ba32e73597d5139ed34ef27f94639f74ec226a8e898622
P1,nep_wikipedia_2021_100K,nep,L20,334,http://ne.wikipedia.org/wiki/प्रेमा_शाह,345012fabbb2c89d2bcf28113fca7f8a537384487c50b4d54688557c31569ce6
P1,nep_wikipedia_2021_100K,nep,L20,335,http://ne.wikipedia.org/wiki/विन्डोज_१०,1573082387b3c0fe2260a189296f0c1b2148a2986496a4eb843de83d254f57fd
P1,nep_wikipedia_2021_100K,nep,L20,336,http://ne.wikipedia.org/wiki/इरफान_खान,80d2f7df2a63d5b6e04faa93381d4e86ec8bce14d913e3d691803372469a48f6
P1,nep_wikipedia_2021_100K,nep,L20,337,http://ne.wikipedia.org/wiki/हरिवंश_आचार्य,10c030da31d90d3f30f71b1b8e6fc6093c85199ea069d4ea403067b25dcbd7a2
P1,nep_wikipedia_2021_100K,nep,L20,338,http://ne.wikipedia.org/wiki/दुलालथोक,7d160fcb413ce10606a502bcbaa8020bdd009d096749c5412afa35f0661330bf
P1,nep_wikipedia_2021_100K,nep,L20,339,http://ne.wikipedia.org/wiki/कथकली,6d13ef8e9ccb6d5a18ef1b0b111510fb1e560a277d15b22ee7d24e639ccfb61e
P1,nep_wikipedia_2021_100K,nep,L20,340,http://ne.wikipedia.org/wiki/गायत्री_मन्त्र,612a498328c7658b6da552cc38ee8f2b02e7c07056c7c3de50eb575a253867a0
P1,nep_wikipedia_2021_100K,nep,L20,341,http://ne.wikipedia.org/wiki/मोक्ष,b1c1b371ca39a2923d87a1b15d8e924a18c4c2569b67dd7eb4f30d5a4a7f2f0e
P1,nep_wikipedia_2021_100K,nep,L20,342,http://ne.wikipedia.org/wiki/समैजी_देवता,bdf40422587a25c4427693858bea69253575d439f4402ed48e8168e7e39b6b79
P1,nep_wikipedia_2021_100K,nep,L20,343,http://ne.wikipedia.org/wiki/ठूला_केदार,ed70815e3724f05830933fd19278314dc3ed8d6e1d0270f01baaed5fe852e839
P1,nep_wikipedia_2021_100K,nep,L20,344,http://ne.wikipedia.org/wiki/अष्टमङ्गल,dd0890b01499270c1528b158bc270093075acf468b75bb1f781c8df99aa0c3ac
P1,nep_wikipedia_2021_100K,nep,L20,345,http://ne.wikipedia.org/wiki/दुलाल,d422efa198e2e5344fefac1e09964fab04b7ba9722c795ba56761823036f3ecd
P1,nep_wikipedia_2021_100K,nep,L20,346,http://ne.wikipedia.org/wiki/ड्रयु_ब्यारिमोर,85a7cee779ecc34c624811f64ecf8b43c6b1ee8a1efa76cf624c605225cb2ba0
P1,nep_wikipedia_2021_100K,nep,L20,347,http://ne.wikipedia.org/wiki/गणेश,cfa1ca824f0943f6cf8c8038d9765899c8c4238bc97e30b60803d94aabbcf6ad
P1,nep_wikipedia_2021_100K,nep,L20,348,http://ne.wikipedia.org/wiki/देहरादून,0229e91ec8be1a501b3b1e934ae37c370c635f3838f27ba99ac222a537200683
P1,nep_wikipedia_2021_100K,nep,L20,349,http://ne.wikipedia.org/wiki/स्वस्थानी_व्रत,9571b56619d0393b7c172b0861a8936bcd0cdd53475b5c0a1575919abda083ac
P1,nep_wikipedia_2021_100K,nep,L20,350,http://ne.wikipedia.org/wiki/माचू_पिचू,8a9a18688316f1d577c319ab2224a93300c055aa01cbcbcb6beae4ff2f5f03e4
P1,nep_wikipedia_2021_100K,nep,L20,351,http://ne.wikipedia.org/wiki/क्यारोलिन_सेगेर,8755c094e765a513fbf6739e3145bf477319d5f2caaf4a2cd70bb6b2e63e649e
P1,nep_wikipedia_2021_100K,nep,L20,352,http://ne.wikipedia.org/wiki/बेइली_(कुस्ती_खेलाडी),116303dffbad125016ee83135e06e0ac1fdbcffaddae873b6ad91a14b559a234
P1,nep_wikipedia_2021_100K,nep,L20,353,http://ne.wikipedia.org/wiki/डायमनसम्शेर_राणा,a8cf2721ef2c923b8c262412d93a9b4a6ed7b62b9d15363417a1478c465d752c
P1,nep_wikipedia_2021_100K,nep,L20,354,http://ne.wikipedia.org/wiki/विनोद_चौधरी,a20b41ae823c473f149fbaf13e904b5ca6171128ea9e025e34d6265228356463
P1,nep_wikipedia_2021_100K,nep,L20,355,http://ne.wikipedia.org/wiki/नातिकाजी,274a57c98e415e9e337c48c8fb0f4b0034ba15afe3a866a34eef0bc52e684e12
P1,nep_wikipedia_2021_100K,nep,L20,356,http://ne.wikipedia.org/wiki/अभिज्ञानशाकुन्तलम्,d4d151de2b28d7855316053753b991fef3f4e2b47e7c375b1c2c8fd0a4503ed2
P1,nep_wikipedia_2021_100K,nep,L20,357,http://ne.wikipedia.org/wiki/दान_सूक्त,1fa866b7e4eead8638f4709d734928da47536c5fcc10f9afd7c7a1dc48ddce49
P1,nep_wikipedia_2021_100K,nep,L20,358,http://ne.wikipedia.org/wiki/बिजयपुर,628098b48dedbea10fa16fb2a268815a79ce1ee3788c2a77336fd4e066db8d04
P1,nep_wikipedia_2021_100K,nep,L20,359,http://ne.wikipedia.org/wiki/लैंगिक_समानता,373f0d4a22d8e109346fe649021dfb5cebfd0eefa39f9a1646a7ad2a55c8f697
P1,nep_wikipedia_2021_100K,nep,L20,360,http://ne.wikipedia.org/wiki/सफला_एकादशी,311fbb1f5e70150b01de91ef8e584459c1ac4b5c6d8b1460559de6523cc4c567
P1,nep_wikipedia_2021_100K,nep,L20,361,http://ne.wikipedia.org/wiki/रुवान्डा_नरसंहार,7c9072e17ed5ae4c66c3a2191433a64f9d355248cc403846beef014cefb6fd91
P1,nep_wikipedia_2021_100K,nep,L20,362,"http://ne.wikipedia.org/wiki/पञ्जाब,_पाकिस्तान",b8d450d7991a07f812cca26bf0030c8a1d8d10a65b1e3f89cf4922fe4b6b0518
P1,nep_wikipedia_2021_100K,nep,L20,363,http://ne.wikipedia.org/wiki/अन्तर्राष्ट्रिय_योग_दिवस,e4d7dab8d879e874697440de52e3535f918f0b6735e0702c5292e9f58c7b8604
P1,nep_wikipedia_2021_100K,nep,L20,364,http://ne.wikipedia.org/wiki/अरिङ्गाल,e462c73045267140e10cc25bdf91eff08346717134257797c798c9bdebd3f272
P1,nep_wikipedia_2021_100K,nep,L20,365,http://ne.wikipedia.org/wiki/कुमार_षष्ठी,2d432b7319cda5e4f96c912a31a8da65001d54b48226ccabb7b7f594ad63b64d
P1,nep_wikipedia_2021_100K,nep,L20,366,http://ne.wikipedia.org/wiki/पाल_(थर),232aba996f60235e0ea6b590df26e44b635cdff9ef89ff161fda86774292e7f4
P1,nep_wikipedia_2021_100K,nep,L20,367,http://ne.wikipedia.org/wiki/विश्व_भाषा,750eeb53ec307983a83585723f711727ccdcfbb2cc86c886cddac889af0fec43
P1,nep_wikipedia_2021_100K,nep,L20,368,http://ne.wikipedia.org/wiki/भरतपुर_महानगरपालिका,57a75fbbe196c5d8be7691b5a7a962a27897360e12359515a6797fe440961be0
P1,nep_wikipedia_2021_100K,nep,L20,369,http://ne.wikipedia.org/wiki/सन्दीप_लामिछाने,5240024f561ee99d88ca9322cb80464fde7dad3f66065d6cad8063f256cbc88f
P1,nep_wikipedia_2021_100K,nep,L20,371,http://ne.wikipedia.org/wiki/इन्द्रबहादुर_राई,01ac013334ed033c0ff2f9043869ea9ae7c9e51d3dbb9c05dd45dc3b8e7b6e36
P1,nep_wikipedia_2021_100K,nep,L20,372,http://ne.wikipedia.org/wiki/मल्ल,6a2455bf3c4f0d898143ce95221690411064bd1dcf90505bc810a69e80be6781
P1,nep_wikipedia_2021_100K,nep,L20,373,"http://ne.wikipedia.org/wiki/चीनको_क्रान्ति,_१९११",1d3ef0b5d2ccc8fd9b78c0ac786245d5e710e73be5bd05eee65979dcbd86e0dc
P1,nep_wikipedia_2021_100K,nep,L20,374,http://ne.wikipedia.org/wiki/जोसेफ_स्टालिन,de0f6b0887e86b78147006ab24134d94a6ac766f81a588013068638c20d4b5d8
P1,nep_wikipedia_2021_100K,nep,L20,375,http://ne.wikipedia.org/wiki/वास्तुशास्त्र,f9fe142d5e8700cd02d311240ac3807e9f2f843c202e0e8a6f1a6b7db6aad5c8
P1,nep_wikipedia_2021_100K,nep,L20,376,http://ne.wikipedia.org/wiki/अतिताप,3c907bff55d173f6b2310fc45576e1125245561e47a7db3f9a3157eb0e7a959c
P1,nep_wikipedia_2021_100K,nep,L20,377,http://ne.wikipedia.org/wiki/मनाङ-_मर्स्याङ्दी_क्लबको_इतिहास,f2292c79cc344a3ac14a7d90c5960e5ee1f0347ec63c9a3d329b975e9ac54639
P1,nep_wikipedia_2021_100K,nep,L20,378,http://ne.wikipedia.org/wiki/लामपुछ्रे_तारा,515d7448d8c60d1862b336bd8922e3f083e0be6210af9a361b002914f56e3117
P1,nep_wikipedia_2021_100K,nep,L20,379,http://ne.wikipedia.org/wiki/फ्रेडरिक_एंगेल्स,7fd5e6135a798a360020c34962fd4fb94cc34eccc1962c520f1785d6b2a6f28d
P1,nep_wikipedia_2021_100K,nep,L20,380,http://ne.wikipedia.org/wiki/रामशरण_दर्नाल,27e1e719d2f028ac638da4bfa962a3d2eb6bdc01206b5aee8e718474fec8ef68
P1,nep_wikipedia_2021_100K,nep,L20,381,http://ne.wikipedia.org/wiki/के.सी._अन्डरकभर,8cd4e8e14866e88fd82f754b0a7ef55ba0ca368b9969d2f198dc3c4db0b8b72f
P1,nep_wikipedia_2021_100K,nep,L20,382,http://ne.wikipedia.org/wiki/लुक_ह्वाट_यु_मेड_मी_डु,cc394fe1baad3e4799aedaa83243f2acbc2504733745f8aa11eccc88348cc2a7
P1,nep_wikipedia_2021_100K,nep,L20,383,http://ne.wikipedia.org/wiki/म्ह_पूजा,34864938b288f820e703c411a0a25e4ae3aabd2e8dc43578f155f30ba40d4377
P1,nep_wikipedia_2021_100K,nep,L20,384,http://ne.wikipedia.org/wiki/अमृता_प्रीतम,2bc28e486bc32e3bff96a953e14dd2883cee63de2bb78454e04756e301f2dfd8
P1,nep_wikipedia_2021_100K,nep,L20,385,http://ne.wikipedia.org/wiki/गणेश_चतुर्थी,dd9e65ef414f1957773962feb5680f4847c9a09a274c32e37942fa1ee1b12c9b
P1,nep_wikipedia_2021_100K,nep,L20,386,http://ne.wikipedia.org/wiki/बडिमालिका,8185494357b1b1a60a6fc1cd2d3d76a2208650828c6adef1f6d1dd72f713598d
P1,nep_wikipedia_2021_100K,nep,L20,387,http://ne.wikipedia.org/wiki/वसन्त_पञ्चमी,89c1d62483b83e79cf196e2bacfda9394ce5dcc6702652885dd63f9ecf470da2
P1,nep_wikipedia_2021_100K,nep,L20,388,http://ne.wikipedia.org/wiki/साउने_संक्रान्ति,aa177488c4032b7cba2896c1177389b9d68fe2a88306d542b4e283f801122e6c
P1,nep_wikipedia_2021_100K,nep,L20,389,http://ne.wikipedia.org/wiki/स्वामी_रामानन्दाचार्य,b524c238cf256db888be936911a5f641f4fb2ce8197c36cecc03873e416ae916
P1,nep_wikipedia_2021_100K,nep,L20,390,http://ne.wikipedia.org/wiki/बीमा,9e23bb4f97496cdaebbea1227a502a5bb78a75438f0e895d511d70d571b76722
P1,nep_wikipedia_2021_100K,nep,L20,391,http://ne.wikipedia.org/wiki/इपिल_इपिल,1771430ae96b729bf17be67367572bc000165b419f80ac9a91c4bc419233e820
P1,nep_wikipedia_2021_100K,nep,L20,392,http://ne.wikipedia.org/wiki/हर्क_गुरुङ,8397d812aeed1d7efd74868af5655ac6175e9bc2be70209c86375e7534884294
P1,nep_wikipedia_2021_100K,nep,L20,393,http://ne.wikipedia.org/wiki/महागुरु_फाल्गुनन्द,baae25e1a83871aa0907c1bd347270feffb47a5b59477fd5a5cd6eddddcdedc2
P1,nep_wikipedia_2021_100K,nep,L20,394,http://ne.wikipedia.org/wiki/पहिलो_विश्वयुद्धमा_नेपाल,af366f6809ee009abafdb084baded594a3d5e21014ac7b8337247b25fc3eaaa0
P1,nep_wikipedia_2021_100K,nep,L20,395,http://ne.wikipedia.org/wiki/पोखरेल,da5aab3f661b5d4f7cfaf4385ae9e3fe11246e32aa1de11309d5265392543fe0
P1,nep_wikipedia_2021_100K,nep,L20,396,http://ne.wikipedia.org/wiki/इराक,178116cd44a289accf9a417ce9bcaff9281a1d66c36b324e5b0f953b4adf30d2
P1,nep_wikipedia_2021_100K,nep,L20,397,http://ne.wikipedia.org/wiki/बङ्गलादेश,059ea1e7a6ba5b3515ce1bea94f53fa166a3ae9c5ea45561ae7c40fefd8d3a65
P1,nep_wikipedia_2021_100K,nep,L20,398,http://ne.wikipedia.org/wiki/नेपालको_संसदिय_चुनाव_२०१५,468d6c9765de8d3d3b643f1e9cf9a30224e9480be9737bf9caa9a2404a04bd1c
P1,nep_wikipedia_2021_100K,nep,L20,399,http://ne.wikipedia.org/wiki/श्रावण_शुक्ल_पूर्णिमा,6da08069e413fa762b40eeefa1722139c651ed053df6b4a4bf9ee3aa2afe3e24
P1,nep_wikipedia_2021_100K,nep,L20,400,http://ne.wikipedia.org/wiki/नरनाथ_आचार्य,fef2cc4c052fefe739a879a58c1db18cb7ddc74113697a6b9acc906308902bf1
P1,nep_wikipedia_2021_100K,nep,L20,401,http://ne.wikipedia.org/wiki/क्यान्डी,4f62022ae3b823a4bdee767366ed3ba4c369cad5794d44e9eab3e8f16d3be606
P1,nep_wikipedia_2021_100K,nep,L20,402,http://ne.wikipedia.org/wiki/देउकी_प्रथा,6979f9da7a798bf57296d05febc26edc7ebc22a9e7e0859fc715ad03c0c579b3
P1,nep_wikipedia_2021_100K,nep,L20,403,http://ne.wikipedia.org/wiki/उपेन्द्र_यादव,b8cbde682d2bf199f7ff2b72d693a0519f18821f1696fdd5b54c2a47aa42da7d
P1,nep_wikipedia_2021_100K,nep,L20,404,http://ne.wikipedia.org/wiki/अमृतसर,a23a715f2e0eaab1aa5c83c215b6c751c23bdda02307ffd3d8ba279458415958
P1,nep_wikipedia_2021_100K,nep,L20,405,http://ne.wikipedia.org/wiki/कव्वाली,ca9a3a146a317f826554e40235358d444fe207a056991df94c2150ce6a89bc12
P1,nep_wikipedia_2021_100K,nep,L20,406,http://ne.wikipedia.org/wiki/उरिदू,f347dc4881d12deb2af73b0c7c8e69cebdedfe96ad397a5b596213b3d5455e58
P1,nep_wikipedia_2021_100K,nep,L20,407,http://ne.wikipedia.org/wiki/जमिन_डटकम,8567f9f1e92a9f63252eae11be3f8e5cf52cd82efe68e0fee06a310c38e94fde
P1,nep_wikipedia_2021_100K,nep,L20,408,http://ne.wikipedia.org/wiki/गोदावरी_नदी,01792a4840b342e9c86586b380aaaa0bcbbd3b7bccc56c37507112a8c502e574
P1,nep_wikipedia_2021_100K,nep,L20,409,http://ne.wikipedia.org/wiki/ज्योतिष_गुणाकर,9fac594293fe49f8c3fc6bb3d1a3e7e308e4b60e95e664578e2d3d45f705f8cf
P1,nep_wikipedia_2021_100K,nep,L20,410,"http://ne.wikipedia.org/wiki/बाबु,_आमा_र_छोरा",3bfbeb695ead7c85caeae2db9a5def6d3f0fa9ffe81f18ac62df699e6c67b524
P1,nep_wikipedia_2021_100K,nep,L20,411,http://ne.wikipedia.org/wiki/विश्वविद्यालय,99216665b2e5a1e6a65f846571aca5d9366b4127165a5108c0b1c857bccf033f
P1,nep_wikipedia_2021_100K,nep,L20,412,http://ne.wikipedia.org/wiki/अल्लू_अर्जुन,944d109f6a6a2f5578476050a28af01f0774f2b29bea33e7d57e6cdd801dcd0c
P1,nep_wikipedia_2021_100K,nep,L20,413,http://ne.wikipedia.org/wiki/संसदीय_व्यवस्था,96215bc63288023fd0e8b04dfdc3b4d2cc2432ec3b43166b5adfae44fe4e602c
P1,nep_wikipedia_2021_100K,nep,L20,414,http://ne.wikipedia.org/wiki/हरिमन्दिर_साहिब,1232be6621f6089299544824181d070e9df7f3d7cab225e8ae99cdacf46702c6
P1,nep_wikipedia_2021_100K,nep,L20,415,http://ne.wikipedia.org/wiki/पाकिस्तान,5e54925b5f81b351f506952bcbf7cf48695fa6cc964eb47d982845f152901123
P1,nep_wikipedia_2021_100K,nep,L20,416,http://ne.wikipedia.org/wiki/द_डार्क_नाइट_(चलचित्र),b19e4c77f7916b31ff41af4a4e4c9d03dfd8075d0799cd612f562fea0760fb8b
P1,nep_wikipedia_2021_100K,nep,L20,417,http://ne.wikipedia.org/wiki/देवल,68a8872c610c6de170645661d86f2858d4254ed5a722ac45cb2373f6054766a4
P1,nep_wikipedia_2021_100K,nep,L20,418,http://ne.wikipedia.org/wiki/संस्कृत,8bfd0329b8ce74734dd81d11939fe01bbc7cd19153712e7d53fffcfae15acb37
P1,nep_wikipedia_2021_100K,nep,L20,419,http://ne.wikipedia.org/wiki/चाँपाइ_नबाबगञ्ज_जिल्ला,c305b6756e58f2600b9057c206dfddf3a9f6b7116d583c9508c5e4698572279f
P1,nep_wikipedia_2021_100K,nep,L20,420,http://ne.wikipedia.org/wiki/पशुपतिनाथ_मन्दिर,9c04f6f7f16808daec9e887bc3f7d2a112f7433588902f4d7e83d982025f2c94
P1,nep_wikipedia_2021_100K,nep,L20,421,http://ne.wikipedia.org/wiki/नेवारी_गहना,4d86daaee1501f058b6ba8549fb374b47137b5820e339268a813ccb0356aa9a8
P1,nep_wikipedia_2021_100K,nep,L20,422,http://ne.wikipedia.org/wiki/रत्यौली,6ab3c1bed780de0401ea1bb7fc50e153f13921548d03e58a243769e57f076e37
P1,nep_wikipedia_2021_100K,nep,L20,423,http://ne.wikipedia.org/wiki/भक्त_कुमारी_घले,7263b554120614951f1e0ab26b864b40f38323b45c1ad75e893b428d0204c9cf
P1,nep_wikipedia_2021_100K,nep,L20,424,http://ne.wikipedia.org/wiki/गनोरिया,28a226c8fdfa1cad4db8b0cfb5b4227f107901c60a1e2bd5ed9b0e5615bd392c
P1,nep_wikipedia_2021_100K,nep,L20,425,http://ne.wikipedia.org/wiki/पुतली_(वाल_कविता),1eff16834347fbdaf8aa608b4c3a95c68259cc3b5875f6819c851f84c5eab05f
P1,nep_wikipedia_2021_100K,nep,L20,426,http://ne.wikipedia.org/wiki/अमेरिकाको_संविधान_सभा,1105f76949db681f5b746e1451378076fac6c5f493d8bd99e6673d434f211c17
P1,nep_wikipedia_2021_100K,nep,L20,428,http://ne.wikipedia.org/wiki/लघुकथा,1e5276de2edc287e0833714e439339e9d6f6a38f5eb5239d9316f90b3092c75f
P1,nep_wikipedia_2021_100K,nep,L20,429,http://ne.wikipedia.org/wiki/प्रोस्टेट,db46513178c442e09f4cd1c1cc51d46a271f05353e0d8015338e464dbb20636a
P1,nep_wikipedia_2021_100K,nep,L20,430,http://ne.wikipedia.org/wiki/भारतीय_साहित्य,2db3fd5053300fd64c68b674989bdf9f101d61a8a6796c64c691e6fd73482474
P1,nep_wikipedia_2021_100K,nep,L20,431,http://ne.wikipedia.org/wiki/शनि_ग्रह_(ज्योतिषशास्त्र),e9050955affd76ca1ce6df76ea51c35f05d17f583450eb8cda7a26c585724873
P1,nep_wikipedia_2021_100K,nep,L20,432,http://ne.wikipedia.org/wiki/रमा_एकादशी,9280921326627c07153f0ddea6cd102718668418da99ab9163fcb4d4e357389f
P1,nep_wikipedia_2021_100K,nep,L20,433,http://ne.wikipedia.org/wiki/भारद्वाज_ऋषि,5d444e37176a62d706f4dacd1aff404ec105a7125b03c1a1b32681a5f2f77494
P1,nep_wikipedia_2021_100K,nep,L20,434,http://ne.wikipedia.org/wiki/एके_फजलुल_हक,8d3e79dc75c6083b3f6d78cc7cfc9a975046470d3f4ca27110c8b4e7bcae1206
P1,nep_wikipedia_2021_100K,nep,L20,435,http://ne.wikipedia.org/wiki/द्रोणाचार्य,24fb4b38f26b1ce72c7405bb1b919802d341b54c962f0d6eaeb8d3d764302dc9
P1,nep_wikipedia_2021_100K,nep,L20,436,http://ne.wikipedia.org/wiki/शङ्कर_लामिछाने,e19cb1c80b9d56a001bcd6144648f8bd9991afa711d1f93af0e5e19b022a52f1
P1,nep_wikipedia_2021_100K,nep,L20,437,http://ne.wikipedia.org/wiki/पेले,aba3c29b0201c9a20c96a6d74b6bfeb92277e839b2a793107989cb3f03b331ac
P1,nep_wikipedia_2021_100K,nep,L20,438,http://ne.wikipedia.org/wiki/चीनमा_दूरसञ्चार_उद्योग,759774e10fbec173181facc151a4df96b98c3f57f6f67f29d05e2bc7ec4197ea
P1,nep_wikipedia_2021_100K,nep,L20,439,http://ne.wikipedia.org/wiki/लेखनाथ_पौड्याल,8b372705eeb4890749fc0edfe22cdf0c961b65c6546593f705c686feaab0b125
P1,nep_wikipedia_2021_100K,nep,L20,440,http://ne.wikipedia.org/wiki/अनन्त_चतुर्दशी,16c721f6a0bc82d4f5df18d16da4ce15e80ecc6b8ca9e888cf0e5c27bfa1f155
P1,nep_wikipedia_2021_100K,nep,L20,441,http://ne.wikipedia.org/wiki/मार्सेलु_(फुटबल_खेलाडी),fac79f6115a33f445dec59d447d4611e73de72b9d75e97c95425fa8b100aa50d
P1,nep_wikipedia_2021_100K,nep,L20,442,http://ne.wikipedia.org/wiki/मगर_भाषा,be3c6c68607361d8fb08583270598e465d20fbf23e2a1bf957b648c28443a616
P1,nep_wikipedia_2021_100K,nep,L20,443,http://ne.wikipedia.org/wiki/नेपालमा_खेलकुद,026c104f33e899c652800b25504fb166e0860af2be4d84fb80b465b3636e3fad
P1,nep_wikipedia_2021_100K,nep,L20,444,http://ne.wikipedia.org/wiki/नेटफ्लिक्स,272e690a11ec1c6ec9231b303010a3129fa9ab32430f8f42f8d259fd385f9cf8
P1,nep_wikipedia_2021_100K,nep,L20,445,http://ne.wikipedia.org/wiki/गुजरानवाला,a8c877ac3dc0e4ed50a30fef3745f99e8eb02dfae8eaffcee2b96ddf5d54ac60
P1,nep_wikipedia_2021_100K,nep,L20,446,http://ne.wikipedia.org/wiki/कुन्ता_शर्मा,25653ba3b0031b31b23d38c07cc3add6c3a93c770b3ba42e5b585810c8086282
P1,nep_wikipedia_2021_100K,nep,L20,447,http://ne.wikipedia.org/wiki/हाम्रो_पात्रो,c200377c671721bde920a970fa2e39f9ddf9d68416cf54c6ca6583707d1ad618
P1,nep_wikipedia_2021_100K,nep,L20,448,http://ne.wikipedia.org/wiki/काठे_भालु,d7eed18e7456e372e59713dd7f1f1f7596e4b0cefe263be80cc0deab7420fbc8
P1,nep_wikipedia_2021_100K,nep,L20,450,http://ne.wikipedia.org/wiki/आगरा,b4d27b3429187c637528a0cd4ae97f47cec4cdb71c86fdf1a8076b5837c4608f
P1,nep_wikipedia_2021_100K,nep,L20,451,http://ne.wikipedia.org/wiki/आईएल-१६९,06ba9ce765e968f2fc595f43bf61e5cb80c6510dd004f949c3cd81b0ff042e68
P1,nep_wikipedia_2021_100K,nep,L20,452,http://ne.wikipedia.org/wiki/पञ्चतन्त्र,d55a184be648355573b20d89befd8a9315d572a6f4dd7b57d60b7fbc1da9ffb1
P1,nep_wikipedia_2021_100K,nep,L20,453,http://ne.wikipedia.org/wiki/वी.पी._कोइराला_स्वास्थ्य_विज्ञान_प्रतिष्ठान,891ebc812220ef0482fbf2116b704f2fbc01559347bb1470bc39b2d835b110b1
P1,nep_wikipedia_2021_100K,nep,L20,454,http://ne.wikipedia.org/wiki/ૐ,7884c8c0494bc2dee7d9cf290b2b433fe71f7b6126233ae89e178143b3220736
P1,nep_wikipedia_2021_100K,nep,L20,455,http://ne.wikipedia.org/wiki/खाद्य_संरक्षण,5bcd6be8213c48165cecebbda19be00f790fac6f3ec74a9f9a1ed74b1aefc31d
P1,nep_wikipedia_2021_100K,nep,L20,456,http://ne.wikipedia.org/wiki/नेपालको_पहिलो_संविधान_सभा,3061b6dcc8a27d4a82b63cc4e8977d38dca72e11a3a391c5a52d222e6b563274
P1,nep_wikipedia_2021_100K,nep,L20,457,http://ne.wikipedia.org/wiki/छठ,68e7b5b543c9848364b2b62bc36919505a4ebdbf824e23c8fa25af8f0e826690
P1,nep_wikipedia_2021_100K,nep,L20,458,http://ne.wikipedia.org/wiki/२०११_मा_प्रदान_गरिएका_नोबेल_पुरस्कार,e86bd76945a30f5d0e3abdabea51755bbd0ccb8e72f9c5857754b469b816a12e
P1,nep_wikipedia_2021_100K,nep,L20,459,http://ne.wikipedia.org/wiki/जमिला_जमिल,c39e014a6e0d66161ad9adea7f0ea8b21d06168b2e6785749165b442644d05b6
P1,nep_wikipedia_2021_100K,nep,L20,460,http://ne.wikipedia.org/wiki/ईशावास्योपनिषद,5369acc226b23d5af8125f8a8e260b05c552f5b6d4a9dc66e93e819bc38c591a
P1,nep_wikipedia_2021_100K,nep,L20,461,http://ne.wikipedia.org/wiki/सांकेतिक_भाषा,8843b108feeb4a2829481c02f349b95e5f04f3dece3c26f4d1055c24e2becdf8
P1,nep_wikipedia_2021_100K,nep,L20,462,http://ne.wikipedia.org/wiki/कालो_माम्बा,16e1d7d4526845bc798b993a4db03a0300c6f87936944124c41d5ed61f2ed85c
P1,nep_wikipedia_2021_100K,nep,L20,463,http://ne.wikipedia.org/wiki/बिबी_रेक्सा,4fcdfd1e391476b8dbe6e296275b335896c42fbdb6b82f2b87556d753b9f69ff
P1,nep_wikipedia_2021_100K,nep,L20,464,http://ne.wikipedia.org/wiki/मुमिनत्रोलन,0d2dc9f77dc3dc673b8a54a599300f9665b993d78f6a2a8abefa31560bb278ec
P1,nep_wikipedia_2021_100K,nep,L20,465,http://ne.wikipedia.org/wiki/वैदिक_साहित्य,4b62ed61d560f7f98f1d601de8d2a9c391db13ba5677d57abbb8dc4344c3d70c
P1,nep_wikipedia_2021_100K,nep,L20,466,"http://ne.wikipedia.org/wiki/सान_होसे,_क्यालिफोर्निया",ef8c40570cc539de841ad46085f8c37efd7455e63cbee07c549fcc410af59cc7
P1,nep_wikipedia_2021_100K,nep,L20,467,http://ne.wikipedia.org/wiki/सिग्नल_इडुना_पार्क,71a606ed79620719f93cf6b813147bc3d856d04a3dd629e238796c9bb1af98cc
P1,nep_wikipedia_2021_100K,nep,L20,468,http://ne.wikipedia.org/wiki/जुका,e378efd6531276b927b96b54fabac824bd87115dbf47c7c6d305d940209d991b
P1,nep_wikipedia_2021_100K,nep,L20,469,http://ne.wikipedia.org/wiki/नागरिकता,9a10c2505e476b98515bd9e7e1cafba65f2f7aae8215d6e817967a8275ae91df
P1,nep_wikipedia_2021_100K,nep,L20,471,http://ne.wikipedia.org/wiki/सामा_चकेवा,53e7203c5ddd6e6f5541e98e5ad0491ce306fc74c463a804d716aa5f9baf57f3
P1,nep_wikipedia_2021_100K,nep,L20,472,http://ne.wikipedia.org/wiki/नेपाल_अङ्ग्रेज_युद्ध,37fd13a8424cd541971e9fd9cabe50a85a016410688f02639e32bcdf69f3014e
P1,nep_wikipedia_2021_100K,nep,L20,473,http://ne.wikipedia.org/wiki/नयराज_पन्त,577e1cff48b53bbda0c8a3e12767abab664ca67f7c20f82c4bc1fdef4f25ae8d
P1,nep_wikipedia_2021_100K,nep,L20,474,http://ne.wikipedia.org/wiki/बाबुराम_भट्टराई,813819180f43f1ed2d5df972a5b6d53005636b5681ef07b4d14c67b2776d83ee
P1,nep_wikipedia_2021_100K,nep,L20,475,http://ne.wikipedia.org/wiki/सापेक्षता_सिद्धान्त,beab7be00d24eaaa0420c055545ab398e92a28b6d7d464f98947eb0c6a9915fa
P1,nep_wikipedia_2021_100K,nep,L20,476,http://ne.wikipedia.org/wiki/सोभियत_सङ्घ,dfb88668a5a78a00e5146e353dbdc1fb020db09ab77d3940b05d530203bddb15
P1,nep_wikipedia_2021_100K,nep,L20,477,http://ne.wikipedia.org/wiki/नेपालमा_फुटबल,ce584148ff8b9bec725bbe8308a82a2636c6eeea2fbfa17b1a2a2962f9c0369b
P1,nep_wikipedia_2021_100K,nep,L20,478,http://ne.wikipedia.org/wiki/कृष्ण_धरावासी,9098b2ab3e1cbf006345b0c044673939f20102c1c3c2272094085fcf9af9e99c
P1,nep_wikipedia_2021_100K,nep,L20,479,http://ne.wikipedia.org/wiki/महामन्दी,eb1da6059f6bfd0476191d95b8afa3cc6ae0d399a82c5943a2f8ba6e64f6edc9
P1,nep_wikipedia_2021_100K,nep,L20,480,http://ne.wikipedia.org/wiki/बिरालो,4c941b3d9f1c1a009b7f710f67849b59b54d18b695f58fe5485a9c354c0699e7
P1,nep_wikipedia_2021_100K,nep,L20,481,http://ne.wikipedia.org/wiki/चन्द्र_घिमिरे,71c904235ee25f5170bea0aa733d2f9042e8c3e0fae4098878c8ef111af1bb83
P1,nep_wikipedia_2021_100K,nep,L20,482,http://ne.wikipedia.org/wiki/मेथी,8417ac812687596f6925b5b2492b06ff2709d19f6de789b088d4ec620cbf3938
P1,nep_wikipedia_2021_100K,nep,L20,483,http://ne.wikipedia.org/wiki/यौन_संग्रहालय,659dd7d544868d7857338d2621d689fd8d3ba3e5c3c265f021642515e9ccd0d2
P1,nep_wikipedia_2021_100K,nep,L20,484,http://ne.wikipedia.org/wiki/राजसंस्था,e6ca8d3306b3550a8a19986585b6c73a518ca8e07170535e5204b71f2d46ee28
P1,nep_wikipedia_2021_100K,nep,L20,485,http://ne.wikipedia.org/wiki/शारदा_शर्मा,db1b0cf29c4f633c0caa463ee7a02060554fe57bcb5cc8a2705c7bb387682aec
P1,nep_wikipedia_2021_100K,nep,L20,486,http://ne.wikipedia.org/wiki/संस्कार,767cf28d0d5b6d4a59d05c76da096445f8dc87f3a60366d95f3851e71a1a8f7a
P1,nep_wikipedia_2021_100K,nep,L20,487,http://ne.wikipedia.org/wiki/कुमाल_जाति,656aa0996d8da0ac486229bb5cc212369b7b6c42ed4be0697fe3731f10e8130d
P1,nep_wikipedia_2021_100K,nep,L20,488,http://ne.wikipedia.org/wiki/मधुमेह,9994afc2c7d33763125c73c6edbf06cbd66fc7777835227921c8eab7b88a8a2c
P1,nep_wikipedia_2021_100K,nep,L20,489,http://ne.wikipedia.org/wiki/२०१९_नेपाल_राष्ट्रिय_फुटबल_टिमको_सिजन,9e3b1d9866ab308f1f6663f928dc99985b9650e9f9862fe4b1c6bf13c16017b6
P1,nep_wikipedia_2021_100K,nep,L20,490,http://ne.wikipedia.org/wiki/लूनी_(खण्डकाव्य),e6703dabc8b5de2da9f3e95d9b20146b050cb32667bf60a103e258ef076dd57d
P1,nep_wikipedia_2021_100K,nep,L20,491,http://ne.wikipedia.org/wiki/बर्ड_फ्लू,00fa3568fb97c914f6aa598577a3fad359114ae1fde7f4ef7ebd4a97e63b556b
P1,nep_wikipedia_2021_100K,nep,L20,492,http://ne.wikipedia.org/wiki/शन_मिन्डेज,015809027de7e05d8c3c0aa483a8b7b76d890e0385009e0ba1b482d0c09b77be
P1,nep_wikipedia_2021_100K,nep,L20,493,http://ne.wikipedia.org/wiki/याहु!_सर्च,a8ab56f8ce94aaddc162a38f1a46c0a34439070c24a4780cdb69098beaff5d36
P1,nep_wikipedia_2021_100K,nep,L20,494,http://ne.wikipedia.org/wiki/नेपाल_भाषा,74b567b161851221c590b3f523f2c4da737ad0ead77a30fb58564d59c0c821b6
P1,nep_wikipedia_2021_100K,nep,L20,495,http://ne.wikipedia.org/wiki/पाठाओ,460825ea17ace104df47713ad3246ddc7fd3cc1e6ed87b1cd8e62c9407ad341f
P1,nep_wikipedia_2021_100K,nep,L20,496,http://ne.wikipedia.org/wiki/ओल्के_संक्रान्ति,4f320b547bb307ba0b78377fafaf9a197e61e03f717a4fd602e9df902a032d86
P1,nep_wikipedia_2021_100K,nep,L20,497,http://ne.wikipedia.org/wiki/नगरकोट,05cf9a5420d036a05b3162025beef6b374a5fd12caaf7a24a65a6a2096b4eb66
P1,nep_wikipedia_2021_100K,nep,L20,498,"http://ne.wikipedia.org/wiki/पञ्जाब,_भारत",6b8112fcff9d23277260cc28b2351ac874440028c1c07b3bb5a00368ffdfd9b2
P1,nep_wikipedia_2021_100K,nep,L20,499,http://ne.wikipedia.org/wiki/बालश्रम,0778f149ddfa2eb72653313a58bb1ab0c4120c8360e9b5e52496290e5cdb4ba4
P1,nep_wikipedia_2021_100K,nep,L20,500,http://ne.wikipedia.org/wiki/लाटोकोसेरो,473d67f755a73144df6bdae2551e5dbc6429147594869dae996e4048ecc5949b
P1,nep_wikipedia_2021_100K,nep,L20,501,http://ne.wikipedia.org/wiki/शीतला_अष्टमी,68da38cfe8bfa432005447b7f94fb231830bebc7f845b78af5c5b6e73ee54ef3
P1,nep_wikipedia_2021_100K,nep,L20,502,http://ne.wikipedia.org/wiki/मौलभीबाजार_जिल्ला,2da117bce6f952a9a630c88204a5841244f9b3962c371421252d7f5e04f348d8
P1,nep_wikipedia_2021_100K,nep,L20,503,http://ne.wikipedia.org/wiki/८३औँ_एकेडेमी_पुरस्कार,3ea821f782fd1b947c9c85e989f5cc6c57602ad38ab317e90e930f400bd38b60
P1,nep_wikipedia_2021_100K,nep,L20,504,http://ne.wikipedia.org/wiki/सुनुवार_जाति,65722508820af32a694fb744355583b2da4cfb2b367153225865c28f1bd01049
P1,nep_wikipedia_2021_100K,nep,L20,505,http://ne.wikipedia.org/wiki/कोसोभारे_अस्लानी,bf52a196930b540b84fdd81e484cba5c8574bbbb419d583f549eb99dced4b2ab
P1,nep_wikipedia_2021_100K,nep,L20,506,http://ne.wikipedia.org/wiki/द्रौपदी,0629933bcc144c88fe4e34d80b88cc2a5c76282261ffb65848eb562dc02b4652
P1,nep_wikipedia_2021_100K,nep,L20,507,http://ne.wikipedia.org/wiki/वारेन_बफेट,ef92d9ea3b84b77ee002cd9acd25db9c9840cc6f98376ef96240d20a531f350e
P1,nep_wikipedia_2021_100K,nep,L20,508,http://ne.wikipedia.org/wiki/अलौ_पर्व,f982b261a6ba6215a4e2a6a9742ccce1766f56431e0679007c89668fee6198cb
P1,nep_wikipedia_2021_100K,nep,L20,509,http://ne.wikipedia.org/wiki/सगरमाथा,f607f190bb0c539d5051be093fae5b3ff7759505e2bd5f3d7919b6d77a7269aa
P1,nep_wikipedia_2021_100K,nep,L20,510,http://ne.wikipedia.org/wiki/कुरुक्षेत्र_युद्धको_पहिलो_दिन,26785b11cbb078b06a95556c996895aa477e2c83b0c98827ab9086d474e1d586
P1,nep_wikipedia_2021_100K,nep,L20,511,http://ne.wikipedia.org/wiki/सेतुराम_श्रेष्ठ,12085fd89799442aff89f09869d125ce2955b62762675b7f9ec8c40146b3ca4d
P1,nep_wikipedia_2021_100K,nep,L20,512,http://ne.wikipedia.org/wiki/ललित_त्रिपुरा_सुन्दरी,96ca32fca49572c12fd2e180d6d0a15bc21b825042ae5b2a729b1f8220b98259
P1,nep_wikipedia_2021_100K,nep,L20,513,http://ne.wikipedia.org/wiki/ऋग्वेद,d2f77c1d878dc549391d152efb553d083dcc892a7a92318ff1e00420dc98158e
P1,nep_wikipedia_2021_100K,nep,L20,514,http://ne.wikipedia.org/wiki/बार्हस्पत्य_अर्थशास्त्र,a09739b3da6009560134f624622c132447c0d11ad9557aac1d8eab6b35e6a8f5
P1,nep_wikipedia_2021_100K,nep,L20,515,http://ne.wikipedia.org/wiki/मिश्रित_खेती,459214464bfd0dfe1bf940afc55961554f0b8095312f42e7a5426795e54d7829
P1,nep_wikipedia_2021_100K,nep,L20,516,http://ne.wikipedia.org/wiki/राजेन्द्र_प्रसाद,12e9e53486dc9c3a6fc6319a5b666403ecd7af440b45b1600098b3be0fc43aba
P1,nep_wikipedia_2021_100K,nep,L20,517,http://ne.wikipedia.org/wiki/लेकाली_क्षेत्र,d8f4427532789ea8dfee19f205c7f373d0fff2887fd57d0821aeed94fe843bae
P1,nep_wikipedia_2021_100K,nep,L20,518,http://ne.wikipedia.org/wiki/साझा_यातायात,3f1ed751f1595e85796e9f1a3ef92368c9c838eda9668746ebf8c820d9a4cd89
P1,nep_wikipedia_2021_100K,nep,L20,519,http://ne.wikipedia.org/wiki/संस्कृति,1ec62447bd7decde8c97eee609f6ecbbadf791e0b85d34d458698d4925b5a12b
P1,nep_wikipedia_2021_100K,nep,L20,520,http://ne.wikipedia.org/wiki/विश्व_सम्पदा_क्षेत्र,b52c42215be9fe0cad9ccc07f305b2d45f2124532f7baef5e46974984a09dd12
P1,nep_wikipedia_2021_100K,nep,L20,521,http://ne.wikipedia.org/wiki/अष्टाङ्गयोग,744b657980a982fb506ecf59ca63e6dea0a26233fd70cc986de9b4e8878bd77c
P1,nep_wikipedia_2021_100K,nep,L20,522,http://ne.wikipedia.org/wiki/लागु_पदार्थ,e9c3fe789af82b45003889f35cc799190e663d8a4bee7df0bda6479a08792868
P1,nep_wikipedia_2021_100K,nep,L20,523,http://ne.wikipedia.org/wiki/हेपाटाइटिस,065adf1c267052001ce225301ac56a5016c9f7ee3807c45de23b8bf9f7dd3c79
P1,nep_wikipedia_2021_100K,nep,L20,524,http://ne.wikipedia.org/wiki/बोगटी,4cb590bebdc933b37d1a08cff2be7f2607a4807b1bc5f06bc351682701fff917
P1,nep_wikipedia_2021_100K,nep,L20,525,http://ne.wikipedia.org/wiki/कविता,6b687d13ffb5edb485042ef6664fce80e2561143716c06f243d360a1e8a844e3
P1,nep_wikipedia_2021_100K,nep,L20,526,http://ne.wikipedia.org/wiki/क्लाउडिया_सिफ,6336ac567a907c4303eacefa1ed50f6d1d67227ff1d069f9c616ff601f52362a
P1,nep_wikipedia_2021_100K,nep,L20,527,http://ne.wikipedia.org/wiki/डकडकगो,30c90538fcebe5305441c2240d66416166ade02ac25b4d755877daa5f7227751
P1,nep_wikipedia_2021_100K,nep,L20,528,http://ne.wikipedia.org/wiki/ताइवान_तारा_दूरसञ्चार,0509ba3f215423a66bd24973f312d9166bb581257074d0fdb6568f006576bcf7
P1,nep_wikipedia_2021_100K,nep,L20,529,http://ne.wikipedia.org/wiki/भिभियान_मिदेमा,4bd007ef7ae235e1e6ad51225a17d195fae55b01c32dedfd478f803e82dff7ac
P1,nep_wikipedia_2021_100K,nep,L20,530,http://ne.wikipedia.org/wiki/हामेस_रोद्रिगेस,28a83412464c9432ecaf890b989d43193b275182f0590b30b400c6d5a8216bad
P1,nep_wikipedia_2021_100K,nep,L20,531,http://ne.wikipedia.org/wiki/ओसामा_बिन_लादेन,df8071539322c2afe88213ede021753fc0130ef8c25f29011fe9a44752738054
P1,nep_wikipedia_2021_100K,nep,L20,532,http://ne.wikipedia.org/wiki/कास्की_जिल्ला,531ec07cabfaaab2ef0fd745ed76fb4462f1cc67479e95b26688bb31b610d8f0
P1,nep_wikipedia_2021_100K,nep,L20,533,http://ne.wikipedia.org/wiki/कुकुर,de188b611a6a6f1c8060c5b3add0d11b8abfe9df69235b148ca27c8d20d395ef
P1,nep_wikipedia_2021_100K,nep,L20,534,http://ne.wikipedia.org/wiki/खोकना,5cf7d1d083b909941a961cd8ccac8ad0730344d5caf5d0c76b6bd373f13d3dc8
P1,nep_wikipedia_2021_100K,nep,L20,535,http://ne.wikipedia.org/wiki/बोगटान_राज्य,858f529fa854d99531f6ddc1258020a7adad484859b2de1c226a351f5191b9d7
P1,nep_wikipedia_2021_100K,nep,L20,536,http://ne.wikipedia.org/wiki/विमल_घर्ती_मगर,3e03922b55b209f8aebcb297dcc1436ed3532e7c216e394211a45c3cc78bcb7a
P1,nep_wikipedia_2021_100K,nep,L20,537,http://ne.wikipedia.org/wiki/रोन्डा_राउजी,d7a9e35c2639ee5aa35f51192dbb00dd48b26265786a2df16fe6bf678eb2031e
P1,nep_wikipedia_2021_100K,nep,L20,538,http://ne.wikipedia.org/wiki/तापायनिक_उत्सर्जन,3a080c4eada436aeeadd17173605945fc1a463b4e7d47363ef9aeb9e7804f9da
P1,nep_wikipedia_2021_100K,nep,L20,539,http://ne.wikipedia.org/wiki/खुदिराम_बसु,1d479b7cc123556f2f5b14326364880bf0524bf3629a65f87ac461ecc37a8dc6
P1,nep_wikipedia_2021_100K,nep,L20,540,http://ne.wikipedia.org/wiki/ग्रहण,816583f01b5fc57bb29acf2eceedb734e6455ffd85bff050c6ed7fa1f5f6caae
P1,nep_wikipedia_2021_100K,nep,L20,541,http://ne.wikipedia.org/wiki/विश्वकर्मा_जाति,f9528c0899abd9389e96031a5d4e588416f55f489207946686aba20b2553547f
P1,nep_wikipedia_2021_100K,nep,L20,542,http://ne.wikipedia.org/wiki/गणेशमान_सिंह,0d3c02435a1496b6bfdf2ff58cbf781750ceb414a9c7056ea5124a17cd86fc13
P1,nep_wikipedia_2021_100K,nep,L20,543,http://ne.wikipedia.org/wiki/अदुवा,6134e20ef07770ce33eb4d2d1651810dbb4eb5a8ddcf54ee46022fc079e03347
P1,nep_wikipedia_2021_100K,nep,L20,544,http://ne.wikipedia.org/wiki/जङ्गबहादुर_राणाको_घोडचढी_सालिक,b9a449072e6729c805ab84ee45728b8f972292510cbbf9313494d63abdd0e220
P1,nep_wikipedia_2021_100K,nep,L20,545,http://ne.wikipedia.org/wiki/चन्द्र_शमशेर_जङ्गबहादुर_राणा,6ba8027fa1c3bca663a9548e964bd61db1864448ceb008fe84a2c6e2f8efedc7
P1,nep_wikipedia_2021_100K,nep,L20,546,http://ne.wikipedia.org/wiki/मनोज_गजुरेल,67f1072b4427cbe05f768099fa56bba67e14bf5073927383230d670d2915aca7
P1,nep_wikipedia_2021_100K,nep,L20,547,http://ne.wikipedia.org/wiki/कोदो,fac0e67b3b2f03276fc3e53d75c710e6cba63f29a43f2b0729df90f2b121c1da
P1,nep_wikipedia_2021_100K,nep,L20,548,http://ne.wikipedia.org/wiki/डुवर्स,771c1ee0b2e0af1e6b22070928ba111ae4bdeddbc1d92d6ede6915cb8f6a3bff
P1,nep_wikipedia_2021_100K,nep,L20,549,http://ne.wikipedia.org/wiki/नेपाल_प्रहरी,83fe7c5f9dc4c54165b8e7f3f3ab2ae1295b3a54100383081b73522b3687aef4
P1,nep_wikipedia_2021_100K,nep,L20,550,http://ne.wikipedia.org/wiki/बजेट,470164270fcdf3203307b196bd6fbddc1488da0608a36434347ab481a759a6d1
P1,nep_wikipedia_2021_100K,nep,L20,551,http://ne.wikipedia.org/wiki/मोहनी_अवतार,85e10a0ac477778d4ed91321290ccc02ff0477a8a8dc00d68265dd95b1d3bd91
P1,nep_wikipedia_2021_100K,nep,L20,552,http://ne.wikipedia.org/wiki/राईटर्स_क्राम्प,a4f7999c397d93ba2c7c624c888eecbcfe8d2deaa705f84c0534090694278d2a
P1,nep_wikipedia_2021_100K,nep,L20,553,http://ne.wikipedia.org/wiki/निर्मलकुमार_भण्डारी,8bb435a79d37f7c61c2f42921d6dd320c046963ce2da5277118b167a00bd00f6
P1,nep_wikipedia_2021_100K,nep,L20,554,http://ne.wikipedia.org/wiki/वृन्दावन,ed4907988ae20575f5626c2d5e99c78dd2fa1f2bbe6914d5ea729bca7a86e1d2
P1,nep_wikipedia_2021_100K,nep,L20,555,http://ne.wikipedia.org/wiki/२०१३_आइसिसी_वर्ल्ड_क्रिकेट_लिग_डिभिजन_थ्री,626122dc5e2881943da09ad8ef69c8c0cc36d0106d1c046b22919d437742fd5e
P1,nep_wikipedia_2021_100K,nep,L20,556,http://ne.wikipedia.org/wiki/२०१७_नेपाल_राष्ट्रिय_फुटबल_टिमको_सिजन,b7bd6126ae4c4ebb02326786b1d8b6e1c667763c379f6d52be0f2fc2bb614ab4
P1,nep_wikipedia_2021_100K,nep,L20,557,http://ne.wikipedia.org/wiki/विश्वरुप,647e9a80d4c85f66a5d60c2e1f92365d37d300b461cc93c5753145f02a541520
P1,nep_wikipedia_2021_100K,nep,L20,558,http://ne.wikipedia.org/wiki/हिन्दू_पञ्चाङ्ग,862d344b4e6115af3a76244650c630e7d46a6158d773d305d229c9798e36c1bd
P1,nep_wikipedia_2021_100K,nep,L20,559,http://ne.wikipedia.org/wiki/अन्धाधुन,05062601672ee7bbfb5ac84253046ff157b7601fa662398d88ae8ecd83c009bc
P1,nep_wikipedia_2021_100K,nep,L20,560,http://ne.wikipedia.org/wiki/सन्थाल_जाति,bfc700b9b915c6597e47fbdb103f54368f3b878122cd0be958138ddc0a6a4b55
P1,nep_wikipedia_2021_100K,nep,L20,561,http://ne.wikipedia.org/wiki/जेम्स_मिल्नर,04f0399cd47a7691d6bf37867a0d00baee151dacfb0fc4d5858d2224a98a178a
P1,nep_wikipedia_2021_100K,nep,L20,562,http://ne.wikipedia.org/wiki/तामाङ_जाति,8fa1a76415435e77f07607dd9513283a1ec02ef77ed05531c78f35d860cd4949
P1,nep_wikipedia_2021_100K,nep,L20,563,http://ne.wikipedia.org/wiki/इलाम_जिल्ला,2c090c763dbbbdf1b6f107bc7801a5358db598f8bb0a3a06f10ac7c9cb9ab8e0
P1,nep_wikipedia_2021_100K,nep,L20,564,http://ne.wikipedia.org/wiki/आम्पान_महाचक्रवात,5298da83005cc106401d2472f609142fceb40f3d001b9ad22d86e4b26510eac4
P1,nep_wikipedia_2021_100K,nep,L20,565,http://ne.wikipedia.org/wiki/पेइज_(कुस्ती_खेलाडी),4cda0c697920f9c2724e9ca51d2e21cbea3809d0adf847f940e3d85920b164a0
P1,nep_wikipedia_2021_100K,nep,L20,566,http://ne.wikipedia.org/wiki/फुटबल_खेल,28157ab8c7fc353af288a60ef846756b023cb8f556d39afed275c142a9b94a73
P1,nep_wikipedia_2021_100K,nep,L20,567,http://ne.wikipedia.org/wiki/रुद्राक्ष,be0289dd3b23492efb68447d24cbd5a9e04149a6da4367d5bc33fbfb90952421
P1,nep_wikipedia_2021_100K,nep,L20,568,http://ne.wikipedia.org/wiki/हिन्दू_वर्ण_व्यवस्था,42d7258d44bce8f28a67a067e135bdfabfd2d2b3cb37dbc7bcc234d89afe9182
P1,nep_wikipedia_2021_100K,nep,L20,569,http://ne.wikipedia.org/wiki/ऋषिकेश,6522a28678e4ea854ad761519a74dd4e785350bbbbc484f85511112b634f5fbd
P1,nep_wikipedia_2021_100K,nep,L20,570,http://ne.wikipedia.org/wiki/चाडपर्व,a4bc69660bc4b679977e6abb8fac609bdcfe6b62d264aa16e451f1c53b177758
P1,nep_wikipedia_2021_100K,nep,L20,571,http://ne.wikipedia.org/wiki/पाण्डे_(पलेउ),470079d648003a5593b1e9f35460e890cbd618486c5093b6695fa36602f19f58
P1,nep_wikipedia_2021_100K,nep,L20,572,http://ne.wikipedia.org/wiki/यशोधरा,a22d1789edf2cd1390b8b01851b03e48cb752fd8a08d438c62d08dcd37f6c1de
P1,nep_wikipedia_2021_100K,nep,L20,573,http://ne.wikipedia.org/wiki/सियाना,6479b1ea8c6e575d3e4c4926136daf8da126ed06489201af97a7152e6d516d2e
P1,nep_wikipedia_2021_100K,nep,L20,574,http://ne.wikipedia.org/wiki/हरिहरपुरगढी,786b809dcef4ad216a303409f4e3d7d172a4c0833aade348960940309959ea22
P1,nep_wikipedia_2021_100K,nep,L20,575,http://ne.wikipedia.org/wiki/फ्रान्स,84d6a792dad016e0a17175d95131bea9ccb8cc86787bae1a6c27f1aca3e37972
P1,nep_wikipedia_2021_100K,nep,L20,576,http://ne.wikipedia.org/wiki/झलनाथ_खनाल,597206baf9cdda9d263e42b54f801d6b1ff8b0a6c9243e7560d32435141e35c9
P1,nep_wikipedia_2021_100K,nep,L20,577,http://ne.wikipedia.org/wiki/नेपालको_झण्डा,70f9276367b7906304b352cac4ae2123617b34d396012dd164dde52dd22cc87e
P1,nep_wikipedia_2021_100K,nep,L20,578,http://ne.wikipedia.org/wiki/बुद्ध_धर्म,ec667c72a444b872a26f5d54db27beb9268ea782cfaf9a51dcb42e018fcfae3c
P1,nep_wikipedia_2021_100K,nep,L20,579,http://ne.wikipedia.org/wiki/टाइटानिक_(१९९७_चलचित्र),1367d0cb61aed8ec5660cbc0eef473078ab61646477e6dd0a4ae0a0960c023fa
P1,nep_wikipedia_2021_100K,nep,L20,580,http://ne.wikipedia.org/wiki/बिष्ट,0a2bec9b8017742340a2693c2519456c754cc66f0bb0fd04d05da3534fa058aa
P1,nep_wikipedia_2021_100K,nep,L20,581,http://ne.wikipedia.org/wiki/कृष्णभूषण_बल,4ce4266a1f43402997074e17d82bbbeb5d123fa0773495b848a50356bafefed3
P1,nep_wikipedia_2021_100K,nep,L20,582,http://ne.wikipedia.org/wiki/अपकृत्य,d9597ff18b68def8f924b43a8d39dc870345bd8c676bb64b8daf5ae036a1caea
P1,nep_wikipedia_2021_100K,nep,L20,583,http://ne.wikipedia.org/wiki/माथवरसिंह_थापा,c3741577569ed84366365021994b9ae9be01c2184f00985867f762d7da07ad98
P1,nep_wikipedia_2021_100K,nep,L20,584,http://ne.wikipedia.org/wiki/भाइबर,64492ae9d50b5fbe24963f87a3dad50528fbed1429bd39a14c64abfdf61b021d
P1,nep_wikipedia_2021_100K,nep,L20,585,http://ne.wikipedia.org/wiki/राशि-चक्र,3cf1a77df0da9dfd2ceddfd3d199905966d7f7c7c61a4fb3915c46ac3a746c1b
P1,nep_wikipedia_2021_100K,nep,L20,586,http://ne.wikipedia.org/wiki/तियाडी_थान,faace9b675c0dbde145b6e221af09767453e688b6c7710c81284c55e1d4a6708
P1,nep_wikipedia_2021_100K,nep,L20,587,http://ne.wikipedia.org/wiki/किम_जोङ्_इल,5848cf693a440225acf051dfef299a692b67b10cf4f7ea130483eaae0132135f
P1,nep_wikipedia_2021_100K,nep,L20,588,http://ne.wikipedia.org/wiki/मूत्रमार्गको_सङ्क्रमण,751cb2206dd35b1d1f8820f757d092139fa22ad8b8a24acf46d2d9f7def703df
P1,nep_wikipedia_2021_100K,nep,L20,589,http://ne.wikipedia.org/wiki/रामभक्त_कोख,1bf860f55741f833a80c1f27617c4936ff2d212edd3f9d7dda1d0002bc715a04
P1,nep_wikipedia_2021_100K,nep,L20,590,http://ne.wikipedia.org/wiki/राहुल_गान्धी,1a5a180960e817728f862f742396d8031b3cdf042a9da58cda6fb04c5ff3e1d7
P1,nep_wikipedia_2021_100K,nep,L20,591,http://ne.wikipedia.org/wiki/सायनसूर्य,a8d5a0ae3a82c4cd90b77be289366d36d439f2a725fc36b4a6defd434132928b
P1,nep_wikipedia_2021_100K,nep,L20,592,http://ne.wikipedia.org/wiki/गुरु_गोरखनाथ,a7a7b1d4f0bb0f689e3d8e2319289cbf7797a014077aade49c4a275dc98b2c70
P1,nep_wikipedia_2021_100K,nep,L20,593,http://ne.wikipedia.org/wiki/मधेस,99cfd16a9b4da58a5d295f94f8f566f5c9159bb5cff1bf275cd82239a64e0376
P1,nep_wikipedia_2021_100K,nep,L20,594,http://ne.wikipedia.org/wiki/रिहाना,da2036d57df3a722568c148c4575d0ed9264c7ab299c5cecafba09f62dd9d6de
P1,nep_wikipedia_2021_100K,nep,L20,595,http://ne.wikipedia.org/wiki/स्त्री_पर्व,7f407d80115b0185151e70be1877880f346778844bc4bdfeb0fefbc096349355
P1,nep_wikipedia_2021_100K,nep,L20,596,http://ne.wikipedia.org/wiki/युरोपेली_सङ्घ,fbdec0296a85b2557c91b4f52c60e5752e6fcce85357b49d16efb3228320a9e4
P1,nep_wikipedia_2021_100K,nep,L20,597,http://ne.wikipedia.org/wiki/लिच्छवि_काल,c6aee7dda6006ebcf91ac625c52777631820379f700c4361738392e8a1f9e6ff
P1,nep_wikipedia_2021_100K,nep,L20,598,http://ne.wikipedia.org/wiki/नयाँ_दिल्ली,fb628fc5d15c672f770afe8d4ed771b1c16dcf4846058c6e5bbf51669bc2d2dc
P1,nep_wikipedia_2021_100K,nep,L20,599,http://ne.wikipedia.org/wiki/अहिंसा,128bd96d5cff0d211ab8e508bb58330eb10f265d1e6e8e12a811db6a51dfbc44
P1,nep_wikipedia_2021_100K,nep,L20,600,http://ne.wikipedia.org/wiki/खोटेसल्लो,9590e2a597795af336652d46a9dc60f878e74293a620aebdf9102f509c0566bf
P1,nep_wikipedia_2021_100K,nep,L20,601,http://ne.wikipedia.org/wiki/चितवन_जिल्ला,486e835d6f9d0ac9dfdd4d1304339cd92640e4f67ecb07d9100aa3410ba39b21
P1,nep_wikipedia_2021_100K,nep,L20,602,http://ne.wikipedia.org/wiki/छक्का_पञ्जा_२,0e0cec25ed59aecc8feabe3850a6eeb6fd6f7746edb3f9666fbf4262886da576
P1,nep_wikipedia_2021_100K,nep,L20,603,http://ne.wikipedia.org/wiki/टुडु,acc71812b4837e4ed112967ad73c22a4dd56eeabfb16ffffd4c4f969721585d1
P1,nep_wikipedia_2021_100K,nep,L20,604,http://ne.wikipedia.org/wiki/द_कोका-कोला_कम्पनी,732533c395cc88eb6aa6ca31757a1bf87e7548c9dbf36bb067c57ad1a0b537a6
P1,nep_wikipedia_2021_100K,nep,L20,605,http://ne.wikipedia.org/wiki/नाचो,2b1287a6f8397444eda2e13bc677a12672210359c71e6dd274d0970b4029f420
P1,nep_wikipedia_2021_100K,nep,L20,606,http://ne.wikipedia.org/wiki/पाको_आल्कासेर,91203fdca1d304d57aa7f61db34a8982102ad2f826f782f6daba15c964abba99
P1,nep_wikipedia_2021_100K,nep,L20,607,http://ne.wikipedia.org/wiki/मोलासेस_घाँस,344568932eaa21f4819e0e7b95752d7b6fce6ac4b3b8201273af4ce5204fc67b
P1,nep_wikipedia_2021_100K,nep,L20,608,http://ne.wikipedia.org/wiki/ललिपप_(साङ्गीतिक_समूह),85d4d9b9f9521cb365a8eb40d590770d5f034fc710a41193237990bd67390ed2
P1,nep_wikipedia_2021_100K,nep,L20,609,http://ne.wikipedia.org/wiki/विकिहाउ,baa66a5ac088b206c25346b30485faae1e719f0554ba0b6cab18c861f03cf3ac
P1,nep_wikipedia_2021_100K,nep,L20,610,http://ne.wikipedia.org/wiki/साराह_लोगन,1a35b3ffe74d91323f84ca7adfc199df4a6ee76b926122d5146646ff9492fd24
P1,nep_wikipedia_2021_100K,nep,L20,611,http://ne.wikipedia.org/wiki/हुसेइन_मुहाम्मद_एरशाद,a04e68452014fb40fc99e9e1d4eaf13e49c9d759f460df02503f3313019c438e
P1,nep_wikipedia_2021_100K,nep,L20,612,http://ne.wikipedia.org/wiki/नेपाली_सुचना_प्रविधि-_वर्ष_२०६५,012bb544eac419821ff2ffbe98d1e772442b877bb1156c9ad5a9ee84685814f7
P1,nep_wikipedia_2021_100K,nep,L20,613,http://ne.wikipedia.org/wiki/बाहुबली_२:_द_कन्क्लुजन,2b119dffa44f4efb3074b56bef42ff7b307b50f93c46b5c38e881b80c4cb9453
P1,nep_wikipedia_2021_100K,nep,L20,614,"http://ne.wikipedia.org/wiki/भोजपुर_जिल्ला,_नेपाल",04b6b099524936ee1aa45a445a5bb1f31693e042a0a0abc93dcdba537389dc32
P1,nep_wikipedia_2021_100K,nep,L20,615,http://ne.wikipedia.org/wiki/मोरङ_जिल्ला,2c3b2f6729c3b739678e318bce865a5e25c77cc0f3d2d6bbcdd2ed30d7e0515b
P1,nep_wikipedia_2021_100K,nep,L20,616,http://ne.wikipedia.org/wiki/श्रीखण्ड,25da09008b6df4264f146385a5fd991c728008fe8798b5499051b99ba1c33d7a
P1,nep_wikipedia_2021_100K,nep,L20,617,http://ne.wikipedia.org/wiki/भर्सायको_सन्धि,8f6cde11e39c3e8fb790f51c74597a9f4bd614c886c5d3b27398c9afc07c6f0b
P1,nep_wikipedia_2021_100K,nep,L20,618,http://ne.wikipedia.org/wiki/नेयोमी_(कुस्ती_खेलाडी),c9c23b6e66a4271423280d87565ca23732355bc484e8b1d4d6a3d60aa5a02732
P1,nep_wikipedia_2021_100K,nep,L20,619,http://ne.wikipedia.org/wiki/स्मृति,f5a201ddab92323efeb84b3599b856e048ca219c9d3b8ded592ef0f75da905f8
P1,nep_wikipedia_2021_100K,nep,L20,620,http://ne.wikipedia.org/wiki/हात्तीपाइले_रोग,d166c8b5f0dfa992e2b76a26a3921ae595f09ff14cda7414e1f1a5ef71953f1d
P1,nep_wikipedia_2021_100K,nep,L20,621,http://ne.wikipedia.org/wiki/सम्राट_अशोक,c90fdf0a63e9c96432facbdad07751de06f02aaed7a855259caae30ac84547ca
P1,nep_wikipedia_2021_100K,nep,L20,622,http://ne.wikipedia.org/wiki/सुवर्ण_शमशेर_राणा,b5514071b41c8ec58f3e8a17a4934cb1574155af8268c2f2744ca06828989cd6
P1,nep_wikipedia_2021_100K,nep,L20,623,http://ne.wikipedia.org/wiki/६४_साल_पर्व,ea1f2a6ea1988008c52be7ef9ce22f51bee1eb3e9210f271aef29b94ae1d6d2f
P1,nep_wikipedia_2021_100K,nep,L20,624,http://ne.wikipedia.org/wiki/नेत्रविक्रम_चन्द,6631ef0770471959c71d04d6a3a198a877680fff0b95b7eefc04654051cee597
P1,nep_wikipedia_2021_100K,nep,L20,625,http://ne.wikipedia.org/wiki/फेन्टम,c7d932cf6594871c84da0b11d2cc1de4e1149700f72f53d3b6be882c6fde503f
P1,nep_wikipedia_2021_100K,nep,L20,626,http://ne.wikipedia.org/wiki/वणशङ्कर_नेपियर_सि.ओ.३,2047afffc1fbd77f248d48208660f9f3298963f82f87ded029da15796da40441
P1,nep_wikipedia_2021_100K,nep,L20,627,http://ne.wikipedia.org/wiki/मुलाटो_घाँस,b1fa94eb1bef8bb15751d215c10bd91ace2cb179c1977ef614e7b5d01a3a8d59
P1,nep_wikipedia_2021_100K,nep,L20,628,http://ne.wikipedia.org/wiki/अष्टिम्की,29014ee2394a79afe7894bc858eec4488bdcf122ffe79fb158055762d7071baf
P1,nep_wikipedia_2021_100K,nep,L20,629,http://ne.wikipedia.org/wiki/खाँडादेवी_मन्दिर,16f266fabb8b561af2d086050837e7855ecf70d600b7810714c27103ae10f3dd
P1,nep_wikipedia_2021_100K,nep,L20,630,http://ne.wikipedia.org/wiki/जिसस_क्राइस्ट,2a4706e5f70d02937dcfacf99d8ffaf4ff43b862c911f9e64a88115e94f93c74
P1,nep_wikipedia_2021_100K,nep,L20,631,http://ne.wikipedia.org/wiki/ढुकुटी_(कारोबार),d92b99c26a467d69ee120f7176743c829a91854eb77b053d1653cfdc4980fc0a
P1,nep_wikipedia_2021_100K,nep,L20,632,http://ne.wikipedia.org/wiki/प्राणवायु,3b45043de494cf4b339bb4fce8188203657b35e1ed4819db56fd4863e60c3525
P1,nep_wikipedia_2021_100K,nep,L20,633,http://ne.wikipedia.org/wiki/युद्धप्रसाद_मिश्र,2541c53c6f65a20482fd7efaab0e7d6275cbcda656d552e66ec59b15fb2d4bcc
P1,nep_wikipedia_2021_100K,nep,L20,634,http://ne.wikipedia.org/wiki/सरस्वती_नदी,60e249efc03ae6fda9e8d9cc8b3364f09fe090ddbe8ea9c3637f247c12210f72
P1,nep_wikipedia_2021_100K,nep,L20,635,http://ne.wikipedia.org/wiki/सिमसार,977e3e7e67f4d21c6906d9b5424ff3ef3b12b8f55263963f7f37aca13c3d3987
P1,nep_wikipedia_2021_100K,nep,L20,636,http://ne.wikipedia.org/wiki/स्ट्रेप_थ्रोट,b0438549726a75edc1a5a4c39b7570fa95f236212a59bbdd138b96f1819616a1
P1,nep_wikipedia_2021_100K,nep,L20,637,http://ne.wikipedia.org/wiki/हेपाटाइटिस_बी,1b4c9e8db7839eeaef827db22a94ad7a67bbe00b94c3907a8bc89149dc6c6094
P1,nep_wikipedia_2021_100K,nep,L20,638,http://ne.wikipedia.org/wiki/प्राचीन_मिश्रको_सभ्यता,b763ec79b2b4d5a0240170ebef58780a2336eed6a05e1d2778e61c78784788a8
P1,nep_wikipedia_2021_100K,nep,L20,639,http://ne.wikipedia.org/wiki/फिफा_विश्वकप_-_२०१०_का_निराशाजनक_प्रदर्शनी,bc6e549022043834ff2760bb790bef5f5004ee598a6ac8c2eb4c3b53627ec763
P1,nep_wikipedia_2021_100K,nep,L20,640,http://ne.wikipedia.org/wiki/रुडल्फ_डिजेल,7e622debc76cda8822a86309cf5e7aa7a0584be0576c19fce8082523d68b296c
P1,nep_wikipedia_2021_100K,nep,L20,641,http://ne.wikipedia.org/wiki/भाषाविज्ञान,60f89158ba15aba60987daa24917fdd51e4ae196239461f923335ba2922d303f
P1,nep_wikipedia_2021_100K,nep,L20,642,http://ne.wikipedia.org/wiki/गुरूप्रसाद_मैनाली,0acd89bd6b9fc0ffea7919a2e84cd2c0110a40237bcd13c122596e9aa340ddd9
P1,nep_wikipedia_2021_100K,nep,L20,643,http://ne.wikipedia.org/wiki/पार्वती_थापा,195bd61ae6928790debefefc393fe4520d3d67c109ebb410223fddf3581d0d26
P1,nep_wikipedia_2021_100K,nep,L20,644,http://ne.wikipedia.org/wiki/एरन_गनरसन,cdcd6dc6ac4003ca9a7d4c4f18815de82bf8d0513e29df4cf1cd0279c208716c
P1,nep_wikipedia_2021_100K,nep,L20,645,http://ne.wikipedia.org/wiki/लिम्बु_जाति,4f9189dfdf8a87a16e5c84f2774dcd6709b67c731109a0ddb211d28540bd2fb5
P1,nep_wikipedia_2021_100K,nep,L20,646,http://ne.wikipedia.org/wiki/पहाडिया_मुसलमान,06634d818d9ea6167314d7d9958c5b11d2f3f8cf198ce9297bafb64ae5720faf
P1,nep_wikipedia_2021_100K,nep,L20,647,http://ne.wikipedia.org/wiki/फुटबल_विश्वकप_छनौटमा_नेपाल,9fab20cc72993537adc0c80760e2178fc552d7c1aa1f34a14aa81c06a8749d58
P1,nep_wikipedia_2021_100K,nep,L20,648,http://ne.wikipedia.org/wiki/अलेक्सा_ब्लिस,4b851fd6b7568b0e978d743320dfb106e46194401349347664e67215bed7b3f5
P1,nep_wikipedia_2021_100K,nep,L20,649,http://ne.wikipedia.org/wiki/कागती,b1d9c16d372dae20ddf235a69666201b57d6505831ad1a2506bbe3e70ecd2dbd
P1,nep_wikipedia_2021_100K,nep,L20,650,http://ne.wikipedia.org/wiki/जेनिफर_मारोजान,380c89e9b764e2895ea3b134c00edd967f14131811f5fc394ad51d7131d4bd3a
P1,nep_wikipedia_2021_100K,nep,L20,651,http://ne.wikipedia.org/wiki/जेलिना_भेगा,c6b5cbef53e10021dd766fdfd4028e1293f7b92e55134fb420b246074ac7797e
P1,nep_wikipedia_2021_100K,nep,L20,652,http://ne.wikipedia.org/wiki/टेसा_ब्लान्चर्ड,3ba7a0128af867e6baefe6ab59adc8e0e7313d90b43b4bf8e2c052b50cb2dda4
P1,nep_wikipedia_2021_100K,nep,L20,653,http://ne.wikipedia.org/wiki/पश्चिमी_हरित_माम्बा,4ab805353a38e28a83f222ac82d541136ac065fd977ada90fd442e5a06d4404e
P1,nep_wikipedia_2021_100K,nep,L20,654,http://ne.wikipedia.org/wiki/बायदु_नक्सा,85a2744b50d73a39261c9980df6f7dc21ffaecb4b6491c31c22494f8b57559da
P1,nep_wikipedia_2021_100K,nep,L20,655,http://ne.wikipedia.org/wiki/भिक्तुरिया_सिल्भ्स्तेद,ba5444bd30d9e1498ca6f9800905c0cd6843d15bb4db5d1468c8bb7ac8efe86a
P1,nep_wikipedia_2021_100K,nep,L20,656,http://ne.wikipedia.org/wiki/मिनियन्स्_(चलचित्र),5794fc449c90f0a50ab3742a95a34b5bf5b72e3574e24f6605c07e9e4622a460
P1,nep_wikipedia_2021_100K,nep,L20,657,http://ne.wikipedia.org/wiki/लखन_थापा_मगर,b24adf11f81d5f03c7566e90569556ebddccaf3b0fa39ecc4d11064b9a6efef0
P1,nep_wikipedia_2021_100K,nep,L20,658,http://ne.wikipedia.org/wiki/शेरपुर_जिल्ला,5fc090ac1ee008f06f8b327215fbe6409a8cd308419ca09b8568440d8b8523f8
P1,nep_wikipedia_2021_100K,nep,L20,659,http://ne.wikipedia.org/wiki/भारत_छोड_आन्दोलन,db438b99e81df2db96e241879f35413408a8b2473b43e79120ef048e48443ff7
P1,nep_wikipedia_2021_100K,nep,L20,660,http://ne.wikipedia.org/wiki/सिंहासैन_गा.वि.स.,278288bdd1844dbee4b1855de83808c29a2bb998ac94aebd56a6f2cd695d3f71
P1,nep_wikipedia_2021_100K,nep,L20,661,http://ne.wikipedia.org/wiki/एक_सर्को_माया,8f9fb859d8d3530f7fb15114f103f5e799ccdad1ace790c7f12f77248d9a6bdd
P1,nep_wikipedia_2021_100K,nep,L20,662,http://ne.wikipedia.org/wiki/अन्तिम_नेपाल_तिब्बत_युद्ध,64cbca1168678bae4e5bfa2b4a66cacf408da1b53a39ef604f673801341d92ab
P1,nep_wikipedia_2021_100K,nep,L20,663,http://ne.wikipedia.org/wiki/ज्ञानेन्द्र_शाह,d3bc4c204e408dc00b6f6a0dfc8ed3956133b44ba48bd8b0cf39cb1c2f5ba00e
P1,nep_wikipedia_2021_100K,nep,L20,664,http://ne.wikipedia.org/wiki/सन्_२०२१_को_बर्मेली_सैन्य_विद्रोह,8975afb5a867d1fdc7df688ce9a0b7d8f594880a8b9e23f6cc2dcbab9a6f12ac
P1,nep_wikipedia_2021_100K,nep,L20,665,http://ne.wikipedia.org/wiki/हाब्रे,4aef4157926ecd93d1d7012272dd7f9a793d7b56b9b82e51097b25c4a5eecb8c
P1,nep_wikipedia_2021_100K,nep,L20,666,http://ne.wikipedia.org/wiki/मौरिसस,353edc8abf047fd91bea9e0d963b7b4c8e0069c03d6ba092de11e705097c12a0
P1,nep_wikipedia_2021_100K,nep,L20,667,http://ne.wikipedia.org/wiki/मगर_जाति,b586561c0271ebeca7b5d2dc641f0e9fe869c40615fbde57618cea943022fd60
P1,nep_wikipedia_2021_100K,nep,L20,668,http://ne.wikipedia.org/wiki/ध्यानी_बकुल्ला,fef38a11336c52f83e58467c8975238a2f2a85c191e9cf6ec5b947bd9ef1a07a
P1,nep_wikipedia_2021_100K,nep,L20,669,http://ne.wikipedia.org/wiki/ओभरियन_सिस्ट,1387fe196d3209aeb5802a0e44fea5ddad0a9fbc82ac9f83593db013ca320582
P1,nep_wikipedia_2021_100K,nep,L20,670,http://ne.wikipedia.org/wiki/शिरीषको_फूल,76e92d07362f7573c0b2b703eb8aaef4dc037283258a9a9a3560eed490a67b44
P1,nep_wikipedia_2021_100K,nep,L20,671,http://ne.wikipedia.org/wiki/उत्कृष्ट_फिफा_फुटबल_अवार्ड_२०१६,fc3f742c1f6f24d8fa9850f7a47f9c3aa4a802cf2c24c276b0c95b0a8813401a
P1,nep_wikipedia_2021_100K,nep,L20,672,http://ne.wikipedia.org/wiki/अर्थ,2c8d0020c97c96f0956237b5b48a13747a2db99e3de28237ff3ab3b5b7493871
P1,nep_wikipedia_2021_100K,nep,L20,673,http://ne.wikipedia.org/wiki/आँखा,debd8346d91dd81cb44c1f24f5d60b6ef0884f01eb13da34458930b3a6414bc3
P1,nep_wikipedia_2021_100K,nep,L20,674,http://ne.wikipedia.org/wiki/ज्योतिष_र_रत्न,666d2ce2b99c46c649f0e1e359747aaa8edefad38c5042ef6208cbc369693ad5
P1,nep_wikipedia_2021_100K,nep,L20,675,http://ne.wikipedia.org/wiki/देवीभागवत_पुराण,c4321917480cffc3dad188216f431ffc27a0b6ab77868d2f388a852baa607613
P1,nep_wikipedia_2021_100K,nep,L20,676,http://ne.wikipedia.org/wiki/नारद_पोखरी,c43f50e672e63802fb8295b4d1125a559de3647de665943cb73eea257bd34b0b
P1,nep_wikipedia_2021_100K,nep,L20,677,http://ne.wikipedia.org/wiki/फरीदाबाद,b62fd9d70b028bea37ae5cc32657495fabcb6b0fff86170d7f6e756aaeab80b4
P1,nep_wikipedia_2021_100K,nep,L20,678,http://ne.wikipedia.org/wiki/रसुवागढी,f704223960a696466af62e8deea30c8380ffb763e1f31064649bb375f1cdbf6d
P1,nep_wikipedia_2021_100K,nep,L20,679,http://ne.wikipedia.org/wiki/आश्रम_व्यवस्था,3360fc689e48681f78e084cca3b825e662b3dc04af70bfa814ca72eb67541519
P1,nep_wikipedia_2021_100K,nep,L20,680,http://ne.wikipedia.org/wiki/वेब_खोज_संयन्त्र,52026e81d70bd7c361c2eebdc6133db7dd9aef5acc10ca1ebd7893e9287625c6
P1,nep_wikipedia_2021_100K,nep,L20,681,http://ne.wikipedia.org/wiki/एन्जिला_तुम्बापो_सुब्बा,d50d9685ff53cd86105277c9d98a0efdccded96983cf6910279539d67026f159
P1,nep_wikipedia_2021_100K,nep,L20,682,http://ne.wikipedia.org/wiki/डुङ्गेश्वर_मन्दिर,d77e328cc82a44694c96dea0016cdb6e25402246f12ccaceb273ad4ab01a3725
P1,nep_wikipedia_2021_100K,nep,L20,683,http://ne.wikipedia.org/wiki/राइटरबाजे_(कथा),0abeb05378473c052e448601391c2156cf4b343aae10091e871378de222f7e0f
P1,nep_wikipedia_2021_100K,nep,L20,684,http://ne.wikipedia.org/wiki/नुहाउनु,11011b935efd37465d7ed73c919fe67708c30354773cac07fb3080987ad66449
P1,nep_wikipedia_2021_100K,nep,L20,685,http://ne.wikipedia.org/wiki/फिल_जोन्स,23c07f3e456f3abadb7356ca4e31ab32736ce9a545860eda6e29f4ce457c8c53
P1,nep_wikipedia_2021_100K,nep,L20,686,http://ne.wikipedia.org/wiki/नेपालमा_भूकम्पको_इतिहास,ea15f1dc7bca0a550015082c2a30ffd9ebd7e9cf10dc26aac736998ebe53a8bb
P1,nep_wikipedia_2021_100K,nep,L20,687,http://ne.wikipedia.org/wiki/जुलिया_माइकल्स,6c5cc5ef6eff1ed774ba31cdc1d91ed9b1039b1b48743ba5b56f45451e400d2f
P1,nep_wikipedia_2021_100K,nep,L20,688,http://ne.wikipedia.org/wiki/आलेक्सान्दर_मित्रोभिच,eba4380a9fda77290f5a0a225c9d4a7a8a7d770ca7c2dcd2493a63462bb7ec00
P1,nep_wikipedia_2021_100K,nep,L20,689,http://ne.wikipedia.org/wiki/रेडियो_ध्रुवतारा,753f3f31967e90b307e2ad7b7f900a1978714c036bb79c385736c43c6b91f0e1
P1,nep_wikipedia_2021_100K,nep,L20,690,http://ne.wikipedia.org/wiki/उग्रचण्डी_नाला,a6b2efe1c838b918ce0341d326084f912b312f09b98d1d3ad2bd0095a427d23b
P1,nep_wikipedia_2021_100K,nep,L20,691,http://ne.wikipedia.org/wiki/द_चेनस्मोकर्स,bd9fbff6d17fa271d4ea494870d25a82a6ece8f04f4360cb23a251d767fe653f
P1,nep_wikipedia_2021_100K,nep,L20,692,http://ne.wikipedia.org/wiki/आइछिई,16cd7d06e2a8669d6d7709203a334a7179cfeb47713e822351b45ef0631877a3
P1,nep_wikipedia_2021_100K,nep,L20,693,http://ne.wikipedia.org/wiki/इभा_ब्राउन,089172a701d01c6c033eb579a320be0ec708a3626df1fda5d194623afd3c480b
P1,nep_wikipedia_2021_100K,nep,L20,694,http://ne.wikipedia.org/wiki/जयपुरहाट_जिल्ला,30ea7d9cc0b6d5dbddc7afcac6df37cd34c6450117e38df183d357bd3b237977
P1,nep_wikipedia_2021_100K,nep,L20,695,http://ne.wikipedia.org/wiki/थामा_चौघेरा_माईस्थान,426d1a11be11039c3b0b09db2173c11a245b033e33088884a142ae68cbede65e
P1,nep_wikipedia_2021_100K,nep,L20,696,http://ne.wikipedia.org/wiki/नेपालको_आमसञ्चार,6e1f0d863a062c17122298171659b1d336a2425bfc4628e6d721ebde9b0588a7
P1,nep_wikipedia_2021_100K,nep,L20,697,http://ne.wikipedia.org/wiki/भारतका_शास्‍त्रीय_नृत्‍य,aeb6aee054bab4e547dfcfebc612da21a167886ebbcf9bf12b1c03acf20dea22
P1,nep_wikipedia_2021_100K,nep,L20,698,http://ne.wikipedia.org/wiki/शेर्पा_जाति,59629663012973b53070f00ef9d428ced82663a62d5f39196f292b1a4ebef00a
P1,nep_wikipedia_2021_100K,nep,L20,699,http://ne.wikipedia.org/wiki/दत्तात्रय,2e34a3c17968c0bf2e812c956e65c2679150fd6339861b99631f21eda865eae3
P1,nep_wikipedia_2021_100K,nep,L20,700,http://ne.wikipedia.org/wiki/नमोबुद्ध,11e0a361d14cc78b5389c198c6c2a92fa38bb1154931a87b87619a0fe5198e7d
P1,nep_wikipedia_2021_100K,nep,L20,701,http://ne.wikipedia.org/wiki/बागलुङ_जिल्ला,8ff7454196f51074aae6d0a38b535062971a3a76719371e05caa60f49e6cbcb4
P1,nep_wikipedia_2021_100K,nep,L20,702,http://ne.wikipedia.org/wiki/सागर_थापा,a06e388d699ad5c60a631222dc25525bd8c1e1b78846d417e6471cb711584877
P1,nep_wikipedia_2021_100K,nep,L20,703,http://ne.wikipedia.org/wiki/विश्वका_अर्बपतिहरू,8981adb657625ae50f47902aebfabca4c1ae14fdce3abad7885687dc963feeb9
P1,nep_wikipedia_2021_100K,nep,L20,704,http://ne.wikipedia.org/wiki/पालाकोट,c2a71c2e668c6fa756eb1297c2e74e72c8bf448fa347ee469dced64e10a89f57
P1,nep_wikipedia_2021_100K,nep,L20,705,http://ne.wikipedia.org/wiki/विमल_गुरुङ,c929953074b16a616b27f5cca494c9b1c4065cfd052c64a5068c4f745edf4fe2
P1,nep_wikipedia_2021_100K,nep,L20,706,http://ne.wikipedia.org/wiki/रामप्रसाद_खनाल,f552c4a1faccaf568ffc8e9f4125a796c4a6a5479c510120a98aa96760c6a01a
P1,nep_wikipedia_2021_100K,nep,L20,707,http://ne.wikipedia.org/wiki/नेपाल_एसविआई_बैंक,8eff5e3db5f6664a3d0dc5ff7a2c2e4d8f50d1ee1884c2d2d914297e8b6a3676
P1,nep_wikipedia_2021_100K,nep,L20,708,http://ne.wikipedia.org/wiki/भण्डारखाल_पर्व,890406b451a2e59bcfb0ff36b75736fbd5459dd90cdb29094b53eaaee24583dd
P1,nep_wikipedia_2021_100K,nep,L20,709,http://ne.wikipedia.org/wiki/मातृकाप्रसाद_कोइराला,2c533040575986e7445f11dc456911cf765b487058ab29cb71b58f06309271eb
P1,nep_wikipedia_2021_100K,nep,L20,710,http://ne.wikipedia.org/wiki/टाका,4016797c29170fa229247fef8d32710856773d3b65e8e1b3fdbc5324ce1b2f1e
P1,nep_wikipedia_2021_100K,nep,L20,711,http://ne.wikipedia.org/wiki/२०२०_नेपालमा_कोरोनाभाइरस_महामारी,3103fc0d2c41a834808cdd8a7cb94e5b91e5d95b3a262575448948c6271b972c
P1,nep_wikipedia_2021_100K,nep,L20,712,http://ne.wikipedia.org/wiki/कृष_(२००६_चलचित्र),d2078e52a935c5aa3973a805178be3de7c3d8e4ff389caf9a55d20aca716bd12
P1,nep_wikipedia_2021_100K,nep,L20,713,http://ne.wikipedia.org/wiki/कालेश्वर_महादेव,0914188cf30ec9926ce0b86f163a7ff90cb1c7b8aa31e738c6a549a08283f0f8
P1,nep_wikipedia_2021_100K,nep,L20,714,http://ne.wikipedia.org/wiki/मैतीदेवी,103bf3cd6e4e5608f66176d476d0a989558afe3bbdc31470bc9db7a10168b2dd
P1,nep_wikipedia_2021_100K,nep,L20,715,http://ne.wikipedia.org/wiki/सुनगाभा,50997c870cfa004da262edd256390e2612d20661a3979da309354063da3293dd
P1,nep_wikipedia_2021_100K,nep,L20,716,http://ne.wikipedia.org/wiki/जग्गी_वासुदेव,0f6e7a33c07416dd84d5b910a5da087c03fe80abb3e20b0cf3f657e6b6c38520
P1,nep_wikipedia_2021_100K,nep,L20,717,http://ne.wikipedia.org/wiki/बोधिचित्त,1083e7e91d1f7482baf9112f6d4984b70f7509a418d621f70ba35504dd30ac52
P1,nep_wikipedia_2021_100K,nep,L20,718,http://ne.wikipedia.org/wiki/महाजनपद,433c71489512af86bc8d103bed7d2100b0aa56c5e26a229507a34ded2d1c27ae
P1,nep_wikipedia_2021_100K,nep,L20,719,http://ne.wikipedia.org/wiki/रविकृत_रामायण,dcd8d837ba69b08e18fa48bbf7a17d5476346a37af1a395a0ce171694ef46eae
P1,nep_wikipedia_2021_100K,nep,L20,720,http://ne.wikipedia.org/wiki/राष्ट्रिय_स्वयंसेवक_संघ,0c5db13c01049d1aaed2f6b131008fc5117319db0c3dc2db6efee976ff920dd4
P1,nep_wikipedia_2021_100K,nep,L20,721,http://ne.wikipedia.org/wiki/विस्फोटक,06523f4b4f73e0e33b63243b677bf9ef577ab2a8345c97fb1108e3aecf480812
P1,nep_wikipedia_2021_100K,nep,L20,723,http://ne.wikipedia.org/wiki/उपमन्यु_गोत्र,69764517d39519e983abb3f8aac63b42c6e903d0422f0bc1bb36e928170766bf
P1,nep_wikipedia_2021_100K,nep,L20,724,http://ne.wikipedia.org/wiki/चार्ली_शीन,985527bd45714e77c27c09eda32b9bcaedc41829081ff11e3e7a268b4f3fc7f4
P1,nep_wikipedia_2021_100K,nep,L20,725,http://ne.wikipedia.org/wiki/नयाँमुलुको_इतिहास,d01210a00f2e86841d7afda179ac64ddfe11200918d492af51ab4b6ea55e87d2
P1,nep_wikipedia_2021_100K,nep,L20,726,http://ne.wikipedia.org/wiki/मयमनसिङ्ह_जिल्ला,d2b091ec56e80befb569f09dc4289fab97698b79f83c17dba83ca829e1588f19
P1,nep_wikipedia_2021_100K,nep,L20,727,http://ne.wikipedia.org/wiki/काँ_धड्किन्छै_मुटु,6fe31e5626c9cfa6cf8fb2b8bbfcc9c5f0f9c1bc9fdbf97dc2109699e73ec3f1
P1,nep_wikipedia_2021_100K,nep,L20,728,http://ne.wikipedia.org/wiki/नीम,88b236142fcb182ea41d197173de699f1490d76571431aec0fb1ef93d747ea9b
P1,nep_wikipedia_2021_100K,nep,L20,729,http://ne.wikipedia.org/wiki/बागी_(२०१६_चलचित्र),82d323b95b391c0e3187bfa2e4f32d44b70b65ee6fa3e1ef1a8a0db1b7f2167b
P1,nep_wikipedia_2021_100K,nep,L20,730,http://ne.wikipedia.org/wiki/मारिया_क्युरी,2450194a3aa9be6ec1793e45b6ed49bc268232002d66f1f77ba987b244496054
P1,nep_wikipedia_2021_100K,nep,L20,731,http://ne.wikipedia.org/wiki/कम्प्युटर,1fbe71d8b1ea553a29ce1e78f2180cd57e6857a72c375ea9fa76b28167bf839b
P1,nep_wikipedia_2021_100K,nep,L20,732,http://ne.wikipedia.org/wiki/रामानन्द_सागर,250e0dd413562299a4fdb92072bac40be6c712d591ac51892186d8f8bd1774dc
P1,nep_wikipedia_2021_100K,nep,L20,733,http://ne.wikipedia.org/wiki/विकिसमाचार,29f2b186b7192205fe9bddab3f7f93cd71a1b0263da5194d0de389423c5cb37e
P1,nep_wikipedia_2021_100K,nep,L20,734,http://ne.wikipedia.org/wiki/पान_सिंह_तोमर,b63e27aab8dedc7dd9ea8d58bbcec229c8c38f6bd6063260cd82a813a42d884f
P1,nep_wikipedia_2021_100K,nep,L20,735,http://ne.wikipedia.org/wiki/अबखाजिया,f91912505a96273f0487b019257c69826b1e1ae4619e30e41ab0ae9a227ba7a3
P1,nep_wikipedia_2021_100K,nep,L20,736,http://ne.wikipedia.org/wiki/ग्रान्ड_थेफ्ट_अटो:_भाइस_सिटी,2fafab4be6a48e2568c6be38fb84413eaef13cc8ffaf00e59d99eadf2abb54d3
P1,nep_wikipedia_2021_100K,nep,L20,737,http://ne.wikipedia.org/wiki/म्याट_हार्डी,a83119219af5ff7f740ccb5c5ac4879894550d6818b7258dc6b01aa60b841b01
P1,nep_wikipedia_2021_100K,nep,L20,738,http://ne.wikipedia.org/wiki/पुष्पभक्त_मल्ल,5bff96a19bbb7af35fce56618b39eb1c8c182e83fa3f008144d7378867d0e738
P1,nep_wikipedia_2021_100K,nep,L20,739,http://ne.wikipedia.org/wiki/फिनल्यान्ड,6b88787ecf84263eeec351acdecfe32831b0789e76bafcb592ace56e5a3546ec
P1,nep_wikipedia_2021_100K,nep,L20,740,http://ne.wikipedia.org/wiki/इस्लामाबाद_राजधानी_क्षेत्र,55ebb45bde211412057a38ece5fb3af4cb0d6763d5b2b4772f8aa3d289668cb5
P1,nep_wikipedia_2021_100K,nep,L20,741,http://ne.wikipedia.org/wiki/कालु_कुमाले,8e42cacce3d14acb054f4fe637f5af63fb5ae47c46f9c3d836ae6021d85b5eed
P1,nep_wikipedia_2021_100K,nep,L20,742,http://ne.wikipedia.org/wiki/केसेल,044783338f1a75d34c537d3388753fbfc8888e4ffd348477d067dc2f246413bd
P1,nep_wikipedia_2021_100K,nep,L20,743,http://ne.wikipedia.org/wiki/चट्टोग्राम_विभाग,e12ae593e304240f7789afc660ac5f5954f33b772389beda7205449be5d83e66
P1,nep_wikipedia_2021_100K,nep,L20,744,http://ne.wikipedia.org/wiki/टाङ्गाइल_जिल्ला,7a4cbd055f549b7fd60725bca7491dc096c60018362d228359b7da7353117cfc
P1,nep_wikipedia_2021_100K,nep,L20,745,http://ne.wikipedia.org/wiki/डिल्लीजङ्ग_थापा,733919a07a002ed605b87688a2eb78ff089fa4febf0f9c5e0caabe7d1e6ac592
P1,nep_wikipedia_2021_100K,nep,L20,746,http://ne.wikipedia.org/wiki/दैलेख_जिल्ला,d2fd51a212a27c3f46a242f93914269497d9edf5504fe6bcd7dcc0194907478f
P1,nep_wikipedia_2021_100K,nep,L20,747,http://ne.wikipedia.org/wiki/बिहार,f74e029872c95e13fa3c81104e040674125e40b2a8eb7662d9314a4c2638e349
P1,nep_wikipedia_2021_100K,nep,L20,748,http://ne.wikipedia.org/wiki/मेन्डी_काप्रिस्तो,8a239202ceabfd894c0ec3b2a54e8e865a8d716cec9f1128fcdd71f95a35deed
P1,nep_wikipedia_2021_100K,nep,L20,749,http://ne.wikipedia.org/wiki/सुमित्रा_देवी,4bdc2896b821ac6273807f55338a696d2e816c05d699a787230a18a8a1d85953
P1,nep_wikipedia_2021_100K,nep,L20,750,http://ne.wikipedia.org/wiki/अङ्ग्रेजी_उपन्यास,fc8484a22e75394757ec532fe1710b517e124d85d58ad29f1f9239990585617a
P1,nep_wikipedia_2021_100K,nep,L20,751,http://ne.wikipedia.org/wiki/अमरनाथ_मन्दिर,d7e2831aa0d77c6c1a98e78c9b05e2dbb815208f847bb492010c48672bd29732
P1,nep_wikipedia_2021_100K,nep,L20,752,http://ne.wikipedia.org/wiki/घण्टाकर्ण_चतुर्दशी,5c640029792154d51d82998080466d256bb6e4fd053f3e07279d1423110947be
P1,nep_wikipedia_2021_100K,nep,L20,753,http://ne.wikipedia.org/wiki/नेपाल_इन्भेष्टमेण्ट_बैंक,5a8fb42a057484ce75614ab9c9bf55c2308a9cc409b4fdf65e2b0963809916f3
P1,nep_wikipedia_2021_100K,nep,L20,754,http://ne.wikipedia.org/wiki/बर्मुडा_त्रिकोण,3d9e0818f3871f1fc749d77c0e371a5f1fc48f3eff5ce4bfb5a094ce1c1b3b35
P1,nep_wikipedia_2021_100K,nep,L20,755,http://ne.wikipedia.org/wiki/महत,21a1b9f415ed5d190728246daa0f2903b04cb57921c81244a6cff18c86409fc3
P1,nep_wikipedia_2021_100K,nep,L20,756,http://ne.wikipedia.org/wiki/माघी,2d62e7e3781d3acfbed2cd26b0b8a3bd925fc7c0915c546d2cea3115fc703c81
P1,nep_wikipedia_2021_100K,nep,L20,757,http://ne.wikipedia.org/wiki/अश्वत्थामा,3eea6b366a04edd541cd841e8b904454755adb509a1e8a23a0a1c0d248ecfa5d
P1,nep_wikipedia_2021_100K,nep,L20,758,http://ne.wikipedia.org/wiki/लिसा_दहल्कभिस्त,9a0d31d5f3993870a2e1c1abd7186d3434c522eb9d300edeaa163f00ca989265
P1,nep_wikipedia_2021_100K,nep,L20,759,http://ne.wikipedia.org/wiki/झापा_काण्ड,5a47a2d51bf1873616da40e350683da759bf76b03bee6c715a553e9dc854fe69
P1,nep_wikipedia_2021_100K,nep,L20,760,http://ne.wikipedia.org/wiki/यती_(किम्बदन्ति_),caf7a8fe364e5af53ffc0934aed6f4f20c3f5f1663afe8a5da7c2fe10a6d177d
P1,nep_wikipedia_2021_100K,nep,L20,761,http://ne.wikipedia.org/wiki/रौतहट_जिल्ला,5d79673e33104a99e703412f9af01092082ec4f31290052faab3ed6e48e5cfd1
P1,nep_wikipedia_2021_100K,nep,L20,762,http://ne.wikipedia.org/wiki/नेपालमा_महिला_अधिकार,0b61a44c536d1b29f7095ae1720f89d52da6ed0bdf729e3c5dcb0883a9884cf6
P1,nep_wikipedia_2021_100K,nep,L20,763,http://ne.wikipedia.org/wiki/अ_क्लकवर्क_अरेञ्ज_(चलचित्र),a43b1c2f5f44c1556582d123d4f1e23aee94aa5b11980ca6ad247925c316d3e6
P1,nep_wikipedia_2021_100K,nep,L20,764,http://ne.wikipedia.org/wiki/क्रिस्टिन_स्टेवार्ट,4df89a840a9d087c062e0697b73142a5e87741ff246445d243f33a9129930e2c
P1,nep_wikipedia_2021_100K,nep,L20,765,http://ne.wikipedia.org/wiki/मरिच,95dddd2a01610f47ea9c9fc1273159ca2cee919e459c3d8701eb9bd9c931323c
P1,nep_wikipedia_2021_100K,nep,L20,766,http://ne.wikipedia.org/wiki/क्यामरन_बोइस,ee6fd40380ddabd04b6947cc6378ed257a3edce31599a422b78294f24c930b68
P1,nep_wikipedia_2021_100K,nep,L20,767,http://ne.wikipedia.org/wiki/जुद्ध_शमशेर_जङ्गबहादुर_राणा,a6df8bfc018d6c5a8ac77e1171213d3c7f4c554a502a68b922deb15ec9059957
P1,nep_wikipedia_2021_100K,nep,L20,768,http://ne.wikipedia.org/wiki/म्यानचेस्टर_युनाइटेड_फुटबल_क्लब,b2c3104ce6427f4205f0c6cee9a8a083445b804fb2936d65c7408d054b38eb18
P1,nep_wikipedia_2021_100K,nep,L20,769,http://ne.wikipedia.org/wiki/विक्रम_सम्वत्,18cab116e42ff033bd3128362dd9d180fe368e972305e5e0c051b6fb1e8c0920
P1,nep_wikipedia_2021_100K,nep,L20,770,http://ne.wikipedia.org/wiki/त्रियुगा_नगरपालिका,270f8d92718fe2d89f358e245bc641c53cd7e6fa7ff7c82ca03185919c11cbd9
P1,nep_wikipedia_2021_100K,nep,L20,771,http://ne.wikipedia.org/wiki/रागिनी_उपाध्याय,fb730315554496ad388c1fadbb7c09f1c91c471ffd9e07c9d8ed7da4c114299c
P1,nep_wikipedia_2021_100K,nep,L20,772,http://ne.wikipedia.org/wiki/पाथीभरा_देवी_(ताप्लेजुङ),5cc3509ad717bd774a89d4f0ee0636d889106dd76ff03c7427520015a185f5ef
P1,nep_wikipedia_2021_100K,nep,L20,773,http://ne.wikipedia.org/wiki/पहिलो_विश्वयुद्ध,5f13ab0e5cc559ba54574b528caba2b37c5d5b640aebd1df8bb0e0d6711627df
P1,nep_wikipedia_2021_100K,nep,L20,774,http://ne.wikipedia.org/wiki/टाइफाइड,c0c8eb535bea48b7cb78a7a175d385b7df6ecbd007b7a272411c64a622d0d7af
P1,nep_wikipedia_2021_100K,nep,L20,775,http://ne.wikipedia.org/wiki/दाउन्ने_देवी,ad5da6c01cf45bad9ee5422e0cea05a8a5bf5f55a0b982e57e423cff98befa67
P1,nep_wikipedia_2021_100K,nep,L20,776,http://ne.wikipedia.org/wiki/पिनास,c36b33c160d2f055b877933ffbce2773b438f89d222b9c9b86c107466b523183
P1,nep_wikipedia_2021_100K,nep,L20,777,http://ne.wikipedia.org/wiki/उदयपुर_जिल्ला,6251a323462acb19430f89d572e6b33c38b9b57fd1d8dde6a5b8bb7d5dad5fa6
P1,nep_wikipedia_2021_100K,nep,L20,778,http://ne.wikipedia.org/wiki/कूर्म_अवतार,9a4e064abcec004b96debe2cf6b09bd42187f53c9aa9937f1dd9abeb08e82d70
P1,nep_wikipedia_2021_100K,nep,L20,779,http://ne.wikipedia.org/wiki/क्षतिपूर्ति,8e084b482bb5002d7b386cb7b768f2165b5914e994277bcde57511186cafcee6
P1,nep_wikipedia_2021_100K,nep,L20,780,http://ne.wikipedia.org/wiki/गुलेली,7e63d5f3f9ffa693f3905c51cfc4808cf92e2cbffa318efed213225f666138bb
P1,nep_wikipedia_2021_100K,nep,L20,781,http://ne.wikipedia.org/wiki/गोबर,af04bb02103a43910e62a30be34ea585f6718dab65703b45d8b488336380d59d
P1,nep_wikipedia_2021_100K,nep,L20,782,http://ne.wikipedia.org/wiki/दम,c6864b2b35575811a17bfdf023d66dff37669de58e7c77f0db4060dfd0cd5620
P1,nep_wikipedia_2021_100K,nep,L20,783,http://ne.wikipedia.org/wiki/दामोदर_पाँडे,ff8c231f48c23b0045ac06f98275091072981dfec4d4faa461abbc42f1718217
P1,nep_wikipedia_2021_100K,nep,L20,784,http://ne.wikipedia.org/wiki/धुलेश्वर,9ebced547992e06c3c9f05878589bf40e6ab73c7dc64c6a16bf680ecf9725fa4
P1,nep_wikipedia_2021_100K,nep,L20,785,http://ne.wikipedia.org/wiki/नास्तिकता,164c2b246932b31ad1d9fb5e293a683807557e0404357a6fa47a8bb3df54b5b8
P1,nep_wikipedia_2021_100K,nep,L20,786,http://ne.wikipedia.org/wiki/नेपालको_संविधान_सम्वन्धी_विषयगत_प्रश्न,24eebd68dff58232f1391b2a3b17b58d14723e34e5bd767b19f452607017f603
P1,nep_wikipedia_2021_100K,nep,L20,787,http://ne.wikipedia.org/wiki/भक्तमाला,46de320f42178c6e0eeb703ece7a3b451f72b92e0c80e11ec47f9b03009be869
P1,nep_wikipedia_2021_100K,nep,L20,788,http://ne.wikipedia.org/wiki/मङ्गोलिया,87292eb54b21e063d73e3a5486d830d510def2cdb519dd8535e21c2595b3da4c
P1,nep_wikipedia_2021_100K,nep,L20,789,http://ne.wikipedia.org/wiki/युनिकोड,0570991319de215aea30f8d078c4c8eec20e152b9f405b3e4658f3932b0bd36f
P1,nep_wikipedia_2021_100K,nep,L20,790,http://ne.wikipedia.org/wiki/शनि_प्रदोष_व्रत,ff18a908c8ab8146349719723922d6519dc1c07c3a7bfd72c2a0abd4929725f5
P1,nep_wikipedia_2021_100K,nep,L20,791,http://ne.wikipedia.org/wiki/स्टाइलो_घाँस,1cfaf87915bd82078284123260e5718ca66a74ecfeac7caa6d135e8e2716f8db
P1,nep_wikipedia_2021_100K,nep,L20,792,http://ne.wikipedia.org/wiki/हनुमानढोका_दरबार_संरक्षित_स्मारकक्षेत्र,9499f9bf7223d712d533ec190c62bde6f46efa48bf45ef4250d01b48f768a8a2
P1,nep_wikipedia_2021_100K,nep,L20,794,http://ne.wikipedia.org/wiki/क्रिकेट,3298f88727d352f4b2bcabc2a0b02a29b0225db06e2986c550a517632e5a3336
P1,nep_wikipedia_2021_100K,nep,L20,795,http://ne.wikipedia.org/wiki/चैते_दशैं,bcd614b1e0b508007455b41d1a07d56d5bbac01a3a6228f0c448c94a9849265b
P1,nep_wikipedia_2021_100K,nep,L20,796,http://ne.wikipedia.org/wiki/जयन_समूह,c5cd12fef701d1df7228c14d95440b6df7949a6d8ecf14c8fe6fa88bf795ad6c
P1,nep_wikipedia_2021_100K,nep,L20,797,http://ne.wikipedia.org/wiki/ग्याब्रियर_जोजुज,fae4705300932a66475af474719ad6bf6d683e0fd83c0d08334e4f33202dbd53
P1,nep_wikipedia_2021_100K,nep,L20,798,http://ne.wikipedia.org/wiki/लुकास_मौरा,7ec9326fcbbd1a08e891d781645a64f079cbebaa73b59e31cebc6ff67e3d74a2
P1,nep_wikipedia_2021_100K,nep,L20,799,http://ne.wikipedia.org/wiki/नेवार_जाति,49cce08bd25409d2c2272a3fdf2ec5a13ca7bc591d63dce4ae23d622dbf89ad4
P1,nep_wikipedia_2021_100K,nep,L20,800,http://ne.wikipedia.org/wiki/वीरेन्द्र_बहुमुखी_क्याम्पस,cfb1bbcdc7bb1c9f9b98d4b72c3d084a8f6cff54a2b0017683630189fefb2b8f
P1,nep_wikipedia_2021_100K,nep,L20,801,http://ne.wikipedia.org/wiki/अक्टोबर_क्रान्ति,f35dad8cfaa3fc89d309df214f9a2d079ddfc5f45460c803f48837f1475a6329
P1,nep_wikipedia_2021_100K,nep,L20,802,http://ne.wikipedia.org/wiki/आम्बेडकरवादी_आन्दोलन,fd8a545cb519e1dc0c2dd87c204f1510ca676b1dffce68d304322a40f5b80d61
P1,nep_wikipedia_2021_100K,nep,L20,803,http://ne.wikipedia.org/wiki/जयद्रथ,83ae79df62518f1fb6df69d77cdaea4dcfb1d76e06b00ff32e44102c264b4d70
P1,nep_wikipedia_2021_100K,nep,L20,804,http://ne.wikipedia.org/wiki/पप_स्मोक,ade758706daf8b0d6975c94af13e0538531380bb0fd4c889314c11931249a521
P1,nep_wikipedia_2021_100K,nep,L20,805,http://ne.wikipedia.org/wiki/नउगाँ_जिल्ला,3577664d38233c634cdaad4c9ad1fd06bf9144d5b9b7e6acf6553ae963387455
P1,nep_wikipedia_2021_100K,nep,L20,806,http://ne.wikipedia.org/wiki/नेपालका_परम्परागत_बाजाहरूको_सूची,2a86dae55716b326a1ba06573f8cbdae1ccdf537971772c1a6661a249de965b0
P1,nep_wikipedia_2021_100K,nep,L20,807,http://ne.wikipedia.org/wiki/पटियाला,f08ceb0d68877379854527920caf13f1f00e9c32e6223bbb67aaffad2f1d5854
P1,nep_wikipedia_2021_100K,nep,L20,808,http://ne.wikipedia.org/wiki/बिङ_(खोज_संयन्त्र),fe30ea06097fd749c4de7014d5cde5eeb46bc1878e4b071edf3223b0a2c8f7b6
P1,nep_wikipedia_2021_100K,nep,L20,809,http://ne.wikipedia.org/wiki/सूत्र_(हिन्दु_धर्म),a2006ae9fa5f5e8bd20802b166bf27e8f7674b43a8ecb56eaa8088b61c9d3f00
P1,nep_wikipedia_2021_100K,nep,L20,810,http://ne.wikipedia.org/wiki/इयाजउद्दिन_आहम्मेद,b720ebe004a1ab136a8cc10110142ad728e173fdc356350d79f47d1b1071347a
P1,nep_wikipedia_2021_100K,nep,L20,811,http://ne.wikipedia.org/wiki/गाँजा_(वनस्पति),4673e0c79b3a5ea6ff225ad081ac0d10580d506dedc5f0de50328fd3bac2191b
P1,nep_wikipedia_2021_100K,nep,L20,812,http://ne.wikipedia.org/wiki/बदामे_घाँस,3c23c85b2ff72d632252231b50a3ea9fe85693e5d170975ee0902bbc0df3d0d3
P1,nep_wikipedia_2021_100K,nep,L20,813,http://ne.wikipedia.org/wiki/मनरोस,9f5e2a269cac3423c211583cfd017a676775b9a5b11cd3bef649c7211a3bd7a9
P1,nep_wikipedia_2021_100K,nep,L20,814,http://ne.wikipedia.org/wiki/लिजा_एन,47e1f14cbb309b6d29e5c78e1370cd684b95ef2f7ddf67db5c1bd1522068bad6
P1,nep_wikipedia_2021_100K,nep,L20,815,http://ne.wikipedia.org/wiki/लुसर्न_घाँस,fafa61e38541c08e2718924979a424a4ef93436712040f6f37a7488c1096bb8b
P1,nep_wikipedia_2021_100K,nep,L20,816,http://ne.wikipedia.org/wiki/सिग्नल_घाँस,380812ef97ec8874608962f7710312a51a5e34b14c82b4641decadf53a8e4578
P1,nep_wikipedia_2021_100K,nep,L20,817,http://ne.wikipedia.org/wiki/कृष्णसेन,ed3b4d620cf5576938993cfd70104d06e2ad22562f209a17777e6defc51ee701
P1,nep_wikipedia_2021_100K,nep,L20,818,http://ne.wikipedia.org/wiki/खरायो,7d2fe0ae10ee700587a3150f9eef7a028e869a071d5443f6d2e6681b7780cca2
P1,nep_wikipedia_2021_100K,nep,L20,819,http://ne.wikipedia.org/wiki/खुल्ला_परिभाषा_२_.१,09e67c5583e6ef8e9b911c123849dea140b98a76f9cafbb3aa2703d924b5adab
P1,nep_wikipedia_2021_100K,nep,L20,820,http://ne.wikipedia.org/wiki/गूगल_एडवर्ड्स,f21950335623f4cea8c089c28a5c7a8263c637e9e6e3ee29be506a566f39f93c
P1,nep_wikipedia_2021_100K,nep,L20,821,http://ne.wikipedia.org/wiki/जुम्ली_मार्सी,f36ed10d7bdade6622b8a1e77c35388bf404581fd05ee5bf33b644f2681c03d4
P1,nep_wikipedia_2021_100K,nep,L20,822,http://ne.wikipedia.org/wiki/तारा_(रामायण),c0617e16f2b9781a5fafe3f8bc8a820dd65f1210581e0b0ead2c9c80a8a7911f
P1,nep_wikipedia_2021_100K,nep,L20,823,http://ne.wikipedia.org/wiki/नेपालका_अञ्चलहरू,a7aca8f20ad2b63f5bf80f9c477a58426a425ae04c8a88969b979655d521f2b2
P1,nep_wikipedia_2021_100K,nep,L20,824,http://ne.wikipedia.org/wiki/नेपालमा_महिला_रेडियोकर्मी,e8e7f12e5e20089d7aa17c9a6549c6e7c6ed6766ff1f36a164eec868680ee698
P1,nep_wikipedia_2021_100K,nep,L20,825,http://ne.wikipedia.org/wiki/पञ्चगढ_जिल्ला,71cb94d14ff090e2f499cb381e9f145e66150a95fe6c0c7167998670b2a33c79
P1,nep_wikipedia_2021_100K,nep,L20,826,http://ne.wikipedia.org/wiki/बौद्धनाथ,c16fc5ba6bec6d508d588f763863ceda21f730188decd27841c25b46f20d1041
P1,nep_wikipedia_2021_100K,nep,L20,827,http://ne.wikipedia.org/wiki/भित्री_मधेश,c1e81a0f47d1c36cad5d6afb73eea675f4326d3081cb15660866c223f5d9f845
P1,nep_wikipedia_2021_100K,nep,L20,828,http://ne.wikipedia.org/wiki/मनुस्मृति,112ebc7c2ba2e191f104c26f5c526d3071038f6c84fbaa7b33aacbe52410d0fd
P1,nep_wikipedia_2021_100K,nep,L20,829,http://ne.wikipedia.org/wiki/रजवार,ed3a861a3d775be4ad64650cf15df001e741956b1b56ff641b0c9aa8e9caa453
P1,nep_wikipedia_2021_100K,nep,L20,830,http://ne.wikipedia.org/wiki/न्याउली,5bc60abcb68f882896b93b6011877e35ab53e8225579a58e7257af90df81165b
P1,nep_wikipedia_2021_100K,nep,L20,831,http://ne.wikipedia.org/wiki/युएस-बाङ्ला_विमानसेवाको_उडान_२११_दुर्घटना,8308ff46501f54a6c639e11c22b805d6b9be9730d8c8cb8771ade48407b4dbaa
P1,nep_wikipedia_2021_100K,nep,L20,832,http://ne.wikipedia.org/wiki/इन्डियन_प्रिमियर_लिग,2886275f27957b4fa30eb8fc1d62b7dee4f2e2961517930d9389f5fec48fa008
P1,nep_wikipedia_2021_100K,nep,L20,833,http://ne.wikipedia.org/wiki/कुल_पोखरेल,2f92fa058796d0c86cbda9e72148b5b5b98b1f5ba87db53d9e1add1ba0bd8f16
P1,nep_wikipedia_2021_100K,nep,L20,834,http://ne.wikipedia.org/wiki/टम_हिडल्स्टन,7a6a4d4cfff1e6a0fe054ee341351d3a7fdfbd2a41b40c1bcdca1c1ebb78a7e8
P1,nep_wikipedia_2021_100K,nep,L20,835,http://ne.wikipedia.org/wiki/रोजमेरी_(कुस्ती_खेलाडी),809025e60c39f0b171a19a64e48ff2ae3d38ee1e50393715f35ac43ef65a0e2e
P1,nep_wikipedia_2021_100K,nep,L20,836,http://ne.wikipedia.org/wiki/बाल्कन_युद्ध,b2fa54cb5a87eb03cdaa2bf67f2aa6adc5356fc72b2f30e6e105e666a0cdb453
P1,nep_wikipedia_2021_100K,nep,L20,837,http://ne.wikipedia.org/wiki/सन्दकपुर,07b247222947c8ad57b64e519287879ff4d57489843dd0c9fa67318681084ce6
P1,nep_wikipedia_2021_100K,nep,L20,838,http://ne.wikipedia.org/wiki/रङ्पुर_सहर,922b641830ee34a0ff343998511fe95962ed36f5ab0664f2a6ad8bfc925b013f
P1,nep_wikipedia_2021_100K,nep,L20,839,http://ne.wikipedia.org/wiki/एडल्फ_हिटलर,91faf3ede78b82ada805d70394ce77fd7fc274a0b2a09fb6c6ad5b8de31afc49
P1,nep_wikipedia_2021_100K,nep,L20,840,http://ne.wikipedia.org/wiki/जगदीश_चन्द्र_बोस,3867f79a1870af41f01db34086c561996b0db5804ab2984a82dc1bf8be7c307c
P1,nep_wikipedia_2021_100K,nep,L20,841,http://ne.wikipedia.org/wiki/नेपालमा_भलिबल,383de3e8d1c216f88972d3977f5d82ac41b28bb04bc6a4dca5bb8640b23ad16d
P1,nep_wikipedia_2021_100K,nep,L20,842,http://ne.wikipedia.org/wiki/रामकृष्ण_परमहंस,0df8ee628660f0665b991a6ba06bbed937b36bc42d79c45edafc1f05b73b925b
P1,nep_wikipedia_2021_100K,nep,L20,843,http://ne.wikipedia.org/wiki/ललितपुर_जिल्ला,e6a80de17c5c91d538636e424a0ddb7fc901b85e2c0c0b6463a28d21d06a5269
P1,nep_wikipedia_2021_100K,nep,L20,844,http://ne.wikipedia.org/wiki/दिव्योपदेश,e59cc010f3062af52ce202d17661b02a4d1c6441d6826e1d5fcfe0d727d5b024
P1,nep_wikipedia_2021_100K,nep,L20,845,http://ne.wikipedia.org/wiki/मिजोरम,630e11d8f46516b66a5cc065c5b3ff3e0837202138b252f0db29def528ad902f
P1,nep_wikipedia_2021_100K,nep,L20,846,http://ne.wikipedia.org/wiki/क्षत्री,87d7cb6a334bfe1e133717a77ef03274d4b68d8c974661dc0c5332202a59f9ab
P1,nep_wikipedia_2021_100K,nep,L20,847,http://ne.wikipedia.org/wiki/बागमती_प्रदेश,7ee6710b667e1298a46dc577ef859b3a0c2ab796f9c268f0091e8373355a3400
P1,nep_wikipedia_2021_100K,nep,L20,848,http://ne.wikipedia.org/wiki/पारिजात_(साहित्यकार),1e219c4ebf9911772e348281a53fae0b35d3f08b79bacfa99cf822b845c6b7c4
P1,nep_wikipedia_2021_100K,nep,L20,849,http://ne.wikipedia.org/wiki/बाराक_ओबामा,1483dd15785a5d5680519a71885301e3bb5592a4a583e0b63cbf03b255dcc832
P1,nep_wikipedia_2021_100K,nep,L20,850,http://ne.wikipedia.org/wiki/खस,d5a5cc3f4da403678a5a3c48dbe2fb583da0855468c6adb254dc6632c4a18274
P1,nep_wikipedia_2021_100K,nep,L20,851,http://ne.wikipedia.org/wiki/वस्तु_बकुल्ला,bda3cfa70ae359ca08c8cedd5b71d0b18c5fafca7887efd435686652017ab9c8
P1,nep_wikipedia_2021_100K,nep,L20,852,http://ne.wikipedia.org/wiki/ग्रिस,aee4386ebb50ccdbc708d5411665f706a6c72dec7e92cd625db3e8fc7bd701d3
P1,nep_wikipedia_2021_100K,nep,L20,853,http://ne.wikipedia.org/wiki/दृश्यम,9268390db50c990307f0e7e6fbb75d812a12dbbd8ea2c58e684defaaceca5b94
P1,nep_wikipedia_2021_100K,nep,L20,854,http://ne.wikipedia.org/wiki/इसपका_दन्तकथाहरू,788cd581e638fcc58f24b49c9d94a9a46ff847520820e762f647f5f19e579a62
P1,nep_wikipedia_2021_100K,nep,L20,855,http://ne.wikipedia.org/wiki/नैतिकता,8746441add9bdaf7646a668d5a2fcb17fe7f28b8833de228a9849a74256c183d
P1,nep_wikipedia_2021_100K,nep,L20,856,http://ne.wikipedia.org/wiki/डिप्रेसन,5b1735049295f9d415ac458eb54897f6a8ad2749541f006475f113aa9981fa6d
P1,nep_wikipedia_2021_100K,nep,L20,857,http://ne.wikipedia.org/wiki/देउथलको_लडाईँ,517cc1b11578680c0991c39d1bd0a884835797f0222a33166b1c0b3dc6feeea8
P1,nep_wikipedia_2021_100K,nep,L20,858,http://ne.wikipedia.org/wiki/बारूद,b15d5008ca0145f83c3ff3900c549f03032b5698760ddce6cb93bfd4fb5ee090
P1,nep_wikipedia_2021_100K,nep,L20,859,http://ne.wikipedia.org/wiki/भक्ति_काल,804b3c48c233074ab41367d2fa66b8edf6e314307276d3b10db309bf21813d60
P1,nep_wikipedia_2021_100K,nep,L20,860,http://ne.wikipedia.org/wiki/राणा_शासन,c118fce3d84859a1a7190ffc5ccc84297837ef4928008366a836809e14b29342
P1,nep_wikipedia_2021_100K,nep,L20,861,http://ne.wikipedia.org/wiki/संगतसंस्कृति,43aea13e26b9d3025d3efa3b7ff492b53dd4936c942fc31194e63db7969c460e
P1,nep_wikipedia_2021_100K,nep,L20,862,http://ne.wikipedia.org/wiki/हाइपरथाइरोडिजम,fe634b9f02962564bb4433ec0a30ca2af6f8096d6415ad93e3beda7cb31d750c
P1,nep_wikipedia_2021_100K,nep,L20,863,http://ne.wikipedia.org/wiki/मनसून,ee50f712e14adf07be7ec1acc90c904e5431fafc3fdd630ca26d817988a39a4a
P1,nep_wikipedia_2021_100K,nep,L20,864,http://ne.wikipedia.org/wiki/इस्लाम_धर्म,ff404bcd9459ce03b00ee86c80f091daee7f429c13a5b074e41f3a7645ef8a87
P1,nep_wikipedia_2021_100K,nep,L20,865,http://ne.wikipedia.org/wiki/रेडियो_सगरमाथा,751ad643a2840714c12794f44eb834ef654c91bda4586266870afb440eb15641
P1,nep_wikipedia_2021_100K,nep,L20,866,http://ne.wikipedia.org/wiki/कनकाई_धाम_कोटीहोम,a75a9aa6c802ff783f52247b283e66781530dc272e47030cade357d28d79b51f
P1,nep_wikipedia_2021_100K,nep,L20,867,http://ne.wikipedia.org/wiki/काँक्रे_विहार,3094520885ae7d9b40fa125aec50fd75d2e8309551474ed279a431c9e1a7835a
P1,nep_wikipedia_2021_100K,nep,L20,868,http://ne.wikipedia.org/wiki/कोशी_टप्पु_वन्यजन्तु_आरक्ष,fcd6652a1f2c43205f0e54c53de5b36578f2cc8ac3d200440760e9abbfa29212
P1,nep_wikipedia_2021_100K,nep,L20,869,http://ne.wikipedia.org/wiki/मगही_भाषा,0350b6d0ff2408ef18c77f704ce3d122afd177d36d06d61385d710e1e926ec1d
P1,nep_wikipedia_2021_100K,nep,L20,870,http://ne.wikipedia.org/wiki/बिली_के,3099aebaa3004b222ce604876969f4f5049c7326c65e481ad7e5226668e32efe
P1,nep_wikipedia_2021_100K,nep,L20,871,http://ne.wikipedia.org/wiki/ड्यानी_रोज_(फुटबल_खेलाडी),01490bd22af32d83a526367ac3ed767476b8cdadfdc873dfe265a5d6e342b5ec
P1,nep_wikipedia_2021_100K,nep,L20,872,http://ne.wikipedia.org/wiki/बट्टाई,04df688a7d26ffd68736c0ceec7251c489440e822dfee307bbf7da7200fc9f9f
P1,nep_wikipedia_2021_100K,nep,L20,873,http://ne.wikipedia.org/wiki/श्रीलङ्काली_हात्ती,a5812dae955761e4dda428feb38631ff77379d1c942d2c2a48f01b829389aa67
P1,nep_wikipedia_2021_100K,nep,L20,874,http://ne.wikipedia.org/wiki/टुन_टुन,7cbf362089af0367cf0152b4c50b8a20a86988d497a4b788b51339aebf758d18
P1,nep_wikipedia_2021_100K,nep,L20,875,http://ne.wikipedia.org/wiki/न्युमोनिया,af2d0a86244c42244029e6e62f6f9c4dc0349a4e9b8ebb47dfa42c61a3bfbb23
P1,nep_wikipedia_2021_100K,nep,L20,876,http://ne.wikipedia.org/wiki/बिलबोर्ड_(पत्रिका),613dd3c0bd60b27502255d1b1eb2149858a2c5d366e9eb95fad723d5d05c3a15
P1,nep_wikipedia_2021_100K,nep,L20,877,http://ne.wikipedia.org/wiki/उन्नाव_बलात्कार_प्रकरण,ccdd6a07ba92d0e3613a5268a446de233027e03e732dee37ab804d85751c9757
P1,nep_wikipedia_2021_100K,nep,L20,878,http://ne.wikipedia.org/wiki/छुँये_दिले_मोन,685222f973a4431cbbd6b519fb2739476607883d8eb33f595f090e0b1b41da20
P1,nep_wikipedia_2021_100K,nep,L20,879,http://ne.wikipedia.org/wiki/तेलिया_कम्पनी,61c270a5ac7d8298a4f0dfc179e27144ac41d054111ae266dd4a0887e9b9cb0c
P1,nep_wikipedia_2021_100K,nep,L20,880,http://ne.wikipedia.org/wiki/प्रिलुडर्स,73f64ca17a16684f17690d395809b114af977abb8403cffd54279b6d62f41fd3
P1,nep_wikipedia_2021_100K,nep,L20,881,http://ne.wikipedia.org/wiki/म्यागी_डोएन,a65e91cb27b91eed9e25363fab7a9c631806cd3c9cf33747711522797afe8e08
P1,nep_wikipedia_2021_100K,nep,L20,882,http://ne.wikipedia.org/wiki/यान्दिक्स,061445e71db95bbb2956621080822415ddd410508ed8dd5fe43bf28f150a3382
P1,nep_wikipedia_2021_100K,nep,L20,883,http://ne.wikipedia.org/wiki/लिभ_मोर्गेन,58f841904c6c2e54c481a99d4138fe94fef884e776f73822beb79b730a497816
P1,nep_wikipedia_2021_100K,nep,L20,884,http://ne.wikipedia.org/wiki/समर_रे,46e6f34ac38d50ff9ca1980ee1326ff66ec98a7479c1e946c6f447dc7297ec75
P1,nep_wikipedia_2021_100K,nep,L20,885,http://ne.wikipedia.org/wiki/सोहु,d5722d0111d5edd24b1ab951994e50ea29285e4aee10068b4bc5389bd3664fa2
P1,nep_wikipedia_2021_100K,nep,L20,886,http://ne.wikipedia.org/wiki/हिन्दू_धर्म,a493df9a9ac651007d28967ab8a0b8baceb338e354a429e543490f240f89d914
P1,nep_wikipedia_2021_100K,nep,L20,887,http://ne.wikipedia.org/wiki/हेमन्त_शर्मा_(गायक),5830111e59aef1d4241b04c94bcd0680574170652490828fdf24fef6c8b0c54f
P1,nep_wikipedia_2021_100K,nep,L20,888,http://ne.wikipedia.org/wiki/गोमा,6d109adc08d5b2a16524c729cc267a34b9d1ad4be410fe807b8b7ee7326b59ef
P1,nep_wikipedia_2021_100K,nep,L20,889,http://ne.wikipedia.org/wiki/गोसाइँकुण्ड,995ec80d21e48c27eddacd7ebfb73a4235e14c84a5f135304638b98b27d78fe1
P1,nep_wikipedia_2021_100K,nep,L20,890,http://ne.wikipedia.org/wiki/जाजरकोट_जिल्ला,f64df51305067514799fa169fd8b5df0d7c12a8b4a49c515be28725f33210f3f
P1,nep_wikipedia_2021_100K,nep,L20,891,http://ne.wikipedia.org/wiki/नडाइल_जिल्ला,baba10aa361cc7156bf41f1a1c83b127e6aa6d1497681c92c22fdc679220c86f
P1,nep_wikipedia_2021_100K,nep,L20,892,http://ne.wikipedia.org/wiki/बिस्काः_जात्रा,fdbbabc47f55b3cc2fdd326237dc528505c90cd501b5258c1be5c22d9f1c4102
P1,nep_wikipedia_2021_100K,nep,L20,893,http://ne.wikipedia.org/wiki/बुद्धिचाल,08c6242a8859c29635002d9812f39d3fe54c6204eb346387658898d131b439c7
P1,nep_wikipedia_2021_100K,nep,L20,894,http://ne.wikipedia.org/wiki/सातखीरा_जिल्ला,2e1f8708d6d183eb7ff9099704f36c54d14877e2e326e6396b4b68a0c2c5c042
P1,nep_wikipedia_2021_100K,nep,L20,895,http://ne.wikipedia.org/wiki/हुड्केली_नाच,3e340b89a74baecc919670b0c4cfe7fce43ed8c10fa27618cfae6b1acc0e52bf
P1,nep_wikipedia_2021_100K,nep,L20,896,http://ne.wikipedia.org/wiki/बङ्गाली_विकिपिडिया,e7ea3de0a20c3a67a905b6de3f70d5b237153376aac83cccf02d99b139573ac3
P1,nep_wikipedia_2021_100K,nep,L20,897,http://ne.wikipedia.org/wiki/जावी_हर्नान्डेज,94de3773426be95e8fc6cc498d4fa61aeefe7474231df7278484c6985fc51207
P1,nep_wikipedia_2021_100K,nep,L20,898,http://ne.wikipedia.org/wiki/डिएगो_गोडिन,a9cc1a1ab40350d4e28207c1f1e610ec261ed28df063a38a7c574636e80ad027
P1,nep_wikipedia_2021_100K,nep,L20,899,http://ne.wikipedia.org/wiki/प्युडिपाई,0765599a669758352e5794080c43d3b798ecda0022a3ed0afbd352e724afe263
P1,nep_wikipedia_2021_100K,nep,L20,900,http://ne.wikipedia.org/wiki/अहिल्या,3cd71d20a751d2a170612e75e60bb4e5200bf74cc28ca81de37d6bb0c149c422
P1,nep_wikipedia_2021_100K,nep,L20,901,http://ne.wikipedia.org/wiki/आँक,09128fbfbc29783b01e995e8aef45af3770e4ae6cb7b87d652c119c6724916dd
P1,nep_wikipedia_2021_100K,nep,L20,902,http://ne.wikipedia.org/wiki/कुवेत_सहर,163e4d4c7f2e78a92eb6302898eddda7a43d94bf3b69cb88c198043908824cb8
P1,nep_wikipedia_2021_100K,nep,L20,903,http://ne.wikipedia.org/wiki/विश्वेश्वरप्रसाद_कोइराला,076350c86d68adce96eff3dfe96f9e1b306f761d72e01ed997f2bc756ae63fec
P1,nep_wikipedia_2021_100K,nep,L20,904,http://ne.wikipedia.org/wiki/भटमास,dc696beedb6fca92e87b8320f9e17211c3f94e7f64d13d19907881f1d57f967d
P1,nep_wikipedia_2021_100K,nep,L20,905,http://ne.wikipedia.org/wiki/अमला,cce91d53eff2547bf8ddd235842239b74748cbae55b24ac9b42ea8866fb055f4
P1,nep_wikipedia_2021_100K,nep,L20,906,http://ne.wikipedia.org/wiki/अजयमेरुकोट,9db375675efed3ed27bc50f85ade6ef81a8791fcbe7759126928130d97c382ba
P1,nep_wikipedia_2021_100K,nep,L20,907,http://ne.wikipedia.org/wiki/राई_जाति,9bd9903a2a0e7a9679fa16328273c0d4742176f987340c09f33d4ab8ea94ff91
P1,nep_wikipedia_2021_100K,nep,L20,908,http://ne.wikipedia.org/wiki/कजान_विद्यालय_हत्याकाण्ड,5349270745e6df0d5c85477e4f3e4c1c31c4c2a022e079f839fe983434f6c107
P1,nep_wikipedia_2021_100K,nep,L20,909,http://ne.wikipedia.org/wiki/फुस्रो_बकुल्ला,8746a89a59bdd8d027b0d74ae7dbc9ba019be1e1cdccc3cc6c3e52bc7e724d7a
P1,nep_wikipedia_2021_100K,nep,L20,910,http://ne.wikipedia.org/wiki/च्याम्पटी,6375bc2eb5f5eb677c9b56dc87bef46218dd7faf86c23289946043c98a5303e1
P1,nep_wikipedia_2021_100K,nep,L20,911,http://ne.wikipedia.org/wiki/बाथज्वरो,4ad9cef83f5f0d00aeaa8e1fc9c662a239e0b927273cc3f76c18f217b589dc41
P1,nep_wikipedia_2021_100K,nep,L20,912,"http://ne.wikipedia.org/wiki/औरङ्गाबाद,_महाराष्ट्र",377a1e191f3d83dbe149daaa2f9b2ae51c6f03aafb672a28e9ae4efd553e119a
P1,nep_wikipedia_2021_100K,nep,L20,913,http://ne.wikipedia.org/wiki/विवाह_संस्कार,422bce511effdd2ca4cc051a2d98074eaa2ca8296f0c81fe659ecd927054acfc
P1,nep_wikipedia_2021_100K,nep,L20,914,http://ne.wikipedia.org/wiki/चेपाङ_जाति,71261074e37ac51df82f26fb8707c72adb65009c345f908989c2c385345d8a31
P1,nep_wikipedia_2021_100K,nep,L20,915,http://ne.wikipedia.org/wiki/आँखा_पाक्ने_रोग,ed8097b01bdf3519f1454e5df12dc702920f21659cd9b33843136739973b83fd
P1,nep_wikipedia_2021_100K,nep,L20,916,"http://ne.wikipedia.org/wiki/अद्दु_सहर,_माल्दिभ्स",712e7e5e7230ec28f2b20f2ae0051e766f2d881cfdaec09ccf49fbe814f32e1a
P1,nep_wikipedia_2021_100K,nep,L20,917,http://ne.wikipedia.org/wiki/बिजयश्वरी,58ab1967d318d54a5c56d43c1fbd431a5cb41aa612c6bd26784c5e3fe4f71b08
P1,nep_wikipedia_2021_100K,nep,L20,918,http://ne.wikipedia.org/wiki/कन्फुसियस,4d4d6efed5e9d3dddfa88de3d3becd4aea2aeb98ace4859475d565879d1ba7f7
P1,nep_wikipedia_2021_100K,nep,L20,919,http://ne.wikipedia.org/wiki/चङ्गा,86bb6f96faeb70b1a3ce693141e9a43394dd9c86a1947c0c0f42a1952cb44e84
P1,nep_wikipedia_2021_100K,nep,L20,920,http://ne.wikipedia.org/wiki/कङ्गारु,74e374ca66ea5261fe7d85fd44a420ae41376a67de139b8004b5e37f8eb26852
P1,nep_wikipedia_2021_100K,nep,L20,921,http://ne.wikipedia.org/wiki/क्लोनिङ,5fe90226baa0a840d2c3d472a21ee4117267320af659cfccee719179e076f8f7
P1,nep_wikipedia_2021_100K,nep,L20,922,http://ne.wikipedia.org/wiki/अलङ्कार_(साहित्य),010240f686f3c78d747688ce1046df1570ef28557cc6f5aed0676b1920d46d8a
P1,nep_wikipedia_2021_100K,nep,L20,923,http://ne.wikipedia.org/wiki/कानून,e79bd03ce02f45820257d81df981a7e2466cb8914b83136900952f403c77e782
P1,nep_wikipedia_2021_100K,nep,L20,924,http://ne.wikipedia.org/wiki/कुतुबुद्दीन_ऐबक,5e313d74022eb6fa29e3d9d5f034aba15613daa7974c69a0534a0dc74f5c342c
P1,nep_wikipedia_2021_100K,nep,L20,925,http://ne.wikipedia.org/wiki/निर्माणस्थलमा_हुने_दुर्घटना,6c0efe5e68cb133c1fe11bcd0e1da5d0860ad7a22f682d5abc90b752ed70ecee
P1,nep_wikipedia_2021_100K,nep,L20,926,http://ne.wikipedia.org/wiki/पोषण_विज्ञान,b71b8f29e502cedb5bf8b3f052a76a3db37be5914d9bc51f824de4efba84488b
P1,nep_wikipedia_2021_100K,nep,L20,927,http://ne.wikipedia.org/wiki/ब्लग,e292c412cc4bce171f8767d7588a95f07e75ff5d6c1ce118452a41043f6f7632
P1,nep_wikipedia_2021_100K,nep,L20,928,http://ne.wikipedia.org/wiki/मोलुङ_गाउँपालिका,1da5e14e9be77a6beb656d30339c61f92496631988e7c22778c105955be2d175
P1,nep_wikipedia_2021_100K,nep,L20,929,http://ne.wikipedia.org/wiki/हस्तिनापुर,26b1d9ec2df40bd460a50effb0e8b361a9dd44e0690d586d6c55c85c424beeb3
P1,nep_wikipedia_2021_100K,nep,L20,930,http://ne.wikipedia.org/wiki/अनलाइन_पत्रकारिता,d2921818ee86998f66d276226060e85c873d6acc243b92e8db4e222a6fee06fe
P1,nep_wikipedia_2021_100K,nep,L20,931,http://ne.wikipedia.org/wiki/कालीकण्ठ_डुबुल्कीचरा,819199509c96795ac895e0fa3ef82ac11d6b44b5859638da4da30e2ab11803f3
P1,nep_wikipedia_2021_100K,nep,L20,932,http://ne.wikipedia.org/wiki/भाेग्यप्रसाद_भण्डारी,6a700ff74a051005e5e84ce2be386b07f3322dbc4ddbeb8fd3086dd8361adc97
P1,nep_wikipedia_2021_100K,nep,L20,933,http://ne.wikipedia.org/wiki/वसन्त_थापा,a57566c898cd468b79814459ed295441283190962304faf2652e0ecbfb15cf16
P1,nep_wikipedia_2021_100K,nep,L20,934,http://ne.wikipedia.org/wiki/कालिम्पोङ,f15de2d8389fd7dd6346a286ae825f501c53c34bd6e383ac20b40181a004faae
P1,nep_wikipedia_2021_100K,nep,L20,935,http://ne.wikipedia.org/wiki/केमद्रुम_योग,546771662ca99ae8de98da62a19ddd3fdac39a12ef0d9e73a4d58bb8ccac7a61
P1,nep_wikipedia_2021_100K,nep,L20,936,http://ne.wikipedia.org/wiki/चालिसे,4db98da61a887ef9dbbe36c96fc45d3dc26a2016e12ba844641e962a2850e829
P1,nep_wikipedia_2021_100K,nep,L20,937,http://ne.wikipedia.org/wiki/खम्पा_विद्रोह,9b202a71b4ae08a9f270b57584621b0ad6bf509a7582491d4a88c9f278f8194d
P1,nep_wikipedia_2021_100K,nep,L20,938,http://ne.wikipedia.org/wiki/अक्षय_तृतीया,1e978da898089709723cf9fe756c801b3c4e4ad4e48f36c96efccd8459fc6b63
P1,nep_wikipedia_2021_100K,nep,L20,939,http://ne.wikipedia.org/wiki/पुत्रदा_एकादशी,f7a1691e0d5f68412915ce19b7ee587c1aab5fb0b2356cc2dfd158b4dee13976
P1,nep_wikipedia_2021_100K,nep,L20,940,http://ne.wikipedia.org/wiki/चाँगुनारायण_मन्दिर,b83abca5c742ba8201699a25bf6c34465dfdae561a98f7a149d4ea6881eb0894
P1,nep_wikipedia_2021_100K,nep,L20,941,http://ne.wikipedia.org/wiki/यःमरि_पुन्हि,317fa1caf2689d181a2bdf4c3638932c917f8d539493a4c247e82456f68cebae
P1,nep_wikipedia_2021_100K,nep,L20,942,http://ne.wikipedia.org/wiki/अ_ब्रिफ_हिस्ट्री_अफ_टाइम,96d2be5be2fecffd2e13c5173b4a2325a7d2e6eab57c7fb7edbc911fd584526c
P1,nep_wikipedia_2021_100K,nep,L20,943,http://ne.wikipedia.org/wiki/एरिक_लामेला,39821e4b040c0a59151dbb33a49fa2a42a923b8f8b830efdec4bc70212717586
P1,nep_wikipedia_2021_100K,nep,L20,944,http://ne.wikipedia.org/wiki/हस्तमैथुन,e1c67c5b4a94f6ca134cace4b2cbba42882046aae0cc7396f382a07cfe47831f
P1,nep_wikipedia_2021_100K,nep,L20,945,http://ne.wikipedia.org/wiki/अधिकमास,bf5c7cf6c7ecbda0779c09adac00ed8825035da00b52dd1a72292359906c6dc5
P1,nep_wikipedia_2021_100K,nep,L20,946,http://ne.wikipedia.org/wiki/कायस्थ,a1aaf1c82e4fbc07ff75ad9c53f008e1140df712c1fa43b441e009a3451c577f
P1,nep_wikipedia_2021_100K,nep,L20,947,http://ne.wikipedia.org/wiki/व्यास_(महाभारत),c44cdecb79976ffadcc4a6eca838b74ff22a2689254c1652933773a4debe3f88
P1,nep_wikipedia_2021_100K,nep,L20,948,http://ne.wikipedia.org/wiki/पर्वत_जिल्ला,67a0426b3d8762f5af9885c99de5f15c5777dd89cfc747ed14ee02f0f9475688
P1,nep_wikipedia_2021_100K,nep,L20,949,http://ne.wikipedia.org/wiki/लुम्बिनी,034e7a3a027fad99b27278a349fb6ffbeedce10ee5df3cf029a25694ed3444d7
P1,nep_wikipedia_2021_100K,nep,L20,950,http://ne.wikipedia.org/wiki/अमिताभ_बच्चनद्वारा_अभिनित_चलचित्रहरूको_सूची,0006eb1e8afab510248e906762d68565ab9de4a9c48cab6b28abee7e5b308516
P1,nep_wikipedia_2021_100K,nep,L20,951,http://ne.wikipedia.org/wiki/एनर्रिके_इग्लेसियास,8c900ea33562af6732f55b3112c00daa5c7f5cf4979eaba40d4144ac4b3627aa
P1,nep_wikipedia_2021_100K,nep,L20,952,http://ne.wikipedia.org/wiki/पकडम_पकडाई,f52fc65fdfa29919398ffead9ee98f07a7ab39c07cecb05f7f1240069b09bb01
P1,nep_wikipedia_2021_100K,nep,L20,953,http://ne.wikipedia.org/wiki/पहेँलो_ठुँडे_भ्याकुर,7e6dc5b69155b0a670d331f2cde3883a7e88402fde3bf418730e91fe40fb78c4
P1,nep_wikipedia_2021_100K,nep,L20,954,http://ne.wikipedia.org/wiki/पाकिस्तान_धितोपत्र_विनिमय_बजारमा_आक्रमण,261545e0420069cdd986e24a689e155ec4e3228dd96b5daf767c70b0dd40b8b7
P1,nep_wikipedia_2021_100K,nep,L20,955,http://ne.wikipedia.org/wiki/फेसबुक_मेसेन्जर,7d7c42c89c301b58d37319fd8145f263d40d3523c1096e433b6b80e68b2e4c0f
P1,nep_wikipedia_2021_100K,nep,L20,956,http://ne.wikipedia.org/wiki/बाघा_जतीन,2e54ea8375d4f27a7d89e2cfb27983655979a8c555139fabb3fcb83c3fd8fcde
P1,nep_wikipedia_2021_100K,nep,L20,957,http://ne.wikipedia.org/wiki/बायक_डटकम,a361b96f649932d57c8878a84898d2c5dd294936de25047f89a4dc30942abbe1
P1,nep_wikipedia_2021_100K,nep,L20,958,http://ne.wikipedia.org/wiki/बिदुर_नगरपालिका,9fd54e2a67b0b9961e0f9140ead8e16ed1cb95417c52b377c4bf2fe77810a6d7
P1,nep_wikipedia_2021_100K,nep,L20,959,http://ne.wikipedia.org/wiki/मोहन_शमशेर_जङ्गबहादुर_राणा,fac0ededd40e29240af47dfbc0a60315d83fab4c4014b3c5964b72d68d395446
P1,nep_wikipedia_2021_100K,nep,L20,960,http://ne.wikipedia.org/wiki/राँची,bb7689e773f8f2698e3dfe7570cc57636578a2cfd3afd4de6500fbc84f8d9173
P1,nep_wikipedia_2021_100K,nep,L20,961,http://ne.wikipedia.org/wiki/लक्ष्मीनाथ_बेजबरुवा,a662b7e6ec5251f2ec715b8a2a5190be87b6b33d4212713219091b3cf43d32c1
P1,nep_wikipedia_2021_100K,nep,L20,962,http://ne.wikipedia.org/wiki/विकियात्रा,acc3be69c015e2a920179f86a88a5601de6577e051932fd74d8079c80eb86a79
P1,nep_wikipedia_2021_100K,nep,L20,963,http://ne.wikipedia.org/wiki/सचिरा_मुसोभिच,e5ffb4184075397de18e3d14a2867985cf19324021c225d3423e8df6af34d179
P1,nep_wikipedia_2021_100K,nep,L20,964,http://ne.wikipedia.org/wiki/साइफ_स्पोर्टिङ_क्लब,defa07c8a314abebfdb985f7584da6b210ced99c762bf886bc639512f381b19a
P1,nep_wikipedia_2021_100K,nep,L20,965,http://ne.wikipedia.org/wiki/प्रकाश_तिम्सिना,dda9ca4c64591844be0adba8100f894cacab0541b6d81f5d1d3c17ebb96a76ff
P1,nep_wikipedia_2021_100K,nep,L20,966,http://ne.wikipedia.org/wiki/लसुन,0c4c81ac9eebbb8d36f13c66bea930df95674e3973cc1f828cd5755ae4586dec
P1,nep_wikipedia_2021_100K,nep,L20,967,http://ne.wikipedia.org/wiki/शिवपुरी_नागार्जुन_राष्ट्रिय_निकुञ्ज,f6c4240ae6df08a8c5489d6e3b872941e94bedba7decbc5c9e48b4ba3075c7cf
P1,nep_wikipedia_2021_100K,nep,L20,968,http://ne.wikipedia.org/wiki/सिसुपाल,f9b033dc9711d65d786039254971ab4f510b400510b7604c0f96ff5c6ee20b54
P1,nep_wikipedia_2021_100K,nep,L20,969,http://ne.wikipedia.org/wiki/निकी_क्रस,c7334152e996e1dee1a5d7393942b54d44c700be22842f7dfb06bb33f339c34d
P1,nep_wikipedia_2021_100K,nep,L20,970,http://ne.wikipedia.org/wiki/तक्षशिला,eedcadb6fc9a27349ad9341f80954508cf1c2310772e32010715ba631930c182
P1,nep_wikipedia_2021_100K,nep,L20,971,http://ne.wikipedia.org/wiki/ओशो,dd9c76f2588d94a304902c40b48d2d36d8d5f45dc2b0d90b87cdbd2e6d2530d8
P1,nep_wikipedia_2021_100K,nep,L20,972,http://ne.wikipedia.org/wiki/नेपाली_सेना,f944ca1470844835f4d214cece0e12bc8b47a38461eaa05c593fb591cc32cc6e
P1,nep_wikipedia_2021_100K,nep,L20,973,http://ne.wikipedia.org/wiki/डेभिड_लुइस,d6c1ba50017e14d9c6acb9528c23f6cfa6c1a63a744c04a98748d92fcef06f78
P1,nep_wikipedia_2021_100K,nep,L20,974,http://ne.wikipedia.org/wiki/नेभिया_(कुस्ती_खेलाडी),df11e1839d34e10199fb6edb49a2e58f21db7812d39ace7eaa491762246777d1
P1,nep_wikipedia_2021_100K,nep,L20,975,http://ne.wikipedia.org/wiki/माईपोखरी,c15f26492df32b36a1fe41463b4dae68e2411e8786397aef54fb5c4ede443950
P1,nep_wikipedia_2021_100K,nep,L20,976,http://ne.wikipedia.org/wiki/तानाशाही,84dfa0c10e52122e7b2fe5aac99a26195c0fcef883c02c75a840bc20c721c5be
P1,nep_wikipedia_2021_100K,nep,L20,977,http://ne.wikipedia.org/wiki/सुमन_पोखरेल,51631e62cf59c084aab7ffd9c54fb4bfce6b2aac30d289490198dfbe3f613e1a
P1,nep_wikipedia_2021_100K,nep,L20,978,http://ne.wikipedia.org/wiki/चौधौं_दलाई_लामा,e7e42cd2c420e1389f56ba67bd576f4ad061d797a9c34d4ae7d417ba1e93b843
P1,nep_wikipedia_2021_100K,nep,L20,979,http://ne.wikipedia.org/wiki/गगन_थापा,e72f5c82f5185f808d727938da6c1267ad8b1c11d9b27a7f7eb1c63772020d32
P1,nep_wikipedia_2021_100K,nep,L20,980,http://ne.wikipedia.org/wiki/इन्द्रजात्रा,e641d58ad08712fe48b5e756431d446dff791f814a1487c2aba77943b10a1ce8
P1,nep_wikipedia_2021_100K,nep,L20,981,http://ne.wikipedia.org/wiki/सन_यात_सेन,216022f8124e37f45f33866f441ce6add0fa288b192628b897885bff589a8c56
P1,nep_wikipedia_2021_100K,nep,L20,982,http://ne.wikipedia.org/wiki/अफ्रिका,815b19165543a7133a27431d7247920ba2c8a9021bffafc498e6a50a1bce91b7
P1,nep_wikipedia_2021_100K,nep,L20,983,http://ne.wikipedia.org/wiki/लेखा_प्रणाली,7f5f2200598ac99f5d1be11f993fd489b77caed097a39853b39f01ddb64e6aa0
P1,nep_wikipedia_2021_100K,nep,L20,984,http://ne.wikipedia.org/wiki/वीर_शमशेर_जङ्गबहादुर_राणा,915114c52b86a9cef06e3e4d8af16e8521ce2316ab0a0ba2f03787ab46e3b864
P1,nep_wikipedia_2021_100K,nep,L20,985,http://ne.wikipedia.org/wiki/ठुलो_जुनबकुल्ला,74a1177da5f39434efb49df43fbb08544e55493236713c9b879b85fbb72c1be4
P1,nep_wikipedia_2021_100K,nep,L20,986,http://ne.wikipedia.org/wiki/तोरी,a188c4155825494b86b99a4cf7997adf494af78a3b05bafc61d4688a8dc0ee40
P1,nep_wikipedia_2021_100K,nep,L20,987,http://ne.wikipedia.org/wiki/लाखमरी,2bfaffe3586667168a61fd2c9a50e1f50e055f8ccdb80fcbc9a96b34857e119e
P1,nep_wikipedia_2021_100K,nep,L20,988,http://ne.wikipedia.org/wiki/राक्षस,f78d46491d0591f0089b4d582e159701c4d62036d299e0d303a96a1e207d03f5
P1,nep_wikipedia_2021_100K,nep,L20,989,http://ne.wikipedia.org/wiki/कात्तिक_नाच,a28e083ae6c50d88190d5e8072231d60eb24a474602a183819317afdd109c26e
P1,nep_wikipedia_2021_100K,nep,L20,990,http://ne.wikipedia.org/wiki/कबुलियती_खेती,704d1cd3d003418b0ea23f5253567a47aa20dff3593140e318e802dd6cb16aeb
P1,nep_wikipedia_2021_100K,nep,L20,991,http://ne.wikipedia.org/wiki/काठमाडौं_उपत्यकाका_मुख्य_मन्दिरहरू,318fcb6854ec24b79b9abbfe7753e3a8c76764a06d262a12587e72e7df433a39
P1,nep_wikipedia_2021_100K,nep,L20,992,http://ne.wikipedia.org/wiki/कम्पास,101b7e6465819979153a88a9cd8d84f5d6517c1e2631226db1d2467d8c921ea2
P1,nep_wikipedia_2021_100K,nep,L20,993,http://ne.wikipedia.org/wiki/काँक्री,b38a8a262210f86bdcc2877a4039d3a28fc365a9fb89684e544969b2d9df481f
P1,nep_wikipedia_2021_100K,nep,L20,994,http://ne.wikipedia.org/wiki/नेपालका_खेलकुद_संघ_र_स्थापना_वर्ष,42e5381f65d9341965938416e81bd9f53cb9a745300e6a679ecff46d5deca26b
P1,nep_wikipedia_2021_100K,nep,L20,995,http://ne.wikipedia.org/wiki/बुद्ध,8dcd8665d0c1326ffb69b8d4f2eb19bff082000ce638f8e80b05cc8b71c68d39
P1,nep_wikipedia_2021_100K,nep,L20,996,http://ne.wikipedia.org/wiki/मेची_बहुमुखी_क्याम्पस,7c0d4f7a3d46469619acd21ab9b479a37a99be211f4627a48ed2484042f96fd0
P1,nep_wikipedia_2021_100K,nep,L20,997,http://ne.wikipedia.org/wiki/यौन_शिक्षा,f6ac89ccb6638439dde8b8e95c0edc7854de607fec4310ea05f95302c82078ec
P1,nep_wikipedia_2021_100K,nep,L20,998,http://ne.wikipedia.org/wiki/विश्वकप_फुटबल_२०१०_का_खेलाडीहरू,4209801500e1bf6db86918ae5e83246cf5a1b746a0b7406159d6fd320fff355e
P1,nep_wikipedia_2021_100K,nep,L20,999,http://ne.wikipedia.org/wiki/वीरगञ्ज_महानगरपालिका,54b37e47f41c915936eaf43437f15401e89f68647ef8087848cc596ba08120b7
P1,nep_wikipedia_2021_100K,nep,L20,1000,http://ne.wikipedia.org/wiki/सन्_२०१२_को_महाप्रलय,997e486d7916385ffa24e403eca8b8265824f37bdebc45f26d322dc13a7285f1
P1,nep_wikipedia_2021_100K,nep,L20,1001,http://ne.wikipedia.org/wiki/सन्_२०२०_क्युसु_बाढी,966d30333ddabc5780a9ac2fb7519099b432d1d73894f020cd8e66f33621139d
P1,nep_wikipedia_2021_100K,nep,L20,1002,http://ne.wikipedia.org/wiki/दूध,4661eae0e0868bc629dac3658f9d69eb08c6d495eeef68fe1326a7f2731f6ad6
P1,nep_wikipedia_2021_100K,nep,L20,1004,http://ne.wikipedia.org/wiki/बाइसे_राज्यहरू,43fceebf30a046a5825511dc9615905159705cf5e5799aacaf895cdc19a20b17
P1,nep_wikipedia_2021_100K,nep,L20,1005,http://ne.wikipedia.org/wiki/चीनको_विशाल_पर्खाल,436aca9414b2c60e0f988fa4fdf6d67473bc12f5d809bd63b9105d3fd9bbd048
P1,nep_wikipedia_2021_100K,nep,L20,1006,http://ne.wikipedia.org/wiki/डेङ्गी,1a5546b57f46ca07aa58de65eaba10a252b868f90e53284a5956f67e1ae2f8ce
P1,nep_wikipedia_2021_100K,nep,L20,1007,http://ne.wikipedia.org/wiki/नैतिक_दृष्टान्त,24dbedb51e9b1c83b94560b24b85e6c866ddbce33f076cddb4a1f61a3957998b
P1,nep_wikipedia_2021_100K,nep,L20,1008,http://ne.wikipedia.org/wiki/रोमन_साम्राज्य,2a355f0593e3eb53eb4d38683ed89e24da5a1499bcaa96c415d548ad4476ea7b
P1,nep_wikipedia_2021_100K,nep,L20,1009,http://ne.wikipedia.org/wiki/२_रुपैयाँ,e01a57e125dfbe8d1c6b755486393bec9f752a0a5083c01285b26a65e6baed84
P1,nep_wikipedia_2021_100K,nep,L20,1010,http://ne.wikipedia.org/wiki/उत्तर_प्रदेश,582e2e3bbfa28c014ff7d27f0286c1c7a3b9f5afd7f816bb03b84007ce226afb
P1,nep_wikipedia_2021_100K,nep,L20,1011,http://ne.wikipedia.org/wiki/ज्याकी_च्यान,3168cae3c95d37e11ef4ac2cb1e63b4c49b75a87a116f67a38a7b26c61b1ed4c
P1,nep_wikipedia_2021_100K,nep,L20,1012,http://ne.wikipedia.org/wiki/एरिक_डायर,c69a27f0332556a7a03aba1f6eeef12ea108fc99080a2a5ffe197584f7ad4393
P1,nep_wikipedia_2021_100K,nep,L20,1013,http://ne.wikipedia.org/wiki/दीपक_बिष्ट,b9af4d48b839978867b47d01266238a14c8064b0fa39a65904e9eafd9a794a9f
P1,nep_wikipedia_2021_100K,nep,L20,1014,http://ne.wikipedia.org/wiki/नेपालमा_क्यान्योनिङ,dd23f5249cc9fdf347f1381d71b24e676689a53cacce41e2a2c3ad32a9dfe67c
P1,nep_wikipedia_2021_100K,nep,L20,1015,http://ne.wikipedia.org/wiki/डेलिमोसन,d24ff9efecf48bf1e0bde81e3a1f173471e811b9f42fbd82c70f0488c53d091c
P1,nep_wikipedia_2021_100K,nep,L20,1016,http://ne.wikipedia.org/wiki/द_अन्डरटेकर,da58ce430c2fb53987d45c33429c0ad8bd615d10fe911f68ddd13a088d56a562
P1,nep_wikipedia_2021_100K,nep,L20,1017,http://ne.wikipedia.org/wiki/नीलफामारी_जिल्ला,a4264ba25cbd4cc8bfcf50a3efec522cb0d61df3a8c372259e7a72d63b91c966
P1,nep_wikipedia_2021_100K,nep,L20,1018,http://ne.wikipedia.org/wiki/ब्रि_बेला,c3f105c707a4adb7cafb4d5ba71b9fee9cb17fcaf9d6f54a5463fc618df92ac0
P1,nep_wikipedia_2021_100K,nep,L20,1019,http://ne.wikipedia.org/wiki/मोबिफोन,f01965ef19c581592dec68c22d46162c8234dac103a5b777df78fdf9a1522341
P1,nep_wikipedia_2021_100K,nep,L20,1020,http://ne.wikipedia.org/wiki/रिया_रिप्ली,793f200e8748bf1f0b70cfe4347f45925c07b31d1d7834dc86519fdf96d3ae73
P1,nep_wikipedia_2021_100K,nep,L20,1021,http://ne.wikipedia.org/wiki/स्पुतनिक_(खोज_संयन्त्र),4b02d936d149a2561c8a800a2c8fea876840c0986253bc59cc7bf9d6c3c67db3
P1,nep_wikipedia_2021_100K,nep,L20,1022,http://ne.wikipedia.org/wiki/अहमदाबाद,1fae721353927b7ed36472048500d0ea86e432bab5ea800ed306ec838c2f80cc
P1,nep_wikipedia_2021_100K,nep,L20,1023,http://ne.wikipedia.org/wiki/आकाशभैरव,98bb2b2d36b26dd161a31cb3826f3912d5bb2afe0c9b8e2acf0f072ed28fc2e2
P1,nep_wikipedia_2021_100K,nep,L20,1024,http://ne.wikipedia.org/wiki/कालागाउँ,8718c42279df445548de86b3b1f18719eabbd5d4d247b1fe370dadbb32ea87a9
P1,nep_wikipedia_2021_100K,nep,L20,1025,http://ne.wikipedia.org/wiki/दाङ_जिल्ला,03eded38ebb1388636675b2473d82bc19dc9a04d5c74a2c576a1f47d0255a45c
P1,nep_wikipedia_2021_100K,nep,L20,1026,http://ne.wikipedia.org/wiki/प्रवर,81cee60ea4efca97c1624ad3448fd2fb84d7d48dc45d08eb58ccb2d700e78d5f
P1,nep_wikipedia_2021_100K,nep,L20,1027,http://ne.wikipedia.org/wiki/बालकोट,f192714b2f24df55c73d7b01a19a4198b7e53c85eefee02c7291cb105b176212
P1,nep_wikipedia_2021_100K,nep,L20,1028,http://ne.wikipedia.org/wiki/बोहरा,4f79d9715c0dacc363b7dcf29e2eee14a57bb3c3eb09401c0aa8385ac95fbd13
P1,nep_wikipedia_2021_100K,nep,L20,1029,http://ne.wikipedia.org/wiki/रुद्रायणी,44fa73fb3870bb273ad6ab705f735b464fcc15d393bf7eeb0452097165dacb0d
P1,nep_wikipedia_2021_100K,nep,L20,1030,http://ne.wikipedia.org/wiki/शाखा,7630d33c5068460844fd988d72d0597215ec1b92ce841f305f8ec36bcfd0a3dd
P1,nep_wikipedia_2021_100K,nep,L20,1031,http://ne.wikipedia.org/wiki/सचिन_तेन्दुलकर,c8d5d42b06990dc2a92c03e28912ae2c25f3ec23c1a51307069828669d004925
P1,nep_wikipedia_2021_100K,nep,L20,1032,http://ne.wikipedia.org/wiki/सुरुङ्गा,98ccfa2510bfe697714dd66ce9b8603b57769e3163201d36bf8706e2ccf9dad8
P1,nep_wikipedia_2021_100K,nep,L20,1033,http://ne.wikipedia.org/wiki/सोडारी,3e78dfdc28848491ee6cde13160e21dad61f563b5679a59f8e7e73079b038988
P1,nep_wikipedia_2021_100K,nep,L20,1034,http://ne.wikipedia.org/wiki/गाल_गादोत,6ee023f504912fb5c37648268dc86e2aa21be07982a15101e7082eec7e529229
P1,nep_wikipedia_2021_100K,nep,L20,1035,http://ne.wikipedia.org/wiki/विक्रम_बत्रा,b4524bc4a341b47a1931766dcf24b842150b6c61a3552c5f48c153d0311b96d2
P1,nep_wikipedia_2021_100K,nep,L20,1036,http://ne.wikipedia.org/wiki/रुरु_क्षेत्र,223a9ab3182ab9f899389c964d03f9600744bfe53ed9fd6759c2234b4e4c0f68
P1,nep_wikipedia_2021_100K,nep,L20,1037,http://ne.wikipedia.org/wiki/डाकोटा_काई,7a5a4ac51c2aa0bdc719a488c24d9a1231c06af255994be034be16d701559d2b
P1,nep_wikipedia_2021_100K,nep,L20,1038,http://ne.wikipedia.org/wiki/ब्रान्डी_रोड्स,a411848a66ed1a618991ef418aaba0a6abc596eb7a6f5c2cb330be88ae02759d
P1,nep_wikipedia_2021_100K,nep,L20,1039,http://ne.wikipedia.org/wiki/हेदभिग_लिन्दाल,75d0b2d94749bc56ac3a475b96ad5cb2478eb8264685023ed6a44b3acc3a6440
P1,nep_wikipedia_2021_100K,nep,L20,1040,http://ne.wikipedia.org/wiki/छिन्नमस्ता_भगवती,aff01bf414e34f7b425278f67d4a31d1520457b1096a92a12e4f7e3e54c8e591
P1,nep_wikipedia_2021_100K,nep,L20,1041,http://ne.wikipedia.org/wiki/सलह,53551c81f893d8928c8c4aae67ff678767d141375c7cdae0bcdcb45ce20dd67f
P1,nep_wikipedia_2021_100K,nep,L20,1042,http://ne.wikipedia.org/wiki/जोकर_(द_डार्क_नाइट),90155acd8e2e925bf7f19f123cdf2eb714e1a85f4c8a6dd7a0f46582e578bca5
P1,nep_wikipedia_2021_100K,nep,L20,1043,http://ne.wikipedia.org/wiki/कोङ्कणी_लिपि,f11a5ae20fbdd3bd14e893b249e8c731de754711ca3de403b28fc61f044e6ea6
P1,nep_wikipedia_2021_100K,nep,L20,1044,http://ne.wikipedia.org/wiki/अशिग्राम_केदार,0a3f68cfa9ed07aa22d2b5f46936d3c18381540225aea8977088b77c138d1c10
P1,nep_wikipedia_2021_100K,nep,L20,1045,http://ne.wikipedia.org/wiki/इटहरी_उपमहानगरपालिका,d0b0313ed578dda6d5b1e325053075103b2bde3b2ff3025b15f8aad9d7d0dbc1
P1,nep_wikipedia_2021_100K,nep,L20,1046,http://ne.wikipedia.org/wiki/नेपालगञ्ज_उपमहानगरपालिका,50da0abf0ec640687cedcbb16b707710f82ffdb86d8832c553495dc68efaef1e
P1,nep_wikipedia_2021_100K,nep,L20,1047,http://ne.wikipedia.org/wiki/लोसार,9bd69adfda10e105b3dfabb2c45384c99e88a0ef7a041ba917e770f428a91c52
P1,nep_wikipedia_2021_100K,nep,L20,1048,http://ne.wikipedia.org/wiki/अर्थर_गन,4b220aaad84da3706ee343fee9a96b0445b3a2e1c8ef78665158ae99548f7180
P1,nep_wikipedia_2021_100K,nep,L20,1049,http://ne.wikipedia.org/wiki/विश्वका_प्रमुख_शासन_प्रणाली,8675a8386cbc0695e7d3398bf3dfe73bf0b9573240d7a44429ded264ead5d64d
P1,nep_wikipedia_2021_100K,nep,L20,1050,http://ne.wikipedia.org/wiki/कुँवर_इन्द्रजित_सिंह,387237752677a6f1700ef7e4d22600265df0e1ef07e053a4b09ccef9cfd5008a
P1,nep_wikipedia_2021_100K,nep,L20,1051,"http://ne.wikipedia.org/wiki/स्थानीय_तह_निर्वाचन,_२०७४",b6efa9715eae1bfa0913a2c5f2e961affcb32465df7ee6b20ce096afe620fa6a
P1,nep_wikipedia_2021_100K,nep,L20,1052,http://ne.wikipedia.org/wiki/आम_निर्वाचन_२०१५,474735d40c65b6a3dbf8e225f471876f5e9bd1bd6783131076bbcf7fdf21a65a
P1,nep_wikipedia_2021_100K,nep,L20,1053,http://ne.wikipedia.org/wiki/यदुनाथ_खनाल,71e35729491d0321836e18a50ea4dda0c982d2ac9d3dd2df82c0b177a8fe17d0
P1,nep_wikipedia_2021_100K,nep,L20,1054,http://ne.wikipedia.org/wiki/रेन्डी_ओर्टन,a360fcaeaa45a12c48854a74c71d397a20127b4c2a56a8d80279e105386874d6
P1,nep_wikipedia_2021_100K,nep,L20,1055,http://ne.wikipedia.org/wiki/दिनेश_अधिकारी,080267e19b9f885ce4035c440d8e7c39ee63ec7f141caa62ad73c4fd5ce0d467
P1,nep_wikipedia_2021_100K,nep,L20,1056,http://ne.wikipedia.org/wiki/देवकुमारी_थापा,18d31dea24adb394331bf679693f669208ab1a1b2261348fb738ab2737a49d3e
P1,nep_wikipedia_2021_100K,nep,L20,1057,http://ne.wikipedia.org/wiki/शीतयुद्ध,0910932cad288e1402da387f4156515a742009af2dba992a458ab5ab64c03edc
P1,nep_wikipedia_2021_100K,nep,L20,1058,http://ne.wikipedia.org/wiki/पूर्व_बाङ्लार_सर्वहारा_पार्टी,8372ed5c7d7e3ed660762a16767c429b1d22af267c7433c9d160a547426ed6c4
P1,nep_wikipedia_2021_100K,nep,L20,1059,http://ne.wikipedia.org/wiki/मानव_विकास_सूचकाङ्क,83c30b8db83cbb29a2597a40b637ce69e7925148d5bffad5b09161b1cd6ec11d
P1,nep_wikipedia_2021_100K,nep,L20,1060,http://ne.wikipedia.org/wiki/भारत,b384af851d038d1cb23ae1cab73c3bc8a3981e1d967e8fd08e16fc40fca4dbad
P1,nep_wikipedia_2021_100K,nep,L20,1061,http://ne.wikipedia.org/wiki/रूख_कटहर,aad08856ffe54dda3797891f21fba833b73eb447227114fdd7ef58a8d0cdc37d
P1,nep_wikipedia_2021_100K,nep,L20,1062,http://ne.wikipedia.org/wiki/राउटे_जाति,f70a2b5a58876ccf9e5f68ec949192f3a8f10d0a149f89db39b5083b25f6aafd
P1,hin_wikipedia_2021_300K,hin,L20,2,http://hi.wikipedia.org/wiki/श्री_गायत्री_देवी,5462caeb38274082a69828e08aef82075c2f33b96b588b6a9ed204941f24d8c4
P1,hin_wikipedia_2021_300K,hin,L20,3,http://hi.wikipedia.org/wiki/कीट,3d6457a3e0a750b549266fbfcdf570bb7bd91c96463828e0ae8251c8f345cdf3
P1,hin_wikipedia_2021_300K,hin,L20,4,http://hi.wikipedia.org/wiki/ऑस्ट्रेलिया_का_इतिहास,5ac8dbb4387906190e3923b1c87da49c149d6499fcde241af5c2cb08319da21e
P1,hin_wikipedia_2021_300K,hin,L20,8,http://hi.wikipedia.org/wiki/बुद्धचरित,628c249b7a2f0f3d3a13e3d50142eb9f5a9addee41d2da2b36022500125d949b
P1,hin_wikipedia_2021_300K,hin,L20,9,http://hi.wikipedia.org/wiki/वैशाली_की_नगरवधू,2212768a74c980abf536fc00fd5643fd0b8a4b29eb34174140fa313472686716
P1,hin_wikipedia_2021_300K,hin,L20,10,http://hi.wikipedia.org/wiki/पिंक_फ़्लॉइड,31db4550c75851f202bf11acf9be2662e5ee62a802163891f1c098fbfeb27282
P1,hin_wikipedia_2021_300K,hin,L20,11,http://hi.wikipedia.org/wiki/१८५७_का_प्रथम_भारतीय_स्वतंत्रता_संग्राम,c2148982298ce44dae91ddaa482841b118fbec3010149290cba56003be2fa6c1
P1,hin_wikipedia_2021_300K,hin,L20,13,http://hi.wikipedia.org/wiki/जातक,04618b3453900a4c10e36c2371b6bfe9657530995812fe73e615d7bde5fb5b61
P1,hin_wikipedia_2021_300K,hin,L20,14,http://hi.wikipedia.org/wiki/मैनहटन,b34376fc4668d637dbd0ca53e280d46a4fdfa8454f02f1a41beee05fe5076591
P1,hin_wikipedia_2021_300K,hin,L20,16,http://hi.wikipedia.org/wiki/खेल_द्वारा_शिक्षा,aad4282ae83a8bb5d2db2cd7dff7c06885d09b54ba87dc48ecbd69481f639c31
P1,hin_wikipedia_2021_300K,hin,L20,18,http://hi.wikipedia.org/wiki/प्राचीन_आर्य_इतिहास_का_भौगोलिक_आधार,9b87003dcf94697c989105f447c166da155040d4261ab5f7d1db4aad313fefc6
P1,hin_wikipedia_2021_300K,hin,L20,21,http://hi.wikipedia.org/wiki/वेटिंग_फ़ॉर_गोडोट,c0844e992649abd2f99e41e1a0ffb69c419b0f562851ac54d41f69638c8475b1
P1,hin_wikipedia_2021_300K,hin,L20,22,http://hi.wikipedia.org/wiki/बिहार_का_मध्यकालीन_इतिहास,1ffd9d55b38598e13d5f1fa33d33bcf40a30754fe23bf132f282fd4863cbf08c
P1,hin_wikipedia_2021_300K,hin,L20,23,http://hi.wikipedia.org/wiki/कार्निवल,7d1f3d8291253ce869cb0b76544bc25769cf04c505bebf68dea4e1bfb712b383
P1,hin_wikipedia_2021_300K,hin,L20,25,http://hi.wikipedia.org/wiki/जेम्स_बॉन्ड_फ़िल्म_शृंखला,ea08900dd16076accff8b8a672aae90864d8c52006cbd1c4616ae1127c6bc4cc
P1,hin_wikipedia_2021_300K,hin,L20,26,http://hi.wikipedia.org/wiki/फ़्रान्सीसी_क्रान्ति,3db91e9632660be8b9a83da0d77d788d762772fa935ce332645ca7cefcee4514
P1,hin_wikipedia_2021_300K,hin,L20,27,http://hi.wikipedia.org/wiki/शुक्रनीति,a303249a40a29fedcd8f38c483b62bea8764ec3deba016895998b1e093f45228
P1,hin_wikipedia_2021_300K,hin,L20,28,http://hi.wikipedia.org/wiki/बुद्ध_और_बौद्ध_धर्म,2ba686f573a52c441175b22d2e9d762894a8a2494023193a4d08681c6c85c545
P1,hin_wikipedia_2021_300K,hin,L20,29,http://hi.wikipedia.org/wiki/जीवबहुलक,46c2c2a01d394201a3fcda26601100ad29299389b4327089ecaa5d9b1586fa63
P1,hin_wikipedia_2021_300K,hin,L20,30,http://hi.wikipedia.org/wiki/हैरी_पॉटर_में_प्रयोग_की_गयी_जादुई_वस्तुएं,b53659e68029a0842cf49120a60c20efb45b4e2560548d509c37d85ee7112aca
P1,hin_wikipedia_2021_300K,hin,L20,31,http://hi.wikipedia.org/wiki/खाप,19884a5f20bf258f293fb74d1297db47e3921f52ec9f2a44809cd30589a0be36
P1,hin_wikipedia_2021_300K,hin,L20,32,http://hi.wikipedia.org/wiki/२०१९_क्रिकेट_विश्व_कप,d898eb13af40a5a687d18e4f4f5af1beae1ffed230c7788a13bcc2fc638d517a
P1,hin_wikipedia_2021_300K,hin,L20,34,http://hi.wikipedia.org/wiki/खाड़ी_युद्ध,334d33840ba0e76578761785c86a047cd6ba7ad70a8834e22bfce2f5dfa61b43
P1,hin_wikipedia_2021_300K,hin,L20,35,http://hi.wikipedia.org/wiki/विनोबा_भावे,45645da277ea53ef64664c4569977a2d3ac56cffc562f38bcebaa221f56ced04
P1,hin_wikipedia_2021_300K,hin,L20,37,http://hi.wikipedia.org/wiki/क्रिया_विभव,b61dfb3ca109d624ab633eac53f4c9ed8cccb1242f6df32d42e23a435157659f
P1,hin_wikipedia_2021_300K,hin,L20,39,http://hi.wikipedia.org/wiki/विवाह_संस्कार,893d70aa0e02a0b9a15edbd844e25cd04090ae709a5bf9e703d49e0e0e7f0a18
P1,hin_wikipedia_2021_300K,hin,L20,40,http://hi.wikipedia.org/wiki/अली_इब्न_अबी_तालिब,72c478eb791314d4c6b26ae60731415dc7ca92bef5b7f0ff7c4147162fb1c8a6
P1,hin_wikipedia_2021_300K,hin,L20,41,http://hi.wikipedia.org/wiki/संधिवार्ता,1a09df75a3780d6f4aed93143f0d1300ccf1d3e45a25e01e5085b4ca41f52069
P1,hin_wikipedia_2021_300K,hin,L20,43,http://hi.wikipedia.org/wiki/भारत_में_इस्लाम,cc2b656c516ad656b72389889acb6632953b8086e81c11bea2e4c3e0ca693055
P1,hin_wikipedia_2021_300K,hin,L20,44,http://hi.wikipedia.org/wiki/क्लिंट_ईस्टवुड,3abe7e6da92596b444647cb7c5f04d7b5b3cedc84ce267483cfdf9d4383ac81d
P1,hin_wikipedia_2021_300K,hin,L20,47,http://hi.wikipedia.org/wiki/अमेरिकी_साहित्य,8df1a296c7004032a43b21dfa77bc213a29073a3d884cfa79c46a58c423bc423
P1,hin_wikipedia_2021_300K,hin,L20,48,http://hi.wikipedia.org/wiki/कर्कट_रोग,b7115102c40e7b3909a2e25fa669283d6bd2244c68cda1e7936ff8e9c07c9c17
P1,hin_wikipedia_2021_300K,hin,L20,49,http://hi.wikipedia.org/wiki/संस्कृत_काव्यशास्त्र_का_इतिहास,0b5fb5119dea5a7caea0c21d898430ebbf973d1ba3dfe84d30794fbd3ae2cb81
P1,hin_wikipedia_2021_300K,hin,L20,51,http://hi.wikipedia.org/wiki/कृष्ण_विवर,bba9dd390b772b2e2c5a5e3d805a161eb6c1853ff3bd139067c33e8370b6345c
P1,hin_wikipedia_2021_300K,hin,L20,52,http://hi.wikipedia.org/wiki/मेगाडेथ,26441781473cfe084df4be96e309475de0c8d4c2e5f722cd547771ec113a71b9
P1,hin_wikipedia_2021_300K,hin,L20,53,http://hi.wikipedia.org/wiki/सैनिक_मनोविज्ञान,f79d970dbd4de2eed11c01b450957b33f6ead1c437e31f04a68ded1eb9e7e49e
P1,hin_wikipedia_2021_300K,hin,L20,55,http://hi.wikipedia.org/wiki/ईस्टर,96f4c2cbd17900c101e393c0256c2054f9a7b53de772259422f636935cd3a68d
P1,hin_wikipedia_2021_300K,hin,L20,56,http://hi.wikipedia.org/wiki/राबर्ट_ओवेन,3bcb3ec60a18d437708380d00b980c63685b30f85423e62627643019835c70e4
P1,hin_wikipedia_2021_300K,hin,L20,57,http://hi.wikipedia.org/wiki/नेतृत्व,1e67af0d4cc457e025bed319be23df5836cb2b410311679756da4ab0e8ac4b9b
P1,hin_wikipedia_2021_300K,hin,L20,60,http://hi.wikipedia.org/wiki/वाराणसी,be870111722acd2e1ca7c60f3c17bfc401ba546b9be49b6179ba318f135d486d
P1,hin_wikipedia_2021_300K,hin,L20,65,http://hi.wikipedia.org/wiki/यूरोपीय_नाट्यशालाएँ,21957acb2d43cdaebf5aec222fed65b1667b3b439b9bc8ea3a2bf169db59c06c
P1,hin_wikipedia_2021_300K,hin,L20,68,http://hi.wikipedia.org/wiki/बेंजामिन_फ्रैंकलिन,4034df79c128779115fdfba004f1c55669a85d8fd4971bcd5e06a2dbf79aa997
P1,hin_wikipedia_2021_300K,hin,L20,69,http://hi.wikipedia.org/wiki/महात्मा_गांधी,fa1cf7304a3ecff2b5a00354350b75e6d22fcc99a686092cc1bf179c4758eec5
P1,hin_wikipedia_2021_300K,hin,L20,73,http://hi.wikipedia.org/wiki/मुथैया_मुरलीधरन,84cd27cbbd4c4b431e00ddb4321a134b99d44a8e3de285984b133f1a252288f4
P1,hin_wikipedia_2021_300K,hin,L20,76,http://hi.wikipedia.org/wiki/प्राचीन_मिस्र,a2b235699b8f1641d7232cc7e32d3a3ee7fea862a61805e15cad34623aa16bf7
P1,hin_wikipedia_2021_300K,hin,L20,79,http://hi.wikipedia.org/wiki/कोकेन,e01ce08bb1bbba9d4e7022bb80b6fa96da192080e7c94c1ec3ed4b03d52632fb
P1,hin_wikipedia_2021_300K,hin,L20,80,http://hi.wikipedia.org/wiki/जोकर_(चित्रकथा),fb07469428b00991ac7cfb2fa18d56c8e4b94fd2d7798d25decb67ad242d316b
P1,hin_wikipedia_2021_300K,hin,L20,82,http://hi.wikipedia.org/wiki/सामान्य_ज्ञान,7f38698c22e72d6fbff3925e6af4d660a76abd48476289fb5731dc9bf346e9e2
P1,hin_wikipedia_2021_300K,hin,L20,83,http://hi.wikipedia.org/wiki/श्री_विश्वकर्मा_पुराण,8118a5455622297ee84f4c75a24274a859953f555688fe64b068d13cc65e2fb5
P1,hin_wikipedia_2021_300K,hin,L20,85,http://hi.wikipedia.org/wiki/वृहद_भारत,5a30e399b7955600e0c4945cc74017730a5ea0c2eae98b7fae503c13b8f6ff14
P1,hin_wikipedia_2021_300K,hin,L20,86,http://hi.wikipedia.org/wiki/ईदगाह_(कहानी),4a56f77d891d8ea0b1a331f24df4af2fa16e97bb874320ce6d86eff70a614caa
P1,hin_wikipedia_2021_300K,hin,L20,87,http://hi.wikipedia.org/wiki/मिलानो,e77d1dcabe2313192d7bd3dd1fd45e5f6f88c1ca64b5fafb619714688fd11bf6
P1,hin_wikipedia_2021_300K,hin,L20,88,"http://hi.wikipedia.org/wiki/समान_रैंक,_समान_पेंशन",c944b390d153b0b1c23c5c6abf4352bc8c796c4b4ac3113b5cb6ff0de3797586
P1,hin_wikipedia_2021_300K,hin,L20,89,http://hi.wikipedia.org/wiki/मुक्केबाज़ी,3ffed08ed26b79eeea810d6e12176fe742e1f1f0acc2ba32ea8a4eb1c5625ac1
P1,hin_wikipedia_2021_300K,hin,L20,90,http://hi.wikipedia.org/wiki/अर्नोल्ड_श्वार्ज़नेगर,26418cd6344864cb1086116e48794ee4a687ed4e2a9db9c9eb78f2bce6f50a11
P1,hin_wikipedia_2021_300K,hin,L20,91,http://hi.wikipedia.org/wiki/कु_क्लुल्स_क्लान,3a75549ef6b3623e74882521eddae5a01ed555442a0c873f373f0e772edfbf58
P1,hin_wikipedia_2021_300K,hin,L20,92,http://hi.wikipedia.org/wiki/पृथ्वी_का_इतिहास,f90850aae1f902d0cfd7fe2b7eab6998921029de4858c54deb86be0635745330
P1,hin_wikipedia_2021_300K,hin,L20,93,http://hi.wikipedia.org/wiki/कोच्चि,0a399ad540d8fcbdbaf7b9b3cc694a9be7aa1faab673afb4cb9181f5a2413d27
P1,hin_wikipedia_2021_300K,hin,L20,95,http://hi.wikipedia.org/wiki/इंग्लैंड_के_हेनरी_अष्टम,069861971fff522b4031dd8f54f0687085c06dccf4ef32d1fd2bdcb38657d09d
P1,hin_wikipedia_2021_300K,hin,L20,97,http://hi.wikipedia.org/wiki/हल्क_होगन,25415ae0a6bd7df2b967a21b61f036e799250f715b6ccad66cfc93b705b4c392
P1,hin_wikipedia_2021_300K,hin,L20,98,http://hi.wikipedia.org/wiki/मंगल_ग्रह,bb7c38c4970565bc7ac9f99e6bc7609bdd8d18c16de8cee94c99d1a1396f9ba6
P1,hin_wikipedia_2021_300K,hin,L20,100,http://hi.wikipedia.org/wiki/भारतीय_राष्ट्रवाद,8e4785601113c57d5a462a6162aebee898a3c1a210701a406dface3945a5c29d
P1,hin_wikipedia_2021_300K,hin,L20,101,http://hi.wikipedia.org/wiki/तस्मानियाई_डैविल,890bd35c4b47c4d41cc4325db30476e7b0c3d17a353dc9de37a95fea2b92d1ba
P1,hin_wikipedia_2021_300K,hin,L20,103,http://hi.wikipedia.org/wiki/भारतीय_संसद,dae0ea56acfd81f0fe7b8f16e0c20efeb09526de410032c7da4f29975e2ff3e5
P1,hin_wikipedia_2021_300K,hin,L20,104,http://hi.wikipedia.org/wiki/किस_(बैंड),93b093d5e9d537a9e769561afea6da739ea163fde66fc3c4da052be0c4de879e
P1,hin_wikipedia_2021_300K,hin,L20,106,http://hi.wikipedia.org/wiki/हर्बलिज्म_(जड़ी-बूटी_चिकित्सा),e73bebceae071b4d42bae95f1d1f758c02924829538a6ee135578a7a96fdd9bb
P1,hin_wikipedia_2021_300K,hin,L20,107,"http://hi.wikipedia.org/wiki/मिल्वौकी,_विस्कॉन्सिन",46ec06f8003d5ba1d7dfc3ba7135127c3c7ff3c0af62dd931d23159521b1b1bb
P1,hin_wikipedia_2021_300K,hin,L20,108,http://hi.wikipedia.org/wiki/हीरोज़_(टी_वी_शृंखला),86cf187c823e73ff23f84b0e2568f1cdcdca4748a7616a88cfe846c42abf2271
P1,hin_wikipedia_2021_300K,hin,L20,110,http://hi.wikipedia.org/wiki/द्वितीय_विश्व_युद्ध_के_दौरान_भारतीय_सेना,61078aa533415c2a5e3c632c3a53a726bd5a487978b84540381231a164a2fcfb
P1,hin_wikipedia_2021_300K,hin,L20,111,http://hi.wikipedia.org/wiki/11_सितम्बर_2001_के_हमले,2a96b5d7083a8b854d0f0694b30d08cf3f1e09ab4bebfd6ea844d0e750cbd968
P1,hin_wikipedia_2021_300K,hin,L20,112,http://hi.wikipedia.org/wiki/विक्रमोर्वशीयम्,55fad3df3bfd23121d085b3abd04d6a61d82fd9480812fab654a6f4771dd28e2
P1,hin_wikipedia_2021_300K,hin,L20,113,http://hi.wikipedia.org/wiki/सत्य_नारायण_व्रत_कथा,70f3963a0aa2cdfee695f3ac384da2af06cd1b652fbd13c618f4a481bd8ce80f
P1,hin_wikipedia_2021_300K,hin,L20,114,http://hi.wikipedia.org/wiki/चण्डीगढ़,015d0c4c1edd54549c01969a9763a412b521513c0e7ee327de30bbfc59c579d7
P1,hin_wikipedia_2021_300K,hin,L20,116,http://hi.wikipedia.org/wiki/भारतीय_राजनय_का_इतिहास,235920079be292c5b5b46f54dba134de27dd8b743af128e99513f170f3c448cb
P1,hin_wikipedia_2021_300K,hin,L20,118,http://hi.wikipedia.org/wiki/छपाई_(वस्त्रों_की),cc5f290b8336ed2f59e103903e3eac9dfea00b6984acaa8ff161fc87a2691376
P1,hin_wikipedia_2021_300K,hin,L20,119,http://hi.wikipedia.org/wiki/जेन_एडम्स,7904bfca82983fceff0fe81be8391920536ab08ee955b1f7887df832f7bee5b5
P1,hin_wikipedia_2021_300K,hin,L20,120,http://hi.wikipedia.org/wiki/पितृमेध,c222f697fb9b51dfe7966f5d6b2953736992bcd5f11842ca97af09dbe14a843c
P1,hin_wikipedia_2021_300K,hin,L20,121,http://hi.wikipedia.org/wiki/एचआइवी,69f58edef44b083efa542a4208faa44895fca2ee63ca88ec46f1d526b96bc330
P1,hin_wikipedia_2021_300K,hin,L20,122,http://hi.wikipedia.org/wiki/कोली,0c71117c4d4868f5a6847f7883d75ca3f39212b4521ca2e0bebb6f7356f46145
P1,hin_wikipedia_2021_300K,hin,L20,123,http://hi.wikipedia.org/wiki/इतालवी_साहित्य,63f1298d89f31c52d7f8cab608a19122300a6b9d5bb8e1702cef3f982d2527bd
P1,hin_wikipedia_2021_300K,hin,L20,124,http://hi.wikipedia.org/wiki/ब्रेट_हार्ट,d3320945d049d830f31b0b03c6683575220354fa3a5bb9e873c4b6ee1fdd796d
P1,hin_wikipedia_2021_300K,hin,L20,125,http://hi.wikipedia.org/wiki/उष्णकटिबंधीय_चक्रवात,192653c0c0c7654d2c0c831ba73fc3e353a6b6374e43b93f2c4ac4ae5c318aa8
P1,hin_wikipedia_2021_300K,hin,L20,126,http://hi.wikipedia.org/wiki/कुमारसंभवम्,816757a477b489b5e782a8df76c18e4b7b3510d915cf3cd2aa20230b9dd8b772
P1,hin_wikipedia_2021_300K,hin,L20,128,http://hi.wikipedia.org/wiki/माइक्रोसॉफ्ट_विजुअल_स्टूडियो,299e4e450fc7f2d1059baff3de70be10b7d15dfc89382073d2e934d6dc6e371a
P1,hin_wikipedia_2021_300K,hin,L20,131,http://hi.wikipedia.org/wiki/जन्तुभूगोल,dd52d4accd6afc7aa3cfe59eca7e77ce77f74fdc46d11898be7304fea41eb8e4
P1,hin_wikipedia_2021_300K,hin,L20,132,http://hi.wikipedia.org/wiki/बोइंग_747,dedaab08085b115db8df52d470762794fff1be1b52edf1b639140e9cc04ae50b
P1,hin_wikipedia_2021_300K,hin,L20,133,"http://hi.wikipedia.org/wiki/बफ़ेलो,_न्यूयॉर्क",0c76c16ad9ebbf424847af03bafd84fea3698e7e7de30e6dc2e6d1151a3fa94a
P1,hin_wikipedia_2021_300K,hin,L20,134,http://hi.wikipedia.org/wiki/रानी_सारन्धा,06a13ecfb7b8b8f3f1908bfe45f26c94ec13d8ce3524bc58c56d291028163f5d
P1,hin_wikipedia_2021_300K,hin,L20,135,http://hi.wikipedia.org/wiki/मादक_पेय,9dbf38927459923363bd3207dfe2c1d27209b2b1da43455da678fa21e6a38162
P1,hin_wikipedia_2021_300K,hin,L20,136,http://hi.wikipedia.org/wiki/अकाल,7db10f893eceb1b1e4f24aef6d34ec199b7605dccee2fdf63247462c318d6663
P1,hin_wikipedia_2021_300K,hin,L20,138,http://hi.wikipedia.org/wiki/तपेदिक_उपचार,8346a072470739ea6ad67771a7b1f3831bfcadc60f9edd5a84aaf97758917d11
P1,hin_wikipedia_2021_300K,hin,L20,139,http://hi.wikipedia.org/wiki/इलाहाबाद,83b8ab87f25bcce2e1258efe86216019a12fb78de15da017bac5d490477677e5
P1,hin_wikipedia_2021_300K,hin,L20,140,http://hi.wikipedia.org/wiki/बैडमिंटन,a82648cf695e928880ce81d1ce1df03441f51b8fe40234c02df0ee5f0e5aca88
P1,hin_wikipedia_2021_300K,hin,L20,142,http://hi.wikipedia.org/wiki/इंटेल,d581ea2018902baa09b2633f9edbca3058800138d74322daf3e535c8c49b5225
P1,hin_wikipedia_2021_300K,hin,L20,143,http://hi.wikipedia.org/wiki/भारतीय_पशु_और_पक्षी,0967b5f2ee4447719fd56f79a79cb8d047597f5b624219173ad87a900f4dcfce
P1,hin_wikipedia_2021_300K,hin,L20,144,http://hi.wikipedia.org/wiki/वेद,d48f1018ebad01fee7f031c73680c390c95f807bfad4d29bd516be253b342f72
P1,hin_wikipedia_2021_300K,hin,L20,145,http://hi.wikipedia.org/wiki/केविन_पीटरसन,d3bf5c91eb83388b813696c15c2dccde994668ce603f035d2d63135e63ca07d0
P1,hin_wikipedia_2021_300K,hin,L20,146,http://hi.wikipedia.org/wiki/विन्स_मॅकमहन,2532019a9078bc00efea418d0b6e7e55f2be27575ab89adae967c309818ea9df
P1,hin_wikipedia_2021_300K,hin,L20,147,http://hi.wikipedia.org/wiki/भास,580e3285a934f79edcacb0a95408e07a929095c315aa15de482c29925d31185f
P1,hin_wikipedia_2021_300K,hin,L20,148,http://hi.wikipedia.org/wiki/राजस्थान_की_आधुनिक_कला_(१९६०_से_२०१०_तक),8371ea9be602f1e69aeef072646b47343d4204289a48250e621b3532444d694d
P1,hin_wikipedia_2021_300K,hin,L20,149,http://hi.wikipedia.org/wiki/बुंदेलखंड_का_इतिहास,edca5822385d28d91fa4f44a5946c479df2c0c2af9bb7ea692cd975a85a17e9b
P1,hin_wikipedia_2021_300K,hin,L20,150,http://hi.wikipedia.org/wiki/पिनांग,2076eb421753e3ea053815691d97ea1191abd3cb2ec1236de9793459d0b8266c
P1,hin_wikipedia_2021_300K,hin,L20,151,http://hi.wikipedia.org/wiki/नीतिशास्त्र_का_इतिहास,fa22ecacbba3f2fb67aeb3e2ae8db2a0c68bcf392f776c35b0891176204c31e8
P1,hin_wikipedia_2021_300K,hin,L20,153,http://hi.wikipedia.org/wiki/तम्बाकू_धूम्रपान,f1b70bacb5f5fc35986797193b871f36e5c08402753d1370b4e74b47b9e2131f
P1,hin_wikipedia_2021_300K,hin,L20,155,http://hi.wikipedia.org/wiki/मियामी,68461cbb2c596b0f831a89a5637d38ddb8d4e33d1220235e41bb66e4f4ec3b73
P1,hin_wikipedia_2021_300K,hin,L20,156,http://hi.wikipedia.org/wiki/महाविद्यालय_(कॉलेज),e3798c794df380b43eb3cc83d64b491a2225a6496fa13c523f66614d4376f36c
P1,hin_wikipedia_2021_300K,hin,L20,158,http://hi.wikipedia.org/wiki/वोक्सवैगन_बीटल,926d5f388e550e21a196b1ebab0231406ee0e1fb1cb862a4735c0bf24e5f58ed
P1,hin_wikipedia_2021_300K,hin,L20,159,http://hi.wikipedia.org/wiki/शनि_(ज्योतिष),bf22175bbeb5115fb28523a62ed006c36aa44e540d1e6aaa91890bf49f339e7f
P1,hin_wikipedia_2021_300K,hin,L20,160,http://hi.wikipedia.org/wiki/एरिक_क्लैप्टन,14752d62a81e3c9dd96605923b0e6f5ea24187aa01ed0e3e5ddb116f3df2cd62
P1,hin_wikipedia_2021_300K,hin,L20,161,http://hi.wikipedia.org/wiki/हनटिंग्टन_रोग,50f6ed622a0d07f4593376d1761be8fef16e70d991d86d0aa2f0eb81aacc62eb
P1,hin_wikipedia_2021_300K,hin,L20,164,http://hi.wikipedia.org/wiki/फ़ारसी_साहित्य,4171fab272bfff036ee1420ce90dc86912e0b2c626cb2b0dfc10bff7c7f25cf4
P1,hin_wikipedia_2021_300K,hin,L20,165,http://hi.wikipedia.org/wiki/एनरॉन_घोटाला,ecd9d04e93cf8958d4d7061c93b14451ce693a41da3d424830e11b9ac5d8e0dd
P1,hin_wikipedia_2021_300K,hin,L20,166,http://hi.wikipedia.org/wiki/विवाह,cdee851ec03834a4136823a314c29a046e437970cefcbb91d5e1eb7550832015
P1,hin_wikipedia_2021_300K,hin,L20,167,http://hi.wikipedia.org/wiki/मैडोना_(मनोरंजनकर्ता),a6514cb83d707a4e07c4f5bfd85c8b58f57713893674ab6eae297550c4d3f59a
P1,hin_wikipedia_2021_300K,hin,L20,168,http://hi.wikipedia.org/wiki/जेम्स_एंडरसन,f9ad1c04f4d00b9040e0eab3ae68aac556d0c832c2dd34e8c8f7a60aa803dc73
P1,hin_wikipedia_2021_300K,hin,L20,169,http://hi.wikipedia.org/wiki/पजहस्सी_राजा,541020e728e7747f41f9945e015b74f0f6b3aa48761ee2b0cf18e6f17f6f8c12
P1,hin_wikipedia_2021_300K,hin,L20,170,http://hi.wikipedia.org/wiki/भारतीय_सिनेमा_के_सौ_वर्ष,72629fd920763a70bdee6ff189f04351f197e6c72262e05a25baf75a5dd93e3c
P1,hin_wikipedia_2021_300K,hin,L20,172,http://hi.wikipedia.org/wiki/भक्ति_काल,40fe86a6a1523f18263f822809bf7cd99d71662505f4bd3146280bbe8206301a
P1,hin_wikipedia_2021_300K,hin,L20,173,http://hi.wikipedia.org/wiki/दंत-क्षरण,e6e8006020464ee00e256934717e2cadceab7aa848374a751619ade8c85c0b14
P1,hin_wikipedia_2021_300K,hin,L20,174,http://hi.wikipedia.org/wiki/भारत_छोड़ो_आन्दोलन_और_बिहार,9aee7a028b8d5369a40f23475dec0d6a923067fedc9f99db4d54c2bb4a2c1134
P1,hin_wikipedia_2021_300K,hin,L20,176,http://hi.wikipedia.org/wiki/क्रिस_जेरिको,0d5de7896f7aea673d89f85f8ff33035b1de7ef5f9fa44f035418b2989deb9ea
P1,hin_wikipedia_2021_300K,hin,L20,177,http://hi.wikipedia.org/wiki/स्टैनफोर्ड_विश्वविद्यालय,309d3ec9e74b305fd93fd5ad2f6d9ecd1cd383c575fbf3945eb7f368caf40059
P1,hin_wikipedia_2021_300K,hin,L20,178,http://hi.wikipedia.org/wiki/2007-2009_का_वित्तीय_संकट,1e35f22e5bf3287f8481860461b1eaf2e996982e887b278863226d8f08a53b73
P1,hin_wikipedia_2021_300K,hin,L20,179,http://hi.wikipedia.org/wiki/पाठ_संदेश,b758c1431430e30a97271d41f917ea7352674cafa9c99c42d4269a22d132c4d2
P1,hin_wikipedia_2021_300K,hin,L20,180,http://hi.wikipedia.org/wiki/ग्रह_योग,ab26cdca90ac2a83b7280eaebbc22bfee2ef77a80264b94911b7b6c23a66f247
P1,hin_wikipedia_2021_300K,hin,L20,183,http://hi.wikipedia.org/wiki/भारतीय_दर्शन,af56289a1ac1490dffa4d53733af6bf780b2e6771639ec4520620facc61b9fb0
P1,hin_wikipedia_2021_300K,hin,L20,184,http://hi.wikipedia.org/wiki/भारत_में_विज्ञान_और_प्रौद्योगिकी,5b7c9cb5a789f719cdb5da1ddf2f2a01cbedabce5dc7cc15abb67e8f9963711d
P1,hin_wikipedia_2021_300K,hin,L20,185,http://hi.wikipedia.org/wiki/अकबर,1e896acfbdb328602cb6c4dfa441cccef6ddda4163daf353ffd468183e8e9a75
P1,hin_wikipedia_2021_300K,hin,L20,187,http://hi.wikipedia.org/wiki/ट्रेजर_आइलैंड,6e7995e391e9b19485e9e1cbe909c9d2b1d62dabae94d354207f77723fc3af3e
P1,hin_wikipedia_2021_300K,hin,L20,188,http://hi.wikipedia.org/wiki/लीड्स,f39bf0a65e7a1354c6a803eb76c53a3dffe1b708b3645b03d0e01e24a42c999c
P1,hin_wikipedia_2021_300K,hin,L20,190,http://hi.wikipedia.org/wiki/कर्ट_कोबेन,e337f2409ce811dfc8ca6c350708549e409e6ba8455d052108b4133de291adb8
P1,hin_wikipedia_2021_300K,hin,L20,192,http://hi.wikipedia.org/wiki/शेयर_बाजार_की_पारिभाषिक_शब्दावली,ab9691c37b0d66b13a96dc58498433dadabe007097e462014d53d1cca289a1a3
P1,hin_wikipedia_2021_300K,hin,L20,194,http://hi.wikipedia.org/wiki/2002_की_गुजरात_हिंसा,9fe50f3efe64d48dabcb4fea0f0700ad0bdaabd8ac9a202e7602e4b6305fe137
P1,hin_wikipedia_2021_300K,hin,L20,196,http://hi.wikipedia.org/wiki/जम्मू_(विभाग),3639bed8d8993ae96410e1d7d13a451569f2216d0a4f79bbf705985d34e8b8d0
P1,hin_wikipedia_2021_300K,hin,L20,198,"http://hi.wikipedia.org/wiki/प्रतापगढ़,_राजस्थान",ba3a1eeb63e81fa2f4a6867e0099a5012332be7275a47b0e42b272d12b16bc92
P1,hin_wikipedia_2021_300K,hin,L20,199,http://hi.wikipedia.org/wiki/होम_रूल_आन्दोलन,f523e9da3b01b5ff8a4296598e13f2b5ef67daf60c75c577b24c54224b369aca
P1,hin_wikipedia_2021_300K,hin,L20,200,http://hi.wikipedia.org/wiki/कर्ण,983fb349b3554c327807b577ca780147c34bccf17af7e66c2d2b6773c11849f7
P1,hin_wikipedia_2021_300K,hin,L20,202,"http://hi.wikipedia.org/wiki/न्यूर्क,_न्यू_जर्सी",d28b6481347ee9d4510ed44fe862e4b7e3dd17a2c6d44bb8eec22764c38f5ea8
P1,hin_wikipedia_2021_300K,hin,L20,204,http://hi.wikipedia.org/wiki/लेबर_पार्टी,50e815184af39c77e9d61d54a11b3d11f85585a509451d31efe629aae84a4e5c
P1,hin_wikipedia_2021_300K,hin,L20,205,http://hi.wikipedia.org/wiki/मैग्लेव_ट्रेन,5ef9b254620793ae02980a0fa444c7e21330020297376bce8820906557dcb2b6
P1,hin_wikipedia_2021_300K,hin,L20,207,http://hi.wikipedia.org/wiki/आदम,72987159203febd1a1f851a6acf7c281e9ffb8c21281d8ad839cf1f25e87bc14
P1,hin_wikipedia_2021_300K,hin,L20,208,http://hi.wikipedia.org/wiki/तारा,e1cf9c7233eb41d495e20115ede7a4e86e4fb4c5b8d20e7e6948552fe066012a
P1,hin_wikipedia_2021_300K,hin,L20,209,http://hi.wikipedia.org/wiki/मीठड़ी_मारवाड़,31370fee2bf75c2bdd9a6de0dd65d809bd64a8912e38985662c4000932571dcf
P1,hin_wikipedia_2021_300K,hin,L20,217,http://hi.wikipedia.org/wiki/मैरी_१_(स्कॉटलैंड_की_रानी),03316a5739533108cdc09cd5d3aa8a37fef083bc2ad18d83561e39b0627eab74
P1,hin_wikipedia_2021_300K,hin,L20,218,http://hi.wikipedia.org/wiki/फ़्रैंकफ़र्ट,b8e9f1a145605acae9018b86c989a63dd7ba46670aa64fb3f78e697d9e85f248
P1,hin_wikipedia_2021_300K,hin,L20,221,http://hi.wikipedia.org/wiki/दक्षिण_एशिया_में_इस्लाम,0c4f044cad03abcc86e4929f10b2863229968c1e6078bca6e1443cf6c02531ae
P1,hin_wikipedia_2021_300K,hin,L20,222,http://hi.wikipedia.org/wiki/आयुर्वेद,f2405f72d5e7c926ed8ec7d2494cf9eb21fffb765db46332692bf2b6136b15e8
P1,hin_wikipedia_2021_300K,hin,L20,223,http://hi.wikipedia.org/wiki/बीमा,d1088ac6b9069abe040e95a53aaef8092df95ca2b41cb48ff0ff12bf842d3de5
P1,hin_wikipedia_2021_300K,hin,L20,225,http://hi.wikipedia.org/wiki/ब्रिट्नी_स्पीयर्स,9ffb12dd07873de81e62335ac3d290ade8afa0264df8acc68929001bf6e8f7bb
P1,hin_wikipedia_2021_300K,hin,L20,226,http://hi.wikipedia.org/wiki/रॉबी_विलियम्स,76f179364f6340fae18cbee3f0532fdd0a4790d17b59dcdfd45bc5b6d97dc284
P1,hin_wikipedia_2021_300K,hin,L20,228,http://hi.wikipedia.org/wiki/भारतीय_नाम,665433990509a6ca6210b3bde66bef96880989b0d9d4454c5c917318eb83a289
P1,hin_wikipedia_2021_300K,hin,L20,229,http://hi.wikipedia.org/wiki/मालदीव,ccec1dec75dc2a1e5477556625be36d77e7646a0091d38016d1286212c9ce738
P1,hin_wikipedia_2021_300K,hin,L20,230,http://hi.wikipedia.org/wiki/बनगाँव_(बिहार_),00466bbe707b19cf976d99ac217b5ef77acb329d780a748f1e706626f90738e7
P1,hin_wikipedia_2021_300K,hin,L20,231,http://hi.wikipedia.org/wiki/मलयालम_साहित्य_का_इतिहास,b4e4256f0799a9152df53c8ccf92406c641c4f3c2e6869c43a0f61ded37da956
P1,hin_wikipedia_2021_300K,hin,L20,232,http://hi.wikipedia.org/wiki/सामुद्रिक_शास्त्र,f79b5d5028a942feb881fdb2163c3530abbace61521a8a937949ba4854976b36
P1,hin_wikipedia_2021_300K,hin,L20,233,http://hi.wikipedia.org/wiki/काउबॉय,3413cb968befec3e5bbdc6b26ef531153313d74a7cf36aafbf5a514ec474d6b4
P1,hin_wikipedia_2021_300K,hin,L20,234,http://hi.wikipedia.org/wiki/इन्द्र,1711331b65999bb2b8d8a95fc26b1aeea338911fd576589d9c6161a6ca614a6d
P1,hin_wikipedia_2021_300K,hin,L20,235,http://hi.wikipedia.org/wiki/कन्नड़_साहित्य,8e5cbe453d8e7a24d1cc25959edaf464e5747e6fab018f41f35d82479cd8700a
P1,hin_wikipedia_2021_300K,hin,L20,237,http://hi.wikipedia.org/wiki/लखनऊ,1694978e8838d8d9c43da0f38ec922a3c2f52f7470d9395549dbb273e35d04b0
P1,hin_wikipedia_2021_300K,hin,L20,241,http://hi.wikipedia.org/wiki/कर्नाटक,78afdee3c802c8941bb258e3338444de84e18ffdd604641eee85c9f4b7d14172
P1,hin_wikipedia_2021_300K,hin,L20,245,http://hi.wikipedia.org/wiki/द्वितीय_विश्व_युद्घ,08413535a12a6471494608706884afabd45acee1e618663715f75d1a1c1e57ed
P1,hin_wikipedia_2021_300K,hin,L20,246,http://hi.wikipedia.org/wiki/सॉसेज,3d979abb79a6e34064ee13ebbc98cc3cafc6a78c763429dd405908f6e579a07c
P1,hin_wikipedia_2021_300K,hin,L20,249,http://hi.wikipedia.org/wiki/बिली_जोएल,f1b75e39db1398292d97487a98f05b12727e12e7a0a3df34078aa267cc5d9e79
P1,hin_wikipedia_2021_300K,hin,L20,251,http://hi.wikipedia.org/wiki/चिरकारी_अवरोधी_फुप्फुस_रोग,195b0089cd49119653b9071adb6411f2350ebbb3d9c15f25c95f73c35b1b94b4
P1,hin_wikipedia_2021_300K,hin,L20,252,http://hi.wikipedia.org/wiki/द_ऑफिस_(अमरीकी_टीवी_शृंखला),d3ee252945b196269b174ccebc464b24cfbb867833af0de40afc7eac798c1c18
P1,hin_wikipedia_2021_300K,hin,L20,253,http://hi.wikipedia.org/wiki/भाषाविज्ञान,8258678f41f6f20e6812eb9d0754d2ff1776ef874f6a752cdb8ff7559a8af0d9
P1,hin_wikipedia_2021_300K,hin,L20,255,http://hi.wikipedia.org/wiki/बास्केटबॉल,9ec5dee5d0c47e5faa6d9b851f8ad4ce077f7a55c5a849772b4564430d4669df
P1,hin_wikipedia_2021_300K,hin,L20,257,http://hi.wikipedia.org/wiki/युवावस्था,e218c7181725cb0c2c079ade0e2d28202982752c6f4795cc0f0109b131e0cd88
P1,hin_wikipedia_2021_300K,hin,L20,258,http://hi.wikipedia.org/wiki/फ़्लोरिडा,f8b99296c161b4367c07031d7e2e153a96b170606b3a429a41775c5fca208939
P1,hin_wikipedia_2021_300K,hin,L20,259,http://hi.wikipedia.org/wiki/नरभक्षण,1094bf9caf43017ff47b41e5625e70b74069437474a4becc79869a99d6118154
P1,hin_wikipedia_2021_300K,hin,L20,260,http://hi.wikipedia.org/wiki/पर्ल_जैम,b4298d426239bda6521938db3458665be4978495c4892fb9bbd933044d9e9a7f
P1,hin_wikipedia_2021_300K,hin,L20,261,http://hi.wikipedia.org/wiki/डाउन_सिंड्रोम,22ea5f97b4af80b0e24d812c9d1b72b839740728cc0ec4201b59e68a80a3bd83
P1,hin_wikipedia_2021_300K,hin,L20,263,http://hi.wikipedia.org/wiki/कॉण्टैक्ट_लैंस,8f56aa09b953094c1f2182862fc1483886be8ec4752e5c1afabc5b474946c7c8
P1,hin_wikipedia_2021_300K,hin,L20,264,http://hi.wikipedia.org/wiki/अधकपारी,d4f14ec8f21c6f8caf4c5598d4ad50b62cb3d9cfe1fb9787810be065abde826f
P1,hin_wikipedia_2021_300K,hin,L20,266,http://hi.wikipedia.org/wiki/वनोन्मूलन,84e0240504db9e80aeea6268706493e4166818b193eb4cf0ec558c4ef8bea5d2
P1,hin_wikipedia_2021_300K,hin,L20,267,http://hi.wikipedia.org/wiki/सामुदायिक_रेडियो,0517c95cf80c539a460b4c44482feda0d3e178e03e0da21ef0ca2cba3a20f4cd
P1,hin_wikipedia_2021_300K,hin,L20,268,http://hi.wikipedia.org/wiki/कॉनकॉर्ड,5044bce3e67f55c98b9825c2e95f7fe1aea4d685ec801e8b62856daedc0352b4
P1,hin_wikipedia_2021_300K,hin,L20,269,http://hi.wikipedia.org/wiki/शेफ़ील्ड,359ab7ffe41a9f61e000570439599c537c6f8203b65de4571b2cb7ba3719396a
P1,hin_wikipedia_2021_300K,hin,L20,270,http://hi.wikipedia.org/wiki/अर्थशास्त्र,2bb8491ebcaa923b706e613e35cd2e1815f04388ca552cd32372ea3567f1aad5
P1,hin_wikipedia_2021_300K,hin,L20,272,http://hi.wikipedia.org/wiki/मैकबेथ,1bebb6e7412f7ae4636dd826410299b2a23872ae350919f42e92b20e3130b0c8
P1,hin_wikipedia_2021_300K,hin,L20,273,http://hi.wikipedia.org/wiki/काइली_मिनोग,7d94b8c8ec1cc91fd70c1534dc8adeefb038dd48cb9277ca9bbec81fb881bb3b
P1,hin_wikipedia_2021_300K,hin,L20,274,http://hi.wikipedia.org/wiki/सुभाष_चन्द्र_बोस,d9943c95ed0dc4fd2656b47b5b1fbbc04f2aad47436b432214a7c848c63c6bc9
P1,hin_wikipedia_2021_300K,hin,L20,275,http://hi.wikipedia.org/wiki/अकशेरुकी_भ्रूणविज्ञान,b05f4f023250975b326b490e8880724161f72d09e0892492ccb8931c92883fde
P1,hin_wikipedia_2021_300K,hin,L20,279,http://hi.wikipedia.org/wiki/हीमोग्लोबिन,468e4b4c825749cd977efac4b9edf778120db4133f4559e00c8ff1f72c579c8b
P1,hin_wikipedia_2021_300K,hin,L20,281,http://hi.wikipedia.org/wiki/ब्रूस_स्प्रिंगस्टीन,364db1dffa06c7066c45c066b061d2adc48c1e241acd383c0cfc61d6cd1a1ccd
P1,hin_wikipedia_2021_300K,hin,L20,283,http://hi.wikipedia.org/wiki/चीनी_जनवादी_गणराज्य,bfebb00845202add2910cb5488a6586312a333fd2f6efb0922c3a9a27647dd7e
P1,hin_wikipedia_2021_300K,hin,L20,284,http://hi.wikipedia.org/wiki/लुईस_हैमिल्टन,ca345993e9aa112f2f19252a2cc093400ddd4cb351ea04edb0fa984d311d0d8e
P1,hin_wikipedia_2021_300K,hin,L20,285,http://hi.wikipedia.org/wiki/कोलकाता,50a08e96246d3b2408ce10172bf863c73a417acbab01b082975f68757d82c9de
P1,hin_wikipedia_2021_300K,hin,L20,286,http://hi.wikipedia.org/wiki/टोयोटा_प्रियस,346b855155fb34fe290a5791f68af9a7945e88af828550b8e71c70445b379e5f
P1,hin_wikipedia_2021_300K,hin,L20,289,http://hi.wikipedia.org/wiki/प्रमुख_मीमांसक_आचार्य,b53cd6367d3c9742a2afb60159ab0fd699201742ab9a91a40a30e8b7011ef973
P1,hin_wikipedia_2021_300K,hin,L20,291,http://hi.wikipedia.org/wiki/ब्लेड_रनर,b200d938a492429dcf6bf4ed08731977c9da5f1e61e5ab77f027300009d381d4
P1,hin_wikipedia_2021_300K,hin,L20,293,http://hi.wikipedia.org/wiki/एलेक्स_फर्ग्यूसन,d5fb15360c1ff945d4ddcce4312276a9bd0507a4abf2c0f3dddf2f32cf1818a1
P1,hin_wikipedia_2021_300K,hin,L20,297,http://hi.wikipedia.org/wiki/सीबीएस,897594af5a699f2cae2d0e8a400d6f838cacd1c8fffc980648221b12e122c044
P1,hin_wikipedia_2021_300K,hin,L20,298,http://hi.wikipedia.org/wiki/मानव_बलि,f71240dbaa94bcaac8e512261a8a89bf7f57efdbb96f46449fbf77b571123dd2
P1,hin_wikipedia_2021_300K,hin,L20,299,http://hi.wikipedia.org/wiki/आन्ध्र_प्रदेश,bc9d7acb47b22b76e9fe3d970b417694697f69e01a547fb2d079bed5f6eb06d0
P1,hin_wikipedia_2021_300K,hin,L20,303,http://hi.wikipedia.org/wiki/राहुल_सांकृत्यायन,9a9db33edc76a703791af9b86f20840381f1ebd9ffb084f63ce473d82bcd181d
P1,hin_wikipedia_2021_300K,hin,L20,305,http://hi.wikipedia.org/wiki/चाणक्य,90c9f320cc50a786fbac5d7a3871bfff8fc64d9d41629ee4c98ac92f0375b34d
P1,hin_wikipedia_2021_300K,hin,L20,306,http://hi.wikipedia.org/wiki/परजीविजन्य_रोग,1f821a60263eb66e34a7e7e1cd322928b3477b7ff3a80293a13cf8ac585d20ac
P1,hin_wikipedia_2021_300K,hin,L20,307,http://hi.wikipedia.org/wiki/स्पाइवेयर,f32550a30b3e80be2f4cd452c08ee3403d7d6f7710e0de69799ff68dcf945605
P1,hin_wikipedia_2021_300K,hin,L20,308,http://hi.wikipedia.org/wiki/नैदानिक_मनोविज्ञान,0956bf52535bb815cc92c856eb4c44ffddd1c0d7c32e15ea86f74de60094c261
P1,hin_wikipedia_2021_300K,hin,L20,309,http://hi.wikipedia.org/wiki/टर्मिनेटर_सैल्वेशन,8cff3d5f5e481d344ff94bf68022241af76b8dc699958384fae9ac5c93a8bd19
P1,hin_wikipedia_2021_300K,hin,L20,310,http://hi.wikipedia.org/wiki/शेंगेन_क्षेत्र,a5065b52939b1c56b81a83aa4fa82948e5c9eaabe8c63c88102f35e7e5e6f0f2
P1,hin_wikipedia_2021_300K,hin,L20,313,http://hi.wikipedia.org/wiki/मैरीलैंड,5c2fcd38ee557b795b8fc2bc0f84b7d8352f2ef124a37373bd42e0b520bd1e90
P1,hin_wikipedia_2021_300K,hin,L20,315,http://hi.wikipedia.org/wiki/एडम_स्मिथ,6e9c5aa8e9785b0cfe3752bddcd1725780005be7d2f861b587044efffa22d435
P1,hin_wikipedia_2021_300K,hin,L20,316,http://hi.wikipedia.org/wiki/भारत_में_भ्रष्टाचार,ae7bd952258752e73eb7ccbf869d59dffaa3da401b905d145c82925d2246f5d0
P1,hin_wikipedia_2021_300K,hin,L20,318,http://hi.wikipedia.org/wiki/भारतीय_शिक्षा_का_इतिहास,014594258f9ec0f05becf57db8322a99a4c16d599cfce368a0c822a9c6c4a709
P1,hin_wikipedia_2021_300K,hin,L20,319,http://hi.wikipedia.org/wiki/लोकतंत्र,97f5e7d8f0929534da764f860e1f672a2dd31fdd4156b5e23dbfcd00baa7b340
P1,hin_wikipedia_2021_300K,hin,L20,322,http://hi.wikipedia.org/wiki/योग,927c55c1d0c420a8d89911268137d72a4df5ee870f0e58cb7acaf75ad2a171e9
P1,hin_wikipedia_2021_300K,hin,L20,323,http://hi.wikipedia.org/wiki/विष्णु,e21719ee95a5f31603f3c60907b49c23007933507d50fab29056b8102e389849
P1,hin_wikipedia_2021_300K,hin,L20,324,http://hi.wikipedia.org/wiki/भारत_में_दर्शनशास्त्र,af2e1ceace3b56c8b1e6e4536896b30c9c375b58970ec5f92edb6e9bfa6b0d65
P1,hin_wikipedia_2021_300K,hin,L20,326,http://hi.wikipedia.org/wiki/पार्वतीमंगल,8a2d7551f14a9276204e38a97ff3dc16ff59d53fbb3ba737285202f1f2203121
P1,hin_wikipedia_2021_300K,hin,L20,331,http://hi.wikipedia.org/wiki/भारतीय_चित्रकला,95972939a4f7fdb404b63b675e59eed1438b3eb9d61354b552dc9938c1cfba8b
P1,hin_wikipedia_2021_300K,hin,L20,335,http://hi.wikipedia.org/wiki/कैलगरी,519064923d411151dfd52f566ebac8f7137e3542efeb165a8b34f3107a2b9e93
P1,hin_wikipedia_2021_300K,hin,L20,336,"http://hi.wikipedia.org/wiki/पोर्टलैंड,_ऑरेगॉन",a6f88589b3daa91d397c75c9c27d98c253150e93db11c37952f01f25b15062ff
P1,hin_wikipedia_2021_300K,hin,L20,337,http://hi.wikipedia.org/wiki/कृषि,b29da420380d1410982af5a5c0c3a91c05d17ae5bdc1bd4cdf80590b5d1bd663
P1,hin_wikipedia_2021_300K,hin,L20,338,http://hi.wikipedia.org/wiki/एडोल्फ़_हिटलर,5f889dbe7524402cc07d6bcb0a1ac48830af0b752141d9183dff216b1110e8ae
P1,hin_wikipedia_2021_300K,hin,L20,339,http://hi.wikipedia.org/wiki/श्रीमद्भगवद्गीता,83bc1ef2d2e6853691186382adf4907787eb5cf2487fe627a4d633106d7c38bf
P1,hin_wikipedia_2021_300K,hin,L20,340,http://hi.wikipedia.org/wiki/जयशंकर_प्रसाद,6534ba74714762f15aea8f70a9f63a6fc3d3f63b3163888b1eadd730d43cff39
P1,hin_wikipedia_2021_300K,hin,L20,341,http://hi.wikipedia.org/wiki/बीकानेर_के_दर्शनीय_स्थल,3653d803b21181ab629316cfcfb3da1f7c1ee41ad803d43b519a78b9f15d64d2
P1,hin_wikipedia_2021_300K,hin,L20,343,http://hi.wikipedia.org/wiki/वॉल-ई,34a064ee47f37d158136ca49de93f2b8317ce72768045c677c1a80627031daaf
P1,hin_wikipedia_2021_300K,hin,L20,344,http://hi.wikipedia.org/wiki/आधुनिकतावाद,e2ea9488e8ae598abeb2fc700863d2427c6ba27e8eb21bb32cd984249580b34a
P1,hin_wikipedia_2021_300K,hin,L20,345,"http://hi.wikipedia.org/wiki/कैलिफोर्निया_विश्वविद्यालय,_लॉस_एंजिल्स",32edc4a7b7c879ad029facefd014ba49a84796d5851eeabcbbff18964168f12b
P1,hin_wikipedia_2021_300K,hin,L20,348,http://hi.wikipedia.org/wiki/एक्यूपंक्चर,572ad454b632f553751512bcb948a61b097ab4277d243b60cd7d3bd0e1992d58
P1,hin_wikipedia_2021_300K,hin,L20,349,http://hi.wikipedia.org/wiki/बैटमैन_(1989_फ़िल्म),3962fbb227bdcdfdf65b576eeb758023f1d5ba3350f17716fc10527e04376ac5
P1,hin_wikipedia_2021_300K,hin,L20,352,http://hi.wikipedia.org/wiki/मौर्य_राजवंश,655b708c603d750be6684b4ca29ea6c2a352a0971a9f1644159bb06c294451a6
P1,hin_wikipedia_2021_300K,hin,L20,353,http://hi.wikipedia.org/wiki/सारा_पॉलिन,efb99de6e8a77d856f902c0509d5b49bec8dbc09b4974bc12080e8986d0fd532
P1,hin_wikipedia_2021_300K,hin,L20,354,http://hi.wikipedia.org/wiki/सिडनी_बंदरगाह_पुल,763efbc280b8ee73016874d6c06a2c7bd23fee4a304d768650a349847c776af1
P1,hin_wikipedia_2021_300K,hin,L20,355,http://hi.wikipedia.org/wiki/सीआईडी_(धारावाहिक),26e13f1c5fa724d06e5f7c1a74c4133c918a1dea3dd480751060417971d9bca9
P1,hin_wikipedia_2021_300K,hin,L20,356,http://hi.wikipedia.org/wiki/इंग्लैंड_का_इतिहास,a54d32587d02cbcda3e94cf7efb65fc7ea76de9b3c14e4df4b9af6c23a7ebe2d
P1,hin_wikipedia_2021_300K,hin,L20,360,http://hi.wikipedia.org/wiki/मिनियापोलिस,e517f76d2a08ca5316a17ef974c0831d53cab7c0e2270d461d94d1b3e43f813d
P1,hin_wikipedia_2021_300K,hin,L20,361,http://hi.wikipedia.org/wiki/भारतीय_स्वतंत्रता_का_क्रांतिकारी_आन्दोलन,31348d759b43c25b7267768862975738106611aa52a0d479ed40ec423ded98df
P1,hin_wikipedia_2021_300K,hin,L20,362,http://hi.wikipedia.org/wiki/नवदुर्गा,a25ba39b967bd9f8b9bb903ad4ba3cef10792bbc53b4b94e1e5ebb7654b82cc6
P1,hin_wikipedia_2021_300K,hin,L20,363,http://hi.wikipedia.org/wiki/भारतीय_वस्त्र,a8358a9b62b01ac076a6f78363e00988a500c0ccf0183c6b2427621c63e85a9c
P1,hin_wikipedia_2021_300K,hin,L20,365,http://hi.wikipedia.org/wiki/बरेली,685174780b1e32a9a7fc64de0a681a59583f0258864874d161afc7f07cacce9d
P1,hin_wikipedia_2021_300K,hin,L20,366,http://hi.wikipedia.org/wiki/मृदा,094f0011934e9b2f74a7d0328fe8ecd9967c2e4d6e88d127ad75fac515227ed6
P1,hin_wikipedia_2021_300K,hin,L20,367,http://hi.wikipedia.org/wiki/१७२५_तक_क्रिकेट_का_इतिहास,47485128f77a0180965e084debbe37b3620ad722a0abf72e9f7b76215a3118f1
P1,hin_wikipedia_2021_300K,hin,L20,368,http://hi.wikipedia.org/wiki/वॉचमेन,35ed881c07dd4c7dab822c9f165034158ea3e31235bab2bea61b1cf0659cb318
P1,hin_wikipedia_2021_300K,hin,L20,369,http://hi.wikipedia.org/wiki/कैट_स्टीवंस,82631e6fb31adec0b00c9a23a5f6361d252d5f56fadc7a07e222fee52fcd11b7
P1,hin_wikipedia_2021_300K,hin,L20,371,"http://hi.wikipedia.org/wiki/दोस्त_मोहम्मद_ख़ान,_भोपाल",b71da9f4c954732c17f416f0ed6c7ac7901b4dcf47c1fb275011b82dbd69a6e5
P1,hin_wikipedia_2021_300K,hin,L20,372,http://hi.wikipedia.org/wiki/फुफ्फुस_कैन्सर,8d6497fa7e26ecbb549b7eda24b8a2daf2430e87258ae775448ebe8c1439ece1
P1,hin_wikipedia_2021_300K,hin,L20,373,http://hi.wikipedia.org/wiki/विलियम_ब्लेक,7f8e86baf146ed7e74ba45016d2f01760591948fce069a76b1ac745552824bae
P1,hin_wikipedia_2021_300K,hin,L20,375,http://hi.wikipedia.org/wiki/यातायात_संकेत,c6f95a864d5102d5701110966837a6c6edd0c249064966fdebce58da0686e91d
P1,hin_wikipedia_2021_300K,hin,L20,376,http://hi.wikipedia.org/wiki/खेल_सिद्धांत,a8e7d1d930f73e7aceb7d3a0867ee10bcb0d8d9cddf449c9efe0f370b7def7cd
P1,hin_wikipedia_2021_300K,hin,L20,377,http://hi.wikipedia.org/wiki/डिएगो_गार्सिया,ae7a2e64e2ff67039e282feed6e238de6c1592a80591aea592999751859819fa
P1,hin_wikipedia_2021_300K,hin,L20,379,http://hi.wikipedia.org/wiki/आर्किमिडीज़,f7d42e5317d1ced1a4f67f589e64b472f44bf91b62a6acd8cb214c570b977214
P1,hin_wikipedia_2021_300K,hin,L20,380,http://hi.wikipedia.org/wiki/हेपेटाइटिस_सी,61dc5821f7237e5b66e8853989053ab9d0c225cac858f23bb1923f1f0ca3d01f
P1,hin_wikipedia_2021_300K,hin,L20,381,http://hi.wikipedia.org/wiki/जैव_संरक्षण,04c6a94f363526521f810058115b0d5f7a7c93cf79ed6873d414a17010657418
P1,hin_wikipedia_2021_300K,hin,L20,383,http://hi.wikipedia.org/wiki/जेम्स_कैमरून,dd7f2a35272c2c3153a8f057cc498a8c30a28690bbd4546947c635d7868b2fc9
P1,hin_wikipedia_2021_300K,hin,L20,384,http://hi.wikipedia.org/wiki/सिया_के_राम,789304634c9390d2d579714e8bd92fec0cff9dc1fd94d53afd17c9d145bf58b2
P1,hin_wikipedia_2021_300K,hin,L20,385,http://hi.wikipedia.org/wiki/संस्कृति,819573dc461313dc64119e67d884128fb6ae17e0000794048b12a92ef2c77435
P1,hin_wikipedia_2021_300K,hin,L20,386,http://hi.wikipedia.org/wiki/दिल्ली_के_दर्शनीय_स्थल,5a628dcb55c3cc3efd14c156a5bc22380d582711bd98d2ddd2d942bd8f61f1f9
P1,hin_wikipedia_2021_300K,hin,L20,388,http://hi.wikipedia.org/wiki/तेज_गेंदबाज़ी,9e9bcf0c94e941da0644dbbdd8ebbf9f84500e381890ca61f13332b6ec60223f
P1,hin_wikipedia_2021_300K,hin,L20,392,http://hi.wikipedia.org/wiki/जॉन_मेयर,cf0df9cf843c6affd07970c359ee418fd9a21905e5c6de53784d2a66df6a2431
P1,hin_wikipedia_2021_300K,hin,L20,393,http://hi.wikipedia.org/wiki/दर्शन_का_इतिहास,6c80996d0c651439631a37d95d260f1f11f30328ad815bc7557dddc28a873a5e
P1,hin_wikipedia_2021_300K,hin,L20,394,http://hi.wikipedia.org/wiki/गन्स_एण्ड_रोज़ेज़,f72383251ae7d1327b10283c90efdae4fc5fadfd33cf871c93a6135af20479c3
P1,hin_wikipedia_2021_300K,hin,L20,397,http://hi.wikipedia.org/wiki/बेट्टी_व्हाइट,2f897f7cd7e975b1a9f92eb9d89a397b105b92060a6da13fe5acfea71ac8af2b
P1,hin_wikipedia_2021_300K,hin,L20,399,http://hi.wikipedia.org/wiki/कृत्रिम_बुद्धिके_प्रयोग,83e94e95ff99180a3bd8c444538692349fc747a7191ea71cc1c599441571bd55
P1,hin_wikipedia_2021_300K,hin,L20,402,http://hi.wikipedia.org/wiki/जगदीश_कश्यप,fc9a5d36b539665a8fd239664846efdeeb4928352b17dfa42f64237641d92926
P1,hin_wikipedia_2021_300K,hin,L20,403,http://hi.wikipedia.org/wiki/देवी_तथा_देवता_(अभारतीय),ad407311e313f4033002e12d50dc1ea2371e19e73dccacbb2a95b7da244a46be
P1,hin_wikipedia_2021_300K,hin,L20,406,http://hi.wikipedia.org/wiki/समुद्री_जीवविज्ञान,26d3104489b18d056a89a341a471ac1e5b51f7cd28e7c6a2830fa48ab3491c1e
P1,hin_wikipedia_2021_300K,hin,L20,408,http://hi.wikipedia.org/wiki/द_अंडरटेकर,c3f54c1d61223607f6d9f6a7945e1916ed44e56602a7b6372b6bcc629b6d14cb
P1,hin_wikipedia_2021_300K,hin,L20,410,http://hi.wikipedia.org/wiki/क्ष-किरण,51ab63fb29b253ca6fdc4299d3ef2889d14094a47d9dbce0178b0ed59ff7f64b
P1,hin_wikipedia_2021_300K,hin,L20,411,http://hi.wikipedia.org/wiki/देशी_संगीत_(कंट्री_म्यूजिक),a425073231623ba05a2cbc52d62744882d4ca5f7b00d627d9a10696be80a4b0f
P1,hin_wikipedia_2021_300K,hin,L20,412,http://hi.wikipedia.org/wiki/योग_दर्शन,f0bdb0fbf9f6e0ba89605652d9f19ae900485fc28d0c7887aaec18d4593679fe
P1,hin_wikipedia_2021_300K,hin,L20,413,http://hi.wikipedia.org/wiki/अंतरराष्ट्रीय_अपराध_न्यायालय,59105fdf9a227c687f12609580af5aec07ea39fe2653e1a3d02702dfbfbf4203
P1,hin_wikipedia_2021_300K,hin,L20,415,http://hi.wikipedia.org/wiki/पीने_का_पानी,563ea5781691a30bc1ccc656573c1aa23dc4e90f52652946fc2172ca913b16e9
P1,hin_wikipedia_2021_300K,hin,L20,416,http://hi.wikipedia.org/wiki/मध्यकालीन_भारतीय_इतिहास_की_जानकारी_के_स्रोत,2821d333557d333de46461535106d5acf72c2b3b1699f3fd1f5a25ecebcd8ba2
P1,hin_wikipedia_2021_300K,hin,L20,417,http://hi.wikipedia.org/wiki/जैवप्रौद्योगिकी,1f615406284acfc9a82ad217552c92ef03d8a0ea75f37ab1688f3abf41ab997a
P1,hin_wikipedia_2021_300K,hin,L20,418,http://hi.wikipedia.org/wiki/ऋतिक_रोशन,9aaeec2b40365db26adc301da0de5e23fdd71843700e2e4e3d3cf8794e40a932
P1,hin_wikipedia_2021_300K,hin,L20,419,http://hi.wikipedia.org/wiki/विक्टोरिया,b1cab1a90884aaa1de632a3de36f1a8fb8ef4ed0b4d605c7074333c93b6ca010
P1,hin_wikipedia_2021_300K,hin,L20,420,http://hi.wikipedia.org/wiki/ताश,7025befb7c5eb4e181df7bb151cbf4c5a4e92628380d2937e03cb777712f59d8
P1,hin_wikipedia_2021_300K,hin,L20,422,http://hi.wikipedia.org/wiki/मनोचिकित्सा,a710112204dc872d425ebedf822b62054cfa1b26c55b462dd747ad2961069465
P1,hin_wikipedia_2021_300K,hin,L20,425,http://hi.wikipedia.org/wiki/प्रबुद्ध_नगर,9346f02bc706325297ce138a4284065ea5ce10d0a7cdd1fb6e1027af4e8f6db4
P1,hin_wikipedia_2021_300K,hin,L20,426,http://hi.wikipedia.org/wiki/सन्तान_प्रसव,3d5b6aba64a8ccf63a709738a086baa8776160468036d97991e88b638c5f3d08
P1,hin_wikipedia_2021_300K,hin,L20,427,http://hi.wikipedia.org/wiki/ब्रैड_पिट,2e3e0812ae73369306d7e01b261c65903b9cba019405bcb7fd8970dcba806d48
P1,hin_wikipedia_2021_300K,hin,L20,428,http://hi.wikipedia.org/wiki/सोहन_कादरी,c59fe0a12acda3966a2f2eb9cd29b5b9f6bca3d49b7b45fea922b03fd4154d1c
P1,hin_wikipedia_2021_300K,hin,L20,429,http://hi.wikipedia.org/wiki/एर्टन_सेना,25e18f2c6d13b3280ae1e985b6a66d3235113350d4b3e6ab5aec199123b8ea67
P1,hin_wikipedia_2021_300K,hin,L20,430,http://hi.wikipedia.org/wiki/तरण_ताल,2ce0ae92ce55b15d85c94dac65dbc93f25c6f14f1d09ef183da8eb92103ef71d
P1,hin_wikipedia_2021_300K,hin,L20,431,http://hi.wikipedia.org/wiki/सरल_परिसर्प,71ea23bc0d10757ff3b2337f29221ecd4f62e68235bb917a6e37cc0ff7c90352
P1,hin_wikipedia_2021_300K,hin,L20,435,http://hi.wikipedia.org/wiki/बोरोबुदुर,0540014817fa909e72cdf649adcd0b0cf6f1687d2a210735d05f424aa0bb5a69
P1,hin_wikipedia_2021_300K,hin,L20,436,http://hi.wikipedia.org/wiki/संवेदनशील_आंत्र_संलक्षण_(इरिटेबल_बॉवल_सिंड्रोम),e7c33c36b0151cb4e0b3ca12b8ace4afce84f51536e6c8d538aac2052740cb98
P1,hin_wikipedia_2021_300K,hin,L20,437,http://hi.wikipedia.org/wiki/नाभिकीय_ऊर्जा,394ecbff5d7d45edb60d180c02474345de2471e02d20e365449b9d8c8fc9feee
P1,hin_wikipedia_2021_300K,hin,L20,438,http://hi.wikipedia.org/wiki/पुरुषोत्तम_दास_टंडन,362c849f8b297fde250ce10f5b5fc3f9e1eb98619196a843274544bc7ebc45b6
P1,hin_wikipedia_2021_300K,hin,L20,439,http://hi.wikipedia.org/wiki/ब्लैकजैक,a78c664581f4cf32b1abb9a2d38de574b6f79e45739a1e699ede7bb2b271f125
P1,hin_wikipedia_2021_300K,hin,L20,440,http://hi.wikipedia.org/wiki/आदर्शवाद,49de4e1c08201919e24d2a970d456a0742f1a875ec9472ab2d2ff0713da55525
P1,hin_wikipedia_2021_300K,hin,L20,441,http://hi.wikipedia.org/wiki/रिहाना,8a4f85c7dc8ed12a93d1c1c9eba3075ca7fa9f0bd306c5c832183380adcfde73
P1,hin_wikipedia_2021_300K,hin,L20,442,http://hi.wikipedia.org/wiki/मध्य_प्रदेश_का_पर्यटन,79d14f4c5d5accede90f634f80b4f9ada0423a97c41caf6dd4bbc0444f754c84
P1,hin_wikipedia_2021_300K,hin,L20,443,http://hi.wikipedia.org/wiki/लेखाकरण,1029f764003060cc61573b0529a361aa0685052eb5fc28b4c69aac655f095e8b
P1,hin_wikipedia_2021_300K,hin,L20,444,http://hi.wikipedia.org/wiki/मूल्य_वर्धित_कर,0918aae65d08282e3a77b96d1e1d856b0d3d57e2e688838e33c4ebd851c14a7e
P1,hin_wikipedia_2021_300K,hin,L20,445,http://hi.wikipedia.org/wiki/गोकुल_सिंह,d3249058a177984ce68949851bf42554688b6eb31c8e1fd4797a744e7c3f0ca7
P1,hin_wikipedia_2021_300K,hin,L20,446,http://hi.wikipedia.org/wiki/महाभारत,329da19bcd75083a9a888c4e3c598d346f65a35cfebb01877498a6cb5ac9c07b
P1,hin_wikipedia_2021_300K,hin,L20,448,http://hi.wikipedia.org/wiki/भारत_का_आर्थिक_इतिहास,441bba818d37366933d8b69f962dab3c8579d834ccee9ae65006b5a5cf62f5c7
P1,hin_wikipedia_2021_300K,hin,L20,451,http://hi.wikipedia.org/wiki/तमिलनाडु_के_हिन्दी_भाषा_विरोधी_आन्दोलन,9731f498c6a92a23d5293a888f79ccec12823d1390aed32851a95035384d2da7
P1,hin_wikipedia_2021_300K,hin,L20,452,http://hi.wikipedia.org/wiki/पालि_भाषा_का_साहित्य,4172dcd0e612e5d0d07ee222f010c15541c8f43741d705924971a248f8b38a72
P1,hin_wikipedia_2021_300K,hin,L20,456,http://hi.wikipedia.org/wiki/चार्ली_चैप्लिन,a242e725469ae884782addef08b94c7d798f6343d5a48f1d68e02a905f2f54ae
P1,hin_wikipedia_2021_300K,hin,L20,457,http://hi.wikipedia.org/wiki/संगठनात्मक_व्यवहार,5dfc677a0d84920f998c1ebb994c0e8c9f2c0a76f6f76b38031adcf1b07d5c10
P1,hin_wikipedia_2021_300K,hin,L20,460,http://hi.wikipedia.org/wiki/ढोर,6e5ec843e12d8f6c9888ffd4e56c6bf0af2cbe3f2977bab77d30c818ae4ac618
P1,hin_wikipedia_2021_300K,hin,L20,461,http://hi.wikipedia.org/wiki/दुग्धशाला,d3b2ed393cb94bb51f45f6018361b6d94830f2b011364785a8b24fb0bf8015b2
P1,hin_wikipedia_2021_300K,hin,L20,462,http://hi.wikipedia.org/wiki/स्पा,3e3da1cd4ce4489f6491b9c18848d0503658cc9a107c6658764158449ab8d89b
P1,hin_wikipedia_2021_300K,hin,L20,463,http://hi.wikipedia.org/wiki/ऐड्वेन्चर_गेम,bb05180a39ff86d17fd078d6d1054fe6538ea5060a3e1d8c87ea185ec15e0962
P1,hin_wikipedia_2021_300K,hin,L20,466,http://hi.wikipedia.org/wiki/स्वप्न,90c417de30eb6fded9e84725ef99705552dfafbf73949d8419edd6bfbe224c2c
P1,hin_wikipedia_2021_300K,hin,L20,467,http://hi.wikipedia.org/wiki/आमेर_दुर्ग,f344d772716bd20d6a7806cebcd7616a8241f7887fa70927f786f1d0d349d798
P1,hin_wikipedia_2021_300K,hin,L20,468,http://hi.wikipedia.org/wiki/धूम्रपान,e75fd3b3d9edea4233d6d59efbb3832b587fbfcee32185ef9c258709faf070ad
P1,hin_wikipedia_2021_300K,hin,L20,469,http://hi.wikipedia.org/wiki/भारत_का_ध्वज,213a31ac2225dec90c6c4166d5eb9ed746ab3e1ab65ce267fc2a58d04ee7ec27
P1,hin_wikipedia_2021_300K,hin,L20,471,"http://hi.wikipedia.org/wiki/लुईस_माउंटबेटन,_बर्मा_के_पहले_अर्ल_माउंटबेटन",0e7a6cddcd22db38c38b58dcfa6dfcc1c82886adc9760cddda4751ad6c1728f0
P1,hin_wikipedia_2021_300K,hin,L20,472,http://hi.wikipedia.org/wiki/कार्बन_नैनोट्यूब,0fd9795d91a551d9652d4a8eb5a40eb7ed726c06d520583b1ca4d21e8baf5ec1
P1,hin_wikipedia_2021_300K,hin,L20,474,http://hi.wikipedia.org/wiki/हिमाचल_प्रदेश,c28c0edf213682c5182aac176223fd415975f3d1480ced11ca0ba7ade1c583ef
P1,hin_wikipedia_2021_300K,hin,L20,475,http://hi.wikipedia.org/wiki/अशाब्दिक_संप्रेषण,1371d7f5e37f08954560ca750a159dd80d9d695d66cd2ccd4e0c8090fca227f3
P1,hin_wikipedia_2021_300K,hin,L20,476,http://hi.wikipedia.org/wiki/भारतीय_मीडिया,a2cbb564f18af7f3e37ece904426aebb7126db76f137da56588fc2c0f72000db
P1,hin_wikipedia_2021_300K,hin,L20,477,http://hi.wikipedia.org/wiki/हैन्रिख़_हिम्म्लर,1e613b3e27bce1e3917fa5c67a7f23742e025c7f8f1e7c1b9861696e8607422a
P1,hin_wikipedia_2021_300K,hin,L20,478,http://hi.wikipedia.org/wiki/संघर्ष,78ded6384363ee19a4ca954fca3ce950bd63f8dcaaf9335f7a5a747f1dc9cbb0
P1,hin_wikipedia_2021_300K,hin,L20,480,http://hi.wikipedia.org/wiki/पंचांग_पद्धति,23bddd426430e88acf8ecea6652e0322bbd7f9216428098ec9f2f9d6453e4dfe
P1,hin_wikipedia_2021_300K,hin,L20,482,http://hi.wikipedia.org/wiki/क्रीमिया_का_युद्ध,f56e0161c5f4ff1fd027cb6c01063c3e7e811e95b82732f6d1ef9ff35f48a8be
P1,hin_wikipedia_2021_300K,hin,L20,483,http://hi.wikipedia.org/wiki/मैकलारेन_एफ1,ab8dce11123d76594e4e45cd274b6292d6e410e465b17593beed0655d6ca35cd
P1,hin_wikipedia_2021_300K,hin,L20,484,http://hi.wikipedia.org/wiki/नाइटविश,6d373597d2872e2b927c2cbe0fcfae9419a32ff3e0ce7498058dd729b43e910c
P1,hin_wikipedia_2021_300K,hin,L20,485,http://hi.wikipedia.org/wiki/डायजे़पाम,d8c779a1ca9ec399224060a53b43e10a842c49136a9e7841220e8637949b20db
P1,hin_wikipedia_2021_300K,hin,L20,486,http://hi.wikipedia.org/wiki/गायन,16961ed05db0ff7e5af50fbb68b2977bfa1fc01e54970b893c15ecb6e4208ecb
P1,hin_wikipedia_2021_300K,hin,L20,487,http://hi.wikipedia.org/wiki/चीता,e862781409eea56041ef9a0009ad76800e9a8ebd8078859957d9655c692eb0af
P1,hin_wikipedia_2021_300K,hin,L20,488,http://hi.wikipedia.org/wiki/जल_(अणु),c81fac4503f8b63838c15b90d0f672ad001450a6301c8ec90b445e754b5e0e1b
P1,hin_wikipedia_2021_300K,hin,L20,489,http://hi.wikipedia.org/wiki/नैगम_शासन,82afca2da267cfaf97aed2665c91247f3f161507682b64e3fa967976b88c3e7f
P1,hin_wikipedia_2021_300K,hin,L20,490,http://hi.wikipedia.org/wiki/मैनचेस्टर_यूनाइटेड_एफ़.सी.,16e174e3c890201a3646b226a38a6107f2676d392c0c71cfe0e47c9156ea08bb
P1,hin_wikipedia_2021_300K,hin,L20,491,http://hi.wikipedia.org/wiki/ड्रीम_थियेटर,9efaccc91d8fe65d2f9c0abf2e9aa4ef6f5fbc0e8c01ec2dc2b6dc0b7c2518f5
P1,hin_wikipedia_2021_300K,hin,L20,493,http://hi.wikipedia.org/wiki/यूनान_का_इतिहास,9c8197a5ddff48c7cb64f6b1de24f3c9c1518859798e4c4bf93019049b01b0db
P1,hin_wikipedia_2021_300K,hin,L20,495,http://hi.wikipedia.org/wiki/पाचन,9d47005760e855d5b5cd7f7b62bd7a1955d15f4b2476700568a58e6d514f46c9
P1,hin_wikipedia_2021_300K,hin,L20,496,http://hi.wikipedia.org/wiki/चीन_का_इतिहास,09589b018a4d659b7b0c642eb02c1dd35a3090393bbf507786344b470e7ece29
P1,hin_wikipedia_2021_300K,hin,L20,497,http://hi.wikipedia.org/wiki/छोटा_चार_धाम,25234d445faaf73bda26af74d1cdce64954c6c5f9f9c6d0c5c5e402ef05fe8d2
P1,hin_wikipedia_2021_300K,hin,L20,498,http://hi.wikipedia.org/wiki/बीकानेर,9255912ef2fa3ece03db5b318337e4be06f0e061ab79011b798a9e6659f3df5d
P1,hin_wikipedia_2021_300K,hin,L20,502,http://hi.wikipedia.org/wiki/रक्ताधान,4eb5895813fbf1594e4b4988995dff03f2e8ee0dcb9d903b867e8b75e09ba3ec
P1,hin_wikipedia_2021_300K,hin,L20,503,http://hi.wikipedia.org/wiki/आयुर्विज्ञान_का_इतिहास,c184495393a1c11054b5c125a54952eb9b289ef8359994c4df85130d7fdb4339
P1,hin_wikipedia_2021_300K,hin,L20,505,http://hi.wikipedia.org/wiki/गुरुदत्त_(उपन्यासकार),b3fcf02c6e9282e333c175c6a30bc7c59669814b88c3968ed902cf8b49a57b3c
P1,hin_wikipedia_2021_300K,hin,L20,507,http://hi.wikipedia.org/wiki/लाडो_2,cda79fb82ac7746a01579eaf9812188d5aabd0a1c1d09cebc568d6634c027f87
P1,hin_wikipedia_2021_300K,hin,L20,509,http://hi.wikipedia.org/wiki/निगम,e85129b7d17c36211acb8c3e726605286a8642a0a09112481f4e86d7f54ae4c9
P1,hin_wikipedia_2021_300K,hin,L20,510,http://hi.wikipedia.org/wiki/शेरलॉक_होम्स,6646bd28b829c3218871ebb84e84970c5f59c0a0910d4876b459fa11e9ad35d7
P1,hin_wikipedia_2021_300K,hin,L20,511,http://hi.wikipedia.org/wiki/अमेरिकी_क्रन्तिकारी_युद्ध,e8e352e67b807cfe3cb2b1066326167e5955690880ad47657f5407d97a97f747
P1,hin_wikipedia_2021_300K,hin,L20,512,http://hi.wikipedia.org/wiki/चार्वाक_दर्शन,6ae13481aa1c8ba0c4ba2ae3a79c5d280be2e55e2d09f1f17db95a873d31a64f
P1,hin_wikipedia_2021_300K,hin,L20,515,http://hi.wikipedia.org/wiki/विश्वज्ञानकोश,25b2acc1be99d0f4903aeb8c228c45827369189f31c24e93d94a53e224247c30
P1,hin_wikipedia_2021_300K,hin,L20,517,http://hi.wikipedia.org/wiki/चीनी_भाषा_और_साहित्य,0ae379fd1a061df8cbb1d9cd4913628139f78cdb158e9513b28d8a9966aaeeb0
P1,hin_wikipedia_2021_300K,hin,L20,520,http://hi.wikipedia.org/wiki/फ़ूड_एण्ड_ड्रग_एडमिनिस्ट्रेशन,feea542ffe6469a77477d648ac554f279749c277251df5f3e9ce0544190fb437
P1,hin_wikipedia_2021_300K,hin,L20,521,http://hi.wikipedia.org/wiki/सांकेतिक_भाषा,89283604bac95d1f03b1a6b5f48f82b928b7ca14933ad5ad09b8dd97c8d259d0
P1,hin_wikipedia_2021_300K,hin,L20,522,http://hi.wikipedia.org/wiki/ऊन,6c2b323804ae47af9882eae70ee50fd1d1137d49a7e5c4c14ae88848ed966e35
P1,hin_wikipedia_2021_300K,hin,L20,523,http://hi.wikipedia.org/wiki/खगोलीय_स्पेक्ट्रमिकी,33e760a481807f88b61b4488ebd21d69382b36f2f9036c424ebafe897060090e
P1,hin_wikipedia_2021_300K,hin,L20,527,http://hi.wikipedia.org/wiki/अमेरिकन_एक्सप्रेस,95d4850640b018d1e24d67f0d2fb37dd61f8e41cb4bbf835450c9e033d75919d
P1,hin_wikipedia_2021_300K,hin,L20,528,http://hi.wikipedia.org/wiki/वॉचमेन_(फिल्म),1444d574fb5fc240918d19dd2fb7f0d73175e56afdf802ad35d3f656cab37455
P1,hin_wikipedia_2021_300K,hin,L20,530,http://hi.wikipedia.org/wiki/अमेरिकन_एयरलाइंस,a60289a568cff0595043b45c194c2aaab25ae2170c0bd9a3c1544f4778502364
P1,hin_wikipedia_2021_300K,hin,L20,531,http://hi.wikipedia.org/wiki/उत्सर्जन_व्यापार,8201e0204ec2f22aebb949559d849c8134385bfd2c0e4c9669b595f4089e7808
P1,hin_wikipedia_2021_300K,hin,L20,532,"http://hi.wikipedia.org/wiki/चार्ल्स,_वेल्स_के_राजकुमार",cb88936fb57cbb793f542bb7874d4cf222b8110d1be3b22d94ea6b9d6bbf2c1d
P1,hin_wikipedia_2021_300K,hin,L20,533,http://hi.wikipedia.org/wiki/सफ़ेद_बाघ,42b3a1c249c4e6568a44c3a8fec5499916472fea7b6f487b0c1cb63b9fecca39
P1,hin_wikipedia_2021_300K,hin,L20,534,http://hi.wikipedia.org/wiki/महराजगंज_जिला,c9d797a683a995eb778c9306e09a971c812cd38ff618c5329beeebfd637cafa7
P1,hin_wikipedia_2021_300K,hin,L20,535,http://hi.wikipedia.org/wiki/दार्जिलिंग,c224eecf9b210b76e733df15a9ecb399147b68e09f89bda0cc975a5407eb1671
P1,hin_wikipedia_2021_300K,hin,L20,536,http://hi.wikipedia.org/wiki/गुप्त_राजवंश,7718b5faf83e33da2e8ff906e108d94e731b6d80222532d797e0248718d0402d
P1,hin_wikipedia_2021_300K,hin,L20,537,http://hi.wikipedia.org/wiki/हिन्दी_साहित्य_का_इतिहास,1b968966941eafdd61789c38ede44c39f6e7749bf2fec6d0489ec524af070415
P1,hin_wikipedia_2021_300K,hin,L20,538,http://hi.wikipedia.org/wiki/समोआ,d7871c7520d4e96bb9bfeff4216acce5f7ecec805291c53d532649dbc60b2a11
P1,hin_wikipedia_2021_300K,hin,L20,539,http://hi.wikipedia.org/wiki/मध्यकालीन_केरल,1a4956cfa09547bc16bf4a25675c0a17bc21610eb9b8f7bec5895079bf2121ff
P1,hin_wikipedia_2021_300K,hin,L20,540,http://hi.wikipedia.org/wiki/भारतीय_चुनाव,7150f3322a92d4a30022f71c7f1207e6c514a06e61ddf28f431c4b3385699b34
P1,hin_wikipedia_2021_300K,hin,L20,541,http://hi.wikipedia.org/wiki/विश्वमारी,b6dbacb63e6cd05992ad95d504816c01fda4a6bdd90d1b51505e69a0a5a9fce3
P1,hin_wikipedia_2021_300K,hin,L20,543,http://hi.wikipedia.org/wiki/चोल_राजवंश,4ed006424905d718ebd922034753e51cb2f0acfad413fa2d47fa12bec908e1f8
P1,hin_wikipedia_2021_300K,hin,L20,544,http://hi.wikipedia.org/wiki/इंद्रप्रस्थ_भारती,d19475c2190fcad24506c41cc68303e6d173597ce9f14211b22038df5155fef1
P1,hin_wikipedia_2021_300K,hin,L20,545,http://hi.wikipedia.org/wiki/ब्रज_की_नदियां,de953f88b709975e56951fd2e3b39a386787a813c0f7a6386c361a12e4e37cbf
P1,hin_wikipedia_2021_300K,hin,L20,546,http://hi.wikipedia.org/wiki/जीवाश्मविज्ञान,52cbffdce23b5bdb01c54ab752c157a44f6667fcd88d2bf37d578d3d2ec2b29e
P1,hin_wikipedia_2021_300K,hin,L20,548,http://hi.wikipedia.org/wiki/माइक_टायसन,f96872b732a2affc16b5fb0c1ecb1734000d3b39332b1af2c751b6a52b901d0c
P1,hin_wikipedia_2021_300K,hin,L20,549,http://hi.wikipedia.org/wiki/समुद्री_प्रदूषण,67b2029331ff8b5940c8aa7932175f0b0dcb7845d2d35f4c580fc196f60745ce
P1,hin_wikipedia_2021_300K,hin,L20,550,http://hi.wikipedia.org/wiki/टॉम_एंड_जेरी,97b549a9dcb3f4ca265802c604f80bca54974c8bc6648ab5fb478aba1ca62e45
P1,hin_wikipedia_2021_300K,hin,L20,551,http://hi.wikipedia.org/wiki/ऍचआइवी_परीक्षण,095135fb9a13ad9c34e428a28a63c371620e8099ce7d3b064256823286e9f737
P1,hin_wikipedia_2021_300K,hin,L20,552,http://hi.wikipedia.org/wiki/कम्मा_(जाति),ca8d2656ac8049fb47ab50a96e762eaa5f2166345d2eb23e6babff05063bfd10
P1,hin_wikipedia_2021_300K,hin,L20,553,http://hi.wikipedia.org/wiki/बायोशॉक,1042454ddb06817b6c762cbe907cd1c5c47f5abf47ec1005bfbd5e615a9cdba3
P1,hin_wikipedia_2021_300K,hin,L20,555,http://hi.wikipedia.org/wiki/चीयर्स,b664deb96b087df226653b8272040d61ab7e2d0d2379b0339ed955a35b6bc9d3
P1,hin_wikipedia_2021_300K,hin,L20,556,http://hi.wikipedia.org/wiki/मेटरनिख,2caa1d2559ab0570b4de98a9ed31b5d5931cb8846c54be8c35fa08e985303f67
P1,hin_wikipedia_2021_300K,hin,L20,557,http://hi.wikipedia.org/wiki/एबरडीन,b11c3af1da1ba898ad1e2afc52f90e5ff0c20a0eb9cd01493e00b2037797f114
P1,hin_wikipedia_2021_300K,hin,L20,559,http://hi.wikipedia.org/wiki/रायगढ़,7b1af5cade83209b8a338266605b09fe73b2529190e2de6bee0bc077f618d4bb
P1,hin_wikipedia_2021_300K,hin,L20,560,http://hi.wikipedia.org/wiki/स्वामी_रामसुखदास,632bc945c4533b0e6cd85a98055017382c78deb762a83bd340c0c3ebcc012b66
P1,hin_wikipedia_2021_300K,hin,L20,561,http://hi.wikipedia.org/wiki/द_गॉडफ़ादर,e7c2d6e971e7ad9ec2efa68e6dda96e3273e13eb43f2c2a6bc964a425b26edf7
P1,hin_wikipedia_2021_300K,hin,L20,562,http://hi.wikipedia.org/wiki/2000_के_दशक_के_उत्तरार्द्ध_की_आर्थिक_मंदी,ab8e713779cb1835aa589179c725444c3d09e16368eb515c83612a8d96aa28e3
P1,hin_wikipedia_2021_300K,hin,L20,563,http://hi.wikipedia.org/wiki/गिलमोर_गर्ल्स,12692e8e77210668c06c99a7bbe358447231241aca11b01ff5f26455dc092190
P1,hin_wikipedia_2021_300K,hin,L20,564,http://hi.wikipedia.org/wiki/जीन_चिकित्सा,98e0ab5d4be294dd113380f79ce12bb452aec1dbb3fcd4a350de1ef6e82b0e7d
P1,hin_wikipedia_2021_300K,hin,L20,565,http://hi.wikipedia.org/wiki/पेशीशोषी_पार्श्व_काठिन्य_(एमियोट्रॉफ़िक_लैटरल_स्कलिरॉसिस),bfbdde3eed7f5d7d9ff20c83208053c89d08346f3e7accd8ca79c15d5aab25d7
P1,hin_wikipedia_2021_300K,hin,L20,566,http://hi.wikipedia.org/wiki/झूठ,c049e975bad4c33f35a0c04d5536f48f8301a0a68d450b8e097e64748ae1b811
P1,hin_wikipedia_2021_300K,hin,L20,569,http://hi.wikipedia.org/wiki/मनोविदलता,d080e563637d8f1319c45eb9eb991cea54d881f783eeef7367a9e9ea43a94e94
P1,hin_wikipedia_2021_300K,hin,L20,570,http://hi.wikipedia.org/wiki/विकिपीडिया,9363a1219c2329384f8db852ea7eeda8a8dc8eac4414f080e1e00eab541a581d
P1,hin_wikipedia_2021_300K,hin,L20,571,http://hi.wikipedia.org/wiki/प्राचीन_तंत्र_साहित्य,95444f157038921dae56c4d83dc5a048926e6224e7dd06cf9641c85bd4d7bf7b
P1,hin_wikipedia_2021_300K,hin,L20,572,http://hi.wikipedia.org/wiki/बिहार_का_आधुनिक_इतिहास,1befa579b4ae67c1e974f106e7cf2692a3b189b7593bae3ba5abf1dff05d9df2
P1,hin_wikipedia_2021_300K,hin,L20,573,http://hi.wikipedia.org/wiki/सिक्किम,aec444c9be672cbf1cd06311f82bbb1db5a26b41cdc4ca4a426c9f87df3b5aed
P1,hin_wikipedia_2021_300K,hin,L20,574,http://hi.wikipedia.org/wiki/दयानन्द_सरस्वती,46541ee8730d2c9d0822fb2a92063902dd6960cee937aebfb3923e798197934e
P1,hin_wikipedia_2021_300K,hin,L20,575,http://hi.wikipedia.org/wiki/दृष्टि,597be7cec187f9a9e3c2063db6849e36a7950fb6cf4e7caa47fad5a4fc41ec2e
P1,hin_wikipedia_2021_300K,hin,L20,577,http://hi.wikipedia.org/wiki/किशोरावस्था,1356ce8cb44a0a96614602eb99b2930d55ad86c2d6d84925d5779c79e9f50b39
P1,hin_wikipedia_2021_300K,hin,L20,578,http://hi.wikipedia.org/wiki/राम,e6737a048b3034e2545b0fb45127a5204d13bbbf5187620f4e13085b8fbfba2c
P1,hin_wikipedia_2021_300K,hin,L20,582,http://hi.wikipedia.org/wiki/चीचेन_इट्ज़ा,9bfb397172d6b4e0a97d55a61e1ec1edf19c4d105db464db253ab53a8565ab30
P1,hin_wikipedia_2021_300K,hin,L20,583,http://hi.wikipedia.org/wiki/मानचित्र,e20b446dc337d7e8c924027f8c60c9f4215317d05b6317742e8382bce7e48288
P1,hin_wikipedia_2021_300K,hin,L20,584,http://hi.wikipedia.org/wiki/अष्टावक्र_(महाकाव्य),26efe9da11fba84d3d81914fe7a896d6cf0634156e5cd3064eef1710ebb94f9f
P1,hin_wikipedia_2021_300K,hin,L20,585,http://hi.wikipedia.org/wiki/ऊष्मा_विनिमायक,4e416ccd756924aa5a33d6bbdb57640016b085d58b1f2ccf5b4014441aa6a9bd
P1,hin_wikipedia_2021_300K,hin,L20,586,http://hi.wikipedia.org/wiki/धूप_के_चश्मे,c09cf775fecee1f0c82e6f58080d0fa980f16bfbf88223df5847c1e0b22a5aa7
P1,hin_wikipedia_2021_300K,hin,L20,589,http://hi.wikipedia.org/wiki/हिप्पोकैम्पस,6fbd09e0078dc2a4684127f31ad23cf6df5dbb7b2eb0d28460fe71801469fea5
P1,hin_wikipedia_2021_300K,hin,L20,590,http://hi.wikipedia.org/wiki/दीपावली,d54497e3f4c9d90da65144952dc892f89af75ee73bc3488dfc854c245f441320
P1,hin_wikipedia_2021_300K,hin,L20,592,http://hi.wikipedia.org/wiki/गर्भकालीन_मधुमेह,2efa256a7858d6a9e7f6837950831c46c5e9471877b218723c7a54ebba1cecb2
P1,hin_wikipedia_2021_300K,hin,L20,593,http://hi.wikipedia.org/wiki/यक्ष्मा,aa901e6ef8093098078fd41857a9e3afbd88dcc16b7ad82fcfd358ccdcbab9bf
P1,hin_wikipedia_2021_300K,hin,L20,596,http://hi.wikipedia.org/wiki/व्यक्तित्व,4ef2606c5e1fb10481a6f2f5c8dc3562262518db6b38a2d2db99449591af6c71
P1,hin_wikipedia_2021_300K,hin,L20,597,http://hi.wikipedia.org/wiki/काशी,db570bfa20a9a484bbdb644a69b823614924fe166989f5091dc36e69d8190159
P1,hin_wikipedia_2021_300K,hin,L20,598,http://hi.wikipedia.org/wiki/पुराण,ce8488323920547b2ff9b2914d535efb00b047cb7d843aae0e5d9b8ef0b9a48f
P1,hin_wikipedia_2021_300K,hin,L20,601,http://hi.wikipedia.org/wiki/केरल_की_चित्रकला,0e47c8a31c0e9821b81060ec2db03233331e762be630c2d3def813bbc6ffc26b
P1,hin_wikipedia_2021_300K,hin,L20,602,http://hi.wikipedia.org/wiki/मेसोथेलियोमा,c180e258ac8b84537dace3b65a06d04bfb1a49e7ccd7ea472fe3953d0c9bc88a
P1,hin_wikipedia_2021_300K,hin,L20,603,http://hi.wikipedia.org/wiki/मध्य_प्रदेश,b5e1704bc07d817fa60664deb65e31d6cc95f4a6bf8a19b1b33089967436220a
P1,hin_wikipedia_2021_300K,hin,L20,605,http://hi.wikipedia.org/wiki/शिवाजी,525b76beaf28dd72a18d6d62d1d37a094c12d5af7e23364ac30d72d955e89c6a
P1,hin_wikipedia_2021_300K,hin,L20,607,http://hi.wikipedia.org/wiki/स्वामी_विवेकानन्द,2f26732f8fc8ff54deab982d1b3e92fbb4e9cceb4cd20b971dc08821939c16a2
P1,hin_wikipedia_2021_300K,hin,L20,608,http://hi.wikipedia.org/wiki/भारतीय_अंतरिक्ष_अनुसंधान_संगठन,49cdaaa40b85f924a8f787290cb841ddaa6a62960f1d61ce77af715bfedd08dc
P1,hin_wikipedia_2021_300K,hin,L20,611,http://hi.wikipedia.org/wiki/एक्स-मेन_ऑरिजिंस:_वूल्वरिन_(फिल्म),b13040d43015327261b0d97018652316ffe97a734be6779ed7000dc2b6827c1a
P1,hin_wikipedia_2021_300K,hin,L20,614,http://hi.wikipedia.org/wiki/मैसाचुसेट्स_प्रौद्योगिकी_संस्थान,ffa05d240fac85183a8d161d853186650ef1ee929c6e0918263cee2860245438
P1,hin_wikipedia_2021_300K,hin,L20,615,http://hi.wikipedia.org/wiki/हार्ड_डिस्क_ड्राइव,efc6eca995d21e8a678aa67f7ea6e813b1d83de2d5f8574069f966a0cdac7456
P1,hin_wikipedia_2021_300K,hin,L20,616,http://hi.wikipedia.org/wiki/छठ_पूजा,1f0a415e115fd8d262d05b098d6f6fb0aa636be532583ff25e7d8e97c323d512
P1,hin_wikipedia_2021_300K,hin,L20,618,http://hi.wikipedia.org/wiki/मानव_संसाधन_प्रबंधन,b64a0a7874bf4f0a0611464eeade688b8adc4a5ca9d3fcc473adf8a6cc90422a
P1,hin_wikipedia_2021_300K,hin,L20,621,http://hi.wikipedia.org/wiki/लास_वेगास,8a89629cd06718e0e5284354642451e80c5d8343c96f2d4ef7fa37546d168810
P1,hin_wikipedia_2021_300K,hin,L20,623,http://hi.wikipedia.org/wiki/भारतीय_राजनीतिक_दर्शन,105f0647b66100668cd9aedbf1972204e5c94775e8b03e7b3e2cd8c24728dcce
P1,hin_wikipedia_2021_300K,hin,L20,625,http://hi.wikipedia.org/wiki/व्यक्तित्व_विकास,a6b3135e1e540683d10beaf9905671a3c3c9ac3433cf3e7faa3b9eb75e1c346e
P1,hin_wikipedia_2021_300K,hin,L20,626,http://hi.wikipedia.org/wiki/मानव_नेत्र,0e4c1b13088cf2aff302a8099cdd52d2b714908a0b7f10930ca6e805637d024d
P1,hin_wikipedia_2021_300K,hin,L20,630,http://hi.wikipedia.org/wiki/ब्लूज़,299695cb13ce52771ec082014ea5351cd5eb480a195aaf8e9abc60d26aa0b7e2
P1,hin_wikipedia_2021_300K,hin,L20,631,http://hi.wikipedia.org/wiki/अभिप्रेरणा,e7f4961187f1e8ba38e09c6d52c37001b4b6df6feeab203f802777b054c0e3aa
P1,hin_wikipedia_2021_300K,hin,L20,632,http://hi.wikipedia.org/wiki/कॉर्न,dae27c388e76850b44244d8eec6b141aa4416c678be1f0131967283688bb282f
P1,hin_wikipedia_2021_300K,hin,L20,634,http://hi.wikipedia.org/wiki/आत्महत्या_के_तरीके,dd5d8dff0a2adb9db1a376fd32029144f4e0f434fd800d47eec3c78a3579da6a
P1,hin_wikipedia_2021_300K,hin,L20,635,http://hi.wikipedia.org/wiki/चेन्नई,d6c6f755288988f86f258a0d84f8807dcdf9962ced846a6a392f1ce500505a92
P1,hin_wikipedia_2021_300K,hin,L20,636,http://hi.wikipedia.org/wiki/डाक_बंगला,eb13c1047cb29b0489258c96e7af3ef7ac773e2480a27cd681d0882284d2a4f1
P1,hin_wikipedia_2021_300K,hin,L20,637,http://hi.wikipedia.org/wiki/भारत_का_भूगोल,2f3cb662b820a660c2528f0c87605fec9ea10eeef7825b6d94ed4dadeb965f91
P1,hin_wikipedia_2021_300K,hin,L20,638,http://hi.wikipedia.org/wiki/लौह_अयस्क,70f9299f1293f81dcb1841d5acd4effb221ae0eab4bcb2a6cd4f712208c6530c
P1,hin_wikipedia_2021_300K,hin,L20,640,http://hi.wikipedia.org/wiki/बिहार,cae8f4efeb748daf451ed244b8a3998a01fb45c2e224a76c4b04776c81034450
P1,hin_wikipedia_2021_300K,hin,L20,641,http://hi.wikipedia.org/wiki/कृष्ण,0909e330b60171538830d9f4295c6c5e3edf7acbfc992ade4ba270b77c538215
P1,hin_wikipedia_2021_300K,hin,L20,642,http://hi.wikipedia.org/wiki/भक्तिकाल_के_कवि,7fe3856ecda3f6a05fea7c5afb4451e37d8fb0c4f5cc8a9c7e3e38902163d136
P1,hin_wikipedia_2021_300K,hin,L20,643,http://hi.wikipedia.org/wiki/गूगल,2b6bda2a01f657eefe369b96eb8f272a1d003876b78d39240726e93661c9cca1
P1,hin_wikipedia_2021_300K,hin,L20,644,http://hi.wikipedia.org/wiki/नायिका_भेद,40b5b802a3af4a2d080c5444ed51b82d5ff88b935ad79092e4ea6a386b104662
P1,hin_wikipedia_2021_300K,hin,L20,646,http://hi.wikipedia.org/wiki/ऐतिहासिक_उपन्यास,81f162c2ea557a6183d0382a70c65831b25ea331968ea2540f9a97984601937a
P1,hin_wikipedia_2021_300K,hin,L20,648,http://hi.wikipedia.org/wiki/विम्बलडन_प्रतियोगिता,6f28d101dcf403bd82c9984724ba008ef84e764201dc433a08836c4ce1fffcda
P1,hin_wikipedia_2021_300K,hin,L20,649,http://hi.wikipedia.org/wiki/पराशर_ऋषि,ff3308032ff2a15485e8b4d60b922f62f1c9d15f2ce28df5b2bd6fb6031008d1
P1,hin_wikipedia_2021_300K,hin,L20,650,http://hi.wikipedia.org/wiki/हिन्दू_देवी-देवता,9bdbb5bf07958f0dd64cd5b1c3a41252e2ae29662597953b650ca2214211cda1
P1,hin_wikipedia_2021_300K,hin,L20,652,http://hi.wikipedia.org/wiki/विक्टोरिया_सीक्रेट,e8b200f9f994275ea560027325bcfc7a5bfee8bdc6e23df6b913539e48cee686
P1,hin_wikipedia_2021_300K,hin,L20,654,http://hi.wikipedia.org/wiki/हेमोडायलिसिस,131be954281875529e0071f47dfe8cd52ad9d7cd387d4df5d9644adaab2e6fbe
P1,hin_wikipedia_2021_300K,hin,L20,655,http://hi.wikipedia.org/wiki/जॅनिफ़र_लोपैज़,1f5605d1a6dc4c8a5143588cc264947cbadec31ad688c4ccb29e0700d385838f
P1,hin_wikipedia_2021_300K,hin,L20,656,http://hi.wikipedia.org/wiki/हलवा,ae5fcb9ce919e867b50c422d0d72ec06e30961dba8fb110b87a5e3e56fb54211
P1,hin_wikipedia_2021_300K,hin,L20,658,http://hi.wikipedia.org/wiki/ट्यूरिंग_टेस्ट,b837ed0626c618b4486fcc7dc3f67d3422a30061b812dfc5b6b87a3992dd1cfc
P1,hin_wikipedia_2021_300K,hin,L20,659,http://hi.wikipedia.org/wiki/रक्त_चाप,3c81143cc51748569615bbcf4fc0d9a819e74ae6d9b09e3435639aa0203a107b
P1,hin_wikipedia_2021_300K,hin,L20,660,http://hi.wikipedia.org/wiki/न्याय_दर्शन,1278506a692e183a3b6b6bb6000ad03de12737722813c3df375e0d2a1425aa44
P1,hin_wikipedia_2021_300K,hin,L20,661,http://hi.wikipedia.org/wiki/टैंक,d7146ca7a95ee924baf9b5861753f4e1d3f30c9ae853ee54f26588ac50636fb3
P1,hin_wikipedia_2021_300K,hin,L20,663,http://hi.wikipedia.org/wiki/स्टार_वॉर्स,9769874db7f03374a80b77dd6b5a310d74ea89708816278e9fec22381a2bbc4b
P1,hin_wikipedia_2021_300K,hin,L20,665,http://hi.wikipedia.org/wiki/जल_मार्ग,df432de801e11b04f27b099593145f85fb7ecd451b5c066198d3c4252ec519ac
P1,hin_wikipedia_2021_300K,hin,L20,666,http://hi.wikipedia.org/wiki/द_लोर्ड_ऑफ_द_रिंग्स_फिल्म_ट्रिलॉजी,6aba9df9e51c4a16e27b7b6818e986dd4230a705dbadc4ebddd26fe118c6d53f
P1,hin_wikipedia_2021_300K,hin,L20,667,http://hi.wikipedia.org/wiki/बाल_विकास,c0b2e04e4690ec7ab759ac9beda70e279fd539d6503e4fe519513579f16e8820
P1,hin_wikipedia_2021_300K,hin,L20,669,http://hi.wikipedia.org/wiki/स्लमडॉग_मिलियनेयर,9a2122133393511c6afd459bb3fd43018fa91764801d7fa2fdb715b5fd0afbd4
P1,hin_wikipedia_2021_300K,hin,L20,670,http://hi.wikipedia.org/wiki/समाजवाद,0c9ca6bf4eba45a732cf381716049dea6af9c1556b6198da77ca2999ee81d687
P1,hin_wikipedia_2021_300K,hin,L20,671,http://hi.wikipedia.org/wiki/बैंक_ऑफ_अमेरिका,6b92251490c831addbfd924941afe947e39e04d8b48b862c6e2afb1485031b15
P1,hin_wikipedia_2021_300K,hin,L20,672,http://hi.wikipedia.org/wiki/अमिताभ_बच्चन,d87e444269a1dc94f9f6fd16e86aa522dfcac5841898955218439c4eee97d1ac
P1,hin_wikipedia_2021_300K,hin,L20,673,http://hi.wikipedia.org/wiki/गुहिल_राजवंश,531adf98a1998462bbb036265d3307a61c85ce7b3fc7a3d46f050e5ef27a8cba
P1,hin_wikipedia_2021_300K,hin,L20,674,http://hi.wikipedia.org/wiki/बिहार_का_प्राचीन_इतिहास,94cd7f0fed5f83744d0711155c60c5c38de58d62429778cbf0828f6bfe67ae03
P1,hin_wikipedia_2021_300K,hin,L20,677,http://hi.wikipedia.org/wiki/मानव_का_विकास,02d8267060643cc31e43f99508981df3316144bcb7b6ebe0fd1b5552a614dcbc
P1,hin_wikipedia_2021_300K,hin,L20,678,http://hi.wikipedia.org/wiki/मनुष्यों_पर_जलवायु_परिवर्तन_के_प्रभाव,9a8f1e8a6d29a5b58252a696d5238c17748e96f2d48a9051616ca8eb32415f22
P1,hin_wikipedia_2021_300K,hin,L20,679,http://hi.wikipedia.org/wiki/आर्य,3e5ec8ade3c29a6c73a15b46f7d64f8966a44923ee775da2a2cda68f5a8c4824
P1,hin_wikipedia_2021_300K,hin,L20,683,http://hi.wikipedia.org/wiki/वाराणसी_की_नदियां,df61e4887e334ee31f1c2b17e0f5b5df01a2fef521a831c749027ecccc630a80
P1,hin_wikipedia_2021_300K,hin,L20,684,http://hi.wikipedia.org/wiki/प्रिज़न_ब्रेक,3c4d5be2a74e1f1bc38de27e34b7aa497d78e946a5dd3906b03b3696d05d010f
P1,hin_wikipedia_2021_300K,hin,L20,685,http://hi.wikipedia.org/wiki/ग्रेट_एक्स्पेक्टैशन,ba42a5aa8ad8fd7aca593bff53870f0026063679e6336b69ebe5705d4f8fa2c2
P1,hin_wikipedia_2021_300K,hin,L20,688,http://hi.wikipedia.org/wiki/प्रकाश_प्रदूषण,530c3c2f09d40e93653ea249496f24313438b9bd023e2a173b8c6add6752d831
P1,hin_wikipedia_2021_300K,hin,L20,692,http://hi.wikipedia.org/wiki/मोबाइल_फ़ोन,5d53b626c5a26236b35a611412df8c6edc5c166de1591c6fac946b177e7035ab
P1,hin_wikipedia_2021_300K,hin,L20,693,http://hi.wikipedia.org/wiki/वाहन_बीमा,54b88a4649e04eddd62fd708948c6f69bddbf82dd526c44ccc2470516ab9ca94
P1,hin_wikipedia_2021_300K,hin,L20,697,http://hi.wikipedia.org/wiki/ऐलन_शियर्र,97b112f0b90337e4ee1877b172f0b0cb7c2c824e3d1d9c4020a9f6976fdc7ba6
P1,hin_wikipedia_2021_300K,hin,L20,698,http://hi.wikipedia.org/wiki/वाद्य_यन्त्र,f2e8ab337b547dfec61428adad2a2c167e26867dc468c9c7f1b4e9574e31ec33
P1,hin_wikipedia_2021_300K,hin,L20,700,http://hi.wikipedia.org/wiki/डोमेन_नाम_प्रणाली,fa2fe02f057076f20bba22ec99c5d8b3ee71b8980639a5ca891da6799dfe5666
P1,hin_wikipedia_2021_300K,hin,L20,701,http://hi.wikipedia.org/wiki/स्क्रैबल,af538bd582b91fcde8f309626e6dc1b8a65871e4695e830e84ae1204a2aa194e
P1,hin_wikipedia_2021_300K,hin,L20,702,http://hi.wikipedia.org/wiki/दुबई,0da76c8085dd64cb7cd404a00f2854cbb0cab936ac0edbdb2b1b5793759f53a4
P1,hin_wikipedia_2021_300K,hin,L20,703,http://hi.wikipedia.org/wiki/मस्जिद,58a998a12424c3849f0fba1b90d07610c8cfc0588659f76a7ee3f7ead65fbd2f
P1,hin_wikipedia_2021_300K,hin,L20,705,http://hi.wikipedia.org/wiki/आपसी_सहायता,26db702a0597f58588c3fc52bacbab778781487aa1ebea097789166c877d2623
P1,hin_wikipedia_2021_300K,hin,L20,707,http://hi.wikipedia.org/wiki/कराची,c632508f5684b54dd87ac92b3cbea85e69e7a619651a24ff515c943cec55148e
P1,hin_wikipedia_2021_300K,hin,L20,709,http://hi.wikipedia.org/wiki/तुर्की,074106596c4bed34878262c99125756d62f0033d1882808a46ff60f5f6db9f8d
P1,hin_wikipedia_2021_300K,hin,L20,710,http://hi.wikipedia.org/wiki/शोले_(1975_फ़िल्म),9e2b3d5950b2fb8ec8ad60759ab9d6ff8a4ece1ad833ece5b210ec05eebccf3f
P1,hin_wikipedia_2021_300K,hin,L20,711,http://hi.wikipedia.org/wiki/नाटक,4a315a47f0e464e0edfa0361eef4e26baac78c4e086ebb7a2eb15800494a69cb
P1,hin_wikipedia_2021_300K,hin,L20,712,http://hi.wikipedia.org/wiki/विलियम_शेक्सपीयर,cf86a90fc439efc0af8940fc8ff437107bc4752eb68643ea9ab0a429d1f43ed5
P1,hin_wikipedia_2021_300K,hin,L20,713,http://hi.wikipedia.org/wiki/ब्रेट_ली,f649756d9f5b20264df98dbbf760e29986c253ee6d3721bc18cc616e14ad1fd6
P1,hin_wikipedia_2021_300K,hin,L20,714,http://hi.wikipedia.org/wiki/रस_(काव्य_शास्त्र),e5602057b5abf005376ed928ba619e01a14080c66b5dad4902406b975549d4ed
P1,hin_wikipedia_2021_300K,hin,L20,715,http://hi.wikipedia.org/wiki/सीतामढ़ी,d42b8912527d07c544f91af3fd397457fd612adb543dfcc959def6d187b01c75
P1,hin_wikipedia_2021_300K,hin,L20,716,http://hi.wikipedia.org/wiki/बौद्ध_धर्म,8e40f1ccc99f31215460b002b59875cbfc6ec2ec2ee46f96c1af79b448b46ab4
P1,hin_wikipedia_2021_300K,hin,L20,718,http://hi.wikipedia.org/wiki/चालुक्य_राजवंश,c207507499d11bdaf6049be4d75e28384a9e526db013f9ce22c3f8d8f2bedc85
P1,hin_wikipedia_2021_300K,hin,L20,719,http://hi.wikipedia.org/wiki/भारत_सरकार_की_नई_दूरसंचार_नीति,d30993e816260a73aad5858ec786478638fd10029478eb52defcc878e69f1b29
P1,hin_wikipedia_2021_300K,hin,L20,723,http://hi.wikipedia.org/wiki/स्वच्छन्दतावाद,278af1aabfb24b0c6d8cca2630d36b143ef7fd25b4dfcf329715cdd1a912a6f7
P1,hin_wikipedia_2021_300K,hin,L20,725,http://hi.wikipedia.org/wiki/आइएसओ_९०००,120dc9a0b0d18c4e1d84c58a9523e0d0459706d9d0cbed1c844525af38fe46ef
P1,hin_wikipedia_2021_300K,hin,L20,729,http://hi.wikipedia.org/wiki/हेडफ़ोन,fea91475a2d776c32e62fee1311690f1394eed2a63cd2c03ab827fbce1a8bb01
P1,hin_wikipedia_2021_300K,hin,L20,730,http://hi.wikipedia.org/wiki/अक्रॉस_द_यूनिवर्स_(फ़िल्म),1435a9860a8942252106731189cde997e62fab5f5afe7df821bb235c4fc44dc5
P1,hin_wikipedia_2021_300K,hin,L20,731,http://hi.wikipedia.org/wiki/फ्रैंकनस्टाइन,18467980e1b76b44c2a4e7084f3016422c7825c706630242b7f63111a93b953f
P1,hin_wikipedia_2021_300K,hin,L20,733,http://hi.wikipedia.org/wiki/द_डा_विंची_कोड_(फ़िल्म),942c78099ed7548199e0a4aa456df81204a853aa4901947e78023dfa2fc5bec6
P1,hin_wikipedia_2021_300K,hin,L20,737,http://hi.wikipedia.org/wiki/साम्राज्यवाद,487a11ad4d91278ee3e74eedf7a8f8ebbfff7464e7c003e5166526fc49392df4
P1,hin_wikipedia_2021_300K,hin,L20,740,http://hi.wikipedia.org/wiki/हार्ले-डेविडसन,6e8a7c6942094990ecedd31243ade32e1f586096fda91858cf04073a1df72085
P1,hin_wikipedia_2021_300K,hin,L20,741,http://hi.wikipedia.org/wiki/शराबीपन,28d2d7752d5739a1451c2cff131ca2560fa4d4d13c2a86f1f5ff54e75aaaf869
P1,hin_wikipedia_2021_300K,hin,L20,742,http://hi.wikipedia.org/wiki/हरबर्ट_स्पेंसर,a2d8752df456bb56bb2fe0221070aacd987859f78ccd3f2a80a1a53679f3eeaf
P1,hin_wikipedia_2021_300K,hin,L20,743,http://hi.wikipedia.org/wiki/१९७१_का_भारत-पाक_युद्ध,205cfbce9dfbe302136cd527a116d030488fd427c3159d9ca4bea89b94a02290
P1,hin_wikipedia_2021_300K,hin,L20,744,http://hi.wikipedia.org/wiki/बवासीर,328b402dad25dfdac4c927b82e7cdeeabce995a92c43b826a35fea37c40bfdd2
P1,hin_wikipedia_2021_300K,hin,L20,746,http://hi.wikipedia.org/wiki/निजीकरण,020c3befedaac067c73226dba7fa84d3c88f14dc71d4e46305b623c3db93863f
P1,hin_wikipedia_2021_300K,hin,L20,747,http://hi.wikipedia.org/wiki/भारतीय_लिपियाँ,e3238701447625b2f10de6b419bac4fdc7fc5d3b812c4353b0bfa89eb77d12bf
P1,hin_wikipedia_2021_300K,hin,L20,750,http://hi.wikipedia.org/wiki/दंत_प्रत्यारोपण,e35afb1303ec69abeab96071cb697e61c74023b6189c899246b5df482db958a3
P1,hin_wikipedia_2021_300K,hin,L20,751,http://hi.wikipedia.org/wiki/द्वारका,0febb5e6f1d39b87b21e9ea2685948ea14eddae10d7fa4576892702bcbd6f44c
P1,hin_wikipedia_2021_300K,hin,L20,752,http://hi.wikipedia.org/wiki/केरल,132dc0557edb5defa4a40cbe7cf75b73ca856dbd383ebc7f6a65678d161f56df
P1,hin_wikipedia_2021_300K,hin,L20,753,http://hi.wikipedia.org/wiki/जर्मनी_का_एकीकरण,7a07133a77a9be2f2a11f6acff749afeb8feb9f98ee49c4e35b01048e5f0250f
P1,hin_wikipedia_2021_300K,hin,L20,754,http://hi.wikipedia.org/wiki/जेम्स_बॉण्ड,a51adc36d7b1f2a2347488ef4ad3e810ef24033d9b576916551601c284405741
P1,hin_wikipedia_2021_300K,hin,L20,755,http://hi.wikipedia.org/wiki/विन्डोज़_एक्स्प्लोरर_(Windows_Explorer),bd9a9fdeaa9e6829fc36bf68cfb398fb1e9ab2966921cfa9e6efc3306a454aac
P1,hin_wikipedia_2021_300K,hin,L20,756,http://hi.wikipedia.org/wiki/ब्रज_शैलीगत_क्षेत्र_विस्तार_की_द्वितीय_स्थिति,4a9d64f51ecbd2ddd5ae93190d3298ac74b45843fa60bdfe1982fbafa59b6d64
P1,hin_wikipedia_2021_300K,hin,L20,757,http://hi.wikipedia.org/wiki/२०१०,72fddc2cda211da7cc8bf85d3d3bd41992c1cdc5c28977c7ddc4084870622238
P1,hin_wikipedia_2021_300K,hin,L20,760,http://hi.wikipedia.org/wiki/दत्तोपन्त_ठेंगड़ी,8ef9d5a99a0c877f770b3eecc2939ce09342447cc3c97c714215926b21689762
P1,hin_wikipedia_2021_300K,hin,L20,761,http://hi.wikipedia.org/wiki/निर्वाण,6723ec56b41114dddd127fbe1e17b655106091f93dde6d0e1876aabb52012ccf
P1,hin_wikipedia_2021_300K,hin,L20,762,http://hi.wikipedia.org/wiki/संज्ञानात्मक_असंगति,3d3a042e9d8569239eead7c97c1c43e095939f7380efa0b9c1b5119ec1d21e7a
P1,hin_wikipedia_2021_300K,hin,L20,763,http://hi.wikipedia.org/wiki/हेनरी_मरे,57448a0fe5f559324a0ee6552f12b732704896b642c231d6707dce6270f02dc6
P1,hin_wikipedia_2021_300K,hin,L20,768,http://hi.wikipedia.org/wiki/संवेग_(भावना),eb78019e2a6facc5e650cb7a1c094710152e4b8418b21184583a7c73da7a7989
P1,hin_wikipedia_2021_300K,hin,L20,770,http://hi.wikipedia.org/wiki/ऐलिसेज़_एड्वैन्चर्स_इन_वण्डरलैण्ड,e77b08b987c658a63cde629d46d80bbc3754315a698273f5feef375176956c49
P1,hin_wikipedia_2021_300K,hin,L20,771,http://hi.wikipedia.org/wiki/दम्माम,d509b000b976f5b2c5d5d51dfaae5365856a6f8294540f4512ca6d84f37c3404
P1,hin_wikipedia_2021_300K,hin,L20,773,http://hi.wikipedia.org/wiki/वानूआतू,428f683347668d711eb79b754e8b5ee2742e37818c81a26f41243f09fc2e504f
P1,hin_wikipedia_2021_300K,hin,L20,775,http://hi.wikipedia.org/wiki/आयरन_मेडेन,3e05577036f8bccc8b89042316069484eef52e7d370be70c1bca6b96e2d138ba
P1,hin_wikipedia_2021_300K,hin,L20,776,http://hi.wikipedia.org/wiki/डिजिटल_कैमरा,2d9c0166066cbc1374b426852fb4720c409d71765b992864fcd0fa55fa473f32
P1,hin_wikipedia_2021_300K,hin,L20,777,http://hi.wikipedia.org/wiki/रुडयार्ड_किपलिंग,c028f02e443934bcbeceb5ab0183febdda9ce4c2916cb83bec13d256592f1484
P1,hin_wikipedia_2021_300K,hin,L20,779,http://hi.wikipedia.org/wiki/समर_कैम्प_(ग्रीष्मकालीन_शिविर),1fe0455a83b54848bd03521d83fdeedaabe6998a33d08d6ffaef8720039b6c1a
P1,hin_wikipedia_2021_300K,hin,L20,780,http://hi.wikipedia.org/wiki/डेंगू_बुख़ार,4a7b6df881333b22aeadc6ed68e72bcb460557bad7af50405fcf4f549d6028ae
P1,hin_wikipedia_2021_300K,hin,L20,781,http://hi.wikipedia.org/wiki/लिनेन,7b5744706859863afdb483a385d4def86843105f1f04b675e8dfda0092fef108
P1,hin_wikipedia_2021_300K,hin,L20,782,http://hi.wikipedia.org/wiki/पेंगुइन,039f72408e88c32f1b28f80f6dff9616806b60e1ceb4b2746a71ae7ff79e8050
P1,hin_wikipedia_2021_300K,hin,L20,783,http://hi.wikipedia.org/wiki/चीनी_मार्शल_आर्ट,7d3b4712937b84aa2d90f2a33aac7d0ad22d3d610f8f9a37b3f7c151f88fbf47
P1,hin_wikipedia_2021_300K,hin,L20,785,http://hi.wikipedia.org/wiki/षड्यन्त्र_का_सिद्धान्त,3a85c59173ceb1ed3bb4c170d8c1967da38c60e8bacbbc664abca83d84cc4305
P1,hin_wikipedia_2021_300K,hin,L20,787,http://hi.wikipedia.org/wiki/बस्ती_जिला,748c71772087aeec8b54df3eec714654d291780d9c0fda9de21c8536b826acdb
P1,hin_wikipedia_2021_300K,hin,L20,789,http://hi.wikipedia.org/wiki/प्रतिपिंड,480facb0e134b1585fd87eba795c083e4112cc00b7bc9be69f05d26a3aab3b4f
P1,hin_wikipedia_2021_300K,hin,L20,790,http://hi.wikipedia.org/wiki/आदि_शंकराचार्य,13ecac78dffcfc22f3df24aa0022cb07bc20e0a2bbf45341d2937c1996889aec
P1,hin_wikipedia_2021_300K,hin,L20,791,http://hi.wikipedia.org/wiki/देवनागरी_का_इतिहास,bddac8fec6d0ea8890818a074899d45111580ecd0745b741eaf97779f4ad28d0
P1,hin_wikipedia_2021_300K,hin,L20,792,http://hi.wikipedia.org/wiki/बिहार_में_पर्यटन,40f5e9342b69721da54adc2a36c17df90f49c5fcae776ab31b0d5ca6951f40a0
P1,hin_wikipedia_2021_300K,hin,L20,793,"http://hi.wikipedia.org/wiki/श्रीनगर,_जम्मू_और_कश्मीर",435df1218cc361fdcef983f8f890fd0b8eef649ff778d1016cb106ec783a5c6d
P1,hin_wikipedia_2021_300K,hin,L20,795,http://hi.wikipedia.org/wiki/ऊष्मा,57eb0f727405f7380402e9a6397e8979b2ae99b7c2b3174c9fe1567e1b955084
P1,hin_wikipedia_2021_300K,hin,L20,796,http://hi.wikipedia.org/wiki/संबद्ध_विपणन,a81344ebb0484d62a7f352c802d2495e27d966d721ac1082c578a67f37653ca3
P1,hin_wikipedia_2021_300K,hin,L20,797,http://hi.wikipedia.org/wiki/गंगा_नदी,1726765f47c621629dd6fb08d448dee2a4f5da0579473580a3c6507918a6a953
P1,hin_wikipedia_2021_300K,hin,L20,799,http://hi.wikipedia.org/wiki/प्रेयोक्ति,e2ee1fc824cdcd34fb3c4a279ef9e0eb1c189fc17a8dc0d68a9b7fc4c61f1599
P1,hin_wikipedia_2021_300K,hin,L20,800,http://hi.wikipedia.org/wiki/स्पेक्ट्रोस्कोपी,5462358a3486db1781ac6510731709fe3dcc753b3aad8368829ef0c0b1a9c742
P1,hin_wikipedia_2021_300K,hin,L20,803,http://hi.wikipedia.org/wiki/जन्माष्टमी_व्रत_कथा,22034660e06ce6a698e5b364967a874686399590d02eca559f0cd016631a5efd
P1,hin_wikipedia_2021_300K,hin,L20,805,http://hi.wikipedia.org/wiki/लिम्प_बिज़किट,4e564d7d5596a85e9988b6422bc11f8a32ab101c0b09ec12729248385d56b471
P1,hin_wikipedia_2021_300K,hin,L20,806,http://hi.wikipedia.org/wiki/हेच_-1बी_वीज़ा,cda7a88d1afc32a5c3b9469f4e03b01934ba87f33fd30bc9bed201fd71f18787
P1,hin_wikipedia_2021_300K,hin,L20,808,http://hi.wikipedia.org/wiki/उद्यम_सामग्री_प्रबंधन_(एंटरप्राइज़_कंटेंट_मैनेजमेंट),e48c12eb374a6071fc0c083ee2afdce3e47f7ed49e8743ea841df285a4f7377c
P1,hin_wikipedia_2021_300K,hin,L20,809,http://hi.wikipedia.org/wiki/स्प्रेडशीट,060e9fef3f619645aa26b003b00dc2279be5948a3740bdc300e1fb40f8485ed6
P1,hin_wikipedia_2021_300K,hin,L20,810,http://hi.wikipedia.org/wiki/सेवाभिमुख_आर्किटेक्चर_(Service-oriented_architecture),4b2598bcb70cb7ec9ac2d86e222cf81e3029d079b032b21bd1769a5d238cf253
P1,hin_wikipedia_2021_300K,hin,L20,811,http://hi.wikipedia.org/wiki/लॉर्ड_वोल्डेमॉर्ट,488a352c87c6f7751ec9417e6eb90fc18efb505ee7752d1eab8f9561569a801b
P1,hin_wikipedia_2021_300K,hin,L20,813,http://hi.wikipedia.org/wiki/स्क्वैश_(खेल),353dd514d1da209f30f894be0ce1de0cf64faf9d07f0c18b8f4bea66c5cf63a6
P1,hin_wikipedia_2021_300K,hin,L20,815,http://hi.wikipedia.org/wiki/बोधगया,56999e4c40535df05e9562fd8319eb470293d458b049a26f714cd763beea4f67
P1,hin_wikipedia_2021_300K,hin,L20,816,http://hi.wikipedia.org/wiki/ईसाई_धर्म_का_इतिहास,734a4c4597b42ab4d6508fef5f2b8708c5b7914b8652be84fe99776940489759
P1,hin_wikipedia_2021_300K,hin,L20,817,http://hi.wikipedia.org/wiki/बियर,1dd2e001bfc1fc7afacfd4dff03e2818dbb3743de5a6f8bbdb6b8c5695d018f5
P1,hin_wikipedia_2021_300K,hin,L20,819,http://hi.wikipedia.org/wiki/एलिस_इन_चेन्स,d4fb07444c79d043b18479728751781930f3243591da1b29a1252bfa74195951
P1,hin_wikipedia_2021_300K,hin,L20,820,http://hi.wikipedia.org/wiki/सरगुजा_जिला,72f48bf0c385de9db7f7fdde0d262936607d72bf6c5e72d5b39354410bbc6ba0
P1,hin_wikipedia_2021_300K,hin,L20,821,http://hi.wikipedia.org/wiki/भारतीय_गणित,881ae0389a37e1b6d35bdfdbec0453553db0140bca42c5755deff429b6a53c1b
P1,hin_wikipedia_2021_300K,hin,L20,822,http://hi.wikipedia.org/wiki/सत्य,75ec40a701efc842d9d9814b3f052898aba0851e07fd27aec073e8fadbcf8ae8
P1,hin_wikipedia_2021_300K,hin,L20,823,http://hi.wikipedia.org/wiki/स्पाइडर-मैन:_फार_फ्रॉम_होम,d830227e89108bb9625c8352d6c07b25b13d5ec7048ac65fe22a3be895f3a4fc
P1,hin_wikipedia_2021_300K,hin,L20,825,http://hi.wikipedia.org/wiki/डिएगो_माराडोना,c272f7bb39ac3cbf45c184e740684bc7e4da16c34ad95bba33498f39ad719fbb
P1,hin_wikipedia_2021_300K,hin,L20,827,http://hi.wikipedia.org/wiki/नीतिशास्त्र,9a4e2e610157361d46674f67b6e74aad5ec47cf6f8256cced9ff5e1dc8cf9dc6
P1,hin_wikipedia_2021_300K,hin,L20,829,http://hi.wikipedia.org/wiki/महिला,b29e850a6882dc3a258e1a94ea6d3b35b56bfced7d3f4d9d22abfcbcff418f9b
P1,hin_wikipedia_2021_300K,hin,L20,830,http://hi.wikipedia.org/wiki/अप्रैल_फूल_दिवस,e79a70d578debf994d781d4e00ff7346bdd746b92bb52080d239eaa69c2880f1
P1,hin_wikipedia_2021_300K,hin,L20,832,http://hi.wikipedia.org/wiki/गुड_फ़्राइडे,67c55a2f8dce2454f1409288e5adb728fe173e6b24496a4690b3e593b88d4091
P1,hin_wikipedia_2021_300K,hin,L20,834,http://hi.wikipedia.org/wiki/तुलसीदास,42f05dff9310ba1208b411a5534fc9149b78317b1b249532e63bbd52bd2f0510
P1,hin_wikipedia_2021_300K,hin,L20,835,http://hi.wikipedia.org/wiki/इस्लाम,8e60c1adfbe90bee2a25836fc3dbd1894da32fc579b004bbe7a83c2081ae3d57
P1,hin_wikipedia_2021_300K,hin,L20,838,http://hi.wikipedia.org/wiki/भारतीय_क्रिकेट_टीम_का_ऑस्ट्रेलिया_दौरा_1947-48,19d06e41a9cc5de3c4a90e59a064cd4827071c7bffffc9b2a6129a164fbe3074
P1,hin_wikipedia_2021_300K,hin,L20,840,http://hi.wikipedia.org/wiki/प्लेयरअननोन्स_बैटलग्राउंड्स,5c37d32cfebed0c684453a32efbfcf43a8b310820055e276bb6375ea1915df04
P1,hin_wikipedia_2021_300K,hin,L20,841,http://hi.wikipedia.org/wiki/मरुस्थलीकरण,a85d5cc10a64848a3c62590bebdd35ab75bb640b0ab32e8752081f1fd94d2f0c
P1,hin_wikipedia_2021_300K,hin,L20,842,http://hi.wikipedia.org/wiki/कैफ़ीन,854fce5d123727fe1d8e0ee052d4d64103dcec11d807dd136d3f1efdd0ba7b75
P1,hin_wikipedia_2021_300K,hin,L20,843,http://hi.wikipedia.org/wiki/सैल्मन,9cc2976b67b69fa3182cc961bc3beca65f14214d09b18fedb0bd6a2668f78ca7
P1,hin_wikipedia_2021_300K,hin,L20,844,http://hi.wikipedia.org/wiki/राममनोहर_लोहिया,eca61b3d5d28bc1050e0c9fcadb04fe12846b2a001e4700a8909e6dbd0158e28
P1,hin_wikipedia_2021_300K,hin,L20,845,http://hi.wikipedia.org/wiki/वैश्वीकरण,71abe6eba1b15be85e7340256d09d00da6c0943eb05c62758fabf194fdcd2a47
P1,hin_wikipedia_2021_300K,hin,L20,847,http://hi.wikipedia.org/wiki/बैठक,834d0bf39d3e78f87e856f5b96c91ef203bb0529bc1ef5da416f984671679d27
P1,hin_wikipedia_2021_300K,hin,L20,848,http://hi.wikipedia.org/wiki/एल्युमिनियम,bbe0379aad68392ced564e7c1723e8b7dc793077775a48ab7d9716b40f3519c2
P1,hin_wikipedia_2021_300K,hin,L20,849,http://hi.wikipedia.org/wiki/मुनि_की_रेती,f6fe56abbe04bd0c58c5228ac28e036ec3c1bbe4d3f42635a079ad5f2ea6349d
P1,hin_wikipedia_2021_300K,hin,L20,850,http://hi.wikipedia.org/wiki/भारतीय_ज्योतिषी,37cb3f10d89cf3e6c4e597f997d47ef8b01e36c45880b122c2a6f601be5335dc
P1,hin_wikipedia_2021_300K,hin,L20,851,http://hi.wikipedia.org/wiki/डॉ._रेड्डीज_लेबोरेटरीज,8ab8c8aef57351494e71d826e9ef5eff27eecb51a01a5b9fbe3544627a042c6b
P1,hin_wikipedia_2021_300K,hin,L20,852,http://hi.wikipedia.org/wiki/प्रतिजैविक,c1a6c78899cea59254b225f41508101d4eb703b133a50320fbe4598d4fbee03c
P1,hin_wikipedia_2021_300K,hin,L20,853,http://hi.wikipedia.org/wiki/भारतीय_वायुसेना_का_इतिहास,bde113d8f6627e51cdd6fccb1c321de9037c606ba836de78ee82e11d4bef19f3
P1,hin_wikipedia_2021_300K,hin,L20,854,http://hi.wikipedia.org/wiki/स्वामी_गोविंदानंद_तीर्थ,1e413c3175cc9b400f04233cc2c54b8073460872e525c183bf2a93c081ab68be
P1,hin_wikipedia_2021_300K,hin,L20,855,http://hi.wikipedia.org/wiki/एकॉन,b109282c67ef5a4506e3d2633fec69e75e66a8d6c632d42c63eaa17a7c506f3f
P1,hin_wikipedia_2021_300K,hin,L20,856,http://hi.wikipedia.org/wiki/मुहिबउल्लाह_इलाहाबादी,2404ae754f4a6ad73d43a46c7f40e851c4d54749ae0202f072e85cddba57f0c5
P1,hin_wikipedia_2021_300K,hin,L20,857,http://hi.wikipedia.org/wiki/रीज_विदरस्पून,371fc815acfab6ce0b3cc5557aa31201e4b311c50f3efd9375a092a1c7d7ea16
P1,hin_wikipedia_2021_300K,hin,L20,858,http://hi.wikipedia.org/wiki/ओदिसी,5265ce54196f2fac0f4bbb385e31bfa54fc3afb758fe3fcbe92ecafafdb9fc9c
P1,hin_wikipedia_2021_300K,hin,L20,859,http://hi.wikipedia.org/wiki/ट्विस्टर_(1996_फ़िल्म),b4b1d720a8438836e97cfc64e6d184694a421859c0d8147776f5be341d4c5e8c
P1,hin_wikipedia_2021_300K,hin,L20,861,http://hi.wikipedia.org/wiki/कप्तान_जैक_स्पैरो,f1697a1b40b45e62a580eda59688b73faa29e60d66d36634ca2a875d822855a5
P1,hin_wikipedia_2021_300K,hin,L20,862,http://hi.wikipedia.org/wiki/बैक_टू_द_फ़्यूचर,4ed9e7d1700e48946126e8cc5a2ef3695b27c26b6a6440c6d9e6c225ed28df0b
P1,hin_wikipedia_2021_300K,hin,L20,864,http://hi.wikipedia.org/wiki/ब्रॉक_लेसनर,b6cf9cc0dfc6ad1e0bfc3428171d721c35154b8665097990b97a937932c69fc7
P1,hin_wikipedia_2021_300K,hin,L20,865,http://hi.wikipedia.org/wiki/तमिलनाडू_के_नवग्रह_मंदिर,36d01675f1a9bed43acf1457dcda0d07c5c93740acbd36992fd3ac74a58bf2d6
P1,hin_wikipedia_2021_300K,hin,L20,867,http://hi.wikipedia.org/wiki/शिलांग,2b08f368bf64e5931ab57555260eb7e3c9c28aabcb1f3bacb3658cf01f264181
P1,hin_wikipedia_2021_300K,hin,L20,868,http://hi.wikipedia.org/wiki/हृदयाघात,bf5a0fa995fe18f7cf2a5968d6b8ee025b11759ad474d46be1008234aa70faa7
P1,hin_wikipedia_2021_300K,hin,L20,869,http://hi.wikipedia.org/wiki/एना_कोर्निकोवा,c0fdd585b8fd59b0526a71cfa105a0a189fd11043726df9b866e67d95bdd349e
P1,hin_wikipedia_2021_300K,hin,L20,870,http://hi.wikipedia.org/wiki/ग्रैण्ड_थैफ्ट_ऑटो_(शृंखला),bacb4d53e55381cfc63ad8f6217c985e2be1093587292394e4800eafa373b0d2
P1,hin_wikipedia_2021_300K,hin,L20,871,http://hi.wikipedia.org/wiki/क्रिकेट_के_नियम,0193e4a7d5e7472c249b2f4742de5d538008722639e4194d48054c7836aaf4af
P1,hin_wikipedia_2021_300K,hin,L20,872,http://hi.wikipedia.org/wiki/भारतीय_नौसेना_अकादमी,2c7b4354017d0af34f51be22aead70d1955ec662c32d725bf0ba346b56306504
P1,hin_wikipedia_2021_300K,hin,L20,873,http://hi.wikipedia.org/wiki/विज्ञापन,ccb36d631f5ea7a141a6e4789cc88c84668e9aa30ab2a3a9410825835b91b30c
P1,hin_wikipedia_2021_300K,hin,L20,875,http://hi.wikipedia.org/wiki/सत्यजित_राय,b62305445b0f42d603353ad75f86040d59cc6ba7d194d1200f82301c2d4cb3dd
P1,hin_wikipedia_2021_300K,hin,L20,878,http://hi.wikipedia.org/wiki/भारतीय_थलसेना,004b775c3b798e8c038762608ed4f383c725a67e64af6bb8190b1b7943a86d96
P1,hin_wikipedia_2021_300K,hin,L20,879,http://hi.wikipedia.org/wiki/न्याय_(दृष्टांत_वाक्य),d9af1235df17d821ee76416ee64220738c2c93c3a1e7c802e936ad3c4ec0235a
P1,hin_wikipedia_2021_300K,hin,L20,880,http://hi.wikipedia.org/wiki/मराठी_साहित्य,3f4520427371a042e4c55b4d62465f77bea101f15772f2ecacab8f5d55b8d3aa
P1,hin_wikipedia_2021_300K,hin,L20,881,http://hi.wikipedia.org/wiki/एप्पल_इंक॰,983a178251748b08454f207f1de27c25c15cde63e1d6e0d709fe9818dc3beaa5
P1,hin_wikipedia_2021_300K,hin,L20,884,http://hi.wikipedia.org/wiki/यकृत_शोथ,a8f7c45eeca89a21b1b9e303e352565512ed7b0890da44548d37482ee57399dc
P1,hin_wikipedia_2021_300K,hin,L20,885,http://hi.wikipedia.org/wiki/सोलोमन_द्वीप,74602a4ac5d9e8a94970cebdeea86e2e565d673b37207a5684f36dd465b65ed7
P1,hin_wikipedia_2021_300K,hin,L20,886,http://hi.wikipedia.org/wiki/मानवतावाद,f19d6841da1c5c169c17da758727f263e587408754f789ba72121687e88a930a
P1,hin_wikipedia_2021_300K,hin,L20,887,http://hi.wikipedia.org/wiki/शाकम्भरी,efac6622842c1f5ee8fea8b5d96df035777da9ece857bd87605f6e397eec5c30
P1,hin_wikipedia_2021_300K,hin,L20,889,http://hi.wikipedia.org/wiki/अंग्रेजी_नाटक,0e4c6909e68e1adc6aaa79186566bb3e69a7f93c587d50395dfd41354d51c541
P1,hin_wikipedia_2021_300K,hin,L20,891,http://hi.wikipedia.org/wiki/चूड़ाकर्म_संस्कार,10d8bcb9eb9bd84245dfce7ef69fc54778a63160cd85cdfbf83237d5ddafe3d5
P1,hin_wikipedia_2021_300K,hin,L20,892,http://hi.wikipedia.org/wiki/धर्मसूत्र,bf22b469c227fe9b3dbd5878bde63f18a3fdd52bf8ccd21b511285077fb023a0
P1,hin_wikipedia_2021_300K,hin,L20,894,http://hi.wikipedia.org/wiki/बीबीसी_वर्ल्ड_सर्विस,46f434ed99438408b81ad93767bbfd204b5da3f3b1a519bfc9299d029192606d
P1,hin_wikipedia_2021_300K,hin,L20,895,http://hi.wikipedia.org/wiki/ली_कोर्बुज़िए,d0e65cd3753c7c2cf0418af7011e44e06499e84de0ae323a8446cfc6546a1f5b
P1,hin_wikipedia_2021_300K,hin,L20,896,http://hi.wikipedia.org/wiki/वोदका,0c626b12fca2d7682333dc81f681ee29ad0cbf831833f236a14293b35b621d1b
P1,hin_wikipedia_2021_300K,hin,L20,899,http://hi.wikipedia.org/wiki/चिड़ियाघर,1cbc88edcc3b9d11518e1a01d788c2120f08c347a68a68e6b36ced389dbe3d97
P1,hin_wikipedia_2021_300K,hin,L20,900,http://hi.wikipedia.org/wiki/द_किंग्स_स्पीच,5cfc65f6b97f1b2c6d6e9260e2dec7aec1a24d357c27105aeafb994e6baa303f
P1,hin_wikipedia_2021_300K,hin,L20,901,http://hi.wikipedia.org/wiki/कृत्रिम_पेसमेकर,20cf2b75851a3fb79a7b23d07e98ca3756310ac3805f2cb7b0754b8ef1df3488
P1,hin_wikipedia_2021_300K,hin,L20,904,http://hi.wikipedia.org/wiki/जुडास_प्रीस्ट,5b344d3df4278eb3632e9d31a13d4c722cf22483d8e029bc47905a636d4ac88a
P1,hin_wikipedia_2021_300K,hin,L20,906,http://hi.wikipedia.org/wiki/एयर_इंडिया_फ़्लाइट_182,9da61161cbc974ff7644223281faa540ece542bec404dd4673d89f264c27c861
P1,hin_wikipedia_2021_300K,hin,L20,909,http://hi.wikipedia.org/wiki/टूल_(बैंड),ba1f8dba947a96c79f9518f71e64203d84cd88c190c80a04961e9294798b0bef
P1,hin_wikipedia_2021_300K,hin,L20,910,http://hi.wikipedia.org/wiki/स्कॉच_व्हिस्की,b49d20fa766477e9f048a2b3435dffca45cf8526e517dfd8990b2422a1ce25c6
P1,hin_wikipedia_2021_300K,hin,L20,911,http://hi.wikipedia.org/wiki/पश्चिमी_संस्कृति,80f4ab7d98bef51a33fec69a163f97c4c553680d8fb20e767cb3646076f31ee2
P1,hin_wikipedia_2021_300K,hin,L20,912,http://hi.wikipedia.org/wiki/मानसिक_विकलांगता,9cfb9fa6656bee49def43c3db395facde1fac3ec8a9b806b85af7336553600a1
P1,hin_wikipedia_2021_300K,hin,L20,916,http://hi.wikipedia.org/wiki/SAT_(सैट),c92d52de204981f2e24c907b05388a0dfb99e9a164156888bfa7edc7b8e2c59a
P1,hin_wikipedia_2021_300K,hin,L20,917,http://hi.wikipedia.org/wiki/हेपेटाइटिस_बी,25335c19828815ea8b0eeb2fbcd83fdbc2b518a589e0244316d585f5eb1c298d
P1,hin_wikipedia_2021_300K,hin,L20,918,http://hi.wikipedia.org/wiki/कावासाकी_रोग,42bcc11995decf6251fef96dbfe4b0696c5ec7d77aef4c0be3126225d370852d
P1,hin_wikipedia_2021_300K,hin,L20,919,http://hi.wikipedia.org/wiki/मुद्रा_(करंसी),b573c014d0aaf3d07b5bb1274aafc54c18ebbb191b65a8d88656aceb8e9e3fa5
P1,hin_wikipedia_2021_300K,hin,L20,921,http://hi.wikipedia.org/wiki/बाँस,03930856f8020f73783eb657f2a3c6f9fad4c1732614976c7573ba9897aa1bbd
P1,hin_wikipedia_2021_300K,hin,L20,923,http://hi.wikipedia.org/wiki/परिसंचरण_तंत्र,fad82977d6efddad96fe8655309f36bf63f2a5f53c024deb63ab324bbebacd80
P1,hin_wikipedia_2021_300K,hin,L20,924,http://hi.wikipedia.org/wiki/प्राचीन_भारत_की_आर्थिक_संस्थाएं,753ffd35992ece598da82eb70cae5f8ce2af0458524f75fbeace9a12051fa14c
P1,hin_wikipedia_2021_300K,hin,L20,927,http://hi.wikipedia.org/wiki/जेनोबिया,b578beb6ea285c936caa27610f2680499d06d5001c158fb1bb6ea5089b2d694f
P1,hin_wikipedia_2021_300K,hin,L20,928,http://hi.wikipedia.org/wiki/प्राकृतिक_चिकित्सा_का_इतिहास,9cfec500c4a8ee06bf61aa6b67ecd9287c8185a4fe15ff2ff59a0393e1212044
P1,hin_wikipedia_2021_300K,hin,L20,929,http://hi.wikipedia.org/wiki/ब्याज,9b632ff415c209e9d84be2dbd9f9a024b249684c0779e6c5e9cd8e64357a398a
P1,hin_wikipedia_2021_300K,hin,L20,930,http://hi.wikipedia.org/wiki/रेब,93a5b066d9097b52a9770281f08f773bcbc4f942d1bdce13a6719b99a13da9b3
P1,hin_wikipedia_2021_300K,hin,L20,931,http://hi.wikipedia.org/wiki/इस्पात,340f5452656042bbac108abfdabf7f4dfc78b7126b0bb96afa8f03b9cd9364b2
P1,hin_wikipedia_2021_300K,hin,L20,932,http://hi.wikipedia.org/wiki/जॉन_रॉबर्ट्स,338376cf49dcef636761389aea878145ec53cdaf188bbd7989daffe8d6bc4a85
P1,hin_wikipedia_2021_300K,hin,L20,933,http://hi.wikipedia.org/wiki/पासवर्ड_(पारण_शब्द),3d44096e43791e44c552823ba8ae6dcd094d6d95e09234365ef6cadce654e0c8
P1,hin_wikipedia_2021_300K,hin,L20,934,http://hi.wikipedia.org/wiki/प्रकृतिवाद_(दर्शन),bcb78d57928d3695b4a7eeac91b8316b9af65e20716e02731a57f3ddb4baf4fc
P1,hin_wikipedia_2021_300K,hin,L20,935,http://hi.wikipedia.org/wiki/नरेन्द्र_कोहली,e33d61af6f7215befc49de6439c6c5c7699407669baedf656ce801dd912cbfb8
P1,hin_wikipedia_2021_300K,hin,L20,936,http://hi.wikipedia.org/wiki/सुलतानपुर_जिला,dc356714363ad4771968ca81c7d8d5f35efa32012df10af5095c6cd24a4bc4b3
P1,hin_wikipedia_2021_300K,hin,L20,937,http://hi.wikipedia.org/wiki/चित्रशाला,6af0ef49f66183a8456fd7f91899c26273d7e3c1e9b311f982786e4d68c8c62b
P1,hin_wikipedia_2021_300K,hin,L20,938,http://hi.wikipedia.org/wiki/गुर्जर-प्रतिहार_राजवंश,62e6d29f633923e2c93856a036f719b183e25f4ec10a75a5568dcd95bad242a5
P1,hin_wikipedia_2021_300K,hin,L20,939,http://hi.wikipedia.org/wiki/प्रथम_विश्व_युद्ध_के_दौरान_भारतीय_सेना,5e595af487b0347d5a1a154c082d525f626877275af6d464247e93433079d068
P1,hin_wikipedia_2021_300K,hin,L20,941,http://hi.wikipedia.org/wiki/बद्रीनाथ_मन्दिर,a8358b5d842f58c4e4d62651b5524b954df42b74c699a9994c8c67082ffb6bd7
P1,hin_wikipedia_2021_300K,hin,L20,942,http://hi.wikipedia.org/wiki/भारतीय_गणित_का_इतिहास,07ef2a0645b43453bd99e920c4f9682354a88cea8080e49bfe7d68a00d3638a4
P1,hin_wikipedia_2021_300K,hin,L20,943,http://hi.wikipedia.org/wiki/ब्रिटिश_काउंसिल,ca6a717fce14760549da82d632dc8c3df9406ff2202b08be6eedb803bdf70c42
P1,hin_wikipedia_2021_300K,hin,L20,944,http://hi.wikipedia.org/wiki/अतीन्द्रिय_ज्ञान,7c951761c810dfbe217d7f1867517bb905e81a7d4922320869076180c45467ae
P1,hin_wikipedia_2021_300K,hin,L20,945,http://hi.wikipedia.org/wiki/छत,6b9bdddaa5cb7b1c57917ac70189ba06fa7069e318d384e0f0330810fca96682
P1,hin_wikipedia_2021_300K,hin,L20,948,http://hi.wikipedia.org/wiki/महाभारत_भाग_१०,d5d53f0803d5b517df482ac98619d6350a880797be8bc018e0777f3dc3d5ca4e
P1,hin_wikipedia_2021_300K,hin,L20,950,http://hi.wikipedia.org/wiki/हैल_बेरी,41a17b8498d510f70f0a0b95e05855ba68d53169fca5c05f4563127e3fd803ff
P1,hin_wikipedia_2021_300K,hin,L20,951,http://hi.wikipedia.org/wiki/एऍसपी.नेट,f479af0c813e354741ffad77fa4f0e45fdd4986ba8d4e1341801452ea0438ed3
P1,hin_wikipedia_2021_300K,hin,L20,953,http://hi.wikipedia.org/wiki/जोशीमठ,d88db86dddbcf071dad65d7b847326bae4bf6d497861ecb5890f674c4feff4cd
P1,hin_wikipedia_2021_300K,hin,L20,954,http://hi.wikipedia.org/wiki/विक्टोरिया_बेखम,7c7283d34b0a61322f86de7005fda894414725b5f621b42a48fe79f0ef15e913
P1,hin_wikipedia_2021_300K,hin,L20,955,"http://hi.wikipedia.org/wiki/गोल्ड_कोस्ट,_क्वींसलैंड",0b640a13fa4da7acc2b8d072c17fee044c8e487d8cf2df7915902b179ffdc7e2
P1,hin_wikipedia_2021_300K,hin,L20,956,http://hi.wikipedia.org/wiki/कलिल,0b96a1569d9186fbaf6d832e4877f281a1b26e2c60ca215dbb320e16c1ab62f4
P1,hin_wikipedia_2021_300K,hin,L20,957,http://hi.wikipedia.org/wiki/ओएसआई_प्रतिमान,d108556360e472cc08db93dafbd33d0ab873f4ec5d1fca96810ba1e04a65deef
P1,hin_wikipedia_2021_300K,hin,L20,959,http://hi.wikipedia.org/wiki/जीनोम_परियोजना,bdba001a943732c910ed4392a63f2b00f02acd49de39c9c1cfea139db3d21653
P1,hin_wikipedia_2021_300K,hin,L20,960,http://hi.wikipedia.org/wiki/वैज्ञानिक_तथा_तकनीकी_शब्दावली_आयोग,0c64e7e1d2525a845da7a924fd4d2ea2bf64ddc82aa45aa0a653b070d654cba8
P1,hin_wikipedia_2021_300K,hin,L20,961,http://hi.wikipedia.org/wiki/तीव्रग्राहिता,5b4c804a3d81a947eeec501e2f061d8d9a816b98f8fe33068fd60e292c664fd5
P1,hin_wikipedia_2021_300K,hin,L20,963,http://hi.wikipedia.org/wiki/चिंपैंजी,5a3e7f6d4475515d4f1ce386ad1a94b6ededbe4370ee6e1658b9526c589b71aa
P1,hin_wikipedia_2021_300K,hin,L20,965,http://hi.wikipedia.org/wiki/सामाजिक_नेटवर्किंग_सेवाएं,594ba5eb0e2700e9c77f50c67c9b134ed95fc8ff58694620d05f0ceb81a37024
P1,hin_wikipedia_2021_300K,hin,L20,967,http://hi.wikipedia.org/wiki/बुंदेलखंड_के_शासक,502c1fb3974546cae4f4a6635d3d54ec8cc3f1e334e1aa81ea1a0c42f8add69f
P1,hin_wikipedia_2021_300K,hin,L20,968,http://hi.wikipedia.org/wiki/गर्भाशयग्रीवा_कैन्सर,acb7706c329fd8f6ce510cb9dad8b9ee9dc209c829a8877804c984c27d8e066a
P1,hin_wikipedia_2021_300K,hin,L20,969,http://hi.wikipedia.org/wiki/ऐनबालिक_स्टेरॉयड,3fccffa62fff04446e04d1490cb6ff86c08e05d5758e61f882b6aefd889d7138
P1,hin_wikipedia_2021_300K,hin,L20,972,http://hi.wikipedia.org/wiki/प्राकृत,61b5eac27731543d74ff3fce5f8a5294b5dfe82b6a60fb09a20e923be5c56874
P1,hin_wikipedia_2021_300K,hin,L20,973,http://hi.wikipedia.org/wiki/लिवोफ़्लॉक्सासिन,00159cf9bd385dae91bee09801a0175d365c7ba4661f293effc9a67d2ecaf037
P1,hin_wikipedia_2021_300K,hin,L20,974,http://hi.wikipedia.org/wiki/समकालीन,43f2accc7d0d0547a62aec6db32020c4bcf34dc2fff7edbad0de74fb6477e904
P1,hin_wikipedia_2021_300K,hin,L20,976,http://hi.wikipedia.org/wiki/वात्या_भट्ठी,a2c6d64cc2f1abf6766838c7e44873c2e8ed8197a44f4fc594d6cf3381c1ab35
P1,hin_wikipedia_2021_300K,hin,L20,979,http://hi.wikipedia.org/wiki/जनसंख्या_आनुवांशिकी,155f07565f0cdb2f2eec427428c5a0560f0943ce2246934307787007b737c3c0
P1,hin_wikipedia_2021_300K,hin,L20,980,http://hi.wikipedia.org/wiki/रेगे,f77849c0387ae60fd8d24504f8aabd7198851f0a385db383ecf172e17fbc0135
P1,hin_wikipedia_2021_300K,hin,L20,981,http://hi.wikipedia.org/wiki/होली,c973e1e43ef05cdbf9b58e7ba4e301faf11847ef5982b3325a8fdb40d538b7b3
P1,hin_wikipedia_2021_300K,hin,L20,982,http://hi.wikipedia.org/wiki/गोरखपुर,222c34b09d7b9cddea5fc09a962255a784f1ea1d063ffd05258c76d201af6cbf
P1,hin_wikipedia_2021_300K,hin,L20,983,http://hi.wikipedia.org/wiki/अंग_तंत्र,1ef051627b073f28e7f9c075b09930f66f8a3fefe837893d5177af7406d061df
P1,hin_wikipedia_2021_300K,hin,L20,984,http://hi.wikipedia.org/wiki/प्रेमचंद,83b41b89fe6b57d084bebc3298f0c32079d2cc372ee697ce6ecf77345621809a
P1,hin_wikipedia_2021_300K,hin,L20,985,http://hi.wikipedia.org/wiki/इंदिरा_गांधी_अन्तर्राष्ट्रीय_विमानक्षेत्र,c789c11ed1194da74ff09e3c209544ebdb1d27425bbfc1251ae915b95b96fdb0
P1,hin_wikipedia_2021_300K,hin,L20,987,http://hi.wikipedia.org/wiki/कलचुरि_राजवंश,ed5a928e4fd1717d0573b0c13e55081e8bbf2032a4f267363b987e6177a9ef29
P1,hin_wikipedia_2021_300K,hin,L20,988,http://hi.wikipedia.org/wiki/सातवाहन,e18c0817c54526ebcbcb6dbb65ca4f6e00913afef394ffd7ccad7a39efacffb9
P1,hin_wikipedia_2021_300K,hin,L20,989,http://hi.wikipedia.org/wiki/विराट_कोहली,49a4bcf8baa775929b32dcf346d603584fe4076aeec27dc6ecf95f63d8963b6b
P1,hin_wikipedia_2021_300K,hin,L20,991,http://hi.wikipedia.org/wiki/त्यूतन_जातियाँ,cb2b070121047398dfcb1332486665ef6a7457a999f17e665d37d04f06d60a49
P1,hin_wikipedia_2021_300K,hin,L20,992,http://hi.wikipedia.org/wiki/हेनरी_फेयोल,d7a3e0b3423c5af9ba0576a97623f71cac7d49918282a6747355366094707635
P1,hin_wikipedia_2021_300K,hin,L20,993,http://hi.wikipedia.org/wiki/पर्यटन_भूगोल,591879e7243c92a9fcc6520dbb343d1477a34f0193107f1d246d46a092772183
P1,hin_wikipedia_2021_300K,hin,L20,994,http://hi.wikipedia.org/wiki/चीनी_दर्शन,039a21b5357489ab263a62b1f86bdf1c6bdbee9b29cb806e45c7e57a4ce8320c
P1,hin_wikipedia_2021_300K,hin,L20,996,http://hi.wikipedia.org/wiki/किलाबंदी,e438154b35abce5be3925cc46a63509b18251291ab5b5ebf91b4b9cabae7b2cc
P1,hin_wikipedia_2021_300K,hin,L20,997,http://hi.wikipedia.org/wiki/साठोत्तरी_हिन्दी_साहित्य,afb830490d7335f6a4a6f6901ba9d6a15d6b19f31ce3b69f3b4560b6e69165ac
P1,hin_wikipedia_2021_300K,hin,L20,998,http://hi.wikipedia.org/wiki/द_मेट्रिक्स,6647602b277996d5784b7260b08d948d28b3ddcb02ed5ffb66a95ec53e489b35
P1,hin_wikipedia_2021_300K,hin,L20,999,http://hi.wikipedia.org/wiki/संस्कार_भारती-हरियाणा,1c27f9a898b605f51f52b91c5810d50558261c32a4d79211474276a9cc74cc8f
P1,hin_wikipedia_2021_300K,hin,L20,1000,http://hi.wikipedia.org/wiki/मिरांडा_केर,d5b8cf9897c9b26fb60409740576a8f5310a36c906fc11c52b8cea23400fa909
P1,hin_wikipedia_2021_300K,hin,L20,1002,http://hi.wikipedia.org/wiki/नेटस्केप,9b84b0e5063cb31e2717686b61fa97578bbd0be4db0f6d5b60a9f67f794ada6e
P1,hin_wikipedia_2021_300K,hin,L20,1003,http://hi.wikipedia.org/wiki/पिज़्ज़ा_हट,67c1cd98b313a0566431929d10dec7a6541278f0ab09f517938991e173b19173
P1,hin_wikipedia_2021_300K,hin,L20,1004,http://hi.wikipedia.org/wiki/जस्टिन_टिम्बरलेक,493f0ade9182793c61fe543814b2b08f63e1335a5cc14b8bf6a673ceedd57914
P1,hin_wikipedia_2021_300K,hin,L20,1006,http://hi.wikipedia.org/wiki/जिम_मॉरिसन,b243434a540822ced5874bbb2884da566f660cf10f7c10ba8faadc7efe5db0d2
P1,hin_wikipedia_2021_300K,hin,L20,1007,http://hi.wikipedia.org/wiki/जेन्ना_जेम्सन,d1762e87f740cb58e020a480f5a6ee534dada611a537ad468b38e0bc759327fb
P1,hin_wikipedia_2021_300K,hin,L20,1009,http://hi.wikipedia.org/wiki/अप्रैल_2015_नेपाल_भूकम्प,14ae2296c773db14e15ab24d9c70e9e3f785cbf4b36877e2de1534c26c179fda
P1,hin_wikipedia_2021_300K,hin,L20,1010,http://hi.wikipedia.org/wiki/जूता,eeaf025e430358a591a00b074bc32325d1813d565a0255618f8823aa59ed0e79
P1,hin_wikipedia_2021_300K,hin,L20,1011,http://hi.wikipedia.org/wiki/संयुक्त_मौखिक_गर्भनिरोधक_गोली,9d77a179a347872a7e37c033b7ae17d95804980278ef28db9e50f954ff8d762f
P1,hin_wikipedia_2021_300K,hin,L20,1012,http://hi.wikipedia.org/wiki/एझावा,f6a258d233637983d99d70e81302c7e6c1294482feb11aabf8b898ee4da19ac3
P1,hin_wikipedia_2021_300K,hin,L20,1013,http://hi.wikipedia.org/wiki/व्हिस्की,6de0dcd345ebb7102d23bdfbfc0fd02264318588af40d40dbf7c17a6a218a067
P1,hin_wikipedia_2021_300K,hin,L20,1014,http://hi.wikipedia.org/wiki/वैवाहिक_रस्मों_में_भाग_लेने_वाले_प्रतिभागी,f779adab05e5aacf4e8bf56ecca0b248651ddea1475a80feaf0a064e5c9ffa84
P1,hin_wikipedia_2021_300K,hin,L20,1015,http://hi.wikipedia.org/wiki/जेद्दाह_टाॅवर,b7a0494bae365fa29d8e62d168d5ac03521a5774b44de57d37d26cb73c6778f9
P1,hin_wikipedia_2021_300K,hin,L20,1016,http://hi.wikipedia.org/wiki/चूड़ी,e72ca9a942040309f598067eab98f19ee5899c9507400e4d81afed687ccb969c
P1,hin_wikipedia_2021_300K,hin,L20,1017,http://hi.wikipedia.org/wiki/बंगाल_बाघ,68e526f8878cce5495d7562b2f8062a63f99d3373d018fa1a4b3b76b7d1c4cc9
P1,hin_wikipedia_2021_300K,hin,L20,1018,http://hi.wikipedia.org/wiki/मानविकी,84e887ae9a9c30f2d1b252cc939cb8fc6230ce387b25ef3dbeeb50322355244d
P1,hin_wikipedia_2021_300K,hin,L20,1019,http://hi.wikipedia.org/wiki/जावा_(प्रोग्रामिंग_भाषा),aa02d1551e53925e616c854f4b73e6509cf30b470fd246fe61e7991e951087be
P1,hin_wikipedia_2021_300K,hin,L20,1020,http://hi.wikipedia.org/wiki/एरोस्मिथ,776d0100e62b25cda7a3f07df48862b84a07dd01d7bb5081b0c29f88ad038c1e
P1,hin_wikipedia_2021_300K,hin,L20,1021,http://hi.wikipedia.org/wiki/बकिंघॅम_पैलस,da050718e881f5888f5005124f8e19a4e3f5e0150f334327e7ee6acdb5f12ad2
P1,hin_wikipedia_2021_300K,hin,L20,1023,http://hi.wikipedia.org/wiki/ईरान_का_इतिहास,235c16c41932995d0d8cd9c479476d661149402e12244cf2fe797fab5def9c73
P1,hin_wikipedia_2021_300K,hin,L20,1024,http://hi.wikipedia.org/wiki/बृहदांत्र_कैन्सर,ce549b997e87d7d4f52ffedc0d18319b6897bf3ea2d2a01efcfafaa9e3563f7e
P1,hin_wikipedia_2021_300K,hin,L20,1026,http://hi.wikipedia.org/wiki/भारतीय_प्रौद्योगिकी_संस्थान_मण्डी,fa305ee48a7fa3ea3562d7af2a229ef2a8ba53eeaa97c5b3312e63406986bb29
P1,hin_wikipedia_2021_300K,hin,L20,1027,http://hi.wikipedia.org/wiki/मधुबनी,f2ec941c8b50067e6b48ee8ecd0851abbf81e2795295de1400d1429f714c086f
P1,hin_wikipedia_2021_300K,hin,L20,1028,http://hi.wikipedia.org/wiki/छायावाद,23629f74d9661bdeff98c4ff3a8fe8a5bd807e0ffd038f4abefe83c3316c788f
P1,hin_wikipedia_2021_300K,hin,L20,1031,http://hi.wikipedia.org/wiki/आसन,67d16d998569295eb2c73904ec37ec3e96d230bea0178bbc0553b32dad77e662
P1,hin_wikipedia_2021_300K,hin,L20,1032,http://hi.wikipedia.org/wiki/जस्टिस_लीग_(फ़िल्म),64f71cfec39bad362f56ff62ff9f1fb2027d6e4f83dcf87da7f01ec7a651a999
P1,hin_wikipedia_2021_300K,hin,L20,1037,http://hi.wikipedia.org/wiki/आर्यभट,46088d511459792e08feec3f968b4bbf774a381bd89621f0ff9e16572b01e234
P1,hin_wikipedia_2021_300K,hin,L20,1039,http://hi.wikipedia.org/wiki/एसिटिक_अम्ल,03fb45e5221a852dd711ae2a2c3a3c28855f99d20992ac841deeae6e3651089a
P1,hin_wikipedia_2021_300K,hin,L20,1043,http://hi.wikipedia.org/wiki/शैक्षिक_मनोविज्ञान,583c0a7290488506ec6531c3906e4501546a0753e9178e1b7a5b94190432364d
P1,hin_wikipedia_2021_300K,hin,L20,1044,http://hi.wikipedia.org/wiki/हास्य_रस_तथा_उसका_साहित्य,b052d90c94d23dc242e0a946c1f0b02c52df4200437d51333b91badf3591a761
P1,hin_wikipedia_2021_300K,hin,L20,1045,http://hi.wikipedia.org/wiki/छंद,183bde476ec81199dbf666118f50740ca768d2ed4ad17f56b3a03e1b86d9a6e3
P1,hin_wikipedia_2021_300K,hin,L20,1047,http://hi.wikipedia.org/wiki/भारत_में_सूफ़ीवाद,9ebd5b7a488e237aecb501b22cdefde90a4e8572cadecff12617e3422dd3eefa
P1,hin_wikipedia_2021_300K,hin,L20,1048,http://hi.wikipedia.org/wiki/इज़राइल_का_इतिहास,5213c596c4e54dee00e167fd7b54a699c3bb4bc0cd7b4ac2a781d0bcf2cad166
P1,hin_wikipedia_2021_300K,hin,L20,1049,http://hi.wikipedia.org/wiki/शीतयुद्ध,3483002c2299b2fc975ebc39d16fe712711247a210dfaaa0567a3f05d6bfaa8b
P1,hin_wikipedia_2021_300K,hin,L20,1050,http://hi.wikipedia.org/wiki/बैंक,21d2c4d3925d06adb7dc2596edd5a7f5e9c491e3dd91906c088a8d574f2f85a9
P1,hin_wikipedia_2021_300K,hin,L20,1052,http://hi.wikipedia.org/wiki/भारत_में_कुपोषण,be2669884643b0d1d932f3c2c3d4d1fedf6f52d90e2d5508bb70f9488253954e
P1,hin_wikipedia_2021_300K,hin,L20,1054,http://hi.wikipedia.org/wiki/रेलवे_संकेतक,14db6c49f7fe20d82291c193699c3a0aea6839f75bfc7e324f8168154027eb0e
P1,hin_wikipedia_2021_300K,hin,L20,1058,http://hi.wikipedia.org/wiki/लेज़र_प्रिंटर,e53843b47569ba29984aeb159ecde42c04f5360218b6e217d3bf7a9d098944f2
P1,hin_wikipedia_2021_300K,hin,L20,1059,http://hi.wikipedia.org/wiki/हाथ_औजार,b36f2fd43d63db8895920d66e5ebe30e6079e2f613bb9e69bccadce475fc7a3f
P1,hin_wikipedia_2021_300K,hin,L20,1063,http://hi.wikipedia.org/wiki/विंचेस्टर,0bc8d6cbf3f7c72709e097f4b69601f9f45c18f3a5778b0a916f251a1fa93244
P1,hin_wikipedia_2021_300K,hin,L20,1064,http://hi.wikipedia.org/wiki/वाइस_सिटी,90976e1fdeaf5a28c9b5fa992a1977558f6f3130b389825e82c04fd96ba3160c
P1,hin_wikipedia_2021_300K,hin,L20,1069,http://hi.wikipedia.org/wiki/नागरिक_समाज,273419f72d5859df53fa29bb7c1c5c862c04f79e16f485a38a5f742bf02cbc4a
P1,hin_wikipedia_2021_300K,hin,L20,1070,http://hi.wikipedia.org/wiki/FA_कप,8428b9114729a2c322875319599a24996618811a1f87db46c57b251648e862a1
P1,hin_wikipedia_2021_300K,hin,L20,1072,http://hi.wikipedia.org/wiki/चक्र,c64a2833d1eb2ad3de552030afaa091851858a719392719d1a76a6c64e890798
P1,hin_wikipedia_2021_300K,hin,L20,1074,http://hi.wikipedia.org/wiki/इमरान_ख़ान,a9713756060a72149ce1947902f5b609627c9231ea9ee7a62df3d52609a33508
P1,hin_wikipedia_2021_300K,hin,L20,1075,http://hi.wikipedia.org/wiki/कॉरपोरेट_कानून,e6efd021f915480a10c939f117e518a769a063fb3cd9c973d13dfb023e340acd
P1,hin_wikipedia_2021_300K,hin,L20,1076,http://hi.wikipedia.org/wiki/जॉर्ज_क्लूनी,df58f5a0663f2a44f984cb78c82e6acb5a89b3b0086f01a037309324915ed626
P1,hin_wikipedia_2021_300K,hin,L20,1077,http://hi.wikipedia.org/wiki/गृह_विज्ञान,ca865ef1418c455ecae0d8864343204f2473cb2fab55af8ad0d377b7b50dd7ab
P1,hin_wikipedia_2021_300K,hin,L20,1078,http://hi.wikipedia.org/wiki/चकेरी_सवाई_माधोपुर,16d00e41c06f760fb88a6f634cb0f24744240215d8931ba43a0aeaa968413f35
P1,hin_wikipedia_2021_300K,hin,L20,1079,http://hi.wikipedia.org/wiki/स्टॉक,46851156916e6f0cb416ff8e5e272ce23d961280e0404e4c83de7d5b1261ea1c
P1,hin_wikipedia_2021_300K,hin,L20,1080,http://hi.wikipedia.org/wiki/संगठन,51bad0021444662e690c7beafa99ac62a9f593f82f4cfcbc88eb8dfe6a891648
P1,hin_wikipedia_2021_300K,hin,L20,1081,http://hi.wikipedia.org/wiki/जुड़वाँ,8c73c61b611f0b96e04129f2d011c9dbc78729756e892d5b1c228087ed4e358d
P1,hin_wikipedia_2021_300K,hin,L20,1084,http://hi.wikipedia.org/wiki/वेब_२.०,ac5f91eb869b80e667bd6c9eb7c04f69207d014a7aca08e7815fac7ccbd7168d
P1,hin_wikipedia_2021_300K,hin,L20,1086,http://hi.wikipedia.org/wiki/आई_टी_आई_एल,451e1dbb414ec68630c83510e375e2c7677132f6cc62774fc396126d3a9e3870
P1,hin_wikipedia_2021_300K,hin,L20,1087,http://hi.wikipedia.org/wiki/मर्सिडीज़-बेंज़_सी-क्लास,9cea70ce66759eace992107a021418b8db919d417db6aeda6ae9e9d6d26c62e1
P1,hin_wikipedia_2021_300K,hin,L20,1089,http://hi.wikipedia.org/wiki/तात्या_टोपे,78f4769b82af8abe101f21d264b9f6076cebe67155f948dc9b01d80610d2396d
P1,hin_wikipedia_2021_300K,hin,L20,1092,http://hi.wikipedia.org/wiki/ज्ञानमीमांसा,75c03c1f333eeaedfaba01b7cdbc5d798cd5e24c0c7e31ef9fb3c166a9bbe341
P1,hin_wikipedia_2021_300K,hin,L20,1094,http://hi.wikipedia.org/wiki/तुलनात्मक_राजनीति,f9d329f2cbf6a5d1f05da1122b8bf2449d55d9bf7a1b66b4f9a502e5efc8abd2
P1,hin_wikipedia_2021_300K,hin,L20,1095,http://hi.wikipedia.org/wiki/युक्रेन,45a032d5d9b7f96652ab7b9d06e6d08fd1deddc1629415a0cbe09f65daf01b1c
P1,hin_wikipedia_2021_300K,hin,L20,1096,http://hi.wikipedia.org/wiki/ई-शिक्षा,93828ec7ce28a8da1850b2df9ade00666a9e136252a4e49e836b96999c158252
P1,hin_wikipedia_2021_300K,hin,L20,1097,http://hi.wikipedia.org/wiki/चाणक्यनीति,95e17494e2603c1af386de7df67cffa6a22ac9205342f673cd73955eac0bc666
P1,hin_wikipedia_2021_300K,hin,L20,1098,http://hi.wikipedia.org/wiki/पाकिस्तान_का_इतिहास,25938c6642888568e3fb71e66c18a5481b07913a51ede46ed3248ff1f74b4dfd
P1,hin_wikipedia_2021_300K,hin,L20,1100,http://hi.wikipedia.org/wiki/काव्यशास्त्र,ab94523b018f30a222454face8718a2bab83c5fc3764953d58a199bcb1a056ef
P1,hin_wikipedia_2021_300K,hin,L20,1101,http://hi.wikipedia.org/wiki/चरक_संहिता,c47420c0398e4e4dd57ef0fa7ac1526ef4f1cab51f8f55b4bbf87b0ada2ab09d
P1,hin_wikipedia_2021_300K,hin,L20,1103,http://hi.wikipedia.org/wiki/शिमला,06ddf09c3de2c066bd2c46a32d5d76b73203afdd70604b92c69e6b7d6b4361c7
P1,hin_wikipedia_2021_300K,hin,L20,1104,http://hi.wikipedia.org/wiki/सिख_धर्म,9b98c9cc6264df52f4f5627ada4e55b772b7238b736fd849ae2cffebd876ef8c
P1,hin_wikipedia_2021_300K,hin,L20,1105,http://hi.wikipedia.org/wiki/चित्तौड़गढ़_दुर्ग,95807bfbd85c3cc716c300c772e6f11ac1e38915b1e3f6c8a60337d8f4b6e738
P1,hin_wikipedia_2021_300K,hin,L20,1106,http://hi.wikipedia.org/wiki/हिन्दी_व्याकरण,f155121232da13bf4e6994249ac81f0e3ffc02264de2c1f9388f6cb1d78277d0
P1,hin_wikipedia_2021_300K,hin,L20,1107,http://hi.wikipedia.org/wiki/वास्को_द_गामा,bf78d69f79d2001146d40b910e4ee03d9c55a44c04f0e189b4a15f47e14ad070
P1,hin_wikipedia_2021_300K,hin,L20,1109,http://hi.wikipedia.org/wiki/छोटूराम,1d45400b1f00a38f438ef1a1761bdd14d563052223b416a3cbb2dccce0a67361
P1,hin_wikipedia_2021_300K,hin,L20,1110,http://hi.wikipedia.org/wiki/थॉमस_हार्डी,5c506ce72d5f3d5284e6329071919a3ecce9ca588c9ca00c0882ead302da9fa1
P1,hin_wikipedia_2021_300K,hin,L20,1113,http://hi.wikipedia.org/wiki/चमड़ा_उद्योग,051c0e68cd78f4595704f347a269f8c22a4d6dfd4ab6044881ed2bc47561aeb4
P1,hin_wikipedia_2021_300K,hin,L20,1115,http://hi.wikipedia.org/wiki/लोकगाथा,0792fb0dda7ae5f4be60f12c26db6c00875c05d00c9b4e3de1656d40b6de1ba9
P1,hin_wikipedia_2021_300K,hin,L20,1117,http://hi.wikipedia.org/wiki/नरसिंहपुर_ज़िला,1c0572e53842a6ca5db3e83e37931c4e2011e5d91445b66c6452ca9daf4a9975
P1,hin_wikipedia_2021_300K,hin,L20,1118,http://hi.wikipedia.org/wiki/वैरामुत्तु,d54ca6561f344d156af511a519ab09131b73a616f04be098e911655ee151dc23
P1,hin_wikipedia_2021_300K,hin,L20,1119,http://hi.wikipedia.org/wiki/विलवणन,99e356bb1e845e3c7c4b952370bb7ff087e8cde826ed2d1c26fb7fdd751f20bb
P1,hin_wikipedia_2021_300K,hin,L20,1120,http://hi.wikipedia.org/wiki/संकट_प्रबंधन,d49eaf00cf163d8c1dfffcfc2858f012cdb3f288d0799ac8f680f7f91f01dd68
P1,hin_wikipedia_2021_300K,hin,L20,1121,http://hi.wikipedia.org/wiki/एन_टी_एफ_एस,03930995168be102f2d6a53907dd1b064080d82065627f4e2a0dbdd04f8487d8
P1,hin_wikipedia_2021_300K,hin,L20,1124,http://hi.wikipedia.org/wiki/पोकीमॉन_(एनीमेशन),d6a23b7f8951d493daa4c2d7ec63bb9bfb4c8ca3baa569dbb75f5673c80e928c
P1,hin_wikipedia_2021_300K,hin,L20,1125,http://hi.wikipedia.org/wiki/रियान_गिग्स,3f51669ddbdc3915b37445b1e42948edf961e4d484f1b499ce71bbabb0078033
P1,hin_wikipedia_2021_300K,hin,L20,1126,http://hi.wikipedia.org/wiki/मार्जरीन,a1ab1b17f9d9ef4b43dacc605a1ffadb5f94f6780b1f65e28db7f2077389128b
P1,hin_wikipedia_2021_300K,hin,L20,1127,http://hi.wikipedia.org/wiki/बद्रीनाथ_(नगर),d22bb88aaa927134f8dbfb26dec9f31abfce99d21959e948b065975815e8dc4e
P1,hin_wikipedia_2021_300K,hin,L20,1128,http://hi.wikipedia.org/wiki/ग्रे'ज़_ऐनैटमी,aba425db7a507a7384bf2578c07591545509bd1034058f00c2f1b20f270c3527
P1,hin_wikipedia_2021_300K,hin,L20,1129,http://hi.wikipedia.org/wiki/राजा_आर्थर,d87c614102b2d5bc3ff4cb47427f71c213700ddbd719a677ca0df5b83f6aaa54
P1,hin_wikipedia_2021_300K,hin,L20,1130,http://hi.wikipedia.org/wiki/डेविल_मे_क्राई,2be0daa47b91f24f125a43bdad5c118294e60d79211f95a33129cdff52f0d167
P1,hin_wikipedia_2021_300K,hin,L20,1132,http://hi.wikipedia.org/wiki/प्रतिजैविक_प्रतिरोध,e5d75f23498e3c2746e3bde48a45cbbe6983a4f5c115bf42079905b4c5272a64
P1,hin_wikipedia_2021_300K,hin,L20,1134,http://hi.wikipedia.org/wiki/कोत्तगिरि,a07b256d2a5f8d3d1b7cb2e73d3c99ee3621fd66d26b2d2d2740eeb5638209b8
P1,hin_wikipedia_2021_300K,hin,L20,1135,http://hi.wikipedia.org/wiki/माईस्पेस,4e761b0f0d18020dfc3e271ccad3002535e56e767184cb33d7bae0246b48950b
P1,hin_wikipedia_2021_300K,hin,L20,1136,http://hi.wikipedia.org/wiki/मंसूर_अल_हल्लाज,ec85856326f893903836ea960efaf4ececf406b8eea0d7624a6c810d8bfe923e
P1,hin_wikipedia_2021_300K,hin,L20,1137,http://hi.wikipedia.org/wiki/बलिया_जिला,88fd2741a97c223b66fe2c9cdb04d704cbfb5855ad918a4bac655bbbc18a06d7
P1,hin_wikipedia_2021_300K,hin,L20,1139,http://hi.wikipedia.org/wiki/वेलोसिरैप्टर,19df472580ad9c6fb08b4da8cc2c3667e30ae2db3ac0634554e7e91f3d0ed346
P1,hin_wikipedia_2021_300K,hin,L20,1140,http://hi.wikipedia.org/wiki/स्मृति_(मनोविज्ञान),1ff38048c2468007cb794c0c9c29af153e6b1f3950466f1cce1925d93a04cd06
P1,hin_wikipedia_2021_300K,hin,L20,1141,http://hi.wikipedia.org/wiki/विनायक_दामोदर_सावरकर,b6a7ae077855dd79f483ecdf8e4ca8884a003efdb911e1708397516e9a22092f
P1,hin_wikipedia_2021_300K,hin,L20,1143,http://hi.wikipedia.org/wiki/सूजाक,f1c38b812b2b50981da39ba1a1dd58f2cbd65a23b70d79faf5b091529179d884
P1,hin_wikipedia_2021_300K,hin,L20,1146,http://hi.wikipedia.org/wiki/बिधान_चंद्र_राय,b56033022fef0b7ac85817b97938f2ae3133ba0fa427c58c41ac63f179819614
P1,hin_wikipedia_2021_300K,hin,L20,1147,http://hi.wikipedia.org/wiki/वाद-विवाद,e228a6811c80c6c4851d796b7f2dc0362231a0a46e3d2eee19899d3f691fe5b8
P1,hin_wikipedia_2021_300K,hin,L20,1148,http://hi.wikipedia.org/wiki/खाटूश्यामजी,551af6b03e2f9f7d94daa4f305707fc915112208298a9a55234b9f658a644143
P1,hin_wikipedia_2021_300K,hin,L20,1150,http://hi.wikipedia.org/wiki/ज़ुकाम,5b01e1355c692fc8ff94a4132fe38f9a92d77f1c620db64b96a4be74544a98ca
P1,hin_wikipedia_2021_300K,hin,L20,1151,http://hi.wikipedia.org/wiki/उपनिषद्,7fd5c3bd6b9346fbc8aadf935c8d8b92359f64fc2b3b47a7c0aec2c13c87376e
P1,hin_wikipedia_2021_300K,hin,L20,1152,http://hi.wikipedia.org/wiki/टैक्सी_ड्राइवर_(अमेरिकन_फिल्म),0bfd975b3632a3417a85703da0944a0eb4f710e604b07b0926ce03208802ebe6
P1,hin_wikipedia_2021_300K,hin,L20,1155,http://hi.wikipedia.org/wiki/भारत_की_पंचवर्षीय_योजनाएँ,572588fd848c98464c4ab634e40f3f7458d4904fcc0237d7ccc2884de4ec5b82
P1,hin_wikipedia_2021_300K,hin,L20,1157,http://hi.wikipedia.org/wiki/मनोज_दास,70461caadebbac4adf366c8b837985c5ea6c24ec8ee5bbbce4e8fc5c6408ca3e
P1,hin_wikipedia_2021_300K,hin,L20,1158,http://hi.wikipedia.org/wiki/महाराष्ट्र_नवनिर्माण_सेना,67a37a67a570e0d284b31ef032dd1473d935a8311533316abe2ca5e428aba46d
P1,hin_wikipedia_2021_300K,hin,L20,1161,http://hi.wikipedia.org/wiki/गोरिल्ला_युद्ध,2520e25bdd560056d7d45b560bd1c24ab444b614d2c135b697e05abd43c02002
P1,hin_wikipedia_2021_300K,hin,L20,1163,http://hi.wikipedia.org/wiki/दक्षिण_भारत_हिन्दी_प्रचार_सभा,f3fd77cb712c3f06c42e8d89d9936e4e36516ab5ced69ca04b1dc5412dad03d2
P1,hin_wikipedia_2021_300K,hin,L20,1164,http://hi.wikipedia.org/wiki/प्रकाशन,f62020d4a8ba239ba5c49da345234a563d44eeb7344df4c2aac8ece031f670cd
P1,hin_wikipedia_2021_300K,hin,L20,1171,http://hi.wikipedia.org/wiki/चॅक,b4d9ec7025b58224ec0ad6595468d11339627211870a018f479117a4f9d32808
P1,hin_wikipedia_2021_300K,hin,L20,1174,http://hi.wikipedia.org/wiki/ऋण,57c169afb7d4c44dea2ea0bc0c2083cf96fcf93d83ba10e94802d22293dcf2c9
P1,hin_wikipedia_2021_300K,hin,L20,1176,http://hi.wikipedia.org/wiki/शुनःशेप,681a2d30a024a7d3744dbbbaf4e37a655d03016a26b7edae0da0cc645cdbd275
P1,hin_wikipedia_2021_300K,hin,L20,1177,http://hi.wikipedia.org/wiki/जन्तुओं_का_विस्तार,18d623ebe3a4aa5730082e66cfef0f3549ba1838834275268a6520cf29378c96
P1,hin_wikipedia_2021_300K,hin,L20,1180,http://hi.wikipedia.org/wiki/विधिक_वृत्ति,f6c8e8ae8ca990221542cb27eee00485ab20e5eea031dbbb6f5fe360897cc566
P1,hin_wikipedia_2021_300K,hin,L20,1181,http://hi.wikipedia.org/wiki/आपूर्ति_शृंखला_प्रबंधन,a4bf29cf95491b538e2567e60d1fc8d95d95593adb146909a5401c71a059b949
P1,hin_wikipedia_2021_300K,hin,L20,1182,http://hi.wikipedia.org/wiki/एनरॉन,dbf41afedd021d5e539aeae25b06da12afa48f1843de073a27b8f653a369c9ea
P1,hin_wikipedia_2021_300K,hin,L20,1183,http://hi.wikipedia.org/wiki/स्कॉट्लैण्ड,5f16e80d5dcd01acc1421ac21c85b456233604d4d290585f044139d0de6ac551
P1,hin_wikipedia_2021_300K,hin,L20,1185,http://hi.wikipedia.org/wiki/नास्तिकता,70332bc8525d8afbc311ccab6e694ce5c9c6e42723fc2c82258e8cea2b85115a
P1,hin_wikipedia_2021_300K,hin,L20,1186,http://hi.wikipedia.org/wiki/जार्ज_विल्हेम_फ्रेड्रिक_हेगेल,9928f485ef3c7afdebc1270ba68a53195e5ba575b106363d366e3a3cac2f4d5a
P1,hin_wikipedia_2021_300K,hin,L20,1188,http://hi.wikipedia.org/wiki/ई-सिगरेट,1b636fb9ee120da566095a11867a76a2d2a581017ece9295f3a33bfcc0c8a7d5
P1,hin_wikipedia_2021_300K,hin,L20,1189,http://hi.wikipedia.org/wiki/कमल,a30fb9e6db566f553ad34a07926e26c74aede7e144e5dea52172e28d5125159e
P1,hin_wikipedia_2021_300K,hin,L20,1190,http://hi.wikipedia.org/wiki/रत्न,01e1024fd964c350717648f0ce3149b5c572c1a7c2270ef261d0e0c8fcbc27e4
P1,hin_wikipedia_2021_300K,hin,L20,1191,http://hi.wikipedia.org/wiki/मैयरेड_मगुइरे,b541d76decdf6b7b96761385e9e82d2e9cba81f1014c256f6f23f127a7bedb60
P1,hin_wikipedia_2021_300K,hin,L20,1192,http://hi.wikipedia.org/wiki/पुर्तगाली_समुद्री_कुत्ता,133b9add30e3ffcfb92b1b8984fcdbbc55ea6eae63280475b820bd3c7eb1f361
P1,hin_wikipedia_2021_300K,hin,L20,1196,http://hi.wikipedia.org/wiki/फेंग_शुई,3970e0515ec2d544a1b9ce445968288e1042b88e3517add57ffb6745ad3540de
P1,hin_wikipedia_2021_300K,hin,L20,1197,http://hi.wikipedia.org/wiki/क्लॉस_वॉन_स्टॉफ़ेनबर्ग,6da2e4408ca7437b32e27b50feed33e99d5b99930df105cfd4a9d56b5b9cd1e3
P1,hin_wikipedia_2021_300K,hin,L20,1199,http://hi.wikipedia.org/wiki/जेनेटिक_एल्गोरिद्म,09b27c470d2b860480f972f78a56f839d8f47b38de9aa59368094510320cc7ae
P1,hin_wikipedia_2021_300K,hin,L20,1200,http://hi.wikipedia.org/wiki/भार_प्रशिक्षण_(वेट_ट्रेनिंग),8591d2141e59c99359cc6abca1761d9107b256487737eeea98da9fcdaa91a2e8
P1,hin_wikipedia_2021_300K,hin,L20,1203,http://hi.wikipedia.org/wiki/भूत-प्रेत_का_अपसारण,905fb1959dfafd9ed951850f0a89018328d518166b4a85a118b5883a77a3d5e7
P1,hin_wikipedia_2021_300K,hin,L20,1204,http://hi.wikipedia.org/wiki/व्युत्पादन_(वित्त),b2653dfd0993da05a527d37a66a1da154ea8c8d640542a1e80f1a8c2956bd583
P1,hin_wikipedia_2021_300K,hin,L20,1205,http://hi.wikipedia.org/wiki/अरबी_साहित्य,a551c363c933f1fb2a8e3f950f86918e26e051a6e9075976e4825ee570416f30
P1,hin_wikipedia_2021_300K,hin,L20,1207,http://hi.wikipedia.org/wiki/नेपाल_में_पर्यटन,784346104cad8426598cd72794b15c8d9a22916d373690990393a0e7cc37f662
P1,hin_wikipedia_2021_300K,hin,L20,1208,http://hi.wikipedia.org/wiki/दक्षिण_सूडान,6eb8b3ef8f60c31c88b9fbf4232edbd436486ed2269cfd1a5d3977d65996dd04
P1,hin_wikipedia_2021_300K,hin,L20,1210,http://hi.wikipedia.org/wiki/स्टार_ट्रेक,17e4960181ceccf0075bbd6efc476ff2d0950a841e817bd9f4a0a45ea260950c
P1,hin_wikipedia_2021_300K,hin,L20,1211,http://hi.wikipedia.org/wiki/यूनानी_भाषा,4b1b644aa01aeedd4aaa2f0ab5cbadaa8dbea03d9126672bbb2f32fc8b9611c6
P1,hin_wikipedia_2021_300K,hin,L20,1213,http://hi.wikipedia.org/wiki/आगरा,5874ae2eb8f1a63bcbebd38d44248cf4bea24e7f4687d39765d9b84978ddc606
P1,hin_wikipedia_2021_300K,hin,L20,1214,http://hi.wikipedia.org/wiki/बेल्जियम,c8a98a5d456dfbc3b7e737627ee1a3c8d7c63e0310e1f8d77b97ad86fb62f43c
P1,hin_wikipedia_2021_300K,hin,L20,1215,http://hi.wikipedia.org/wiki/गूगल_धरती,a2f43fd691f0e59a43f7f7db253eccb0763c7d93f00fd9198ff3a6b57c688527
P1,hin_wikipedia_2021_300K,hin,L20,1216,http://hi.wikipedia.org/wiki/भारतीय_कम्युनिस्ट_पार्टी,53a02ad6a06709e279017fcfefe5517172888b6ccd0f2d1753559ab16f4fca76
P1,hin_wikipedia_2021_300K,hin,L20,1217,http://hi.wikipedia.org/wiki/हूवर_बांध,a80394f3de32a702f17eec71667012dcf92053ed349e84d10819d063dc813116
P1,hin_wikipedia_2021_300K,hin,L20,1218,http://hi.wikipedia.org/wiki/गूगल_मानचित्र,d617c377516eb1afba1cabd1b482cb369672a6068bcbbb755a41119224efef4e
P1,hin_wikipedia_2021_300K,hin,L20,1220,http://hi.wikipedia.org/wiki/वर्साय_की_सन्धि,5bb489762b41690cbda152e10571b7c7f4a585d1541399c3de5f64b60b03458b
P1,hin_wikipedia_2021_300K,hin,L20,1223,http://hi.wikipedia.org/wiki/गन्ना,07182a2cf39407bbceca39db00c05dc5ce40c0880d511c474965931ce4600701
P1,hin_wikipedia_2021_300K,hin,L20,1225,http://hi.wikipedia.org/wiki/प्रीमियर_लीग,3472f390740a57947528101e2a6927fe83851b682fd36b513f77c5b79218928d
P1,hin_wikipedia_2021_300K,hin,L20,1226,http://hi.wikipedia.org/wiki/तापमापी,14cbe503570271e30597b6cd5ec447106b6e6ce32cc0f7bb98904812a470af90
P1,hin_wikipedia_2021_300K,hin,L20,1227,http://hi.wikipedia.org/wiki/ब्रजभाषा,6ebda8455d082145afdeaa2a1df9dd68529e64d08f5b00965080d4c42d15c096
P1,hin_wikipedia_2021_300K,hin,L20,1228,http://hi.wikipedia.org/wiki/बिहार_का_भूगोल,360d3eb777143206ce23105641348e9163433ffcd62ac476001319a3ed1f80fa
P1,hin_wikipedia_2021_300K,hin,L20,1229,http://hi.wikipedia.org/wiki/औद्योगिक_क्रांति,359b3a4293daa1b980b9627a4db00c8394717376dd04f92d99ea53d3068b2fe2
P1,hin_wikipedia_2021_300K,hin,L20,1230,http://hi.wikipedia.org/wiki/चम्पारण_सत्याग्रह,b4f3b58c66467fe9dba4d12da36cf83c782abc81cd0a6b9414cc9d7c4184df31
P1,hin_wikipedia_2021_300K,hin,L20,1231,http://hi.wikipedia.org/wiki/दरभंगा_राज,2717e058bcbb6d1d344ab3a2032b474d742e6b6aebc97803f2d1ea6c909bf2fc
P1,hin_wikipedia_2021_300K,hin,L20,1232,http://hi.wikipedia.org/wiki/भारतीय_सिविल_सेवा,de1195fe7738c0748be8098ae62b9da9f298257bd700d5935b289d1dcbe3d31b
P1,hin_wikipedia_2021_300K,hin,L20,1233,http://hi.wikipedia.org/wiki/मार्क्सवाद_की_समालोचना,fcd767ece21978964577eef245783667b6b28beb248b6090a16a36a5d5b77f78
P1,hin_wikipedia_2021_300K,hin,L20,1235,http://hi.wikipedia.org/wiki/तंत्रसाहित्य_के_विशिष्ट_आचार्य,a1522015f232766bf8e9a9b0b207ed114a17bc8ddfe586ee5d8ce4bed55e46bd
P1,hin_wikipedia_2021_300K,hin,L20,1236,http://hi.wikipedia.org/wiki/माजुली_द्वीप,125fb9972d069abb9f39baa3ed21c819bfdb7949f42f847f774722c6e7358cef
P1,hin_wikipedia_2021_300K,hin,L20,1238,http://hi.wikipedia.org/wiki/यूरेशियाई_वृक्ष_गौरैया,52a4d26add2a9f21f41be700dd7c6a870b62c07e8f29858d61f7a0f8ae740815
P1,hin_wikipedia_2021_300K,hin,L20,1239,http://hi.wikipedia.org/wiki/कुशीनगर,c16ba1a80d393006d11469bffce2e3aeb0fba74ae449c7466be7f2acbcde5744
P1,hin_wikipedia_2021_300K,hin,L20,1240,http://hi.wikipedia.org/wiki/प्रकाशसंदीप्ति,eb118a9b865000daf2c71b0364b67499eea26b54e6cb4e74c246b8332dcb4e52
P1,hin_wikipedia_2021_300K,hin,L20,1241,http://hi.wikipedia.org/wiki/व्यक्ति_प्रति_अपराध,19999ac722657231959c13735f3683b26765a89b314b03df600c37af0742bee2
P1,hin_wikipedia_2021_300K,hin,L20,1242,"http://hi.wikipedia.org/wiki/खाद्य_अपमिश्रण_अधिनियम,_१९५४",aa26ef70460c3d00e3c62806459a643259514d63b5ce41d0750b1980a68d541f
P1,hin_wikipedia_2021_300K,hin,L20,1244,http://hi.wikipedia.org/wiki/प्रबन्ध_के_सिद्धान्त,67c830ec93ac53dc666db70f291389f8277a86ba572737ea53aa4f074e302319
P1,hin_wikipedia_2021_300K,hin,L20,1247,http://hi.wikipedia.org/wiki/नौइंजीनियरी,83e840f34457726edffd9e1f3df9f6aeeffe6096e895889558c94794010bc556
P1,hin_wikipedia_2021_300K,hin,L20,1248,http://hi.wikipedia.org/wiki/बिग_ब्रदर_(टीवी_सीरिज़),f3c031b2fa710908c77e7984b7016a0a86cc9a758cd307c8b7049f7a256c2881
P1,hin_wikipedia_2021_300K,hin,L20,1249,http://hi.wikipedia.org/wiki/राजनय,4a39a011ac858401b1c0e94839f3261f2fa95b3a822ff6dbb0cdf4fbc833dafa
P1,hin_wikipedia_2021_300K,hin,L20,1250,http://hi.wikipedia.org/wiki/राजनयिक_उन्मुक्‍ति,c3a632a8fe8677aaf2fd6bb97f8d178ad95e18a02cf5fcbb3fc60706dc636543
P1,hin_wikipedia_2021_300K,hin,L20,1253,http://hi.wikipedia.org/wiki/महाभारत_की_संक्षिप्त_कथा,4872e50a6694aa1bbc449ebc007405eca63df58bd58ec4f0adeb375f6212058d
P1,hin_wikipedia_2021_300K,hin,L20,1256,http://hi.wikipedia.org/wiki/शल्कपंखी,c499faba438ede12b767f5dddd7d06f63a7254b9756de75170b95bd2b6cf92e6
P1,hin_wikipedia_2021_300K,hin,L20,1258,http://hi.wikipedia.org/wiki/मौसम_विज्ञान,6053071694ba0fd2c0186baf5dbc0392b2af846f9d5676e990db8f22e6bc60ab
P1,hin_wikipedia_2021_300K,hin,L20,1260,http://hi.wikipedia.org/wiki/चैतन्य_महाप्रभु,9b8e8ae7790931d891953c911b32527648ec84169fe18e2c6d48015ca0ba7142
P1,hin_wikipedia_2021_300K,hin,L20,1261,http://hi.wikipedia.org/wiki/द_अल्टीमेट_वॉरियर,9ed9879046c4385f123f37845086aeec34a97879f3315fb3c01fe0b939bfec9c
P1,hin_wikipedia_2021_300K,hin,L20,1262,http://hi.wikipedia.org/wiki/मर्सिडीज-बेंज_एस-क्लास,3a983787f69d7a96738aa62bcaedf43f2477cb42f9195bbd97bb563f9ce71062
P1,hin_wikipedia_2021_300K,hin,L20,1263,http://hi.wikipedia.org/wiki/सामाजिक_विज्ञान_अनुसंधान,e23b8d4dc4feed9fa6c21c6dd4fb9dc6784e7f613a7059634c96b2417619a9de
P1,hin_wikipedia_2021_300K,hin,L20,1264,http://hi.wikipedia.org/wiki/जॉर्ज_सोरोस,384f4646758da690a949669de3be87a376bbaba80a88194cb77f68caf12a5fbf
P1,hin_wikipedia_2021_300K,hin,L20,1265,http://hi.wikipedia.org/wiki/जठरांत्र_शोथ,bf2905def1c01bc4721e0e16ef68801c0075c6c73ee7fe59f131da406b7d44aa
P1,hin_wikipedia_2021_300K,hin,L20,1267,http://hi.wikipedia.org/wiki/मार्शल_आर्ट,fa0eede6a6be6348d480e357358b6450735c9855c06ea1c0b70a29970982ab9b
P1,hin_wikipedia_2021_300K,hin,L20,1270,http://hi.wikipedia.org/wiki/अकेडमी_पुरस्कार,b745195f830de3a5bf1447228e1564cdfc7ae119093d9ed91ebc4248d27e758f
P1,hin_wikipedia_2021_300K,hin,L20,1271,http://hi.wikipedia.org/wiki/स्टेम_कोशिका_उपचार,1c0db817329dfbb571e4c377f5d4c7b13cf936b7c8252db21f277a25ef4014fa
P1,hin_wikipedia_2021_300K,hin,L20,1273,http://hi.wikipedia.org/wiki/वात_रोग,3056a543991beb9468567bc20ec4525553c2e889e9ea2e68be65e885213c7c2c
P1,hin_wikipedia_2021_300K,hin,L20,1274,http://hi.wikipedia.org/wiki/आइवी_लीग,656fcec0481988a27d6845481057c4b32192963ae304b43afa037e95a45604c7
P1,hin_wikipedia_2021_300K,hin,L20,1277,http://hi.wikipedia.org/wiki/सॉफ़्टवेयर_निष्पादन_परीक्षण,c1286059ecec87663037e7fd8c8b3400d8a739637b5d04c2a477ece50eddd6a1
P1,hin_wikipedia_2021_300K,hin,L20,1279,http://hi.wikipedia.org/wiki/अवतार_(2009_फ़िल्म),2831bd626880261fef21a2d8dc3b726d819de1ca70cc7c0281509c9bae5b8fea
P1,hin_wikipedia_2021_300K,hin,L20,1280,http://hi.wikipedia.org/wiki/माईली_सायरस,3a15058dd0abd131e312bb3f9ab61e273bc61d1313a3483d186d9660ddd32d38
P1,hin_wikipedia_2021_300K,hin,L20,1281,http://hi.wikipedia.org/wiki/औली,ad45393880d40de0de1fa38c755eef80d45dbc6246d40eaac0e16c356599adf2
P1,hin_wikipedia_2021_300K,hin,L20,1282,http://hi.wikipedia.org/wiki/क्रिकेट_का_इतिहास,a9753e2f942e09bf13f4055a8069a3581c693442d81a5694d5fe2e49396125bf
P1,hin_wikipedia_2021_300K,hin,L20,1283,http://hi.wikipedia.org/wiki/यूरोप_का_इतिहास,7d4e1dc962caa93f860fcf72fd8ef800527c4b2108ec1d39be91f5c11f4a45c8
P1,hin_wikipedia_2021_300K,hin,L20,1286,http://hi.wikipedia.org/wiki/इन्दौर,73d14465f3ad97a91fc06d03e69e25dcf21a8a678c93d29874df049fe371bcef
P1,hin_wikipedia_2021_300K,hin,L20,1288,http://hi.wikipedia.org/wiki/२००७_क्रिकेट_विश्व_कप,abe6e6f2f81fb118849186313d336e16ee064dd6b66b6e6351ceedee102d12df
P1,hin_wikipedia_2021_300K,hin,L20,1290,http://hi.wikipedia.org/wiki/व्यवसाय,89bff527e9cc6d0a451c4dd5089448146f887ae000d20493fbbda0d2d933ec51
P1,hin_wikipedia_2021_300K,hin,L20,1291,http://hi.wikipedia.org/wiki/संवृतिभीति_(क्लॉस्ट्रोफ़ोबिया),6d1bcce04d0ad8b6f36cde52fd4bf7038829ae21bafc225cdd195a9e3bad666f
P1,hin_wikipedia_2021_300K,hin,L20,1292,http://hi.wikipedia.org/wiki/समानता,7da0d7c906fb5c8a1a4f649323d05598bc7de0f970e7ce43b819fba7e343ca4b
P1,hin_wikipedia_2021_300K,hin,L20,1293,http://hi.wikipedia.org/wiki/उत्तराखण्ड_का_इतिहास,8cbfe0a3f66e1f6287db038a80f29018a418023094f0594de59c71cb653b84ac
P1,hin_wikipedia_2021_300K,hin,L20,1294,http://hi.wikipedia.org/wiki/फाइबर-ऑप्टिक_संचारण,3d645c71bc3e894e99caf0a4958c418b10ac5afc94a5394381b204a635ca266d
P1,hin_wikipedia_2021_300K,hin,L20,1295,http://hi.wikipedia.org/wiki/मथुरा,0deb7b420d6c9937ac728596645824da22fd535b5967cd6e7ff0f6a44cdc531e
P1,hin_wikipedia_2021_300K,hin,L20,1296,"http://hi.wikipedia.org/wiki/ग्राम_पंचायत_झोंपड़ा,_सवाई_माधोपुर",5513a1820ed1b6c680992ca3e72b4ed0239a30369ca29b3eada830cff6cd5639
P1,hin_wikipedia_2021_300K,hin,L20,1297,http://hi.wikipedia.org/wiki/जैन_धर्म,e72cf20d8fbe1b35b3c359b5101d582bd4fa5d2bc1797e87eb058f8c1005eb10
P1,hin_wikipedia_2021_300K,hin,L20,1298,http://hi.wikipedia.org/wiki/भारतेन्दु_हरिश्चंद्र,aa36a15a036a30fd7460112a135e9ab0228d6d79fff58b6c1578ea9a8e9281ef
P1,hin_wikipedia_2021_300K,hin,L20,1299,http://hi.wikipedia.org/wiki/शिवमहिम्न_स्तोत्र,9ce9a41bd72e9cb3417149ae947e9d1ee20ee8a35c54a8fa888fe1859979ea93
P1,hin_wikipedia_2021_300K,hin,L20,1300,http://hi.wikipedia.org/wiki/बर्गर_किंग,9f8c55d429ce363adec7ab097cfe6f0bd55a2feb2ed6b8427f60f2259f811d39
P1,hin_wikipedia_2021_300K,hin,L20,1303,http://hi.wikipedia.org/wiki/प्राकृत_साहित्य,e560d8d189a467746d0afbebb6091fe55b4bcc9d932676e81f9d4b25ea9a32a1
P1,hin_wikipedia_2021_300K,hin,L20,1305,http://hi.wikipedia.org/wiki/वल्लभ_भाई_पटेल,b4123310ef8bb39ccbcab049163442a0a33723a3945d79bfc118bd237303aa33
P1,hin_wikipedia_2021_300K,hin,L20,1308,http://hi.wikipedia.org/wiki/गुजरात,7172ea01e04d0a5e5df79fa7bb9ac617618ef53f05ddc9c730956c232ff7546b
P1,hin_wikipedia_2021_300K,hin,L20,1309,http://hi.wikipedia.org/wiki/बाड़मेर,4a34f7c3108f9c74d686ee967fe2870f45669ffc564326b408286cbeb9522953
P1,hin_wikipedia_2021_300K,hin,L20,1310,http://hi.wikipedia.org/wiki/परमार_भोज,415dba29990b106bbe2d997c270ba88756e2dac4e35faa819ab59cea79917e70
P1,hin_wikipedia_2021_300K,hin,L20,1311,http://hi.wikipedia.org/wiki/कलरीपायट्टु,777f21753cee0761f73f03ace4dd7befc261a50ba2cd2805ee488ad0ded818dd
P1,hin_wikipedia_2021_300K,hin,L20,1312,http://hi.wikipedia.org/wiki/हिन्दी_पत्रकारिता,1c9735ef7f63158272d6f39f8c92288a4bb69891bc4eb914b9c51605e2b82e6e
P1,hin_wikipedia_2021_300K,hin,L20,1314,http://hi.wikipedia.org/wiki/उद्योग,2fa636f77a2a228d4d3adeca8c78ba265142d471452e3b398325d16fe0a39ef6
P1,hin_wikipedia_2021_300K,hin,L20,1315,http://hi.wikipedia.org/wiki/जलवायु_परिवर्तन_और_लिंग,dfda50cb8396467f846c013195a24dea21d98a51d1f4d3df3a632edf8a3ad684
P1,hin_wikipedia_2021_300K,hin,L20,1316,http://hi.wikipedia.org/wiki/मेरा_संघर्ष,5eb1bca0b8e17c6d1b63623db13a056f91fe75dbea782e6650fc6c6ef579a809
P1,hin_wikipedia_2021_300K,hin,L20,1317,http://hi.wikipedia.org/wiki/हास्य_व्यंग्य,73897d7f00546f20a4833f54ae079b4feb89faa37089e69d609cb9b892e63ebf
P1,hin_wikipedia_2021_300K,hin,L20,1318,http://hi.wikipedia.org/wiki/पाटा,a897c04296b4d084507b270f536eac142ea8af2da2137ee10b31d3d02ab88ffe
P1,hin_wikipedia_2021_300K,hin,L20,1319,http://hi.wikipedia.org/wiki/गुणात्मक_अनुसंधान,8b99b0a70fd0d65172cb25cf9877cc7a5a605b120bdc2851f8d7cbb29f71c4f1
P1,hin_wikipedia_2021_300K,hin,L20,1323,http://hi.wikipedia.org/wiki/मनोरोग_विज्ञान,68fd59370c4ab1849a98f09e37978b58908cae4cc8a27a66204b68b87a7723de
P1,hin_wikipedia_2021_300K,hin,L20,1324,http://hi.wikipedia.org/wiki/मय_थाई,5df4e612fcd5fedbb34a09399cc848c6d8c9868d02aa7bc0ec3232c428983184
P1,hin_wikipedia_2021_300K,hin,L20,1325,http://hi.wikipedia.org/wiki/राम_प्रसाद_नौटियाल,656a7e2590981208a28aeb2087a529ae22567d6eadb8ed2e37df4af77b2ed8bf
P1,hin_wikipedia_2021_300K,hin,L20,1329,http://hi.wikipedia.org/wiki/वसुदेव_(उपन्यास)-नरेन्द्र_कोहली,d1e3b4925db637d60673ea3b0dd25e561681c2a0c42e4a02be782ce0a4ab544f
P1,hin_wikipedia_2021_300K,hin,L20,1330,http://hi.wikipedia.org/wiki/शिवा_(यहूदी_धर्म),c7531746a040a93427363d0e299bfd5d7456c06a0fdb889568851c5a421529b3
P1,hin_wikipedia_2021_300K,hin,L20,1331,http://hi.wikipedia.org/wiki/सिटीग्रूप,a0449dd01db97c89b43103443348ace404cc5f180971061aec4c3197a2f0bf5c
P1,hin_wikipedia_2021_300K,hin,L20,1332,http://hi.wikipedia.org/wiki/मोतियाबिंद_शल्यक्रिया,aaab576e1c75c727c2f0726dec29d44bee49bf0988894ea9bf039e3e5e19234e
P1,hin_wikipedia_2021_300K,hin,L20,1334,http://hi.wikipedia.org/wiki/जूडस_इस्कैरियट,a3c22f944f95200274b6de4936b9093eb39ab257af8b93e93aeed15d5ab8f69c
P1,hin_wikipedia_2021_300K,hin,L20,1338,http://hi.wikipedia.org/wiki/इनसीड,2a95d8b79683b6d0b1498f788261f3fba640b2ecb386a07cc034037fa6f2d646
P1,hin_wikipedia_2021_300K,hin,L20,1339,http://hi.wikipedia.org/wiki/डुनेडिन,f0f9b41b9a15ba16c73f77d4edf17d41a735927e44cb1efda3bc750645757529
P1,hin_wikipedia_2021_300K,hin,L20,1340,http://hi.wikipedia.org/wiki/नालापत_बालमणि_अम्मा,a810f86df5d6e1d16c5587a49c8545299b1c78eb3e73ecdda85eda2b143cb8bc
P1,hin_wikipedia_2021_300K,hin,L20,1341,http://hi.wikipedia.org/wiki/अपोलो_अभियान,8197370eeec0d4268c25f45815c86755e94e1d473ca206fae08f1b758867eaae
P1,hin_wikipedia_2021_300K,hin,L20,1346,http://hi.wikipedia.org/wiki/ट्रू_ब्लड,52dbfe9f1acf9238e5dd64fb5fa5c5269efb7e7b183d2cae94e8f6f70c1c1da4
P1,hin_wikipedia_2021_300K,hin,L20,1347,http://hi.wikipedia.org/wiki/जुरासिक_पार्क_(फिल्म),5e5808f125297f2953a291d317bbc6e549ec97bfe1612c368fbf2b88696a8c4f
P1,hin_wikipedia_2021_300K,hin,L20,1349,http://hi.wikipedia.org/wiki/संगठनात्मक_विकास,ed20d5d09805e1008cfd2507ca53dd59c618ca2607b73bf43bbaf893da6171e4
P1,hin_wikipedia_2021_300K,hin,L20,1351,http://hi.wikipedia.org/wiki/अपस्मार,c28cbf00c0fcd4ecc55022b1c987544c444d591f08076e008f9fb529bc052629
P1,hin_wikipedia_2021_300K,hin,L20,1352,http://hi.wikipedia.org/wiki/प्राचीन_भारतीय_इतिहास_की_जानकारी_के_साधन,fcfd110b47bb3c621ed858881b298ee37400200e5ba7060b6dbd8111368da896
P1,hin_wikipedia_2021_300K,hin,L20,1353,http://hi.wikipedia.org/wiki/रेसलमेनिया,e578de893a52b22ba440f535e70691e064827ba6e325cb53405dd9b78bf082d7
P1,hin_wikipedia_2021_300K,hin,L20,1354,http://hi.wikipedia.org/wiki/भुवनेश्वर,92a7c68bf75fc76b730d75f197472937fbef061156a25cc99a977073602ad470
P1,hin_wikipedia_2021_300K,hin,L20,1356,http://hi.wikipedia.org/wiki/बलराज_मधोक,4853f3e2a3320e6e5e299b370741899d0a429349ce439a28876e551a07f7f516
P1,hin_wikipedia_2021_300K,hin,L20,1357,http://hi.wikipedia.org/wiki/पेरासिटामोल,3e7622a9214e4d8824f7cc9130dc18a933a20d4b660e60d190b0b6ee253c8902
P1,hin_wikipedia_2021_300K,hin,L20,1358,http://hi.wikipedia.org/wiki/सरसों,c9ef320289f044997b47b781f6237194690a59963ff8489caefad14699148841
P1,hin_wikipedia_2021_300K,hin,L20,1359,http://hi.wikipedia.org/wiki/एण्ड्रोमेडा_गैलेक्सी,afadbc43ee9f2b2507bea9023d8e476a7ace6d9427590ce3ef2a634ca9354e8f
P1,hin_wikipedia_2021_300K,hin,L20,1361,http://hi.wikipedia.org/wiki/टोडाभीम,c7992b1ff7ae6535b4e309ad6ac7c9b8f035f69e42a7f36a77a74330b6f46fce
P1,hin_wikipedia_2021_300K,hin,L20,1363,http://hi.wikipedia.org/wiki/ये_रिश्ता_क्या_कहलाता_है,fca931cf44669821b341b55c7606078f86265cf91c814a9a025b4eb95c36e372
P1,hin_wikipedia_2021_300K,hin,L20,1364,http://hi.wikipedia.org/wiki/बिहारी_(साहित्यकार),790334ffd064f20af0ecb2d39eb2aa111d8f70a4d8b9326f0c1e00218353c7c4
P1,hin_wikipedia_2021_300K,hin,L20,1366,http://hi.wikipedia.org/wiki/रॉबर्ट_क्लाइव,6e6af69ddf4ec9c9aa550ca1283b440476a2cad08991619234b274a68c2a9575
P1,hin_wikipedia_2021_300K,hin,L20,1368,http://hi.wikipedia.org/wiki/सामाजिक_स्तरीकरण,10ab3312ccf5ce9f31da279bf5bef009aa74c19aa155740d44e1fe8b8b8ee8eb
P1,hin_wikipedia_2021_300K,hin,L20,1369,http://hi.wikipedia.org/wiki/करवा_चौथ,190e1cfcbababc88421da3788dfa7b13e992cbea7cee2694d3ed2183ff5a4e32
P1,hin_wikipedia_2021_300K,hin,L20,1370,http://hi.wikipedia.org/wiki/उसैन_बोल्ट,f126176028e6d3a003404d2717f72917a7a7e88d6eb81781adb4541ae58ffdf9
P1,hin_wikipedia_2021_300K,hin,L20,1371,http://hi.wikipedia.org/wiki/भारतीय_कर_व्यवस्था,bcc2100ff093313388a9a0af870117f4077ec92a3f0c63e5aeebfd35764ba86c
P1,hin_wikipedia_2021_300K,hin,L20,1372,http://hi.wikipedia.org/wiki/ईसप_की_दंतकथाएँ,f19cb96b22ff4e01afffd77528e5577fbd425c8aa8e65ebccf61384db1d8b63f
P1,hin_wikipedia_2021_300K,hin,L20,1373,http://hi.wikipedia.org/wiki/ए॰_पी॰_जे॰_अब्दुल_कलाम,c75ffa8bca327718526bd911ac0c275d74362c56777b99e260009ca37e7231a3
P1,hin_wikipedia_2021_300K,hin,L20,1374,http://hi.wikipedia.org/wiki/मनुस्मृति,5642f5883273d7a1aecd588d3d062a725d70329514bce5bc483a21e2c2ea731a
P1,hin_wikipedia_2021_300K,hin,L20,1375,http://hi.wikipedia.org/wiki/आर्य_समाज,4d54adf7e307f36efc8608188c114225a65c99d0783b53ede7988e8e9c2625fc
P1,hin_wikipedia_2021_300K,hin,L20,1377,http://hi.wikipedia.org/wiki/राज्य_सभा,7fe3a36cd98ac37dc5ab9ca3eeeb34b884dad32a1c507de2619cd77359349abb
P1,hin_wikipedia_2021_300K,hin,L20,1378,http://hi.wikipedia.org/wiki/कानपुर,ee1183d5024481ccb358bbfb7cb6d4e20ed1f8272f4155cff2653669e3411957
P1,hin_wikipedia_2021_300K,hin,L20,1380,http://hi.wikipedia.org/wiki/चित्तौड़गढ़,18f63bb38fa2451c38d7f40529eedba4c8610a1b05f42783f5068035ee67416d
P1,hin_wikipedia_2021_300K,hin,L20,1382,http://hi.wikipedia.org/wiki/डीग,26e81f1c9a6a5269476a9303d40888adfc6cbcd7c076ec5940c42f0a8b332d7c
P1,hin_wikipedia_2021_300K,hin,L20,1383,http://hi.wikipedia.org/wiki/भारत_की_संस्कृति,3285fe21d1563b1a1dbb42cc5168b458705be85e30f6c228fe14f3a84d9c655d
P1,hin_wikipedia_2021_300K,hin,L20,1384,http://hi.wikipedia.org/wiki/भारत-चीन_सम्बन्ध,f893e87996364572c5be6a870277f1ccf4071e5befa754f5e5f8e49d15c7799b
P1,hin_wikipedia_2021_300K,hin,L20,1387,http://hi.wikipedia.org/wiki/सुनहरी_मछली_(गोल्डफिश),080a25b9c7cdfae5869e7a838826e77f2d95314c3f92c965766b822a74aa5233
P1,hin_wikipedia_2021_300K,hin,L20,1388,http://hi.wikipedia.org/wiki/2019–20_कोरोनावायरस_महामारी,daf2ac8aa45bff9af55bcf7fe8a4ae4c1bb5b79a1cf46d1ec52e1add8dbd47be
P1,hin_wikipedia_2021_300K,hin,L20,1389,http://hi.wikipedia.org/wiki/थकान,e3980e609ea34d323d5d75ee4e9d4b8e120d5f05ec48a4cb0183ccadfe566e33
P1,hin_wikipedia_2021_300K,hin,L20,1391,http://hi.wikipedia.org/wiki/दक्षिण-दक्षिण_सहयोग,7b9170181b62af1ff042d8e95ad9c7839443713e3124f5171499ac55d29933e1
P1,hin_wikipedia_2021_300K,hin,L20,1393,http://hi.wikipedia.org/wiki/उष्ट्रगण,3e2f6040d2440299ec7ccb464ece338bc2f330ab7e69998612b2df604d159677
P1,hin_wikipedia_2021_300K,hin,L20,1394,http://hi.wikipedia.org/wiki/गुजराती_साहित्य,0d5fd2cdb880b3bcdea823447084cfeba8d7bc4b13b6bfdf6c1b6b91aec96612
P1,hin_wikipedia_2021_300K,hin,L20,1396,http://hi.wikipedia.org/wiki/नव_अफलातूनवाद,99189418a99cb1017914ec4142ee1f5bb02ec9b4abfeda9eea755d8cfc17b84d
P1,hin_wikipedia_2021_300K,hin,L20,1398,http://hi.wikipedia.org/wiki/विद्यारंभ_संस्कार,04b8df589df8170e800c9e6032f33355f59ded90610d6cd983d2b99ae85addbb
P1,hin_wikipedia_2021_300K,hin,L20,1399,http://hi.wikipedia.org/wiki/नन्दा_देवी_राजजात,06cdd0b1f6c3c3dc74fcb81e15002e56e0effb78f13f1f38072c895d2483c5e8
P1,hin_wikipedia_2021_300K,hin,L20,1401,http://hi.wikipedia.org/wiki/कैथोलिक_यूनिवर्सिटी_ऑफ_अमेरिका,c86cf4e80d4983c59cadf9aace507b85d3e3136b98278974b65b2540a453de1d
P1,hin_wikipedia_2021_300K,hin,L20,1402,http://hi.wikipedia.org/wiki/लघु_वित्त,f7e3beba9437eefec14ab5374a65c42f738ad905b882b6e6aae3767da22a6f71
P1,hin_wikipedia_2021_300K,hin,L20,1404,http://hi.wikipedia.org/wiki/चीर_हरण,7c4cc487a27c5c0b31593829b09d989a57a902d041177a94bba8831c3f5c6c31
P1,hin_wikipedia_2021_300K,hin,L20,1406,http://hi.wikipedia.org/wiki/ग्रैजुएट_रिकॉर्ड_एक्जामिनेशन,fdbc2345d37c34c09c10f20a0296704402efa87f82aca794ae19c47929c1b0d5
P1,hin_wikipedia_2021_300K,hin,L20,1407,http://hi.wikipedia.org/wiki/नागराज_(कॉमिक्स),cd21e69e9b8ede4ce1204fdca6b1a67d427df3fcf42f1c601a84a6095bc365d6
P1,hin_wikipedia_2021_300K,hin,L20,1408,http://hi.wikipedia.org/wiki/हेपरिन,b4eacaef7e2b92c8cb04591189c7672d4f8b2535690b284cbfe4f4daf6210ad0
P1,hin_wikipedia_2021_300K,hin,L20,1410,http://hi.wikipedia.org/wiki/अंडर-१९_क्रिकेट_विश्व_कप,d430cdf4da03e5b2be37a492cc386987654a2fa5477e1759e328656c0a818b40
P1,hin_wikipedia_2021_300K,hin,L20,1412,http://hi.wikipedia.org/wiki/महाशय_राजपाल,a110eb04059c63bb43e110e761a091718bbf3e753bc172f9347b908b8520817a
P1,hin_wikipedia_2021_300K,hin,L20,1415,http://hi.wikipedia.org/wiki/जॉन_सीना,ad085f0fd90e3e52a32b3cf94453263e7d42ad178ad81606c6bdc640d26f7ba3
P1,hin_wikipedia_2021_300K,hin,L20,1416,http://hi.wikipedia.org/wiki/बिल_गोल्डबर्ग,5d0fdd14bb5ca19e4df47f56a1317f6bba1bad3940c1f7edb7cf1613fdf57e0a
P1,hin_wikipedia_2021_300K,hin,L20,1417,http://hi.wikipedia.org/wiki/मूत्र_मार्ग_संक्रमण,91d11c5708dd9bb859af6abadb589d47f4bc1870508481a9712fb504753b46ae
P1,hin_wikipedia_2021_300K,hin,L20,1419,http://hi.wikipedia.org/wiki/रोमानिया,c94902c46ee728f0fe13086fda97f44324cbbb6708f295fbc345391cab1a981e
P1,hin_wikipedia_2021_300K,hin,L20,1420,http://hi.wikipedia.org/wiki/मदीना,18d7741e9ff9683d5a5b8b977f9caec72867168c3c37aaf2483b904e8afade6a
P1,hin_wikipedia_2021_300K,hin,L20,1422,http://hi.wikipedia.org/wiki/राष्ट्रपति_भवन,6533f76856feec08eeebef69eb952ed9a7e9e234674a1e2ef4ac3243faf7181e
P1,hin_wikipedia_2021_300K,hin,L20,1423,http://hi.wikipedia.org/wiki/वेदान्त_दर्शन,9fb0bffa997818f033bab7319dc0648aeb14dd6408d210a2f06bb8a5a6e02e76
P1,hin_wikipedia_2021_300K,hin,L20,1424,http://hi.wikipedia.org/wiki/सहारा_मरुस्थल,1a465bdb5929f5f73ac17a9b7477c7082e59a851a1dec4be172fbb3d7e871c9f
P1,hin_wikipedia_2021_300K,hin,L20,1425,http://hi.wikipedia.org/wiki/कैमकॉर्डर,29cd720a63c3e7cb8e574f08b9e56b2917e8dcf222132ea39a4451717f32428b
P1,hin_wikipedia_2021_300K,hin,L20,1426,http://hi.wikipedia.org/wiki/गूगल_उत्पादों_की_सूची,a616d8f014012fa5128e0131ca8e78201e3234c3f05e921cb755e63775c949d2
P1,hin_wikipedia_2021_300K,hin,L20,1427,http://hi.wikipedia.org/wiki/टॉम_क्रूज़,cc383e6ced91ac3410a716f77ec6aea6bc99780930b52dfc6de612a104a5423d
P1,hin_wikipedia_2021_300K,hin,L20,1428,http://hi.wikipedia.org/wiki/हेमचन्द्राचार्य,0620643a367ebbf3a75bae538a87f1db1f450110726c4e766233355ea1e2c4cd
P1,hin_wikipedia_2021_300K,hin,L20,1429,http://hi.wikipedia.org/wiki/हाइपरथाइरॉयडिज़्म,499ad088316a04c0577931d4656e161d8c2017747d9337d7b7dc3d98df271495
P1,hin_wikipedia_2021_300K,hin,L20,1431,http://hi.wikipedia.org/wiki/बेसल_नाभिक,44ad6a9f1921e1cc3b82d9a6a9b9f32922fa80519fd37ac0023d85bfcd7bd634
P1,hin_wikipedia_2021_300K,hin,L20,1432,http://hi.wikipedia.org/wiki/सामंतवाद,0a6863b221990589a1a332bd525be58bdd200d3fd15697545c82bd2b08b1fb5b
P1,hin_wikipedia_2021_300K,hin,L20,1433,http://hi.wikipedia.org/wiki/जैविक_खाद्य_पदार्थ,dcfecc9dd657699a2bf0b6cc6e58dd802b83a629c5453db14c003dc553db6113
P1,hin_wikipedia_2021_300K,hin,L20,1434,http://hi.wikipedia.org/wiki/नेचर_(पत्रिका),3052bd0ff5da8087f55b4681c9d33b1e84b0200b51bcd5f9fa06056c525ed5b1
P1,hin_wikipedia_2021_300K,hin,L20,1436,http://hi.wikipedia.org/wiki/मनोविज्ञान,cb94e338dc20be0e34b172ca70f5d5f6546ed16f4e32fbb7456efcca57e1c27b
P1,hin_wikipedia_2021_300K,hin,L20,1438,http://hi.wikipedia.org/wiki/हेलो:_कॉम्बैट_इवॉल्व्ड,e048fef57464ac3ef218421d6cd8a79a935bae05a0b5ede49bd69faea56766e8
P1,hin_wikipedia_2021_300K,hin,L20,1440,http://hi.wikipedia.org/wiki/जगन्नाथ_प्रसाद_चतुर्वेदी,eba0722294d4dcf933c07ff4f578293767fecfd88ab8288801175a0d457c8ca9
P1,hin_wikipedia_2021_300K,hin,L20,1441,http://hi.wikipedia.org/wiki/वियना_कांग्रेस,2fc06616b7e96a3ecbf401adad4dfc02edb6e4ff838e8053674d30f2f2cb3296
P1,hin_wikipedia_2021_300K,hin,L20,1442,http://hi.wikipedia.org/wiki/संगणक_संचिका,053ad3e1ec0dfac560981fef8b1f65a315249cda965e1b5cea323f3c58ec25e8
P1,hin_wikipedia_2021_300K,hin,L20,1445,http://hi.wikipedia.org/wiki/रामकृष्ण_पिल्लई,41332948dfa0a33573df42d6acc871f01363d7b1e6daca84e31fdfe0acd73022
P1,hin_wikipedia_2021_300K,hin,L20,1448,http://hi.wikipedia.org/wiki/आशा_भोसले,c7381ee1f81b57638f9d39c7fb34fb6aac0b95187a26e9aa7e2699184fd1af8b
P1,hin_wikipedia_2021_300K,hin,L20,1450,http://hi.wikipedia.org/wiki/स्फटिक_कपाल,aedf50728b9c24ceeaf0730216334494dbe76299f4f7956b2c1f6609470c13f3
P1,hin_wikipedia_2021_300K,hin,L20,1451,http://hi.wikipedia.org/wiki/कालिदास,56fc0031c983619cf6f6d6b06101ac5c291ccda936b028df937589f2d9d1852f
P1,hin_wikipedia_2021_300K,hin,L20,1452,http://hi.wikipedia.org/wiki/भर्तृहरि,c0ddd2cafe722ac008ff4fce0b6fb6ec49e757aa541d3fefd0bf0226dedd1903
P1,hin_wikipedia_2021_300K,hin,L20,1453,http://hi.wikipedia.org/wiki/अज़रबैजान_की_वास्तुकला,97b7a89b5ea16581912f1f5a27ea5f216d442329b20170b40695758fd08c1b25
P1,hin_wikipedia_2021_300K,hin,L20,1455,http://hi.wikipedia.org/wiki/डेविड_बेखम,3b95e4dbe68b258c8ac14c0ad4ae347b82a8474a83f9c33928bcf85ba20fccf4
P1,hin_wikipedia_2021_300K,hin,L20,1458,http://hi.wikipedia.org/wiki/शब्दकोश,10b9ed50b4af050228156f0ddb87661fa1fc39efef409f58a14eaea3ca44038a
P1,hin_wikipedia_2021_300K,hin,L20,1459,http://hi.wikipedia.org/wiki/हाजीपुर,e28b75bc543f4da18399f4f2d0a9db8170991299ded5a22aa6c677c995405fb3
P1,hin_wikipedia_2021_300K,hin,L20,1460,http://hi.wikipedia.org/wiki/कोणार्क_सूर्य_मंदिर,17537510cc0be86540bb8d1a3b378a6a8149ccc789048f8ce2d76b244c31cf80
P1,hin_wikipedia_2021_300K,hin,L20,1462,http://hi.wikipedia.org/wiki/अशोक,78fb90791686781a5bff4f322fdc8819d498a5afaef981bfb4cb4a9805454350
P1,hin_wikipedia_2021_300K,hin,L20,1463,http://hi.wikipedia.org/wiki/एलिज़ाबेथ_द्वितीय,0d6460b3ab1d05b671f28aad71931794d17e84c1fde5f1bbed80b9b7d09e5930
P1,hin_wikipedia_2021_300K,hin,L20,1464,http://hi.wikipedia.org/wiki/देवनागरी,395f66943fa736c4cd0a2c9b777e9d68f86b8a4c21c2c1809539dc40328ec919
P1,hin_wikipedia_2021_300K,hin,L20,1465,http://hi.wikipedia.org/wiki/जनजाति,d744dc752c9a01b4d20016dde305a11c2a19efc00d176c456595bfcbfb03f17e
P1,hin_wikipedia_2021_300K,hin,L20,1466,http://hi.wikipedia.org/wiki/जयपुर,8c3e9b58cbcd82e6dfd7051e47ff4154022b472c4620ad526d7f8c6a9b69271d
P1,hin_wikipedia_2021_300K,hin,L20,1467,http://hi.wikipedia.org/wiki/धौलपुर,4141cce9c7ffde15d69a4726c1deb6acd9abef8130f6838b74053eeb1d36521b
P1,hin_wikipedia_2021_300K,hin,L20,1469,http://hi.wikipedia.org/wiki/राजस्थान,beb6c762ae800d053774d29aa334b57acf8849a2ae3718699a87a5e6e79d9745
P1,hin_wikipedia_2021_300K,hin,L20,1470,http://hi.wikipedia.org/wiki/जमुई,ddef66ae86a56768ef54436836f598b13b85e081d588b7ec83a66b8c13d1c82f
P1,hin_wikipedia_2021_300K,hin,L20,1472,http://hi.wikipedia.org/wiki/अनग्रदंत,83a13008c4eb5725df80593d5092243e2f2133803d09af2f99384b96b2c31169
P1,hin_wikipedia_2021_300K,hin,L20,1474,http://hi.wikipedia.org/wiki/एकांकी,6f026ebe21e0a711c0cb3685805db36388d022ccaee728a7d3f1367fb889c5e3
P1,hin_wikipedia_2021_300K,hin,L20,1477,http://hi.wikipedia.org/wiki/पुंसवन_संस्कार,4109677cae743094769a009853636682ec2775df25fc8871c916f906395efaac
P1,hin_wikipedia_2021_300K,hin,L20,1478,http://hi.wikipedia.org/wiki/प्रत्यायोजन,19cc67892a4811cbad36b18cc0611d38525fbabe59a07c3d7df7f3deaec01542
P1,hin_wikipedia_2021_300K,hin,L20,1480,http://hi.wikipedia.org/wiki/शिक्षाशास्त्री,d3ec8e6cc46954455790fca56416fa7e6fcd41e67f7c3f7e33f7d6c7268ad17e
P1,hin_wikipedia_2021_300K,hin,L20,1481,http://hi.wikipedia.org/wiki/ए_वॉक_टू_रिमेम्बर,08ab58806e8a0090208a26f87eac0520a4a148debeb763a2d36d994bfb9b334c
P1,hin_wikipedia_2021_300K,hin,L20,1482,http://hi.wikipedia.org/wiki/कंक्रीट,5ccd11f254f2ba2a78ee2aaf47d6ba0e4e4a13ac73fb42bd72dfe7e968ffb4e4
P1,hin_wikipedia_2021_300K,hin,L20,1483,http://hi.wikipedia.org/wiki/अलिंदी_पटलीय_दोष,fc4010ecb3b31d73df08ccde9bb0458f291c3d4522def2b985ce48ce4a112ade
P1,hin_wikipedia_2021_300K,hin,L20,1484,http://hi.wikipedia.org/wiki/कार्ट_रेसिंग,93a3de1791d86995bb8ce335041a7b202ad4a2dd6b0081da672a37b98a759d3d
P1,hin_wikipedia_2021_300K,hin,L20,1486,http://hi.wikipedia.org/wiki/सिकन्दरिया,6db08b8f221ad06c966423385807791fb2c708e98531900a47e87f446a2c7697
P1,hin_wikipedia_2021_300K,hin,L20,1487,http://hi.wikipedia.org/wiki/वांटेड_(2008_फ़िल्म),3acf5864c325e52b6d1742d1a194eb33d83bfcbde39a6649a51edaf0f6987d12
P1,hin_wikipedia_2021_300K,hin,L20,1489,http://hi.wikipedia.org/wiki/अवधी,1e82a8c1448c01d9497a088270ca70ebba13ba199366fa1e936a07dd85b8f5f5
P1,hin_wikipedia_2021_300K,hin,L20,1491,http://hi.wikipedia.org/wiki/एमा,2c19bc133b216c9ec6426fd8afd7b19b6eb0a74ab63f01bdd7b2e8e212de491f
P1,hin_wikipedia_2021_300K,hin,L20,1493,http://hi.wikipedia.org/wiki/स्नो_पेट्रोल,bd79857732593f3a237a3c7a4e91c7b6a0a16ab3da459cc5c787b5a80d375c61
P1,hin_wikipedia_2021_300K,hin,L20,1495,http://hi.wikipedia.org/wiki/प्रोग्रैमेबल_लाजिक_कंट्रोलर,19c582335bfc31f58a1e8c22419f4e3614f29555062412701f4a4cf04e99a490
P1,hin_wikipedia_2021_300K,hin,L20,1496,http://hi.wikipedia.org/wiki/प्रोटीन_संरचना,77631ac8038dc060da864caed943e0b3107ff693e90f01f3da7973799a46e16f
P1,hin_wikipedia_2021_300K,hin,L20,1497,http://hi.wikipedia.org/wiki/हॅरी_हुडीनी,2139a94a4b53d36686a468724dff3e8252506127c516862c45241a66aa00a460
P1,hin_wikipedia_2021_300K,hin,L20,1503,http://hi.wikipedia.org/wiki/द्विनेत्री_दूरदर्शी,3a841504d23c5ea89e322037c8c34384cb34c9213a887e4f19f0d912776ce8e0
P1,hin_wikipedia_2021_300K,hin,L20,1504,http://hi.wikipedia.org/wiki/सी॰डी॰एम॰ए,0fafb337f985cb8e6cdb3d06fdffd6bcd3478a21145bf7dbe90330b7f6b6bea2
P1,hin_wikipedia_2021_300K,hin,L20,1505,http://hi.wikipedia.org/wiki/ईंट,a8c9bba55c473ec5ee2ca83683b79b188179797a76613644d7089b62ae9a4ff6
P1,hin_wikipedia_2021_300K,hin,L20,1506,http://hi.wikipedia.org/wiki/मिज़ोरम,0a46d6dbb51fabd8a2ebbbaf573c926f47b45cced0d5b3e714332bf602c45063
P1,hin_wikipedia_2021_300K,hin,L20,1507,http://hi.wikipedia.org/wiki/काठमाण्डु,6d4733edf3720aedafaacae7d6fb789b0429c5f7226e0ec0c0ae0efe0b3f989b
P1,hin_wikipedia_2021_300K,hin,L20,1508,http://hi.wikipedia.org/wiki/लियोनेल_मेस्सी,9dbcfe5f4473070f89ea42ebb0b47e453d981b3a1ff6f361c73a90def6a61470
P1,hin_wikipedia_2021_300K,hin,L20,1509,http://hi.wikipedia.org/wiki/रूस_का_इतिहास,e770bd1aa1a2b6c68dc4c3bd0714ab46337a2caa9d8a66ebf7d1c0b32471ec4e
P1,hin_wikipedia_2021_300K,hin,L20,1510,http://hi.wikipedia.org/wiki/नॉटिंग_हिल_(फ़िल्म),0e9b25af5fa5ce8ec0fa318636b179b7f77aa244f21c7401b25f99a77586319d
P1,hin_wikipedia_2021_300K,hin,L20,1511,http://hi.wikipedia.org/wiki/प्राचीन_भारतीय_विज्ञान_तथा_प्रौद्योगिकी,c6695dd81c30353f3f88f2ec7f9bcd0fe152cec2337ad4be352b45d57e035d48
P1,hin_wikipedia_2021_300K,hin,L20,1513,http://hi.wikipedia.org/wiki/हॉक-आई,df6ecef194cd2b6cfde06eb38cbda387ad7e7a68b1a71a351f01957fdf93c1a6
P1,hin_wikipedia_2021_300K,hin,L20,1515,http://hi.wikipedia.org/wiki/आँकड़ा_खनन,26babdba310195b1dcab4163b72884d5587fe31966ec3bfa8d18ffcae08112c7
P1,hin_wikipedia_2021_300K,hin,L20,1516,http://hi.wikipedia.org/wiki/चैनल,444c1991174aaf92f42d1f4fbad59526fdf317dc6a0c52cc0a093811bc001f1e
P1,hin_wikipedia_2021_300K,hin,L20,1517,http://hi.wikipedia.org/wiki/निक्षारण,7b55ec21e0d4677682ff38a5a294a0da5f87c76f8bf0d7cf952150a6c09ade39
P1,hin_wikipedia_2021_300K,hin,L20,1518,http://hi.wikipedia.org/wiki/गृहप्रबन्ध,20cd40985f3052524ee8c49d6f66fcec9ab81d7a4cf4fc89fccd1c21773ca3fd
P1,hin_wikipedia_2021_300K,hin,L20,1519,"http://hi.wikipedia.org/wiki/भारत_के_मूल_अधिकार,_निदेशक_तत्त्व_और_मूल_कर्तव्य",6ec82b7b4b399a044ddbb7be582c56b228a474e1dc730db44b56a4240f98aa3c
P1,hin_wikipedia_2021_300K,hin,L20,1520,http://hi.wikipedia.org/wiki/कृष्णिका,faf76f0798ae27ffca8ee374ac27521a086de4b0f09bf51f886edb5844e9cf3e
P1,hin_wikipedia_2021_300K,hin,L20,1521,http://hi.wikipedia.org/wiki/आइटेनीयम,d6147f79d4a14ea406bc4411d838e1a252e8034f0387cf805e57cc55407bb635
P1,hin_wikipedia_2021_300K,hin,L20,1522,http://hi.wikipedia.org/wiki/अंतर्राष्ट्रीय_व्यापार,6f02da0ba252a6de780669a9b9d9c2e8526ab08f01f5c1fbff6cba69f06f210c
P1,hin_wikipedia_2021_300K,hin,L20,1523,http://hi.wikipedia.org/wiki/भारत_में_जाति_से_संबंधित_हिंसा,243dccf6e7ddf278b3728755ac9ec54dd2cc20c5ae456dfedac9b87093bb6cb3
P1,hin_wikipedia_2021_300K,hin,L20,1524,http://hi.wikipedia.org/wiki/मधुमक्खी_पालन,71e7486216e3854f9c6fbeb8c0fedeba4de0eadd28f760cc3ada2815cbfa6063
P1,hin_wikipedia_2021_300K,hin,L20,1526,http://hi.wikipedia.org/wiki/क्लाउड_कम्प्यूटिंग,200dbf3f289006562b35f6d047ba9513f64b9d780a91dccc797fc689a47234a0
P1,hin_wikipedia_2021_300K,hin,L20,1529,"http://hi.wikipedia.org/wiki/भारत_सरकार_अधिनियम,_१९३५",85166d9e1a5b5aebcbfbeef06d6f8f2a9eb68460ca559ef838c5f19485e40b42
P1,hin_wikipedia_2021_300K,hin,L20,1531,http://hi.wikipedia.org/wiki/रामदास_काठियाबाबा,17a760ee2753c9fcd6e229363b3a96a4993df278f44b81cf978a55fa7a5d940a
P1,hin_wikipedia_2021_300K,hin,L20,1532,http://hi.wikipedia.org/wiki/अधिगम,70af3f5927594ef4972a31b1e36a2211d7dae8a675dee884a6c5f5cb9c17e9d9
P1,hin_wikipedia_2021_300K,hin,L20,1534,http://hi.wikipedia.org/wiki/भृगु,8e0ae16333493c247a76526daaa06e9b0ab51ab8c756bc1fdc345adcd5b585e3
P1,hin_wikipedia_2021_300K,hin,L20,1537,http://hi.wikipedia.org/wiki/गौरवशाली_क्रांति,81e1d1825b413e06d93a0d07409fa3ae9bac0ecb2127651be977c8314f26c489
P1,hin_wikipedia_2021_300K,hin,L20,1538,http://hi.wikipedia.org/wiki/प्रेमकथा,eb1ecef8c17b1787a66c93bd08caa38dc8e32c7ae2abcca18c4ddfe4c6816784
P1,hin_wikipedia_2021_300K,hin,L20,1542,http://hi.wikipedia.org/wiki/पृथ्वीराज_रासो,aa8cd54c55b31e4ecf1c146102ec3e94c029cd144cbf35e432bd70cd03144850
P1,hin_wikipedia_2021_300K,hin,L20,1543,http://hi.wikipedia.org/wiki/भारत_में_समाजवाद,db9193cccdbc4e98d650079d5350e6c258b468bdc238348a7024165743dea839
P1,hin_wikipedia_2021_300K,hin,L20,1544,http://hi.wikipedia.org/wiki/रजनीश_कुमार_शुक्ल,f32e243eebdd10d8f90b04399b9658a4835920114e7a471fd9f6eb4612179d3f
P1,hin_wikipedia_2021_300K,hin,L20,1546,http://hi.wikipedia.org/wiki/मैसूर,f08021e2c18424e65e21e3c600a0768e60bc90ac12e56a28e5df6d9ce060298f
P1,hin_wikipedia_2021_300K,hin,L20,1547,http://hi.wikipedia.org/wiki/सपुष्पक_पौधा,6e13bde428d890c83a8576d81b91850d06b7fe3d1cf7c34214c550859eaf2a1a
P1,hin_wikipedia_2021_300K,hin,L20,1551,http://hi.wikipedia.org/wiki/परशुराम,bbd2d09937050f521c34db325d0da87f085ecb58c8fc2143a3f8e93c439209d9
P1,hin_wikipedia_2021_300K,hin,L20,1552,http://hi.wikipedia.org/wiki/भारत_में_आतंकवाद,edafa3e0805b8b5a57b3f9eec2fe76fec2af8b78ae1615f938d6ed771141e31a
P1,hin_wikipedia_2021_300K,hin,L20,1554,"http://hi.wikipedia.org/wiki/काशीपुर,_उत्तराखण्ड",f845baadbe3b70081037a135d3462cb12e95e09e94d9cf43503f65ab12289a85
P1,hin_wikipedia_2021_300K,hin,L20,1556,http://hi.wikipedia.org/wiki/रोपण_यंत्र,c626a44ab000815ec26d04dcfacf255362e4f54bc62cad582c9e8520f34c7436
P1,hin_wikipedia_2021_300K,hin,L20,1558,http://hi.wikipedia.org/wiki/सम-ऊँगली_खुरदार,56614e91e41415545cef6ff8cc1a43f37ad7336c906c4a5cbd86e0886f1c4e27
P1,hin_wikipedia_2021_300K,hin,L20,1559,http://hi.wikipedia.org/wiki/रंगोली,ad35c5873ed6d658e7f2daf0639f28a9a83b847fe2cb548b65a6531bf31640de
P1,hin_wikipedia_2021_300K,hin,L20,1561,http://hi.wikipedia.org/wiki/गन्धकाम्ल,1a6d1e3f1de2469ccf72a55f06727e9742c727b0972b2a16ab78b591910f1d7e
P1,hin_wikipedia_2021_300K,hin,L20,1562,http://hi.wikipedia.org/wiki/गल्फ_ऑयल,5aeab28dac93e5abd03fe07a1a4eab1345d10740c97a69185964ab879076d9b5
P1,hin_wikipedia_2021_300K,hin,L20,1563,http://hi.wikipedia.org/wiki/ग्रंथसूची,0ac35879b32519abbc468efdda2280c711f9ee06c5a424e425eca70cee73fd53
P1,hin_wikipedia_2021_300K,hin,L20,1565,http://hi.wikipedia.org/wiki/डेफ_लेपार्ड,73a39e239cf0125637fd8e798a3b718aa19ea59a2267bd71d7eec24d91c806c2
P1,hin_wikipedia_2021_300K,hin,L20,1566,http://hi.wikipedia.org/wiki/ताड़_का_तेल,edd17f192c54e48f7c9d5668b61049faedcf22cd39c2062aeba6dc0c9c3600d0
P1,hin_wikipedia_2021_300K,hin,L20,1567,http://hi.wikipedia.org/wiki/द_प्रिंसेस_डायरीज़,37fb37df85c1c5074363160423a0a096920e1915e257f2d32dc9080929e31564
P1,hin_wikipedia_2021_300K,hin,L20,1568,http://hi.wikipedia.org/wiki/दैवज्ञ,b4745f99c891aaa2f0aa5ed8ff94e4cccdfff0c5c3d1097d13d831d88d6f14b7
P1,hin_wikipedia_2021_300K,hin,L20,1570,http://hi.wikipedia.org/wiki/पारस्परिक_निधि,53cfb49e818ced4f19664a691874b49547b85c8a2b987a28b7d924f1a356d6d2
P1,hin_wikipedia_2021_300K,hin,L20,1571,http://hi.wikipedia.org/wiki/विश्वरूप,0db8ac9ebd09161035483262f4c845410e1da34d901607e023b0820ce329dc26
P1,hin_wikipedia_2021_300K,hin,L20,1572,http://hi.wikipedia.org/wiki/वुडरो_विल्सन,ad05422a09b17ec866aedfb15f2a8804f40ae4fd46343e0d0cb2c150627a4b10
P1,hin_wikipedia_2021_300K,hin,L20,1574,http://hi.wikipedia.org/wiki/अपराध_शास्त्र,d64692e6d8dc35f9b41a6efce64a3b624793c290bf775548379f7b75dda94bf1
P1,hin_wikipedia_2021_300K,hin,L20,1575,http://hi.wikipedia.org/wiki/आइएसडीएन_(ISDN),59f0753223af6afa7637ce2544cfd5e4189f693b39dfd411d63166b44149d0d8
P1,hin_wikipedia_2021_300K,hin,L20,1578,http://hi.wikipedia.org/wiki/भागलपुर,7a688b8207105adea922729f31aeb1290a8f4b210ec17d0e2bad444787f1b5cb
P1,hin_wikipedia_2021_300K,hin,L20,1580,http://hi.wikipedia.org/wiki/जादू_(भ्रमजाल/इंद्रजाल),ec57633454fd594b5e0cd56b418a94d24ab53deba3c108ec999dbbd4412344a9
P1,hin_wikipedia_2021_300K,hin,L20,1581,http://hi.wikipedia.org/wiki/कालिदास_का_काव्य_सौन्दर्य,64ab4c0b8a68bad8e44719d0180ba20a096b2d10975f61d909530d57024b453d
P1,hin_wikipedia_2021_300K,hin,L20,1584,http://hi.wikipedia.org/wiki/क्रैश_(२००४_फिल्म),319f5f48f2852f1390af636f3d43cca3804b0e228616be763598b88b4c05bb27
P1,hin_wikipedia_2021_300K,hin,L20,1587,http://hi.wikipedia.org/wiki/गोदी,6f5eb95acb7f4a9fc5e536c5c728bfa7ab43e65cfdb37b42b2e6212708a86208
P1,hin_wikipedia_2021_300K,hin,L20,1588,http://hi.wikipedia.org/wiki/मोबाइल_उपकरणों_में_हिन्दी_समर्थन,7760f4c6b88b4f817866f2ad8392216a03d51d273f4864b52c2578bf56a23d40
P1,hin_wikipedia_2021_300K,hin,L20,1590,http://hi.wikipedia.org/wiki/सर्पगन्धा,4606c61a50396b7f90cb3af80600fc33654615bfa96bcb7d6fcd7cd220bc779c
P1,hin_wikipedia_2021_300K,hin,L20,1591,http://hi.wikipedia.org/wiki/वूल्वरिन_(कॉमिक्स),c59748f81ea4db9ca9bebbf154303820a7550591aad2f3a512af01a9a0cd83b1
P1,hin_wikipedia_2021_300K,hin,L20,1592,http://hi.wikipedia.org/wiki/सन_गोकू_(ड्रैगन_बॉल),688ecf5e6ad60a7155c35d2c167c2dfa7432d64590a83737311a42f16ac90812
P1,hin_wikipedia_2021_300K,hin,L20,1593,http://hi.wikipedia.org/wiki/गंगोत्री,8d549c26fe2a091d310510007bdc0d224cbe481d182c75589bd903eeae2f1f20
P1,hin_wikipedia_2021_300K,hin,L20,1594,http://hi.wikipedia.org/wiki/सूक्ष्मजैविकी,ed19db65c5084e29552f96e01e6a676940128f91a22cc837e62461eebf2090df
P1,hin_wikipedia_2021_300K,hin,L20,1595,http://hi.wikipedia.org/wiki/अंग्रेजी_साहित्य,7ce757508f13ab0e62ef6c56c8a86c74b190a0b2adbc3900a384254e6cb83c5f
P1,hin_wikipedia_2021_300K,hin,L20,1596,http://hi.wikipedia.org/wiki/सीएसआई_(CSI)_मियामी,a64a1ce2753f0bcead39acb8c5a962840ba38be0cc0130b08976e58a67d998d1
P1,hin_wikipedia_2021_300K,hin,L20,1597,http://hi.wikipedia.org/wiki/टर्नर_सिंड्रोम,3266f5c3ed1dd9de6a143074bff54666919c9555034b8d0e6ce54769d13718ee
P1,hin_wikipedia_2021_300K,hin,L20,1598,http://hi.wikipedia.org/wiki/ओलिवर_ट्विस्ट,836c734c5720f23b027e8f3d2d59daea644e0a870fd276537f1b4ed9311be3a3
P1,hin_wikipedia_2021_300K,hin,L20,1599,http://hi.wikipedia.org/wiki/ब्रायन_एडम्स,e329419dcb58937f6775734ca0d8751226f58375f8e28a16fc8d9503280e061d
P1,hin_wikipedia_2021_300K,hin,L20,1602,http://hi.wikipedia.org/wiki/बैत_अल-हिक्मा,646951ac76a8ba72ff6d59c54303f104d8faf6d6f3de6cbf57bcc7ead032d93e
P1,hin_wikipedia_2021_300K,hin,L20,1603,http://hi.wikipedia.org/wiki/हाउ_आई_मेट_योर_मदर,f33ccf9f68bc6aa37156bca8b37be979c06fc06f0b82b03b949fdad7d52be0d5
P1,hin_wikipedia_2021_300K,hin,L20,1604,http://hi.wikipedia.org/wiki/हीडलबर्ग_विश्वविद्यालय,5926c25528e7b68b0dacff6f66f8fa468e30e41b1e0ff81d0f0ca6a3084b248c
P1,hin_wikipedia_2021_300K,hin,L20,1606,http://hi.wikipedia.org/wiki/बेलारूस,fbd21bbbbc4053457e3ed900d6091e9a208ec22a2f49dfc7c32d075ce28c2da3
P1,hin_wikipedia_2021_300K,hin,L20,1607,http://hi.wikipedia.org/wiki/सॉफ्टवेयर_विकास_प्रक्रिया,b53bb945276ae2ff80b4f3bcdf87c98a5f20717a31108e4576ebfc182cf696be
P1,hin_wikipedia_2021_300K,hin,L20,1608,http://hi.wikipedia.org/wiki/टार्ज़न,184492c3a1757945ab7aa02920b9aefd67a332b2718d20c2f3c96e7889c333bf
P1,hin_wikipedia_2021_300K,hin,L20,1609,http://hi.wikipedia.org/wiki/ब्राजील_(फिल्म),dcbafb0c47e4b7a3f63bbacc96d9bcd397dc4ee396d1f569fbeb9e873b3d087c
P1,hin_wikipedia_2021_300K,hin,L20,1610,http://hi.wikipedia.org/wiki/टीकमगढ़,b3903a40d752751672394268dbcbd6cb71ff3d090f95bb1f6138804dc0dccf09
P1,hin_wikipedia_2021_300K,hin,L20,1613,http://hi.wikipedia.org/wiki/मानेसर,1af086b87c8792675c430830799f36b996eac8f205966c7341f4ea4f91560813
P1,hin_wikipedia_2021_300K,hin,L20,1616,http://hi.wikipedia.org/wiki/देवबन्दी,ab80c5ff3965143ff39e511d06c45899acc41b0f58c7ecce88cda8b4b1089e19
P1,hin_wikipedia_2021_300K,hin,L20,1618,http://hi.wikipedia.org/wiki/हाथियों_की_बुद्धिमत्ता,d4f7b23ef03884491649dca38a590d5c3d49a8806c1a20aa2ab48573a11b9d6e
P1,hin_wikipedia_2021_300K,hin,L20,1620,http://hi.wikipedia.org/wiki/जेम्स_ब्लंट,3fa89092ae0f5741cbae2128010679a0efba37dad132298800929d94c97d79f7
P1,hin_wikipedia_2021_300K,hin,L20,1622,http://hi.wikipedia.org/wiki/चिकित्सालय,37302e30e3558d78f245145e02337a9825278cde741eb13c7c42b83ce7a7d561
P1,hin_wikipedia_2021_300K,hin,L20,1623,http://hi.wikipedia.org/wiki/बीजगणित,f07f9d539aa96781e49b446d42855ce841004a5622f3daa1c2d32f6016d0aaa7
P1,hin_wikipedia_2021_300K,hin,L20,1624,http://hi.wikipedia.org/wiki/प्राकृतिक_चिकित्सा,9c4f3fe598cfb8e1cd902f813dfe3cab9392221be826bf5d0ecb0bc0a2c684a4
P1,hin_wikipedia_2021_300K,hin,L20,1625,http://hi.wikipedia.org/wiki/कर,2f7fb58a3871f597a82dbea84c40d54b1a23049b90b24d0242fed6df38501013
P1,hin_wikipedia_2021_300K,hin,L20,1626,http://hi.wikipedia.org/wiki/जापान_की_संस्कृति,5c611b7eb2fdea4218e413c8ed6ab5a0669f906d384c9f5208db745c5393b59d
P1,hin_wikipedia_2021_300K,hin,L20,1629,http://hi.wikipedia.org/wiki/भाप_टरबाइन,6b6bbea5d2ce747aaa269ab5fc6ae27659465ba315096c1a322778555a79e39b
P1,hin_wikipedia_2021_300K,hin,L20,1630,http://hi.wikipedia.org/wiki/सामाजिक_परिवर्तन,e2479a0b8f9b996276b3112565f92c6f08623d247c59cb59306c84b573f8c086
P1,hin_wikipedia_2021_300K,hin,L20,1633,http://hi.wikipedia.org/wiki/इतालवी_एकीकरण,4043b9f499d56c2a5add35466978ce1a35c989e934df0d2ce7249dac83b1c541
P1,hin_wikipedia_2021_300K,hin,L20,1635,http://hi.wikipedia.org/wiki/जैसलमेर_के_मंदिर,83f27105589a826df682ecec61f6fba1086e5983ef389c0ef257b273a3b1f067
P1,hin_wikipedia_2021_300K,hin,L20,1636,http://hi.wikipedia.org/wiki/भारत_में_मुसलमानों_के_खिलाफ_हिंसा,6146974ea755b6f153bccce7d3f74205ae0f92ef58ec489349bbf6e16df1df6b
P1,hin_wikipedia_2021_300K,hin,L20,1637,http://hi.wikipedia.org/wiki/सोवियत_संघ_का_विघटन,6eaacf8f0c76d8f81c3b231cb30b2f0ec56293a21e7ce60571fdb33d89fb5a61
P1,hin_wikipedia_2021_300K,hin,L20,1639,http://hi.wikipedia.org/wiki/पण्डित_लेखराम_आर्य,e784fec9533cf0d294183c3cec2789d28ad5a0c74e3809a65f2331e0bf4ca5e8
P1,hin_wikipedia_2021_300K,hin,L20,1640,http://hi.wikipedia.org/wiki/कैटरीना_कैफ़,c466114e3ec2d545ef191e252b52f29e755f2c3a433e5a7e5086c33afee8c26d
P1,hin_wikipedia_2021_300K,hin,L20,1641,http://hi.wikipedia.org/wiki/क्रिसमस,a6e4b9b354a0a9c53c70a2c7f6077f198a5ce649057ccd7f1b0009e9de2833b3
P1,hin_wikipedia_2021_300K,hin,L20,1643,http://hi.wikipedia.org/wiki/राष्ट्रीय_स्वयंसेवक_संघ,3d19019dbaa478dfbcfeb8ae95b84c496961337ed600dab748072579275b3444
P1,hin_wikipedia_2021_300K,hin,L20,1644,http://hi.wikipedia.org/wiki/पाणिनि,56d88b9a095f0604d57e15c78bf60eef926c48e1332db8f5500c95aa175816aa
P1,hin_wikipedia_2021_300K,hin,L20,1645,http://hi.wikipedia.org/wiki/बरॉक,4a9c2b55e44061468c5726357b0f35f3b3c72cb8d7566930a17ae1585f07be1a
P1,hin_wikipedia_2021_300K,hin,L20,1646,http://hi.wikipedia.org/wiki/मानव_मस्तिष्क,87922c234a186116281331bb4130790b72f9ac08d0a98798b914e4b966c91ec7
P1,hin_wikipedia_2021_300K,hin,L20,1647,http://hi.wikipedia.org/wiki/श्येनपालन,eb4afe32b8c3c865b1ecb138262f79023e19821c67f8cf16dc697a736b62c338
P1,hin_wikipedia_2021_300K,hin,L20,1650,http://hi.wikipedia.org/wiki/संस्कृत_नाटक,ef9c012ebd640e0afe15f9a187268d16f1441cd4a0937a1665f55fb1331a0229
P1,hin_wikipedia_2021_300K,hin,L20,1651,http://hi.wikipedia.org/wiki/नागरीप्रचारिणी_सभा,4c128f91a19eb4d2a2cfb06026ca4db0db10cffa967fd20abdd0ffbae41e7129
P1,hin_wikipedia_2021_300K,hin,L20,1652,http://hi.wikipedia.org/wiki/पटना,5efdd2d7f7455f9def497bc15f1d16512bf52aeb84690b04a4147b416d0261e1
P1,hin_wikipedia_2021_300K,hin,L20,1653,http://hi.wikipedia.org/wiki/अरुणाचल_प्रदेश,fabb4bf4d61598551c4374b289c36ffdb93783abfbd751afa44d63d41782fe04
P1,hin_wikipedia_2021_300K,hin,L20,1657,http://hi.wikipedia.org/wiki/फतेहपुर_जिला,7f57f7738e813df271cd70aa7ec8ffc43bee7fb83e04592d6d3ba256eefdc662
P1,hin_wikipedia_2021_300K,hin,L20,1658,http://hi.wikipedia.org/wiki/एमी_एडम्स,05628a771a62eb4184504ef5c89442763494bd04c02fa3069f04419b73f752f5
P1,hin_wikipedia_2021_300K,hin,L20,1659,http://hi.wikipedia.org/wiki/सिंधु_घाटी_सभ्यता,7d0cd9405a8dfac908bdd3b214ba302b30eed53977cbd4be21a70cc984510d2b
P1,hin_wikipedia_2021_300K,hin,L20,1660,http://hi.wikipedia.org/wiki/ब्रजभाषा_की_नाट्य_परंपरा,a35eb685fc37ab966b818465f7e01d0d70b6d88d404d068496fab1a298480ead
P1,hin_wikipedia_2021_300K,hin,L20,1663,http://hi.wikipedia.org/wiki/अरबी_संस्कृति,60188f3d5e18a21c7bf502da360b76427764f2a252a08e6f2867710630db5888
P1,hin_wikipedia_2021_300K,hin,L20,1665,http://hi.wikipedia.org/wiki/जैसलमेर_की_स्थापत्यकला,3d8a0d8f848cec3af5e952bc2e6c8c619093ac009933871c8bdbd18c134c54f9
P1,hin_wikipedia_2021_300K,hin,L20,1669,http://hi.wikipedia.org/wiki/खाद्य_परिरक्षण,cafd77af0c8228adc591b683ca87420f7c5cf134c7437465563c82ac1f953911
P1,hin_wikipedia_2021_300K,hin,L20,1670,http://hi.wikipedia.org/wiki/चीन_की_साम्यवादी_क्रांति,4052f4ff49d5fd7a6e8a67d220595bafdeaaf0fa7259feedc9f61cee54f812ae
P1,hin_wikipedia_2021_300K,hin,L20,1671,http://hi.wikipedia.org/wiki/ट्रान्स_संगीत,1ab301a8de25fbb09d179f2daa680a4a1661987573cedbd44cb082cb765a027a
P1,hin_wikipedia_2021_300K,hin,L20,1673,http://hi.wikipedia.org/wiki/भूमध्य_सागर_के_आईबीरियाई_बेसन_की_प्रसिद्ध_पत्थर_की_कला,3aea6a06d522d2ff0a517d59066195c9c7d2b162e0a173a9e4aa1153606bd73c
P1,hin_wikipedia_2021_300K,hin,L20,1674,http://hi.wikipedia.org/wiki/विद्युत_उत्पादन,b103af0de17bace968e5422bef007cedda3ac8be302cf2888bc0eb9c7ee3065e
P1,hin_wikipedia_2021_300K,hin,L20,1675,http://hi.wikipedia.org/wiki/सीलेन्टरेटा,541ac855190fb12f1ad620f35a3c287ed3bd126eb9de5b8b0a2cdef8d6e006e7
P1,hin_wikipedia_2021_300K,hin,L20,1676,http://hi.wikipedia.org/wiki/सीसा,070141991e0514b13c2043dfe0ec056b7ead263208393bc00fecced2f890dbe2
P1,hin_wikipedia_2021_300K,hin,L20,1680,http://hi.wikipedia.org/wiki/कम्बोडिया,f0da9c4b5330859b402f0ad2ff3cf6454428cf4e5dd1afbc01a5c35605e50eb4
P1,hin_wikipedia_2021_300K,hin,L20,1681,http://hi.wikipedia.org/wiki/वैदेही_(सिंहासन_बत्तीसी),537e16e0a95f52d6c6c9fc705adbf2a2ea73954d96180896d2b2d9caa38fd2bf
P1,hin_wikipedia_2021_300K,hin,L20,1682,http://hi.wikipedia.org/wiki/रेखाचित्र,29f849a93a1faedbfd0429cc5d5f0e16fad2d5ddb42a9e6479028cfe1126af24
P1,hin_wikipedia_2021_300K,hin,L20,1683,http://hi.wikipedia.org/wiki/मानव_श्वेताणु_प्रतिजन,afc726f5f6ce027a8c9d6ce0188c2c9015713d4c4b6ae534b17200109cda21d5
P1,hin_wikipedia_2021_300K,hin,L20,1688,http://hi.wikipedia.org/wiki/नव_वर्ष_का_दिन,2da0b18c4259b38666e709dfc8f167ff2f05ca0319e5346e57f115bd16a19e43
P1,hin_wikipedia_2021_300K,hin,L20,1689,http://hi.wikipedia.org/wiki/संवेष्टन,74aac7d5b41bdd9a3a58e968d2d57345527727d7ddc9a83b44513263cc449399
P1,hin_wikipedia_2021_300K,hin,L20,1691,http://hi.wikipedia.org/wiki/सबवे_सर्फर्स,5c802e4d422dfe4b518a5d8cd06cb5abede12daabefc3533209fa5240dea3b2b
P1,hin_wikipedia_2021_300K,hin,L20,1693,http://hi.wikipedia.org/wiki/शॉपिंग_मॉल,7eeef0564323c3510b07d980a0cfe54b0bd8da6597879414e8c331859c6f0fc5
P1,hin_wikipedia_2021_300K,hin,L20,1694,http://hi.wikipedia.org/wiki/जेम्स_डीन,823933824b4ed490005e5a6e6f11bc10c14e492479c11fa80417d6655c6cae55
P1,hin_wikipedia_2021_300K,hin,L20,1695,http://hi.wikipedia.org/wiki/ट्वाइलाइट_(2008_फ़िल्म),b42624e2693b9b011061696eeb6280f115ded2ca42dc1714863f588478472764
P1,hin_wikipedia_2021_300K,hin,L20,1696,http://hi.wikipedia.org/wiki/पूर्णहृदरोध,0571f6174b0fee7a5af7bde043da146dec4c16fae82e64373f3b3365f9eb6975
P1,hin_wikipedia_2021_300K,hin,L20,1697,http://hi.wikipedia.org/wiki/निसान,9de76f8f03130f88eb3389fbf8b82615ecc006ae613f94eb1d7ca5037a2dfeb6
P1,hin_wikipedia_2021_300K,hin,L20,1698,http://hi.wikipedia.org/wiki/बाहुबली:_द_बिगनिंग_(2015),9cbe4818c742abcadbb8f29d2b3c21ff7eecee866d06493caf745d2b3083a633
P1,hin_wikipedia_2021_300K,hin,L20,1701,http://hi.wikipedia.org/wiki/बॉस्टन_चाय_पार्टी,45edd6c3daa91f3ae757512c9c0b8c9a3d33825baf1b6e51a58d894a2d321390
P1,hin_wikipedia_2021_300K,hin,L20,1702,http://hi.wikipedia.org/wiki/डीप_पर्पल,49e28e7687c6e84e4b8a8e0890d813efb5ba739b5df066298274bbeb7b8bc3ba
P1,hin_wikipedia_2021_300K,hin,L20,1704,http://hi.wikipedia.org/wiki/धूम्र_संसूचक,f2e09309b03e0508757d58abe60d2e6e55e9ca86b9aec5b59466e794962ba4e2
P1,hin_wikipedia_2021_300K,hin,L20,1708,http://hi.wikipedia.org/wiki/मोबाइल_टीवी,107038e55fa44432276064e8842f0331f7dca1b5983086b449f748a63e1fc21b
P1,hin_wikipedia_2021_300K,hin,L20,1709,http://hi.wikipedia.org/wiki/हेमचन्द्र_श्रेणी,863b3d8161ea9dede13d965dac4843af39298f7eb28d8f76f9e8b3ef57066fc3
P1,hin_wikipedia_2021_300K,hin,L20,1711,http://hi.wikipedia.org/wiki/राशि_और_रत्न,eae186046918c96fd3c075e502d8f464d6975227e19544069c5b9c476309d131
P1,hin_wikipedia_2021_300K,hin,L20,1714,http://hi.wikipedia.org/wiki/वैज्ञानिक_प्रबन्धन,5fb522ed94cce8fca075d1e4fc92f98d334f05554ac1078d3b2e2fd20e72bd56
P1,hin_wikipedia_2021_300K,hin,L20,1715,http://hi.wikipedia.org/wiki/संयुक्त_राज्य_अमेरिका_के_वीजा,d54d380587c71c204af83b6ac048b25527d79694fec1b02f69550c734ff4e5dd
P1,hin_wikipedia_2021_300K,hin,L20,1716,http://hi.wikipedia.org/wiki/एयरबस,ad47637a859a76e02fded2f9fc7863754b0fad954b3cedaa86dd4627c6d757db
P1,hin_wikipedia_2021_300K,hin,L20,1717,http://hi.wikipedia.org/wiki/जोगेन्द्र_नाथ_मंडल,84300b2d72b49d729f1f702ad678de9c00d8e1902c49bcb5d9df48865745ee99
P1,hin_wikipedia_2021_300K,hin,L20,1718,http://hi.wikipedia.org/wiki/व्लादिमीर_पुतिन,85a8e314abea306ff41d1d5df8686014b6de6aa979466b271e494df87bb12ae7
P1,hin_wikipedia_2021_300K,hin,L20,1719,http://hi.wikipedia.org/wiki/प्रतिरूपण,fa458cdeb85088c904ccbf91d7c212ed873195288b4ff299f2c5922c3a317db7
P1,hin_wikipedia_2021_300K,hin,L20,1720,http://hi.wikipedia.org/wiki/फुफ्फुसीय_अन्त:शल्यता,b1072c08d43d601e373d83c4e8e6aba86268d0bd2ee194818bd15aa257360a36
P1,hin_wikipedia_2021_300K,hin,L20,1722,http://hi.wikipedia.org/wiki/मैमोग्राफी_(स्तन_चित्रण),7575b4796d97348008d3673f97001d9caba4d742c5567f7a12023a567b23049c
P1,hin_wikipedia_2021_300K,hin,L20,1723,http://hi.wikipedia.org/wiki/मोक्षगुंडम_विश्वेश्वरय्या,e5443fc05d3ee6a9b269417bfefed6017aa6a9b5f026d14755b7f577f33f4e76
P1,hin_wikipedia_2021_300K,hin,L20,1724,http://hi.wikipedia.org/wiki/शराब_पर_ईसाई_विचार,bdc383694cab6e3eb860019332b6627ee7f7ef586f82eddab5a23b5e16f547c8
P1,hin_wikipedia_2021_300K,hin,L20,1725,http://hi.wikipedia.org/wiki/अबू_धाबी,ac9233e73b26ca2663c8017ef99a8ba2bd5438cbada1edaca43a8ac58fb1999c
P1,hin_wikipedia_2021_300K,hin,L20,1727,http://hi.wikipedia.org/wiki/कोल्हापुर,b3e143a508a98397d3032b17879c43355dcb3b9e2af2e4861243b1275303f838
P1,hin_wikipedia_2021_300K,hin,L20,1730,http://hi.wikipedia.org/wiki/राष्ट्रीय_नवप्रवर्तन_संस्थान,25e2541d0efa7d386410f777f32f79eecca68c44f9893cc4471e78365aeb686b
P1,hin_wikipedia_2021_300K,hin,L20,1731,http://hi.wikipedia.org/wiki/उत्सर्जन_तन्त्र,ab06928f7fc91b0a0781a2b2fbea8328b78ce78ef95abbf9c1734a3d55d392b6
P1,hin_wikipedia_2021_300K,hin,L20,1733,http://hi.wikipedia.org/wiki/कोलकाता_जिला,31b8adb1a730d374555cf8232ebf630640d4c6b8cd5abdacb2b862af59987efd
P1,hin_wikipedia_2021_300K,hin,L20,1735,http://hi.wikipedia.org/wiki/बाँसुरी,1d45a682f2a8888300fd5f58eabff3f855deb1bbe1cad30c2e3a12089962dfe1
P1,hin_wikipedia_2021_300K,hin,L20,1736,http://hi.wikipedia.org/wiki/सूक्त,b0ebbf7d9c9d2f77f3b25f37928f2913dce382c0aa5fe1cd2bbe03de65ce6802
P1,hin_wikipedia_2021_300K,hin,L20,1739,http://hi.wikipedia.org/wiki/लोंजाइनस,c94123a21bc657c8437fd8d609fdf261c243478d7b97d71d909383c380e02891
P1,hin_wikipedia_2021_300K,hin,L20,1740,http://hi.wikipedia.org/wiki/पाश्चात्य_दर्शन,298929afa17fb80afecbbca9a3d1c3dd7597a0be9e9a03362fc514de7d6312af
P1,hin_wikipedia_2021_300K,hin,L20,1742,http://hi.wikipedia.org/wiki/व्याकरण,b9dbdead043ef4102cfa60e32ebd160f917e9a7ea7581d9910f983f66b8cc738
P1,hin_wikipedia_2021_300K,hin,L20,1743,http://hi.wikipedia.org/wiki/सचिन_तेंदुलकर,189d4f9f04c86ac9afd2a3b946705f97882d03a61476d51d51ebd1f693591e3d
P1,hin_wikipedia_2021_300K,hin,L20,1745,http://hi.wikipedia.org/wiki/कांच,a611c3a2115457fda5389ccbc2453ce9f49b6eab3be3598ce0ff4d4c6f9b71c7
P1,hin_wikipedia_2021_300K,hin,L20,1748,http://hi.wikipedia.org/wiki/भारत_के_राष्‍ट्रीय_चिन्ह,aa9fb5b791147ef6538b8255e99c299d8af5f4825e76c7a0735fd92e0eee11bf
P1,hin_wikipedia_2021_300K,hin,L20,1751,http://hi.wikipedia.org/wiki/भूगोल,2e5f3af82035178755df62edffb6b9062a1c8da0cfd20a6f5253e8ae8bdcbd92
P1,hin_wikipedia_2021_300K,hin,L20,1753,http://hi.wikipedia.org/wiki/पर्यावरण,ad8a3c86d7c3f47f355b52d47b737e09fc418d37b188ee42a8adf78ff6015d04
P1,hin_wikipedia_2021_300K,hin,L20,1754,http://hi.wikipedia.org/wiki/भोजप्रबन्ध,ec5b23d478d26f269d7e82fc0864d3d053793338c20b4f196415eba7818bbf70
P1,hin_wikipedia_2021_300K,hin,L20,1755,http://hi.wikipedia.org/wiki/वीर्य,891c4965fc42208d0b5f3846103f649a5befba842313205b9f4c07e7508d9e68
P1,hin_wikipedia_2021_300K,hin,L20,1757,http://hi.wikipedia.org/wiki/एरिया_51,687347414b7b61f729cbab380f4b4e3f68c65a958abf0dc929127557376c45dc
P1,hin_wikipedia_2021_300K,hin,L20,1758,http://hi.wikipedia.org/wiki/सूक्ष्मजैविकी_के_स्वर्ण_युग,6afdd130ef0c4b53a1619362260229d018cae22254c499b50d03db10e4ad2060
P1,hin_wikipedia_2021_300K,hin,L20,1760,http://hi.wikipedia.org/wiki/नैनीताल_के_पर्यटन_स्थल,17a98aa66af19849b919bf2c1d162ac36d1ddf3f14a58a4aeaf6593d8e16b046
P1,hin_wikipedia_2021_300K,hin,L20,1761,http://hi.wikipedia.org/wiki/यहूदी_पर्व,f2e7f1bb25a6526a91364c5bd918b72aafb656e397b0b680781cdd8f7ef58606
P1,hin_wikipedia_2021_300K,hin,L20,1763,http://hi.wikipedia.org/wiki/संरचनावाद,c3a5e93ac7a6d971e3694b592f1db84531b066e5a14e32d804bcd9cd4ba4c1c1
P1,hin_wikipedia_2021_300K,hin,L20,1764,http://hi.wikipedia.org/wiki/अंतर्वैयक्तिक_संबंध,ec00c5de8cf16e40e9280abc9f8e899bbdff504ed877dd2b88e9a26c5dad20d8
P1,hin_wikipedia_2021_300K,hin,L20,1765,http://hi.wikipedia.org/wiki/निष्कर्षण,07dc151916862dee0a703dc67f6082c34c04527bcabcd0d4f8e21f9618f28070
P1,hin_wikipedia_2021_300K,hin,L20,1766,http://hi.wikipedia.org/wiki/भारतीय_सर्वेक्षण_विभाग,f782772032191bf2fe1da89e65914e244d7be46fe98342a49f57dae2d9f630a5
P1,hin_wikipedia_2021_300K,hin,L20,1768,http://hi.wikipedia.org/wiki/मारुथानायगम,cec54d04e219ca115517173d7c6f67e08b50bd938c88103191f5cb4d61b7ddf3
P1,hin_wikipedia_2021_300K,hin,L20,1769,http://hi.wikipedia.org/wiki/मिल्क_(फिल्म),5adc96137b4cace5abac7000d804801a578e4bef6543df644480d71bbb920796
P1,hin_wikipedia_2021_300K,hin,L20,1773,http://hi.wikipedia.org/wiki/सेवा_की_गुणवत्ता,2a7eb714bd9dbab69f41fe18765dd1bcc221ee8a7b9c7f05e6efc8cea0bef669
P1,hin_wikipedia_2021_300K,hin,L20,1774,http://hi.wikipedia.org/wiki/वैभव_लक्ष्मी,251021df20ffedc54781f3f4145c20c09cac9893a6e3085c5fa487e052b8ddab
P1,hin_wikipedia_2021_300K,hin,L20,1775,http://hi.wikipedia.org/wiki/घासीराम_कोतवाल_(नाटक),583ba9ecfbc128af99d71e286c10d2c4f887d18bcc6dbbbe2cbcb339edeca889
P1,hin_wikipedia_2021_300K,hin,L20,1776,http://hi.wikipedia.org/wiki/आईबीएम,4c54661b4e8a29aa0238aef6ca6f0ef8f46559f5e98964e9555ab5fe43fddf54
P1,hin_wikipedia_2021_300K,hin,L20,1779,http://hi.wikipedia.org/wiki/बीजक,cdc2363fe555554baec3ac1feced600efaaa792f2d9a45a222d0c0bd780d90eb
P1,hin_wikipedia_2021_300K,hin,L20,1780,http://hi.wikipedia.org/wiki/कीट_नियंत्रण,32d5db4f73b1e7933e504a8928191cf405b08cd3d18ed0d7d016f90e4045da1c
P1,hin_wikipedia_2021_300K,hin,L20,1783,http://hi.wikipedia.org/wiki/सिकल-सेल_रोग,fdcb8a36d3bd8a2058129df91cecdb40949825805a45a8257986c820d53e465a
P1,hin_wikipedia_2021_300K,hin,L20,1784,http://hi.wikipedia.org/wiki/सिलवेस्टर_स्टैलोन,7488bd350c5e99bcb440e20aef2d25ff4b2a4a1acfae00a00d3493b9c574596d
P1,hin_wikipedia_2021_300K,hin,L20,1791,http://hi.wikipedia.org/wiki/ऑफ़शोरिंग,f0d243a689a4c736449db9ad6e3c0485cd3bbc0ea7afb30e32ec1fa8b90d23ee
P1,hin_wikipedia_2021_300K,hin,L20,1792,http://hi.wikipedia.org/wiki/जिलिया,0ac4e26046a28869cef83fca1942612cbf22db07a59d8ed00a632f14c27d8652
P1,hin_wikipedia_2021_300K,hin,L20,1793,http://hi.wikipedia.org/wiki/ड्रूड,9aeb287b0ef7906d48ae41c3e40b9a8931dd24ccba38517060cf9bfcb0ea2d66
P1,hin_wikipedia_2021_300K,hin,L20,1794,http://hi.wikipedia.org/wiki/ऑक्सीटॉसिन,73daad10eac62f1df60ceee33a3efbbc9f5bbf20eda685f9db3b11de7300bbbc
P1,hin_wikipedia_2021_300K,hin,L20,1795,http://hi.wikipedia.org/wiki/काइमेरा_(आनुवंशिकी),0c4abb425f59c60861b500d17fdc0378dfde50403446b625f8c0b75b1a86a010
P1,hin_wikipedia_2021_300K,hin,L20,1796,http://hi.wikipedia.org/wiki/शिवकाशी,ea10ae60347ff2b725c3f1ccab26d313141f1218291cb83bcb086d9195ea2a17
P1,hin_wikipedia_2021_300K,hin,L20,1797,http://hi.wikipedia.org/wiki/शेरिल_कोल,934117bcf4111fa7ba3ee9672561b9642267210bc8a3e4438352297b5aef84e6
P1,hin_wikipedia_2021_300K,hin,L20,1798,http://hi.wikipedia.org/wiki/दही_(योगहर्ट_या_योगर्ट),5940b8c15a07780674a75edac186c040177af0cee9305773cb4626411f806d4f
P1,hin_wikipedia_2021_300K,hin,L20,1800,http://hi.wikipedia.org/wiki/समन्वय,61b241e3c7d87931375beeafa86a26b038ec2052f0eff992edb3b2883321262e
P1,hin_wikipedia_2021_300K,hin,L20,1801,http://hi.wikipedia.org/wiki/हेलेन_क्लार्क,237bdf4930aca7982fa3654d872f76ec973c942c557c95a8f9e9d4bf34804fc3
P1,hin_wikipedia_2021_300K,hin,L20,1806,http://hi.wikipedia.org/wiki/काला_चौना,4dac8b948d58e9b96883e13a2926d7ccc8085f3d7b5aa5b185222269f0e45c27
P1,hin_wikipedia_2021_300K,hin,L20,1807,http://hi.wikipedia.org/wiki/यूनाइटेड_किंगडम_की_संसद,610c5f3a53fe3a932b8068f300547add8a9e59aa67e24b668591f35a57c3314f
P1,hin_wikipedia_2021_300K,hin,L20,1808,http://hi.wikipedia.org/wiki/आयुध,51d7486c60836dc97d0846c2b3b6b441300e08a287dbe440d2050e0965488727
P1,hin_wikipedia_2021_300K,hin,L20,1813,http://hi.wikipedia.org/wiki/जीप,9650ec001d32afe8fddc1de5b7db0da21239c81f59d780bbc4db538430ecc156
P1,hin_wikipedia_2021_300K,hin,L20,1814,http://hi.wikipedia.org/wiki/खड़िया_आदिवासी,4201626e2f0c913269b80181aa5a965042a35d01e8dd2beabd7caecc258274c4
P1,hin_wikipedia_2021_300K,hin,L20,1815,http://hi.wikipedia.org/wiki/गारफ़ील्ड,5a7d75973eaa411e0f2875bf8c9561bff3a6876609ee647e2cb70d48a6fc2a6e
P1,hin_wikipedia_2021_300K,hin,L20,1816,http://hi.wikipedia.org/wiki/प्रभाववाद,01fac7db9b49ddf4ea9c2a996b5e72be1931c5550762dacc2d0838018588227c
P1,hin_wikipedia_2021_300K,hin,L20,1817,http://hi.wikipedia.org/wiki/व्यष्टि_अर्थशास्त्र,ad3070c27b9a6c728132a4e58df85d67194b06446780e8146477451fdfb341b4
P1,hin_wikipedia_2021_300K,hin,L20,1818,http://hi.wikipedia.org/wiki/समलैंगिकता,519f1b1ae49eda5ad24be069541e63bbc9e2e4387fd80bdc692a144201320ff7
P1,hin_wikipedia_2021_300K,hin,L20,1819,http://hi.wikipedia.org/wiki/इलैक्ट्रोकार्डियोग्राफी,57dd8941133d59653211ac9e217d989af86079da2a2dcefb30014c54f5398a9c
P1,hin_wikipedia_2021_300K,hin,L20,1820,http://hi.wikipedia.org/wiki/नवग्रह,9fb357047874435edafe1be703bf7f02fb4965229a6cb6c4375abcace4660780
P1,hin_wikipedia_2021_300K,hin,L20,1821,http://hi.wikipedia.org/wiki/व्यवसाय-नीति,19fae8daa2a821c9584d9aff4bde67f32889f2ad4322c4b7fdd7bbe624aa3528
P1,hin_wikipedia_2021_300K,hin,L20,1822,http://hi.wikipedia.org/wiki/भारत_में_संचार,ddcf3b349636ee2a713df7e8924ceadcf97b0d10673fea4bdd502ddcd8426344
P1,hin_wikipedia_2021_300K,hin,L20,1823,http://hi.wikipedia.org/wiki/लैंगिक_जनन,74df3624402274d8f37ff0f6efd139a3c4be0366a5fccb02c375ab279fe47829
P1,hin_wikipedia_2021_300K,hin,L20,1824,http://hi.wikipedia.org/wiki/श्री_विद्या,d66ff8b7ed6c1fdc57dfc3eb0c0d703d0e6cd5016c9da9c8df719f6ab1d2bb8d
P1,hin_wikipedia_2021_300K,hin,L20,1825,http://hi.wikipedia.org/wiki/अल-क़सस,32bff7c9e2f02fff198f4a9ec2f0caf4f9ffe2939cf1701ac7c559eac112dc15
P1,hin_wikipedia_2021_300K,hin,L20,1826,http://hi.wikipedia.org/wiki/चम्पा_बेन,c03462b47a43fb0dcee284653caa01aeb539cd4365c6d9bb06dbc5bf5159c601
P1,hin_wikipedia_2021_300K,hin,L20,1828,http://hi.wikipedia.org/wiki/नाग_पंचमी,f5c9cc6e92101e15bd66eb68d0e10cd1c0883c30e9e4d2b5336520391f93bb11
P1,hin_wikipedia_2021_300K,hin,L20,1829,http://hi.wikipedia.org/wiki/स्टेनलेस_स्टील,755b3370e7f53048d85504efdc76dfe62d8476496633865d62d795b38b15e613
P1,hin_wikipedia_2021_300K,hin,L20,1830,http://hi.wikipedia.org/wiki/मॉरिशस,5a31cb0a17118714b3061100cef29dfdcdf7e5ac405475318eae2c16555f0208
P1,hin_wikipedia_2021_300K,hin,L20,1831,http://hi.wikipedia.org/wiki/संगम_काल,77e0e6d6048e3a6b580ae99f4beb32ac67bc7470560ab505a5d079613c4b27ff
P1,hin_wikipedia_2021_300K,hin,L20,1832,http://hi.wikipedia.org/wiki/कंपनी_राज,e10105441f64129e28aa5930b1d5384d5ece8d9c79007e03267baf774a53b9ad
P1,hin_wikipedia_2021_300K,hin,L20,1833,http://hi.wikipedia.org/wiki/ब्रूस_विलिस,ead82639ed289a7fcc15ef5d618a4ac19efcd1d906761aa14d0cb502d15fa2ed
P1,hin_wikipedia_2021_300K,hin,L20,1834,http://hi.wikipedia.org/wiki/पेजरैंक,6118a72540a373af31f8b83e740354e16a2bf0344b53cd668cbf63b18fbc6dc7
P1,hin_wikipedia_2021_300K,hin,L20,1835,http://hi.wikipedia.org/wiki/आपेक्षिकता_सिद्धांत,877ffc7a62260ed52567ae048a19c367b111bdca9f1b7b1fb29a49af4a8160cc
P1,hin_wikipedia_2021_300K,hin,L20,1836,http://hi.wikipedia.org/wiki/अरस्तु_का_विरेचन_सिद्धांत,ada96eecddb0f9e681a9cbfca669808018e55cdfc4603076d1aeb71d6461c9f0
P1,hin_wikipedia_2021_300K,hin,L20,1837,http://hi.wikipedia.org/wiki/गोली,8f48aac693b5818eb3a1cfdc8a64897536f08b0ba7e26623a87911ac178a53d6
P1,hin_wikipedia_2021_300K,hin,L20,1838,http://hi.wikipedia.org/wiki/१९४७_का_भारत-पाक_युद्ध,bf2da62ca10b3682bbdc50f8e64a72815831b15f3143a1dfbe321c898e457946
P1,hin_wikipedia_2021_300K,hin,L20,1840,http://hi.wikipedia.org/wiki/पंचकल्याणक,6df258bdb0c64cf23c023f7da8b6611e2913d8f0776029f6aef32a4b9448354c
P1,hin_wikipedia_2021_300K,hin,L20,1842,http://hi.wikipedia.org/wiki/नरेन्द्र_प्रसाद_सक्सेना,e82775c852a51e6c033425d4df090ee329b989400bc9127db7f68478603086e5
P1,hin_wikipedia_2021_300K,hin,L20,1843,http://hi.wikipedia.org/wiki/भारतीय_संविधान_का_इतिहास,bcbec9e432f0847fa6e21bc456ba57b2130f2160fe590197a0e8d58c87360c25
P1,hin_wikipedia_2021_300K,hin,L20,1844,http://hi.wikipedia.org/wiki/बाबरी_मस्जिद,cdb7993d5e849b2c039d2ef9f5ec52521049691cc921c357ca719d9fa959978f
P1,hin_wikipedia_2021_300K,hin,L20,1845,http://hi.wikipedia.org/wiki/कंपनी,f240463c19b329dbd3753f2e545e833061702702993724d587e1b65e89a97f86
P1,hin_wikipedia_2021_300K,hin,L20,1847,http://hi.wikipedia.org/wiki/मोक्ष,a0e1cc207b8b3701c202a7157dc022656d289ea42f23ccf83cb92c022ad092ed
P1,hin_wikipedia_2021_300K,hin,L20,1848,http://hi.wikipedia.org/wiki/मध्यकालीन_भारत,329db38c83cb5c4867c53b60872652983344bed78a81b1ed531e8507c2c50036
P1,hin_wikipedia_2021_300K,hin,L20,1849,http://hi.wikipedia.org/wiki/कुरुक्षेत्र,ddc14f15dc5010526dca6b664a03d96ea8a6dc4dec6a028a83783479c8515a39
P1,hin_wikipedia_2021_300K,hin,L20,1850,http://hi.wikipedia.org/wiki/रक्तदान,cc7121a9a1724a2c867a2e2b95da4fa39b1412db20fad2f533b2833b06030bab
P1,hin_wikipedia_2021_300K,hin,L20,1852,http://hi.wikipedia.org/wiki/अर्थशास्त्र_(ग्रन्थ),9f8bc0aacbfd6346ae6f5b6356f52d83d93cbed231c61a876357411921ec7a91
P1,hin_wikipedia_2021_300K,hin,L20,1858,http://hi.wikipedia.org/wiki/मत्स्यपालन,ad322b1054b414d3a2315a3e19f837eca1457624f797c7997e4022c24e0fa468
P1,hin_wikipedia_2021_300K,hin,L20,1859,http://hi.wikipedia.org/wiki/गुरुग्राम,64e30a9c64e80ade30e793d428adbd06db0d29c46f879e5e01cb610f0e0105c3
P1,hin_wikipedia_2021_300K,hin,L20,1860,http://hi.wikipedia.org/wiki/महाराणा_प्रताप,a0b6e70b34eadf812c801c03d9d68f6404510fe5ecc2dd744e70feb812058d55
P1,hin_wikipedia_2021_300K,hin,L20,1861,http://hi.wikipedia.org/wiki/हिन्दू_पौराणिक_कथाएँ,bd33d45bc3e342f3e0af626ece3cbcfdbb04fe45c73779386f2bf2ea45bab604
P1,hin_wikipedia_2021_300K,hin,L20,1866,http://hi.wikipedia.org/wiki/गौतम_बुद्ध,b5035f6a9183f8042f6a09c5a33dce297650134cfb9292c8d9b487a3788e3575
P1,hin_wikipedia_2021_300K,hin,L20,1867,http://hi.wikipedia.org/wiki/सर्वनाम,236cdb279da627b70aaf09c1c67bba8aaac9b7a603a98e0af8b5817e77decaba
P1,hin_wikipedia_2021_300K,hin,L20,1868,http://hi.wikipedia.org/wiki/भारत_में_अंगूर_की_खेती,97908d40ad52e1bfdf9356b133780da653bd6dd3291e8afa0b6fac7c9827ebf6
P1,hin_wikipedia_2021_300K,hin,L20,1871,http://hi.wikipedia.org/wiki/चन्द्रशेखर_आज़ाद,3ef5e11d89a2e44b297cd61583813f329fee14782365ccbe09a5d3487c1dfb1c
P1,hin_wikipedia_2021_300K,hin,L20,1873,http://hi.wikipedia.org/wiki/कनिष्क,74e0898cfe4cc1bddcd5f838efea9a62be40724eb79b15a2b40eab0bb4f31d80
P1,hin_wikipedia_2021_300K,hin,L20,1874,http://hi.wikipedia.org/wiki/पृथ्वी_का_हिन्दू_वर्णन,46aa5b7b908445430e2a2211e55869e7395910351c1c580265bda64510c5e330
P1,hin_wikipedia_2021_300K,hin,L20,1876,http://hi.wikipedia.org/wiki/झंग,f81f06f106223160b90db13c068c9ddcb2af35f6ffe00429cf479b1c230444dd
P1,hin_wikipedia_2021_300K,hin,L20,1877,http://hi.wikipedia.org/wiki/विश्व_के_प्रसिद्ध_वैज्ञानिक_और_उनके_अविष्कारों_का_संक्षिप्त_वर्णन,11a5f3e80adc75bde8c024a10889e1a808ce5bce5b1ca0990bcd0cbd19997c4b
P1,hin_wikipedia_2021_300K,hin,L20,1878,http://hi.wikipedia.org/wiki/चिकित्सा_समाज-कार्य,7096a340617b6e78c83d1dfb92c4e7fb22130ec2e170e516d829d387aa7e69fb
P1,hin_wikipedia_2021_300K,hin,L20,1879,http://hi.wikipedia.org/wiki/शैव_दर्शन,735dc7f4a327c66669ced5f9894d290eab647e44458d5c5e10dff7e17c6582f8
P1,hin_wikipedia_2021_300K,hin,L20,1880,http://hi.wikipedia.org/wiki/स्मृतिलोप,c352aeb36ae4fd0198bc19992e82c4bab951e0f69b270b291280be27fddd634c
P1,hin_wikipedia_2021_300K,hin,L20,1886,http://hi.wikipedia.org/wiki/भारतीय_शांति_रक्षा_सेना,04cdc36962d9ecc33d881a4cb063ac2daa8801784d13687ca55f111d69fe0aad
P1,hin_wikipedia_2021_300K,hin,L20,1887,http://hi.wikipedia.org/wiki/महाभारत_भाग_१७,6e9b03fe13f02d9e6e306f0f9c6e3a9c9e79988f34943008679c0fb08dfe01fe
P1,hin_wikipedia_2021_300K,hin,L20,1889,http://hi.wikipedia.org/wiki/मुल्लपूडी_वेंकट_रमण,41daf17f9d73543aebc4bfa74a8e2a379854f5364aec578b5938249bc117d41f
P1,hin_wikipedia_2021_300K,hin,L20,1890,http://hi.wikipedia.org/wiki/लोकोपकार,519debe63d717653d19a4cbf19a763b77885018202ae6f9500f067746dde8074
P1,hin_wikipedia_2021_300K,hin,L20,1891,http://hi.wikipedia.org/wiki/विदेश_मंत्रालय_(भारत),90fd00c39efd83116404b57bb901f0db49a759b4cf6a4f06e5b8e79f365f3054
P1,hin_wikipedia_2021_300K,hin,L20,1892,http://hi.wikipedia.org/wiki/वेस्ट_इंडीज़_संघ,1ed46a8c21481f4dfd7b285280fa568692fc7c4d9c8cf43611311a374a800cbe
P1,hin_wikipedia_2021_300K,hin,L20,1893,http://hi.wikipedia.org/wiki/संविदा_निर्माण,c5b7273fba52a08571a5909ad57c725c907d1353cbfd3a6649120dce772cce82
P1,hin_wikipedia_2021_300K,hin,L20,1894,http://hi.wikipedia.org/wiki/समुंदर_के_लुटेरे:_द_कर्स_ऑफ़_द_ब्लैक_पर्ल,2af4b6080e16480649a1d951db65c04ea4aeaabd0521013a06395fa899e3e002
P1,hin_wikipedia_2021_300K,hin,L20,1895,http://hi.wikipedia.org/wiki/सहयोग,07ea3442d87c1dafde1680325863995933e6ca1230a74cec51b4d22d20685e79
P1,hin_wikipedia_2021_300K,hin,L20,1897,http://hi.wikipedia.org/wiki/सुई_पदच्युत,bd6d6baff3a131ae7cd13e7a8f730051e632f7255f19cdfddfbdb0f146d7c2df
P1,hin_wikipedia_2021_300K,hin,L20,1898,http://hi.wikipedia.org/wiki/आखिरी_पत्ता_(कहानी),36ca9521ec51f6dc987c77cd0c5967a7c67bb826c41f95b3f88f7e346303436d
P1,hin_wikipedia_2021_300K,hin,L20,1899,http://hi.wikipedia.org/wiki/आर्थिक_मॉडल,c4d83bb765d6202430b1726ddfd38b3cb9c60647930ed7502054bb2f5387fbd6
P1,hin_wikipedia_2021_300K,hin,L20,1905,http://hi.wikipedia.org/wiki/आर्सेनिक,b5c0a2ab860b48c94f75200a65ff9c3b530f737923169c17225ce526c95e2af0
P1,hin_wikipedia_2021_300K,hin,L20,1906,http://hi.wikipedia.org/wiki/प्रकाश_रसायन,1793f6d513e7a085cfc5dc9625f2ce51750b17e8097a3c3f1863d6724183cac5
P1,hin_wikipedia_2021_300K,hin,L20,1907,http://hi.wikipedia.org/wiki/साहित्य_में_नोबेल_पुरस्कार,6770c3f06262557258be3ba98b924ae5d7747b4084950acf1f77a6f234af7408
P1,hin_wikipedia_2021_300K,hin,L20,1909,"http://hi.wikipedia.org/wiki/विंबलडन,_लंदन",eb4049c151e3285d3bd61a73a2b41e530f0af69baf1e6615e7838bce52e47715
P1,hin_wikipedia_2021_300K,hin,L20,1910,"http://hi.wikipedia.org/wiki/भारतीय_आम_चुनाव,_2014",aecb2940b3b8af3fcfc7f1630fbd1bcc7980d1fe1592ea3a4084398bc71c72e0
P1,hin_wikipedia_2021_300K,hin,L20,1911,http://hi.wikipedia.org/wiki/जोनास_ब्रदर्स,85c13212d2b5405008e0253ff783cd90beaf5e0c00d9ac6c9d014d3a84c54953
P1,hin_wikipedia_2021_300K,hin,L20,1912,http://hi.wikipedia.org/wiki/नंदप्रयाग,8dcd0b43f2f4307ce6ea288f6f7b38ff9d86a307d02acb58d78629f94b074003
P1,hin_wikipedia_2021_300K,hin,L20,1913,http://hi.wikipedia.org/wiki/ड्राइव,dee9b556e3c6e899dced6d10ce43be2d77784dfdf2f5c936abc80e9562231456
P1,hin_wikipedia_2021_300K,hin,L20,1915,http://hi.wikipedia.org/wiki/ओवरड्राफ्ट,68d5810aff65886f44fd2ceed10137347f3d14571096e6119fb43f8fe2a1a4da
P1,hin_wikipedia_2021_300K,hin,L20,1918,http://hi.wikipedia.org/wiki/पारिस्थितिक_पदचिह्न,750781bc5165da99163dd907999a69771c2c66359955c75ef0c866c6887866ae
P1,hin_wikipedia_2021_300K,hin,L20,1921,http://hi.wikipedia.org/wiki/इल्ली,28d5a2e65c2913b2c2766c902cb9ba7febaaf49cf56f3f7b0972973c38e982dd
P1,hin_wikipedia_2021_300K,hin,L20,1922,http://hi.wikipedia.org/wiki/संवेदनहीनता,d2635a1977ddac3dd5925bafb5d80f25adf7450e636fe2f8ed6e5967cc8ff3f1
P1,hin_wikipedia_2021_300K,hin,L20,1923,http://hi.wikipedia.org/wiki/समस्थापन,85109658ccdae872351ca08514cf4cb56b72b5e18984f05c5bd2ab68d0276f87
P1,hin_wikipedia_2021_300K,hin,L20,1924,http://hi.wikipedia.org/wiki/लाइकेन,5328d74ef9d6fa34cf7f97cb02c5021a3dc4e9389f80a4b62509f3b3cf0902f2
P1,hin_wikipedia_2021_300K,hin,L20,1926,http://hi.wikipedia.org/wiki/गंगा_देवी,14dfdfd63b3727e6d141e067b7670154f8f30d2327ff658689a041537e2e3ce5
P1,hin_wikipedia_2021_300K,hin,L20,1928,http://hi.wikipedia.org/wiki/जलविद्युत_ऊर्जा,75a8f576788e93f404d16bc2aee7ca9b6d57e8080a0c959e9151c8fb8e9858d2
P1,hin_wikipedia_2021_300K,hin,L20,1930,http://hi.wikipedia.org/wiki/वंडर_वूमन_(2017_फ़िल्म),31922905d23414039fc7e1ae6a2668a8a1f6cf7d6a87aa16238c3d11826fe332
P1,hin_wikipedia_2021_300K,hin,L20,1931,http://hi.wikipedia.org/wiki/एच.264/एमपीईजी-4_एवीसी_(H.264/MPEG-4_AVC),2f64dffe6afb2ceb5552d191db7313c88cf30c2a7af6e7e8ed4a15d5acfadfc8
P1,hin_wikipedia_2021_300K,hin,L20,1934,http://hi.wikipedia.org/wiki/सिस्टम_डेवलपमेंट_लाइफ_साइकल,1a06104f15e11b5dd309e058b6cccd1c88d6884390311961514d6e0f82584855
P1,hin_wikipedia_2021_300K,hin,L20,1936,http://hi.wikipedia.org/wiki/बिस्मार्क,9ac1af0c44c04fbacd90f5d4d3c2f38ff7b69b6be2982db95a01dc2a7cd29494
P1,hin_wikipedia_2021_300K,hin,L20,1938,http://hi.wikipedia.org/wiki/पाइथागोरस,202ff3e0f23188fee6c25c5b8512b1258038cb436738c08910994978c83df520
P1,hin_wikipedia_2021_300K,hin,L20,1939,http://hi.wikipedia.org/wiki/बहुसंस्कृतिवाद,d0fbb7d6cacf55d09a99ce5da5694dd4a7b1ca0f27e410a8bc5be78ad4078f90
P1,hin_wikipedia_2021_300K,hin,L20,1940,http://hi.wikipedia.org/wiki/यूनानी_दर्शन,c165fa7d62f5a6bab412991c750905ebf48a94c3da35c8cd9f18e06066bff5f0
P1,hin_wikipedia_2021_300K,hin,L20,1941,http://hi.wikipedia.org/wiki/राजगीर,0d9679bf31beb233728cbb94281e3a54541c3cd4f6fd7202236b52075e24aa6d
P1,hin_wikipedia_2021_300K,hin,L20,1942,http://hi.wikipedia.org/wiki/अफसरशाही,1abf04a1df9066f7d481a69fc3f700f6ab185b185da17f24e659fc4b0cfdfcc8
P1,hin_wikipedia_2021_300K,hin,L20,1943,http://hi.wikipedia.org/wiki/प्रफुल्ल_चन्द्र_राय,85dcc923e14b17b9226704d2052d4a35c0326c25dba98df4314fa467d0f7e5da
P1,hin_wikipedia_2021_300K,hin,L20,1947,http://hi.wikipedia.org/wiki/कश्मीर_का_इतिहास,a9dce4767b160d743dfd286b65d1c413a8a99ab37abde2103b501a6e3b6ffc1d
P1,hin_wikipedia_2021_300K,hin,L20,1948,http://hi.wikipedia.org/wiki/कोलेजन,9b0d60eedc9110ba96782312dade984d83efe8e8ccf52847f176e1dc7c18b220
P1,hin_wikipedia_2021_300K,hin,L20,1949,http://hi.wikipedia.org/wiki/यूनान,a11f0a8bef5125e66e931ce8bdc8de035bfd79da8293165e3de64546149f30a8
P1,hin_wikipedia_2021_300K,hin,L20,1950,http://hi.wikipedia.org/wiki/कुमकुम_भाग्य,59569665647dd79934ac32a1891e3955f5f56ea18673eb029cfa1e951b33abe8
P1,hin_wikipedia_2021_300K,hin,L20,1951,http://hi.wikipedia.org/wiki/भारतीय_वायु_सेना_का_भविष्य,b7c48222320f94bb09afb0ae0c0346d1c4e9340cacf606c1e835f3e3de3f5370
P1,hin_wikipedia_2021_300K,hin,L20,1953,http://hi.wikipedia.org/wiki/अमृतसर,b283e2fcec37af863e07a2277d4bad20e3c1df065f7d17dcb6bb1ac50247d5ce
P1,hin_wikipedia_2021_300K,hin,L20,1956,http://hi.wikipedia.org/wiki/कश्मीर_विवाद,2f6fa4217d22914e60038364181a19f44786822bfce2eafa449c1a82bdbbf95c
P1,hin_wikipedia_2021_300K,hin,L20,1958,http://hi.wikipedia.org/wiki/नेपाल_का_इतिहास,e0eb2d3bafb83cb783d443a2c8a41b11d324802e656e9ca43e8c615bee136947
P1,hin_wikipedia_2021_300K,hin,L20,1959,http://hi.wikipedia.org/wiki/पाड्डर,15f668bce2ccfff0c9590799e87b8b87414af898bf2cd57a5825f1e602d6c3fb
P1,hin_wikipedia_2021_300K,hin,L20,1962,http://hi.wikipedia.org/wiki/सिकंदर,91732f34a68e4d4e88710107cd1f56e71d5691a589ac10461f021afa0a95f688
P1,hin_wikipedia_2021_300K,hin,L20,1965,http://hi.wikipedia.org/wiki/सरस्वती_नदी,09aa015bfc0738c99e907e9c9f4df6ccf477864138a14940d0f7a35f5533764e
P1,hin_wikipedia_2021_300K,hin,L20,1966,http://hi.wikipedia.org/wiki/मार्दी_ग्रा,c2c3743108b5d6a74eb750619d3f12e68eed8231f77ef8ed7d393931b86bcbc5
P1,hin_wikipedia_2021_300K,hin,L20,1968,http://hi.wikipedia.org/wiki/पुष्प,dd1b187875b8d1d8bcea440c4cb7bdefa252aa67bf0abaed1d2ddec61abbbb87
P1,hin_wikipedia_2021_300K,hin,L20,1970,http://hi.wikipedia.org/wiki/श्रावस्ती,38e67f743301e6fc55fe343fe7ebfe285c23f28a3968420a64a4ab4325392676
P1,hin_wikipedia_2021_300K,hin,L20,1971,"http://hi.wikipedia.org/wiki/हिन्दुस्तानी,_हिन्दी_एवं_उर्दू_के_आधुनिक_शब्दकोश",02f07e9c6e5bd5f3f9f7cac59200e09b07ff2a0b28f4d3d8434bb46a6ceba1ba
P1,hin_wikipedia_2021_300K,hin,L20,1972,http://hi.wikipedia.org/wiki/हॉकी,2c9776ad589af5c7913220208103f25c62cb9cbd775d92dfc4ade0af196234a7
P1,hin_wikipedia_2021_300K,hin,L20,1975,http://hi.wikipedia.org/wiki/मैथिलीशरण_गुप्त,48d35aee9d914bcef8d6e8ce9efa209037f0bb63136d3ec3cc91330156903424
P1,hin_wikipedia_2021_300K,hin,L20,1977,http://hi.wikipedia.org/wiki/असम,f4c23782146371739b6825a4e68a205879e86882baea6632855bb8530d40ce62
P1,hin_wikipedia_2021_300K,hin,L20,1978,http://hi.wikipedia.org/wiki/बीटी_बैंगन,ee5e995be570f95bb1ce08613ae5c4428e7824427e60eea7e937d4b1e036f42c
P1,hin_wikipedia_2021_300K,hin,L20,1981,http://hi.wikipedia.org/wiki/व्लादिमीर_लेनिन,90763907f2db2a79222b8826dfbd4944f35c1ba54bd798a6e1b1c60bdc835da1
P1,hin_wikipedia_2021_300K,hin,L20,1983,http://hi.wikipedia.org/wiki/वाकाटक_और_गुप्त_युगीन_बुंदेली_समाज_और_संस्कृति,fc8292771ea0928a64530c60dbdf99dba762a561155ae987fed75aa40c3cb2c2
P1,hin_wikipedia_2021_300K,hin,L20,1984,http://hi.wikipedia.org/wiki/देवता_और_देव,415475b86b242f767d9b3064302a84b8c1b22bf8072c3fe5cc7d9909c6e2624a
P1,hin_wikipedia_2021_300K,hin,L20,1985,http://hi.wikipedia.org/wiki/ईश्वर_(भारतीय_दर्शन),bddaa332d546102f541bc27bcc8e27b65f9b6c3230c3ff717847651e53fb5ece
P1,hin_wikipedia_2021_300K,hin,L20,1987,http://hi.wikipedia.org/wiki/इण्डोनेशिया_के_राष्ट्रपति,51841ee931920fcf5accd4e174adeb30012ba83ecfe9b76576f690650ffc652c
P1,hin_wikipedia_2021_300K,hin,L20,1989,http://hi.wikipedia.org/wiki/पर्ल_हार्बर,9bf879febea9d8c9a78353043c3ceba4f41b4019062a587127b40f2e07e35125
P1,hin_wikipedia_2021_300K,hin,L20,1990,http://hi.wikipedia.org/wiki/फ्रांस_का_सैन्य_इतिहास,e5e707449ed3391a4874c2430a37c0772ced752de3357fa24c573d6f6fe538d6
P1,hin_wikipedia_2021_300K,hin,L20,1992,http://hi.wikipedia.org/wiki/बीट_पीढ़ी,ecfeb026c7a65c0bb52d004d7ce9dd6f3b60d37fa00b5f0add6c23745340e45d
P1,hin_wikipedia_2021_300K,hin,L20,1993,http://hi.wikipedia.org/wiki/भट्टी,4fd0f303b480fc7c2d71af57714ea63694e0496d48d7ca077466d2c10f96a2ff
P1,hin_wikipedia_2021_300K,hin,L20,1994,http://hi.wikipedia.org/wiki/लेखापरीक्षा,01082c3a2d2ad2ceff32505813e78a55c997a8e14631da846b3a154e57646af6
P1,hin_wikipedia_2021_300K,hin,L20,1997,http://hi.wikipedia.org/wiki/सूचकाक्षर,1f58f88c57169f8c034d71d264b4ff60d61084efc8ec648673fa27731d7d158d
P1,hin_wikipedia_2021_300K,hin,L20,1999,http://hi.wikipedia.org/wiki/ईजियाई_सभ्यता,a6cbf9b5f4e382f6dde589edb30597092d07ea879de4f1f39dc0b57c5eee790a
P1,hin_wikipedia_2021_300K,hin,L20,2000,http://hi.wikipedia.org/wiki/उत्तरजीविता_कौशल,8271b4d62188694888ec6e0577cd42e41f08f88c6334edf99119e53748470969
P1,hin_wikipedia_2021_300K,hin,L20,2002,http://hi.wikipedia.org/wiki/केसमुत्ति_सुत्त,ec53dd33351fcc3b7e3b890b12c05c64d4a471cb3585c67f48c9c45e77e48a6f
P1,hin_wikipedia_2021_300K,hin,L20,2003,http://hi.wikipedia.org/wiki/क्रेन,dbf61829818f308640eba3484b59f13de93bafee8e7ff74186aae55941f466fb
P1,hin_wikipedia_2021_300K,hin,L20,2005,http://hi.wikipedia.org/wiki/गैसों_का_द्रवण,8babd752889d59db0c44e7d0407c29800f77add6a4cf172cbf2bde78cc3d6e35
P1,hin_wikipedia_2021_300K,hin,L20,2006,http://hi.wikipedia.org/wiki/देवीभागवत_पुराण,84a38e7a15aaa961a6589523b5f32a904074f988825d71cafd21c83b2a2029d2
P1,hin_wikipedia_2021_300K,hin,L20,2009,http://hi.wikipedia.org/wiki/उपग्रह_दूरभाष,54b06ecc4394557407fc177f334bbfdf85ca1242cf002b209e4b372951283c97
P1,hin_wikipedia_2021_300K,hin,L20,2011,http://hi.wikipedia.org/wiki/मुदलियार,20e614020ce55ad70b64bc4782284bb7e8726c56c3dd3b8d8ba5e42c858ee9d6
P1,hin_wikipedia_2021_300K,hin,L20,2012,http://hi.wikipedia.org/wiki/सिंधु_जल_समझौता,25ce70b7be2fe812501dfed11ac2b39cd52ea54a4ea894dc67324ddeb3e47035
P1,hin_wikipedia_2021_300K,hin,L20,2013,http://hi.wikipedia.org/wiki/हरित_अभिकलन,d747f52ccd85366905393d88ef40d276c353ee7e4779ab49f4da9bd7057e525e
P1,hin_wikipedia_2021_300K,hin,L20,2014,http://hi.wikipedia.org/wiki/अन-नूर,acf5f9648997d8a4244eb3bf5aabe7fc78821ad342aff641e0b8175c5224554c
P1,hin_wikipedia_2021_300K,hin,L20,2015,http://hi.wikipedia.org/wiki/डूम_3,a50c5bf6f617eb9d316e60ebe606c266080c50d9da5700d8a3d3ca62f598d1ce
P1,hin_wikipedia_2021_300K,hin,L20,2016,http://hi.wikipedia.org/wiki/बिली_रे_साइरस,59b74b617c68dc5ed581463f7ebb54cfd5037ca70feb69fec40d53154debe8b8
P1,hin_wikipedia_2021_300K,hin,L20,2017,http://hi.wikipedia.org/wiki/सिविल_इंजीनियरी,2bf69e5bac8f7d510adf4a078b98a38c7d72accf3be079670e10da7ab974da5e
P1,hin_wikipedia_2021_300K,hin,L20,2018,http://hi.wikipedia.org/wiki/कालीन,3c5bb58677f4c828bcdbdabbc52bfb3e4ed5dd92a9c4c811a71441aa3034badf
P1,hin_wikipedia_2021_300K,hin,L20,2019,http://hi.wikipedia.org/wiki/आर्थिक_शब्दावली,510f9a3fab5ce7cd5520c8ec201e5cddfaefc8a72a65c77337d96461525aa0b9
P1,hin_wikipedia_2021_300K,hin,L20,2022,http://hi.wikipedia.org/wiki/ट्राफलगर_स्क्वायर,e5d4f4b47f7354faed7b4a1b68913697913869382bae920c2d46bf5ed2d540c3
P1,hin_wikipedia_2021_300K,hin,L20,2023,http://hi.wikipedia.org/wiki/फिलिप्स,56df1d9ff6446335096a22f2ef7349cb006a034e981674514d0c02cf72df7ed1
P1,hin_wikipedia_2021_300K,hin,L20,2025,http://hi.wikipedia.org/wiki/ब्रेवहार्ट,313ae9ce09e3867adda185df8473eece797d6a9226b722ac29a452ca997183e0
P1,hin_wikipedia_2021_300K,hin,L20,2027,http://hi.wikipedia.org/wiki/माइकल_बल्लैक,193b7b29a3caca3593ea6a90df6b618b1d20c8a644a469eab44fd92cd0cd1197
P1,hin_wikipedia_2021_300K,hin,L20,2029,http://hi.wikipedia.org/wiki/क्रिस_गार्डनर,9211283cc787c1fbb8c419046fe299d9683113926daf2fcb40b70eff82869306
P1,hin_wikipedia_2021_300K,hin,L20,2030,http://hi.wikipedia.org/wiki/ग्लोनास,633a95834b05850543cf790eb7d9cb01c35afce359439e53797c1f8df0396ba8
P1,hin_wikipedia_2021_300K,hin,L20,2031,http://hi.wikipedia.org/wiki/अनवर_होजा,180df6b78d697f4b958efc10e268633a75cca08c7ae9a3f0265265d975a33237
P1,hin_wikipedia_2021_300K,hin,L20,2032,http://hi.wikipedia.org/wiki/ज़ुबैर_इब्न_अल-अवाम,60db6536191ebded16b9bc525d84997117f2a3a9bb6a770f11374f9e5ea8096d
P1,hin_wikipedia_2021_300K,hin,L20,2033,http://hi.wikipedia.org/wiki/क्रमचय,c0d98325a1fe9dc13a2ee0fdd83f833a8e96131636186411ebbc0517d3ac4a7b
P1,hin_wikipedia_2021_300K,hin,L20,2034,http://hi.wikipedia.org/wiki/एडवर्ड_बर्नेट_टाइलर,3a822690f0a8d2c613cd4834385810533be6984305dc826c7ea658ab42dc8939
P1,hin_wikipedia_2021_300K,hin,L20,2035,http://hi.wikipedia.org/wiki/सैटलाइट_रेडियो,11adbfc70b71ab1c6d3ba3789ae12f0cd4b8738cb9d0f65fb2e40fa96e4e82a5
P1,hin_wikipedia_2021_300K,hin,L20,2038,http://hi.wikipedia.org/wiki/अर्धचालक_युक्ति,eb9d839885672d91e0ee3a5194d8a6796aae1d07158151cd6c0b0614dc7cdd90
P1,hin_wikipedia_2021_300K,hin,L20,2039,http://hi.wikipedia.org/wiki/भारतीय_मोर,2cb734d1ffaec79820e1f056f7ce45a55e29fbb1062ec10c608947ddeed21626
P1,hin_wikipedia_2021_300K,hin,L20,2040,http://hi.wikipedia.org/wiki/मुखबिर,6dcacfefddcbc8d832aac59b37bed92ec8841eed3edae6746029b12985ed3297
P1,hin_wikipedia_2021_300K,hin,L20,2042,http://hi.wikipedia.org/wiki/शेवरॉन_कॉर्पोरेशन,5daaaa7dd86bdeeea300890bea1cfc675f8940b67eb4afd16c8985c70a72148f
P1,hin_wikipedia_2021_300K,hin,L20,2043,http://hi.wikipedia.org/wiki/प्रदत्त_नाम,4fa0d4e38df4b626a045311a34e1cdf32d09e87a0984a759832044daf5057e97
P1,hin_wikipedia_2021_300K,hin,L20,2044,http://hi.wikipedia.org/wiki/टकीला,041c79d2656e86a9139de10fc654ae7cd357925fdf9c417623a56a15363f7323
P1,hin_wikipedia_2021_300K,hin,L20,2046,http://hi.wikipedia.org/wiki/कंप्यूटर_डिस्प्ले,0213c77fe252781ef478e44c87873dcd35c3531dc199c6a4a52ca56614eb62bb
P1,hin_wikipedia_2021_300K,hin,L20,2049,http://hi.wikipedia.org/wiki/अल्मोड़ा_के_पर्यटन_स्थल,31a0c564051aea5988c08ab6efce6368ac8d19d6cefb980dba2f86dfe1fc5bcf
P1,hin_wikipedia_2021_300K,hin,L20,2053,http://hi.wikipedia.org/wiki/चुंबकत्व,ce761886a6cd1c49a117422f2eb6e6ac13314a2bbc57f250dfe254aeff527c49
P1,hin_wikipedia_2021_300K,hin,L20,2054,http://hi.wikipedia.org/wiki/टैंगो_(नृत्य),467e6a5ed364011d42e8e36c22fb4bd1cd1be375c777f765a264996fa4bb6923
P1,hin_wikipedia_2021_300K,hin,L20,2055,http://hi.wikipedia.org/wiki/चित्रकूट_जिला,344d282610944238141d66815f8e53b3d70da8d2fa6b37e995fc8defa8579f6d
P1,hin_wikipedia_2021_300K,hin,L20,2056,http://hi.wikipedia.org/wiki/ऊष्मा_अन्तरण,513be1a511df4f87152017877de7080a0c68098844301dff8fa22f3ce1a4a0de
P1,hin_wikipedia_2021_300K,hin,L20,2057,http://hi.wikipedia.org/wiki/कोशिकीय_श्वसन,1c2ab366968475b19fbb84233fe83e0b2ce64fd411723ed5b59b7692f00c9f70
P1,hin_wikipedia_2021_300K,hin,L20,2058,http://hi.wikipedia.org/wiki/भू-तापीय_ऊर्जा,59c0f0230b7b9aab08bbe6d7d53b798bf0ea33d689a58f9bdc3b0a5534e1b250
P1,hin_wikipedia_2021_300K,hin,L20,2059,http://hi.wikipedia.org/wiki/यमुना_नदी,2eb5d9b0b3fce7b6ec7d8b1db7bf4065ae272ecd054749284150ffba4cae5cda
P1,hin_wikipedia_2021_300K,hin,L20,2060,http://hi.wikipedia.org/wiki/व्यभिचार,67f86249c5d92aefab99f66a60073a8a5b42f0eb1d2eab0cbf190d697a156a43
P1,hin_wikipedia_2021_300K,hin,L20,2062,http://hi.wikipedia.org/wiki/पद्मावत_(फ़िल्म),5a1d2bb7ecf5a0e45ff5f0dd5382335ac2e8043a640effa5eda76935c690781e
P1,hin_wikipedia_2021_300K,hin,L20,2064,http://hi.wikipedia.org/wiki/कुरुक्षेत्र_युद्ध,1a8cbc9edb29e8651903678a2c89c927729ecb9fd58575c5f090c4b8e913b0b3
P1,hin_wikipedia_2021_300K,hin,L20,2065,http://hi.wikipedia.org/wiki/मुलायम_सिंह_यादव,c35755cc6c5a9637bf27e3b3623149fca53dd9dfb44d5c201ea51723701890db
P1,hin_wikipedia_2021_300K,hin,L20,2066,http://hi.wikipedia.org/wiki/एबी_डी_विलियर्स,68278254d6e251ca605ec5198e6ab01b69327907806b80843dc17a54fd8aef8c
P1,hin_wikipedia_2021_300K,hin,L20,2068,http://hi.wikipedia.org/wiki/काग़ज़_का_आकार,393fbcb35c4e49504b883b8559230e99b000dee9effa84d362f06657b4f353d0
P1,hin_wikipedia_2021_300K,hin,L20,2070,http://hi.wikipedia.org/wiki/मानक_विचलन,53240dd0dd3ca0d679544a66c306d21db5658ab2da638f6b9e52e8fdcc0df73e
P1,hin_wikipedia_2021_300K,hin,L20,2072,http://hi.wikipedia.org/wiki/निचली_दिबांग_घाटी_जिला,88fd12329f12543b5f4412dbb5ac0afd5aabeb280b01d37eb66ce430297199e2
P1,hin_wikipedia_2021_300K,hin,L20,2073,http://hi.wikipedia.org/wiki/खनन,9a40427be8b2063e485f6884fd02c66acdb62975d9de0b637722a85cabc8ae74
P1,hin_wikipedia_2021_300K,hin,L20,2074,http://hi.wikipedia.org/wiki/जेलीफ़िश,896096b9ece0f553d106955c5a3c245951e6e15dbd268c6a5b3adda1178d82ef
P1,hin_wikipedia_2021_300K,hin,L20,2075,http://hi.wikipedia.org/wiki/प्राणी,7530f47f9bdd2218831bd1568405dc68b89e5985fa5e0d1c2eedadea91d2433a
P1,hin_wikipedia_2021_300K,hin,L20,2076,http://hi.wikipedia.org/wiki/सनातन_धर्म_के_संस्कार,2f67fa397e8d877e2fbfe3192f2a70070c6c4b9e2514940a64e3b8ab51f073a3
P1,hin_wikipedia_2021_300K,hin,L20,2077,http://hi.wikipedia.org/wiki/सांख्यिकी,f72d134dc701f16853aa6c353fc0d46fefd78b45bb34adf0bfdbb9c794d94258
P1,hin_wikipedia_2021_300K,hin,L20,2078,http://hi.wikipedia.org/wiki/एड्स,700e36f8536dc8f0b8d9b5890bcc58224d321b357fdf4760f5e59b1f810c8b75
P1,hin_wikipedia_2021_300K,hin,L20,2079,http://hi.wikipedia.org/wiki/बरमूडा_त्रिभुज,2d825b4fb4b934394ddf242a9ead22ae8d7ddcdd3d9c8bccd2c20aa1529637c7
P1,hin_wikipedia_2021_300K,hin,L20,2080,http://hi.wikipedia.org/wiki/यीशु,9c031ce4621ff81469be4b35aaf0a46f179eab106bf295efbb2afb9614612da3
P1,hin_wikipedia_2021_300K,hin,L20,2082,http://hi.wikipedia.org/wiki/प्लासी_का_पहला_युद्ध,df5180b320f146e036afd5285256f9b8e9cb95321ffa5befcc5cb847ecf38273
P1,hin_wikipedia_2021_300K,hin,L20,2085,http://hi.wikipedia.org/wiki/गौड़पाद,7f62dbc21affa762540d97833d5e44f2a5c9d7504edd7a373bb77f89356b5caa
P1,hin_wikipedia_2021_300K,hin,L20,2086,http://hi.wikipedia.org/wiki/इमाम_अहमद_रज़ा,66be8437e6002f9b4a550952a374fa44f3e13200a0b5be37347e7974ed73d19b
P1,hin_wikipedia_2021_300K,hin,L20,2089,http://hi.wikipedia.org/wiki/गोलोक,e9a4f3160992caf53240571ddd3f23cb0764f769f12c2602d39a317b71395e28
P1,hin_wikipedia_2021_300K,hin,L20,2090,http://hi.wikipedia.org/wiki/गैलापागोस_द्वीपसमूह,1104899d923960f92c1a0980a244ffeae3b8ff60d17d203aa0ead4dc1d7b3763
P1,hin_wikipedia_2021_300K,hin,L20,2092,http://hi.wikipedia.org/wiki/तन्त्र,4a10989ed48e54f88b035c799a05c39d70f7036a75d819671bf9169854c7c0cc
P1,hin_wikipedia_2021_300K,hin,L20,2093,http://hi.wikipedia.org/wiki/बांग्लादेश_मुक्ति_संग्राम_के_समय_महिलाओं_के_साथ_बलात्कार,e17f2098dc37b85fe69b78c900a54fa5ba433c5d595ca97aa26c15dfb22d8a27
P1,hin_wikipedia_2021_300K,hin,L20,2094,http://hi.wikipedia.org/wiki/देव_सूर्य_मंदिर,477b80ddaeda4552cfe553c1096906b43e88c98b63e1b5c1150edfe0b494047e
P1,hin_wikipedia_2021_300K,hin,L20,2095,http://hi.wikipedia.org/wiki/चामुंडा_देवी_मंदिर,fbca725aafb463cbfcf275794bea0aa7d02c20ae04a09efcf6e5df8e437ce95f
P1,hin_wikipedia_2021_300K,hin,L20,2096,http://hi.wikipedia.org/wiki/भारतीय_नाट्यशालाएँ,78ea69ba53412b7169581eef41a2005c3fbf5f1e6ea95c1aa30492b9799e0951
P1,hin_wikipedia_2021_300K,hin,L20,2099,http://hi.wikipedia.org/wiki/इस्लाम_में_अल्लाह_के_नाम,9f31f409d16f6232e1cf791c423adda075816dc08a8def449070597868053ce3
P1,hin_wikipedia_2021_300K,hin,L20,2100,http://hi.wikipedia.org/wiki/तेजाजी,254d4b3dd5c6021d57297b1e2947b1164aae0957c980207da9377c043023f2e0
P1,hin_wikipedia_2021_300K,hin,L20,2101,http://hi.wikipedia.org/wiki/ब्रिटिश_साम्राज्य,031a4b5f5f976bd92c4232b808890683fa36c19dea5d21997f9caf4a40a7d390
P1,hin_wikipedia_2021_300K,hin,L20,2102,http://hi.wikipedia.org/wiki/प्राणायाम,2d3d763ae80f6298670f60c1ff178c0211b0b13bb6c89ef682139d38cfa9dc86
P1,hin_wikipedia_2021_300K,hin,L20,2103,http://hi.wikipedia.org/wiki/इन्दिरा_गांधी,d236f993281ee788b31f707d1820767d9ceec5a790eefe30756e04d4e8719d78
P1,hin_wikipedia_2021_300K,hin,L20,2104,http://hi.wikipedia.org/wiki/चक्रवात,1a046ad470ab139171bd468ca5f5f9a607882998b37e334a86f1ee63a8771bc1
P1,hin_wikipedia_2021_300K,hin,L20,2105,http://hi.wikipedia.org/wiki/अंकोरवाट_मंदिर,ba4ad958778d7fcdad9f4d436d7ac292b66ee9d4e51a33f366ffb311f3fbf6db
P1,hin_wikipedia_2021_300K,hin,L20,2106,http://hi.wikipedia.org/wiki/मातृ_दिवस,813068ed68255bbf174397f392cf9a4ddf9a5c78758612445e31a43f12339b2f
P1,hin_wikipedia_2021_300K,hin,L20,2109,http://hi.wikipedia.org/wiki/वार्षिकी_(वित्त),c876079c3674822ae46866f6f992dbeacb9f31d13b959c76b3229a4b28fca3d3
P1,hin_wikipedia_2021_300K,hin,L20,2110,http://hi.wikipedia.org/wiki/भारत_२०१०,b6b1ca2d620434a226d3f077b9a1e743d5e7a3eae4cf47315b171b370b99aed0
P1,hin_wikipedia_2021_300K,hin,L20,2111,http://hi.wikipedia.org/wiki/उत्तराखण्ड_के_मेले,bd3a2daad84303251be5fd1e71de26831536bb30a80e75225ce8dc9dee3fe513
P1,hin_wikipedia_2021_300K,hin,L20,2112,http://hi.wikipedia.org/wiki/चरित्रहीन,c9469d887175103d9fa36638739a7f2e80eee4dc89b5bb21d0f3e8c72f8e2c81
P1,hin_wikipedia_2021_300K,hin,L20,2113,http://hi.wikipedia.org/wiki/लोहस_धातुकर्म,bdb69fed78f17ef6064c82623723c6a58331c27b655777eb91a2e26e82fb5682
P1,hin_wikipedia_2021_300K,hin,L20,2114,http://hi.wikipedia.org/wiki/रामानन्दी_सम्प्रदाय,847d8bc75fbebd39a0b69b3f868711a4e57f3e3bb54096c58141249e59004afe
P1,hin_wikipedia_2021_300K,hin,L20,2115,http://hi.wikipedia.org/wiki/सेंट_जॉन्स_मैट्रिकुलेशन_हायर_सेकेंडरी_स्कूल_आल्वार्थिरुनगर,068f96d5f53dfdd2ff0cee154e1491ec4b0a9cddfd25f08044de50c5b78e9fa4
P1,hin_wikipedia_2021_300K,hin,L20,2116,http://hi.wikipedia.org/wiki/डॉकयार्ड,87775d1cb7c39acd6a6b6605b1fdf861add9c411ffcaabbbca0525eeba1dcb0b
P1,hin_wikipedia_2021_300K,hin,L20,2117,http://hi.wikipedia.org/wiki/तन्त्रालोक,deefc559a72c8946a3a67a329ed30c39499b391fbad1a8d235ee377bc48b514e
P1,hin_wikipedia_2021_300K,hin,L20,2119,http://hi.wikipedia.org/wiki/अचलताकारक_कशेरूकाशोथ,5e4c7e94088b7da188a7b7973d799550ea65f0088fc402842216321d604b68b3
P1,hin_wikipedia_2021_300K,hin,L20,2120,http://hi.wikipedia.org/wiki/दीघनिकाय,7df5572e23cc4b89f5ca638b885f2f03cac1661375594e2f84ac271a91ac5b88
P1,hin_wikipedia_2021_300K,hin,L20,2121,http://hi.wikipedia.org/wiki/निकोल_किडमैन,594e4cadae471e9e5310ce9de77547fbeaf8b46eae9f4848d9210edc524cbe09
P1,hin_wikipedia_2021_300K,hin,L20,2123,http://hi.wikipedia.org/wiki/प्रकाशस्तम्भ,99ac24609c59a9ca1d833aeb0360d0d886812d48ed6b3ce222dc8a7e845a5f2c
P1,hin_wikipedia_2021_300K,hin,L20,2125,http://hi.wikipedia.org/wiki/फलावर,7c7704fcd56a202b90f1ffbad0228e2e45434fe41f143e656f66c0652d21fdfb
P1,hin_wikipedia_2021_300K,hin,L20,2128,http://hi.wikipedia.org/wiki/सन्त_कंवर_राम,7e838207b5a651175f040075b6f5862cd3946547acfa3c6e3ab6dcead36a725d
P1,hin_wikipedia_2021_300K,hin,L20,2129,http://hi.wikipedia.org/wiki/सात्राप,31242fead224120f3e8b91e41f5aaaca73ed8d29758ce7248160fcd5fedd07e9
P1,hin_wikipedia_2021_300K,hin,L20,2131,http://hi.wikipedia.org/wiki/ईरानी_चित्रकला,22dffd643d4f7bcc1b09d2894d8450673eb680169a957c4ebe22428d7f23bd03
P1,hin_wikipedia_2021_300K,hin,L20,2132,http://hi.wikipedia.org/wiki/उत्खनन_(पुरातत्व),13a6a3bc5c516c78c4e0ce7cc4c9100790d2625b5baaa28de5a9e2c296c4a2d2
P1,hin_wikipedia_2021_300K,hin,L20,2133,http://hi.wikipedia.org/wiki/उद्यान_विज्ञान,d3d1bb7b09f25472e3f694e1c7e977810e9291e91882672ab0f940a672c4dbb5
P1,hin_wikipedia_2021_300K,hin,L20,2134,http://hi.wikipedia.org/wiki/ऍलजी_इलैक्ट्रॉनिक्स,cc2e9c79ca9f4f45f68c0d7b1e4886030269c1682159438dda10f44d96b1c9f7
P1,hin_wikipedia_2021_300K,hin,L20,2136,http://hi.wikipedia.org/wiki/केवल_रतन_मलकानी,704b10092b2ad5583a4e39550a320daaff230d8909014352472a13a9a7ea5d73
P1,hin_wikipedia_2021_300K,hin,L20,2140,http://hi.wikipedia.org/wiki/केंचुआ,8c735674f2cd2bd2699306351958c6c8873939d7bd2057f9a68e746a978f2da3
P1,hin_wikipedia_2021_300K,hin,L20,2142,http://hi.wikipedia.org/wiki/साल्ज़बर्ग,469b8d7c4315c1fc5f449118ef3706af04be5897512053a6d4708e16eda767d1
P1,hin_wikipedia_2021_300K,hin,L20,2143,http://hi.wikipedia.org/wiki/सेंट्रल_प्रोसेसिंग_यूनिट,e5905d3a129bc749d734cd1adc092dba609688d581612acb568fc343c6805142
P1,hin_wikipedia_2021_300K,hin,L20,2145,http://hi.wikipedia.org/wiki/बाल_पत्रकारिता,a959450f0de6cbd680bd2ca941e29ae1f4e51d38c864fe827ca81439e481b6e4
P1,hin_wikipedia_2021_300K,hin,L20,2146,http://hi.wikipedia.org/wiki/शल्य_प्रसव,28905a56ecb50ef7ecc605818e6f8d8a5c253c1f58aed9f7bdeef5c046bee960
P1,hin_wikipedia_2021_300K,hin,L20,2147,http://hi.wikipedia.org/wiki/नयी_कविता,434ec1a6e9aa7d93d9f3c0e72e55fc882c4d8756618087d1de6d28ba14053567
P1,hin_wikipedia_2021_300K,hin,L20,2151,http://hi.wikipedia.org/wiki/घूर्णाक्षदर्शी,34c486465c021aca957ed06690259e296db28cddcafcdbb52e2b4131f3cc929e
P1,hin_wikipedia_2021_300K,hin,L20,2153,http://hi.wikipedia.org/wiki/डब्लूडब्लूई_बैकलैश,bda5082ed8f886da35c76536793d6fa0cea4d6b1fbc25b88319fdb0197e97ece
P1,hin_wikipedia_2021_300K,hin,L20,2154,http://hi.wikipedia.org/wiki/नेपियर,9d81f28c3978f82bca55a9a05fe47911720870f7e642d0929e0403116135c943
P1,hin_wikipedia_2021_300K,hin,L20,2155,http://hi.wikipedia.org/wiki/मेगन_फ़ॉक्स,178bcd0d2a8cd158a2d71173002e21233071fd8163b65dad708cd5071a5db72e
P1,hin_wikipedia_2021_300K,hin,L20,2156,http://hi.wikipedia.org/wiki/ऐली_लार्टर,2ffed3aa8d276dd116d4befa7b0d2e65661b57f0feebc3d22c988cd8b160b650
P1,hin_wikipedia_2021_300K,hin,L20,2158,http://hi.wikipedia.org/wiki/पार्कर,aa498178b3ec64a2485442a3b50c5174991aab5f544e85abf0979bbbc912032c
P1,hin_wikipedia_2021_300K,hin,L20,2159,http://hi.wikipedia.org/wiki/पालागुम्मि_साईनाथ,66caf777874da66bb98a3777a9b0d18b216e5b98a117049265b52cc1d95cf069
P1,hin_wikipedia_2021_300K,hin,L20,2160,http://hi.wikipedia.org/wiki/घबड़ाहट_के_दौरे_(पैनिक_अटैक),68715bfc4a8c0da04d62bd95b68188882fc5918a7d0aadfb19bb3d1a775b6724
P1,hin_wikipedia_2021_300K,hin,L20,2161,http://hi.wikipedia.org/wiki/डेविड_कॉपरफील्ड_(उपन्यास),3eeb4dc0322e0cd9068b1971965c6f1ad17c5f9373af64b99b42dcf4d4090001
P1,hin_wikipedia_2021_300K,hin,L20,2162,http://hi.wikipedia.org/wiki/कार्गो,6aa53c3ad177b5a50e914c6ea007480aff9bf7550fad5ffe311c6f83daceaae1
P1,hin_wikipedia_2021_300K,hin,L20,2164,http://hi.wikipedia.org/wiki/लिंडा_सरसौर,9e210312ff49d7c8623f6cf68cc8759bcb71132673177e5161291a9c966fc4c6
P1,hin_wikipedia_2021_300K,hin,L20,2165,http://hi.wikipedia.org/wiki/खसरा,c3a8fac7e0f8f25e389efd7597ec1af5d206d6afc0fcf9f2ec09c747aca0f306
P1,hin_wikipedia_2021_300K,hin,L20,2166,http://hi.wikipedia.org/wiki/पिंक_पैंथर,a5d3abb9c44ca5a6c04921f6798d5be4121ab5274a65cbef9bd74717b23b6a87
P1,hin_wikipedia_2021_300K,hin,L20,2167,http://hi.wikipedia.org/wiki/मिक्रोप्सिया,c7173dbba9e25b427a4a9d68898041da76cb563b53e8c6733fb4785c790f5a46
P1,hin_wikipedia_2021_300K,hin,L20,2169,http://hi.wikipedia.org/wiki/गुप्त_ऊर्जा,2cf19e057e46240ea7db4db3af301ec0ff7b3449e8adfc69d2a8eef7a565da79
P1,hin_wikipedia_2021_300K,hin,L20,2170,http://hi.wikipedia.org/wiki/सूर्य,248a932db604475068b24d6d7120751d67b4b1b4c2460a98fb66cbd421e95b7f
P1,hin_wikipedia_2021_300K,hin,L20,2171,http://hi.wikipedia.org/wiki/जॉनी_डेप,615c30c2bb228ee5bc64292cdd199195340dfe7a127e6164130a8f4a005c9e53
P1,hin_wikipedia_2021_300K,hin,L20,2175,http://hi.wikipedia.org/wiki/भ्रूण,64af567af8b2625a1d47c92729c5e7dce3b6d440da533a6832bf343dd713fe34
P1,hin_wikipedia_2021_300K,hin,L20,2178,http://hi.wikipedia.org/wiki/त्रिभुज,fb69bbdac9d76e6f9434bb49b16acde304fae661e2af2bec04fdc0009c39dbf6
P1,hin_wikipedia_2021_300K,hin,L20,2179,http://hi.wikipedia.org/wiki/ब्रिटिश_राजतंत्र,1a74b45af9aa93c5c845d7acf11d23377dc50b09220d9643fc1ba4961e77bf31
P1,hin_wikipedia_2021_300K,hin,L20,2180,http://hi.wikipedia.org/wiki/श्रीलंकाई_गृहयुद्ध_का_इतिहास,c68945dc669494f695cfd90aef5578ac0a89e1df9bbac8586a1e321651622716
P1,hin_wikipedia_2021_300K,hin,L20,2182,http://hi.wikipedia.org/wiki/मोटर_वाहन_उद्योग,28bb7a927dbe3403017fad593010ee9d1de991f4cd347cadf61fb421b619bd5e
P1,hin_wikipedia_2021_300K,hin,L20,2184,http://hi.wikipedia.org/wiki/कोश,28b420ca27ac22e42688628713f091efb600b95aef396afb0f706db2b4b803f8
P1,hin_wikipedia_2021_300K,hin,L20,2185,http://hi.wikipedia.org/wiki/ओड़िशा_का_खाना,2cde55fde2e64a8112ae2b5cbb0bb913c79d2730d3b004a79f668da13a1bfac5
P1,hin_wikipedia_2021_300K,hin,L20,2187,http://hi.wikipedia.org/wiki/गर्भस्राव,fe466cfa3b25a760afdb62e1cdd83603164483d3bbbebd45c4136c9134042912
P1,hin_wikipedia_2021_300K,hin,L20,2189,http://hi.wikipedia.org/wiki/पोर्शे,da1b520eeaf01512910047a3c913df6028832e4f1c29472f0deda2b39531b14c
P1,hin_wikipedia_2021_300K,hin,L20,2190,http://hi.wikipedia.org/wiki/बुध_(ग्रह),ac80cb23cc59c63c21e7f13eedc88e703d297216914456d6f347fdcd4256a3ff
P1,hin_wikipedia_2021_300K,hin,L20,2191,http://hi.wikipedia.org/wiki/सम्प्रभुता,874e46070a6408b2de8d69b50d791a68ad1de9079c5fa1bf98f39bf3f178d6f7
P1,hin_wikipedia_2021_300K,hin,L20,2192,http://hi.wikipedia.org/wiki/तेलुगु_भोजन,a7d9bc7b6d73489088694669b8d1dce3a8c231246b2bf58481f39a4d1a17d7dc
P1,hin_wikipedia_2021_300K,hin,L20,2193,http://hi.wikipedia.org/wiki/वैक्युम_क्लीनर,7ac461437baac4a9664d9e81cba8e2889468de21eb4a0bc1ed9d464fd12de4b9
P1,hin_wikipedia_2021_300K,hin,L20,2194,http://hi.wikipedia.org/wiki/नरसी_मेहता,de12e724f0dc78fdd1571d5d139793bff5c770a9ea0828981fa067415255e365
P1,hin_wikipedia_2021_300K,hin,L20,2195,http://hi.wikipedia.org/wiki/आजीविका,96e7b064accb698d91bdf4d0018e09af76a96266c28fbb63134cd95866632d4a
P1,hin_wikipedia_2021_300K,hin,L20,2196,http://hi.wikipedia.org/wiki/रक्त_के_प्रकार,7901a753b15569f0bc3350a909e9b1c0053e3297425b400c5e67c4b2770fc090
P1,hin_wikipedia_2021_300K,hin,L20,2199,http://hi.wikipedia.org/wiki/तर्कशास्त्र,cffc5efd1247f461315f17c8e891436ff935e76123de0d4f331fecd58d035af3
P1,hin_wikipedia_2021_300K,hin,L20,2201,http://hi.wikipedia.org/wiki/शादी_मुबारक़,2859a4746aa0650a8e4f61186c980a5bc33e4fdc25aa351e90b8b8270738abda
P1,hin_wikipedia_2021_300K,hin,L20,2202,http://hi.wikipedia.org/wiki/एनरिक_इग्लेसियस,a717b2f04204bc88d15be86f219e66c290bae2a8c2acb465b56be911fe287db4
P1,hin_wikipedia_2021_300K,hin,L20,2203,http://hi.wikipedia.org/wiki/बाड़मेर_जिला,34551dceef578e625acd9b31892541ef32457e8120d3f78b4553fe1ebe6c2c9d
P1,hin_wikipedia_2021_300K,hin,L20,2205,http://hi.wikipedia.org/wiki/सरस्वती_देवी,99868af0ec06a02c20fda604b264c1fb751a0b341a9882feb1adc8749416ed4a
P1,hin_wikipedia_2021_300K,hin,L20,2206,http://hi.wikipedia.org/wiki/कम्पनी_सचिव,8a709038681da73657f598a0b3fdc5e163b8ae9ee47a1c8505b85997a1d2c7cc
P1,hin_wikipedia_2021_300K,hin,L20,2207,http://hi.wikipedia.org/wiki/संसद_भवन,6bb662d960922a0c3c92c611cb4931887000ae996faead4317333a5c7504c308
P1,hin_wikipedia_2021_300K,hin,L20,2208,http://hi.wikipedia.org/wiki/राज_कुमार,318248b2445cb23ee19f1d9b103fb71e0008e09e9e3641bef8608ffcd23e4674
P1,hin_wikipedia_2021_300K,hin,L20,2210,http://hi.wikipedia.org/wiki/नल-दमयन्ती,e66c1705d583243979bed3a19212c023ad92e4b6a3607ee7b6f627503f5eb781
P1,hin_wikipedia_2021_300K,hin,L20,2212,http://hi.wikipedia.org/wiki/कैबिनेट_(सरकार),c7c4b09e4d93e12054ddda32baf4e6ddd863d3fa4df65643b544f9e15d2356fe
P1,hin_wikipedia_2021_300K,hin,L20,2213,http://hi.wikipedia.org/wiki/गूगल_खोज,64515f411d1346eb6ac75463abf0dd72fa7234abfdcb470f410efddcdc8cf529
P1,hin_wikipedia_2021_300K,hin,L20,2214,http://hi.wikipedia.org/wiki/जर्मनी,3c5c1a9f94ffedac5eb587e949a6abe7ffb36f96010d1f7a1de94de74c511a35
P1,hin_wikipedia_2021_300K,hin,L20,2216,http://hi.wikipedia.org/wiki/मनोविकार,da82670085e43a6e9731e38dfb3e271ebe332396311fb1c717dd033b64f91649
P1,hin_wikipedia_2021_300K,hin,L20,2219,http://hi.wikipedia.org/wiki/टीका_(वैक्सीन),f766aaf6fd33b387a900f971d72515e6456308443c29b9c5e06e7bed303fa5a4
P1,hin_wikipedia_2021_300K,hin,L20,2220,http://hi.wikipedia.org/wiki/केशव_बलिराम_हेडगेवार,b1828c95e25ed8e7ee2613b3885ecd4ce8d8e7cedaf016817af6e4445084568d
P1,hin_wikipedia_2021_300K,hin,L20,2221,http://hi.wikipedia.org/wiki/मैथिली_साहित्य,5330e1995923a83902c3936ea5331b5db4d35e548f34cbefe3c7652d80cf8be1
P1,hin_wikipedia_2021_300K,hin,L20,2222,http://hi.wikipedia.org/wiki/ब्राज़ील,2db1c765a7c5e4923c416f5bd6e75de2adff9489ffa7f35c009e8182e3d4988e
P1,hin_wikipedia_2021_300K,hin,L20,2226,http://hi.wikipedia.org/wiki/कामसूत्र,59075d1b6ac405b515ce682e7d652b2b1e4065cd1cf0b51e333b72f3f8bc9a69
P1,hin_wikipedia_2021_300K,hin,L20,2227,http://hi.wikipedia.org/wiki/भारतीय_विशिष्ट_पहचान_प्राधिकरण,f1c7757c6495d6032bec4fa4f7c9744276656b632c4d4a57815e2f057c9a39fe
P1,hin_wikipedia_2021_300K,hin,L20,2230,http://hi.wikipedia.org/wiki/आधुनिक_केरल,c3b22511a6f3cc5d0ebf53e9f42ab682132f7dab5b10a5624e2575e7d6e1e4f5
P1,hin_wikipedia_2021_300K,hin,L20,2232,http://hi.wikipedia.org/wiki/नैनो_विज्ञान,cc043f9aaac32127593dc208c4643aa31e3ed007e1cf50be0caf9de17489a8b7
P1,hin_wikipedia_2021_300K,hin,L20,2234,http://hi.wikipedia.org/wiki/सीवान,224e0e1c99b35d7138b9ad5ea229eb51ac99c64d6f9daf230e95c7ac4a4e4134
P1,hin_wikipedia_2021_300K,hin,L20,2235,http://hi.wikipedia.org/wiki/हैरी_पॉटर_(पात्र),9dee171e82df31e48a6b7632284acc09922d2cb8394039fc7a6f1fcd38fcbaf7
P1,hin_wikipedia_2021_300K,hin,L20,2236,http://hi.wikipedia.org/wiki/पर्वत,fb784eef6c53b7e7aba30ab6bd3ed542ef1f4614a0bd99e3ac9beec0aa464eb8
P1,hin_wikipedia_2021_300K,hin,L20,2237,http://hi.wikipedia.org/wiki/घड़ी_१५०५,70ded66d6186cba6205dbe7e0d76b018bfd73a091c62f2fc1fa074a750c94424
P1,hin_wikipedia_2021_300K,hin,L20,2238,http://hi.wikipedia.org/wiki/स्वप्न_व्याख्या,cf8cc5d8dca81887577c0625531f58d6c6d5d05f28a93495c6a8ba81777bb985
P1,hin_wikipedia_2021_300K,hin,L20,2239,http://hi.wikipedia.org/wiki/नवरात्रि,410cb5783cbc01ee7c85c87842133688f0c77a31059c61c6e4d23af35f3c3ec1
P1,hin_wikipedia_2021_300K,hin,L20,2240,http://hi.wikipedia.org/wiki/आहार_और_आहारविद्या,7b247d9f643f2cfc1f7e6649a0f9209db403cbb47b279a83e0397497a7bae9d6
P1,hin_wikipedia_2021_300K,hin,L20,2241,http://hi.wikipedia.org/wiki/राजनीतिक_दल,d3920d4119b82ebece168a0a4f1f594c057753c7154c9e2090f00c3ae34252ce
P1,hin_wikipedia_2021_300K,hin,L20,2242,http://hi.wikipedia.org/wiki/थाईलैण्ड,2af346fdf0586d93cbd89dd738d92691f4d9795b52ff0ded2397e770f906b9bf
P1,hin_wikipedia_2021_300K,hin,L20,2243,http://hi.wikipedia.org/wiki/रानी_दुर्गावती,51280d335dcf65f854f0e92e25d5c9ed8c0fa365e328be2d43d3819243f1f4a5
P1,hin_wikipedia_2021_300K,hin,L20,2245,http://hi.wikipedia.org/wiki/एनी_बेसेन्ट,0e6c59e34b0460301afae94023d4340d4bf2a369c92b181f4ed96dabf10adf6a
P1,hin_wikipedia_2021_300K,hin,L20,2246,http://hi.wikipedia.org/wiki/विक्रमादित्य,acd767f68ecdf37b8c529b7283cb4fb516e4fa35fa501071e60dcb9113a4703b
P1,hin_wikipedia_2021_300K,hin,L20,2249,http://hi.wikipedia.org/wiki/ओटो_वारबर्ग,675175acbe0c4026108bdaa08974e599059c41ffa0ad46489636d3675f377386
P1,hin_wikipedia_2021_300K,hin,L20,2250,http://hi.wikipedia.org/wiki/हरमन_मिन्कोवस्की,9e3056fe9ef3562e5eb6bd017b4ad1103b0ab544d901088a05ad797bd375e220
P1,hin_wikipedia_2021_300K,hin,L20,2252,http://hi.wikipedia.org/wiki/कोक,9e9b8cb34df413d31d8c53048044108fbbee9983d37950a43707e65b725aebc3
P1,hin_wikipedia_2021_300K,hin,L20,2254,http://hi.wikipedia.org/wiki/पैराफिन,a9fbb5ba5d2e0d99a087e7817eb7f4a285597ae4316cc0fe1b0332c42a7bc4b4
P1,hin_wikipedia_2021_300K,hin,L20,2255,http://hi.wikipedia.org/wiki/जर्मन_भाषा_का_साहित्य,8cf1148246f042c383d38e5648123767eb20d7f8022ec5105bad0a7dceac7280
P1,hin_wikipedia_2021_300K,hin,L20,2256,http://hi.wikipedia.org/wiki/डाटदार_पुल,29c38bbc0d7fd6ef26644ca1f7068f00e6f2c3121e96e9f1899e6c0ecf997cfe
P1,hin_wikipedia_2021_300K,hin,L20,2257,http://hi.wikipedia.org/wiki/पटियाला,d82fd65ec915d6151008f63a693fdd0535a911f89d445b2aa59dd28b4006b576
P1,hin_wikipedia_2021_300K,hin,L20,2258,http://hi.wikipedia.org/wiki/पुर्तगाली_साहित्य,ded87b0fc9293bdbfcc254e3efe052a9a8d07d384ebe8e1194c11ed8d8ad4540
P1,hin_wikipedia_2021_300K,hin,L20,2261,http://hi.wikipedia.org/wiki/ब्रह्मवैवर्त_पुराण,ae33c9f2d1b0b077ce51e664ccc8572704411be123405b0f86b17c1488776113
P1,hin_wikipedia_2021_300K,hin,L20,2262,http://hi.wikipedia.org/wiki/भगवान_दास,d8f4153f5586e963d8011062f4ecaded0ce0bf1833c0fc6aa88def6f473e4e1a
P1,hin_wikipedia_2021_300K,hin,L20,2266,http://hi.wikipedia.org/wiki/वर्धा_शिक्षा_योजना,a07aa1f75ecfc2a8fdf5ad273fad94b90fe8d1bc0f92f0a732b80f259c2606bf
P1,hin_wikipedia_2021_300K,hin,L20,2267,http://hi.wikipedia.org/wiki/विलियम_कैरी_(मिशनरी),c50cc3e93204a5bc5e6b90b1b33dacf533db810869d24903e933d448db2a432b
P1,hin_wikipedia_2021_300K,hin,L20,2268,http://hi.wikipedia.org/wiki/वीए_शिवा_अय्यदुरई,36446e9f2865073490a164ebe65c300e53a61240da7202fe5486e74cab7b5f8f
P1,hin_wikipedia_2021_300K,hin,L20,2269,http://hi.wikipedia.org/wiki/शारीरिक_दण्ड,bfa4b0e17fb995598630c10041b6c8f352f20ca2caa5a81433d75df5f3d0a4de
P1,hin_wikipedia_2021_300K,hin,L20,2272,http://hi.wikipedia.org/wiki/स्टेग्नोग्राफ़ी,45118a6cc64abe41debe694e50519fea9a3f504ad1dad4ad98570c646e46564a
P1,hin_wikipedia_2021_300K,hin,L20,2273,http://hi.wikipedia.org/wiki/स्टोरीबोर्ड,e8f008f7eb440ee2d6802cea2dc6e022d023628d39f312036d31af73b9f5e54a
P1,hin_wikipedia_2021_300K,hin,L20,2275,http://hi.wikipedia.org/wiki/आभार,74282435d656f04dc3de1b85fba4de27dcecc1f8f5bb4bb595146892b39cac25
P1,hin_wikipedia_2021_300K,hin,L20,2276,http://hi.wikipedia.org/wiki/कैसा_ये_प्यार_है,50ecf240cc48e0395f19c3ba00593fd89ec1af37db260c40e023f92037f652e1
P1,hin_wikipedia_2021_300K,hin,L20,2278,http://hi.wikipedia.org/wiki/निर्वात_नली,ca2be4301313d2e4d212221102b6414e54c9ab5587fd687cfdb543a2f8b79a1a
P1,hin_wikipedia_2021_300K,hin,L20,2279,http://hi.wikipedia.org/wiki/ऑस्ट्रिया_का_इतिहास,198c4ca6fe7552e2e0394ee91ae8bcaa60ddfcbe441b015215246e6c627d58bc
P1,hin_wikipedia_2021_300K,hin,L20,2280,http://hi.wikipedia.org/wiki/खोज_इंजन_अनुक्रमण,be5616a19d24bc9ae5f3b0b2fd864b6351c826c285c68f006ab09c977914d1be
P1,hin_wikipedia_2021_300K,hin,L20,2281,http://hi.wikipedia.org/wiki/रमन_स्पेक्ट्रमिकी,2ef26797abc470fc04fc9dba5db336f8f6347751020a3fb7bc0e3659a5e11fdb
P1,hin_wikipedia_2021_300K,hin,L20,2282,http://hi.wikipedia.org/wiki/कैटी_पेरी,92cf75b71f740b15dd62e08f16b61e7bff31dd26ae503eedd9632d97d648a4db
P1,hin_wikipedia_2021_300K,hin,L20,2285,http://hi.wikipedia.org/wiki/काशीपुर_का_इतिहास,93e82f665835db9ddc897eff582e9a526ed7af171fc70681d23e62deebb7c35b
P1,hin_wikipedia_2021_300K,hin,L20,2286,http://hi.wikipedia.org/wiki/द_मार्शियन_(फ़िल्म),9d31e2ed56a0389eb73aef87d6475154059e903e808ac4c77ed9aa16fa45fc7f
P1,hin_wikipedia_2021_300K,hin,L20,2287,http://hi.wikipedia.org/wiki/विस्तारित_प्रदर्शन_पहचान_डेटा,3de85d18b03ebd64a358b939ebb0f9242da4912c551e8e4232e9238c0613efdd
P1,hin_wikipedia_2021_300K,hin,L20,2288,http://hi.wikipedia.org/wiki/बस्टेड_(बैंड_),2fbc6c5a1a6d92bfefc609bc2ad96446bb1f0dd6cd1c5d6cce2747697f71ed5e
P1,hin_wikipedia_2021_300K,hin,L20,2290,http://hi.wikipedia.org/wiki/कंप्यूटर_सुरक्षा,3a804823b2773e70e3da73357bd2193f32af1ec3c0dc43ba8046e9c37599ba7c
P1,hin_wikipedia_2021_300K,hin,L20,2293,http://hi.wikipedia.org/wiki/रॉबर्ट_डॉनी_जुनियर,f5ff1882dfd91cd438592fb173b33cfd75671902bf82e643adca504d4619031f
P1,hin_wikipedia_2021_300K,hin,L20,2296,http://hi.wikipedia.org/wiki/घेरण्ड_संहिता,9840c97ce3fe4574f2ee7cc2f91c0a362aadeb0c7e0bb123f7287064d7234fd0
P1,hin_wikipedia_2021_300K,hin,L20,2297,http://hi.wikipedia.org/wiki/डोईवाला,bf69e84892630111defeb50c1a8d09fa3bb7fd519f8ad78baa6659d882b182fd
P1,hin_wikipedia_2021_300K,hin,L20,2298,http://hi.wikipedia.org/wiki/जी.आई._जो:_द_राइज़_ऑफ़_कोबरा,95e925bfbbf45c4f342a94aa720eaa96692d179348ad498d2a0a1beec8160ca9
P1,hin_wikipedia_2021_300K,hin,L20,2299,http://hi.wikipedia.org/wiki/निर्माण,912e78a30fd4d99becea71edb731a197275e95af0923e56c4c79d97496b5424c
P1,hin_wikipedia_2021_300K,hin,L20,2300,http://hi.wikipedia.org/wiki/ऐंट-मैन_एंड_द_वास्प,5b96f4f0929ad177bb12b84a4a199953dd35214082ee071d6769acd4f9bf0fb0
P1,hin_wikipedia_2021_300K,hin,L20,2303,http://hi.wikipedia.org/wiki/द्वितीय_चीन-जापान_युद्ध,a88ee74efb5f3d4d922d5ae8b3051885b9efb13b60d89b2f24571870c0160f0e
P1,hin_wikipedia_2021_300K,hin,L20,2305,http://hi.wikipedia.org/wiki/द_वॉल्ट_डिज़्नी_कंपनी,34efd67df751d695dd7a00b7a9013de760a23687f6ddc349b10ea0b4bc04d29b
P1,hin_wikipedia_2021_300K,hin,L20,2306,http://hi.wikipedia.org/wiki/बॉयज़ोन,1769c0a3bf888152eadad3738a57fa818af01b5e6734db4646a7a77418bf3b6f
P1,hin_wikipedia_2021_300K,hin,L20,2308,http://hi.wikipedia.org/wiki/पाइथागोरस_प्रमेय,f8937440256f21f4ac9d5562b6d7ec666bb5e1cd330c9a443d6f0ac9f966c087
P1,hin_wikipedia_2021_300K,hin,L20,2309,http://hi.wikipedia.org/wiki/अलेक्जेंड्रिया_ओकासियो-कोर्टेज़,cbd5492f50f0e42441b6b8c1a89cc0bdb9af80b44bd9801e786d1bb7a504a515
P1,hin_wikipedia_2021_300K,hin,L20,2310,http://hi.wikipedia.org/wiki/प्रायिकता_सिद्धांत,0ef6525d6465ddc019d7c90b60ba0e85b6f7b699c3b19a348e53930033d382da
P1,hin_wikipedia_2021_300K,hin,L20,2311,http://hi.wikipedia.org/wiki/मानव_दाँत,5299c4c121ff23293ad1e8ed8a0fb9f0ce5b2e69de89d1599824d9f4b9d57a6d
P1,hin_wikipedia_2021_300K,hin,L20,2313,http://hi.wikipedia.org/wiki/ट्रैवल_एजेंसी,20a2a3736aa624cf9f2e78869fb69de57834dc34273d8df3b8f7bd514877ffa9
P1,hin_wikipedia_2021_300K,hin,L20,2315,http://hi.wikipedia.org/wiki/शैक्षिक_प्रौद्योगिकी,7fe65b5070c68315054f7b74517e212ed2de1554a4b9c15efdfc4f94a595c3e6
P1,hin_wikipedia_2021_300K,hin,L20,2316,http://hi.wikipedia.org/wiki/पितृ_दिवस,5b57a9e74d5b2ef611d8e2a71ddedc7b20fdf57dc274a65c6637edb7bc80b6ce
P1,hin_wikipedia_2021_300K,hin,L20,2317,http://hi.wikipedia.org/wiki/पेशी_अपविकास,265bfbfc26b93e626f4f6dc1f5a110d18f9f4265ec21eb5f06393e77b0f426f2
P1,hin_wikipedia_2021_300K,hin,L20,2318,http://hi.wikipedia.org/wiki/वेनम_(२०१८_फ़िल्म),af3a4188e93be06b7664a48576ba8793a17f35eeeef211ba4ef1bcaa3792f05a
P1,hin_wikipedia_2021_300K,hin,L20,2320,http://hi.wikipedia.org/wiki/ओंकारेश्वर_मन्दिर,e9747fa72ec93ac92c9d636d3659b1d2a2881bb3212b089fca406830c36a3275
P1,hin_wikipedia_2021_300K,hin,L20,2321,http://hi.wikipedia.org/wiki/उपवास,75aad80eef9efa85ac5c876ce826d1826acd92f4773aa89eb1067a080e08c7f0
P1,hin_wikipedia_2021_300K,hin,L20,2324,http://hi.wikipedia.org/wiki/नवागढ़_तीर्थ,b53a6ca35af719928ea842d623c3cb043d2ce04494e6b9d825d8e07295f12baf
P1,hin_wikipedia_2021_300K,hin,L20,2325,http://hi.wikipedia.org/wiki/राज्य,9a164f249a847e68fffc13446e27fe200ea1d591ff3307b73dde05f07355fffa
P1,hin_wikipedia_2021_300K,hin,L20,2326,http://hi.wikipedia.org/wiki/अंतर्राष्ट्रीय_वित्तीय_प्रतिवेदन_मानक,b08ea8fb996fddb26b6f131c26c56dff5d2c837a4485bd8bf48106ee8b942d98
P1,hin_wikipedia_2021_300K,hin,L20,2327,http://hi.wikipedia.org/wiki/ऍल_पचिनो,c3fb1559a06bc418da0444a73be7cc80656cdb8c3713387b66db8d55d95b8fd5
P1,hin_wikipedia_2021_300K,hin,L20,2328,http://hi.wikipedia.org/wiki/खाता_बही,74118eaccd1866caca9e039262d9fbc3e41ab5578263cd7c17e8bdd60d43eb19
P1,hin_wikipedia_2021_300K,hin,L20,2330,http://hi.wikipedia.org/wiki/कोहिनूर_हीरा,5763183e0f02cf23c13523429debc62863974071a229efd28c15d1c22cd47fe9
P1,hin_wikipedia_2021_300K,hin,L20,2332,http://hi.wikipedia.org/wiki/रेग्युलर_ऍक्सप्रैशन,770a7292c996ff8dcf9676c14465c71dc53d42dff9effefe27331688fc61cf70
P1,hin_wikipedia_2021_300K,hin,L20,2333,http://hi.wikipedia.org/wiki/रस_और_भाव,9397209a6f4e14bb7956811f0b50c08e4bf0bc11846ab9d359be15f01ce47044
P1,hin_wikipedia_2021_300K,hin,L20,2334,http://hi.wikipedia.org/wiki/अमूर्त_कला,cd3c79ed66a68ea573e827b0bf5d10a94ff63b97cedbf439e9a48e653deff15e
P1,hin_wikipedia_2021_300K,hin,L20,2335,http://hi.wikipedia.org/wiki/भारतीय_मसालों_की_सूची,4d34618462c6aa507e411bb2e1ce0a8bd578c80d18de552a1d70b34a90b9f436
P1,hin_wikipedia_2021_300K,hin,L20,2336,http://hi.wikipedia.org/wiki/पर्यटन,a711e8f3f6f8ac4852a0890e5b491b5e42d9aee34d0884d98102cbf760af532e
P1,hin_wikipedia_2021_300K,hin,L20,2337,http://hi.wikipedia.org/wiki/कमसार,06c9c4a5d96d64cf0698341f33d60613cc0589e2ddde46f165bebc49550107b4
P1,hin_wikipedia_2021_300K,hin,L20,2339,http://hi.wikipedia.org/wiki/त्रयंबक,b9aaa80394e0628b5520724dc365cef293c49ed1b3d637f50357ec6dc9eec9b6
P1,hin_wikipedia_2021_300K,hin,L20,2340,http://hi.wikipedia.org/wiki/शमशेर_बहादुर_सिंह,9099445fb0592fcbade758c81324015fcace6870548642857ffed6fe2cce98fc
P1,hin_wikipedia_2021_300K,hin,L20,2341,http://hi.wikipedia.org/wiki/टोक्यो,6d4637791d785936e5bcc9766314887080a985a6c9fd59111935a2cd0fb9cb0e
P1,hin_wikipedia_2021_300K,hin,L20,2342,http://hi.wikipedia.org/wiki/सूक्ष्मजीव,c508296757714c1d0775c807395651eb5c3c216cf77f40b882f0a9cb5e1b60ec
P1,hin_wikipedia_2021_300K,hin,L20,2343,http://hi.wikipedia.org/wiki/पुष्पक_विमान,52fcafa239fcbb083b4fbc8c422e5a0f6f59c161452970d99f8a4cd32afe5f40
P1,hin_wikipedia_2021_300K,hin,L20,2344,http://hi.wikipedia.org/wiki/भूषण_(हिन्दी_कवि),ef3a23e3505567806fdbd28400966a3cc733006a17058f9bd25e555faaacab53
P1,hin_wikipedia_2021_300K,hin,L20,2346,http://hi.wikipedia.org/wiki/धन-शोधन_(मनी_लॉन्डरिंग),72b6bd4ed818a8b1070a4f762e8ddc777cbc5db78f48678783562dc8eab65add
P1,hin_wikipedia_2021_300K,hin,L20,2350,http://hi.wikipedia.org/wiki/महावीर,b03c78154950be241768a121c25aa31420fc65053fb0b47a7f8ee2c04b1f097b
P1,hin_wikipedia_2021_300K,hin,L20,2351,http://hi.wikipedia.org/wiki/विद्युत_मोटर,bdcf20e061b7572c65b5fb8619d7b1039e235257910199efd2e2edaad341f72b
P1,hin_wikipedia_2021_300K,hin,L20,2353,http://hi.wikipedia.org/wiki/माधव_सदाशिव_गोलवलकर,e1365de77a96c3ee941aec9703cdd5c00ad10513f5c65e32320bc042dbf3f9ad
P1,hin_wikipedia_2021_300K,hin,L20,2356,http://hi.wikipedia.org/wiki/स्वामी_सोमदेव,291f33fb830a408f5deeb122f4fc37108c9da0e71b754ef3065ae5801ea09217
P1,hin_wikipedia_2021_300K,hin,L20,2357,http://hi.wikipedia.org/wiki/पृथ्वी_दिवस,a749b34cd99c784e11222f5f3de929df52ba130e54dac0d489a810548da1f585
P1,hin_wikipedia_2021_300K,hin,L20,2358,http://hi.wikipedia.org/wiki/द्विवेदी_युग,be45393af50af60829a97ee6475915174ff50978988f8934420418a0f75618ed
P1,hin_wikipedia_2021_300K,hin,L20,2359,http://hi.wikipedia.org/wiki/अंतर्राष्ट्रीय_क्रिकेट_परिषद,0faa4f7b141211e009bc35a6e33567f696412cc4c940cd9291c715fd34314a9a
P1,hin_wikipedia_2021_300K,hin,L20,2361,http://hi.wikipedia.org/wiki/हिण्डौन,6d34555762140a0d709c78fc5089a284f1e98cad3becbd0127b42ccb1303e6b5
P1,hin_wikipedia_2021_300K,hin,L20,2363,http://hi.wikipedia.org/wiki/किरातार्जुनीयम्,32031cac39f104bec4e2bf9d45c503403bf4e253486978138a4af3ea562c9821
P1,hin_wikipedia_2021_300K,hin,L20,2364,http://hi.wikipedia.org/wiki/वैश्य,fe9db10768c946637107bb3d6bad1efbeeaeb8f33225f2d712148acc0bc7b0b3
P1,hin_wikipedia_2021_300K,hin,L20,2367,http://hi.wikipedia.org/wiki/खो-खो,469d944b43d55f0e6f029a7ac9bee3f6aeec68b05234af1c33ba1cee86bf9072
P1,hin_wikipedia_2021_300K,hin,L20,2368,http://hi.wikipedia.org/wiki/गीतगोविन्द,2f0ad73f5c44107cfb6bfb1aa0115cd457aa6c58cc43773911d023f99103e5b1
P1,hin_wikipedia_2021_300K,hin,L20,2370,http://hi.wikipedia.org/wiki/नेपाली_भाषाएँ_एवं_साहित्य,e817bbcd510ebf0a5135a50a1ee5218edcc04f645a15e5b5105f07a1842a38eb
P1,hin_wikipedia_2021_300K,hin,L20,2372,http://hi.wikipedia.org/wiki/महाबलेश्वर,d0d73e73a4b70134a94f386eb3ddbb59c841c9e38dae0dba715b347de18fc052
P1,hin_wikipedia_2021_300K,hin,L20,2375,http://hi.wikipedia.org/wiki/मोहम्मद_अली_जिन्नाह,a444cd174a0179ea2748c357f0c728c4b88d7e16801865e1d35fbf51e6f02812
P1,hin_wikipedia_2021_300K,hin,L20,2377,http://hi.wikipedia.org/wiki/आश्रम,e848726e1ff3348c8f6728401879629f76d1eb9d6483febacd036eddeba81862
P1,hin_wikipedia_2021_300K,hin,L20,2378,http://hi.wikipedia.org/wiki/रिंगटोन,84a00bfd45291d652349526c6a3747bd1bd979eef83a4115d1f6c42f40036a2b
P1,hin_wikipedia_2021_300K,hin,L20,2379,http://hi.wikipedia.org/wiki/रविचंद्रन_अश्विन,ff2f6a30ab8f2a68675c500858babbadeb3415a35aac5ff67ec6e8913aaaa47c
P1,hin_wikipedia_2021_300K,hin,L20,2380,http://hi.wikipedia.org/wiki/संसाधन,8d9d967181a996666e65757bf0a5b4f7c421d4676e9ac1a963652069eab4b6f7
P1,hin_wikipedia_2021_300K,hin,L20,2382,http://hi.wikipedia.org/wiki/अल्मोड़ा,6b0d67c2f579a702499e727fba8be140675f127b77e081a2f885537410adc50e
P1,hin_wikipedia_2021_300K,hin,L20,2383,http://hi.wikipedia.org/wiki/हनुमान,b814f18b19e0e914043997828dea97e34cd22790cef516c80fa1e392c898b5fb
P1,hin_wikipedia_2021_300K,hin,L20,2385,http://hi.wikipedia.org/wiki/मीणा,987a83b8180451c569224891d2277d7178998780f8c14307eb0d9167c69492a3
P1,hin_wikipedia_2021_300K,hin,L20,2387,http://hi.wikipedia.org/wiki/सलमान_ख़ान,e067d7c89cf555c88e3c53e1c2280a4f0d1ccfc8d950e7cfadaf6afd02937511
P1,hin_wikipedia_2021_300K,hin,L20,2388,http://hi.wikipedia.org/wiki/भारतीय_इतिहास_की_समयरेखा,657c1ef48603bdb7a0a3f8b77c1fbb54f17da94750054c5c27983a15625d8c32
P1,hin_wikipedia_2021_300K,hin,L20,2389,http://hi.wikipedia.org/wiki/भील,452e055e95cf254f1c7aac549f7f6394d9eec1c40ea21f8d11591582441e963b
P1,hin_wikipedia_2021_300K,hin,L20,2390,http://hi.wikipedia.org/wiki/एस_जे_सूर्या,e7ff93d0321c58d31c0c259321ff8051bcbad6ac101df3866c8cd6cced1013c0
P1,hin_wikipedia_2021_300K,hin,L20,2391,http://hi.wikipedia.org/wiki/जोधपुर,bff00f535bc59fe1fb6368eeb0b8d7808670ec8b762844465b1b11b764fbaec2
P1,hin_wikipedia_2021_300K,hin,L20,2392,http://hi.wikipedia.org/wiki/प्रतापनारायण_मिश्र,422828adec1bca56a931ade3b57f852e7bdcb32b701f359fd2f24fe075a85aef
P1,hin_wikipedia_2021_300K,hin,L20,2393,http://hi.wikipedia.org/wiki/समर्थ_रामदास,9ddf43e1c105c07bc7ff4f0d10789430b2d8f4b3e35278fac8252ff679427c7c
P1,hin_wikipedia_2021_300K,hin,L20,2395,http://hi.wikipedia.org/wiki/संत्रास,7fb7e94edabfafdd8bf1bb0a365b5293014c19d74e321eda88b4f974296d280e
P1,hin_wikipedia_2021_300K,hin,L20,2397,http://hi.wikipedia.org/wiki/गूगल_पर_ह्यूमन_रिसोर्स_मैनेजमेंट,7cd0bed58c918a31e79d331b53ef0df02a42560a3d2b64fb0718dfd18f1cbdb7
P1,hin_wikipedia_2021_300K,hin,L20,2398,http://hi.wikipedia.org/wiki/वास्तुक,a239e707a6ea03975622e845b0b3f4d94cf5d91594e25452680c05f48ba87dae
P1,hin_wikipedia_2021_300K,hin,L20,2406,http://hi.wikipedia.org/wiki/मानसिक_संघर्ष,71f1f3d98d6dd2f13ed6330d027480b7a300acc3cbad04d3622c93a792f2f486
P1,hin_wikipedia_2021_300K,hin,L20,2407,http://hi.wikipedia.org/wiki/महर्षि_अरविन्द_का_शिक्षा_दर्शन,44ec6a583a9c44787b6678617e15dbefb2966885ca0170260803da0f13ca8bd2
P1,hin_wikipedia_2021_300K,hin,L20,2411,http://hi.wikipedia.org/wiki/देल्हुआ,de032380311bf9bf6bbc49c2ff6462ed085b36bf7e7a6eeb672f49d6b7765f27
P1,hin_wikipedia_2021_300K,hin,L20,2414,http://hi.wikipedia.org/wiki/फ्रेडरिक_एंगेल्स,03bdf3fa19f44c224e1a9d107f8c7cadf5d5b34d76a28633b0e340a8ef584719
P1,hin_wikipedia_2021_300K,hin,L20,2416,http://hi.wikipedia.org/wiki/भूभौतिकी,cd02a7f69d5009f95538d3e073b01e9e7603de54dd27f00d691315e4994f475c
P1,hin_wikipedia_2021_300K,hin,L20,2418,http://hi.wikipedia.org/wiki/विस्फोटक_विज्ञान,f95d6513203ea66f14efc8c5b8c3ec09ee96de615f4f417a95477663bc9f4a06
P1,hin_wikipedia_2021_300K,hin,L20,2419,http://hi.wikipedia.org/wiki/साल्सा_(नृत्य),6e88be0ed0ff61172a35596485c87fc0e949f6cc640e2c493276264f669dd485
P1,hin_wikipedia_2021_300K,hin,L20,2421,http://hi.wikipedia.org/wiki/आतिथ्य,904d6dac07aa1489d4463a6185efc3e6aaac266cdfd789d21662b070666f91f8
P1,hin_wikipedia_2021_300K,hin,L20,2422,http://hi.wikipedia.org/wiki/किंगफिशर_एयरलाईन्स,c0422dde18277c5ec5f47ddff8abe06fd1f730c6fc8737fde62ab7c3deab4358
P1,hin_wikipedia_2021_300K,hin,L20,2424,http://hi.wikipedia.org/wiki/अन्तरिक्ष,9da5df6c5377f1afc30180358f185880b7960972796bb1df4c42ff43f149319a
P1,hin_wikipedia_2021_300K,hin,L20,2425,http://hi.wikipedia.org/wiki/द_अवेंजर्स,967321eaf3419fb1ba0bbd51fbc21b8ab9a831804b4902a0b9e7b0731af8b8dd
P1,hin_wikipedia_2021_300K,hin,L20,2426,http://hi.wikipedia.org/wiki/बॉन_त्योहार,bd3a45109233b07ae352dcf72150f0fdc83ab16730e4bd36386e32dd4178c9de
P1,hin_wikipedia_2021_300K,hin,L20,2430,http://hi.wikipedia.org/wiki/वित्तिय_प्रबन्धक,8418b9ca670190cfbd2a27ab4b1afabe6326b86e4aa0113d30f98d57b77ec05c
P1,hin_wikipedia_2021_300K,hin,L20,2431,http://hi.wikipedia.org/wiki/इस्लामी_अक्षरांकन,c9d3735bcf6b7db59b3c8c8278a78fcb3d472483dbd2c9b1e8f422e27f323ff1
P1,hin_wikipedia_2021_300K,hin,L20,2433,http://hi.wikipedia.org/wiki/भारत_में_आयकर,fabec857837b7101d0f86a38211f9256b93d706ff66661c9a0c7abca664d5fbd
P1,hin_wikipedia_2021_300K,hin,L20,2434,http://hi.wikipedia.org/wiki/अन्तःस्थापित_तंत्र,043e73531e620db16caef205fa9cb39c3398148b72713b0e53551535fcaab96b
P1,hin_wikipedia_2021_300K,hin,L20,2436,http://hi.wikipedia.org/wiki/शीतकालीन_ओलंपिक_में_आइस_हॉकी,747229d0bd27d4ec63f513dd8d0640a8d090e00eb402b5a3aa85449200591922
P1,hin_wikipedia_2021_300K,hin,L20,2438,http://hi.wikipedia.org/wiki/नैप्स्टर,69d27f3a92d065013202c5aa836e12064bbd78431998308b304e927759d0dba1
P1,hin_wikipedia_2021_300K,hin,L20,2439,http://hi.wikipedia.org/wiki/डेड_स्पेस_(वीडियो_गेम),8537cc09908b64ec0bbdf435e2a1bd8b9774604f56d59fbd06c6e5fe09b90bee
P1,hin_wikipedia_2021_300K,hin,L20,2442,http://hi.wikipedia.org/wiki/पेप्सिको,5494ad06f17c9ba7dffb627189bcdf68c30dc25a23c1c48c4d55284fe4ffe200
P1,hin_wikipedia_2021_300K,hin,L20,2445,http://hi.wikipedia.org/wiki/मुर्शिद_कुली_खां,dcea42e748a11d94e2e6743f0697c4cff31ed5132d0d937c4ee88f9dc415e9fb
P1,hin_wikipedia_2021_300K,hin,L20,2447,http://hi.wikipedia.org/wiki/बुलडॉग,2302acc750a5152d2040e61ff2341e5048e3401dbf75f8690572793269a4c8dc
P1,hin_wikipedia_2021_300K,hin,L20,2448,http://hi.wikipedia.org/wiki/गोमो,c2de24ab6f3ebac7db4231abc54d75e0b7d55204513039728a094347c260bcff
P1,hin_wikipedia_2021_300K,hin,L20,2453,http://hi.wikipedia.org/wiki/ब्लैकबेरी,b2755d1a1a4c1a48992076f326400a26422c5b59f35ff584e153e2cfc2fc3641
P1,hin_wikipedia_2021_300K,hin,L20,2455,http://hi.wikipedia.org/wiki/अतिरिक्त_संवेदी_बोध,8322b8da7d535580f17fd5e4c92e985ce39b7057d7adbe6933c1f5fa03c916d8
P1,hin_wikipedia_2021_300K,hin,L20,2457,http://hi.wikipedia.org/wiki/फर्श,97df202aef215a0a6390ca0f43f08f17ede80be629c367d055205d828e294956
P1,hin_wikipedia_2021_300K,hin,L20,2458,http://hi.wikipedia.org/wiki/ब्लैक_फ़्राइडे_(ख़रीदारी),eb817cc106977a2b718facbc10057546124906ba013579c4fd226674375ba717
P1,hin_wikipedia_2021_300K,hin,L20,2459,http://hi.wikipedia.org/wiki/उज्जैन_का_इतिहास,d21d2f2e25ad871869ee496838f16e3464fb3c7a34da5b002cf1c1465abe7c80
P1,hin_wikipedia_2021_300K,hin,L20,2460,"http://hi.wikipedia.org/wiki/राष्ट्रीय_सुरक्षा_एजेंसी,_अमेरिका",01c48230c3e0171007473157e8cd4eb1582ed2b8ef83ad49d64834eac2ffaf0e
P1,hin_wikipedia_2021_300K,hin,L20,2461,http://hi.wikipedia.org/wiki/कन्याकुमारी,5ed11e5c24c39cebcf4f181a67590128dcd88e6a29b331ea58c04ae45851dd1a
P1,hin_wikipedia_2021_300K,hin,L20,2463,http://hi.wikipedia.org/wiki/ग्लैक्सो_स्मिथक्लाइन,d77dabd4580cae463b4c79f54c0534e38b2636ebe3821a27a26fa1e7925d09b6
P1,hin_wikipedia_2021_300K,hin,L20,2464,http://hi.wikipedia.org/wiki/अवतारवाद,2900287bd73afe54d3df19605b522cceeb8b0d4b499826acffa1fbf9d7d4f07d
P1,hin_wikipedia_2021_300K,hin,L20,2467,http://hi.wikipedia.org/wiki/मुद्रास्फीतिजनित_मंदी_(स्टैगफ्लेशन),43a65a14197f7fd905623817894862b89b389cf42a38a1873d462dabcec27e72
P1,hin_wikipedia_2021_300K,hin,L20,2468,http://hi.wikipedia.org/wiki/पारितंत्र,dc56990fa6dd5b6d32589175c16c2976083978b21b554ae9baccc01a5ca00494
P1,hin_wikipedia_2021_300K,hin,L20,2469,http://hi.wikipedia.org/wiki/पित्ताशय_की_पथरी,fc8548dad44a88d97f509ebabdfa52893939d3e4614416f6f070874a9cbd6f7a
P1,hin_wikipedia_2021_300K,hin,L20,2470,http://hi.wikipedia.org/wiki/शरीर_द्रव्यमान_सूचकांक,67986ad7032ac25d76ccbdff0f1aec66211cbb89f72403a889ce5e4d74ab97e6
P1,hin_wikipedia_2021_300K,hin,L20,2471,http://hi.wikipedia.org/wiki/त्वरित_संदेश_प्रेषण_(इंस्टेंट_मेसेजिंग),1dfac35765979cf0c9f44dbcdce8c080ee059f1b7efbfa92d9a7ca688bdb8dc2
P1,hin_wikipedia_2021_300K,hin,L20,2473,http://hi.wikipedia.org/wiki/जालौर_जिला,8eed9184708fc3356f877eb7b9c30baa4139d2814918b86edd03f3e4ee3bc3f5
P1,hin_wikipedia_2021_300K,hin,L20,2474,http://hi.wikipedia.org/wiki/बोलिविया,793f99e5fb7b66f95e0ad78ae1c94603b5f2180d1d9dc096b782d2756975f2cd
P1,hin_wikipedia_2021_300K,hin,L20,2475,http://hi.wikipedia.org/wiki/युवा_तुर्क_आन्दोलन,371878bcb53fa03a6f4cfb5debb6fc0ca177f8da410e199eddbf76415b1f3846
P1,hin_wikipedia_2021_300K,hin,L20,2476,http://hi.wikipedia.org/wiki/गुड़,105b712b48009dab76c4b8f17cc1166bf73cde6df2baca7f1667738002ebb20a
P1,hin_wikipedia_2021_300K,hin,L20,2477,http://hi.wikipedia.org/wiki/योनि_स्राव,2f45ddd99c3175b8fed4a4c674b1423566643ee54874dca1b6cc6bef32dfd126
P1,hin_wikipedia_2021_300K,hin,L20,2479,http://hi.wikipedia.org/wiki/महात्मा_गांधी_की_हत्या,72bc6d3fec83386e824e275f842b54a8c1602cf61c28e3fbb1233457d25cbbdd
P1,hin_wikipedia_2021_300K,hin,L20,2480,http://hi.wikipedia.org/wiki/रामधारी_सिंह_'दिनकर',31c1e55cae96ff94f747d0ee31e79629fc78a07160eb5d99f0ff4ea7255fa023
P1,hin_wikipedia_2021_300K,hin,L20,2481,http://hi.wikipedia.org/wiki/विपणन,458a3ac93f1d2e9950b423a697969bce3bdb8bb76f0f771852925e00971444ec
P1,hin_wikipedia_2021_300K,hin,L20,2482,http://hi.wikipedia.org/wiki/दक्षिण_कोरिया,eea22cb69a9ea7abd7c59524799de46949f6ca375bad4a6b0ac61faec4f5cf79
P1,hin_wikipedia_2021_300K,hin,L20,2483,http://hi.wikipedia.org/wiki/भारत_में_संगठित_अपराध,33c264117b5f2037213f1641ae48391dee27b75ec62c4ff6ca0133f8f9c42a43
P1,hin_wikipedia_2021_300K,hin,L20,2486,http://hi.wikipedia.org/wiki/ऑपरेशन_ब्लू_स्टार,76b94c33bca1832a00001772003bcbe9b365c70c675d20e114e541eaab793087
P1,hin_wikipedia_2021_300K,hin,L20,2488,http://hi.wikipedia.org/wiki/राधाचरण_गोस्‍वामी,345d967b7a5785b5acff69933c5fbcf2e4401a77f6dd3bd637d640183ac7b7b9
P1,hin_wikipedia_2021_300K,hin,L20,2489,http://hi.wikipedia.org/wiki/गणेश_अथर्वशीर्ष,3e403fc1ec7458b645104023bf39fd129b5390bf9539891129e11e372b778594
P1,hin_wikipedia_2021_300K,hin,L20,2490,http://hi.wikipedia.org/wiki/मिल्कशेक,fdf00e9dd5bdfb3844dded7a7b7f54a1112c2ded3fd66f3ebc47bf0a3cf442dd
P1,hin_wikipedia_2021_300K,hin,L20,2491,http://hi.wikipedia.org/wiki/विधिशास्त्र,2d396e4e5384475147b7b039d887931d5158165a763945300ffa8760e286a756
P1,hin_wikipedia_2021_300K,hin,L20,2492,http://hi.wikipedia.org/wiki/लोकनृत्यों_की_सूची,8766c06a5b732722ea1037fd3386afc70736e613e124b9d43874580ede04c464
P1,hin_wikipedia_2021_300K,hin,L20,2493,http://hi.wikipedia.org/wiki/अहिंसा,bbe6589509ec741ff78c7c8e2a2196238bd385e48f075699b264faec553f98e3
P1,hin_wikipedia_2021_300K,hin,L20,2494,http://hi.wikipedia.org/wiki/ब्रिटिश_राज_का_इतिहास,189215a1edc452db5c5e5270b3e88a0dba53e7f352c6a3c8db3d500a381daf82
P1,hin_wikipedia_2021_300K,hin,L20,2496,http://hi.wikipedia.org/wiki/तिरुपति,d44cf78df327ef48d54df003436770664f1b8139010aa61af325111d9f4e09ae
P1,hin_wikipedia_2021_300K,hin,L20,2497,http://hi.wikipedia.org/wiki/गोपाल_राम_गहमरी,bafa4ff1ce4030e4b76237a37863f073ebf07efba82573074d518c948e2680b9
P1,hin_wikipedia_2021_300K,hin,L20,2498,http://hi.wikipedia.org/wiki/लैवेंडर,f6ae534a24f4e50e738696da56d9df7505a88a3aa57ebc4045f648d4ddcdb6c1
P1,hin_wikipedia_2021_300K,hin,L20,2499,http://hi.wikipedia.org/wiki/भारत_में_सांस्कृतिक_विविधता,0825c10c6e25e14e3fc45a77bd69a61fabdc10bc27b58bd0d54793644cccae92
P1,hin_wikipedia_2021_300K,hin,L20,2500,http://hi.wikipedia.org/wiki/रामचन्द्र_शुक्ल,f9f66eb80bbf201ba96f86a0ef3c3d82ae00c84624ce121308216fe5456e71b2
P1,hin_wikipedia_2021_300K,hin,L20,2501,http://hi.wikipedia.org/wiki/उस्मानी_साम्राज्य,8fb762ee4669b70926e1f0eac7b536352c6d0d5c1aebbbb44627a43ac8982acc
P1,hin_wikipedia_2021_300K,hin,L20,2502,http://hi.wikipedia.org/wiki/नलकूप,34b0329b796577b6a865a24217ddf7cdb30e01d0f37f7d87024bfe5cec5a0608
P1,hin_wikipedia_2021_300K,hin,L20,2504,http://hi.wikipedia.org/wiki/वारंटी,3082539bdb6d7f2e69adf2c5fb6f7b5efc5aebcebb449b33009085449bc04de3
P1,hin_wikipedia_2021_300K,hin,L20,2506,http://hi.wikipedia.org/wiki/हज़ारीबाग,c9057d2e97f10e6aaa69c723d3ca791fef1a5456d44145f3c49651d3ca539a42
P1,hin_wikipedia_2021_300K,hin,L20,2508,http://hi.wikipedia.org/wiki/अमीटर,194cc72db2085da44c4ba9a47fe4e9dbf3ad96d453ac4137693b290eb0fecb9f
P1,hin_wikipedia_2021_300K,hin,L20,2509,http://hi.wikipedia.org/wiki/जलवायु_न्याय,18c9ad918eac6b33c70ca6b10e6a64d41307916f7f23887f050b73e7602b817a
P1,hin_wikipedia_2021_300K,hin,L20,2510,http://hi.wikipedia.org/wiki/नारनौल,19f107065bd15aa95fa74b8a0178d9cf05417b00a275c821b26bca5b70759188
P1,hin_wikipedia_2021_300K,hin,L20,2511,http://hi.wikipedia.org/wiki/केरल_की_अर्थव्यवस्था,bfae2ff961c3095fb37ba551dc12abaa9fe3be0d3164bb6dfa32b844665dc359
P1,hin_wikipedia_2021_300K,hin,L20,2512,http://hi.wikipedia.org/wiki/तमिल,263d0c1fcea5669fc256de5468ce7c555557ea22cefdb94b7743e43744a645c6
P1,hin_wikipedia_2021_300K,hin,L20,2515,http://hi.wikipedia.org/wiki/सोमनाथ_मन्दिर,99d96a281dc1ef3cb0c2363a7eb66e3d79e7672042383b85bc10a9575694eb79
P1,hin_wikipedia_2021_300K,hin,L20,2516,http://hi.wikipedia.org/wiki/स्कैंडिनेवियाई_भाषाएँ,9e2dbf0f7fec41e287483e624bf717b356753da56423528c2b6334b75237da1a
P1,hin_wikipedia_2021_300K,hin,L20,2518,http://hi.wikipedia.org/wiki/मल्लिका_शेरावत,b1b98d878fbff74d3a2412f99815907e09690afaebe3877f7627b412b47cf8f4
P1,hin_wikipedia_2021_300K,hin,L20,2519,http://hi.wikipedia.org/wiki/दासप्रथा_(पाश्चात्य),2b909417327d2a31518290ceb663ed072d7631ee5158990903b898c754ca6578
P1,hin_wikipedia_2021_300K,hin,L20,2520,http://hi.wikipedia.org/wiki/प्राकृतिक_स्वास्थ्य,9f5beb9e3aac56d9c59613202497638534183800d21693462941beb1bb99591d
P1,hin_wikipedia_2021_300K,hin,L20,2521,http://hi.wikipedia.org/wiki/सॉफ्टवेयर_बग,c597d8e856c668a32c970bba96d40d180e82c0d793fc63bcdd01f5814106b97e
P1,hin_wikipedia_2021_300K,hin,L20,2522,http://hi.wikipedia.org/wiki/गणेश_चतुर्थी,c7ad9720cefdebf962d1a1a51f6bda2bf1a44733432bf67050e02f8e5882f677
P1,hin_wikipedia_2021_300K,hin,L20,2523,http://hi.wikipedia.org/wiki/बारामती,f3dc606a07e67d5532a418fd1ed6791d0c5a50a8ce43877017049da61a2b83b4
P1,hin_wikipedia_2021_300K,hin,L20,2525,http://hi.wikipedia.org/wiki/राम_शर्मा,9444cc827da423dcd1502997fd1c9ac06adb967a21fb13101ae0ffdecb6859a4
P1,hin_wikipedia_2021_300K,hin,L20,2526,http://hi.wikipedia.org/wiki/कंप्यूटर,b53ce274e45c5a58040cf9db171ed720c9269943b1ad1e2b0a4fd20c8ddbd76a
P1,hin_wikipedia_2021_300K,hin,L20,2527,http://hi.wikipedia.org/wiki/चन्द्रगुप्त_मौर्य,998aeea7bf0ff05369042d58a91ad3e4b1d5707b758a39ce164898d854184d0a
P1,hin_wikipedia_2021_300K,hin,L20,2528,http://hi.wikipedia.org/wiki/चमोली_जिला,a793687d44e63f7a420edea3fcb9cba89ec7142a72a70e4470bb329174a0333f
P1,hin_wikipedia_2021_300K,hin,L20,2529,http://hi.wikipedia.org/wiki/महेंद्र_सिंह_धोनी,40a2233e5c5d8ca469dc2d8a3e4a30e99754f3221845921a68b72aaf769ab056
P1,hin_wikipedia_2021_300K,hin,L20,2530,http://hi.wikipedia.org/wiki/मानवती_(सिंहासन_बत्तीसी),ec9e2eb3cc725a02f33fda6acb733e5b8d39126c9b13a649378707f375aa0e13
P1,hin_wikipedia_2021_300K,hin,L20,2531,http://hi.wikipedia.org/wiki/गिरियुद्ध,8a452ab8c6c5740bf04c046eeffbf2e3ea14e447bf572faae3757b16a8ae8781
P1,hin_wikipedia_2021_300K,hin,L20,2532,http://hi.wikipedia.org/wiki/झारखंड_का_पर्यटन,2f7bf440b32102de30fb639404de9b11d5f4fedbd5d4b7de82fa5096a3021720
P1,hin_wikipedia_2021_300K,hin,L20,2533,http://hi.wikipedia.org/wiki/विलफ्रेडो_परेटो,b053c8e35def815044a7f078e393d0ac20b48aaf6d9719389eeaf036f4b419f0
P1,hin_wikipedia_2021_300K,hin,L20,2534,http://hi.wikipedia.org/wiki/लोक_कथाएँ,832c5a1a094b5523a65e4691782d9d6e04cac0976ca533c35cbae3bc74cd1e27
P1,hin_wikipedia_2021_300K,hin,L20,2535,http://hi.wikipedia.org/wiki/आर्गन,d76deb6d0a0d04c6f2b6ec7d0ebd0177866022ff144d92b9686f33007fa0a97d
P1,hin_wikipedia_2021_300K,hin,L20,2537,http://hi.wikipedia.org/wiki/ख़ाकी_(2004_फ़िल्म),a6eff3e8ac24bb0ee3115e5d2b50d5b4f66fb62db3d9b78ae6a09f53f219b70a
P1,hin_wikipedia_2021_300K,hin,L20,2539,http://hi.wikipedia.org/wiki/गिलगमेश,167723f3768486aaae5730b5b146ff21b620a92f39c2dc5274cd3d9ee39c6e7d
P1,hin_wikipedia_2021_300K,hin,L20,2541,http://hi.wikipedia.org/wiki/ग्रैंड_स्लैम_(टेनिस),660877fd2122a92b39f78ab6f3b8c332d415c1badaa9620cab07269d84826c21
P1,hin_wikipedia_2021_300K,hin,L20,2543,http://hi.wikipedia.org/wiki/अंग्रेजी_उपन्यास,91b650c2bb51c1e186f81708c355b8c8ab77dc966601100234bcb3b804183887
P1,hin_wikipedia_2021_300K,hin,L20,2544,http://hi.wikipedia.org/wiki/देली_सल्तनत,f469bbbff6f5471b28cc9c0eea858b62fca4540be15cb0f1170fcdaae49d5021
P1,hin_wikipedia_2021_300K,hin,L20,2545,http://hi.wikipedia.org/wiki/प्रशासनिक_सुधार_आयोग,9844aca34bc9a5a41257796898ba3e025c022cd2eba9b76412d5a2753f7389a8
P1,hin_wikipedia_2021_300K,hin,L20,2546,http://hi.wikipedia.org/wiki/ब्रेव_न्यू_वर्ल्ड,440d9e26b2f612d573e5b5b698a4d9827c8260b7745b1631e6ee20b871851c92
P1,hin_wikipedia_2021_300K,hin,L20,2547,http://hi.wikipedia.org/wiki/महाभारत_भाग_१,c13d053812d1f2cc40668157eb6fe737e1e3097bd9727c8173c26a21a09505db
P1,hin_wikipedia_2021_300K,hin,L20,2548,http://hi.wikipedia.org/wiki/मैरी_कसाट,bb8607a5e18785fe9d95f2c0a1719fdaacd1b1ec3bac4f39e78a67fa079b69b8
P1,hin_wikipedia_2021_300K,hin,L20,2549,http://hi.wikipedia.org/wiki/मोहनलाल_(अभिनेता),7fec71e640e2404ab78a9ebd3fba3a55ac0a11cee3dd7f9d80a6f8bba82b77e4
P1,hin_wikipedia_2021_300K,hin,L20,2550,http://hi.wikipedia.org/wiki/रतिरोग,e92d4b910ccd595ecb72cf64cbca5eb77f7b5498ccd5ab16bab8ebf633789834
P1,hin_wikipedia_2021_300K,hin,L20,2551,"http://hi.wikipedia.org/wiki/राष्ट्रीय_प्रौद्योगिकी_संस्थान,_सिलचर",b798238b74d2985fad70781ace957c0fe0bd07a0918ee941c85f7c44b9fbcebe
P1,hin_wikipedia_2021_300K,hin,L20,2552,http://hi.wikipedia.org/wiki/रासायनिक_अन्तर्ग्रथन,d61e70a2f27e8be8996bcda8f0170f98bd542757f7bfa6508f4b7e147ef92630
P1,hin_wikipedia_2021_300K,hin,L20,2553,http://hi.wikipedia.org/wiki/रासायनिक_गतिकी,1ba945d1eed0bde38a2d6ca844a78bc74a91fed2dfd0f6222ab703c1010bdf4e
P1,hin_wikipedia_2021_300K,hin,L20,2555,http://hi.wikipedia.org/wiki/व्यावहारिकतावाद,967021a5ca4d134cda8c9bbfb2274dbfac38549f07d0e2dfb1246a0a558126a0
P1,hin_wikipedia_2021_300K,hin,L20,2557,http://hi.wikipedia.org/wiki/सिन्धी_भाषा_का_साहित्य,a1c4741a5c18e87991ba9c8c7dc336a3725fa4cb21b0c326b5e7c1591445de12
P1,hin_wikipedia_2021_300K,hin,L20,2558,http://hi.wikipedia.org/wiki/अब्दुल_हमीद_द्वितीय,8e94320b0fad0b5c5ab648522d65cf5173e92aa8a66c2de3be930e8a8085add7
P1,hin_wikipedia_2021_300K,hin,L20,2560,http://hi.wikipedia.org/wiki/कथासाहित्य_(संस्कृत),9f8c974fc11253a4603bfbfc293765ffd751bb5bc6e7f1b82791d4f0675b7615
P1,hin_wikipedia_2021_300K,hin,L20,2561,http://hi.wikipedia.org/wiki/खगोलभौतिकी,7f8c8b42240f3f281ece20917c5e554ed6a78218c8811b810bbd87e5a97a470e
P1,hin_wikipedia_2021_300K,hin,L20,2562,http://hi.wikipedia.org/wiki/इंग्लैंड_के_चार्ल्स_प्रथम,7c239a61320ffa3dcbdb448805253a60e7d0e817c918d0547e5b41a5a08b2a79
P1,hin_wikipedia_2021_300K,hin,L20,2563,http://hi.wikipedia.org/wiki/जलयान,fd9d35e69785552e4e44d520e0881069b35278489d482c4fbcf64f50e71f8f81
P1,hin_wikipedia_2021_300K,hin,L20,2565,http://hi.wikipedia.org/wiki/द्वितीय_विश्वयुद्ध,5ae26e8cb22cfb768f26912d73addc777e99b3071ed8ffbc4f9f56d8face0d96
P1,hin_wikipedia_2021_300K,hin,L20,2567,http://hi.wikipedia.org/wiki/आजीविक,0d7ed97f1ddae89c167054a3a1ed8f6c8f36ef6ebf959ffd1ead3285d3a4fcc2
P1,hin_wikipedia_2021_300K,hin,L20,2568,http://hi.wikipedia.org/wiki/बचपन,32557a5b9384c51313ee7c4ca9a931642344137a233f83aed7c38544692fb853
P1,hin_wikipedia_2021_300K,hin,L20,2569,http://hi.wikipedia.org/wiki/तूर्यनाद,38fe21af6cc949042978ad41290827fa679ea5ca6ebfb55d3ff1081c6cb9b4c2
P1,hin_wikipedia_2021_300K,hin,L20,2572,http://hi.wikipedia.org/wiki/द_मैन-ईटर्स_ऑफ़_सावो,e9784f2000bb9b6379a86784dfc17eeb1187ea881fc7b59117748391a767276e
P1,hin_wikipedia_2021_300K,hin,L20,2573,http://hi.wikipedia.org/wiki/लडाकू_पतंगें,ae0e73aad0637d93480643880c38d7290a7a9e07e9f8f9820b13404447d1f830
P1,hin_wikipedia_2021_300K,hin,L20,2574,http://hi.wikipedia.org/wiki/सबवे_(रेस्तरां),75b8f94dcf5aacbe4ad9d3471d668cfdd8438d001e7b4b4666f847b5d28d869a
P1,hin_wikipedia_2021_300K,hin,L20,2575,http://hi.wikipedia.org/wiki/साकीने_मोहम्मदी_अस्तानी,339746f4a96a5ba8ae25811d7d934d89cd94a6a934b6e5d8c06a9e7ca7595132
P1,hin_wikipedia_2021_300K,hin,L20,2576,http://hi.wikipedia.org/wiki/सात_घातक_पाप,9e38eead0bce8de8c132553775c55da6fc6ceb641d77382c7639dde2c975975d
P1,hin_wikipedia_2021_300K,hin,L20,2577,http://hi.wikipedia.org/wiki/हैरिसन_फोर्ड,290d0340114b9685a06b8b9cd7f57a05235e4835a2f46b0122d5cd60be1bab0a
P1,hin_wikipedia_2021_300K,hin,L20,2578,http://hi.wikipedia.org/wiki/कैप्टन_अमेरिका,03712dd6c33f00835b036ab1007804713ffc54d79d5d2e08fe8360655a87331c
P1,hin_wikipedia_2021_300K,hin,L20,2580,http://hi.wikipedia.org/wiki/डेनमार्क,4460bcbb8d870131ef40e719d96d823cd59633649e7810ffa6aff5c89bc5ec49
P1,hin_wikipedia_2021_300K,hin,L20,2581,http://hi.wikipedia.org/wiki/विकासात्मक_मनोविज्ञान,5cf1546e77c04cbd48a4644ed14d652ebe5ded216204b5fdf269f0c90e43c0c0
P1,hin_wikipedia_2021_300K,hin,L20,2582,http://hi.wikipedia.org/wiki/आय_का_परिपत्र_प्रवाह,649bce695da6e9178e22fb5c9f6e8564e67bacbe90a34ba05ad74dcff22dc29f
P1,hin_wikipedia_2021_300K,hin,L20,2583,http://hi.wikipedia.org/wiki/उपग्रह,31506d44c702cbcb7f44b7892d97c571d1177ab8a6f7f115a93ab655ae040942
P1,hin_wikipedia_2021_300K,hin,L20,2584,http://hi.wikipedia.org/wiki/भारतीय_रंगमंच,82bda622d0af4de4ab5fa30708b42373cd1b0a6542deb4de619cabe0d4bb7c9c
P1,hin_wikipedia_2021_300K,hin,L20,2585,http://hi.wikipedia.org/wiki/पीटर_पैन,69c044f46f6da57a0604c506426dafdeffea2f2592a343a06e056bfcd72b26f8
P1,hin_wikipedia_2021_300K,hin,L20,2586,http://hi.wikipedia.org/wiki/हवन,1ccd8790269e4c0c667d17c96116488de144721e66d6c71d308c364e37ca80b4
P1,hin_wikipedia_2021_300K,hin,L20,2587,http://hi.wikipedia.org/wiki/पेयर_स्केटिंग,581fab21bc70eb2114830fc82c3305f4788b8af0bb3b563f037e89ad0b0b8962
P1,hin_wikipedia_2021_300K,hin,L20,2588,http://hi.wikipedia.org/wiki/घनानन्द,c59cc950c82584e42ae1c607d95cd55e94a7fdd2b5fcb8d3a0ff210be754b0be
P1,hin_wikipedia_2021_300K,hin,L20,2589,http://hi.wikipedia.org/wiki/माईनॉरिटी_रिपोर्ट,8b495275d982ce15f8c6ff0737de2386bbdf5a56ec266634508371887f1588d5
P1,hin_wikipedia_2021_300K,hin,L20,2590,http://hi.wikipedia.org/wiki/इयान_बेल,4315e5749d8ffce4c34eaeb0b118c47be1dbe227fca88725b42477b0ba59a0ac
P1,hin_wikipedia_2021_300K,hin,L20,2592,http://hi.wikipedia.org/wiki/डियर_ज़िन्दगी,94afa6675b1606163aaca475b24a22fe98b20809922966be07f90dc89f09d1ae
P1,hin_wikipedia_2021_300K,hin,L20,2594,http://hi.wikipedia.org/wiki/पोलियो_वैक्सीन,9c76d05d6dc72450d82eaedb7a76ed94654d3a6159e907dd8cd32be4c942b99a
P1,hin_wikipedia_2021_300K,hin,L20,2595,http://hi.wikipedia.org/wiki/विकास_प्रशासन,14e2a04d94dd40ab42d1a11eacd30578485a69d07c17bb31731a32cdba2b9304
P1,hin_wikipedia_2021_300K,hin,L20,2596,http://hi.wikipedia.org/wiki/रोनाल्डो,ba2492fadc812ec0d3b4278ff478176d518c51b0b70973c34ff8f345e6c03cc4
P1,hin_wikipedia_2021_300K,hin,L20,2597,http://hi.wikipedia.org/wiki/स्विचफुट,c69be34aac1712b9545ab06829bd698f746abe79587b15af9f4db5b41b2c70d3
P1,hin_wikipedia_2021_300K,hin,L20,2598,http://hi.wikipedia.org/wiki/धोखा,21c7c9fdd4fb74fbe278d18bf0cc43106135f5dae99a3c71409843ad944e4336
P1,hin_wikipedia_2021_300K,hin,L20,2599,http://hi.wikipedia.org/wiki/ब्लैक_पैंथर_(फ़िल्म),b73f1903f4534fcf1554b73fe72ff4738aff1cdfa301272a4e854e50163683a3
P1,hin_wikipedia_2021_300K,hin,L20,2600,http://hi.wikipedia.org/wiki/हैरी_पॉटर_के_स्थान,417f6e95a2c6cc7fb6fe54ab8d75079bdcc9dc76abf97851b12f8a7c2c494e14
P1,hin_wikipedia_2021_300K,hin,L20,2602,http://hi.wikipedia.org/wiki/मदीना_अज़हरा,395f2e96fdf34594015e2f009924e8dc516d98f261967019da4d4d82c6feb840
P1,hin_wikipedia_2021_300K,hin,L20,2603,http://hi.wikipedia.org/wiki/गंगा_दशहरा,5c42ae7ac724669e9c261329d10448eb3bd2294ea140e78524404f868c844862
P1,hin_wikipedia_2021_300K,hin,L20,2604,http://hi.wikipedia.org/wiki/अहोई_अष्टमी,09edf74fde1ad3100d3622b3a164bb60b786bace42c19af97f925e99b3572da0
P1,hin_wikipedia_2021_300K,hin,L20,2605,"http://hi.wikipedia.org/wiki/औरंगाबाद,_महाराष्ट्र",c0ee2b2c0890a908f68e1b62813f7fb122bd9c8662a98c21def740fce9f0f61d
P1,hin_wikipedia_2021_300K,hin,L20,2606,http://hi.wikipedia.org/wiki/कीश_द्वीप,5df5d06a039fa677c5f391cdbf2e4c6a07f2d94331a9da4717f7240b9548e0d1
P1,hin_wikipedia_2021_300K,hin,L20,2608,http://hi.wikipedia.org/wiki/ग़बन_(उपन्यास),9adfa068488027f8cf66baffe443bb8c01ea7315d66206d0c312da14cd471874
P1,hin_wikipedia_2021_300K,hin,L20,2610,http://hi.wikipedia.org/wiki/रवीन्द्रनाथ_श्रीवास्तव,9262d7be3e437823bfa99820bf82d23ec6d4757f1927cfadf5d00143fd69b62c
P1,hin_wikipedia_2021_300K,hin,L20,2614,http://hi.wikipedia.org/wiki/रेडी_(२०११_फ़िल्म),88fcfe7ef7eb43dac0b7f0942861086b2251384ab238f51f1ccb6b278e336975
P1,hin_wikipedia_2021_300K,hin,L20,2615,http://hi.wikipedia.org/wiki/पार्वती,6e4fb96208148fe53feeea332a10c2f5d6715f1b0c6b8eb868bd56dff5414516
P1,hin_wikipedia_2021_300K,hin,L20,2616,http://hi.wikipedia.org/wiki/नर्मदा_नदी,6b728e61fab37f74869d19394da48e92ac33c2cea102523ffb74ff5ad80d25ff
P1,hin_wikipedia_2021_300K,hin,L20,2617,http://hi.wikipedia.org/wiki/कमल_हासन,9dc890491a5cc0f549e07ecaa95ca58ba428f433363ad120a157c83f2d32d3ea
P1,hin_wikipedia_2021_300K,hin,L20,2618,http://hi.wikipedia.org/wiki/उष्णकटिबंधीय_वर्षा-वन,8458c0ac2fd25dedbc1b1f92e5d76776a479d58f2519656e5a5e26f4d31ce190
P1,hin_wikipedia_2021_300K,hin,L20,2621,http://hi.wikipedia.org/wiki/नताली_पोर्टमैन,964c2fae49913ad50cc5557f96a7821231bc0271903f416965e4fe088b0017c6
P1,hin_wikipedia_2021_300K,hin,L20,2622,http://hi.wikipedia.org/wiki/सौर_ऊर्जा,ef8218156ee22f78cf693e3490b1760222d68c164d77eee843eaac93a7deede9
P1,hin_wikipedia_2021_300K,hin,L20,2623,http://hi.wikipedia.org/wiki/विश्वनाथ_प्रताप_सिंह,dc7595c5a7ac94824d82933077099f178e243fe797782d5ed3bbbf0cba069b6c
P1,hin_wikipedia_2021_300K,hin,L20,2625,http://hi.wikipedia.org/wiki/काग़ज़,e4b0364fa07645f9c6362956c5815dc0549e48394f78ecbbd3ac4becd236d0de
P1,hin_wikipedia_2021_300K,hin,L20,2626,http://hi.wikipedia.org/wiki/वी०_ओ०_चिदम्बरम_पिल्लै,f0f0a76b2af652d2140746cc283effff502ccf9ff42831ce27314493a4e9e6e3
P1,hin_wikipedia_2021_300K,hin,L20,2627,http://hi.wikipedia.org/wiki/हीथ_लेजर,84f6531f48860f9bd6f2c519acdfba81c4c4821f5291cbc3da2d812b33d660cc
P1,hin_wikipedia_2021_300K,hin,L20,2629,http://hi.wikipedia.org/wiki/एनिऐक,91f0cce04ceea8b01b63ce3dc21c86769e77171476280d4c7c3fc63e8a7d8bc7
P1,hin_wikipedia_2021_300K,hin,L20,2630,http://hi.wikipedia.org/wiki/अन्ना_हजारे,f31291130e91755ae61cd080aa6bbb56a35f3502d7afa11712803e8c5acea545
P1,hin_wikipedia_2021_300K,hin,L20,2631,http://hi.wikipedia.org/wiki/अवेस्ता,6286dc8f5ed5c4e4420fbab5f2df4d5b8bd4bcc2d52de6bec9c1a4f4703da509
P1,hin_wikipedia_2021_300K,hin,L20,2632,http://hi.wikipedia.org/wiki/स्वचालित_गणक_मशीन,70d0b2f356ccdac432999f2a931671a9ebec422df884007c02207026a2be8c56
P1,hin_wikipedia_2021_300K,hin,L20,2633,http://hi.wikipedia.org/wiki/राजीव_गांधी,4b7e41d6878a5ee89f7bd4d914fd960507e7f657b2b00ab8c82c5f52d7ebd8a1
P1,hin_wikipedia_2021_300K,hin,L20,2635,http://hi.wikipedia.org/wiki/पालि_भाषा,134ef846760b2b0802ae0ca6c3297ba534884dc6dae0b5dce1457f4f410ee60b
P1,hin_wikipedia_2021_300K,hin,L20,2636,http://hi.wikipedia.org/wiki/अल-मोमिनून,684bfb9832a2213b64fe2f7da52cb9fd158c64d1cead259f9d3fa3a6c379c376
P1,hin_wikipedia_2021_300K,hin,L20,2637,http://hi.wikipedia.org/wiki/उमरिया_ज़िला,b5d3cd7fd5789a24ae4c950c2bb5eead6e94acac29f43e46c6ee689b7b45981a
P1,hin_wikipedia_2021_300K,hin,L20,2638,http://hi.wikipedia.org/wiki/कन्दारिया_महादेव,c4023d4a56846614b18411cb03caf643255e4c853fe2d584b417defff6a6b9ca
P1,hin_wikipedia_2021_300K,hin,L20,2640,http://hi.wikipedia.org/wiki/दिल्ली_६,a64cc35b0f38dc62f10b71ffce9eedce6fa479669aa33df4c347c6fa6c420889
P1,hin_wikipedia_2021_300K,hin,L20,2641,http://hi.wikipedia.org/wiki/विद्यापति,4c7d52133bb0ab97c59a14dc310fb79dce8685af3dc2b17fc202f2a1188a82eb
P1,hin_wikipedia_2021_300K,hin,L20,2642,http://hi.wikipedia.org/wiki/शीराज़,1633d66eaa5b7a76ba529e7b1d72110c3435332311d99e51e773f3edab03fb08
P1,hin_wikipedia_2021_300K,hin,L20,2644,http://hi.wikipedia.org/wiki/वाक्पति_मुंज,dcaf85e685d4321758b7d191890c186d6fa586c8912a3e57613a50f750faa72b
P1,hin_wikipedia_2021_300K,hin,L20,2645,http://hi.wikipedia.org/wiki/अश्वगंधा,29d389888cbadecf1ef375e1cdd58d3d41ff1b0f814c942baf65e00fe3857d89
P1,hin_wikipedia_2021_300K,hin,L20,2646,http://hi.wikipedia.org/wiki/गोरखनाथ,1620c9c9f947c06e0f0ff3e44d893d18f32ebd7b47178ee1456b9ae34321c330
P1,hin_wikipedia_2021_300K,hin,L20,2649,http://hi.wikipedia.org/wiki/फ्रांस_की_क्रांति_(१८४८),b4e0b7fcd8a638c3a21f3b42554d29950428685a63af8a0aebbd8ed6a37f0ca1
P1,hin_wikipedia_2021_300K,hin,L20,2650,http://hi.wikipedia.org/wiki/मधु,51aacdbebebe4a9352aa834fbf75ea550aab6326b922c71e582e5a8053b4593e
P1,hin_wikipedia_2021_300K,hin,L20,2651,http://hi.wikipedia.org/wiki/रंगमंच,7ccd4318954939c813d42c4e1337d29300ee78815486e24b64c507ce5d5a9482
P1,hin_wikipedia_2021_300K,hin,L20,2652,http://hi.wikipedia.org/wiki/समाज,ebb24bcf965d39180e66b80e7ef038298f753bfc90c64051cad425ae31b75e4d
P1,hin_wikipedia_2021_300K,hin,L20,2653,http://hi.wikipedia.org/wiki/विश्व_शांति,2db2332ad033eb146f352cdf2848b5994e8a9e677b9c4d610d626c8b6ffd2932
P1,hin_wikipedia_2021_300K,hin,L20,2655,http://hi.wikipedia.org/wiki/सोयाबीन,d950370d6d4b2380531121c1d4bb1e784fd98c76b73a29a6b821279dd81d9c1e
P1,hin_wikipedia_2021_300K,hin,L20,2656,http://hi.wikipedia.org/wiki/द_डर्टी_पिक्चर,315ba29dfc52afbb0c9b1ddd965a5c8e836a4cb11aba0e2a6bd91a92765a2b04
P1,hin_wikipedia_2021_300K,hin,L20,2657,http://hi.wikipedia.org/wiki/एमा_वॉटसन,d63e09129cb3c1af96c70c532b6d677f92ba41a44048ab4dffcb76b896ddf0e4
P1,hin_wikipedia_2021_300K,hin,L20,2658,http://hi.wikipedia.org/wiki/सोनी_(फ़िल्म),f339461f4c6e6c187b5a560854d18880a4269945a865585dd093fe8b7e7aef45
P1,hin_wikipedia_2021_300K,hin,L20,2659,http://hi.wikipedia.org/wiki/अल्बानिया,b7c446dcf0f6d7266482a7e12a33d1e754c235e72e5a308c4d6301025770513d
P1,hin_wikipedia_2021_300K,hin,L20,2660,http://hi.wikipedia.org/wiki/कायस्थ,73616c4058ac23d82ae2e83f9ffb599f8c043ab3270ee7e11f1044120d6ea3d0
P1,hin_wikipedia_2021_300K,hin,L20,2661,http://hi.wikipedia.org/wiki/रतिचित्रण,debd929bfc206a09e6617dac66cd0a5fcd5f033084d03aa477c3af0840ba3589
P1,hin_wikipedia_2021_300K,hin,L20,2662,http://hi.wikipedia.org/wiki/अजीतगढ़,f3db3ea3a541c8ebea0dcf198daffc3def91f3784cb22db65fd7185e280d4b20
P1,hin_wikipedia_2021_300K,hin,L20,2664,http://hi.wikipedia.org/wiki/तैमूरलंग,0d007fd5ec99c5289b9c36f47f814ac4e293474d35827c4fcf25bff69b39dcc8
P1,hin_wikipedia_2021_300K,hin,L20,2665,http://hi.wikipedia.org/wiki/पैंजिया,e5fb30914ada41ce7e4b370be02f9385a42f6c9fc4caff34df94c352a36fabe5
P1,hin_wikipedia_2021_300K,hin,L20,2666,http://hi.wikipedia.org/wiki/सामाजिक_मीडिया_विपणन,0f4289d02602b6a6af163b16f5567172bc00cc29f41e7e93e168bd7e9d9ae740
P1,hin_wikipedia_2021_300K,hin,L20,2668,http://hi.wikipedia.org/wiki/दिल्ली_सल्तनत,60679e7e5bba85ad4d02ae52861087aa81afedbcbb503c44f93e3ca36250a27b
P1,hin_wikipedia_2021_300K,hin,L20,2670,http://hi.wikipedia.org/wiki/मणिपुरी_मुसलमान,2d2c67e792ac7a6d2492943ad7def898b4e7af1a1d34d5cc925b4ac7f92f756b
P1,hin_wikipedia_2021_300K,hin,L20,2672,http://hi.wikipedia.org/wiki/मृच्छकटिकम्,b49a59df4147df8361ecbcfb10d68f0ed5e44e400db5f0f2c1edab4d4332ed39
P1,hin_wikipedia_2021_300K,hin,L20,2673,http://hi.wikipedia.org/wiki/हिन्दीतर_भारतीय_भाषाओं_के_आधुनिक_शब्दकोश,332195c3f5ca9dc4c35ea33ee1f66eb518ff3a5598fce823774c7feec46e0371
P1,hin_wikipedia_2021_300K,hin,L20,2675,http://hi.wikipedia.org/wiki/ध्यानचंद_सिंह,8ca25b8d7076882378afadbd0450120652aa64a53f38bfa3b8bc8852151bd262
P1,hin_wikipedia_2021_300K,hin,L20,2677,http://hi.wikipedia.org/wiki/चन्देल,4752296e4405810a5e24479b31a69ba203561827695028946ae25582d9de5c75
P1,hin_wikipedia_2021_300K,hin,L20,2680,http://hi.wikipedia.org/wiki/कण्व,d86e1324de849dad3767d1d72c2ccd4255f5e7d02d4a76a93856089beb5ff1cf
P1,hin_wikipedia_2021_300K,hin,L20,2681,http://hi.wikipedia.org/wiki/मुज़फ़्फ़रनगर,69babc10136e20b2e3f8d286f05c3306621748375b4919c8542c0783516576f0
P1,hin_wikipedia_2021_300K,hin,L20,2682,http://hi.wikipedia.org/wiki/मेघनाद,63956f5677261fbe8417a3c7e1efba9b015fc97b1d2ee8e96482a8862a9c6fa2
P1,hin_wikipedia_2021_300K,hin,L20,2684,http://hi.wikipedia.org/wiki/साबुन,12e759c893579daec4f957c03efa70a5cb0694690e71426d1c38f07fd2bc14a0
P1,hin_wikipedia_2021_300K,hin,L20,2685,http://hi.wikipedia.org/wiki/आर्य_वंश,e53f2e8fec32c9aa5f35b318fe9ebe8623cb420f97c238ba32c551939a435c8a
P1,hin_wikipedia_2021_300K,hin,L20,2686,http://hi.wikipedia.org/wiki/कर्पूरी_ठाकुर,4f01d53f86f18a1e0952ed8bcbdc2ac11c962c6fe0332c2113d722453e529d08
P1,hin_wikipedia_2021_300K,hin,L20,2687,http://hi.wikipedia.org/wiki/नंद_वंश,a62cacdbe9e2ae15c68444be78374f4b5169efcb5de4f78034fbe397abe79c87
P1,hin_wikipedia_2021_300K,hin,L20,2689,http://hi.wikipedia.org/wiki/मोहन_अवस्थी,58a522bbba0fa9a03600f147c99dd44961cd87c8e7f52f4a840bd548313b57bb
P1,hin_wikipedia_2021_300K,hin,L20,2690,http://hi.wikipedia.org/wiki/जनाबाई,f34aaccab9710e6054e3da7490ef29d2edebd36b807854f6ebf4f26a2209f6a4
P1,hin_wikipedia_2021_300K,hin,L20,2692,http://hi.wikipedia.org/wiki/पश्चिम_में_आधुनिक_कोशविद्या,8d9473e9c65d77871b6862e07d8bcc548df9e7423bb465be6e5ed648130f475f
P1,hin_wikipedia_2021_300K,hin,L20,2694,http://hi.wikipedia.org/wiki/अरस्तु_का_अनुकरण_सिद्धांत,369c54f79e61be13a60b390776d0af4108fa43716d3d6399b4c277e1b4242443
P1,hin_wikipedia_2021_300K,hin,L20,2695,http://hi.wikipedia.org/wiki/जल_चक्की,f40a760bf57b616f3085f82d2c607e3309b0c067ab17a5920977f0ee59d3166a
P1,hin_wikipedia_2021_300K,hin,L20,2697,http://hi.wikipedia.org/wiki/द्रव,bd2763a65072c4fd58b53a043e5cff3c61a4c1a26659c787a07a1d620e40427e
P1,hin_wikipedia_2021_300K,hin,L20,2698,http://hi.wikipedia.org/wiki/हरवंशलाल_ओबराय,a40b37e8261cce1eb87bdf6fe25deafb5dc37613d65bca16e3c78cbc3078d55b
P1,hin_wikipedia_2021_300K,hin,L20,2701,http://hi.wikipedia.org/wiki/ख़्वाजा_फ़रीदुद्दीन_अत्तार,2efe4cf1a20b9a81311f711931743d540b27f064a285546ed2deb5ae6bcb2db4
P1,hin_wikipedia_2021_300K,hin,L20,2703,http://hi.wikipedia.org/wiki/ग्रामोफ़ोन,3b27bbb8b03390aa7d361f98b4ee06918d5976c03216f32202b0ce12b89083bb
P1,hin_wikipedia_2021_300K,hin,L20,2705,http://hi.wikipedia.org/wiki/डर्ट_ट्रैक_रेसिंग_(कीचड़_में_कार_रेस),2851381b5b6b91cecf7d09b2023d87198a82cc8eb9c4aa29c01282b575025674
P1,hin_wikipedia_2021_300K,hin,L20,2706,http://hi.wikipedia.org/wiki/डार्टर,d0c7c4ad6cb5c0de65198ef4a0a5f944a5e619074043067aa32784cc1a7cfd1f
P1,hin_wikipedia_2021_300K,hin,L20,2708,http://hi.wikipedia.org/wiki/दिल्ली_जिला_न्यायालय,ee42df54bad89fabdf15fd6b8d082b0fde7d9be1b7136c291fb7aabdc6c62109
P1,hin_wikipedia_2021_300K,hin,L20,2710,http://hi.wikipedia.org/wiki/नियोगी_आयोग_की_रपट,8a28693da92cc4095d004f0582f59fa6c60847f231603fef0da35ecc14bec945
P1,hin_wikipedia_2021_300K,hin,L20,2713,http://hi.wikipedia.org/wiki/प्रमस्तिष्क_अंगघात,96f74a1890bc4d7d2adf9846c642a44c4d52622a1ca016e5de1647a166fb3611
P1,hin_wikipedia_2021_300K,hin,L20,2715,http://hi.wikipedia.org/wiki/भूगणित,b5b1223d3495db2624a153fc7bdb6a7f154a85f38b5bb33abb87c5c20b61ab6e
P1,hin_wikipedia_2021_300K,hin,L20,2718,http://hi.wikipedia.org/wiki/लगान_(२००१_फ़िल्म),1e5c86e8589247030d220d6f1e50459f77a525ad4c06d859382bb57c986d5206
P1,hin_wikipedia_2021_300K,hin,L20,2719,http://hi.wikipedia.org/wiki/वर्ग_रेखाचित्र,0850af625a14680496969ee0c9ee9844923a18612787a2a0a475ccc7777cb7b5
P1,hin_wikipedia_2021_300K,hin,L20,2720,http://hi.wikipedia.org/wiki/विश्वनाथ_काशिनाथ_राजवाडे,60a56b9dddb972c4c14ec6dec3961339cba9c0b999c928f667ca772e38abcc8c
P1,hin_wikipedia_2021_300K,hin,L20,2722,http://hi.wikipedia.org/wiki/सेंटर_फॉर_डवलेपमेंट_ऑफ_टेलीमैटिक्स,acdaab572ecdb7be7f3065029a846af43b79819410c5bde3fc61ced834a55362
P1,hin_wikipedia_2021_300K,hin,L20,2724,http://hi.wikipedia.org/wiki/असुर_(आदिवासी),08f8c2fe5ab976f1322280aacc1a50e813ae875114b95d2268a0c0a2c9637083
P1,hin_wikipedia_2021_300K,hin,L20,2725,http://hi.wikipedia.org/wiki/आस्ट्रियाई_साहित्य,5802bb74278e62bfde04017cb0ea6d41e6df825e36b841280e81198831da6634
P1,hin_wikipedia_2021_300K,hin,L20,2728,http://hi.wikipedia.org/wiki/कैथरीन_मैन्सफील्ड,f6812c032ebcd93849b4531dc22a7c3b04ffb362e3331e03940de43f54d3808c
P1,hin_wikipedia_2021_300K,hin,L20,2729,http://hi.wikipedia.org/wiki/क्षेत्ररक्षण_(क्रिकेट),63d7d5e60ce013b14228c255388b616b0c778cb241556c4d6bb05c425aa23709
P1,hin_wikipedia_2021_300K,hin,L20,2731,http://hi.wikipedia.org/wiki/सारंगपुर,75f69b35027b27d02348a5532be295e4270d2184822ca558d76185ed6ef09950
P1,hin_wikipedia_2021_300K,hin,L20,2732,http://hi.wikipedia.org/wiki/बुन्देलखण्ड_के_दुष्यंत_कुमार,cf8800580128657df281faa2bc0da8b33494e489b07e49a8e41429e715667198
P1,hin_wikipedia_2021_300K,hin,L20,2733,http://hi.wikipedia.org/wiki/पाकिस्तान_में_परिवहन,c55f829e46d1026c01053b1f0b61012349657b7f28d68e6cf874aa9aa0df8ff6
P1,hin_wikipedia_2021_300K,hin,L20,2734,http://hi.wikipedia.org/wiki/चन्द्रज्योति_(सिंहासन_बत्तीसी),fbc6ed409052391b58b122f310d0371026a832325febba68d4ae2523a49200ea
P1,hin_wikipedia_2021_300K,hin,L20,2735,http://hi.wikipedia.org/wiki/अल-कहफ़,759e0dd84c3c7b1e7413cdc87c1ffafda8c585b1e79301f6194dd80c4fa0024d
P1,hin_wikipedia_2021_300K,hin,L20,2736,http://hi.wikipedia.org/wiki/उबैदुल्लाह_सिंधी,905e326fe1c8042ac234d64f2092a9220db8d50da6ca75af1e15b122975857f4
P1,hin_wikipedia_2021_300K,hin,L20,2738,http://hi.wikipedia.org/wiki/कैथल,be2e44a7ab44e0e501000c5618b1272306f99fe133d3358b46dbf56745277281
P1,hin_wikipedia_2021_300K,hin,L20,2739,http://hi.wikipedia.org/wiki/मेरिल_लिंच,abae8195ad11a2f6a5fc4d3ba13a0851cebdc2f1502f75bd8ab529474c6018df
P1,hin_wikipedia_2021_300K,hin,L20,2740,http://hi.wikipedia.org/wiki/साइना_नेहवाल,d8a27fbd7b0de0648f213c19859a3f0b8a80f2f0604ce48d94596dd5cdb95c23
P1,hin_wikipedia_2021_300K,hin,L20,2743,http://hi.wikipedia.org/wiki/मिनीकॉनामी,3bcfb70c66d43694550ae8ee7ecf3b7214047c09f1399f4afa518d1a56b7269e
P1,hin_wikipedia_2021_300K,hin,L20,2744,http://hi.wikipedia.org/wiki/बैटमैन_वी_सुपरमैन_:_डॉन_ऑफ_जस्टिस,8a2a02f6db3d9c1731409bddc521461d892a8149522d85542cd03bc45a6bf86d
P1,hin_wikipedia_2021_300K,hin,L20,2746,http://hi.wikipedia.org/wiki/तुलनात्मक_लोक-प्रशासन,a4c233ee206d24b28145f87031d777eb2278cb6ce8b0a10144589affe038e408
P1,hin_wikipedia_2021_300K,hin,L20,2747,http://hi.wikipedia.org/wiki/बंदर_अब्बास,bc44701987135bec2a7b2fc101a59601c2d621717946abb430ec1c57206c3ce9
P1,hin_wikipedia_2021_300K,hin,L20,2748,http://hi.wikipedia.org/wiki/अल-अहज़ाब,2f1093d4752100bbbf4078199a084ded2511f702219042e13da1079f53454681
P1,hin_wikipedia_2021_300K,hin,L20,2749,http://hi.wikipedia.org/wiki/पॉल_एलन,3c1359ca5789864381f9d0799a134df234a87b4b86333ac957ee3814823da713
P1,hin_wikipedia_2021_300K,hin,L20,2750,http://hi.wikipedia.org/wiki/लेखांकन_का_इतिहास,37841b4e3d8e3459b8507ce32c8bcf6e48c09ed277968bb8cc21e7ff6a51df04
P1,hin_wikipedia_2021_300K,hin,L20,2751,http://hi.wikipedia.org/wiki/ऑक्सेजन_2009,5a176d9bc80483514d6147f4020db0a5c4e4a8c4eb3fd1e92eea68c7eb342c31
P1,hin_wikipedia_2021_300K,hin,L20,2753,http://hi.wikipedia.org/wiki/अश्वत्थामा,1f0382c9bd671dd98cac4dc4f060ba647c2f838c5f5f9f950279f5971ecd5ce4
P1,hin_wikipedia_2021_300K,hin,L20,2755,http://hi.wikipedia.org/wiki/अनब्रेकेबल_(फिल्म),809106c60e9fd63d239691ef29314ee114ba004fe18b6dbfb0a76d814b75f501
P1,hin_wikipedia_2021_300K,hin,L20,2757,http://hi.wikipedia.org/wiki/मोटरगाड़ी_चालन,31afa148b06b083b1829ba4958262f8a30e90adb78754101b1f31ccb698fa80d
P1,hin_wikipedia_2021_300K,hin,L20,2759,http://hi.wikipedia.org/wiki/किलिमंजारो,63e6270338c98a05f7f9aa7a6c603b8d50ba24451752e9b1e914390460b6a755
P1,hin_wikipedia_2021_300K,hin,L20,2761,http://hi.wikipedia.org/wiki/मादकता,978bb37c60682f627a1c4853354c06fbb614edebd23057814f9c93c34195d0b0
P1,hin_wikipedia_2021_300K,hin,L20,2762,http://hi.wikipedia.org/wiki/पादप_प्रवर्धन,d80087e376dd1cdb0692d864ed9ef98863dea0bab95f42efc92db426dbfc74a4
P1,hin_wikipedia_2021_300K,hin,L20,2765,http://hi.wikipedia.org/wiki/प्रथम_आंग्ल-बर्मी_युद्ध,a924134ffe107b888ca9cc9f20f23d27ff9463cda4b5536e194259d124ab14c1
P1,hin_wikipedia_2021_300K,hin,L20,2766,http://hi.wikipedia.org/wiki/बकार्डी,9f439deb819d3a7ad8354c8a1b32af6411dd9d438fcf875e1f845848b3df3bfa
P1,hin_wikipedia_2021_300K,hin,L20,2767,http://hi.wikipedia.org/wiki/स्कॉर्पियन्स_(बैंड),6d3339facd15687d1b67fb0b83ffcd9eb05ce253484ebe29abd545fe1d1d054e
P1,hin_wikipedia_2021_300K,hin,L20,2768,http://hi.wikipedia.org/wiki/हेइडी_क्लम,7554c2afd77aa1d93f9dc7ef6d0e1597885046caca29066b5e6482cf98ac1c22
P1,hin_wikipedia_2021_300K,hin,L20,2770,http://hi.wikipedia.org/wiki/इस्लाम_के_पैग़म्बर,4038325df4f2ee4a2ec7ded2b976cdf4a5b48b84d4472dcaa45fda6f83a6ab33
P1,hin_wikipedia_2021_300K,hin,L20,2773,http://hi.wikipedia.org/wiki/मलकंद_की_घेराबंदी,7d97fe3cf980b9e3ee44c9d2bcb21f9840914a4f7a8d5c95818f24b6756bf7af
P1,hin_wikipedia_2021_300K,hin,L20,2777,http://hi.wikipedia.org/wiki/नई_दिल्ली,576b1e6c6f6ff8fce6d2097796d45a15bd1d557073e5e536a85a39432ee8739f
P1,hin_wikipedia_2021_300K,hin,L20,2778,http://hi.wikipedia.org/wiki/तिरुपति_वेंकटेश्वर_मन्दिर,b9a346ee523caad7d251c77b9b432601139f601a7e68153263ecbeb5bddb9384
P1,hin_wikipedia_2021_300K,hin,L20,2780,http://hi.wikipedia.org/wiki/स्वप्रतिरक्षा,3139274ae28c443b88de4887c55c4e8469f6c759faa9c94ae1dba82e4f235203
P1,hin_wikipedia_2021_300K,hin,L20,2782,http://hi.wikipedia.org/wiki/चित्रकूट_धाम,f828ef6eed19a8b61986dfc7dba0309e4d8852532b24581d3f8711973d37ef28
P1,hin_wikipedia_2021_300K,hin,L20,2783,http://hi.wikipedia.org/wiki/डर,e254621d16b976bd87cfa4c1a334e0f6aa68404f50ab92cae38ac50a6fb09b71
P1,hin_wikipedia_2021_300K,hin,L20,2784,http://hi.wikipedia.org/wiki/अन्तर्दहन_इंजन,53b57ef441dc99cf00576da5daab6ee00ccb986f431876e5129fe92137fcdabc
P1,hin_wikipedia_2021_300K,hin,L20,2785,http://hi.wikipedia.org/wiki/पान,4fd1ed4b9c81d0611db500d662164f203b4e55d45ca2150aa65cffd921cf962d
P1,hin_wikipedia_2021_300K,hin,L20,2787,http://hi.wikipedia.org/wiki/भिन्नता_का_विश्लेषण,bcea56d66e43d7098722a108dfc5f8071dd7cb9cf0d0917c2e7dbc0260b60ba9
P1,hin_wikipedia_2021_300K,hin,L20,2788,http://hi.wikipedia.org/wiki/एनोरेक्सिया_नर्वोज़ा,2a6d6c1cecebb41d28576d4a191379027465d28437decc0ac663066e48646c1f
P1,hin_wikipedia_2021_300K,hin,L20,2789,http://hi.wikipedia.org/wiki/झींगा_मछली_(लॉब्स्टर),9243585c79e6e990c5203299174ff685e27550f8539143868b8635ae1cd34deb
P1,hin_wikipedia_2021_300K,hin,L20,2791,http://hi.wikipedia.org/wiki/PH,4e959d2100b6511b85e92bf210ce6394d590b983631517d861bb1098463d6a7a
P1,hin_wikipedia_2021_300K,hin,L20,2793,http://hi.wikipedia.org/wiki/मृत्तिकाशिल्प,7624791c3cb61599af174c6042df102cc8041ce0a38752604ced0c090cd3cadf
P1,hin_wikipedia_2021_300K,hin,L20,2795,http://hi.wikipedia.org/wiki/शास्त्रीय_नृत्य,e21f08b6ed2f0cd3299af792bf46a483912d994080ef0d69241c89a0fde72e77
P1,hin_wikipedia_2021_300K,hin,L20,2797,http://hi.wikipedia.org/wiki/भ्रमासक्ति,d7bdf2f183ed76d5b40bf9988d4dfa3e782d23841cd4a61842a3c2264dd1a174
P1,hin_wikipedia_2021_300K,hin,L20,2799,http://hi.wikipedia.org/wiki/सृष्टि_रचना,a0ecd82897668b554b7b03aac0b1ec32111584ceb84e6f56e6f6b0a6d47acaec
P1,hin_wikipedia_2021_300K,hin,L20,2800,http://hi.wikipedia.org/wiki/खैशगी,0872e653a50a287e797da0b322749d61522e682f9e37b61faf6e1c4648c432de
P1,hin_wikipedia_2021_300K,hin,L20,2801,http://hi.wikipedia.org/wiki/समाज_मनोविज्ञान,4d56c6a3ba325578f890063e5d9586c89869fb2f9924ee6431db44a441ac25c5
P1,hin_wikipedia_2021_300K,hin,L20,2804,http://hi.wikipedia.org/wiki/पिथौरागढ़,473ac65b5b79eaa2a054fc0421e7faf6c468fc9acce32b632d604c0bccb76046
P1,hin_wikipedia_2021_300K,hin,L20,2805,http://hi.wikipedia.org/wiki/नोवा_स्कोश्या_गोलीबारी,13323d1c959e043ee6cdc0a712f2058ae7eab55c0dcd6984ef273606ed42d958
P1,hin_wikipedia_2021_300K,hin,L20,2806,http://hi.wikipedia.org/wiki/चन्द्रयान,fb22bb087b1fcfe052357625ec48f16f77275db274a8529cdaa5f5fd243a6026
P1,hin_wikipedia_2021_300K,hin,L20,2808,http://hi.wikipedia.org/wiki/पटौदी,05a453db8ae354068175f96d472872e9fb379e93a018610a8d1fe17f0f646f38
P1,hin_wikipedia_2021_300K,hin,L20,2811,http://hi.wikipedia.org/wiki/कलौंजी,52c3e5176908f6e6fb1a99997f6b7b5a3db3434563bcad0cd3eb783f3655af32
P1,hin_wikipedia_2021_300K,hin,L20,2812,http://hi.wikipedia.org/wiki/फ़िल्म-निर्माण,9ea2f59a7c1486de28feed6735386a86db4c3b977ffb31b8c8301028a6282436
P1,hin_wikipedia_2021_300K,hin,L20,2814,http://hi.wikipedia.org/wiki/बैटमैन,731a1dc11b5fe442da1508c5d85b0f9f5c63d66ac9f1b0af634799c96965288a
P1,hin_wikipedia_2021_300K,hin,L20,2816,http://hi.wikipedia.org/wiki/तोप,1a7235525f53ee6cea845d6ac8dd6f236bad5364c8ea36902a7578a48861e482
P1,hin_wikipedia_2021_300K,hin,L20,2818,http://hi.wikipedia.org/wiki/एस्टन_मार्टिन,bb8f49313817f8a8f3934e641ee4c0b05970bcd83e7290b56de71b3e1f11dad6
P1,hin_wikipedia_2021_300K,hin,L20,2819,http://hi.wikipedia.org/wiki/चेतना,ffe159bcccddc61fb96a906d71b97420021c1a59df2d156d7a4385a4d7e312b3
P1,hin_wikipedia_2021_300K,hin,L20,2820,http://hi.wikipedia.org/wiki/मुद्रास्फीति,bc53ccfffcb70ce4ae20598e17a15bc19189579b6561f6f6ce012c87fb1c785e
P1,hin_wikipedia_2021_300K,hin,L20,2821,http://hi.wikipedia.org/wiki/शरद_पवार,e517bf7962ba63e81d9e13a06dfb0996a0e315035f177b9dcb95a08049274fe7
P1,hin_wikipedia_2021_300K,hin,L20,2824,http://hi.wikipedia.org/wiki/समुदाय,0ab87f84b5e9f357a0a9dc25387c7310da08b162c02a694b92a983fb3e5382bd
P1,hin_wikipedia_2021_300K,hin,L20,2825,http://hi.wikipedia.org/wiki/वैष्णो_देवी,e154c2c02024f139ff828c491c4697c7646f17fae323e4a54cd2bad55d2714ed
P1,hin_wikipedia_2021_300K,hin,L20,2831,http://hi.wikipedia.org/wiki/काव्य,9682beca754adc4a6475eb3fd4cb6329f4865a80a2e0e9e802a8808f65eaf055
P1,hin_wikipedia_2021_300K,hin,L20,2832,http://hi.wikipedia.org/wiki/जे॰_बी॰_कृपलानी,eaf8f44d4a897ed1b122a0553ec6d020a71b423b9b4a36a5094f24903ee6288d
P1,hin_wikipedia_2021_300K,hin,L20,2833,http://hi.wikipedia.org/wiki/अंटार्कटिका,9fc75bf9c8b50d4c5ee75313222ba4215f89d24b9f9b60916866679b69e83fa6
P1,hin_wikipedia_2021_300K,hin,L20,2834,http://hi.wikipedia.org/wiki/गाय,2065aa00608c76a11ca19f14c26e799148679ad2cd262f92eff605ffb1a1b5c8
P1,hin_wikipedia_2021_300K,hin,L20,2837,http://hi.wikipedia.org/wiki/मृत्यु,60dd8398820b2e1f60e7fcdbb8c9283f67a28a7f130477770844091333539466
P1,hin_wikipedia_2021_300K,hin,L20,2842,http://hi.wikipedia.org/wiki/जलियाँवाला_बाग_हत्याकांड,813ace292aca597e36dc363b08f10c3976ea552afa43c62f48b0adb6738b1517
P1,hin_wikipedia_2021_300K,hin,L20,2843,http://hi.wikipedia.org/wiki/पंचायत,38b17b04e86688f9c9d24d81fc69d5186f82a095a62777db8587ad058a5df940
P1,hin_wikipedia_2021_300K,hin,L20,2844,http://hi.wikipedia.org/wiki/प्रतिशाख्य,7c2f6f4ef2f82f0b50b5d44f35072cc343e8c291f62a03fa0a4163c74e414ce2
P1,hin_wikipedia_2021_300K,hin,L20,2846,http://hi.wikipedia.org/wiki/संस्कृत_शब्दकोश,2489c23229deeab2315d5a3a5668fce131625706a0f8dfa3e1dbaea81e85eb20
P1,hin_wikipedia_2021_300K,hin,L20,2848,http://hi.wikipedia.org/wiki/हिंदी_के_मध्यकालीन_शब्दकोश,c5539e22961b81b6a96e7d0f256e1d22eb7ac43f890bdf057f305723377e714a
P1,hin_wikipedia_2021_300K,hin,L20,2850,http://hi.wikipedia.org/wiki/ओरोविल,4a355bf8df6a10a12728628e2158955659e56e296142144a8f4875577471d9a0
P1,hin_wikipedia_2021_300K,hin,L20,2852,http://hi.wikipedia.org/wiki/स्वामी_रामानन्दाचार्य,14c96325a3c215cf027a1f79a14cf1b962d9e62d42e7062be60e8556fcc35ac4
P1,hin_wikipedia_2021_300K,hin,L20,2853,http://hi.wikipedia.org/wiki/अल_जज़ीरा,d0dbcb1856c39aa1762c3a32e17e2d94c906e35371ba3c10c5a6e8a928b7d87c
P1,hin_wikipedia_2021_300K,hin,L20,2854,http://hi.wikipedia.org/wiki/यहूदी_धर्म,598efae1d23d9ab602e7f0798787769526253d9998dc5c1151b9fc3145f95833
P1,hin_wikipedia_2021_300K,hin,L20,2856,http://hi.wikipedia.org/wiki/शतरंज,fb294f0941aae0f728a6ef9cc87bc6a839b433c1e2d27d1747bb1becf375a23c
P1,hin_wikipedia_2021_300K,hin,L20,2857,http://hi.wikipedia.org/wiki/जवाहरलाल_नेहरू,97ffc25562fe70ec914e72984c82627183ae9ee80b406540bf936f2bed16d402
P1,hin_wikipedia_2021_300K,hin,L20,2858,http://hi.wikipedia.org/wiki/बाजीराव_प्रथम,fc6a0988543c897193de0b04ee02d437d062a6bdfa1ad40ead6679fe9a5004bf
P1,hin_wikipedia_2021_300K,hin,L20,2859,http://hi.wikipedia.org/wiki/पोखरण-2,10923e4170448772683bbfadf6fb3de459856b40b49e78445f860d7adfc76634
P1,hin_wikipedia_2021_300K,hin,L20,2860,http://hi.wikipedia.org/wiki/विदुर_नीति,ec24f65f3008a067abd9e9bc3b6a612397ce51185b061623fabdce2cb7935d11
P1,hin_wikipedia_2021_300K,hin,L20,2861,http://hi.wikipedia.org/wiki/लोकरंग,98fc1faee30b52f1ea6b712e81b1e239355f6e2defd720adc5ded6d503f888d5
P1,hin_wikipedia_2021_300K,hin,L20,2863,http://hi.wikipedia.org/wiki/मूर्च्छा_आना,747d4fae6d2ee6d62f01751cf3ff87d4c10e99f3a617bd47392e994a2d85e5b6
P1,hin_wikipedia_2021_300K,hin,L20,2864,http://hi.wikipedia.org/wiki/श्री_गोवर्द्धन_के_दिव्याकर्षण,679ab729c7d4679af084d1aac2b691451a58bdea84d69e42a1b5f3002b9a0f66
P1,hin_wikipedia_2021_300K,hin,L20,2866,http://hi.wikipedia.org/wiki/बुधवार_व्रत_कथा,a9482d16be4c488626b53e8334773cc73ab8a4c1338b8045fd32bca522aa221a
P1,hin_wikipedia_2021_300K,hin,L20,2867,http://hi.wikipedia.org/wiki/छत्तीसगढ़_के_धार्मिक_स्थल,e04f274cf03360757e6dd82238e17da539f95884bd1e4dc5d3381d0ce72e0db6
P1,hin_wikipedia_2021_300K,hin,L20,2868,http://hi.wikipedia.org/wiki/ओविद,268eefbd6d6ef414bb7cdddda9f406ac369861eff3104af5350c142a216c3bfa
P1,hin_wikipedia_2021_300K,hin,L20,2869,http://hi.wikipedia.org/wiki/जेफ्री_चासर,8e345342d4ee1d1333fabc71b44e0afda25193e723f6bc6d00c68810acab2f8b
P1,hin_wikipedia_2021_300K,hin,L20,2871,http://hi.wikipedia.org/wiki/काललेखी,e415611e4b933ec432c988c4629828a9afa0ecbc1937bcffcd1bac018f8be7fa
P1,hin_wikipedia_2021_300K,hin,L20,2872,http://hi.wikipedia.org/wiki/उदयगिरि_और_खंडगिरि,9dd767c1ea465616349b62581bb9e1dc2425cf28afec887a2ed805d276526177
P1,hin_wikipedia_2021_300K,hin,L20,2873,http://hi.wikipedia.org/wiki/बिहार_के_प्राचीन_इतिहास_के_स्रोत,5b03ebcc552dfca00f3fbf35e17a39c4042f5688db5bf23bd389c8b8c42677e7
P1,hin_wikipedia_2021_300K,hin,L20,2876,http://hi.wikipedia.org/wiki/फ़्रेंड्स,4dca5d20952096516125f074756b17dcc1afa75ae0899d59d262f72b8aade483
P1,hin_wikipedia_2021_300K,hin,L20,2877,http://hi.wikipedia.org/wiki/मृदा_विज्ञान,5f4230ba64548e631854d74fff944602dac0bb0ab87ebce10fee1e271f2555de
P1,hin_wikipedia_2021_300K,hin,L20,2881,http://hi.wikipedia.org/wiki/इलावृतवर्ष,ea93aed50b0628df22b5418e8a4335df4e26e66897792fcbbe153158fe8f7dcd
P1,hin_wikipedia_2021_300K,hin,L20,2882,http://hi.wikipedia.org/wiki/लोकनीति,dabe1bdd99c04f041bb4ce3b1fa25cf567178b5c6fa498e65ab4a720ba6ce6c3
P1,hin_wikipedia_2021_300K,hin,L20,2884,http://hi.wikipedia.org/wiki/माइकल_जॉर्डन,df36aa47aea04d9894483addfc887ef9e835c84466ec17959d2c4d4110ae3e16
P1,hin_wikipedia_2021_300K,hin,L20,2885,http://hi.wikipedia.org/wiki/चुंबक_चिकित्सा,b80734a021a2757cd729876a54d237a4730ce1f1ffaada95ff1322776f319688
P1,hin_wikipedia_2021_300K,hin,L20,2886,http://hi.wikipedia.org/wiki/जन्मजात_हृदय_रोग,76884d791a7fbc594f63b035680dab253039e9cd6097eac28a1e7a792ce763b3
P1,hin_wikipedia_2021_300K,hin,L20,2891,http://hi.wikipedia.org/wiki/बाउल्स,2deb487845b8915027fdf4518cb99364ad2c7b8daab465e23a52fde27da08741
P1,hin_wikipedia_2021_300K,hin,L20,2893,http://hi.wikipedia.org/wiki/ब्रिटिश_भारत_में_रियासतें,44dd1351863c0bb3585718a581d3df67ea334c4ed621b0520a5f5207882b9e9b
P1,hin_wikipedia_2021_300K,hin,L20,2894,http://hi.wikipedia.org/wiki/भाप_का_इंजन,82b0f61f1353b3c0141bbf0784635ce3bbd614bd6f7c3b0b61de23a4dfb9190c
P1,hin_wikipedia_2021_300K,hin,L20,2897,http://hi.wikipedia.org/wiki/वेधशाला,02b07c7a0a20b2cb02fb6a2162205e6aadb4173a4cbe02d0e75ff1f4a8633dd6
P1,hin_wikipedia_2021_300K,hin,L20,2898,http://hi.wikipedia.org/wiki/शिब्बन_लाल_सक्सेना,09cf68148f46a55e51c1b276be971aefe1156dbebdf56bf73826070901cabbe4
P1,hin_wikipedia_2021_300K,hin,L20,2899,http://hi.wikipedia.org/wiki/संत_प्रभुदत्त_ब्रह्मचारी,47b37aa9a102100e0f0663cf834d59153cc874ab089df55dddfa35f05e736879
P1,hin_wikipedia_2021_300K,hin,L20,2900,http://hi.wikipedia.org/wiki/समुद्री_बीमा,8b90a9175f4305e1387519dafaffe3c6b5a9aaf91aa5d343fec64615f205e56a
P1,hin_wikipedia_2021_300K,hin,L20,2901,http://hi.wikipedia.org/wiki/सर्वसत्तावाद,3cc9eec635c9bb137cf422b92d77da2438d001228c443c03e773aa39413a397b
P1,hin_wikipedia_2021_300K,hin,L20,2902,http://hi.wikipedia.org/wiki/अन्तरराष्ट्रीय_मात्रक_प्रणाली,1c83b86a480de3a312755777a74ac504b6f2b8a35a11de473c1b1685ba0ba53f
P1,hin_wikipedia_2021_300K,hin,L20,2903,http://hi.wikipedia.org/wiki/इरविंग_गोफमैन,44db621691c4ec1e872f6581bee0930b41659b67b485c0e9ac06cb00a244d863
P1,hin_wikipedia_2021_300K,hin,L20,2906,http://hi.wikipedia.org/wiki/कापिलेश्वर_शिव_मंदिर,34ba34485410ce8de5e20957ee0930c75bc71636aff9ac946a309266d14d7ea3
P1,hin_wikipedia_2021_300K,hin,L20,2910,http://hi.wikipedia.org/wiki/कुमारिल_भट्ट,5f3b207f75510c006e51a9ad9d046a1c4f370726d7307a75be65475ceb9e76a6
P1,hin_wikipedia_2021_300K,hin,L20,2912,http://hi.wikipedia.org/wiki/जाना_ना_दिल_से_दूर,9e81c35f4a2cb5cfb3f9815eaeebf7cc7ae4fd595adf84d301d3829f876a7c9f
P1,hin_wikipedia_2021_300K,hin,L20,2913,http://hi.wikipedia.org/wiki/मिडलसेक्स,ce4c6713b98d2728a8f7575468d6bb481ccef66c21547e7bd56aee69f5d72ba4
P1,hin_wikipedia_2021_300K,hin,L20,2914,http://hi.wikipedia.org/wiki/स्कोडा_ऑटो,80e8cb8fe7304888b257a33f0f58efd8ac32f602ac54e49af58cbf94808af8f4
P1,hin_wikipedia_2021_300K,hin,L20,2915,http://hi.wikipedia.org/wiki/खाद्य_जनित_रोग,b86c1bbafabcf49ed5dc82d6aa0e055b223b98fe31a396f948b3164eb29f9e20
P1,hin_wikipedia_2021_300K,hin,L20,2916,http://hi.wikipedia.org/wiki/जनरल_इलेक्ट्रिक,c29d553648769fcfb57f81b8ac371fa4d7b6841bac599945c47a919e875d5433
P1,hin_wikipedia_2021_300K,hin,L20,2917,http://hi.wikipedia.org/wiki/यहाँ_मैं_घर_घर_खेली,4a309e129da93315476d286172b190f81a7cdd1e4736c3c35cfbb734d13bfde4
P1,hin_wikipedia_2021_300K,hin,L20,2918,http://hi.wikipedia.org/wiki/वीज़ा_इंक.,3d98eae555a1ad369e5233fed7a70c01cc3304034011e8d36d7f18e656237467
P1,hin_wikipedia_2021_300K,hin,L20,2920,http://hi.wikipedia.org/wiki/राम_कपूर,c9965799622057bde1402b5d269262d64c9c57d8ecda8626490bed7f6dfc8924
P1,hin_wikipedia_2021_300K,hin,L20,2924,http://hi.wikipedia.org/wiki/नारोमुरार,cb2dbedda252f2a3a9215d7ffab214bed6d36c39d6f7c970335990149ba2f78d
P1,hin_wikipedia_2021_300K,hin,L20,2930,http://hi.wikipedia.org/wiki/माउंट_रशमोर,22b8b08808b512de9abad80702012bd95284127720331317f0017cbd19fd0ea2
P1,hin_wikipedia_2021_300K,hin,L20,2933,http://hi.wikipedia.org/wiki/प्लवमान_पिंड,07f62b523691502fd27740eecacbdfad43c0da1f21041078dc017543a1befd8d
P1,hin_wikipedia_2021_300K,hin,L20,2934,http://hi.wikipedia.org/wiki/मार्था_स्टीवर्ट,b22c244b24567de646f6b5995fe2b6edafedf1df5ba505612a78cce2d7c77bcc
P1,hin_wikipedia_2021_300K,hin,L20,2935,http://hi.wikipedia.org/wiki/सूरज_पालीवाल,fa14710c65be73b1ca0c94e7db7b6c650ed73be3687b45785a342c45fcf3c1ed
P1,hin_wikipedia_2021_300K,hin,L20,2936,http://hi.wikipedia.org/wiki/रैपिड_मेट्रो_गुरुग्राम,fad498c204bdce84eb02e48b62e2d8a19ad874ed2f21caa3761f1648119cbb6f
P1,hin_wikipedia_2021_300K,hin,L20,2937,http://hi.wikipedia.org/wiki/कन्याकुमारी_जिला,ea60f0b96922c50723968ac271e6c0eb6e1fde20685a7fc022ec898201d94cfa
P1,hin_wikipedia_2021_300K,hin,L20,2938,http://hi.wikipedia.org/wiki/कॉनटैजियन,dd322fddadc4ba9984aff9b9f08cf9ddb03761782fe47a6ea87b4b4823735031
P1,hin_wikipedia_2021_300K,hin,L20,2939,http://hi.wikipedia.org/wiki/डिजिटल_वॉटरमार्किंग,0e8afac13060d440128ab153a23069f3fe66d3ac2ec1634d5af1090adc786562
P1,hin_wikipedia_2021_300K,hin,L20,2941,http://hi.wikipedia.org/wiki/कोलम्बिया,633424d8b2d1e0368f859b34d40ddbca09cfacb8b182e6408636b0c5ce827090
P1,hin_wikipedia_2021_300K,hin,L20,2943,http://hi.wikipedia.org/wiki/रैटलस्नेक,90ed56d1335fc64575dbd158f9dd5b494179abd5fde7eccf4bb325a2f1660474
P1,hin_wikipedia_2021_300K,hin,L20,2944,http://hi.wikipedia.org/wiki/फ़ैशन_डिज़ाइनर,3ecb899a2668f89af9262de4c2b6db491a36a51ed79112ea89282f0ed568ae4f
P1,hin_wikipedia_2021_300K,hin,L20,2945,http://hi.wikipedia.org/wiki/जेफरसन_डेविस,ccbde88b8949f7be247de0bdcbee1de8b42a8614d8a3ce149119b250b32ed17e
P1,hin_wikipedia_2021_300K,hin,L20,2946,http://hi.wikipedia.org/wiki/हरसिल,7d8e0aa7a1f43bfb8e1e83e3983e75da6985f545781fe9e022845219b8e03f1d
P1,hin_wikipedia_2021_300K,hin,L20,2947,http://hi.wikipedia.org/wiki/प्रताप_चन्द्र_षड़ंगी,b23d8340266ffa220866e4c2f8339ebe97e60371d04a0eb92d90c31be2cf8f2c
P1,hin_wikipedia_2021_300K,hin,L20,2948,http://hi.wikipedia.org/wiki/जौरासी,f779b9c08a58bc5ad8307dc8cf61f8c5b290222bad3d652c91bafe2dee8b4fa7
P1,hin_wikipedia_2021_300K,hin,L20,2949,http://hi.wikipedia.org/wiki/आर्ट_ऑफ_लिविंग_फाउण्डेशन,31e1b0cfb19f2fb26e52b61dc1f8a7491864d73cd8d43495ade1c7b25fcd0b29
P1,hin_wikipedia_2021_300K,hin,L20,2951,http://hi.wikipedia.org/wiki/नशीली_दवा_का_सेवन,530f34c464d7cfeb504451fb0075bd4076a48c8aa7b8cc16ea7fba824cda470d
P1,hin_wikipedia_2021_300K,hin,L20,2953,http://hi.wikipedia.org/wiki/फ़ोर्ब्स,96275f4578db3e1ba1ca7ac31f07cd2420c5f22ec59916c92504fdb4651f32cd
P1,hin_wikipedia_2021_300K,hin,L20,2954,http://hi.wikipedia.org/wiki/नागरिकता,55bb8f05fd2df85777cbe97ec2a3ecf7927e5d9eefd953b77d7c4ac3497354b0
P1,hin_wikipedia_2021_300K,hin,L20,2956,http://hi.wikipedia.org/wiki/ओड़िया_साहित्य,4c2cf91569033d1a5cf204f0405432613bc58a2cfb1d83d3b6151ffd8a30bdfb
P1,hin_wikipedia_2021_300K,hin,L20,2957,http://hi.wikipedia.org/wiki/चर्यापद,58f14a20d435a25a2ce992f19dc678f9e0b5f8f50e78442eed1842aea213ea3d
P1,hin_wikipedia_2021_300K,hin,L20,2959,http://hi.wikipedia.org/wiki/इज्तिमा,9135095405af879e7a5a58cca679fd4c1ee6cc117f5ae56e686b52e7e8f20327
P1,hin_wikipedia_2021_300K,hin,L20,2960,http://hi.wikipedia.org/wiki/ऐनी_हैथवे,e3a66b96f943c800d376afe9fc8920297599e124737282697581984bef086863
P1,hin_wikipedia_2021_300K,hin,L20,2963,http://hi.wikipedia.org/wiki/मां_बम्लेश्वरी_मंदिर,280eae55854a392bbf5a964caa4c01af7825f0ff8a863e6c2ef776cd90f3258a
P1,hin_wikipedia_2021_300K,hin,L20,2964,http://hi.wikipedia.org/wiki/केट_विंसलेट,a1b11e5af46239290c5368372e5cbb3706a59a0257df6d5bc4a5f895c1990433
P1,hin_wikipedia_2021_300K,hin,L20,2965,http://hi.wikipedia.org/wiki/मोहम्मद_रफ़ी,5098d668d60a35a11c490e6ea5a1901279d48945a45add563cb4109cf5983b26
P1,hin_wikipedia_2021_300K,hin,L20,2966,http://hi.wikipedia.org/wiki/द_इक़्वालाइज़र_(फ़िल्म),7b583e87f65524c1028e2805b42e705ac4123d1a9f310d84f3597d6cf8518627
P1,hin_wikipedia_2021_300K,hin,L20,2967,http://hi.wikipedia.org/wiki/लोककथा,8a3a1fbd6de8ec18fada68a36f7a760992484f67216ad2f31640df1a6bcbfb99
P1,hin_wikipedia_2021_300K,hin,L20,2968,http://hi.wikipedia.org/wiki/एलिजाबेथ_द्वितीय_का_राज्याभिषेक,57d49c01da519f467201837a0a6555e7887f3df47423c23de2a65738a324f5fe
P1,hin_wikipedia_2021_300K,hin,L20,2969,http://hi.wikipedia.org/wiki/ब्रिटिश_काल_में_भारत_की_अर्थव्यवस्था,69a1e21e9d49a0483e369abeadce567d7eec8cddd44dbfc38d47b811bbc6df12
P1,hin_wikipedia_2021_300K,hin,L20,2972,http://hi.wikipedia.org/wiki/इकसिंगा,4e1ce6a03a8b088c966e7c998aee76e1272dc1899602a74c470d319b45ca5ce4
P1,hin_wikipedia_2021_300K,hin,L20,2973,http://hi.wikipedia.org/wiki/पीठ_दर्द,6b3297eb78c969692e6bc1bfa2696e250ddaa1d6da8b62d254caec89b2fca31a
P1,hin_wikipedia_2021_300K,hin,L20,2974,http://hi.wikipedia.org/wiki/रमेश_पोखरियाल,0d50e772e2b40b875228b2fe535d1c519791625b897f59f5441b54c2a87b14e4
P1,hin_wikipedia_2021_300K,hin,L20,2975,http://hi.wikipedia.org/wiki/रायसेन_ज़िला,dfe525fcbe50e8bd9c3eecb807ac014dd302433a74a19b20305f2d9f929c2d8f
P1,hin_wikipedia_2021_300K,hin,L20,2977,http://hi.wikipedia.org/wiki/राजनीतिक_दर्शन,83e7ef57690095c3b90f0e483515793ee3da3de915db0061e8b52ca3bfdfc65a
P1,hin_wikipedia_2021_300K,hin,L20,2983,http://hi.wikipedia.org/wiki/जगजीत_सिंह,564a9d3aeefff55f760501112c8ad97f180f5de5a40a04d47a9e4a69de5df30f
P1,hin_wikipedia_2021_300K,hin,L20,2985,http://hi.wikipedia.org/wiki/त्रिस्सूर_जिला,38c8e400d5c2bc723f0ca159c406488ee314c089eeff44430d6347129169bb2a
P1,hin_wikipedia_2021_300K,hin,L20,2986,http://hi.wikipedia.org/wiki/ऑस्ट्रिया,b134edb0d94c9ed32291875644beaf0d3527ce5ecd4aadf95c1a8bec695cf062
P1,hin_wikipedia_2021_300K,hin,L20,2987,http://hi.wikipedia.org/wiki/असमिया_साहित्य,97f283acfb53efa1b0fce4335fd48ba3c886c28e675c40423764e3453f085302
P1,hin_wikipedia_2021_300K,hin,L20,2989,http://hi.wikipedia.org/wiki/सत्यार्थ_प्रकाश,b7b2fdf4803175b50abbd68ae228b13d42c963dcdba0e0e421cdae9000805008
P1,hin_wikipedia_2021_300K,hin,L20,2990,http://hi.wikipedia.org/wiki/जूनागढ़,5cc03d27f3278cc277e766614caf7beed0fe10e11421e6a1405bc9fc6c9f7059
P1,hin_wikipedia_2021_300K,hin,L20,2991,http://hi.wikipedia.org/wiki/कोयला,c703dad289bd06564cafb92faa7f911eee3ae67955cbec464835e0e977368a97
P1,hin_wikipedia_2021_300K,hin,L20,2993,http://hi.wikipedia.org/wiki/बागेश्वर,872efdb538c0025c0b6f85c275a2feefc25c2acf3193c74dab4ba035c1f2329b
P1,hin_wikipedia_2021_300K,hin,L20,2994,http://hi.wikipedia.org/wiki/द_फैण्टम,171a2d11f6916ad9260c5259cf8331e5f42fa3ca07ca5326c6c269cdde4020a9
P1,hin_wikipedia_2021_300K,hin,L20,2995,http://hi.wikipedia.org/wiki/आँजणा,7b1a275eaead1775ac27472b89cc31ea6d6f55338676c7a26433209a8853d339
P1,hin_wikipedia_2021_300K,hin,L20,2996,http://hi.wikipedia.org/wiki/नासिक,f9394955c3abb86a90a757d8e34942dd3f7a0e5d7aff0b8d495526d6482edcef
P1,hin_wikipedia_2021_300K,hin,L20,2998,http://hi.wikipedia.org/wiki/भक्ति_आन्दोलन,d37e7913cfde10b1fe4589f9ac97d20f77f1e15e406aea817e271b1a57c930e8
P1,hin_wikipedia_2021_300K,hin,L20,2999,http://hi.wikipedia.org/wiki/हर‌ियाली_तीज,454b6224723665747ddb5c234b3f2d45364a90854a48ec86648fc7ff6e192ef5
P1,hin_wikipedia_2021_300K,hin,L20,3001,http://hi.wikipedia.org/wiki/भारतीय_किसान_विरोध_प्रदर्शन_(२०२०-२०२१),6e639ccff11040324ac402f372ea96a1dc60df937e4816dc4054246616e314ba
P1,hin_wikipedia_2021_300K,hin,L20,3003,http://hi.wikipedia.org/wiki/मोतिहारी,c444940f86a816126f1f38b4291ac780d762e8e0427c78ba7bc5bb09567e1769
P1,hin_wikipedia_2021_300K,hin,L20,3004,http://hi.wikipedia.org/wiki/बाल,1269d0ab07675cf9ed1c557920d7a204ed0e708106dc895873dc9c4ad7283b75
P1,hin_wikipedia_2021_300K,hin,L20,3005,http://hi.wikipedia.org/wiki/गौड़_राजपूत,e7c26a4e2e757a038f9d8ec22278b21110aa0ee6b1ddcd605a46534e43fd0837
P1,hin_wikipedia_2021_300K,hin,L20,3008,http://hi.wikipedia.org/wiki/रीति_संप्रदाय,9aa30bb663923a8d0d0a3420c0ce4841e79b000262b7a11d01aeb4e31ff51090
P1,hin_wikipedia_2021_300K,hin,L20,3009,http://hi.wikipedia.org/wiki/अटल_बिहारी_वाजपेयी,5d098005aa922e84c9c5b21d4c45027c2004972c68531645eb6925dedf8ef8ef
P1,hin_wikipedia_2021_300K,hin,L20,3010,http://hi.wikipedia.org/wiki/गायत्री_मन्त्र,4043c29745e06fb04e9d5e478f5331bcb655707b11b42a84dd80df0c19e535aa
P1,hin_wikipedia_2021_300K,hin,L20,3011,http://hi.wikipedia.org/wiki/जिम_कॉर्बेट_राष्ट्रीय_उद्यान,739dc5e0ad3fef368c01b5ac8e559e3fbe6bcf3d73c65020c853b1ae47f8d1cf
P1,hin_wikipedia_2021_300K,hin,L20,3013,http://hi.wikipedia.org/wiki/अकेलापन,96922ad21cc591404f5b354017a602e0e835d1548cf4a71d97429f029201ee8d
P1,hin_wikipedia_2021_300K,hin,L20,3015,http://hi.wikipedia.org/wiki/दण्डी,241f3a8825ff56b1a06b3038cd4759e5c688bdf4293f67af1fb90cedd53b283a
P1,hin_wikipedia_2021_300K,hin,L20,3017,http://hi.wikipedia.org/wiki/भगवान_बुद्ध_और_उनका_धम्म,ac768c80a244ed90f94dc40fbefeda5286870b837b041e3d5e5d75fdbbdaeee6
P1,hin_wikipedia_2021_300K,hin,L20,3019,http://hi.wikipedia.org/wiki/गेम_ऑफ़_थ्रोन्स,6fec87652c7412f2eeae0e521c039b926171fa93e55d88d4d5376ff0a38f8582
P1,hin_wikipedia_2021_300K,hin,L20,3020,http://hi.wikipedia.org/wiki/यदु,7e27fc2c85e82ec2ca3645260bf9b365a5038e03db9de7faee9a6a0fb92de744
P1,hin_wikipedia_2021_300K,hin,L20,3021,http://hi.wikipedia.org/wiki/फ़र्रूख़ाबाद,f2afe312dc85e33141ee8951455dc8d00ba561c0076d5069bef0ad7bb1340700
P1,hin_wikipedia_2021_300K,hin,L20,3022,http://hi.wikipedia.org/wiki/बाबा_किनाराम,5b8c3bf222b65e249ca6d69cd993ff96a1e3172f42cc61649bdb5f8d9ea3d9dd
P1,hin_wikipedia_2021_300K,hin,L20,3025,http://hi.wikipedia.org/wiki/सुरेश_कान्त,c0756e53c75d59210a8c6cea4d352be7b93d6633e3f9e6b047da79c31e5f67a6
P1,hin_wikipedia_2021_300K,hin,L20,3026,http://hi.wikipedia.org/wiki/बेन-हर_(1959_की_फ़िल्म),6129d2171209767c12be4e3105eee6004762a463e2f7ce8352b058fb56c51c9e
P1,hin_wikipedia_2021_300K,hin,L20,3027,http://hi.wikipedia.org/wiki/पवन_ऊर्जा,9f89ec1f20028f3db924d70db4719705e06c4797627932e2df8040be0e183d39
P1,hin_wikipedia_2021_300K,hin,L20,3030,http://hi.wikipedia.org/wiki/विद्याकर_कवि,470142c9276604df08f16cccde352a6392caafaef0017f6cf4a3f032eb13a2b0
P1,hin_wikipedia_2021_300K,hin,L20,3031,http://hi.wikipedia.org/wiki/हिंदी_की_विभिन्न_बोलियाँ_और_उनका_साहित्य,ea48366eb2b2f4eaa66c928799fe1ff51438ba8d9cd5e72faa51b5c49576ff22
P1,hin_wikipedia_2021_300K,hin,L20,3032,http://hi.wikipedia.org/wiki/अफ़्रीका_का_भूगोल,67ce4dba33631567973d99c4f14b84ef87536d55c683950a4ccc63b725c4a439
P1,hin_wikipedia_2021_300K,hin,L20,3033,http://hi.wikipedia.org/wiki/उदयपुर,c37485020586e2682913bf4099428f239710fc2654f9bc9c21f6729a452d12c1
P1,hin_wikipedia_2021_300K,hin,L20,3034,http://hi.wikipedia.org/wiki/मधुबाला,9907f14e1aa02696e5bbfc47ac6c01eb2a14fa74916711625ee09228b1a92bfe
P1,hin_wikipedia_2021_300K,hin,L20,3035,http://hi.wikipedia.org/wiki/रुद्रप्रयाग,b3391a1e3057659f2876f7da774e7326a82cf5731e4f2a0d12fc63ead9105501
P1,hin_wikipedia_2021_300K,hin,L20,3036,http://hi.wikipedia.org/wiki/स्वास्थ्य_का_अधिकार,3fb3f577862052f97ee3aa7407266b1a9b3937aedc2320588134a68c85d6ebfa
P1,hin_wikipedia_2021_300K,hin,L20,3039,http://hi.wikipedia.org/wiki/पहला_विश्व_युद्ध,1198244353c77d3ec69c3763b56a16daa436b9a1661fbd80136653f632a6cbce
P1,hin_wikipedia_2021_300K,hin,L20,3040,http://hi.wikipedia.org/wiki/लाल_क़िला,ac1eee96eac5ff377f129892573b13b1e77cca3847e4e02685e869797caa21f8
P1,hin_wikipedia_2021_300K,hin,L20,3041,http://hi.wikipedia.org/wiki/सिंदरी,a37af59356597be2971f0a4665d7ee82fb5b7b540de814896f3e0987b56716cc
P1,hin_wikipedia_2021_300K,hin,L20,3042,http://hi.wikipedia.org/wiki/पपीता,ba88eb14a90607052f2be4878397650189c7d056668796ecf4bc140b5ee75f62
P1,hin_wikipedia_2021_300K,hin,L20,3043,http://hi.wikipedia.org/wiki/ह्यू_जैकमैन,1bd35428ff5fefcbce30dbd469d5be1a7caedfbf6f7cbc1b08942260f0a2551c
P1,hin_wikipedia_2021_300K,hin,L20,3046,http://hi.wikipedia.org/wiki/टीपू_सुल्तान,b69f0dccb705461a49fae29b42ce37b3e599ff8ce702cab3fbf80790efd6e4a9
P1,hin_wikipedia_2021_300K,hin,L20,3047,http://hi.wikipedia.org/wiki/महाराज_गुलाब_सिंह,e90575d48254cc2e88e9aa40d49c7c1a0f89b7782a1fdcbbb54867fdd0feb26a
P1,hin_wikipedia_2021_300K,hin,L20,3048,http://hi.wikipedia.org/wiki/राणा_सांगा,d430a478a98bab0b3111ab92667f89fa3a7a6f8924c8a9685ba9fa0a7b3d0c94
P1,hin_wikipedia_2021_300K,hin,L20,3049,http://hi.wikipedia.org/wiki/वेनेज़ुएला,f6299a21dbf4337dada7c4b5d924523fd2125a480b196b92171a9eff3157c51f
P1,hin_wikipedia_2021_300K,hin,L20,3050,http://hi.wikipedia.org/wiki/मोहन_जोदड़ो,6f3297501bc8963b6840a3059542478c655ba30f3dac8ccbe7dc156a999f1cac
P1,hin_wikipedia_2021_300K,hin,L20,3051,http://hi.wikipedia.org/wiki/शुकनासोपदेश,3c897bd2136da7235b4240783c146e3453acedcad8de7343a3bb1317d395f82e
P1,hin_wikipedia_2021_300K,hin,L20,3053,http://hi.wikipedia.org/wiki/नाटो,284ad266a5c0a83cf3f66413f75df5815ba5012a10b25ca0446bda24a6b1dada
P1,hin_wikipedia_2021_300K,hin,L20,3054,http://hi.wikipedia.org/wiki/अगस्त्य,34c12ebe3135b610c03465d762020ffc2a5fcd260a92681c3212ac6f8a54e718
P1,hin_wikipedia_2021_300K,hin,L20,3056,http://hi.wikipedia.org/wiki/शिव,0d54b0962a1715dab3753b18eb75ac98bc75432f85509b600921387c02eeea13
P1,hin_wikipedia_2021_300K,hin,L20,3057,http://hi.wikipedia.org/wiki/संस्कृत_भाषा,0c350507213beafdf6362ba06e09da064c464272d7b6ab8079c181b5479c27a6
P1,hin_wikipedia_2021_300K,hin,L20,3058,http://hi.wikipedia.org/wiki/अल्बर्ट_आइंस्टीन,f88679544386b96fc0a9d9c87fbef480d1100378a5a6d509c8763199877f695c
P1,hin_wikipedia_2021_300K,hin,L20,3059,http://hi.wikipedia.org/wiki/पृथ्वी_का_वायुमण्डल,d21617d20fe412cc6c19091a1129eff535d598e5977fa9dfa0b859d7b7558c40
P1,hin_wikipedia_2021_300K,hin,L20,3060,http://hi.wikipedia.org/wiki/काकोरी_काण्ड,387c916617392635499858e2110d0d9e37735c59ca0fe19c57a04a26d53ee130
P1,hin_wikipedia_2021_300K,hin,L20,3061,http://hi.wikipedia.org/wiki/दिवेर-छापली_का_युद्ध,917de53d81e892fe49a04d3649c854db40053c188a211b16804640a3b75ef40f
P1,hin_wikipedia_2021_300K,hin,L20,3063,http://hi.wikipedia.org/wiki/भीनमाल,69709fa3d1e63730d1f1665e0e7ca78d55cb81205f843932a5f3d0006870407e
P1,hin_wikipedia_2021_300K,hin,L20,3064,http://hi.wikipedia.org/wiki/मधुमक्खी,34ffb110a8744276030a60d6fe698bc650cf42cf4514575285cb570b8bf5b5bb
P1,hin_wikipedia_2021_300K,hin,L20,3065,http://hi.wikipedia.org/wiki/महाजनपद,d71905bd43e9265ed7ded0b6010320709015fcfbe5a6082d189269a2c466bcd1
P1,mar_wikipedia_2021_30K,mar,L20,1,http://mr.wikipedia.org/wiki/बाबासाहेब_आंबेडकर,966c13156dbcafffcb05cdcdf4948b6a564122c684023c358b7d51d71996219a
P1,mar_wikipedia_2021_30K,mar,L20,2,http://mr.wikipedia.org/wiki/बायबल,ebc86030353bfd8c00f03867f870307eab194ed9c2645ad3fe7489d397892c6e
P1,mar_wikipedia_2021_30K,mar,L20,3,http://mr.wikipedia.org/wiki/मराठी_भाषेतील_पारायण_ग्रंथ,cb7f7af52d5d8ffc34bdbecf33a4881fc00011ccc4af40f91808db32385a1ff9
P1,mar_wikipedia_2021_30K,mar,L20,4,http://mr.wikipedia.org/wiki/गोपीनाथ_मुंडे,5dabaa36838a75f7732ba968c47e32b0129feab9ad270397a04b2b0c47f8a8cf
P1,mar_wikipedia_2021_30K,mar,L20,5,http://mr.wikipedia.org/wiki/राहुल_द्रविड,a12bd3841b12db8376cf999aafeb51b570952f6ebf766d6c599fbb4715b6de6f
P1,mar_wikipedia_2021_30K,mar,L20,6,http://mr.wikipedia.org/wiki/पुणे,7ef3fc816591887ceb4806425fe9c86b7cc8fda5eae34e80eac4bbd4c5c3f755
P1,mar_wikipedia_2021_30K,mar,L20,7,http://mr.wikipedia.org/wiki/खडीकोळवण,2fbdd7449c7dc1414334ba5fa44100ecd14304a492a15de0b1174df4517ac211
P1,mar_wikipedia_2021_30K,mar,L20,8,http://mr.wikipedia.org/wiki/दुसरे_महायुद्ध,841f2c7a2f52228428455728043c0c79bb26c3370551b36c09e45e4ddeada43b
P1,mar_wikipedia_2021_30K,mar,L20,9,http://mr.wikipedia.org/wiki/कॉरल_समुद्राची_लढाई,fefa15ca9c9ae5074279d5f6d7405787180affa9496e2ab52d10092f6c0567a8
P1,mar_wikipedia_2021_30K,mar,L20,10,http://mr.wikipedia.org/wiki/संताजी_जगनाडे,b1fceb24d31cd76db06b63e3babc89c30eed0081497d8f72d1c43fe044f30df6
P1,mar_wikipedia_2021_30K,mar,L20,11,http://mr.wikipedia.org/wiki/तिसरे_इंग्रज-मराठा_युद्ध,275b9847efd9296b7f978f0855e1dfd402b16ccb012926e7ece39efe400b09f2
P1,mar_wikipedia_2021_30K,mar,L20,12,http://mr.wikipedia.org/wiki/क्रिकेट,65963befe6db0fd0c59b8146eb011e56ba267223e029c961dd7e35b68f5cba9b
P1,mar_wikipedia_2021_30K,mar,L20,13,http://mr.wikipedia.org/wiki/नाशिक,617ce17ec6ef1a564897527f16cd153bd8ce1cc1177787e0dff75884fdfe2ca8
P1,mar_wikipedia_2021_30K,mar,L20,14,http://mr.wikipedia.org/wiki/भारताचा_इतिहास,ced6b5d17eea94b104de2ac62257562c443c1e044cf3c437483c9136d02c740b
P1,mar_wikipedia_2021_30K,mar,L20,15,http://mr.wikipedia.org/wiki/समर्थ_रामदास_स्वामी,50dc220a6ad568baf67f872727cfb769afb1a4e0fa5750c101c35a0aae152822
P1,mar_wikipedia_2021_30K,mar,L20,16,http://mr.wikipedia.org/wiki/विराट_कोहली,42451233ba1f2bf1be99ea86f448d7b094b04a35d11ecf0c8d53cc64f2b26f53
P1,mar_wikipedia_2021_30K,mar,L20,17,http://mr.wikipedia.org/wiki/पुरंदर_तालुका,05362cf9ed9861c6afe33ab70ef81b82831572d14710b376b21bc86473de67c5
P1,mar_wikipedia_2021_30K,mar,L20,18,http://mr.wikipedia.org/wiki/महात्मा_गांधी,08a5f11f875b8c0e8bf4819d11ef1c23e93dd0a3ca64655f77e552562a25dde1
P1,mar_wikipedia_2021_30K,mar,L20,19,http://mr.wikipedia.org/wiki/संदीप_काळे,0680a25b1136e0211db7a8e8724bce5fa5d709273b617b27dfc9164cb60d99a1
P1,mar_wikipedia_2021_30K,mar,L20,20,http://mr.wikipedia.org/wiki/छत्रपती_शिवाजीराजे_भोसले_यांचा_पवाडा,84d9444ef90b3c1632f1fc15dd5b125350e3be46f36442fb089f726e6ad15320
P1,mar_wikipedia_2021_30K,mar,L20,21,http://mr.wikipedia.org/wiki/कोल्हापूर,8f2b28cb3346b0cf3483d36d08b347cfeefe9766e22cddbce85a4be7653e016a
P1,mar_wikipedia_2021_30K,mar,L20,22,http://mr.wikipedia.org/wiki/भारत,ffcf46c24d2f01aecdd49b217111e7834e296936262a114cfc9fdafdc53a4818
P1,mar_wikipedia_2021_30K,mar,L20,23,http://mr.wikipedia.org/wiki/मधुमेह,f4509668fe92416a675285757aa565188d6de39a8e89ffcef9036e5315c738bd
P1,mar_wikipedia_2021_30K,mar,L20,24,http://mr.wikipedia.org/wiki/पाच_पुस्तकालयविज्ञान_सिद्धांत,e923a22a69eca9ac8017bc0adfef1faea78e8e98bef47cb3e6fd11d279e4989b
P1,mar_wikipedia_2021_30K,mar,L20,25,http://mr.wikipedia.org/wiki/वाघ,6cdb0f368f568bdef961eae7dbe57310adb7afb4c08d37b5ed0467f0d8d697c6
P1,mar_wikipedia_2021_30K,mar,L20,26,http://mr.wikipedia.org/wiki/बसवेश्वर,4beea0c113f6593178240b15ff953cca1fa5ac486d26268102d1808fe35f0c33
P1,mar_wikipedia_2021_30K,mar,L20,27,http://mr.wikipedia.org/wiki/राघोजी_भांगरे,571fb1048e5b845357e3254f5970e3b1c355e2d9a893e9f5461a9e6c018d7695
P1,mar_wikipedia_2021_30K,mar,L20,28,http://mr.wikipedia.org/wiki/भौगोलिक_माहिती_प्रणाली_(जीआयएस),d1a1c95037aa20d3facb01aee6c02c5cb274d2fd42a247b463e9337ebed4b232
P1,mar_wikipedia_2021_30K,mar,L20,29,http://mr.wikipedia.org/wiki/नांदेड_जिल्ह्यातील_आदिवासी_समाज,5ccbf17c9178edba7a9b1665bc148e051d6f6a2b16bf6b2f2ed04c639f5ec4a5
P1,mar_wikipedia_2021_30K,mar,L20,30,http://mr.wikipedia.org/wiki/रक्त,dd173565cdee4c8b9e5f6d7a6e4d896994fcd4a82cbb393cef940283425f54fd
P1,mar_wikipedia_2021_30K,mar,L20,31,http://mr.wikipedia.org/wiki/भगवानबाबा,0df0cc1528df4e820ef765ef928e78a6456febe1f37147ed79d7ffb71697c056
P1,mar_wikipedia_2021_30K,mar,L20,32,http://mr.wikipedia.org/wiki/राजगड,4fd8ae338e0a2ffa82e52b06db4d8871a321ef284d174c37f88d6aa6348d1d09
P1,mar_wikipedia_2021_30K,mar,L20,33,http://mr.wikipedia.org/wiki/बारामती,81af520f5d2a459987fafa66d301d8e0006de02ac9bc7eec0e19f7ca5180357a
P1,mar_wikipedia_2021_30K,mar,L20,34,http://mr.wikipedia.org/wiki/साहित्यातील_अस्पृश्यता,8ec1b978be51f1fd847acd37e7d968be79e32bead92b59514b2d8f3dcc8471ed
P1,mar_wikipedia_2021_30K,mar,L20,35,http://mr.wikipedia.org/wiki/चंदगडी_बोलीभाषा,630beffd92269e996e6f27d78bba6a3a8c2784b998467d8e5567ff2671a9b0f6
P1,mar_wikipedia_2021_30K,mar,L20,36,http://mr.wikipedia.org/wiki/भारताची_अर्थव्यवस्था,38ee28fe8f3b3a4e2582a835365def4c5f9b71f9cfb9febca8f64ba52aed0688
P1,mar_wikipedia_2021_30K,mar,L20,37,http://mr.wikipedia.org/wiki/पौगंडावस्था,6df6b323f5260841691d5003cd0d8277c0eabd288083de363ecaf1b6bf599542
P1,mar_wikipedia_2021_30K,mar,L20,38,http://mr.wikipedia.org/wiki/ग्रंथालय,e945f0c2cbea20065fd8c3ed5221cbbf5aed8d105bdd3dd24a477ddcba267b05
P1,mar_wikipedia_2021_30K,mar,L20,39,http://mr.wikipedia.org/wiki/बाळाजी_विश्वनाथ,55823cb6e1beb83cfce2661af084c7c929e22544e45cec297f1f493f7c92fd2a
P1,mar_wikipedia_2021_30K,mar,L20,40,http://mr.wikipedia.org/wiki/दूध,3fcea76558d55dbe983ae57d6a92fdb795ceebb47e2e64dbe14fef1464b1519d
P1,mar_wikipedia_2021_30K,mar,L20,42,http://mr.wikipedia.org/wiki/शाबरी_विद्या_व_नवनांथ,40e612de63413a793aaf3803a5812c6761c9ff7b5ad248aef21c2c9ca7c926a5
P1,mar_wikipedia_2021_30K,mar,L20,43,http://mr.wikipedia.org/wiki/स्पेन,3903994d6ee35b84fdffed28b4b609244c9fe3095259e0fc9a930d3cea6b4491
P1,mar_wikipedia_2021_30K,mar,L20,44,http://mr.wikipedia.org/wiki/महाराष्ट्र_राज्य_सांस्कृतिक_धोरण,94f805251ffd86e7f485106ff0662879a62e1c84ab22f5b93ec6fe306870dd9a
P1,mar_wikipedia_2021_30K,mar,L20,45,http://mr.wikipedia.org/wiki/लोकमान्य_टिळक,24164c695ff2f2e6bd2bfbf3d2ae19ec29c599ca75dd28b71b18e18d0c13db83
P1,mar_wikipedia_2021_30K,mar,L20,46,http://mr.wikipedia.org/wiki/सामाजिक_समूह,eba3d83229eafda3a5ff1a0dc63bad3ec652c29ec0a6486dd698f306c404ed23
P1,mar_wikipedia_2021_30K,mar,L20,47,http://mr.wikipedia.org/wiki/जर्मनी,02354e5d449bf7a7278eb5ced29240e3eafc534263682e18c91da92ca8ca16ea
P1,mar_wikipedia_2021_30K,mar,L20,48,http://mr.wikipedia.org/wiki/पंढरपूर,75113b970a8dbe16e6356d6fe9f8b04ee32a293e5a55f1a9a16d89031eb6293a
P1,mar_wikipedia_2021_30K,mar,L20,49,http://mr.wikipedia.org/wiki/पुरस्कार,ea897c4822e7af9ba3a4edfcc99235ba92b1f6c7eb2207b34dbab7bfafe13209
P1,mar_wikipedia_2021_30K,mar,L20,50,"http://mr.wikipedia.org/wiki/लोकपाल_विधेयक,_२०११",f5b1c9ce58c2c77069219cc0a482e7dfc67b09e423118c5f94f08af3283b7803
P1,mar_wikipedia_2021_30K,mar,L20,51,http://mr.wikipedia.org/wiki/मराठी_भाषा,d9f5773e38bb897924e88ffb0b894f680704b0ecd8bcb317379924ea806a905d
P1,mar_wikipedia_2021_30K,mar,L20,52,http://mr.wikipedia.org/wiki/चेतासंस्था,0806b1a3d9dd6446cfa2c52780ad3d3d04d00c9b10caad7c97271d59e1508d6d
P1,mar_wikipedia_2021_30K,mar,L20,53,http://mr.wikipedia.org/wiki/शतपत्रे,43ed78fa3a98d6ff91822d900d19c448ba2e221b000fe029debf0f236996cef8
P1,mar_wikipedia_2021_30K,mar,L20,54,http://mr.wikipedia.org/wiki/पानिपतची_तिसरी_लढाई,4b98efd61ae4b9677090e8b2c3fa739a1851717fe173ca31a60a2cfd2f774083
P1,mar_wikipedia_2021_30K,mar,L20,55,http://mr.wikipedia.org/wiki/पुस्तक,b5f4fdef5e033a70f307553d4510d3f1ec2a77b0c5a485c5ef352c6ec40c3835
P1,mar_wikipedia_2021_30K,mar,L20,56,http://mr.wikipedia.org/wiki/मानसशास्त्र,7248dcf350e28f45523ac6186ba9be4eb4e9d21654011fb9a097f1f44262d306
P1,mar_wikipedia_2021_30K,mar,L20,57,http://mr.wikipedia.org/wiki/नागपूर,db0357b06da3245395227feb167a4ccbc63703387d154fd4dfcb53bcd101bef6
P1,mar_wikipedia_2021_30K,mar,L20,58,http://mr.wikipedia.org/wiki/दिवाळी,98c594b58b9b99df1ac89daee26018c73eeb0d115454218000b922166360a9ed
P1,mar_wikipedia_2021_30K,mar,L20,59,http://mr.wikipedia.org/wiki/शिवाजी_महाराज,cce5d031b10b38dbcb1b30194da68d28c5acc7a46777f9728a306917ffe9d3cd
P1,mar_wikipedia_2021_30K,mar,L20,60,http://mr.wikipedia.org/wiki/वि.वा._शिरवाडकर,22adeccce5f3c40c410ddf0a38f42a5dbecad93804a752dcaab510ecbf81f5cb
P1,san_wikipedia_2021_30K,san,L20,1,http://sa.wikipedia.org/wiki/जैनतीर्थानि,10cf473d618ee47a7bda7fc030c6112dc44fb075e7d694ff20ebb2cf0e5fa8f9
P1,san_wikipedia_2021_30K,san,L20,2,http://sa.wikipedia.org/wiki/भारतेश्वरः_पृथ्वीराजः,98f1135e7899225ff4d0e04f9f8c9545bc328f4d7a3e6d78e2bf73ce9339745a
P1,san_wikipedia_2021_30K,san,L20,3,http://sa.wikipedia.org/wiki/रूपकसाहित्यम्,e9f58d08b12a0a5f236cd4614e3437f923b8468e5e7968006ccb7d4936c87393
P1,san_wikipedia_2021_30K,san,L20,4,http://sa.wikipedia.org/wiki/भाष्यनिबन्धकाराः,056808255092623ea5f0fb65c465f9bfa93b2e16e81c541ba1957195de1c3042
P1,san_wikipedia_2021_30K,san,L20,5,http://sa.wikipedia.org/wiki/राजा_राममोहन_राय,ef23d344d64d67d2c5f69e31ce449c245fecd0570bd2fc9b9f885a75d8bc8203
P1,san_wikipedia_2021_30K,san,L20,6,http://sa.wikipedia.org/wiki/अलङ्कारग्रन्थाः,75f43c20a0a5d5c0e481c259214e8612cc87bf6f9fa963ce02fa1da2cc0bc477
P1,san_wikipedia_2021_30K,san,L20,7,http://sa.wikipedia.org/wiki/राजगुरुः,ff43329956b68861c65f283841062c32400c9a4d22edbcaa9e6b6a330d60f52d
P1,san_wikipedia_2021_30K,san,L20,8,http://sa.wikipedia.org/wiki/महावीरः,d024c8318046e7f32f1ac26d1abcc98e5ca403a14dfb761a66f416e9ffa62815
P1,san_wikipedia_2021_30K,san,L20,9,http://sa.wikipedia.org/wiki/पाणिनिः,d8a8011e9e1805e79f8c9a6f5b80a5a1e6cc77b74c0a2155e8352b07450940a8
P1,san_wikipedia_2021_30K,san,L20,10,http://sa.wikipedia.org/wiki/मध्यप्रदेशराज्यम्,8c8a6a06dd388514e84af8e57a082e2dc47e711b29e070168eae9ca2222652e5
P1,san_wikipedia_2021_30K,san,L20,11,http://sa.wikipedia.org/wiki/दर्शनानि,aa387514980c8d88d3ea1fbf586ba095cc6e2ebc1a1c3de5a16d478161ee8e68
P1,san_wikipedia_2021_30K,san,L20,12,http://sa.wikipedia.org/wiki/महाराष्ट्रराज्यम्,aec1d85af11819015d12f6dd034e4409872c6b7278365cb098d4836197e4bfab
P1,san_wikipedia_2021_30K,san,L20,13,http://sa.wikipedia.org/wiki/रघुवंशम्,fa42b5df785e0793abe081367bc9b698dee5ed5c124bb7a93a98a6222d778058
P1,san_wikipedia_2021_30K,san,L20,14,http://sa.wikipedia.org/wiki/केरळराज्यम्,f4c5fa097a8e43240cd86bb02093e0c5af10efe68a292925a5cef92f246c850b
P1,san_wikipedia_2021_30K,san,L20,15,http://sa.wikipedia.org/wiki/स्मृतिकाराः,870a42aaa46f092bf89fa3a20a450ca70323dc1092df015278203d47394e3727
P1,san_wikipedia_2021_30K,san,L20,16,http://sa.wikipedia.org/wiki/अलङ्काराणां_क्रमिकविकासः,0fda4d76de0a54b25cb0ad227a0ce47eeaff557351478a876600162a98e5c244
P1,san_wikipedia_2021_30K,san,L20,17,http://sa.wikipedia.org/wiki/काव्यालङ्कारयोः_क्रमिकविकासः,64b324f6898f13d1e23de9ac31223dc13a625a5ef08ac48ea3d320797023ca9a
P1,san_wikipedia_2021_30K,san,L20,18,http://sa.wikipedia.org/wiki/ज्योतिषस्य_सिद्धान्तस्कन्धः,c02eae689ecbe264c3badc210fbf973a82286fa177589e052434235ed2a7c4c4
P1,san_wikipedia_2021_30K,san,L20,19,http://sa.wikipedia.org/wiki/कर्णाटकराज्यम्,6975bee317c986d649e58f12e167c1f1d19b987033c57b292a42d9aeb8919ac1
P1,san_wikipedia_2021_30K,san,L20,20,http://sa.wikipedia.org/wiki/ज्योतिषशास्त्रस्य_इतिहासः,e8820fb92787f36a2858c355ab15877f94ac0d6c513d1a26ab9f6705e0c5948a
P1,san_wikipedia_2021_30K,san,L20,21,http://sa.wikipedia.org/wiki/महात्मा_गान्धी,97ec53e210743e9f6aef89aa0ade21cd738032c8be60970d96ad981dc442ad0d
P1,san_wikipedia_2021_30K,san,L20,22,http://sa.wikipedia.org/wiki/ओडिशाराज्यम्,5e5ed02cd92c8904768893f5158d8baa55c58d857a194e9273e2747d2b5c348c
P1,san_wikipedia_2021_30K,san,L20,23,http://sa.wikipedia.org/wiki/विंशतिशतकस्य_नाटकानि,11ae2a14151d270a8ed4be26c629e7e07e25adc8772d52ea26102fab09c5b5ce
P1,san_wikipedia_2021_30K,san,L20,24,http://sa.wikipedia.org/wiki/पञ्जाबराज्यम्,3f2035de47d4924149b028aadc0d22b0f639a1fdd2783c3edd2833c40551efbc
P1,san_wikipedia_2021_30K,san,L20,25,http://sa.wikipedia.org/wiki/कालिदासः,bd4f0df14c4b61cea58ac2633f451d3f305edc19cd25268d1c1641a5777cbe0f
P1,san_wikipedia_2021_30K,san,L20,26,http://sa.wikipedia.org/wiki/पाणिनीतरव्याकरणसम्प्रदायाः,179263e214371ea9d6e11cbf5f0e7db4cc8901e5cb8a523ddb0b7e5aa8b39397
P1,san_wikipedia_2021_30K,san,L20,27,http://sa.wikipedia.org/wiki/नागालैण्डराज्यम्,6be51b090c3919a759bd89e87604dfc1ef1b2265cbeb45b8e8bb4fbfdf8dfbd3
P1,san_wikipedia_2021_30K,san,L20,28,http://sa.wikipedia.org/wiki/चौहानवंशः,8b7cf081661b6eb0c1ff9f3144481917480d1e400f6f7fafe355a33408754029
P1,san_wikipedia_2021_30K,san,L20,29,http://sa.wikipedia.org/wiki/स्वामी_रामदासः,ce3a0eb4dd6aa144ee02b5c05a8fab55f7506ccc33720c59556652b6e3477e51
P1,san_wikipedia_2021_30K,san,L20,30,http://sa.wikipedia.org/wiki/मीमांसादर्शनम्,d8ceaca1cab6e20582682efc0eb6062805b63fac8609fadcff6e68d2e76a22de
P1,san_wikipedia_2021_30K,san,L20,31,http://sa.wikipedia.org/wiki/खण्डकाव्यानि,4fe74c3c82bef33f58e97b0b0eb4bc035baeb36fe68e69df246bbfdc5296c66d
P1,san_wikipedia_2021_30K,san,L20,32,http://sa.wikipedia.org/wiki/प्राग्वैदिके_वैदिककाले_च_ज्योतिषस्वरूपम्,cdbf4b46585d046872845dbe5ca0a72f4518e7601575f403a361b663ca39fc85
P1,san_wikipedia_2021_30K,san,L20,33,http://sa.wikipedia.org/wiki/नेमिनाथः,2f79a4f29d0aa268e5cf566e38c65aa63df2fc75fb75a63de3ece38d4ba41385
P1,san_wikipedia_2021_30K,san,L20,34,http://sa.wikipedia.org/wiki/स्वामी_विवेकानन्दः,09b5429b27728324d39d7e7171fb12dc8e25d12a4db14fb72ad14243cb1ff362
P1,san_wikipedia_2021_30K,san,L20,35,http://sa.wikipedia.org/wiki/मध्यकालीननाटकानि,e7d9d8ffd37d2a0e4adc55fe73595d30e6575ee6f582472ff13ebd1d6bc98eea
P1,san_wikipedia_2021_30K,san,L20,36,http://sa.wikipedia.org/wiki/अथर्ववेदः,ec03ff9ee648220603a554c630beb10d9bb77d9c088280a0648d9f4ad9c8aabf
P1,san_wikipedia_2021_30K,san,L20,37,http://sa.wikipedia.org/wiki/हरियाणाराज्यम्,4428cf76d9c601ff74da6827b374b328616fd4e0262e5717be3ef93b844d7bc1
P1,san_wikipedia_2021_30K,san,L20,38,http://sa.wikipedia.org/wiki/सरदार_वल्लभभाई_पटेल,05c2e26d9f677ab1eddeb749787c35892a804387d002ae4bc452a19d9fa095f5
P1,san_wikipedia_2021_30K,san,L20,39,http://sa.wikipedia.org/wiki/आलङ्कारिकाः,301eb57d6221a5abd80faf8db36cbd3bf963cbbff0c1a2c5c2fa0f52c2a374bf
P1,san_wikipedia_2021_30K,san,L20,40,http://sa.wikipedia.org/wiki/मदनलाल_ढीङ्गरा,3910963e84bade65893b54b74f6543086ac044cb0112d898db2f0f87adc7ebdc
P1,san_wikipedia_2021_30K,san,L20,41,http://sa.wikipedia.org/wiki/असमराज्यम्,1dacbb448e4c7febf2f6cc6e86566d5e6b3a5452b3a966bad464749382857f2c
P1,san_wikipedia_2021_30K,san,L20,42,http://sa.wikipedia.org/wiki/नलचम्पूः,7464020cafb67670888157fe20a70009cc54a07cd0596d541cf30adf9e9aed66
P1,san_wikipedia_2021_30K,san,L20,43,http://sa.wikipedia.org/wiki/जलम्,20764dd363a09dae9e500b1a80644d11721d145c4f6c833f9b33eb70138db99a
P1,san_wikipedia_2021_30K,san,L20,44,http://sa.wikipedia.org/wiki/छत्रपति_शिवाजी,aad368a81adb0e4e5ba91b7184c94e37e8451481ce4eca7346ccd5ba6f029f19
P1,san_wikipedia_2021_30K,san,L20,45,http://sa.wikipedia.org/wiki/भगत_सिंह,4c3af0296f7bf4854c11f5782fae6af0655f14eb3c18fb35827321901e119334
P1,san_wikipedia_2021_30K,san,L20,46,http://sa.wikipedia.org/wiki/दशरूपकम्,9cb1d5d03364754202184f28ea08a75fb60e08a14616c00cb97ce25c7e93b956
P1,san_wikipedia_2021_30K,san,L20,47,http://sa.wikipedia.org/wiki/केळदि_चेन्नम्मा,fd820f43d7a6f4cdf0015ea46806f33c199f7727669193fafa411f4befe700d5
P1,san_wikipedia_2021_30K,san,L20,48,http://sa.wikipedia.org/wiki/अप्पय्यदीक्षितः,aed52258be9cff22f6b0a60c7172a264bf649e9169b1cc261fa6e67c1ca864fc
P1,san_wikipedia_2021_30K,san,L20,49,http://sa.wikipedia.org/wiki/जनसङ्ख्या,6d767aa7d4fb72f6518f30d7920036152175a7cfba07a6f80b85a3491f96241c
P1,san_wikipedia_2021_30K,san,L20,50,http://sa.wikipedia.org/wiki/संस्कृतकवयः,3fda53c0911f7329bf12e8360e1058932b155a8733a780377f2ff51470b46b28
P1,san_wikipedia_2021_30K,san,L20,51,http://sa.wikipedia.org/wiki/धर्मशास्त्रम्,e73b8d2f64638f8063997913229896ae508837070c02ed60ea178fadc172533e
P1,san_wikipedia_2021_30K,san,L20,52,http://sa.wikipedia.org/wiki/वेदः,d58679d99057ae72484d8a9312ca3770af4ade014a3d1396121799ed26bdd1ac
P1,san_wikipedia_2021_30K,san,L20,53,http://sa.wikipedia.org/wiki/पञ्चतन्त्रम्,c57cd39b8db5a219f0204c366b5a2428eaee38c99d4e308881ef5b0b510655e7
P1,san_wikipedia_2021_30K,san,L20,54,http://sa.wikipedia.org/wiki/मेघालयराज्यम्,00ded0c54bef75b8e7fa24b92cfd9724ee282bb1e995069ba16f829a8045b7b6
P1,san_wikipedia_2021_30K,san,L20,55,http://sa.wikipedia.org/wiki/रामायणम्,cf517f5a765ca33af291dd398edd726fc50b21ee24fea87dffd0b1278a40e3c7
P1,san_wikipedia_2021_30K,san,L20,56,http://sa.wikipedia.org/wiki/अष्टाध्यायी,2204edd9d7859c42b1e7fb1bafdc1696ce1a42ed2df7a3cde9c970b7a20b237b
P1,san_wikipedia_2021_30K,san,L20,57,http://sa.wikipedia.org/wiki/गोवाराज्यम्,14ece0f31afee051fe62bae0ed73914a3812f597a0cc969dc2c42b73800e6af3
P1,san_wikipedia_2021_30K,san,L20,58,http://sa.wikipedia.org/wiki/स्विट्झर्ल्याण्ड्,f00c9c4a095460e3aad46816e945bcf8a4c8c70b533ccd37acf2f5b8312faf88
P1,san_wikipedia_2021_30K,san,L20,59,http://sa.wikipedia.org/wiki/ब्राह्मणम्,70e84b116f50d4597679e61f81ed57b269a2b8c3d2113c3af3ffb494883b5be0
P1,san_wikipedia_2021_30K,san,L20,60,http://sa.wikipedia.org/wiki/मदनमोहन_मालवीय,446361b2ff96b0accde4e2cab67343fdc4141bb5ad7ec9ffff207606889834e5
P1,san_wikipedia_2021_30K,san,L20,61,http://sa.wikipedia.org/wiki/पाणिनेः_ग्रन्थपञ्चकम्,0a2844ff29968e83519d6a5babda47b7abf91035540659af77425780811a2b0b
P1,san_wikipedia_2021_30K,san,L20,62,http://sa.wikipedia.org/wiki/वैशेषिकदर्शनम्,3b25e649bec4bf68f0d489931e495f4f5c8da7269798a331b54762ec3c7b66d2
P1,san_wikipedia_2021_30K,san,L20,63,http://sa.wikipedia.org/wiki/जातकशास्त्रम्,d431d434ca4d92e5b758d69df3c22d80c98ea9a699419ecc41f15961e1a7c22c
P1,san_wikipedia_2021_30K,san,L20,64,http://sa.wikipedia.org/wiki/अरुणाचलप्रदेशराज्यम्,948bd7777992573e01144d84cd0707f9b5757bdd04d101cc69a71dbfbd148b24
P1,san_wikipedia_2021_30K,san,L20,65,http://sa.wikipedia.org/wiki/ऋग्वेदः,edddd3daf527aed19380ad7a77082682278bb110e7d1e2d8f7b211991fc074c8
P1,san_wikipedia_2021_30K,san,L20,66,http://sa.wikipedia.org/wiki/न्यायदर्शनम्,9cce98a8b7fb01d9a273c81b73948f9cce4e0a4e51cdd66ec04e7a3e4e6c35fc
P1,san_wikipedia_2021_30K,san,L20,67,http://sa.wikipedia.org/wiki/मणिपुरराज्यम्,7d925f63b953a08f5b7ea3062cccd88491819311b5fdbc3980654c03ca62969f
P1,san_wikipedia_2021_30K,san,L20,68,http://sa.wikipedia.org/wiki/गुरु_गोविन्द_सिंह,afbcfb4f10334a2f7e531a5486b3b71789ee969061688ba6ad1b2d89b88ca102
P1,san_wikipedia_2021_30K,san,L20,69,http://sa.wikipedia.org/wiki/धर्मसूत्रकाराः,0d98900f2e522382ba6f0507c35090a3e78546b5725b18001e9ee65f26388611
P1,san_wikipedia_2021_30K,san,L20,70,http://sa.wikipedia.org/wiki/पार्श्वनाथः,da5cdabcbc2cb7fee80837e62b1c3ddf37c96929464a8bc9c5286204c0f8dd01
P1,san_wikipedia_2021_30K,san,L20,71,http://sa.wikipedia.org/wiki/आत्मारामः_(वैज्ञानिकः),55a9617e07c83e282227ea4198f9309005c06af54db9f74fda3a9d27e28d257f
P1,san_wikipedia_2021_30K,san,L20,72,http://sa.wikipedia.org/wiki/अलङ्कारशास्त्रस्य_इतिहासः,13fa2be05b07af5327601a8e567ec6ea3d12a29c70c41cd31ddbe56cde5764ab
P1,san_wikipedia_2021_30K,san,L20,73,http://sa.wikipedia.org/wiki/विजयनगरसाम्राज्यम्,3bbd102974d5f166c6af0d85c78672de451d4dcef55bfa394b9e3c533b992dd6
P1,san_wikipedia_2021_30K,san,L20,74,http://sa.wikipedia.org/wiki/गिजुभाई_बधेका,aeebd516369b51c8081f2c0dd17468de17e27bb303b54506cf28cb31bf0555a1
P1,san_wikipedia_2021_30K,san,L20,75,http://sa.wikipedia.org/wiki/बौद्धदर्शनस्य_मतानि,28fe90d8a0aa55e9b732046ad313ac62db0e3da62aaf64cd7227edb33390f055
P1,san_wikipedia_2021_30K,san,L20,77,http://sa.wikipedia.org/wiki/आहारः,e7085f7e58a25669fa2a88f97fae22a506c22a58e48d9cea28b6bee80c26ff55
P1,san_wikipedia_2021_30K,san,L20,78,http://sa.wikipedia.org/wiki/व_उ_चिदम्बरम्_पिळ्ळै,4517fa4b8bb7ebcec3748b03e64c002e31d5c803367eb299c457f86f185b0f7d
P1,san_wikipedia_2021_30K,san,L20,79,http://sa.wikipedia.org/wiki/निवेदिता,06933e87ffdd82125f12f6761e8519976c54f98873569f9f3ee2d80f9cce0166
P1,san_wikipedia_2021_30K,san,L20,80,http://sa.wikipedia.org/wiki/पतञ्जलिः,a4a68594c4d6bc9e94e7c0b3ee5890b5c5e3d597e716b31ce5db59d9e1242cdc
P1,san_wikipedia_2021_30K,san,L20,81,http://sa.wikipedia.org/wiki/विनायक_दामोदर_सावरकर,7bf1db510d59a0f8081b1e73a2424fb8915e32ff7f1802e717ca4a44ad256d71
P1,san_wikipedia_2021_30K,san,L20,82,http://sa.wikipedia.org/wiki/झांसी_लक्ष्मीबाई,e6652dfcfe7d5c3841112e7db0351ec2e091a7552df168b28fdb51e3f7a0e31c
P1,san_wikipedia_2021_30K,san,L20,83,http://sa.wikipedia.org/wiki/मृच्छकटिकम्,0593cb2f2b0b6e6016146e0aa3c3a98ca10568b67eb57bb725fe2a73568be6a3
P1,san_wikipedia_2021_30K,san,L20,84,http://sa.wikipedia.org/wiki/ज्योतिषस्य_संहितास्कन्धः,cbd459307b3d6b25af1602813dca4cc3d67b0d07d8a5931db54b0fc6b3fa9fb9
P1,san_wikipedia_2021_30K,san,L20,85,http://sa.wikipedia.org/wiki/वैदिकसाहित्यम्,cfdf4cc37f9d622b3a11a4232aa0b81d08d7b24c7a325fafc6817d682cb5ec52
P1,san_wikipedia_2021_30K,san,L20,86,http://sa.wikipedia.org/wiki/सामवेदः,cc93147497f09132adb940f76bd6d1904bc21a39b8d16437b9fb12e6f46abbb0
P1,san_wikipedia_2021_30K,san,L20,87,http://sa.wikipedia.org/wiki/उपनिषद्,05869d20e30e056865f2f7267022a6e886e2cd951601e9cac6abe249c7c79913
P1,san_wikipedia_2021_30K,san,L20,88,http://sa.wikipedia.org/wiki/तत्त्वज्ञानम्,91481a7f238ea0a518f9f8c6107a6bc144da975013e5a40435e289e18cff3b9f
P1,san_wikipedia_2021_30K,san,L20,89,http://sa.wikipedia.org/wiki/पृथ्वी,5bc72a05f72fa92d4e15e0a981763421ba1c72e7abefe1cc3e45e71604512898
P1,san_wikipedia_2021_30K,san,L20,90,http://sa.wikipedia.org/wiki/भारतीयसंस्कृतिः,606c6b3bed0e28d1d43e94f64bfaa2afe2ed21e4f316960c600b2090a0bda7b3
P1,san_wikipedia_2021_30K,san,L20,91,http://sa.wikipedia.org/wiki/हेमचन्द्राचार्यः,33000c0206bd80a19ebcda69cdf37e0ca259748e1d1fdef519689afb4ad9f105
P1,san_wikipedia_2021_30K,san,L20,92,http://sa.wikipedia.org/wiki/अद्वैतसिद्धिः,11aa492c7fbeae7cf8d907aa2edab2e27f6e0bba62e65e27e6ee89b16a4e359d
P1,san_wikipedia_2021_30K,san,L20,93,http://sa.wikipedia.org/wiki/रङ्ग_अवधूत_महाराज,8c02782f63b00be4b1c37500c982907ae3dc5627395cb3735c1b44b906ec7a7f
P1,san_wikipedia_2021_30K,san,L20,94,http://sa.wikipedia.org/wiki/वेदान्तः,ee7e54db14fff684eb3c47588644fc2a4df356e929492bc677ea955a0c037205
P1,san_wikipedia_2021_30K,san,L20,95,http://sa.wikipedia.org/wiki/वाल्मीकीयरामायणे_शिवः,6dd77934463a0be4496f83dbc40f51bca99e47044a96c37950808f1bcb25dd06
P1,san_wikipedia_2021_30K,san,L20,96,http://sa.wikipedia.org/wiki/विदुरः,756534326d4cb923f6b2780b6352897ca8a1bd73ea7ff98e83c5ef636a85a5c3
P1,san_wikipedia_2021_30K,san,L20,97,http://sa.wikipedia.org/wiki/भारतीयर्शनेषु_ख्यातिस्वरूपम्,18ce2d2c390fc7890a62ebdff104b93f3a075b05dfe12f4fb3d3925cede7f4fa
P1,san_wikipedia_2021_30K,san,L20,98,http://sa.wikipedia.org/wiki/अष्टाध्याय्याः_वार्तिककाराः,01270bac80d87d65538aa89fa57ec5c54d659896ba2eaca4ad1c00cabfb1cd97
P1,san_wikipedia_2021_30K,san,L20,99,http://sa.wikipedia.org/wiki/गुजरातराज्यम्,fa52c6e726e860f75d38e10a1d490ac005d32ae3c94889576235009831641ef4
P1,san_wikipedia_2021_30K,san,L20,100,http://sa.wikipedia.org/wiki/भारतस्य_इतिहासः,27b369333fdb20810f8c3c3c471ffae0b98b024588b0581c700bb0cfc83e1769
P1,san_wikipedia_2021_30K,san,L20,101,http://sa.wikipedia.org/wiki/कैटरीना_कैफ,532f367649926a25784c26115ccaf0d23ed2c6a12367907e446a670ad5235557
P1,san_wikipedia_2021_30K,san,L20,102,http://sa.wikipedia.org/wiki/धर्मनाथः,8511e695afcacaad6854a66cb3a28f6db5fc356252618eba75404eb0b874f0b2
P1,san_wikipedia_2021_30K,san,L20,103,http://sa.wikipedia.org/wiki/तेलङ्गाणाराज्यम्,849714d9358788afca2df4b9e4b375120db539083d2dba3935470e0cd488a0a5
P1,san_wikipedia_2021_30K,san,L20,104,http://sa.wikipedia.org/wiki/वायुः,75502f2be308bcd9fd42ff266f63c0af9c211cf26edcb953517c17dfb24bde25
P1,san_wikipedia_2021_30K,san,L20,105,http://sa.wikipedia.org/wiki/इन्दुलाल_याज्ञिक,f864d60e9bdfebb4410097f0da777b45f1897c130486bea4444e417f883176c5
P1,san_wikipedia_2021_30K,san,L20,106,http://sa.wikipedia.org/wiki/चालुक्यवंशः,8ba9db5a8b5973df80fc63580ce8db2e4c38febf3fc2b7848fe5213975c59cf6
P1,san_wikipedia_2021_30K,san,L20,107,http://sa.wikipedia.org/wiki/परिवहनम्,2099e4e31fc42725236eb4ed89b70a4018e91410061d176e3de752c7cff72560
P1,san_wikipedia_2021_30K,san,L20,108,http://sa.wikipedia.org/wiki/भारतीयदार्शनिकाः,9fc4be07fec72deb7871df970134d0d9bcee8fc30568f7ab9e40fee81f7b630a
P1,san_wikipedia_2021_30K,san,L20,109,http://sa.wikipedia.org/wiki/ज्यायसी_चेत्कर्मणस्ते...,decd5f075d13ad564dc77ca3d4d3a3e8d674eec9a560ef76259130afec443917
P1,san_wikipedia_2021_30K,san,L20,110,http://sa.wikipedia.org/wiki/भाषा,4bdf5bbbdf7be7e6b7dc3fba790f021f11a6a41d646283ae55ce2caace3c4d3c
P1,san_wikipedia_2021_30K,san,L20,111,http://sa.wikipedia.org/wiki/क्रिकेट्-क्रीडा,a5d53dfe996527c3c993b73a77ef3df44ae81e2cda69523f093c2f6ed020ad4a
P1,san_wikipedia_2021_30K,san,L20,112,http://sa.wikipedia.org/wiki/अन्ताराष्ट्रियः_व्यापारः,5b147bbea36b7c6f7413136e7da43b398a221ef13b4045b4e43e7220bc9676f9
P1,san_wikipedia_2021_30K,san,L20,113,http://sa.wikipedia.org/wiki/भारतीयदर्शनशास्त्रम्,094e62dad6a54a9bee6442e1e0e024e119af449d060fc830786b74e89433a4b9
P1,san_wikipedia_2021_30K,san,L20,114,http://sa.wikipedia.org/wiki/सिद्धराज_जयसिंह,7429f83030ef0519bd277ae7049772bc9670ee72140b8a17d2245d6c56ee0999
P1,san_wikipedia_2021_30K,san,L20,115,http://sa.wikipedia.org/wiki/मिजोरामराज्यम्,00f9eb37a073e0447a1ac3378d4d8031de0e6f2aa6aa60b944c7f35594a6883c
P1,san_wikipedia_2021_30K,san,L20,116,http://sa.wikipedia.org/wiki/जैनदर्शनम्,ff2510d221dcf9e51a0f23cd8f4edabe31cfddec1834cbcbf3e94e493afcf9d0
P1,san_wikipedia_2021_30K,san,L20,117,http://sa.wikipedia.org/wiki/बाणभट्टः,1483fbd3d573618f5760940bd0fc2567183f025707a6e5adbec9b51bcd2766e5
P1,san_wikipedia_2021_30K,san,L20,118,http://sa.wikipedia.org/wiki/ब्राह्मणः,377cb07116c35479118fe80984c2eb092228aa892fedd3089d151b122eb0c97f
P1,san_wikipedia_2021_30K,san,L20,119,http://sa.wikipedia.org/wiki/बेङ्गळूरु,f54f189fff8a093ccb85d4a28be5e49013f6ebc26072a89362d18cfa2b207f8c
P1,san_wikipedia_2021_30K,san,L20,120,http://sa.wikipedia.org/wiki/उत्तरप्रदेशराज्यम्,6df80b378d195402be0c2544730c9ba7acc69484948bba152b0ae9162967ca92
P1,san_wikipedia_2021_30K,san,L20,121,http://sa.wikipedia.org/wiki/ऋषभदेवः,1069166a24cd162bfe0d0b8f683d541862f966b92502a2f979e9507b70a6ada9
P1,san_wikipedia_2021_30K,san,L20,122,http://sa.wikipedia.org/wiki/पश्चिमवङ्गराज्यम्,c3b4581c649d26c1ada15a8c1e94d160cd03dc44b996d9cde14ee733ce2f8bf2
P1,san_wikipedia_2021_30K,san,L20,123,http://sa.wikipedia.org/wiki/होमी_जहाँगीर_भाभा,c9cae0b9470d8eb7cb2f89d5fbb5b6bf4676ce418b34254daf170f7d5116ab79
P1,san_wikipedia_2021_30K,san,L20,124,http://sa.wikipedia.org/wiki/जे_आर्_डि_टाटा,595cf5d94d280def65fcd218e5cab7d017b6938694313443757b62a5b2d890c3
P1,san_wikipedia_2021_30K,san,L20,125,http://sa.wikipedia.org/wiki/भाईकाका,bf5fe57aa3c2bfecc47c24d23845b770b65a4f71cab4846d50c73c3d075832c0
P1,san_wikipedia_2021_30K,san,L20,126,http://sa.wikipedia.org/wiki/छन्दः,50897aac751a85cbd1531d5f176276b09154a31f77b8fd02da07e5682d493e65
P1,san_wikipedia_2021_30K,san,L20,127,http://sa.wikipedia.org/wiki/पालिभाषा,cfc5c74c4c78fce2b7adcad7f19d72bf66628950ce9cbd598a42a9beddf06b11
P1,san_wikipedia_2021_30K,san,L20,128,http://sa.wikipedia.org/wiki/अभिज्ञानशाकुन्तलम्,1c99413e725f4e722e346924578c94e238fe8deacf8b4cd4bb6b812fc04be116
P1,san_wikipedia_2021_30K,san,L20,129,http://sa.wikipedia.org/wiki/साङ्ख्यदर्शनम्,3974f009eeeefbd2ca71c3d3d12d3d32345f2dbe81e56d5ede93842bba0a45a3
P1,san_wikipedia_2021_30K,san,L20,130,http://sa.wikipedia.org/wiki/संस्कृतम्,1c9e3a86c314b0058dfa0abfffc7a3c88cbf5e6f39742e4f2f1da2375d6461df
P1,san_wikipedia_2021_30K,san,L20,131,http://sa.wikipedia.org/wiki/विशिष्टाद्वैतवेदान्तः,392742926a336fd6563b6e0437d82154e08ace79654015429ba70e50e16e7168
P1,san_wikipedia_2021_30K,san,L20,132,http://sa.wikipedia.org/wiki/सुभद्रा_कुमारी_चौहान,518ca187b216986c5b6c00c90999e4552fdfb7b398f407da32258c767d3a745f
P1,san_wikipedia_2021_30K,san,L20,133,http://sa.wikipedia.org/wiki/कारगिलयुद्धम्,d014c4270fe9f81eda05b96f1f84e6d6143a269d762f1eb4dd68a803ee503871
P1,san_wikipedia_2021_30K,san,L20,134,http://sa.wikipedia.org/wiki/हेलेन्_केलर्,359163b7f9b40045bdf6ed1684708651de2430ebbcbc338a540646bd05a088bc
P1,san_wikipedia_2021_30K,san,L20,135,http://sa.wikipedia.org/wiki/पूज्य_मोटा,7dc61fe6ee2f685a25f9a400212f285dbb8fe9e99c5aea3e1517d55f24c74add
P1,san_wikipedia_2021_30K,san,L20,136,http://sa.wikipedia.org/wiki/भारतस्य_राष्ट्रध्वजः,f5ecc87d407015dca49202e6babdfe18c11fb20edce70f33829d40c6e9dcdfa5
P1,san_wikipedia_2021_30K,san,L20,137,http://sa.wikipedia.org/wiki/तमिळनाडुराज्यम्,425907f336b58cdec893e637d7236add51cb1b4c229e952b1fcd103d22b7a9b8
P1,san_wikipedia_2021_30K,san,L20,138,http://sa.wikipedia.org/wiki/शाकम्भरीमन्दिरम्,116d0301a3b1bce51b4d150a1ff1d46a6c69977fd2e386f2ec44a1358046e7eb
P1,san_wikipedia_2021_30K,san,L20,139,http://sa.wikipedia.org/wiki/जयप्रकाश_नारायण,14312e0aec2402dc127b03915fb512182da84c52ebdbbf6f0f0ec1d12dad5ead
P1,san_wikipedia_2021_30K,san,L20,140,http://sa.wikipedia.org/wiki/द्रौपदी,86ef82ac06e0d55f74095379f207fc5c2ca220ad9d810c7f10bf97c19c9b6dd4
P1,san_wikipedia_2021_30K,san,L20,141,http://sa.wikipedia.org/wiki/वेदानां_व्याख्यापद्धतिः,606bd1aac4efd34e21725ab0e334cb96573e1bd490fecd4f33fe0f5e56300e40
P1,san_wikipedia_2021_30K,san,L20,142,http://sa.wikipedia.org/wiki/वर्णाश्रमव्यवस्था,8e6035f44830bf711768a2249ee3647cc85039a2f5213581da6ed8db1c74e4f1
P1,san_wikipedia_2021_30K,san,L20,143,http://sa.wikipedia.org/wiki/उर्वशी,8974717304ee53ff29df581a9e52ba6c26b844b621c555491caa9f43f546a0d3
P1,san_wikipedia_2021_30K,san,L20,144,http://sa.wikipedia.org/wiki/ब्रह्मगुप्तः,c0f4f64d2d753a516507b2e91dee7c7b6c7b5951b68d2aeb1228c89ad0003146
P1,san_wikipedia_2021_30K,san,L20,145,http://sa.wikipedia.org/wiki/सायणः,127a202c08e3da8ae8f36871f184e92b852aa3af1bf7a37a8774344d7aadbf4f
P1,san_wikipedia_2021_30K,san,L20,146,http://sa.wikipedia.org/wiki/हिमालयः,a51bfc9df4c86e70231910c783aceb7d11091a19906d3c5ce3f4a696a7fcf79c
P1,san_wikipedia_2021_30K,san,L20,147,http://sa.wikipedia.org/wiki/सम्मेदशिखरम्,4dc10df956002adf55fdc7cce841fe3634431e1a51ad4bd5d155555c2917a728
P1,san_wikipedia_2021_30K,san,L20,148,http://sa.wikipedia.org/wiki/व्याकरणम्,3c2e8f43da69ad9f4079f346bd1c8f491d8ba7ffd045fa04b328afa121760be1
P1,san_wikipedia_2021_30K,san,L20,149,http://sa.wikipedia.org/wiki/स्वामी_रामतीर्थः,b3bb57cc44ad61ad679f3fd21978a992f9355671ad6f0019c5d1ac04aed95a8e
P1,san_wikipedia_2021_30K,san,L20,150,http://sa.wikipedia.org/wiki/कर्कटी_(राक्षसी),e0357b90dddede205303c8b9020642252cbc201f9361163f4171da294e9463d0
P1,san_wikipedia_2021_30K,san,L20,151,http://sa.wikipedia.org/wiki/प्राकृतिकी_आपद्,178be8129a12020e33d95d62eb1832c4c51e804b1d678b36f8d2293dd7b26cfb
P1,san_wikipedia_2021_30K,san,L20,152,http://sa.wikipedia.org/wiki/अदितिः,35e629b018f440801e0ed77d64736a0ab6c0141a13ccfbcb539371527d850351
P1,san_wikipedia_2021_30K,san,L20,153,http://sa.wikipedia.org/wiki/भारतीय-अन्तरिक्ष-अनुसन्धान-सङ्घटनम्_(ISRO),701f8981881c1561a1cc9644b2db8f97d10e220d007db807e0fc3ac5dfc378eb
P1,san_wikipedia_2021_30K,san,L20,154,http://sa.wikipedia.org/wiki/भारविः,8925d23f69741abb42def358f45f8df0d73314f0e65daadf717c3e019e5c5eab
P1,san_wikipedia_2021_30K,san,L20,155,http://sa.wikipedia.org/wiki/जम्मूकाश्मीरराज्यम्,c57fd1ad480d5914cd05e7f3a36dfce195c3cbaf5730e48270ccdc2774ee5b36
P1,san_wikipedia_2021_30K,san,L20,156,http://sa.wikipedia.org/wiki/अष्टाङ्गयोगः,4b10755f866ffa0f559556b35bd90f107ead6c18ef4f176a069227b8ce71fcce
P1,san_wikipedia_2021_30K,san,L20,157,http://sa.wikipedia.org/wiki/कोणार्कमन्दिरम्,5038cffc9fee66bfcee675039aeb9e07e274a2138e2bebd9d33072c9d53f4dbb
P1,san_wikipedia_2021_30K,san,L20,158,http://sa.wikipedia.org/wiki/अथ_योगानुशासनम्_(योगसूत्रम्),7f701dd120095c3fb8abd78e4403abd5441a7895d8b8765c4f639d6fb9a90da3
P1,san_wikipedia_2021_30K,san,L20,159,http://sa.wikipedia.org/wiki/मकरन्द_दवे,f15fe0eb32deec99686af10702cd6fb49e6a3dfbc3c4108b561258da4b9112d6
P1,san_wikipedia_2021_30K,san,L20,160,http://sa.wikipedia.org/wiki/नागौर,4d0484ffc5443c7d129046a43c32594ca7dc6bc91753b4a5dafde45b23bae28f
P1,san_wikipedia_2021_30K,san,L20,161,http://sa.wikipedia.org/wiki/वैय्याकरणाः,40c35feb0cc324082da5abfdb84032e26326f27b792200d1b14a53864880add4
P1,san_wikipedia_2021_30K,san,L20,162,http://sa.wikipedia.org/wiki/ज्ञानी_जैल_सिंह,84d9b8edeab5f96ef2be73a777c67951a982d5dc0b242ef975e0dc67aca30b66
P1,san_wikipedia_2021_30K,san,L20,163,http://sa.wikipedia.org/wiki/माघः,bc5b74818a14c5a1e5a6dd4394f577363c44a79044a6287c404adb44e7979987
P1,san_wikipedia_2021_30K,san,L20,164,http://sa.wikipedia.org/wiki/शब्दमालिन्यम्,0c5b750632739aaf79e01deb8eb1fcf15a0d5120f040498a79f5ed1d7a67a661
P1,san_wikipedia_2021_30K,san,L20,165,http://sa.wikipedia.org/wiki/विश्पला,98dd94c279becef5ef7cce72e836f2252cec8a118b401995333cd69211c6b6a4
P1,san_wikipedia_2021_30K,san,L20,166,http://sa.wikipedia.org/wiki/जैनधर्मः,036649dfb4fb931c59350a963de8ae6a82049e36c195f564b01ce03d07c09f30
P1,san_wikipedia_2021_30K,san,L20,167,http://sa.wikipedia.org/wiki/कृषिः,83d830c9d4204aff8b7623afd0a145c5be1a8704eff46e569e32f6cd010ed9ad
P1,san_wikipedia_2021_30K,san,L20,168,http://sa.wikipedia.org/wiki/भट्टिकाव्यम्,a4ee9e28da59478b483e8d39800751b4024310b389f1c555661a7bfd2ed758bb
P1,san_wikipedia_2021_30K,san,L20,169,http://sa.wikipedia.org/wiki/उत्तरकन्नडमण्डलम्,f7424cad2ae8d69868cc0ab3d70ca97f1ecf455cbd6c6ad26ad747510f249b51
P1,san_wikipedia_2021_30K,san,L20,170,http://sa.wikipedia.org/wiki/मणिबेन_पटेल,f52a68b8939b1dc0f6c6447662c5131c79c49d61719a01e527411937d0fdbe69
P1,san_wikipedia_2021_30K,san,L20,171,http://sa.wikipedia.org/wiki/जैनदर्शने_प्रमाणप्रमेयमीमांसा,ae0f4700d3b4e56590988ca8c3c2096a0787adec7fb025ebcafbb75ff4eb8cdf
P1,san_wikipedia_2021_30K,san,L20,172,http://sa.wikipedia.org/wiki/शची,fcac048445e42d511c9c81721a5b7fff24a4e7ce137d2a17571c688e3488883f
P1,san_wikipedia_2021_30K,san,L20,173,http://sa.wikipedia.org/wiki/श्वेताम्बरः_सम्प्रदायः,9917ab8fa341aa3e999431e8cd5ffb51c2248a5cc066af4b7a5076e17320861f
P1,san_wikipedia_2021_30K,san,L20,174,http://sa.wikipedia.org/wiki/सेम_पित्रोडा,004aeb41d10140a0bbebaffae518d4ca7293c5a66b1f066b2c468a3739947126
P1,san_wikipedia_2021_30K,san,L20,175,http://sa.wikipedia.org/wiki/होमरुल_आन्दोलनम्,724c728f3e21024f3989d75828e4e206d7ffb110369efff08f7107efd8c37ee4
P1,san_wikipedia_2021_30K,san,L20,176,http://sa.wikipedia.org/wiki/मेजर_ध्यानचन्द,7f97dc39ab1301a304ecd0cdeb327298a50af18eb2110f4a7a5d9280d381d68d
P1,san_wikipedia_2021_30K,san,L20,177,http://sa.wikipedia.org/wiki/संस्कृतभारत्याः_कार्यपद्धतिः,bc5c9c5ceff8ac43f6d163b4a9c081a061d645146b0aa82544f0b9b2e5ca455a
P1,san_wikipedia_2021_30K,san,L20,178,http://sa.wikipedia.org/wiki/नव_रसाः,dc3900f7e7f076ddd17886d9fbe592a40c8dcfaed22d3fe7604a943b8775f45b
P1,san_wikipedia_2021_30K,san,L20,179,http://sa.wikipedia.org/wiki/चार्वाकदर्शनम्,d1690d75a354416dd01b0406c474ed92181601f60c8a3db3992f8102f1a6e5d9
P1,san_wikipedia_2021_30K,san,L20,180,http://sa.wikipedia.org/wiki/द्वादशज्योतिर्लिङ्गानि,1f8642fb8bba85ef37e8068ef7d1bcd6560481a70df2af8912e8aca58fe04033
P1,san_wikipedia_2021_30K,san,L20,181,http://sa.wikipedia.org/wiki/बौद्धधर्मः,ec6bae9032074eeb4e9aaf850a2c8e0086b97e49f4c7aacc23476deb460b42aa
P1,san_wikipedia_2021_30K,san,L20,182,http://sa.wikipedia.org/wiki/निरुक्तम्,39a0be5044630c5908361ac716ea67fb4a9f3ce15dc0ae5c654c511b42fa794e
P1,san_wikipedia_2021_30K,san,L20,183,http://sa.wikipedia.org/wiki/विक्रम_साराभाई,0de79d17027fe9200af24dbb896d3142ef1c835552d7e2252131cdadfaa31853
P1,san_wikipedia_2021_30K,san,L20,184,http://sa.wikipedia.org/wiki/सोमनाथः,855dedd12e20fc639e77b44dcdd237468bf7560d6d75d5124aa099cd89f8c794
P1,san_wikipedia_2021_30K,san,L20,185,http://sa.wikipedia.org/wiki/मैसूरु,2d21c708cb448a6fb1c6080cad87d0247ef5295b2cedfdb78c4d14d9834626a1
P1,san_wikipedia_2021_30K,san,L20,186,http://sa.wikipedia.org/wiki/भगवद्गीता,ceaa16833c7ef38455b0f4154b7cea337373a993c2e16032e220efc1eab8759c
P1,san_wikipedia_2021_30K,san,L20,187,http://sa.wikipedia.org/wiki/रावणः,27c614b8b25a7eafafc379293a33b952d7e97d14124a23e9cd7ee485c9640d71
P1,san_wikipedia_2021_30K,san,L20,188,http://sa.wikipedia.org/wiki/मोहम्मद_रफी,6b2ed062ce58110cd761b7ea9c85a2c819368018ed92b98996277268161a2aec
P1,san_wikipedia_2021_30K,san,L20,189,http://sa.wikipedia.org/wiki/राष्ट्रियरासायनिकप्रयोगशाला,00f60958338031e68bb76f9ca81eb5c0756d047c2e5d84409c500894bf18e747
P1,san_wikipedia_2021_30K,san,L20,190,http://sa.wikipedia.org/wiki/तमुवाच_हृषीकेशः...,d229b35c63bc3cf2c3697cd36b18c80c8a2d1e5ed5f26e0e073bf1ef428207a2
P1,san_wikipedia_2021_30K,san,L20,191,http://sa.wikipedia.org/wiki/न_त्वेवाहं_जातु_नासं...,ed0c5689060037f1b30bc02bf3b8f825e945ea8f1a2fd84cd31537d1e584260f
P1,san_wikipedia_2021_30K,san,L20,192,http://sa.wikipedia.org/wiki/शिक्षा,06f0451b39f87f236dc8912636eaec0287989136f2fbda177f4d6a2d97d9271d
P1,san_wikipedia_2021_30K,san,L20,193,http://sa.wikipedia.org/wiki/संस्काराः,822cb0a78bd05a40edb27f5bfd036620fac455dbc5c3d67b9872dd63d4e77cd8
P1,san_wikipedia_2021_30K,san,L20,194,http://sa.wikipedia.org/wiki/गुरुः_(अध्यात्ममार्गदर्शकः),9378042bf1874678ba24d21bb3838bac9ab545b7d7dad181b830f8a3d19a00e1
P1,san_wikipedia_2021_30K,san,L20,195,http://sa.wikipedia.org/wiki/दौलतसिंह_कोठारी,363334b278ff09e6aedc615d11d24475debba914d72beb3346f22a13f5867003
P1,san_wikipedia_2021_30K,san,L20,196,http://sa.wikipedia.org/wiki/अर्णोराज_चौहान,1a1e1f9c80a25fbd6dd0b10677f4b3a59c2084b9b70d685965120bad181fc55f
P1,san_wikipedia_2021_30K,san,L20,197,http://sa.wikipedia.org/wiki/दक्षिण_अमेरिका,c3ff4b58d4c53f9fc573cde1bedbba66c7a2db7190408b6c9c4749b273ceb4c6
P1,san_wikipedia_2021_30K,san,L20,198,http://sa.wikipedia.org/wiki/खजुराहो,61a0515a32e130becaea9fd4a510ceacbe2639c175c1d2e2a167328e5abd1186
P1,san_wikipedia_2021_30K,san,L20,199,http://sa.wikipedia.org/wiki/वैदिकवाङ्गमये_पाश्चात्यानां_योगदानम्,18562700bdfe3acf8202b1314c5f643a3d02298cb857640f140164080d8fba01
P1,san_wikipedia_2021_30K,san,L20,200,http://sa.wikipedia.org/wiki/हिन्दूदेवालयः,522408a1382408b2fe2d0db4911fada48636c693570dc202a6f422714ade8bc1
P1,san_wikipedia_2021_30K,san,L20,201,http://sa.wikipedia.org/wiki/मातङ्गिनी_हाजरा,4e89361448311bf693432f05fdeffd172e48ce6f99418ff1b8c0a8957a6594f9
P1,san_wikipedia_2021_30K,san,L20,202,http://sa.wikipedia.org/wiki/धर्मसूत्रम्,cf1c20a581c9a13faf685e5567fbe7e9522db6406071735ad885be1a6cbcf6fb
P1,san_wikipedia_2021_30K,san,L20,203,http://sa.wikipedia.org/wiki/भारतस्य_राष्ट्रपतिः,c317076086bcc321f07630778ea99980e0426af6d1d1a139e5fb21fbeb09af11
P1,san_wikipedia_2021_30K,san,L20,204,http://sa.wikipedia.org/wiki/मम्मूट्टि,a51e0b9016c79f1f86cd0e448bd754f3a2da24f9be32fa1ae0a36b3974d15140
P1,san_wikipedia_2021_30K,san,L20,205,http://sa.wikipedia.org/wiki/लाल_बहादूर_शास्त्री,9524c31438bc28ee1172faed5b5386c0e8021fd3d9357554baf9762e04785179
P1,san_wikipedia_2021_30K,san,L20,206,http://sa.wikipedia.org/wiki/कर्मण्येवाधिकारस्ते...,ffd18695a795ef8b8a5406da58cb8e4dbcbaa7dac9f0ed2c0f05e006601ba9b2
P1,san_wikipedia_2021_30K,san,L20,207,http://sa.wikipedia.org/wiki/रवीन्द्रनाथ_ठाकुर,ca3d605e4c4f68db160a7f598c147ea2bbb0a303614f21993dcce69ac074e5f1
P1,san_wikipedia_2021_30K,san,L20,208,http://sa.wikipedia.org/wiki/अष्टाध्याय्याः_वृत्तिकाराः,2d0142b3563bc7d9d6f2a428183b041098a2675e80907013f8a6c75e1faa2f5a
P1,san_wikipedia_2021_30K,san,L20,209,http://sa.wikipedia.org/wiki/आशा_भोंसले,986fb2b835113a1902471ed6619e1dab96f51c054924310bf709125c0bbf7c3c
P1,san_wikipedia_2021_30K,san,L20,210,http://sa.wikipedia.org/wiki/भारतस्य_संविधानम्,1b7f5b3c8c466e161ba5be27800733f6cdb58a4549e039be16c924c99af19c32
P1,san_wikipedia_2021_30K,san,L20,211,http://sa.wikipedia.org/wiki/हिमाचलप्रदेशराज्यम्,8ce784fb1c882a01c85f17faa9e20b3a9dc6976427d2d876df92afff96e16fc2
P1,san_wikipedia_2021_30K,san,L20,212,http://sa.wikipedia.org/wiki/श्राद्धम्,1231b8c78a121b2bf2ceeec2514cb7deadcded0e2182c13d540f3090ff50581f
P1,san_wikipedia_2021_30K,san,L20,213,http://sa.wikipedia.org/wiki/होय्सळवंशः,8b193036c8f2013dfcb7f5396cf6a0d6c50893def5f3ed297a5c785f25860626
P1,san_wikipedia_2021_30K,san,L20,214,http://sa.wikipedia.org/wiki/वैज्ञानिकी_औद्योगिकी_च_अनुसन्धानपरिषद्,3076d0efd2785a7b463e9ef79414200462f2aa851ade9d039e52d2a00bc555a1
P1,san_wikipedia_2021_30K,san,L20,215,http://sa.wikipedia.org/wiki/सुचेता_कृपलाणी,0ff9f7358b31b4aa0614a10faf70f9933af3f6c120a30c3a9d9b36f72befe9fa
P1,san_wikipedia_2021_30K,san,L20,216,http://sa.wikipedia.org/wiki/मेडलिन्_स्लेड्,08788d32981d14d59b55bbf44aad6210dbdb656a331ca11bc0a7d591ac6ef002
P1,san_wikipedia_2021_30K,san,L20,217,http://sa.wikipedia.org/wiki/एलिनोर्_रूजवेल्ट्,15d92fd671518b4b5e27a99ccf728073e936d13327c360c8a7d3ebf386702bb4
P1,san_wikipedia_2021_30K,san,L20,218,http://sa.wikipedia.org/wiki/भारतस्य_सूर्यमन्दिराणि,75cce66d33f08be4f904ffd9b0c3fa30b4475714c5f9d4c4b424b9f4228ef409
P1,san_wikipedia_2021_30K,san,L20,219,http://sa.wikipedia.org/wiki/कदम्बवंशः,381fd2a86e5a88a2da259b0016f893291ba94b6b75c09d75bccad0be49cf394a
P1,san_wikipedia_2021_30K,san,L20,220,http://sa.wikipedia.org/wiki/कला,b4bd48514c3ad3f395e4161d6039e959cbed20703a447dd085edd380611db1c0
P1,san_wikipedia_2021_30K,san,L20,221,http://sa.wikipedia.org/wiki/विजय_मर्चन्ट,91cb8d5a4ae933a044f0755caab50c4be8dcde08c6c9a72a7913ef49b0784570
P1,san_wikipedia_2021_30K,san,L20,222,http://sa.wikipedia.org/wiki/अलङ्काराः,61f82f96d88a3c9bddb3b23b2bd129670ee022a5b86c81f394aa27ca2f24ef6b
P1,san_wikipedia_2021_30K,san,L20,223,http://sa.wikipedia.org/wiki/वेदाविनाशिनं_नित्यं...,a348451184bcfcbb052cab5bd50a565b907b69a4fef4b0dffeb970833c75b243
P1,san_wikipedia_2021_30K,san,L20,224,http://sa.wikipedia.org/wiki/महादेवी_वर्मा,603210b6695307c9f0c8b23971f28525ea3a671817c8b626774b65e9f67f82eb
P1,san_wikipedia_2021_30K,san,L20,225,http://sa.wikipedia.org/wiki/संयोगिता_चौहान,17171e70525db2b4a93cb8f74ff3e2ff0cfe0b03926e7fa18a04b1de23b562b9
P1,san_wikipedia_2021_30K,san,L20,226,http://sa.wikipedia.org/wiki/सती_सावित्री,1406901b638769415cc136103ce4ae7f9e3c0310b220a76ac34cacb44d28f9d9
P1,san_wikipedia_2021_30K,san,L20,227,http://sa.wikipedia.org/wiki/रक्षाबन्धनम्,46eaad42542c33de13eaed7b186a9616206563a399fabefe96e3c2d2d74ce8fd
P1,san_wikipedia_2021_30K,san,L20,228,http://sa.wikipedia.org/wiki/वेङ्कटरामराघवः,93f13fd4062786453cd0408b5005abdf9a72c5281454b574fec9ca51015488b1
P1,san_wikipedia_2021_30K,san,L20,229,http://sa.wikipedia.org/wiki/लीला_राव,91756c26273ad221fe8a59b1f107ce3aea7f857c127ab77d0dfa405deabb2c7f
P1,san_wikipedia_2021_30K,san,L20,230,http://sa.wikipedia.org/wiki/अष्टाध्याय्याः_प्रक्रियाग्रन्थाः,e08d534ef301bd4ab25dbf61ce3560a4c326d067e8b6d0a636cbb0058a49c268
P1,san_wikipedia_2021_30K,san,L20,231,http://sa.wikipedia.org/wiki/व्याकरणभाष्यकाराः,21f62119ea7d378e32f58ef2a6384249964bddbed33cdeecdc181e4fd0ea4c90
P1,san_wikipedia_2021_30K,san,L20,232,http://sa.wikipedia.org/wiki/व्याकरणदार्शनिकग्रन्थाः,bb73e0346766128de2e8383ac462f0eb3c0c3c51d5927e2d52e6f7281b2bc6d6
P1,san_wikipedia_2021_30K,san,L20,233,http://sa.wikipedia.org/wiki/भासः,81fbfad0d34958c69a6c28567852dde414bf8e824464153e8a2a0bea101e1a2a
P1,san_wikipedia_2021_30K,san,L20,234,http://sa.wikipedia.org/wiki/उत्तङ्कः,8bb029873f08f894a5c26b1bd79423271fedd483417716e11ce222b67c4253c8
P1,san_wikipedia_2021_30K,san,L20,235,http://sa.wikipedia.org/wiki/वायुमण्डलम्,1cdddcd6f6fb2c8ecc722f994afef389d08f3eff37a393299cdc5e4194db22fb
P1,san_wikipedia_2021_30K,san,L20,236,http://sa.wikipedia.org/wiki/शान्तिनाथः,bb401b6e1dbacd4328d5b393da9ec1fa1f5cdcfc0420378720b74ff7369e46c1
P1,san_wikipedia_2021_30K,san,L20,237,http://sa.wikipedia.org/wiki/धरा,0657eb3ed8c4138fbc2b907960c1cc929cca49214ded0e7c5ba9e0ac8af08d44
P1,san_wikipedia_2021_30K,san,L20,238,http://sa.wikipedia.org/wiki/भिक्षुः_आचार्यः,d20a8b0e7ef90dbdfb5ea381890a4503a0f0d2d27d75eef2abd8db3655790daf
P1,san_wikipedia_2021_30K,san,L20,239,http://sa.wikipedia.org/wiki/शशिकला,d40c116978a3a3ca2a6e42f96e73c9982e44dbd74d84fbf43f6d7b22743bc9b5
P1,san_wikipedia_2021_30K,san,L20,240,http://sa.wikipedia.org/wiki/सुशीला_दीदी,8705e0ce50de3133293f2b0a9508862f493651cdbd706ea98ff9075bd3f606e6
P1,san_wikipedia_2021_30K,san,L20,241,http://sa.wikipedia.org/wiki/गान्धारी,7e002ea4b2d418d037aa311cfe829363adec42e1682bb1ff356be433b4ec5a1f
P1,san_wikipedia_2021_30K,san,L20,242,http://sa.wikipedia.org/wiki/चण्डपत्नी,3c2043c0c1b4d75ca2b094ca72ff473a174e41888a917ffedd87d847dbb1a392
P1,san_wikipedia_2021_30K,san,L20,243,http://sa.wikipedia.org/wiki/विजयलक्ष्मी_पण्डित,d58f2a695cc6a8710283209ada440ed4b261d65b35a4fa43aea11c848c26245c
P1,san_wikipedia_2021_30K,san,L20,244,http://sa.wikipedia.org/wiki/कर्णाटकस्य_आदिवासिनः,6d1d839cc46c236424909f829852f8d0264d2a1396e8d777e347903e055d4f91
P1,san_wikipedia_2021_30K,san,L20,245,http://sa.wikipedia.org/wiki/शक्तिविशिष्टाद्वैतवेदान्तः,8c87c2ef1243f997206f2d570980877f0f317fcebbce449093fd36b14214a601
P1,san_wikipedia_2021_30K,san,L20,246,http://sa.wikipedia.org/wiki/नासतो_विद्यते_भावो...,81a51fd7acf33c30a52a6c57b25a2fe2ae67e7609edbcd9df2d33f48e109a007
P1,san_wikipedia_2021_30K,san,L20,247,http://sa.wikipedia.org/wiki/नेहाभिक्रमनाशोऽस्ति...,d147448e6e366138e7b330b0ba92683a09b533aa6ae6992299d52be4a5dba399
P1,san_wikipedia_2021_30K,san,L20,248,http://sa.wikipedia.org/wiki/यज्ञार्थात्कर्मणोऽन्यत्र...,3e3d64adc8cccc5cc89ff4a5ac9f8940b26e5055c857f3b32149be274c90fb02
P1,san_wikipedia_2021_30K,san,L20,249,http://sa.wikipedia.org/wiki/सुनीता_विलियम्स्,ac2bc6e10c303d2da78fd49c8f8e4439a0c18335a77e7ea08d12ba601a38d452
P1,san_wikipedia_2021_30K,san,L20,250,http://sa.wikipedia.org/wiki/स्वामी_रामदेवः,fdda16e50689bcac4043eb0b57195b693ac2b796a416abac71c1032a85c936d3
P1,san_wikipedia_2021_30K,san,L20,251,http://sa.wikipedia.org/wiki/दुर्गावती_देवी,c3229be0d2ca52dfc755b325fbf923ab597a89ff83f79b5f78fdef8a245c9f22
P1,san_wikipedia_2021_30K,san,L20,252,http://sa.wikipedia.org/wiki/के_आर्_नारायणन्,25be10d38ca033c6469ed10df5ba1a33e6d93500597ebd98731d7c048aa34224
P1,san_wikipedia_2021_30K,san,L20,253,http://sa.wikipedia.org/wiki/सङ्गणकम्,9e9528ed2e890df257c5a498721ce93040d0ed1e22667c62b4c1541f08138d04
P1,san_wikipedia_2021_30K,san,L20,254,http://sa.wikipedia.org/wiki/आमेरदुर्गम्,40813e2e982aea773c6ec9135a02c85c6be4e956bb59934731ba64d5a7936a46
P1,san_wikipedia_2021_30K,san,L20,255,http://sa.wikipedia.org/wiki/बिहारराज्यम्,0e024c4209bbaa9e5bcf53431b2b5d63a1c6720f1fa68c3535ec7ba5d3bff4c9
P1,san_wikipedia_2021_30K,san,L20,256,http://sa.wikipedia.org/wiki/भारतम्,d581625f5c968e1ab28588064c610902046c191a5fc84c75bf8e67afd51881a0
P1,san_wikipedia_2021_30K,san,L20,257,http://sa.wikipedia.org/wiki/छोटा_भीम,5e0cb0a72a1304060ae967c184d100097a7849e5ace3bc843df9ab00433c54ee
P1,san_wikipedia_2021_30K,san,L20,258,http://sa.wikipedia.org/wiki/अजितनाथः,d88767a7c053121a52584ffb9db16d0396e6c1b8be83eb738e6102b819734bf0
P1,san_wikipedia_2021_30K,san,L20,259,http://sa.wikipedia.org/wiki/कल्पना_दत्त,0bdeeb85f5812b401fbbb5cd635d0dc2f7b8d2e475e09728bcf14d21c2ce4261
P1,san_wikipedia_2021_30K,san,L20,260,http://sa.wikipedia.org/wiki/वीर_बन्दा_वैरागी,f205327eef3b22bcb8130449d47bd89b7023e991dafb9a8af3a82d950e6c2755
P1,san_wikipedia_2021_30K,san,L20,261,http://sa.wikipedia.org/wiki/मृत्तिका,1511980366f775d54fdbc3d7753cca916cc7933047b63106020bbe90c979a970
P1,san_wikipedia_2021_30K,san,L20,262,http://sa.wikipedia.org/wiki/न_कर्मणामनारम्भात्...,e97f1a38af0a35ffb709c52b097978712d5b4d293e84ff87e1b4055b9128e6d5
P1,san_wikipedia_2021_30K,san,L20,263,http://sa.wikipedia.org/wiki/योगस्थः_कुरु_कर्माणि...,d6c44a02506f72df9298ca3dadec02f7c50b4e7dc9d56fe6a0bd7f3ec336719c
P1,san_wikipedia_2021_30K,san,L20,264,http://sa.wikipedia.org/wiki/प्रश्नोपनिषत्,6c2970654c2aaa36baea5a76e7653bb9cdcc60f9aa4a3800874178da0ebfd22e
P1,san_wikipedia_2021_30K,san,L20,265,http://sa.wikipedia.org/wiki/अद्वैतनयरीत्या_तत्त्वमसि_श्रुत्यर्थः,0bfe8814e7c740ced91f07301e4e83532de35cc5f326632f93978a31d4aecf0c
P1,san_wikipedia_2021_30K,san,L20,266,http://sa.wikipedia.org/wiki/विळुप्पुरमण्डलम्,216ae366ac20faf0040419ba2c3e0db7ab8c6685d2b85a1f3876259a31e97645
P1,san_wikipedia_2021_30K,san,L20,267,http://sa.wikipedia.org/wiki/विषया,70246ffb0d5d205051d63293b99b0b74a5351b233a2a83d92aa621f273a0d75d
P1,san_wikipedia_2021_30K,san,L20,268,http://sa.wikipedia.org/wiki/वेदान्ते_स्वप्नः,0d15e776d949163cef33f1b9611dc1a53d62c191fd69b3f70135835167320a61
P1,san_wikipedia_2021_30K,san,L20,269,http://sa.wikipedia.org/wiki/बालसाहित्यम्,844616ab1ca302e04c47bb74b2839bad881646f88cc02b874cbfcc1235cde2ef
P1,san_wikipedia_2021_30K,san,L20,270,http://sa.wikipedia.org/wiki/विद्याभूषणः,2fb219b47c40f1b92129dbc6ec77414722e4270d1d682fb0eab2a57a7d850bfe
P1,san_wikipedia_2021_30K,san,L20,271,http://sa.wikipedia.org/wiki/विनोबा_भावे,f69960e5e1a5327a80f8ce02dd975d556d8e08039cd0369ac166eafd2a827069
P1,san_wikipedia_2021_30K,san,L20,272,http://sa.wikipedia.org/wiki/गृह्यसूत्रम्,848656098353c5d2ad9d0afa2bad12ad5d6865c8f7dc125c1b9bb97b96ea20bb
P1,san_wikipedia_2021_30K,san,L20,273,http://sa.wikipedia.org/wiki/भट्टिः,1d8597ee28a8f48ae55c0612b6f27aa1cd997d8fa6137248f1df32946603d760
P1,san_wikipedia_2021_30K,san,L20,274,http://sa.wikipedia.org/wiki/कर्तृत्वाधिकरणम्,02e5f28e19ed91a3abfb0885d1bbe22143bf2c4afc33decf2f66f96a82397dc5
P1,san_wikipedia_2021_30K,san,L20,275,http://sa.wikipedia.org/wiki/आख्यानसाहित्यम्,bc5c67d852438eceea7fd05a57d19c6f751d7b439a6f93f97c82f62293389a2f
P1,san_wikipedia_2021_30K,san,L20,276,http://sa.wikipedia.org/wiki/त्यागराजः,86ecdf8f7ca8c4cfae7dd9a3db377649831bf39c269c4f114e78062c934c0c3f
P1,san_wikipedia_2021_30K,san,L20,277,http://sa.wikipedia.org/wiki/देहली,91203096147b0bda104b90aa4564f9cc6e2142dc52dba730d9b08ad39477be20
P1,san_wikipedia_2021_30K,san,L20,278,http://sa.wikipedia.org/wiki/हासनमण्डलम्,e9ff67013e5968ed1527cfbed93c97009e9a8d2f3db5244585c2218099eb7aac
P1,san_wikipedia_2021_30K,san,L20,279,http://sa.wikipedia.org/wiki/युधिष्ठिरः,d7b9c031cea1abb04988fd356ac903282ee5c8b439fba15c2fd75b9d2f0b04c8
P1,new_wikipedia_2021_30K,new,L20,1,http://new.wikipedia.org/wiki/कर्नाटक,944836bf5f0ee151aedeb296ff4793433914adba4e9c06762acdbf325dd91b48
P1,new_wikipedia_2021_30K,new,L20,2,http://new.wikipedia.org/wiki/चालुक्य_राजवंश,d3681d90fc2858f58324791009cee63a6d78cd5056910254c273b13101cb2ee8
P1,new_wikipedia_2021_30K,new,L20,4,http://new.wikipedia.org/wiki/पुणे,2b4596ca248e6ea043a4765c9bae7e04555c6e5d4751906ec1628005dce4f96f
P1,new_wikipedia_2021_30K,new,L20,5,http://new.wikipedia.org/wiki/फोटोसिन्थेसिस,0c17f6825fa3fbec55bf1d8f58d7b77aca7a1a6c0a5cddf89267706578c4d074
P1,new_wikipedia_2021_30K,new,L20,6,http://new.wikipedia.org/wiki/तिरुपति_वेङ्कटेश्वर_देगः,f45c79a392e6ace48de3bb2ebc53d82b02ebf8ae14932c1952d3e7d61f19dcf5
P1,new_wikipedia_2021_30K,new,L20,7,http://new.wikipedia.org/wiki/माइक्रोबायोलोजी,0fcc81df7c89fd958e93d4bfcfd25c4c09290a29c41ff3b17b47a81bfcc9a9f3
P1,new_wikipedia_2021_30K,new,L20,8,http://new.wikipedia.org/wiki/केरल,3efc56cc6d196c488c917cfae09bc1bf37388014f69c77466879f074936e64f6
P1,new_wikipedia_2021_30K,new,L20,9,http://new.wikipedia.org/wiki/नेपाः,96cd40876f67de443d09425d5ed715f3992b039e90198fc2aef0df2432258ef9
P1,new_wikipedia_2021_30K,new,L20,10,http://new.wikipedia.org/wiki/येँ_महानगर,18291db1f0b3127c79490de065e5da65a7f775260e060e4b1eab529b9499e37c
P1,new_wikipedia_2021_30K,new,L20,11,http://new.wikipedia.org/wiki/हेलिकोब्याक्टर_पाइलोरी,80a975e1449b8868dacf7bf02af00cd9df6034fe29dbb6bb3f68c4ae6b91e147
P1,new_wikipedia_2021_30K,new,L20,12,http://new.wikipedia.org/wiki/हिन्दू_धर्म,b83a015c8ff028e131c4e417b71b0283c3bdd142fd8751692c8be9c29410be38
P1,new_wikipedia_2021_30K,new,L20,13,http://new.wikipedia.org/wiki/अल्बानिया,fca13f54edfac6b68e3e1835882a169ed5dbc5a3382a281be5f5afb4e647b5cc
P1,new_wikipedia_2021_30K,new,L20,14,http://new.wikipedia.org/wiki/अमोघपाश_लोकेश्वर,6d810eaaf3a8a811a6a9dad39176b15beac7cbf4759a54028245eb1bf4e4dd93
P1,new_wikipedia_2021_30K,new,L20,15,http://new.wikipedia.org/wiki/बागलुङ_जिल्ला,d2d952b8d7502a059949227c2e7f3a0da3b091cb0e7b6656d81dcf18a8ea71ee
P1,new_wikipedia_2021_30K,new,L20,16,http://new.wikipedia.org/wiki/नेवाः_बाजं,c66320655cd9b7dee590d0c01277c9cd75daa3b3f99c9a6900c0b10bcab10d67
P1,new_wikipedia_2021_30K,new,L20,17,http://new.wikipedia.org/wiki/इहि,993a8cd99c9abe90e13a3ab2b9c0f46462c7bcd3af4342eb229f116a630c4b05
P1,new_wikipedia_2021_30K,new,L20,18,http://new.wikipedia.org/wiki/पाब्लो_पिकासो,26a00bbca541eddaf25934839254fa26ace314daf7982992f6300f2c1c586283
P1,new_wikipedia_2021_30K,new,L20,20,"http://new.wikipedia.org/wiki/उत्तर_पश्चिमी_सीमा_प्रान्त,_पाकिस्तान",61a36f44c044c3cb126371f65f536eb5e5b8ea979624cda570c054326ab1af9b
P1,new_wikipedia_2021_30K,new,L20,21,http://new.wikipedia.org/wiki/बहाः_बहिः,c164eb58f9709c44c1817e15e4b240143658cdb36bbd9d732ee17b21b3d8b622
P1,new_wikipedia_2021_30K,new,L20,22,http://new.wikipedia.org/wiki/बुद्ध_अवतार,8a44c0a72587a36ecde07468bf2688e5a5ff144a39b371d3864fdcdbc2168e06
P1,new_wikipedia_2021_30K,new,L20,23,http://new.wikipedia.org/wiki/दक्षिण_अमेरिका,f1b87012d6fb2a5282b9cef06e5de8fe7e181379337821f5d38b0a9fd4cf9b94
P1,new_wikipedia_2021_30K,new,L20,24,http://new.wikipedia.org/wiki/जोखिम_(कम्प्युटि),40d2ab7412bc47208366ee451ba241797eb59c0a9f566eb29e22f977a41f059b
P1,new_wikipedia_2021_30K,new,L20,25,http://new.wikipedia.org/wiki/येँ_जिल्ला,81b887e048038de7732b3b67e63cd752f2750e7c5404e595e191d1ee3a4f097e
P1,new_wikipedia_2021_30K,new,L20,26,http://new.wikipedia.org/wiki/क्लियोप्याट्रा_७,f8f4734fb43e4795ddb3fb665f8aeff89232374af762ab2fef95ad6d4dcff2c8
P1,new_wikipedia_2021_30K,new,L20,27,http://new.wikipedia.org/wiki/केपताउन,2f1e7a511ed42115858b6a029708954e534524954fbc1b84376eb8fb49a0fab3
P1,new_wikipedia_2021_30K,new,L20,28,http://new.wikipedia.org/wiki/विकासक्रम,e69e85659edc4893449ae01ce846a68a20d205bacb23027d42815781ba4bc6a5
P1,new_wikipedia_2021_30K,new,L20,29,http://new.wikipedia.org/wiki/दिल्ली,7305d5a8cc2c2aa187879aab6b4cfc8de3c39aee4de3a8d94034d9498328a4e7
P1,new_wikipedia_2021_30K,new,L20,30,http://new.wikipedia.org/wiki/ल्वाभः,edaa4c6cc04655c64ae287ebea0ecb95661b0652ce195d750827eaaad3cf5093
P1,new_wikipedia_2021_30K,new,L20,31,http://new.wikipedia.org/wiki/गाम्बिया,352e6d664392a4ad7c13ecfb64bdbcce0d58291c6708f1b8b270f70923dc1d4d
P1,new_wikipedia_2021_30K,new,L20,32,http://new.wikipedia.org/wiki/बंगलादेश,def03115ab603e2099474a41e16799598d7a15ca1f6b5a30c10512ceb746fdfe
P1,new_wikipedia_2021_30K,new,L20,33,http://new.wikipedia.org/wiki/आयुर्वेद,398de0224ef7231130f17d95bcddb666a023b3b152b2ad716856f90a408b173a
P1,new_wikipedia_2021_30K,new,L20,35,http://new.wikipedia.org/wiki/म्हः_पूजा,eb520a42e752e6e75f1ff28f1a286114e585a19aa811990002dd38b4ebdc184a
P1,new_wikipedia_2021_30K,new,L20,36,http://new.wikipedia.org/wiki/नाय्खि_बाज,9187864e74edeff2b019f4a491e1db75d4eca35cbc203bc3009431a393b0f0bb
P1,new_wikipedia_2021_30K,new,L20,37,http://new.wikipedia.org/wiki/अउल,9e5718785ee42b7a836c53aea67bedda0badba2cd9ddc4a7dc334ac9072525d5
P1,new_wikipedia_2021_30K,new,L20,38,http://new.wikipedia.org/wiki/श्रीलङ्का,ca44aa6920296a25cff373b492b46b5e33432dc74f585d62be5d9f1db28a0f38
P1,new_wikipedia_2021_30K,new,L20,39,http://new.wikipedia.org/wiki/उत्तराखण्ड,0486fcdc187f33647bf3222d50277a5b4f4f3b59107326579389ffbe750b50ee
P1,new_wikipedia_2021_30K,new,L20,40,http://new.wikipedia.org/wiki/गणेशमान_सिंह,41bea899c057455099fcb46f1ca6ea6c69d4213d64c64e3c17ee197c1a026f92
P1,new_wikipedia_2021_30K,new,L20,42,http://new.wikipedia.org/wiki/अमरनाथ,f19d530f8a1560a4f6d28735b2aa8762f36f36167d294c90212c3aa3936f45ab
P1,new_wikipedia_2021_30K,new,L20,43,http://new.wikipedia.org/wiki/कोलकाता_म्युनिसिपल_कर्पोरेसन,916710b213bc813d6951c67f8f0c51f491ee04b65da1d828b7adb48d233b6127
P1,new_wikipedia_2021_30K,new,L20,45,http://new.wikipedia.org/wiki/एओर्तिक_दिसेक्सन,a17748a3674bd70a01d8f73b2745e5d692be3c4195a6183fb6b71a92a4b67d66
P1,new_wikipedia_2021_30K,new,L20,47,http://new.wikipedia.org/wiki/डाउन_सिन्ड्रम,d7e7d1c0e2ffcda3d1cd51edd4551084ea9d742d0986cf6d6cddaabffcc9237e
P1,new_wikipedia_2021_30K,new,L20,48,http://new.wikipedia.org/wiki/बुद्ध_धर्म,6956dabc1611144d576c75a07fea74ad01ef9a6565fb17d3b6847838e1a352ab
P1,new_wikipedia_2021_30K,new,L20,49,http://new.wikipedia.org/wiki/नेपाल_भाषाया_प्राचीन_काव्य,72bbf6c951f5fc15994f405da1b37e5bdc8c62b21633ef6b7a5b1178c628c77e
P1,new_wikipedia_2021_30K,new,L20,50,http://new.wikipedia.org/wiki/निष्ठानन्द_बज्राचार्य,907145930b2f2bec7e75d5a7c8d49c3052d7e895a26712e49ec429261d4bf1ba
P1,new_wikipedia_2021_30K,new,L20,51,http://new.wikipedia.org/wiki/जापान,6c84ad67d2c88d972d3ca6a508fa3387ccaccb03126109ce5bd731c7a264f830
P1,new_wikipedia_2021_30K,new,L20,52,http://new.wikipedia.org/wiki/हिन्दी_भाषा,339d5d64006c128caab83554e51102659e6d7a59a00c228810297524731ff84a
P1,new_wikipedia_2021_30K,new,L20,53,http://new.wikipedia.org/wiki/अछाम_जिल्ला,165a67f50957fee1909c3a82965b0fdf8101c3301c0a9e0082a6c0c21f102c5e
P1,new_wikipedia_2021_30K,new,L20,54,http://new.wikipedia.org/wiki/पंचक,dd59d0369ba0943f005a1b56fc8beca0c1ea1e3c321ee68aef461c8263cd67c2
P1,new_wikipedia_2021_30K,new,L20,55,http://new.wikipedia.org/wiki/हिमाचल_प्रदेश,c66719ffb4c48683288e69c9ed78429d7f53437a3ce2bd67075b3c8dc7c92e99
P1,new_wikipedia_2021_30K,new,L20,56,http://new.wikipedia.org/wiki/मराठी_भाषा,3825731eb333453dd7962ed715ea980afde9954c778253ecf14def7d1c82fc70
P1,new_wikipedia_2021_30K,new,L20,57,http://new.wikipedia.org/wiki/म्यान्मार,d9f438d2fa6b7287909b96e4a990536c9d0986ff687ddb6b456767af1579019c
P1,new_wikipedia_2021_30K,new,L20,58,http://new.wikipedia.org/wiki/प्राचीन_रोम,162456989648ff2459f2939bc5e41fa45f6fccb038d1e06c8fcb8f92a8b74538
P1,new_wikipedia_2021_30K,new,L20,59,http://new.wikipedia.org/wiki/साइबेरिया,c63767d4398b4dcf26961557e3b8e63918118680262ba847ddff48d93ae1e7cc
P1,new_wikipedia_2021_30K,new,L20,60,http://new.wikipedia.org/wiki/मम्लुक,7a9b112a20820da54d664b8d37c4a4e1ff49330501c46f04f4dabef8744d277b
P1,new_wikipedia_2021_30K,new,L20,61,http://new.wikipedia.org/wiki/लात्भिया,ea6683db50c75814b54d8e8110df3f0f6faaff2dfaac6e2d027dd6c0b0765ae2
P1,new_wikipedia_2021_30K,new,L20,62,http://new.wikipedia.org/wiki/बेगूसराय_जिल्ला,9f11dd1acfd0ffb4c7662d894bf54df1d9ab8d6c00c9c2b0f06203dc474a1c73
P1,new_wikipedia_2021_30K,new,L20,63,http://new.wikipedia.org/wiki/अरुणाचल_प्रदेश,f5b06b20d617d0656588e28039ae8928b91074fee404f4359d8294cd05f131e0
P1,new_wikipedia_2021_30K,new,L20,64,http://new.wikipedia.org/wiki/रञ्जितकार,3516078df2ed607819524f4fbe6dfcb0e60d653fc36c25ffe4ba0475928188e8
P1,new_wikipedia_2021_30K,new,L20,65,"http://new.wikipedia.org/wiki/आलाचुआ_काउन्ति,_फ्लोरिदा",111dca34b5f64e38366c6addf660df8f10bddf20da423a9b89f8a911539848b1
P1,new_wikipedia_2021_30K,new,L20,66,http://new.wikipedia.org/wiki/चीन,ab60ae472e7b880c25856eed21670079764ebf1e2cbad731b222a8bf793b77d2
P1,new_wikipedia_2021_30K,new,L20,67,http://new.wikipedia.org/wiki/सम्पादन,fdaca554ed59c84f69e703334cfda15180804ed0fd5254c3dc217a4673022e9c
P1,new_wikipedia_2021_30K,new,L20,68,http://new.wikipedia.org/wiki/महात्मा_गान्धी,f9f43572f080fe6699ae123b8dc11ae98f2a98375bb3cd247d1cc74030d258cd
P1,new_wikipedia_2021_30K,new,L20,69,http://new.wikipedia.org/wiki/कन्नड_भाषा,e64ba828cc2a73b102689c39d1d43f7f1f0dc2abd10144fb8ecc9a21d3e779d2
P1,new_wikipedia_2021_30K,new,L20,70,http://new.wikipedia.org/wiki/मनुयागु_मिखा,8155bd757d57f277777298154d12d1329ad24de2c1fa6f6a54f8b01ffbcd9693
P1,new_wikipedia_2021_30K,new,L20,71,http://new.wikipedia.org/wiki/अफ्रिका,abd6f7e4f852103c56e0d78985fa3a0eddfecf66f9f9e75e251bcd14f0e629c8
P1,new_wikipedia_2021_30K,new,L20,72,http://new.wikipedia.org/wiki/राग,ba745051938d1129f8a40b09027e47889fa9bbee1862e764b9b8ba860454b146
P1,new_wikipedia_2021_30K,new,L20,73,http://new.wikipedia.org/wiki/गङ्गा_खुसि,5e8eb2d7d152864f74a75f45431e55436f9ebe444c9e924b3c156435cd339bf7
P1,new_wikipedia_2021_30K,new,L20,74,http://new.wikipedia.org/wiki/शाहनामे,0ce73f9007366c68efffb05d1362c1c52b12524b25da297481992a86ec660a65
P1,new_wikipedia_2021_30K,new,L20,76,http://new.wikipedia.org/wiki/स्याङ्जा_जिल्ला,62b0ec8a742f2d9a96664fecfaa989c973dfafbd0e08f0ef5201c41eff239ac4
P1,new_wikipedia_2021_30K,new,L20,77,http://new.wikipedia.org/wiki/कार्दियोलजि,ee879bbcba6e2726cd5e867509581b68712cbe621e74bb9ec6158b9f808998c6
P1,new_wikipedia_2021_30K,new,L20,78,http://new.wikipedia.org/wiki/संगीत,9d8b4f7c262bb322a4832a13d7ee11f7d6018c7f18cd3067eb7b873ae1ab0d83
P1,new_wikipedia_2021_30K,new,L20,79,http://new.wikipedia.org/wiki/सुन्दरगञ्ज_उपजिल्ला,b7883fd1efd608a33d034f28c307bd340cf4edaf4e1004f6cfcfa620f47cf898
P1,new_wikipedia_2021_30K,new,L20,80,http://new.wikipedia.org/wiki/ज्ञान,6982b0a2b52f80d7d484cad807da0fbd590244c8d531dd6b0de4d18ab8fa58ac
P1,new_wikipedia_2021_30K,new,L20,81,http://new.wikipedia.org/wiki/हिन्दी_पिथनामितयेगु_धलः,ad5a89f2ceecc59c87b7df26439f72937c9ed7b8abd55a5fd9f9ed4d0fb279a6
P1,new_wikipedia_2021_30K,new,L20,82,http://new.wikipedia.org/wiki/विनायक_दामोदर_सावरकर,087424c0f2fba2defbd3c0dcec6cb3f15cd6912d2a1a553db5077f82b840a610
P1,new_wikipedia_2021_30K,new,L20,83,http://new.wikipedia.org/wiki/इराक,5664b9df7c1d064b6c04597381eefe912f11dc211a9fa3889f7e25f3ef4a860e
P1,new_wikipedia_2021_30K,new,L20,84,http://new.wikipedia.org/wiki/उस्मान_साम्राज्य,7281ac48c1018010ed165de0f86c27aa28ef01c0d7b1906bf816513872165470
P1,new_wikipedia_2021_30K,new,L20,85,http://new.wikipedia.org/wiki/महाराष्ट्रया_तालुकातेगु_धलः,854c0daa4f6f27778a2856520e6c0cba0fded8f4fb371eb523d08cf0d2321cef
P1,new_wikipedia_2021_30K,new,L20,86,http://new.wikipedia.org/wiki/ताजिकिस्तान,31d8b9d60edf40ceb3e89f124249a93e50067135f015daa68316063e7ef5f6d5
P1,new_wikipedia_2021_30K,new,L20,87,http://new.wikipedia.org/wiki/बंगाली_भाषा,efd0b726caec2aa764b3a325491558f5a8f87f71cac4303656f91b2244b34fc5
P1,new_wikipedia_2021_30K,new,L20,88,http://new.wikipedia.org/wiki/जैसलमेर,1437968ee7186fd3d4186fd2c74b4bbfc8dee32c50db3e52ccb19162659343f3
P1,new_wikipedia_2021_30K,new,L20,89,http://new.wikipedia.org/wiki/लाकां,81f38e0d12c24699d7638fb95204493f46f79fae46355892ba5b33e418869b16
P1,new_wikipedia_2021_30K,new,L20,90,http://new.wikipedia.org/wiki/चीनया_इतिहास,f2969ef3b168a7cb7191f604913657f0d6df7f9f1119b4b0df65a917f2714e93
P1,new_wikipedia_2021_30K,new,L20,91,http://new.wikipedia.org/wiki/आर्मेनिया,51d6da4d74106839e41b90b480b10221928d236ab4a8f28f56776886987ba7eb
P1,new_wikipedia_2021_30K,new,L20,92,http://new.wikipedia.org/wiki/ह्युमरस,0b663924759e9b6bc9e403dd8bf33d8a5957397099ed8b9b4924eb2f136fb205
P1,new_wikipedia_2021_30K,new,L20,93,http://new.wikipedia.org/wiki/शल्यचिकित्सा,7d4b9e6d9a9c3caf1381d1e1a2a39173308f33c13f20723d9c7f6152e5ee0423
P1,new_wikipedia_2021_30K,new,L20,94,http://new.wikipedia.org/wiki/ब्राह्मण,3ff54229decdccc2532f2882ca8f8d216d3828326b557086a5e6c2b76be7b4ed
P1,new_wikipedia_2021_30K,new,L20,95,http://new.wikipedia.org/wiki/नियोन,40e50afc54d578ebbe9d34db596516b84111fea2714fc4a44f038012ae8ce4d9
P1,new_wikipedia_2021_30K,new,L20,96,http://new.wikipedia.org/wiki/प्राचीन_मिस्र,08a3818c8724b83a98faf5d6430ad907a687ccc2247701c7e9a36fe358f39799
P1,new_wikipedia_2021_30K,new,L20,97,http://new.wikipedia.org/wiki/स्पेन,321247f926f3f751b58c9ce634c9ad4263241c5b10e7dcb3c98d93df07469b02
P1,new_wikipedia_2021_30K,new,L20,98,http://new.wikipedia.org/wiki/एरिक_पेवरनाजी,6849c153c18689f63c321ef472a9019fbbc05bbb0e3baabbe3cb1fa482723d97
P1,new_wikipedia_2021_30K,new,L20,99,http://new.wikipedia.org/wiki/संयुक्त_राज्य_अमेरिका,f3e171405a2f3a7265bb306f61e61a76b83cc0d1a88ec01e240c8d305f900932
P1,new_wikipedia_2021_30K,new,L20,100,http://new.wikipedia.org/wiki/मसेल,354cf5d31a99ac7b91da95fd4e6dc474ee416635111fa3f9a0ce894614cf870a
P1,new_wikipedia_2021_30K,new,L20,101,http://new.wikipedia.org/wiki/साइगो_ताकामोरी,21ed9db7b41cdbe343276f883b1a2dba8610f141196b5f0491dec3b28b4d31a7
P1,new_wikipedia_2021_30K,new,L20,103,http://new.wikipedia.org/wiki/पाकिस्तान,e8c287b1cc6d9a5afe633458c18a34c335a013c197119f33975ce118c8b3c265
P1,new_wikipedia_2021_30K,new,L20,104,http://new.wikipedia.org/wiki/यल_उपमहानगर,7131a114bade5c7ee3beec826fca80c9ba58055c3554b6751f1c303246a08d77
P1,new_wikipedia_2021_30K,new,L20,105,http://new.wikipedia.org/wiki/धुस्वाँ_साय्‌मि,e182500fba99ceb6f9f28a3e15275f7af9f7e32e10fd7bb114ce14ac7b4210ae
P1,new_wikipedia_2021_30K,new,L20,106,"http://new.wikipedia.org/wiki/जंदापूर,_अदिलाबादु_मण्डल",5ff06ebd0236d79a3475211817413cadf73864a7bb15c19d26896371453117ff
P1,new_wikipedia_2021_30K,new,L20,107,http://new.wikipedia.org/wiki/ओटो_भोन_बिस्मार्क,a613ae6d8d430dfcdbc56bdc08332488544f7f2f940d4a7fd57515993b7c0c28
P1,new_wikipedia_2021_30K,new,L20,109,http://new.wikipedia.org/wiki/बुल्गेरिया,668d5be985ff85c2aee9854f49607eabe82239ba06ee5a8b331640a0a6d8caa1
P1,new_wikipedia_2021_30K,new,L20,110,http://new.wikipedia.org/wiki/कक्सबाजार_जिल्ला,8567d2bd3f32b4973c97d7fe2c9b1ac33cfa54912b86f59d6fce01f3a0d4182c
P1,new_wikipedia_2021_30K,new,L20,111,http://new.wikipedia.org/wiki/रुपन्देही_जिल्ला,63c7ff910cf242cb33061b513decb91d47906115057b71dfce25415711024ded
P1,new_wikipedia_2021_30K,new,L20,112,http://new.wikipedia.org/wiki/जैमिनि,6419d33e70192b6542b1e74f6bc6067ad803ebc0cee4976b7c915d7f6c35a074
P1,new_wikipedia_2021_30K,new,L20,113,http://new.wikipedia.org/wiki/बन्दीपुर,47b682fa72c72aaabf97cf98b7179534012288a403996ff5a4fd4e67f52c5e8c
P1,new_wikipedia_2021_30K,new,L20,114,http://new.wikipedia.org/wiki/माहेश्वर_सूत्र,602f8ace57f5c8b95d85bc0bfd60972fc3cfadb79c0529834346571cce31b798
P1,new_wikipedia_2021_30K,new,L20,115,http://new.wikipedia.org/wiki/लिम्बू,6972ed703063fe9dae3b66389cad8645dbbf194391895c4e6b3bc79ef44f093c
P1,new_wikipedia_2021_30K,new,L20,116,http://new.wikipedia.org/wiki/फ्रान्स,25107b63ae83b445d1ce4f72d399506a0623012fdab7630c7cc8bddb002506f3
P1,new_wikipedia_2021_30K,new,L20,117,http://new.wikipedia.org/wiki/जिब्राल्टर_हिन्दू_देगः,5347110088aa5f136d2056748269a46f1a0ea35d4816e5084c7e31dcf3059988
P1,new_wikipedia_2021_30K,new,L20,118,http://new.wikipedia.org/wiki/दर्‍मातोलोजी,8ee156808552df0ad850687b6dc6738e42e53962e262d8fd25f445e47200546a
P1,new_wikipedia_2021_30K,new,L20,119,http://new.wikipedia.org/wiki/रसायनशास्त्र,215b1420aa7dd7b5927571826026d207e1dc54d03a8cb9f7d96332e30a95439b
P1,new_wikipedia_2021_30K,new,L20,120,http://new.wikipedia.org/wiki/विक्रमशिला_विश्वविद्यालय,c8cb3511c2a497969cca9173b153eea0bcefabe2c8738c937d4725b435d67c81
P1,new_wikipedia_2021_30K,new,L20,121,http://new.wikipedia.org/wiki/पुरातत्व,2b6cd0da34720664aeef26474c4c2a48517a93096e745678d0d752cfbe343159
P1,new_wikipedia_2021_30K,new,L20,122,http://new.wikipedia.org/wiki/बेङ्गलूरु,28980475ccc1d37e8c098bc5b9faee31d315018f1d2cd10aff3e833fa5b79592
P1,new_wikipedia_2021_30K,new,L20,123,http://new.wikipedia.org/wiki/हेइटी,e3af1ee2de865b3678cfb1dfccf3bf2616ef5658cdce998bc16ade02dca289fe
P1,new_wikipedia_2021_30K,new,L20,124,http://new.wikipedia.org/wiki/सहसवान,fa72e85d7b4e380c4316d598504847459287a82cadb0c240fbca25758aba7995
P1,new_wikipedia_2021_30K,new,L20,125,http://new.wikipedia.org/wiki/आर्यभट,0893403df42ee1231ed07e058dccd47274bbcc5d70453373a5cead9cdd2e919e
P1,new_wikipedia_2021_30K,new,L20,126,http://new.wikipedia.org/wiki/इंडि_तालुका,55ea8a351013a6db5bea9aa400be10012080c0d05bd2bf202e4576cbd3f31f7b
P1,new_wikipedia_2021_30K,new,L20,127,http://new.wikipedia.org/wiki/राजा_किशोर_सिंह,72c4b47365a3b774f1b6e773dd25075a1dc0b8685d2cddc9a2c1f09f83541183
P1,new_wikipedia_2021_30K,new,L20,128,http://new.wikipedia.org/wiki/नेपाः_भाय्,c37b92fda19a40b6b7deb514114d4a6669ec3bedaba84be007f482f2abcc3668
P1,mai_wikipedia_2021_10K,mai,L20,1,http://mai.wikipedia.org/wiki/मैथिली_भाषा,6de86d791509d4f1cedfa07329f9bd6ad85dd540f564a5547b3ebee06f8eac99
P1,mai_wikipedia_2021_10K,mai,L20,2,http://mai.wikipedia.org/wiki/पाल_वंश,144f7e8fac5a6412ce839b0d06f5f4215a597d6bf8e98f838d6500185f0e0f3a
P1,mai_wikipedia_2021_10K,mai,L20,3,http://mai.wikipedia.org/wiki/सिआइडी_(धारावाहिक),02db49663133df0e5fc53f3965269314003754d089878a3ae2288e873132987b
P1,mai_wikipedia_2021_10K,mai,L20,4,http://mai.wikipedia.org/wiki/दड़िभङ्गा,3e28cb93f3be3cad7c8deb7144dadca4f7654365a10f543727e83dfaed2bebca
P1,mai_wikipedia_2021_10K,mai,L20,5,http://mai.wikipedia.org/wiki/समाजवाद,f6163997ba684350e7a8243f32172798de07cbfa7106154ea25d10c5765c73ec
P1,mai_wikipedia_2021_10K,mai,L20,6,http://mai.wikipedia.org/wiki/खतर_काका,babd1b8aea39c8250821c4ef9bca55f43c822b3f50def2964f8ff827529775ce
P1,mai_wikipedia_2021_10K,mai,L20,7,http://mai.wikipedia.org/wiki/रङ्गोली,c1f0e24c6ad2731b3f67532d38ff591983b95f32ac7f57a59e68ed4aa2c33a64
P1,mai_wikipedia_2021_10K,mai,L20,8,http://mai.wikipedia.org/wiki/मकवानपुर_जिला,3e4a03f90875c6bd5dab13e607def9a735ac3612411915a7cc9487790bd3a50f
P1,mai_wikipedia_2021_10K,mai,L20,9,http://mai.wikipedia.org/wiki/हरिमन्दिर_साहिब,cdd865df89a83e2e0965a3c9499d28935dfc73d37f3bc9041efb56d90bfa7aba
P1,mai_wikipedia_2021_10K,mai,L20,10,http://mai.wikipedia.org/wiki/मैथिली_गजल,d9dce05349f3d8e427ac8a3a1fc6f32848372d5a6b294cfe2eb37ddc55a99846
P1,mai_wikipedia_2021_10K,mai,L20,11,http://mai.wikipedia.org/wiki/वेब_पत्रकारिता_ओ_मैथिली,fec17f8785d26aa81153a51ea37f46d5e0b636b42d18f103a7458590003791e3
P1,mai_wikipedia_2021_10K,mai,L20,12,http://mai.wikipedia.org/wiki/म्यानह्याटन,8056ac4910a561bc540aa72923f83d172ab02431ac34846c318f209f31c0bc5c
P1,mai_wikipedia_2021_10K,mai,L20,13,http://mai.wikipedia.org/wiki/इटहरी_उपमहानगरपालिका,172be14f49f9c936e99695482d220023a7bd9e43203582d71f2f53c86ae33535
P1,mai_wikipedia_2021_10K,mai,L20,14,http://mai.wikipedia.org/wiki/प्रकाश-संश्लेषण,2201c1a9a116b0a77268ad07691adb608c73e05b2180baac617ac26969c2987f
P1,mai_wikipedia_2021_10K,mai,L20,15,http://mai.wikipedia.org/wiki/नेपाल,f3d6420e73d2ac0f2090f2e3f16e88a92092e58033feb3a637744973bf472bf1
P1,mai_wikipedia_2021_10K,mai,L20,16,http://mai.wikipedia.org/wiki/कुवैत_सिटी,f26c45df1a8fdf72e67e436c840f8c96fa9402c6dba311908f6086db7fb9b988
P1,mai_wikipedia_2021_10K,mai,L20,17,http://mai.wikipedia.org/wiki/अकासतर_बैसकी,0608d1cedffcf516accd1de3f7713721e535675b53c1644fdac908f911eb9d2f
P1,mai_wikipedia_2021_10K,mai,L20,18,http://mai.wikipedia.org/wiki/गङ्गा_नदी,0d7f1bb79a2225fe51d8e0d98c26cbc9bb8aea107c15f78e650e5c0f6c752445
P1,mai_wikipedia_2021_10K,mai,L20,19,http://mai.wikipedia.org/wiki/पवित्र_बाईबिल,f2a2485f920de74e98dad9f3570ba27ea914668706a2f513a82a54b4dbf354c4
P1,mai_wikipedia_2021_10K,mai,L20,20,http://mai.wikipedia.org/wiki/उत्तर_कोरिया,7bd3c49ea97d7be2f3f58873e9c52ca1e2759b8ebfa7332a5158c8cb991a3640
P1,mai_wikipedia_2021_10K,mai,L20,21,http://mai.wikipedia.org/wiki/महादेवी_वर्मा,ab4ce29468a16b3eb978d3b36d4c8114fdf85fe98e3c762d543943302f74c014
