lang,length,unit_id,pred
nep,L1,40,nep
nep,L1,56,nep
nep,L1,103,nep
nep,L1,165,nep
nep,L1,170,nep
nep,L1,190,nep
nep,L1,222,nep
nep,L1,228,nep
nep,L1,256,nep
nep,L1,270,nep
nep,L1,287,nep
nep,L1,294,npi
nep,L1,394,nep
nep,L1,434,nep
nep,L1,478,nep
nep,L1,487,nep
nep,L1,507,nep
nep,L1,544,nep
nep,L1,604,nep
nep,L1,653,nep
nep,L1,663,nep
nep,L1,670,nep
nep,L1,726,nep
nep,L1,799,nep
nep,L1,866,nep
nep,L1,875,nep
nep,L1,908,npi
nep,L1,1243,nep
nep,L1,1250,nep
nep,L1,1251,nep
nep,L1,1506,nep
nep,L1,1608,npi
nep,L1,1631,nep
nep,L1,1654,nep
nep,L1,1655,nep
nep,L1,1733,nep
nep,L1,1818,nep
nep,L1,1862,npi
nep,L1,1906,nep
nep,L1,1949,nep
nep,L1,1953,nep
nep,L1,1978,nep
nep,L1,2011,nep
nep,L1,2015,nep
nep,L1,2316,nep
nep,L1,2341,nep
nep,L1,2391,nep
nep,L1,2412,nep
nep,L1,2422,nep
nep,L1,2497,nep
nep,L1,2577,nep
nep,L1,2700,nep
nep,L1,2783,nep
nep,L1,2795,npi
nep,L1,2799,nep
nep,L1,2811,nep
nep,L1,2834,nep
nep,L1,2845,nep
nep,L1,2865,nep
nep,L1,2896,nep
nep,L1,2908,nep
nep,L1,2988,nep
nep,L1,2996,nep
nep,L1,2998,nep
nep,L1,3041,nep
nep,L1,3118,nep
nep,L1,3184,nep
nep,L1,3194,npi
nep,L1,3234,nep
nep,L1,3370,nep
nep,L1,3398,npi
nep,L1,3431,nep
nep,L1,3470,nep
nep,L1,3493,nep
nep,L1,3503,nep
nep,L1,3641,nep
nep,L1,3708,nep
nep,L1,3747,nep
nep,L1,3779,nep
nep,L1,3870,nep
nep,L1,3891,npi
nep,L1,3965,npi
nep,L1,3994,nep
nep,L1,4017,nep
nep,L1,4033,nep
nep,L1,4140,nep
nep,L1,4258,nep
nep,L1,4286,nep
nep,L1,4314,nep
nep,L1,4399,nep
nep,L1,4479,nep
nep,L1,4635,nep
nep,L1,4751,nep
nep,L1,4792,nep
nep,L1,4802,nep
nep,L1,4975,nep
nep,L1,4999,nep
nep,L1,5000,nep
nep,L1,5198,nep
nep,L1,5205,nep
nep,L1,5267,nep
nep,L1,5324,nep
nep,L1,5532,nep
nep,L1,5600,nep
nep,L1,5685,nep
nep,L1,5695,nep
nep,L1,5715,nep
nep,L1,5717,nep
nep,L1,5749,nep
nep,L1,5777,nep
nep,L1,5812,nep
nep,L1,5881,nep
nep,L1,5925,nep
nep,L1,5929,npi
nep,L1,6024,nep
nep,L1,6069,nep
nep,L1,6255,npi
nep,L1,6256,nep
nep,L1,6598,npi
nep,L1,6671,npi
nep,L1,6687,npi
nep,L1,6688,nep
nep,L1,6719,nep
nep,L1,6808,nep
nep,L1,6876,npi
nep,L1,6879,nep
nep,L1,6910,nep
nep,L1,6939,nep
nep,L1,6978,npi
nep,L1,7005,nep
nep,L1,7106,nep
nep,L1,7163,nep
nep,L1,7164,nep
nep,L1,7195,npi
nep,L1,7302,npi
nep,L1,7322,nep
nep,L1,7379,npi
nep,L1,7399,npi
nep,L1,7451,nep
nep,L1,7466,nep
nep,L1,7490,nep
nep,L1,7627,nep
nep,L1,7751,nep
nep,L1,7781,nep
nep,L1,7814,nep
nep,L1,7819,nep
nep,L1,7824,nep
nep,L1,7878,nep
nep,L1,7906,nep
nep,L1,7955,nep
nep,L1,7966,nep
nep,L1,7976,nep
nep,L1,7989,nep
nep,L1,8033,nep
nep,L1,8063,npi
nep,L1,8104,nep
nep,L1,8183,nep
nep,L1,8207,nep
nep,L1,8248,npi
nep,L1,8263,nep
nep,L1,8349,nep
nep,L1,8367,npi
nep,L1,8383,nep
nep,L1,8393,nep
nep,L1,8543,nep
nep,L1,8560,nep
nep,L1,8577,nep
nep,L1,8584,nep
nep,L1,8592,npi
nep,L1,8605,npi
nep,L1,8619,nep
nep,L1,8626,nep
nep,L1,8673,nep
nep,L1,8674,nep
nep,L1,8697,nep
nep,L1,8841,npi
nep,L1,8855,nep
nep,L1,8947,nep
nep,L1,9116,nep
nep,L1,9166,nep
nep,L1,9244,nep
nep,L1,9262,npi
nep,L1,9294,nep
nep,L1,9317,nep
nep,L1,9364,nep
nep,L1,9429,npi
nep,L1,9492,npi
nep,L1,9504,nep
nep,L1,9533,nep
nep,L1,9588,nep
nep,L1,9606,nep
nep,L1,9628,npi
nep,L1,9645,nep
nep,L1,9672,nep
nep,L1,9737,nep
nep,L1,9768,npi
nep,L1,9781,npi
nep,L1,9881,nep
nep,L1,9899,nep
nep,L1,9935,nep
nep,L1,10012,nep
nep,L1,10080,npi
nep,L1,10201,npi
nep,L1,10272,nep
nep,L1,10274,nep
nep,L1,10365,nep
nep,L1,10506,nep
nep,L1,10795,nep
nep,L1,10813,nep
nep,L1,10880,nep
nep,L1,10890,nep
nep,L1,10916,nep
nep,L1,10959,nep
nep,L1,10961,nep
nep,L1,10964,nep
nep,L1,11050,nep
nep,L1,11074,nep
nep,L1,11153,nep
nep,L1,11256,nep
nep,L1,11294,nep
nep,L1,11295,nep
nep,L1,11346,nep
nep,L1,11405,nep
nep,L1,11441,npi
nep,L1,11467,nep
nep,L1,11522,nep
nep,L1,11553,nep
nep,L1,11624,nep
nep,L1,11689,nep
nep,L1,11745,npi
nep,L1,11755,nep
nep,L1,11779,nep
nep,L1,11782,nep
nep,L1,11847,npi
nep,L1,11894,nep
nep,L1,11966,nep
nep,L1,12004,nep
nep,L1,12036,nep
nep,L1,12054,nep
nep,L1,12134,nep
nep,L1,12168,nep
nep,L1,12175,nep
nep,L1,12176,nep
nep,L1,12220,nep
nep,L1,12295,nep
nep,L1,12362,nep
nep,L1,12372,nep
nep,L1,12428,nep
nep,L1,12434,nep
nep,L1,12441,nep
nep,L1,12500,nep
nep,L1,12533,nep
nep,L1,12596,nep
nep,L1,12610,nep
nep,L1,12627,nep
nep,L1,12636,nep
nep,L1,12684,nep
nep,L1,12719,nep
nep,L1,12778,nep
nep,L1,12789,nep
nep,L1,12793,nep
nep,L1,12931,nep
nep,L1,13000,nep
nep,L1,13011,nep
nep,L1,13059,nep
nep,L1,13208,nep
nep,L1,13220,npi
nep,L1,13221,nep
nep,L1,13227,nep
nep,L1,13325,nep
nep,L1,13337,nep
nep,L1,13353,nep
nep,L1,13381,npi
nep,L1,13572,nep
nep,L1,13604,nep
nep,L1,13607,nep
nep,L1,13734,nep
nep,L1,13754,nep
nep,L1,13924,nep
nep,L1,13928,nep
nep,L1,13945,nep
nep,L1,14006,nep
nep,L1,14023,nep
nep,L1,14053,nep
nep,L1,14197,nep
nep,L1,14219,nep
nep,L1,14233,nep
nep,L1,14364,nep
nep,L1,14383,nep
nep,L1,14400,nep
nep,L1,14402,nep
nep,L1,14408,nep
nep,L1,14480,nep
nep,L1,14515,nep
nep,L1,14633,nep
nep,L1,14645,npi
nep,L1,14652,nep
nep,L1,14668,nep
nep,L1,14746,npi
nep,L1,14876,nep
nep,L1,14994,nep
nep,L1,15014,nep
nep,L1,15046,nep
nep,L1,15052,nep
nep,L1,15175,nep
nep,L1,15211,nep
nep,L1,15254,nep
nep,L1,15294,nep
nep,L1,15309,nep
nep,L1,15385,nep
nep,L1,15403,nep
nep,L1,15405,nep
nep,L1,15489,nep
nep,L1,15535,nep
nep,L1,15636,nep
nep,L1,15732,nep
nep,L1,15760,nep
nep,L1,15838,nep
nep,L1,15840,nep
nep,L1,15846,npi
nep,L1,15918,nep
nep,L1,15949,nep
nep,L1,16060,nep
nep,L1,16153,nep
nep,L1,16163,nep
nep,L1,16224,nep
nep,L1,16308,nep
nep,L1,16331,nep
nep,L1,16343,nep
nep,L1,16383,nep
nep,L1,16473,npi
nep,L1,16506,nep
nep,L1,16518,nep
nep,L1,16521,nep
nep,L1,16524,nep
nep,L1,16525,nep
nep,L1,16625,nep
nep,L1,16681,nep
nep,L1,16772,nep
nep,L1,16784,npi
nep,L1,16826,nep
nep,L1,16856,nep
nep,L1,16893,nep
nep,L1,16900,nep
nep,L1,16917,nep
nep,L1,17196,nep
nep,L1,17261,nep
nep,L1,17295,npi
nep,L1,17299,nep
nep,L1,17311,nep
nep,L1,17353,nep
nep,L1,17379,nep
nep,L1,17404,nep
nep,L1,17431,nep
nep,L1,17502,nep
nep,L1,17599,nep
nep,L1,17640,npi
nep,L1,17641,nep
nep,L1,17665,nep
nep,L1,17667,npi
nep,L1,17741,nep
nep,L1,17786,nep
nep,L1,17817,nep
nep,L1,17858,nep
nep,L1,17931,nep
nep,L1,17975,nep
nep,L1,18046,nep
nep,L1,18048,nep
nep,L1,18090,nep
nep,L1,18127,npi
nep,L1,18183,nep
nep,L1,18207,nep
nep,L1,18365,npi
nep,L1,18385,npi
nep,L1,18402,nep
nep,L1,18553,nep
nep,L1,18560,nep
nep,L1,18586,nep
nep,L1,18641,nep
nep,L1,18658,nep
nep,L1,18727,nep
nep,L1,18765,nep
nep,L1,18958,npi
nep,L1,18971,nep
nep,L1,18988,nep
nep,L1,19033,nep
nep,L1,19047,nep
nep,L1,19055,nep
nep,L1,19059,nep
nep,L1,19100,nep
nep,L1,19133,nep
nep,L1,19175,nep
nep,L1,19210,npi
nep,L1,19357,npi
nep,L1,19498,nep
nep,L1,19624,nep
nep,L1,19676,nep
nep,L1,19685,nep
nep,L1,19706,nep
nep,L1,19753,nep
nep,L1,19757,npi
nep,L1,19807,nep
nep,L1,19863,nep
nep,L1,19958,npi
nep,L1,19973,nep
nep,L1,19985,npi
nep,L1,20006,nep
nep,L1,20023,npi
nep,L1,20032,nep
nep,L1,20119,npi
nep,L1,20227,nep
nep,L1,20235,nep
nep,L1,20277,nep
nep,L1,20297,nep
nep,L1,20300,nep
nep,L1,20307,npi
nep,L1,20383,nep
nep,L1,20397,npi
nep,L1,20413,nep
nep,L1,20419,nep
nep,L1,20461,nep
nep,L1,20611,nep
nep,L1,20637,nep
nep,L1,20700,nep
nep,L1,20718,nep
nep,L1,20805,nep
nep,L1,20809,nep
nep,L1,20814,npi
nep,L1,20882,nep
nep,L1,20890,nep
nep,L1,20896,nep
nep,L1,20919,nep
nep,L1,21044,npi
nep,L1,21068,nep
nep,L1,21085,nep
nep,L1,21186,nep
nep,L1,21187,nep
nep,L1,21220,npi
nep,L1,21230,npi
nep,L1,21333,nep
nep,L1,21353,nep
nep,L1,21378,nep
nep,L1,21426,nep
nep,L1,21452,nep
nep,L1,21462,nep
nep,L1,21491,nep
nep,L1,21501,nep
nep,L1,21539,nep
nep,L1,21548,npi
nep,L1,21638,nep
nep,L1,21828,nep
nep,L1,21847,nep
nep,L1,21860,nep
nep,L1,21861,nep
nep,L1,21894,npi
nep,L1,21941,nep
nep,L1,21994,nep
nep,L1,22035,npi
nep,L1,22090,npi
nep,L1,22105,nep
nep,L1,22157,nep
nep,L1,22167,nep
nep,L1,22185,nep
nep,L1,22243,nep
nep,L1,22281,npi
nep,L1,22297,nep
nep,L1,22398,nep
nep,L1,22456,npi
nep,L1,22488,npi
nep,L1,22512,npi
nep,L1,22657,nep
nep,L1,22661,nep
nep,L1,22670,nep
nep,L1,22671,nep
nep,L1,22682,nep
nep,L1,22720,nep
nep,L1,22746,nep
nep,L1,22851,nep
nep,L1,22852,nep
nep,L1,22972,nep
nep,L1,23003,nep
nep,L1,23070,nep
nep,L1,23083,npi
nep,L1,23086,nep
nep,L1,23237,npi
nep,L1,23257,nep
nep,L1,23301,nep
nep,L1,23327,nep
nep,L1,23430,nep
nep,L1,23438,nep
nep,L1,23480,nep
nep,L1,23486,npi
nep,L1,23524,nep
nep,L1,23581,npi
nep,L1,23792,npi
nep,L1,23809,nep
nep,L1,23856,npi
nep,L1,23937,nep
nep,L1,23944,nep
nep,L1,24004,nep
nep,L1,24014,nep
nep,L1,24046,nep
nep,L1,24071,nep
nep,L1,24074,nep
nep,L1,24080,nep
nep,L1,24095,nep
nep,L1,24125,npi
nep,L1,24129,nep
nep,L1,24238,nep
nep,L1,24291,nep
nep,L1,24343,nep
nep,L1,24389,nep
nep,L1,24410,nep
nep,L1,24455,nep
nep,L1,24527,nep
nep,L1,24554,nep
nep,L1,24575,nep
nep,L1,24596,nep
nep,L1,24600,npi
nep,L1,24604,nep
nep,L1,24633,nep
nep,L1,24647,nep
nep,L1,24677,nep
nep,L1,24687,nep
nep,L1,24709,nep
nep,L1,24713,nep
nep,L1,24780,nep
nep,L1,24781,npi
nep,L1,24830,npi
nep,L1,24845,nep
nep,L1,24853,nep
nep,L1,24858,nep
nep,L1,24897,npi
nep,L1,24932,nep
nep,L1,24992,nep
nep,L1,25038,nep
nep,L1,25126,nep
nep,L1,25139,nep
nep,L1,25168,nep
nep,L1,25183,nep
nep,L1,25429,npi
nep,L1,25537,npi
nep,L1,25635,nep
nep,L1,25668,nep
nep,L1,25710,nep
nep,L1,25726,nep
nep,L1,25857,npi
nep,L1,25992,nep
nep,L1,26147,nep
nep,L1,26229,nep
nep,L1,26305,nep
nep,L1,26417,nep
nep,L1,26421,nep
nep,L1,26493,nep
nep,L1,26551,nep
nep,L1,26554,nep
nep,L1,26555,nep
nep,L1,26603,nep
nep,L1,26629,nep
nep,L1,26646,nep
nep,L1,26684,nep
nep,L1,26896,nep
nep,L1,27174,nep
nep,L1,27182,nep
nep,L1,27210,nep
nep,L1,27217,nep
nep,L1,27251,nep
nep,L1,27455,nep
nep,L1,27626,nep
nep,L1,27641,nep
nep,L1,27666,nep
nep,L1,27700,npi
nep,L1,27701,npi
nep,L1,27775,nep
nep,L1,27806,npi
nep,L1,27840,nep
nep,L1,27893,npi
nep,L1,27895,nep
nep,L1,27897,nep
nep,L1,27901,nep
nep,L1,27943,nep
nep,L1,27956,nep
nep,L1,28059,nep
nep,L1,28133,nep
nep,L1,28183,npi
nep,L1,28319,nep
nep,L1,28361,nep
nep,L1,28372,nep
nep,L1,28380,nep
nep,L1,28501,npi
nep,L1,28608,nep
nep,L1,28764,nep
nep,L1,28773,nep
nep,L1,28828,nep
nep,L1,28872,nep
nep,L1,28901,nep
nep,L1,28935,nep
nep,L1,28963,nep
nep,L1,29038,nep
nep,L1,29116,nep
nep,L1,29146,nep
nep,L1,29280,npi
nep,L1,29357,nep
nep,L1,29360,nep
nep,L1,29386,nep
nep,L1,29423,nep
nep,L1,29615,nep
nep,L1,29644,nep
nep,L1,29684,nep
nep,L1,29729,nep
nep,L1,29737,npi
nep,L1,29767,nep
nep,L1,29796,nep
nep,L1,29816,nep
nep,L1,29821,nep
nep,L1,29837,nep
nep,L1,29987,nep
nep,L1,29999,nep
nep,L1,30055,nep
nep,L1,30059,nep
nep,L1,30086,npi
nep,L1,30260,nep
nep,L1,30358,nep
nep,L1,30364,nep
nep,L1,30495,nep
nep,L1,30501,npi
nep,L1,30620,nep
nep,L1,30638,nep
nep,L1,30686,nep
nep,L1,30701,npi
nep,L1,30733,nep
nep,L1,30755,nep
nep,L1,30777,nep
nep,L1,30794,npi
nep,L1,30806,nep
nep,L1,30902,nep
nep,L1,30962,nep
nep,L1,30983,nep
nep,L1,30987,nep
nep,L1,31102,nep
nep,L1,31155,nep
nep,L1,31156,nep
nep,L1,31183,npi
nep,L1,31197,nep
nep,L1,31216,nep
nep,L1,31231,nep
nep,L1,31249,nep
nep,L1,31257,nep
nep,L1,31289,nep
nep,L1,31294,nep
nep,L1,31428,nep
nep,L1,31478,npi
nep,L1,31529,nep
nep,L1,31596,nep
nep,L1,31698,npi
nep,L1,31782,nep
nep,L1,31821,nep
nep,L1,31825,nep
nep,L1,31860,nep
nep,L1,31959,nep
nep,L1,32067,npi
nep,L1,32136,nep
nep,L1,32354,nep
nep,L1,32360,nep
nep,L1,32390,nep
nep,L1,32463,npi
nep,L1,32478,nep
nep,L1,32534,nep
nep,L1,32556,npi
nep,L1,32602,nep
nep,L1,32623,npi
nep,L1,32641,nep
nep,L1,32758,nep
nep,L1,32824,nep
nep,L1,32879,nep
nep,L1,32904,npi
nep,L1,32967,nep
nep,L1,33051,nep
nep,L1,33093,npi
nep,L1,33101,nep
nep,L1,33157,nep
nep,L1,33212,nep
nep,L1,33258,nep
nep,L1,33304,nep
nep,L1,33318,nep
nep,L1,33349,nep
nep,L1,33359,npi
nep,L1,33517,nep
nep,L1,33554,nep
nep,L1,33599,nep
nep,L1,33644,npi
nep,L1,33665,nep
nep,L1,34029,nep
nep,L1,34048,nep
nep,L1,34053,nep
nep,L1,34113,npi
nep,L1,34282,nep
nep,L1,34401,nep
nep,L1,34450,nep
nep,L1,34456,nep
nep,L1,34509,nep
nep,L1,34556,nep
nep,L1,34558,nep
nep,L1,34654,nep
nep,L1,34814,nep
nep,L1,34831,nep
nep,L1,34832,nep
nep,L1,34929,npi
nep,L1,34995,nep
nep,L1,35065,nep
nep,L1,35081,nep
nep,L1,35162,nep
nep,L1,35172,nep
nep,L1,35199,nep
nep,L1,35234,nep
nep,L1,35422,nep
nep,L1,35434,npi
nep,L1,35458,nep
nep,L1,35462,nep
nep,L1,35512,npi
nep,L1,35561,npi
nep,L1,35592,npi
nep,L1,35699,npi
nep,L1,35805,nep
nep,L1,35971,nep
nep,L1,36006,nep
nep,L1,36029,npi
nep,L1,36112,nep
nep,L1,36171,nep
nep,L1,36197,nep
nep,L1,36207,nep
nep,L1,36219,nep
nep,L1,36239,nep
nep,L1,36308,nep
nep,L1,36317,nep
nep,L1,36401,nep
nep,L1,36462,npi
nep,L1,36479,npi
nep,L1,36521,nep
nep,L1,36561,nep
nep,L1,36602,nep
nep,L1,36627,nep
nep,L1,36727,nep
nep,L1,36731,npi
nep,L1,36739,nep
nep,L1,36750,nep
nep,L1,36854,npi
nep,L1,36892,nep
nep,L1,36952,nep
nep,L1,37094,npi
nep,L1,37116,nep
nep,L1,37148,nep
nep,L1,37229,nep
nep,L1,37254,npi
nep,L1,37306,npi
nep,L1,37401,nep
nep,L1,37413,npi
nep,L1,37415,nep
nep,L1,37454,nep
nep,L1,37502,san
nep,L1,37593,npi
nep,L1,37658,npi
nep,L1,37687,npi
nep,L1,37759,nep
nep,L1,37773,nep
nep,L1,37858,nep
nep,L1,37914,nep
nep,L1,37974,nep
nep,L1,38004,nep
nep,L1,38152,nep
nep,L1,38169,nep
nep,L1,38196,npi
nep,L1,38219,npi
nep,L1,38249,nep
nep,L1,38260,nep
nep,L1,38338,nep
nep,L1,38351,npi
nep,L1,38404,nep
nep,L1,38497,nep
nep,L1,38594,npi
nep,L1,38679,npi
nep,L1,38728,npi
nep,L1,38802,npi
nep,L1,38938,npi
nep,L1,38966,nep
nep,L1,39012,nep
nep,L1,39069,nep
nep,L1,39080,nep
nep,L1,39114,nep
nep,L1,39162,nep
nep,L1,39195,nep
nep,L1,39211,nep
nep,L1,39217,nep
nep,L1,39261,npi
nep,L1,39271,nep
nep,L1,39287,npi
nep,L1,39333,nep
nep,L1,39398,nep
nep,L1,39438,nep
nep,L1,39453,nep
nep,L1,39490,nep
nep,L1,39542,nep
nep,L1,39566,nep
nep,L1,39584,nep
nep,L1,39643,npi
nep,L1,39722,npi
nep,L1,39726,nep
nep,L1,39763,nep
nep,L1,39869,npi
nep,L1,39930,nep
nep,L1,39951,npi
nep,L1,39970,npi
nep,L1,39994,nep
nep,L1,40014,nep
nep,L1,40026,nep
nep,L1,40100,nep
nep,L1,40158,nep
nep,L1,40222,nep
nep,L1,40247,nep
nep,L1,40424,nep
nep,L1,40436,nep
nep,L1,40464,nep
nep,L1,40473,nep
nep,L1,40485,nep
nep,L1,40499,nep
nep,L1,40503,npi
nep,L1,40587,nep
nep,L1,40597,npi
nep,L1,40671,npi
nep,L1,40687,nep
nep,L1,40691,npi
nep,L1,40852,nep
nep,L1,40927,nep
nep,L1,41026,nep
nep,L1,41136,nep
nep,L1,41171,npi
nep,L1,41183,nep
nep,L1,41184,nep
nep,L1,41290,nep
nep,L1,41353,nep
nep,L1,41360,nep
nep,L1,41378,nep
nep,L1,41388,nep
nep,L1,41470,nep
nep,L1,41483,npi
nep,L1,41519,npi
nep,L1,41523,nep
nep,L1,41539,nep
nep,L1,41578,nep
nep,L1,41663,nep
nep,L1,41676,nep
nep,L1,41882,nep
nep,L1,41949,nep
nep,L1,41955,nep
nep,L1,41971,npi
nep,L1,42009,nep
nep,L1,42037,nep
nep,L1,42085,nep
nep,L1,42100,nep
nep,L1,42109,nep
nep,L1,42115,nep
nep,L1,42126,npi
nep,L1,42161,nep
nep,L1,42268,nep
nep,L1,42340,npi
nep,L1,42341,npi
nep,L1,42342,nep
nep,L1,42356,nep
nep,L1,42411,nep
nep,L1,42464,nep
nep,L1,42567,npi
nep,L1,42643,npi
nep,L1,42707,nep
nep,L1,42743,nep
nep,L1,42797,nep
nep,L1,42821,nep
nep,L1,42824,nep
nep,L1,42859,nep
nep,L1,42892,nep
nep,L1,42907,nep
nep,L1,42911,nep
nep,L1,43019,nep
nep,L1,43035,nep
nep,L1,43147,nep
nep,L1,43172,nep
nep,L1,43214,nep
nep,L1,43215,npi
nep,L1,43247,nep
nep,L1,43289,nep
nep,L1,43315,nep
nep,L1,43411,nep
nep,L1,43493,nep
nep,L1,43589,nep
nep,L1,43607,nep
nep,L1,43661,npi
nep,L1,43751,npi
nep,L1,43761,nep
nep,L1,43773,nep
nep,L1,43825,nep
nep,L1,43827,nep
nep,L1,44031,nep
nep,L1,44032,nep
nep,L1,44095,nep
nep,L1,44102,nep
nep,L1,44162,nep
nep,L1,44178,nep
nep,L1,44284,nep
nep,L1,44295,nep
nep,L1,44336,nep
nep,L1,44415,nep
nep,L1,44484,nep
nep,L1,44526,npi
nep,L1,44528,nep
nep,L1,44546,nep
nep,L1,44555,nep
nep,L1,44696,nep
nep,L1,44767,nep
nep,L1,44849,nep
nep,L1,45000,nep
nep,L1,45009,nep
nep,L1,45045,nep
nep,L1,45106,npi
nep,L1,45198,nep
nep,L1,45225,nep
nep,L1,45245,nep
nep,L1,45274,nep
nep,L1,45415,nep
nep,L1,45492,nep
nep,L1,45566,nep
nep,L1,45612,nep
nep,L1,45743,nep
nep,L1,45767,nep
nep,L1,45850,nep
nep,L1,45874,nep
nep,L1,45876,npi
nep,L1,46036,nep
nep,L1,46079,nep
nep,L1,46118,npi
nep,L1,46178,nep
nep,L1,46288,nep
nep,L1,46316,nep
nep,L1,46373,npi
nep,L1,46376,npi
nep,L1,46435,nep
nep,L1,46498,npi
nep,L1,46541,nep
nep,L1,46565,nep
nep,L1,46589,npi
nep,L1,46698,npi
nep,L1,46702,nep
nep,L1,46758,nep
nep,L1,46787,nep
nep,L1,46845,npi
nep,L1,46856,nep
nep,L1,46922,nep
nep,L1,46986,nep
nep,L1,47056,nep
nep,L1,47082,npi
nep,L1,47121,nep
nep,L1,47159,nep
nep,L1,47160,nep
nep,L1,47202,nep
nep,L1,47213,nep
nep,L1,47215,nep
nep,L1,47278,nep
nep,L1,47326,nep
nep,L1,47338,nep
nep,L1,47349,nep
nep,L1,47382,nep
nep,L1,47397,nep
nep,L1,47404,nep
nep,L1,47421,nep
nep,L1,47452,nep
nep,L1,47488,nep
nep,L1,47494,nep
nep,L1,47613,nep
nep,L1,47688,npi
nep,L1,47720,nep
nep,L1,47730,nep
nep,L1,47863,npi
nep,L1,47891,npi
nep,L1,47919,nep
nep,L1,48211,nep
nep,L1,48227,nep
nep,L1,48306,nep
nep,L1,48383,nep
nep,L1,48409,nep
nep,L1,48461,nep
nep,L1,48535,npi
nep,L1,48559,nep
nep,L1,48604,nep
nep,L1,48696,nep
nep,L1,48705,nep
nep,L1,48728,nep
nep,L1,48879,nep
nep,L1,48897,nep
nep,L1,48924,nep
nep,L1,48931,nep
nep,L1,48940,nep
nep,L1,48982,nep
nep,L1,48995,nep
nep,L1,49013,npi
nep,L1,49014,npi
nep,L1,49018,npi
nep,L1,49028,npi
nep,L1,49071,nep
nep,L1,49142,nep
nep,L1,49183,nep
nep,L1,49201,nep
nep,L1,49290,npi
nep,L1,49369,nep
nep,L1,49383,npi
nep,L1,49496,npi
nep,L1,49521,nep
nep,L1,49541,nep
nep,L1,49569,nep
nep,L1,49585,nep
nep,L1,49607,nep
nep,L1,49715,nep
nep,L1,49747,npi
nep,L1,49748,npi
nep,L1,49784,nep
nep,L1,49801,nep
nep,L1,49839,nep
nep,L1,49848,nep
nep,L1,49925,npi
nep,L1,50001,npi
nep,L1,50044,npi
nep,L1,50051,nep
nep,L1,50056,nep
nep,L1,50110,nep
nep,L1,50154,nep
nep,L1,50177,nep
nep,L1,50208,npi
nep,L1,50358,nep
nep,L1,50442,npi
nep,L1,50484,nep
nep,L1,50554,nep
nep,L1,50581,nep
nep,L1,50620,npi
nep,L1,50746,nep
nep,L1,50824,nep
nep,L1,50860,nep
nep,L1,50874,npi
nep,L1,50989,nep
nep,L1,51035,nep
nep,L1,51076,nep
nep,L1,51146,nep
nep,L1,51388,nep
nep,L1,51393,nep
nep,L1,51474,npi
nep,L1,51668,nep
nep,L1,51682,nep
nep,L1,51695,nep
nep,L1,51705,nep
nep,L1,51831,nep
nep,L1,51841,nep
nep,L1,51885,nep
nep,L1,51891,nep
nep,L1,51898,nep
nep,L1,52070,npi
nep,L1,52077,nep
nep,L1,52123,nep
nep,L1,52131,nep
nep,L1,52240,nep
nep,L1,52323,nep
nep,L1,52385,nep
nep,L1,52456,nep
nep,L1,52543,nep
nep,L1,52575,nep
nep,L1,52598,nep
nep,L1,52639,nep
nep,L1,52740,nep
nep,L1,52768,npi
nep,L1,52777,nep
nep,L1,52876,nep
nep,L1,52924,nep
nep,L1,53069,nep
nep,L1,53289,nep
nep,L1,53356,nep
nep,L1,53542,npi
nep,L1,53567,nep
nep,L1,53580,npi
nep,L1,53593,nep
nep,L1,53612,nep
nep,L1,53674,nep
nep,L1,53719,nep
nep,L1,53831,nep
nep,L1,53878,nep
nep,L1,53883,nep
nep,L1,53969,nep
nep,L1,54032,nep
nep,L1,54033,nep
nep,L1,54039,nep
nep,L1,54065,nep
nep,L1,54172,nep
nep,L1,54225,nep
nep,L1,54323,nep
nep,L1,54486,nep
nep,L1,54510,nep
nep,L1,54534,npi
nep,L1,54634,nep
nep,L1,54670,nep
nep,L1,54698,nep
nep,L1,54803,nep
nep,L1,54885,nep
nep,L1,54925,nep
nep,L1,54988,nep
nep,L1,55049,nep
nep,L1,55096,nep
nep,L1,55181,nep
nep,L1,55280,nep
nep,L1,55298,npi
nep,L1,55388,nep
nep,L1,55444,nep
nep,L1,55454,nep
nep,L1,55497,nep
nep,L1,55535,nep
nep,L1,55583,nep
nep,L1,55685,nep
nep,L1,55863,nep
nep,L1,55880,nep
nep,L1,55920,npi
nep,L1,55985,nep
nep,L1,56050,npi
nep,L1,56180,nep
nep,L1,56236,npi
nep,L1,56299,nep
nep,L1,56403,nep
nep,L1,56416,new
nep,L1,56446,nep
nep,L1,56530,nep
nep,L1,56537,nep
nep,L1,56548,npi
nep,L1,56590,nep
nep,L1,56593,nep
nep,L1,56601,nep
nep,L1,56682,nep
nep,L1,56691,nep
nep,L1,56736,nep
nep,L1,56756,nep
nep,L1,56809,npi
nep,L1,56819,nep
nep,L1,56862,nep
nep,L1,57048,npi
nep,L1,57062,nep
nep,L1,57068,nep
nep,L1,57237,nep
nep,L1,57279,nep
nep,L1,57357,nep
nep,L1,57431,npi
nep,L1,57608,npi
nep,L1,57613,nep
nep,L1,57618,nep
nep,L1,57884,nep
nep,L1,57916,nep
nep,L1,57941,nep
nep,L1,58006,nep
nep,L1,58104,nep
nep,L1,58111,nep
nep,L1,58190,nep
nep,L1,58262,nep
nep,L1,58265,nep
nep,L1,58269,nep
nep,L1,58308,nep
nep,L1,58413,nep
nep,L1,58443,nep
nep,L1,58473,nep
nep,L1,58474,nep
nep,L1,58481,nep
nep,L1,58513,nep
nep,L1,58617,nep
nep,L1,58681,nep
nep,L1,58710,nep
nep,L1,58716,nep
nep,L1,58721,nep
nep,L1,58724,nep
nep,L1,58768,nep
nep,L1,58868,nep
nep,L1,58939,npi
nep,L1,59041,nep
nep,L1,59115,nep
nep,L1,59165,nep
nep,L1,59265,nep
nep,L1,59270,nep
nep,L1,59496,nep
nep,L1,59668,nep
nep,L1,59669,nep
nep,L1,59677,npi
nep,L1,59723,npi
nep,L1,59748,nep
nep,L1,59820,nep
nep,L1,59843,nep
nep,L1,59865,nep
nep,L1,59937,nep
nep,L1,59968,nep
nep,L1,59996,npi
nep,L1,60010,nep
nep,L1,60061,nep
nep,L1,60065,nep
nep,L1,60091,nep
nep,L1,60146,nep
nep,L1,60213,nep
nep,L1,60245,nep
nep,L1,60251,npi
nep,L1,60321,npi
nep,L1,60345,npi
nep,L1,60519,nep
nep,L1,60642,npi
nep,L1,60656,npi
nep,L1,60741,nep
nep,L1,60798,nep
nep,L1,60808,npi
nep,L1,60813,npi
nep,L1,60889,nep
nep,L1,60894,nep
nep,L1,60901,nep
nep,L1,60923,nep
nep,L1,60932,nep
nep,L1,60968,npi
nep,L1,61071,nep
nep,L1,61114,nep
nep,L1,61231,nep
nep,L1,61250,nep
nep,L1,61258,nep
nep,L1,61294,nep
nep,L1,61297,nep
nep,L1,61327,nep
nep,L1,61398,nep
nep,L1,61433,nep
nep,L1,61447,nep
nep,L1,61465,nep
nep,L1,61480,nep
nep,L1,61484,nep
nep,L1,61491,npi
nep,L1,61579,nep
nep,L1,61727,nep
nep,L1,61939,nep
nep,L1,61943,nep
nep,L1,61962,nep
nep,L1,61984,npi
nep,L1,61991,nep
nep,L1,62116,npi
nep,L1,62118,nep
nep,L1,62127,nep
nep,L1,62154,nep
nep,L1,62275,nep
nep,L1,62282,npi
nep,L1,62299,nep
nep,L1,62371,nep
nep,L1,62398,npi
nep,L1,62413,nep
nep,L1,62478,nep
nep,L1,62516,nep
nep,L1,62718,nep
nep,L1,62748,nep
nep,L1,62783,nep
nep,L1,62870,npi
nep,L1,62922,npi
nep,L1,63199,npi
nep,L1,63203,nep
nep,L1,63208,nep
nep,L1,63221,nep
nep,L1,63269,nep
nep,L1,63323,nep
nep,L1,63395,npi
nep,L1,63404,nep
nep,L1,63470,nep
nep,L1,63524,nep
nep,L1,63529,npi
nep,L1,63563,nep
nep,L1,63651,nep
nep,L1,63722,nep
nep,L1,63791,nep
nep,L1,63817,nep
nep,L1,63831,npi
nep,L1,63960,nep
nep,L1,63990,nep
nep,L1,64009,nep
nep,L1,64014,nep
nep,L1,64033,nep
nep,L1,64063,nep
nep,L1,64176,nep
nep,L1,64227,nep
nep,L1,64270,nep
nep,L1,64331,nep
nep,L1,64333,nep
nep,L1,64349,nep
nep,L1,64381,nep
nep,L1,64413,npi
nep,L1,64437,nep
nep,L1,64444,nep
nep,L1,64474,nep
nep,L1,64686,nep
nep,L1,64777,npi
nep,L1,64791,nep
nep,L1,64858,nep
nep,L1,64943,nep
nep,L1,64977,nep
nep,L1,64994,nep
nep,L1,65045,nep
nep,L1,65092,npi
nep,L1,65119,nep
nep,L1,65128,nep
nep,L1,65186,nep
nep,L1,65187,nep
nep,L1,65190,nep
nep,L1,65282,nep
nep,L1,65392,nep
nep,L1,65534,nep
nep,L1,65544,npi
nep,L1,65657,nep
nep,L1,65706,nep
nep,L1,65711,nep
nep,L1,65806,nep
nep,L1,65827,nep
nep,L1,65841,nep
nep,L1,65844,nep
nep,L1,65868,nep
nep,L1,65914,npi
nep,L1,65930,nep
nep,L1,65934,npi
nep,L1,66017,nep
nep,L1,66025,nep
nep,L1,66087,nep
nep,L1,66104,nep
nep,L1,66138,nep
nep,L1,66144,nep
nep,L1,66156,nep
nep,L1,66168,nep
nep,L1,66169,nep
nep,L1,66258,nep
nep,L1,66288,nep
nep,L1,66367,nep
nep,L1,66418,nep
nep,L1,66503,nep
nep,L1,66591,nep
nep,L1,66613,nep
nep,L1,66618,nep
nep,L1,66635,nep
nep,L1,66722,nep
nep,L1,66725,nep
nep,L1,66728,nep
nep,L1,66733,npi
nep,L1,66746,npi
nep,L1,66781,npi
nep,L1,66792,nep
nep,L1,66903,nep
nep,L1,67025,nep
nep,L1,67036,nep
nep,L1,67040,nep
nep,L1,67113,nep
nep,L1,67135,nep
nep,L1,67136,nep
nep,L1,67200,nep
nep,L1,67204,nep
nep,L1,67243,nep
nep,L1,67291,nep
nep,L1,67328,nep
nep,L1,67404,nep
nep,L1,67448,nep
nep,L1,67504,nep
nep,L1,67511,nep
nep,L1,67515,nep
nep,L1,67543,nep
nep,L1,67573,nep
nep,L1,67632,nep
nep,L1,67639,nep
nep,L1,67741,nep
nep,L1,67749,nep
nep,L1,67760,nep
nep,L1,67772,npi
nep,L1,67846,nep
nep,L1,67927,npi
nep,L1,67942,nep
nep,L1,68024,nep
nep,L1,68032,nep
nep,L1,68050,nep
nep,L1,68093,npi
nep,L1,68094,nep
nep,L1,68107,nep
nep,L1,68158,nep
nep,L1,68235,nep
nep,L1,68308,nep
nep,L1,68311,nep
nep,L1,68325,nep
nep,L1,68330,nep
nep,L1,68346,nep
nep,L1,68545,nep
nep,L1,68548,nep
nep,L1,68608,nep
nep,L1,68793,nep
nep,L1,68854,nep
nep,L1,68921,nep
nep,L1,68931,nep
nep,L1,68968,nep
nep,L1,68995,nep
nep,L1,69015,nep
nep,L1,69046,nep
nep,L1,69068,nep
nep,L1,69306,nep
nep,L1,69311,nep
nep,L1,69363,nep
nep,L1,69418,nep
nep,L1,69449,npi
nep,L1,69487,nep
nep,L1,69494,nep
nep,L1,69508,nep
nep,L1,69530,nep
nep,L1,69563,nep
nep,L1,69644,nep
nep,L1,69663,nep
nep,L1,69675,npi
nep,L1,69730,nep
nep,L1,69762,nep
nep,L1,69795,nep
nep,L1,69838,nep
nep,L1,69881,nep
nep,L1,69924,nep
nep,L1,69945,nep
nep,L1,70007,nep
nep,L1,70008,nep
nep,L1,70051,nep
nep,L1,70064,nep
nep,L1,70187,nep
nep,L1,70320,nep
nep,L1,70321,nep
nep,L1,70380,nep
nep,L1,70464,nep
nep,L1,70576,nep
nep,L1,70617,nep
nep,L1,70632,nep
nep,L1,70637,nep
nep,L1,70670,nep
nep,L1,70740,nep
nep,L1,70753,nep
nep,L1,70762,nep
nep,L1,70777,nep
nep,L1,70827,npi
nep,L1,70836,nep
nep,L1,70850,nep
nep,L1,70867,nep
nep,L1,70868,nep
nep,L1,71008,nep
nep,L1,71017,nep
nep,L1,71043,nep
nep,L1,71132,nep
nep,L1,71198,nep
nep,L1,71232,nep
nep,L1,71248,nep
nep,L1,71375,nep
nep,L1,71455,nep
nep,L1,71471,nep
nep,L1,71493,nep
nep,L1,71544,nep
nep,L1,71550,nep
nep,L1,71562,nep
nep,L1,71686,nep
nep,L1,71694,nep
nep,L1,71739,nep
nep,L1,71765,nep
nep,L1,71776,nep
nep,L1,72103,nep
nep,L1,72121,nep
nep,L1,72158,nep
nep,L1,72198,nep
nep,L1,72228,nep
nep,L1,72239,nep
nep,L1,72278,nep
nep,L1,72330,nep
nep,L1,72360,nep
nep,L1,72378,nep
nep,L1,72400,nep
nep,L1,72433,nep
nep,L1,72481,nep
nep,L1,72508,npi
nep,L1,72550,nep
nep,L1,72571,nep
nep,L1,72573,nep
nep,L1,72591,nep
nep,L1,72646,npi
nep,L1,72652,nep
nep,L1,72690,nep
nep,L1,72753,nep
nep,L1,72824,nep
nep,L1,72883,nep
nep,L1,72913,nep
nep,L1,72959,nep
nep,L1,72997,nep
nep,L1,73108,nep
nep,L1,73143,nep
nep,L1,73146,nep
nep,L1,73150,nep
nep,L1,73398,npi
nep,L1,73413,nep
nep,L1,73417,nep
nep,L1,73421,nep
nep,L1,73535,nep
nep,L1,73575,nep
nep,L1,73649,nep
nep,L1,73677,npi
nep,L1,73682,nep
nep,L1,73695,nep
nep,L1,73788,nep
nep,L1,73797,nep
nep,L1,73811,nep
nep,L1,73828,npi
nep,L1,73850,nep
nep,L1,73961,nep
nep,L1,74123,nep
nep,L1,74162,nep
nep,L1,74369,nep
nep,L1,74399,nep
nep,L1,74416,nep
nep,L1,74459,nep
nep,L1,74530,nep
nep,L1,74615,nep
nep,L1,74729,npi
nep,L1,74778,nep
nep,L1,74804,nep
nep,L1,74899,npi
nep,L1,74907,nep
nep,L1,74936,nep
nep,L1,74974,nep
nep,L1,75017,nep
nep,L1,75021,nep
nep,L1,75033,nep
nep,L1,75068,nep
nep,L1,75203,nep
nep,L1,75262,nep
nep,L1,75263,nep
nep,L1,75278,nep
nep,L1,75348,nep
nep,L1,75573,nep
nep,L1,75615,nep
nep,L1,75625,nep
nep,L1,75670,nep
nep,L1,75688,nep
nep,L1,75766,nep
nep,L1,75922,npi
nep,L1,75975,nep
nep,L1,76187,nep
nep,L1,76197,nep
nep,L1,76334,nep
nep,L1,76410,nep
nep,L1,76415,nep
nep,L1,76450,nep
nep,L1,76467,nep
nep,L1,76480,nep
nep,L1,76489,nep
nep,L1,76492,nep
nep,L1,76566,nep
nep,L1,76569,nep
nep,L1,76664,nep
nep,L1,76749,npi
nep,L1,76758,nep
nep,L1,76773,nep
nep,L1,76874,nep
nep,L1,76926,nep
nep,L1,76931,nep
nep,L1,76940,nep
nep,L1,76968,nep
nep,L1,77122,nep
nep,L1,77192,nep
nep,L1,77231,nep
nep,L1,77260,npi
nep,L1,77273,nep
nep,L1,77275,nep
nep,L1,77309,nep
nep,L1,77387,npi
nep,L1,77441,nep
nep,L1,77447,nep
nep,L1,77467,nep
nep,L1,77507,nep
nep,L1,77609,nep
nep,L1,77651,nep
nep,L1,77731,nep
nep,L1,77761,nep
nep,L1,77801,nep
nep,L1,77804,nep
nep,L1,77827,nep
nep,L1,77844,nep
nep,L1,77850,npi
nep,L1,77911,nep
nep,L1,77929,nep
nep,L1,77978,nep
nep,L1,77992,nep
nep,L1,78145,nep
nep,L1,78156,nep
nep,L1,78251,npi
nep,L1,78272,nep
nep,L1,78326,nep
nep,L1,78327,nep
nep,L1,78411,nep
nep,L1,78413,nep
nep,L1,78455,npi
nep,L1,78484,npi
nep,L1,78522,nep
nep,L1,78531,nep
nep,L1,78581,nep
nep,L1,78629,nep
nep,L1,78633,nep
nep,L1,78832,nep
nep,L1,78835,nep
nep,L1,78922,nep
nep,L1,78964,nep
nep,L1,79004,nep
nep,L1,79035,nep
nep,L1,79043,nep
nep,L1,79046,nep
nep,L1,79053,nep
nep,L1,79295,nep
nep,L1,79332,npi
nep,L1,79374,nep
nep,L1,79520,nep
nep,L1,79602,nep
nep,L1,79604,nep
nep,L1,79635,nep
nep,L1,79664,nep
nep,L1,79694,npi
nep,L1,79715,nep
nep,L1,79745,nep
nep,L1,79798,nep
nep,L1,79870,nep
nep,L1,79879,nep
nep,L1,79897,nep
nep,L1,79915,nep
nep,L1,79943,nep
nep,L1,79947,npi
nep,L1,79971,nep
nep,L1,79997,nep
nep,L1,80026,nep
nep,L1,80048,nep
nep,L1,80233,npi
nep,L1,80234,nep
nep,L1,80331,nep
nep,L1,80346,nep
nep,L1,80432,nep
nep,L1,80456,nep
nep,L1,80519,nep
nep,L1,80524,nep
nep,L1,80579,npi
nep,L1,80665,nep
nep,L1,80859,nep
nep,L1,80862,nep
nep,L1,80910,npi
nep,L1,80964,npi
nep,L1,80970,nep
nep,L1,81028,nep
nep,L1,81100,npi
nep,L1,81180,nep
nep,L1,81181,npi
nep,L1,81244,nep
nep,L1,81269,nep
nep,L1,81313,npi
nep,L1,81321,npi
nep,L1,81323,nep
nep,L1,81422,nep
nep,L1,81437,nep
nep,L1,81484,nep
nep,L1,81507,nep
nep,L1,81520,nep
nep,L1,81576,nep
nep,L1,81680,nep
nep,L1,81758,nep
nep,L1,81796,nep
nep,L1,81813,nep
nep,L1,81876,nep
nep,L1,81900,nep
nep,L1,81903,nep
nep,L1,81904,nep
nep,L1,82030,nep
nep,L1,82119,nep
nep,L1,82130,nep
nep,L1,82151,nep
nep,L1,82182,nep
nep,L1,82183,npi
nep,L1,82274,nep
nep,L1,82309,nep
nep,L1,82316,nep
nep,L1,82351,npi
nep,L1,82359,nep
nep,L1,82429,nep
nep,L1,82493,nep
nep,L1,82516,nep
nep,L1,82525,nep
nep,L1,82538,nep
nep,L1,82539,nep
nep,L1,82582,nep
nep,L1,82611,nep
nep,L1,82674,npi
nep,L1,82699,nep
nep,L1,82823,npi
nep,L1,82927,nep
nep,L1,83039,nep
nep,L1,83065,npi
nep,L1,83084,nep
nep,L1,83146,nep
nep,L1,83208,nep
nep,L1,83231,nep
nep,L1,83270,nep
nep,L1,83288,nep
nep,L1,83368,nep
nep,L1,83409,nep
nep,L1,83468,nep
nep,L1,83481,nep
nep,L1,83526,nep
nep,L1,83533,nep
nep,L1,83571,nep
nep,L1,83611,npi
nep,L1,83642,nep
nep,L1,83675,nep
nep,L1,83677,nep
nep,L1,83737,nep
nep,L1,83764,nep
nep,L1,83775,nep
nep,L1,83811,nep
nep,L1,83886,nep
nep,L1,83896,nep
nep,L1,83959,nep
nep,L1,84005,nep
nep,L1,84051,nep
nep,L1,84127,nep
nep,L1,84223,nep
nep,L1,84242,nep
nep,L1,84328,nep
nep,L1,84373,nep
nep,L1,84443,nep
nep,L1,84462,nep
nep,L1,84464,nep
nep,L1,84499,nep
nep,L1,84529,nep
nep,L1,84570,npi
nep,L1,84624,nep
nep,L1,84717,nep
nep,L1,84912,npi
nep,L1,84949,nep
nep,L1,84955,nep
nep,L1,84975,nep
nep,L1,85071,nep
nep,L1,85086,nep
nep,L1,85186,nep
nep,L1,85259,nep
nep,L1,85281,npi
nep,L1,85291,npi
nep,L1,85381,nep
nep,L1,85452,nep
nep,L1,85498,nep
nep,L1,85663,nep
nep,L1,85681,nep
nep,L1,85684,nep
nep,L1,85843,nep
nep,L1,85878,nep
nep,L1,85880,nep
nep,L1,85994,nep
nep,L1,86048,nep
nep,L1,86071,nep
nep,L1,86114,nep
nep,L1,86167,nep
nep,L1,86457,nep
nep,L1,86483,nep
nep,L1,86529,nep
nep,L1,86722,npi
nep,L1,86866,nep
nep,L1,86877,nep
nep,L1,86912,nep
nep,L1,86929,nep
nep,L1,86951,nep
nep,L1,86952,nep
nep,L1,87006,nep
nep,L1,87020,nep
nep,L1,87057,nep
nep,L1,87190,nep
nep,L1,87206,nep
nep,L1,87211,nep
nep,L1,87340,nep
nep,L1,87346,npi
nep,L1,87428,nep
nep,L1,87452,nep
nep,L1,87469,nep
nep,L1,87544,nep
nep,L1,87658,nep
nep,L1,87743,nep
nep,L1,87788,nep
nep,L1,87912,nep
nep,L1,87964,nep
nep,L1,88093,nep
nep,L1,88106,nep
nep,L1,88201,nep
nep,L1,88215,nep
nep,L1,88303,nep
nep,L1,88309,npi
nep,L1,88341,nep
nep,L1,88424,nep
nep,L1,88673,nep
nep,L1,88681,nep
nep,L1,88863,npi
nep,L1,88865,nep
nep,L1,88877,nep
nep,L1,88878,nep
nep,L1,88921,nep
nep,L1,88927,npi
nep,L1,88939,nep
nep,L1,88986,nep
nep,L1,89086,nep
nep,L1,89149,nep
nep,L1,89175,nep
nep,L1,89183,nep
nep,L1,89240,nep
nep,L1,89384,nep
nep,L1,89421,nep
nep,L1,89567,nep
nep,L1,89586,npi
nep,L1,89637,nep
nep,L1,89685,npi
nep,L1,89776,nep
nep,L1,89959,nep
nep,L1,90002,nep
nep,L1,90050,nep
nep,L1,90078,nep
nep,L1,90082,nep
nep,L1,90224,nep
nep,L1,90303,nep
nep,L1,90322,nep
nep,L1,90343,npi
nep,L1,90384,nep
nep,L1,90521,nep
nep,L1,90524,nep
nep,L1,90544,nep
nep,L1,90700,nep
nep,L1,90745,nep
nep,L1,90802,nep
nep,L1,90810,npi
nep,L1,90898,nep
nep,L1,91020,nep
nep,L1,91042,nep
nep,L1,91134,nep
nep,L1,91160,nep
nep,L1,91174,nep
nep,L1,91215,nep
nep,L1,91310,nep
nep,L1,91321,nep
nep,L1,91333,nep
nep,L1,91364,nep
nep,L1,91374,nep
nep,L1,91420,nep
nep,L1,91502,nep
nep,L1,91963,nep
nep,L1,92072,nep
nep,L1,92125,nep
nep,L1,92142,nep
nep,L1,92207,nep
nep,L1,92231,npi
nep,L1,92282,nep
nep,L1,92291,nep
nep,L1,92303,nep
nep,L1,92312,npi
nep,L1,92360,nep
nep,L1,92387,nep
nep,L1,92428,nep
nep,L1,92431,nep
nep,L1,92500,nep
nep,L1,92550,nep
nep,L1,92639,nep
nep,L1,92833,npi
nep,L1,92863,nep
nep,L1,92891,nep
nep,L1,92902,nep
nep,L1,92911,nep
nep,L1,92934,nep
nep,L1,92960,nep
nep,L1,93004,nep
nep,L1,93015,nep
nep,L1,93020,nep
nep,L1,93090,nep
nep,L1,93096,nep
nep,L1,93105,nep
nep,L1,93116,npi
nep,L1,93117,nep
nep,L1,93173,nep
nep,L1,93365,nep
nep,L1,93446,npi
nep,L1,93466,nep
nep,L1,93494,npi
nep,L1,93627,nep
nep,L1,93684,nep
nep,L1,93715,nep
nep,L1,93734,nep
nep,L1,93829,npi
nep,L1,93867,npi
nep,L1,93880,nep
nep,L1,93969,nep
nep,L1,94048,nep
nep,L1,94054,nep
nep,L1,94101,nep
nep,L1,94128,nep
nep,L1,94237,nep
nep,L1,94245,nep
nep,L1,94285,nep
nep,L1,94292,nep
nep,L1,94556,nep
nep,L1,94602,nep
nep,L1,94712,npi
nep,L1,94750,nep
nep,L1,94799,npi
nep,L1,94852,npi
nep,L1,94857,nep
nep,L1,94882,nep
nep,L1,94911,nep
nep,L1,94977,nep
nep,L1,94995,nep
nep,L1,95265,nep
nep,L1,95286,nep
nep,L1,95393,nep
nep,L1,95454,nep
nep,L1,95496,npi
nep,L1,95536,nep
nep,L1,95559,nep
nep,L1,95563,npi
nep,L1,95604,nep
nep,L1,95635,npi
nep,L1,95653,nep
nep,L1,95693,npi
nep,L1,95703,nep
nep,L1,95727,nep
nep,L1,95928,nep
nep,L1,95974,nep
nep,L1,96102,nep
nep,L1,96106,nep
nep,L1,96127,npi
nep,L1,96146,npi
nep,L1,96320,nep
nep,L1,96335,nep
nep,L1,96536,nep
nep,L1,96572,nwx
nep,L1,96718,npi
nep,L1,96747,nep
nep,L1,96802,nep
nep,L1,96827,nep
nep,L1,96877,nep
nep,L1,96954,nep
nep,L1,96955,nep
nep,L1,96963,nep
nep,L1,97138,nep
nep,L1,97185,npi
nep,L1,97232,nep
nep,L1,97263,npi
nep,L1,97306,nep
nep,L1,97311,npi
nep,L1,97317,nep
nep,L1,97476,nep
nep,L1,97478,nep
nep,L1,97543,nep
nep,L1,97561,nep
nep,L1,97566,npi
nep,L1,97598,nep
nep,L1,97664,nep
nep,L1,97705,nep
nep,L1,97890,nep
nep,L1,98043,nep
nep,L1,98072,nep
nep,L1,98080,nep
nep,L1,98222,npi
nep,L1,98252,npi
nep,L1,98334,npi
nep,L1,98343,nep
nep,L1,98356,npi
nep,L1,98428,npi
nep,L1,98448,nep
nep,L1,98661,nep
nep,L1,98669,nep
nep,L1,98821,nep
nep,L1,98918,nep
nep,L1,98946,nep
nep,L1,98996,nep
nep,L1,99003,nep
nep,L1,99057,nep
nep,L1,99064,nep
nep,L1,99107,nep
nep,L1,99114,nep
nep,L1,99119,nep
nep,L1,99123,nep
nep,L1,99178,npi
nep,L1,99253,npi
nep,L1,99267,nep
nep,L1,99269,nep
nep,L1,99282,nep
nep,L1,99343,nep
nep,L1,99358,nep
nep,L1,99482,nep
nep,L1,99514,nep
nep,L1,99557,nep
nep,L1,99643,nep
nep,L1,99647,nep
nep,L1,99675,nep
nep,L1,99718,nep
nep,L1,99754,nep
nep,L1,99814,nep
nep,L1,99825,nep
nep,L1,99945,nep
nep,L5,2,nep
nep,L5,3,nep
nep,L5,7,nep
nep,L5,8,nep
nep,L5,14,nep
nep,L5,18,nep
nep,L5,20,nep
nep,L5,21,nep
nep,L5,26,nep
nep,L5,27,nep
nep,L5,32,nep
nep,L5,34,nep
nep,L5,36,nep
nep,L5,39,nep
nep,L5,40,nep
nep,L5,41,nep
nep,L5,50,nep
nep,L5,51,nep
nep,L5,52,nep
nep,L5,53,nep
nep,L5,55,nep
nep,L5,56,npi
nep,L5,58,nep
nep,L5,59,nep
nep,L5,65,nep
nep,L5,66,nep
nep,L5,68,nep
nep,L5,69,nep
nep,L5,70,nep
nep,L5,71,nep
nep,L5,72,nep
nep,L5,75,nep
nep,L5,76,nep
nep,L5,79,nep
nep,L5,87,nep
nep,L5,88,nep
nep,L5,90,nep
nep,L5,91,nep
nep,L5,93,nep
nep,L5,97,nep
nep,L5,99,nep
nep,L5,101,nep
nep,L5,107,nep
nep,L5,108,nep
nep,L5,112,nep
nep,L5,114,nep
nep,L5,115,nep
nep,L5,117,nep
nep,L5,119,nep
nep,L5,120,nep
nep,L5,122,nep
nep,L5,125,nep
nep,L5,126,nep
nep,L5,127,nep
nep,L5,128,nep
nep,L5,131,nep
nep,L5,135,nep
nep,L5,136,nep
nep,L5,140,nep
nep,L5,142,nep
nep,L5,143,nep
nep,L5,147,nep
nep,L5,151,nep
nep,L5,152,nep
nep,L5,154,nep
nep,L5,156,nep
nep,L5,158,nep
nep,L5,163,nep
nep,L5,164,nep
nep,L5,165,nep
nep,L5,166,nep
nep,L5,168,nep
nep,L5,170,nep
nep,L5,171,nep
nep,L5,172,nep
nep,L5,173,nep
nep,L5,175,nep
nep,L5,176,nep
nep,L5,180,nep
nep,L5,181,nep
nep,L5,182,nep
nep,L5,184,nep
nep,L5,185,nep
nep,L5,186,nep
nep,L5,187,nep
nep,L5,192,nep
nep,L5,194,nep
nep,L5,195,nep
nep,L5,201,nep
nep,L5,202,nep
nep,L5,204,nep
nep,L5,206,nep
nep,L5,207,nep
nep,L5,211,nep
nep,L5,212,nep
nep,L5,216,nep
nep,L5,220,nep
nep,L5,221,nep
nep,L5,226,nep
nep,L5,228,npi
nep,L5,229,nep
nep,L5,230,nep
nep,L5,234,nep
nep,L5,235,nep
nep,L5,236,nep
nep,L5,243,nep
nep,L5,245,nep
nep,L5,246,nep
nep,L5,250,nep
nep,L5,253,nep
nep,L5,254,nep
nep,L5,269,npi
nep,L5,271,nep
nep,L5,272,nep
nep,L5,273,nep
nep,L5,274,nep
nep,L5,285,nep
nep,L5,288,nep
nep,L5,291,nep
nep,L5,297,nep
nep,L5,301,nep
nep,L5,303,nep
nep,L5,305,nep
nep,L5,307,nep
nep,L5,310,nep
nep,L5,311,nep
nep,L5,315,nep
nep,L5,316,nep
nep,L5,320,nep
nep,L5,321,nep
nep,L5,322,nep
nep,L5,323,nep
nep,L5,324,nep
nep,L5,326,nep
nep,L5,328,nep
nep,L5,332,nep
nep,L5,334,nep
nep,L5,339,nep
nep,L5,344,nep
nep,L5,346,nep
nep,L5,347,nep
nep,L5,350,nep
nep,L5,351,nep
nep,L5,354,nep
nep,L5,357,nep
nep,L5,359,nep
nep,L5,360,nep
nep,L5,362,nep
nep,L5,367,nep
nep,L5,372,nep
nep,L5,374,nep
nep,L5,375,nep
nep,L5,376,nep
nep,L5,380,nep
nep,L5,381,nep
nep,L5,383,nep
nep,L5,386,nep
nep,L5,387,nep
nep,L5,391,nep
nep,L5,393,nep
nep,L5,394,nep
nep,L5,396,nep
nep,L5,400,nep
nep,L5,404,nep
nep,L5,405,nep
nep,L5,407,nep
nep,L5,408,nep
nep,L5,409,nep
nep,L5,410,nep
nep,L5,412,nep
nep,L5,418,nep
nep,L5,419,nep
nep,L5,420,nep
nep,L5,421,nep
nep,L5,422,nep
nep,L5,423,nep
nep,L5,425,nep
nep,L5,426,nep
nep,L5,428,nep
nep,L5,430,nep
nep,L5,431,nep
nep,L5,432,nep
nep,L5,436,nep
nep,L5,437,nep
nep,L5,443,nep
nep,L5,444,nep
nep,L5,445,nep
nep,L5,447,nep
nep,L5,452,nep
nep,L5,453,nep
nep,L5,454,nep
nep,L5,456,nep
nep,L5,462,nep
nep,L5,465,nep
nep,L5,468,nep
nep,L5,472,nep
nep,L5,474,nep
nep,L5,475,nep
nep,L5,486,nep
nep,L5,487,nep
nep,L5,489,nep
nep,L5,494,nep
nep,L5,495,nep
nep,L5,497,nep
nep,L5,509,nep
nep,L5,511,nep
nep,L5,512,nep
nep,L5,514,npi
nep,L5,515,nep
nep,L5,516,nep
nep,L5,517,nep
nep,L5,519,nep
nep,L5,529,nep
nep,L5,542,nep
nep,L5,543,nep
nep,L5,545,nep
nep,L5,549,nep
nep,L5,553,nep
nep,L5,555,nep
nep,L5,556,nep
nep,L5,557,nep
nep,L5,560,nep
nep,L5,565,nep
nep,L5,566,nep
nep,L5,571,nep
nep,L5,574,nep
nep,L5,579,nep
nep,L5,583,nep
nep,L5,584,nep
nep,L5,589,nep
nep,L5,595,npi
nep,L5,597,nep
nep,L5,601,nep
nep,L5,605,nep
nep,L5,607,nep
nep,L5,613,nep
nep,L5,614,nep
nep,L5,618,nep
nep,L5,622,nep
nep,L5,625,nep
nep,L5,626,nep
nep,L5,630,nep
nep,L5,632,nep
nep,L5,635,nep
nep,L5,638,nep
nep,L5,639,nep
nep,L5,641,nep
nep,L5,642,nep
nep,L5,643,nep
nep,L5,644,nep
nep,L5,645,nep
nep,L5,646,npi
nep,L5,647,nep
nep,L5,648,nep
nep,L5,649,nep
nep,L5,650,nep
nep,L5,653,nep
nep,L5,660,nep
nep,L5,662,npi
nep,L5,664,nep
nep,L5,666,nep
nep,L5,667,nep
nep,L5,668,nep
nep,L5,670,npi
nep,L5,672,nep
nep,L5,679,nep
nep,L5,680,nep
nep,L5,686,nep
nep,L5,690,nep
nep,L5,694,nep
nep,L5,698,nep
nep,L5,701,nep
nep,L5,705,nep
nep,L5,709,nep
nep,L5,713,nep
nep,L5,714,nep
nep,L5,716,nep
nep,L5,721,nep
nep,L5,723,nep
nep,L5,727,nep
nep,L5,730,nep
nep,L5,733,nep
nep,L5,734,nep
nep,L5,735,nep
nep,L5,737,nep
nep,L5,741,nep
nep,L5,744,nep
nep,L5,745,nep
nep,L5,746,nep
nep,L5,747,nep
nep,L5,752,npi
nep,L5,753,nep
nep,L5,755,nep
nep,L5,756,nep
nep,L5,757,npi
nep,L5,759,nep
nep,L5,762,nep
nep,L5,765,nep
nep,L5,772,nep
nep,L5,776,nep
nep,L5,778,nep
nep,L5,781,nep
nep,L5,783,nep
nep,L5,786,npi
nep,L5,788,npi
nep,L5,792,nep
nep,L5,797,nep
nep,L5,805,nep
nep,L5,807,nep
nep,L5,808,nep
nep,L5,809,nep
nep,L5,813,nep
nep,L5,820,nep
nep,L5,821,nep
nep,L5,825,nep
nep,L5,827,nep
nep,L5,835,nep
nep,L5,842,nep
nep,L5,843,nep
nep,L5,844,nep
nep,L5,848,nep
nep,L5,852,nep
nep,L5,853,nep
nep,L5,856,nep
nep,L5,857,nep
nep,L5,861,npi
nep,L5,864,nep
nep,L5,866,nep
nep,L5,867,nep
nep,L5,871,nep
nep,L5,874,nep
nep,L5,875,nep
nep,L5,876,nep
nep,L5,877,nep
nep,L5,880,nep
nep,L5,887,nep
nep,L5,889,nep
nep,L5,894,nep
nep,L5,898,nep
nep,L5,903,nep
nep,L5,905,nep
nep,L5,910,nep
nep,L5,914,nep
nep,L5,915,nep
nep,L5,919,nep
nep,L5,925,npi
nep,L5,928,nep
nep,L5,929,nep
nep,L5,930,nep
nep,L5,937,nep
nep,L5,938,nep
nep,L5,939,nep
nep,L5,941,npi
nep,L5,949,nep
nep,L5,950,nep
nep,L5,952,nep
nep,L5,953,nep
nep,L5,954,nep
nep,L5,956,nep
nep,L5,959,nep
nep,L5,966,nep
nep,L5,968,nep
nep,L5,969,nep
nep,L5,970,nep
nep,L5,973,nep
nep,L5,974,nep
nep,L5,975,nep
nep,L5,979,nep
nep,L5,982,nep
nep,L5,985,nep
nep,L5,986,nep
nep,L5,988,nep
nep,L5,990,nep
nep,L5,991,npi
nep,L5,994,nep
nep,L5,995,nep
nep,L5,998,nep
nep,L5,1007,nep
nep,L5,1008,nep
nep,L5,1011,nep
nep,L5,1014,nep
nep,L5,1015,nep
nep,L5,1018,nep
nep,L5,1024,nep
nep,L5,1025,nep
nep,L5,1030,nep
nep,L5,1033,nep
nep,L5,1035,nep
nep,L5,1040,nep
nep,L5,1044,nep
nep,L5,1048,nep
nep,L5,1051,nep
nep,L5,1055,nep
nep,L5,1056,nep
nep,L5,1060,nep
nep,L5,1061,nep
nep,L5,1062,nep
nep,L5,1069,nep
nep,L5,1076,npi
nep,L5,1078,nep
nep,L5,1082,nep
nep,L5,1086,nep
nep,L5,1089,nep
nep,L5,1092,nep
nep,L5,1102,nep
nep,L5,1107,nep
nep,L5,1108,nep
nep,L5,1112,nep
nep,L5,1113,nep
nep,L5,1114,nep
nep,L5,1117,nep
nep,L5,1120,nep
nep,L5,1125,nep
nep,L5,1127,nep
nep,L5,1129,nep
nep,L5,1136,nep
nep,L5,1139,nep
nep,L5,1142,nep
nep,L5,1143,nep
nep,L5,1144,nep
nep,L5,1147,nep
nep,L5,1149,nep
nep,L5,1150,nep
nep,L5,1151,nep
nep,L5,1152,nep
nep,L5,1153,nep
nep,L5,1160,nep
nep,L5,1161,nep
nep,L5,1162,nep
nep,L5,1165,nep
nep,L5,1172,npi
nep,L5,1173,nep
nep,L5,1185,nep
nep,L5,1186,nep
nep,L5,1187,nep
nep,L5,1189,nep
nep,L5,1191,nep
nep,L5,1192,nep
nep,L5,1194,nep
nep,L5,1195,nep
nep,L5,1196,nep
nep,L5,1198,nep
nep,L5,1199,nep
nep,L5,1200,nep
nep,L5,1205,nep
nep,L5,1210,nep
nep,L5,1212,nep
nep,L5,1217,nep
nep,L5,1225,nep
nep,L5,1226,nep
nep,L5,1227,nep
nep,L5,1229,nep
nep,L5,1230,nep
nep,L5,1233,nep
nep,L5,1235,nep
nep,L5,1236,nep
nep,L5,1238,nep
nep,L5,1243,nep
nep,L5,1244,nep
nep,L5,1245,nep
nep,L5,1246,nep
nep,L5,1248,nep
nep,L5,1249,nep
nep,L5,1251,nep
nep,L5,1253,nep
nep,L5,1254,npi
nep,L5,1255,nep
nep,L5,1261,nep
nep,L5,1263,nep
nep,L5,1264,nep
nep,L5,1267,nep
nep,L5,1272,nep
nep,L5,1273,nep
nep,L5,1275,npi
nep,L5,1277,nep
nep,L5,1281,nep
nep,L5,1282,nep
nep,L5,1283,nep
nep,L5,1285,nep
nep,L5,1286,nep
nep,L5,1307,nep
nep,L5,1310,nep
nep,L5,1311,nep
nep,L5,1314,nep
nep,L5,1320,nep
nep,L5,1322,nep
nep,L5,1323,nep
nep,L5,1326,nep
nep,L5,1333,nep
nep,L5,1335,nep
nep,L5,1337,nep
nep,L5,1338,nep
nep,L5,1339,nep
nep,L5,1342,nep
nep,L5,1343,nep
nep,L5,1347,nep
nep,L5,1350,nep
nep,L5,1351,npi
nep,L5,1354,nep
nep,L5,1362,nep
nep,L5,1364,nep
nep,L5,1365,nep
nep,L5,1371,nep
nep,L5,1372,nep
nep,L5,1373,npi
nep,L5,1380,nep
nep,L5,1381,nep
nep,L5,1382,nep
nep,L5,1383,nep
nep,L5,1385,nep
nep,L5,1388,nep
nep,L5,1394,nep
nep,L5,1397,nep
nep,L5,1400,nep
nep,L5,1404,npi
nep,L5,1405,nep
nep,L5,1408,nep
nep,L5,1412,nep
nep,L5,1414,nep
nep,L5,1416,nep
nep,L5,1417,nep
nep,L5,1419,nep
nep,L5,1420,nep
nep,L5,1423,nep
nep,L5,1429,nep
nep,L5,1431,nep
nep,L5,1433,nep
nep,L5,1445,nep
nep,L5,1446,nep
nep,L5,1447,nep
nep,L5,1449,npi
nep,L5,1450,nep
nep,L5,1451,nep
nep,L5,1453,nep
nep,L5,1454,nep
nep,L5,1459,nep
nep,L5,1461,nep
nep,L5,1464,nep
nep,L5,1471,nep
nep,L5,1472,nep
nep,L5,1475,nep
nep,L5,1484,nep
nep,L5,1495,nep
nep,L5,1496,nep
nep,L5,1499,nep
nep,L5,1500,nep
nep,L5,1501,nep
nep,L5,1503,nep
nep,L5,1509,nep
nep,L5,1514,nep
nep,L5,1515,nep
nep,L5,1517,nep
nep,L5,1518,npi
nep,L5,1520,npi
nep,L5,1523,npi
nep,L5,1527,nep
nep,L5,1528,nep
nep,L5,1529,nep
nep,L5,1531,nep
nep,L5,1533,nep
nep,L5,1534,nep
nep,L5,1541,nep
nep,L5,1543,nep
nep,L5,1545,nep
nep,L5,1547,nep
nep,L5,1549,nep
nep,L5,1550,nep
nep,L5,1551,nep
nep,L5,1553,nep
nep,L5,1554,nep
nep,L5,1556,nep
nep,L5,1560,nep
nep,L5,1562,nep
nep,L5,1564,nep
nep,L5,1568,nep
nep,L5,1571,nep
nep,L5,1576,nep
nep,L5,1577,nep
nep,L5,1580,nep
nep,L5,1581,nep
nep,L5,1585,nep
nep,L5,1589,nep
nep,L5,1590,nep
nep,L5,1592,nep
nep,L5,1593,nep
nep,L5,1594,nep
nep,L5,1595,nep
nep,L5,1598,nep
nep,L5,1599,nep
nep,L5,1604,nep
nep,L5,1607,nep
nep,L5,1612,nep
nep,L5,1613,nep
nep,L5,1614,nep
nep,L5,1617,nep
nep,L5,1622,nep
nep,L5,1624,nep
nep,L5,1629,nep
nep,L5,1632,nep
nep,L5,1633,nep
nep,L5,1638,nep
nep,L5,1646,nep
nep,L5,1647,nep
nep,L5,1649,nep
nep,L5,1653,nep
nep,L5,1654,nep
nep,L5,1655,nep
nep,L5,1656,npi
nep,L5,1662,nep
nep,L5,1663,nep
nep,L5,1664,nep
nep,L5,1670,nep
nep,L5,1671,nep
nep,L5,1674,nep
nep,L5,1676,nep
nep,L5,1678,nep
nep,L5,1686,nep
nep,L5,1688,nep
nep,L5,1694,nep
nep,L5,1695,nep
nep,L5,1696,nep
nep,L5,1700,nep
nep,L5,1703,nep
nep,L5,1706,nep
nep,L5,1715,nep
nep,L5,1717,npi
nep,L5,1718,npi
nep,L5,1719,nep
nep,L5,1725,nep
nep,L5,1726,nep
nep,L5,1727,nep
nep,L5,1730,npi
nep,L5,1731,nep
nep,L5,1736,npi
nep,L5,1738,nep
nep,L5,1739,nep
nep,L5,1744,nep
nep,L5,1745,nep
nep,L5,1747,nep
nep,L5,1748,nep
nep,L5,1749,nep
nep,L5,1750,nep
nep,L5,1751,nep
nep,L5,1757,nep
nep,L5,1758,nep
nep,L5,1764,nep
nep,L5,1767,nep
nep,L5,1771,nep
nep,L5,1773,nep
nep,L5,1779,nep
nep,L5,1784,nep
nep,L5,1788,nep
nep,L5,1790,nep
nep,L5,1793,nep
nep,L5,1798,nep
nep,L5,1799,nep
nep,L5,1801,nep
nep,L5,1802,nep
nep,L5,1803,nep
nep,L5,1808,nep
nep,L5,1815,nep
nep,L5,1818,nep
nep,L5,1820,nep
nep,L5,1825,nep
nep,L5,1827,nep
nep,L5,1830,nep
nep,L5,1832,nep
nep,L5,1841,nep
nep,L5,1842,nep
nep,L5,1849,nep
nep,L5,1851,nep
nep,L5,1852,nep
nep,L5,1856,nep
nep,L5,1857,nep
nep,L5,1860,nep
nep,L5,1865,nep
nep,L5,1869,nep
nep,L5,1870,nep
nep,L5,1871,nep
nep,L5,1872,nep
nep,L5,1876,nep
nep,L5,1882,nep
nep,L5,1887,nep
nep,L5,1890,nep
nep,L5,1891,nep
nep,L5,1892,nep
nep,L5,1899,nep
nep,L5,1902,nep
nep,L5,1907,nep
nep,L5,1908,nep
nep,L5,1910,nep
nep,L5,1911,nep
nep,L5,1916,nep
nep,L5,1917,nep
nep,L5,1918,nep
nep,L5,1924,npi
nep,L5,1925,nep
nep,L5,1928,nep
nep,L5,1929,nep
nep,L5,1930,nep
nep,L5,1933,nep
nep,L5,1935,nep
nep,L5,1938,nep
nep,L5,1948,nep
nep,L5,1949,nep
nep,L5,1950,nep
nep,L5,1952,nep
nep,L5,1953,nep
nep,L5,1957,nep
nep,L5,1960,nep
nep,L5,1961,nep
nep,L5,1965,nep
nep,L5,1968,nep
nep,L5,1970,npi
nep,L5,1972,nep
nep,L5,1973,nep
nep,L5,1974,nep
nep,L5,1975,nep
nep,L5,1976,nep
nep,L5,1977,nep
nep,L5,1979,nep
nep,L5,1980,nep
nep,L5,1983,nep
nep,L5,1987,nep
nep,L5,1988,nep
nep,L5,1990,nep
nep,L5,1992,nep
nep,L5,1993,nep
nep,L5,1994,nep
nep,L5,1996,nep
nep,L5,1997,nep
nep,L5,1999,nep
nep,L5,2000,nep
nep,L5,2001,nep
nep,L5,2003,nep
nep,L5,2011,nep
nep,L5,2012,nep
nep,L5,2013,nep
nep,L5,2023,nep
nep,L5,2025,nep
nep,L5,2026,nep
nep,L5,2027,nep
nep,L5,2028,nep
nep,L5,2030,nep
nep,L5,2031,nep
nep,L5,2033,nep
nep,L5,2034,nep
nep,L5,2048,nep
nep,L5,2056,nep
nep,L5,2059,nep
nep,L5,2062,nep
nep,L5,2063,nep
nep,L5,2064,nep
nep,L5,2067,nep
nep,L5,2069,nep
nep,L5,2071,nep
nep,L5,2072,nep
nep,L5,2075,nep
nep,L5,2076,nep
nep,L5,2077,nep
nep,L5,2078,nep
nep,L5,2081,nep
nep,L5,2083,nep
nep,L5,2085,nep
nep,L5,2086,nep
nep,L5,2087,nep
nep,L5,2089,nep
nep,L5,2090,nep
nep,L5,2094,nep
nep,L5,2095,nep
nep,L5,2097,nep
nep,L5,2098,nep
nep,L5,2099,nep
nep,L5,2104,nep
nep,L5,2105,nep
nep,L5,2107,nep
nep,L5,2108,nep
nep,L5,2109,nep
nep,L5,2114,nep
nep,L5,2122,nep
nep,L5,2123,nep
nep,L5,2124,nep
nep,L5,2129,nep
nep,L5,2132,nep
nep,L5,2133,nep
nep,L5,2135,nep
nep,L5,2137,nep
nep,L5,2138,nep
nep,L5,2139,nep
nep,L5,2140,nep
nep,L5,2141,nep
nep,L5,2147,nep
nep,L5,2148,nep
nep,L5,2152,nep
nep,L5,2153,nep
nep,L5,2156,nep
nep,L5,2157,nep
nep,L5,2161,nep
nep,L5,2163,nep
nep,L5,2166,nep
nep,L5,2172,nep
nep,L5,2174,nep
nep,L5,2175,nep
nep,L5,2178,nep
nep,L5,2181,nep
nep,L5,2184,npi
nep,L5,2186,nep
nep,L5,2187,nep
nep,L5,2190,nep
nep,L5,2200,nep
nep,L5,2204,nep
nep,L5,2205,nep
nep,L5,2210,nep
nep,L5,2211,nep
nep,L5,2212,nep
nep,L5,2222,nep
nep,L5,2226,nep
nep,L5,2230,nep
nep,L5,2231,nep
nep,L5,2236,nep
nep,L5,2237,nep
nep,L5,2238,nep
nep,L5,2241,nep
nep,L5,2247,nep
nep,L5,2248,nep
nep,L5,2249,nep
nep,L5,2250,nep
nep,L5,2254,nep
nep,L5,2255,nep
nep,L5,2258,nep
nep,L5,2261,nep
nep,L5,2265,nep
nep,L5,2266,nep
nep,L5,2268,nep
nep,L5,2269,nep
nep,L5,2274,nep
nep,L5,2277,nep
nep,L5,2280,nep
nep,L5,2281,nep
nep,L5,2282,nep
nep,L5,2283,nep
nep,L5,2289,nep
nep,L5,2297,nep
nep,L5,2299,nep
nep,L5,2301,nep
nep,L5,2302,nep
nep,L5,2303,nep
nep,L5,2306,nep
nep,L5,2308,nep
nep,L5,2310,npi
nep,L5,2311,nep
nep,L5,2312,nep
nep,L5,2315,nep
nep,L5,2316,nep
nep,L5,2317,npi
nep,L5,2319,nep
nep,L5,2320,nep
nep,L5,2327,nep
nep,L5,2328,nep
nep,L5,2339,nep
nep,L5,2342,nep
nep,L5,2344,nep
nep,L5,2345,nep
nep,L5,2347,nep
nep,L5,2348,nep
nep,L5,2349,nep
nep,L5,2351,nep
nep,L5,2352,nep
nep,L5,2353,nep
nep,L5,2354,nep
nep,L5,2355,nep
nep,L5,2356,nep
nep,L5,2358,nep
nep,L5,2363,nep
nep,L5,2366,nep
nep,L5,2367,nep
nep,L5,2369,nep
nep,L5,2370,nep
nep,L5,2378,nep
nep,L5,2379,nep
nep,L5,2380,nep
nep,L5,2381,npi
nep,L5,2386,nep
nep,L5,2387,nep
nep,L5,2389,nep
nep,L5,2390,nep
nep,L5,2395,nep
nep,L5,2396,nep
nep,L5,2400,nep
nep,L5,2401,nep
nep,L5,2403,nep
nep,L5,2404,nep
nep,L5,2405,nep
nep,L5,2408,nep
nep,L5,2409,nep
nep,L5,2410,nep
nep,L5,2415,nep
nep,L5,2418,nep
nep,L5,2424,nep
nep,L5,2425,nep
nep,L5,2426,nep
nep,L5,2427,nep
nep,L5,2428,nep
nep,L5,2432,nep
nep,L5,2434,nep
nep,L5,2435,nep
nep,L5,2439,nep
nep,L5,2441,nep
nep,L5,2443,nep
nep,L5,2448,nep
nep,L5,2450,nep
nep,L5,2456,nep
nep,L5,2457,nep
nep,L5,2460,nep
nep,L5,2465,nep
nep,L5,2469,nep
nep,L5,2471,nep
nep,L5,2473,nep
nep,L5,2476,nep
nep,L5,2478,nep
nep,L5,2480,nep
nep,L5,2490,nep
nep,L5,2498,nep
nep,L5,2502,nep
nep,L5,2507,nep
nep,L5,2508,nep
nep,L5,2510,nep
nep,L5,2513,nep
nep,L5,2519,nep
nep,L5,2521,nep
nep,L5,2523,nep
nep,L5,2525,nep
nep,L5,2526,nep
nep,L5,2527,nep
nep,L5,2528,nep
nep,L5,2529,nep
nep,L5,2530,nep
nep,L5,2532,nep
nep,L5,2536,nep
nep,L5,2537,nep
nep,L5,2540,nep
nep,L5,2543,nep
nep,L5,2546,nep
nep,L5,2547,nep
nep,L5,2548,nep
nep,L5,2552,nep
nep,L5,2557,nep
nep,L5,2559,nep
nep,L5,2562,nep
nep,L5,2566,nep
nep,L5,2568,nep
nep,L5,2571,nep
nep,L5,2573,nep
nep,L5,2574,nep
nep,L5,2576,nep
nep,L5,2577,nep
nep,L5,2581,nep
nep,L5,2582,nep
nep,L5,2583,nep
nep,L5,2585,nep
nep,L5,2586,nep
nep,L5,2588,nep
nep,L5,2589,nep
nep,L5,2590,nep
nep,L5,2593,nep
nep,L5,2598,nep
nep,L5,2600,nep
nep,L5,2602,nep
nep,L5,2607,nep
nep,L5,2608,nep
nep,L5,2610,nep
nep,L5,2613,nep
nep,L5,2617,nep
nep,L5,2622,nep
nep,L5,2623,nep
nep,L5,2629,nep
nep,L5,2630,nep
nep,L5,2632,nep
nep,L5,2635,nep
nep,L5,2637,nep
nep,L5,2639,nep
nep,L5,2640,nep
nep,L5,2643,nep
nep,L5,2644,nep
nep,L5,2646,nep
nep,L5,2649,nep
nep,L5,2650,nep
nep,L5,2655,nep
nep,L5,2662,nep
nep,L5,2670,npi
nep,L5,2676,nep
nep,L5,2678,nep
nep,L5,2681,npi
nep,L5,2682,nep
nep,L5,2684,nep
nep,L5,2690,nep
nep,L5,2694,nep
nep,L5,2695,nep
nep,L5,2696,nep
nep,L5,2698,nep
nep,L5,2699,nep
nep,L5,2702,nep
nep,L5,2703,nep
nep,L5,2704,nep
nep,L5,2708,nep
nep,L5,2710,nep
nep,L5,2711,nep
nep,L5,2716,nep
nep,L5,2719,nep
nep,L5,2721,nep
nep,L5,2722,nep
nep,L5,2723,npi
nep,L5,2726,nep
nep,L5,2728,nep
nep,L5,2729,nep
nep,L5,2731,nep
nep,L5,2732,nep
nep,L5,2733,nep
nep,L5,2735,nep
nep,L5,2742,nep
nep,L5,2744,nep
nep,L5,2745,nep
nep,L5,2746,nep
nep,L5,2747,nep
nep,L5,2754,nep
nep,L5,2757,nep
nep,L5,2759,nep
nep,L5,2764,nep
nep,L5,2765,nep
nep,L5,2767,nep
nep,L5,2770,nep
nep,L5,2771,nep
nep,L5,2772,nep
nep,L5,2779,nep
nep,L5,2781,nep
nep,L5,2789,nep
nep,L5,2791,nep
nep,L5,2793,nep
nep,L5,2799,nep
nep,L5,2801,nep
nep,L5,2808,nep
nep,L5,2811,nep
nep,L5,2816,npi
nep,L5,2820,nep
nep,L5,2822,nep
nep,L5,2823,nep
nep,L5,2825,nep
nep,L5,2826,nep
nep,L5,2827,nep
nep,L5,2829,nep
nep,L5,2831,nep
nep,L5,2832,nep
nep,L5,2835,nep
nep,L5,2836,nep
nep,L5,2841,nep
nep,L5,2842,nep
nep,L5,2843,nep
nep,L5,2844,nep
nep,L5,2846,nep
nep,L5,2848,nep
nep,L5,2853,nep
nep,L5,2859,nep
nep,L5,2861,nep
nep,L5,2863,nep
nep,L5,2864,nep
nep,L5,2868,npi
nep,L5,2869,nep
nep,L5,2871,nep
nep,L5,2872,nep
nep,L5,2877,nep
nep,L5,2879,nep
nep,L5,2883,nep
nep,L5,2886,nep
nep,L5,2887,nep
nep,L5,2889,nep
nep,L5,2892,nep
nep,L5,2893,nep
nep,L5,2894,nep
nep,L5,2898,nep
nep,L5,2902,nep
nep,L5,2903,nep
nep,L5,2908,nep
nep,L5,2909,nep
nep,L5,2911,nep
nep,L5,2916,nep
nep,L5,2920,nep
nep,L5,2921,nep
nep,L5,2922,nep
nep,L5,2923,nep
nep,L5,2924,nep
nep,L5,2925,nep
nep,L5,2927,nep
nep,L5,2928,nep
nep,L5,2929,nep
nep,L5,2930,nep
nep,L5,2931,nep
nep,L5,2933,nep
nep,L5,2934,nep
nep,L5,2935,nep
nep,L5,2939,nep
nep,L5,2940,nep
nep,L5,2942,nep
nep,L5,2944,nep
nep,L5,2945,nep
nep,L5,2949,nep
nep,L5,2951,nep
nep,L5,2953,nep
nep,L5,2958,nep
nep,L5,2962,nep
nep,L5,2963,nep
nep,L5,2964,nep
nep,L5,2967,nep
nep,L5,2969,nep
nep,L5,2976,nep
nep,L5,2980,nep
nep,L5,2981,nep
nep,L5,2984,nep
nep,L5,2985,nep
nep,L5,2986,nep
nep,L5,2989,nep
nep,L5,3010,nep
nep,L5,3011,nep
nep,L5,3012,nep
nep,L5,3013,nep
nep,L5,3014,npi
nep,L5,3016,nep
nep,L5,3018,nep
nep,L5,3019,nep
nep,L5,3021,nep
nep,L5,3023,nep
nep,L5,3028,nep
nep,L5,3030,nep
nep,L5,3031,nep
nep,L5,3036,nep
nep,L5,3038,nep
nep,L5,3039,nep
nep,L5,3041,nep
nep,L5,3046,nep
nep,L5,3049,nep
nep,L5,3052,nep
nep,L5,3054,nep
nep,L5,3057,npi
nep,L5,3059,nep
nep,L5,3060,nep
nep,L5,3061,nep
nep,L5,3062,nep
nep,L5,3063,nep
nep,L5,3064,nep
nep,L5,3067,nep
nep,L5,3073,nep
nep,L5,3079,nep
nep,L5,3080,nep
nep,L5,3083,nep
nep,L5,3085,nep
nep,L5,3086,nep
nep,L5,3088,nep
nep,L5,3091,npi
nep,L5,3098,nep
nep,L5,3100,nep
nep,L5,3102,nep
nep,L5,3104,nep
nep,L5,3106,nep
nep,L5,3107,nep
nep,L5,3113,nep
nep,L5,3115,nep
nep,L5,3118,nep
nep,L5,3120,nep
nep,L5,3122,nep
nep,L5,3126,nep
nep,L5,3128,nep
nep,L5,3129,nep
nep,L5,3135,npi
nep,L5,3138,nep
nep,L5,3139,npi
nep,L5,3140,nep
nep,L5,3146,nep
nep,L5,3147,nep
nep,L5,3148,nep
nep,L5,3149,nep
nep,L5,3150,nep
nep,L5,3152,nep
nep,L5,3160,nep
nep,L5,3164,nep
nep,L5,3167,nep
nep,L5,3171,nep
nep,L5,3172,nep
nep,L5,3175,nep
nep,L5,3178,nep
nep,L5,3180,nep
nep,L5,3182,nep
nep,L5,3186,nep
nep,L5,3190,nep
nep,L5,3192,nep
nep,L5,3197,nep
nep,L5,3198,nep
nep,L5,3200,nep
nep,L5,3201,nep
nep,L5,3206,npi
nep,L5,3208,nep
nep,L5,3209,nep
nep,L5,3210,nep
nep,L5,3211,nep
nep,L5,3212,nep
nep,L5,3215,nep
nep,L5,3218,nep
nep,L5,3222,nep
nep,L5,3223,nep
nep,L5,3225,nep
nep,L5,3228,nep
nep,L5,3232,nep
nep,L5,3233,nep
nep,L5,3235,nep
nep,L5,3238,nep
nep,L5,3239,nep
nep,L5,3241,nep
nep,L5,3244,nep
nep,L5,3247,nep
nep,L5,3248,nep
nep,L5,3250,nep
nep,L5,3255,nep
nep,L5,3256,nep
nep,L5,3269,nep
nep,L5,3273,nep
nep,L5,3276,nep
nep,L5,3279,nep
nep,L5,3282,nep
nep,L5,3283,nep
nep,L5,3287,nep
nep,L5,3288,nep
nep,L5,3292,nep
nep,L5,3293,nep
nep,L5,3294,nep
nep,L5,3295,nep
nep,L5,3299,nep
nep,L5,3300,nep
nep,L5,3301,nep
nep,L5,3305,nep
nep,L5,3310,nep
nep,L5,3311,nep
nep,L5,3312,nep
nep,L5,3314,nep
nep,L5,3318,nep
nep,L5,3321,nep
nep,L5,3322,nep
nep,L5,3323,nep
nep,L5,3326,nep
nep,L5,3330,nep
nep,L5,3331,nep
nep,L5,3335,nep
nep,L5,3339,nep
nep,L5,3347,nep
nep,L5,3348,nep
nep,L5,3349,nep
nep,L5,3350,nep
nep,L5,3352,nep
nep,L5,3357,nep
nep,L5,3358,nep
nep,L5,3361,nep
nep,L5,3365,nep
nep,L5,3366,nep
nep,L5,3368,nep
nep,L5,3371,nep
nep,L5,3372,nep
nep,L5,3373,nep
nep,L5,3376,nep
nep,L5,3377,nep
nep,L5,3378,nep
nep,L5,3379,nep
nep,L5,3381,npi
nep,L5,3383,nep
nep,L5,3384,nep
nep,L5,3385,nep
nep,L5,3389,nep
nep,L5,3392,nep
nep,L5,3393,nep
nep,L5,3394,nep
nep,L5,3397,nep
nep,L5,3399,nep
nep,L5,3401,nep
nep,L5,3403,nep
nep,L5,3404,nep
nep,L5,3406,nep
nep,L5,3407,nep
nep,L5,3408,nep
nep,L5,3409,nep
nep,L5,3410,nep
nep,L5,3412,nep
nep,L5,3413,nep
nep,L5,3417,nep
nep,L5,3428,nep
nep,L5,3429,npi
nep,L5,3430,nep
nep,L5,3437,nep
nep,L5,3438,nep
nep,L5,3442,nep
nep,L5,3443,nep
nep,L5,3446,nep
nep,L5,3447,nep
nep,L5,3448,nep
nep,L5,3450,nep
nep,L5,3451,nep
nep,L5,3452,nep
nep,L5,3453,nep
nep,L5,3454,nep
nep,L5,3456,nep
nep,L5,3461,nep
nep,L5,3462,nep
nep,L5,3463,nep
nep,L5,3467,nep
nep,L5,3472,nep
nep,L5,3473,nep
nep,L5,3477,nep
nep,L5,3479,nep
nep,L5,3485,nep
nep,L5,3493,nep
nep,L5,3501,nep
nep,L5,3503,nep
nep,L5,3504,nep
nep,L5,3508,nep
nep,L5,3509,nep
nep,L5,3510,nep
nep,L5,3514,nep
nep,L5,3515,npi
nep,L5,3517,nep
nep,L5,3518,nep
nep,L5,3519,nep
nep,L5,3522,nep
nep,L5,3524,nep
nep,L5,3528,nep
nep,L5,3533,nep
nep,L5,3536,npi
nep,L5,3538,nep
nep,L5,3546,nep
nep,L5,3547,nep
nep,L5,3554,npi
nep,L5,3556,nep
nep,L5,3561,nep
nep,L5,3562,nep
nep,L5,3565,nep
nep,L5,3566,nep
nep,L5,3568,nep
nep,L5,3570,nep
nep,L5,3571,nep
nep,L5,3573,nep
nep,L5,3577,nep
nep,L5,3579,nep
nep,L5,3581,nep
nep,L5,3583,nep
nep,L5,3584,nep
nep,L5,3587,nep
nep,L5,3592,nep
nep,L5,3595,nep
nep,L5,3602,nep
nep,L5,3603,nep
nep,L5,3604,nep
nep,L5,3605,nep
nep,L5,3607,nep
nep,L5,3608,nep
nep,L5,3611,nep
nep,L5,3615,nep
nep,L5,3618,nep
nep,L5,3621,nep
nep,L5,3623,npi
nep,L5,3629,nep
nep,L5,3632,nep
nep,L5,3636,nep
nep,L5,3639,nep
nep,L5,3642,nep
nep,L5,3647,nep
nep,L5,3652,nep
nep,L5,3655,nep
nep,L5,3656,nep
nep,L5,3660,nep
nep,L5,3662,nep
nep,L5,3663,nep
nep,L5,3664,nep
nep,L5,3667,nep
nep,L5,3674,nep
nep,L5,3682,nep
nep,L5,3686,nep
nep,L5,3688,nep
nep,L5,3690,nep
nep,L5,3693,nep
nep,L5,3695,npi
nep,L5,3698,nep
nep,L5,3699,nep
nep,L5,3705,nep
nep,L5,3706,nep
nep,L5,3708,nep
nep,L5,3716,nep
nep,L5,3723,nep
nep,L5,3724,nep
nep,L5,3729,nep
nep,L5,3730,nep
nep,L5,3731,nep
nep,L5,3739,nep
nep,L5,3742,nep
nep,L5,3744,nep
nep,L5,3747,nep
nep,L5,3749,nep
nep,L5,3753,nep
nep,L5,3754,nep
nep,L5,3756,nep
nep,L5,3760,nep
nep,L5,3764,nep
nep,L5,3765,nep
nep,L5,3766,nep
nep,L5,3767,nep
nep,L5,3772,nep
nep,L5,3775,nep
nep,L5,3777,nep
nep,L5,3778,nep
nep,L5,3779,nep
nep,L5,3781,nep
nep,L5,3782,nep
nep,L5,3783,nep
nep,L5,3784,nep
nep,L5,3790,nep
nep,L5,3791,nep
nep,L5,3792,nep
nep,L5,3794,nep
nep,L5,3795,nep
nep,L5,3797,nep
nep,L5,3798,nep
nep,L5,3800,nep
nep,L5,3802,nep
nep,L5,3808,nep
nep,L5,3812,nep
nep,L5,3813,nep
nep,L5,3814,nep
nep,L5,3820,nep
nep,L5,3826,nep
nep,L5,3832,nep
nep,L5,3833,nep
nep,L5,3834,nep
nep,L5,3835,nep
nep,L5,3838,nep
nep,L5,3842,nep
nep,L5,3844,nep
nep,L5,3845,nep
nep,L5,3848,nep
nep,L5,3850,nep
nep,L5,3853,nep
nep,L5,3854,nep
nep,L5,3855,npi
nep,L5,3856,nep
nep,L5,3858,nep
nep,L5,3862,nep
nep,L5,3865,nep
nep,L5,3866,nep
nep,L5,3867,nep
nep,L5,3870,nep
nep,L5,3873,nep
nep,L5,3874,nep
nep,L5,3875,nep
nep,L5,3879,nep
nep,L5,3881,nep
nep,L5,3883,nep
nep,L5,3886,nep
nep,L5,3888,nep
nep,L5,3895,nep
nep,L5,3903,nep
nep,L5,3909,nep
nep,L5,3910,nep
nep,L5,3912,nep
nep,L5,3914,nep
nep,L5,3915,nep
nep,L5,3916,nep
nep,L5,3920,nep
nep,L5,3921,nep
nep,L5,3926,nep
nep,L5,3928,nep
nep,L5,3929,nep
nep,L5,3933,nep
nep,L5,3935,nep
nep,L5,3938,nep
nep,L5,3942,nep
nep,L5,3946,nep
nep,L5,3948,nep
nep,L5,3955,nep
nep,L5,3956,nep
nep,L5,3961,nep
nep,L5,3962,npi
nep,L5,3965,nep
nep,L5,3966,npi
nep,L5,3967,nep
nep,L5,3974,nep
nep,L5,3975,nep
nep,L5,3977,nep
nep,L5,3979,nep
nep,L5,3980,nep
nep,L5,3983,nep
nep,L5,3985,npi
nep,L5,3990,nep
nep,L5,3991,nep
nep,L5,3993,nep
nep,L5,3994,nep
nep,L5,3995,nep
nep,L5,3996,nep
nep,L5,3997,nep
nep,L5,4000,nep
nep,L5,4001,nep
nep,L5,4005,nep
nep,L5,4006,npi
nep,L5,4010,nep
nep,L5,4013,nep
nep,L5,4017,nep
nep,L5,4020,nep
nep,L5,4021,nep
nep,L5,4024,npi
nep,L5,4025,nep
nep,L5,4030,nep
nep,L5,4031,nep
nep,L5,4032,npi
nep,L5,4035,npi
nep,L5,4037,npi
nep,L5,4038,nep
nep,L5,4041,nep
nep,L5,4043,nep
nep,L5,4049,nep
nep,L5,4065,nep
nep,L5,4066,nep
nep,L5,4067,nep
nep,L5,4071,nep
nep,L5,4072,nep
nep,L5,4073,nep
nep,L5,4079,nep
nep,L5,4083,nep
nep,L5,4085,nep
nep,L5,4086,nep
nep,L5,4088,nep
nep,L5,4089,nep
nep,L5,4091,nep
nep,L5,4098,nep
nep,L5,4101,npi
nep,L5,4103,nep
nep,L5,4104,nep
nep,L5,4106,nep
nep,L5,4107,nep
nep,L5,4115,nep
nep,L5,4116,nep
nep,L5,4118,nep
nep,L5,4122,nep
nep,L5,4124,nep
nep,L5,4129,nep
nep,L5,4130,nep
nep,L5,4134,nep
nep,L5,4135,nep
nep,L5,4138,nep
nep,L5,4139,nep
nep,L5,4144,nep
nep,L5,4147,nep
nep,L5,4149,nep
nep,L5,4150,nep
nep,L5,4152,nep
nep,L5,4161,nep
nep,L5,4162,nep
nep,L5,4166,nep
nep,L5,4167,nep
nep,L5,4169,nep
nep,L5,4171,nep
nep,L5,4175,nep
nep,L5,4176,nep
nep,L5,4177,nep
nep,L5,4179,nep
nep,L5,4180,nep
nep,L5,4181,nep
nep,L5,4185,nep
nep,L5,4188,nep
nep,L5,4192,nep
nep,L5,4193,nep
nep,L5,4195,nep
nep,L5,4197,nep
nep,L5,4203,nep
nep,L5,4204,nep
nep,L5,4207,nep
nep,L5,4208,nep
nep,L5,4209,nep
nep,L5,4210,nep
nep,L5,4211,nep
nep,L5,4213,nep
nep,L5,4220,nep
nep,L5,4225,npi
nep,L5,4228,nep
nep,L5,4231,nep
nep,L5,4232,nep
nep,L5,4236,nep
nep,L5,4242,nep
nep,L5,4244,nep
nep,L5,4248,nep
nep,L5,4252,nep
nep,L5,4254,nep
nep,L5,4257,nep
nep,L5,4258,nep
nep,L5,4259,nep
nep,L5,4260,nep
nep,L5,4271,nep
nep,L5,4272,nep
nep,L5,4275,nep
nep,L5,4279,nep
nep,L5,4280,nep
nep,L5,4283,nep
nep,L5,4284,nep
nep,L5,4286,nep
nep,L5,4288,nep
nep,L5,4299,nep
nep,L5,4301,nep
nep,L5,4303,nep
nep,L5,4304,nep
nep,L5,4307,nep
nep,L5,4311,nep
nep,L5,4315,nep
nep,L5,4320,nep
nep,L5,4321,nep
nep,L5,4323,nep
nep,L5,4324,nep
nep,L5,4325,nep
nep,L5,4326,nep
nep,L5,4334,nep
nep,L5,4335,nep
nep,L5,4336,nep
nep,L5,4339,nep
nep,L5,4341,nep
nep,L5,4342,nep
nep,L5,4344,nep
nep,L5,4347,nep
nep,L5,4348,nep
nep,L5,4350,nep
nep,L5,4352,nep
nep,L5,4357,nep
nep,L5,4360,nep
nep,L5,4361,nep
nep,L5,4364,nep
nep,L5,4367,nep
nep,L5,4369,nep
nep,L5,4375,nep
nep,L5,4381,nep
nep,L5,4382,nep
nep,L5,4384,nep
nep,L5,4387,nep
nep,L5,4391,nep
nep,L5,4395,nep
nep,L5,4396,nep
nep,L5,4400,nep
nep,L5,4402,nep
nep,L5,4405,nep
nep,L5,4407,nep
nep,L5,4408,nep
nep,L5,4410,nep
nep,L5,4411,nep
nep,L5,4417,nep
nep,L5,4418,nep
nep,L5,4419,nep
nep,L5,4421,npi
nep,L5,4423,nep
nep,L5,4426,nep
nep,L5,4427,nep
nep,L5,4434,nep
nep,L5,4435,nep
nep,L5,4437,nep
nep,L5,4443,nep
nep,L5,4445,nep
nep,L5,4447,nep
nep,L5,4449,nep
nep,L5,4454,nep
nep,L5,4456,nep
nep,L5,4460,nep
nep,L5,4461,nep
nep,L5,4463,nep
nep,L5,4465,nep
nep,L5,4466,nep
nep,L5,4467,nep
nep,L5,4468,nep
nep,L5,4474,nep
nep,L5,4475,nep
nep,L5,4479,npi
nep,L5,4481,nep
nep,L5,4482,nep
nep,L5,4487,nep
nep,L5,4490,nep
nep,L5,4494,nep
nep,L5,4497,nep
nep,L5,4503,nep
nep,L5,4509,nep
nep,L5,4511,nep
nep,L5,4514,nep
nep,L5,4517,nep
nep,L5,4518,nep
nep,L5,4519,nep
nep,L5,4520,nep
nep,L5,4522,nep
nep,L5,4528,nep
nep,L5,4530,nep
nep,L5,4532,nep
nep,L5,4546,nep
nep,L5,4550,nep
nep,L5,4551,nep
nep,L5,4554,nep
nep,L5,4555,nep
nep,L5,4556,nep
nep,L5,4557,nep
nep,L5,4559,nep
nep,L5,4560,nep
nep,L5,4561,nep
nep,L5,4563,nep
nep,L5,4568,nep
nep,L5,4570,nep
nep,L5,4572,nep
nep,L5,4573,nep
nep,L5,4580,nep
nep,L5,4582,nep
nep,L5,4584,nep
nep,L5,4591,nep
nep,L5,4593,nep
nep,L5,4597,nep
nep,L5,4598,nep
nep,L5,4602,nep
nep,L5,4603,nep
nep,L5,4605,nep
nep,L5,4607,nep
nep,L5,4610,nep
nep,L5,4616,npi
nep,L5,4618,nep
nep,L5,4622,nep
nep,L5,4623,nep
nep,L5,4624,nep
nep,L5,4626,nep
nep,L5,4627,nep
nep,L5,4628,nep
nep,L5,4640,nep
nep,L5,4641,nep
nep,L5,4645,nep
nep,L5,4647,nep
nep,L5,4653,nep
nep,L5,4661,nep
nep,L5,4662,nep
nep,L5,4663,nep
nep,L5,4664,nep
nep,L5,4665,nep
nep,L5,4666,nep
nep,L5,4667,nep
nep,L5,4668,nep
nep,L5,4670,nep
nep,L5,4673,nep
nep,L5,4679,nep
nep,L5,4680,nep
nep,L5,4682,nep
nep,L5,4685,nep
nep,L5,4687,nep
nep,L5,4689,nep
nep,L5,4690,nep
nep,L5,4693,nep
nep,L5,4694,nep
nep,L5,4697,nep
nep,L5,4699,nep
nep,L5,4701,nep
nep,L5,4702,nep
nep,L5,4704,nep
nep,L5,4707,nep
nep,L5,4708,nep
nep,L5,4709,nep
nep,L5,4711,nep
nep,L5,4714,nep
nep,L5,4719,nep
nep,L5,4720,npi
nep,L5,4727,nep
nep,L5,4728,nep
nep,L5,4731,nep
nep,L5,4732,npi
nep,L5,4734,nep
nep,L5,4736,nep
nep,L5,4737,nep
nep,L5,4740,nep
nep,L5,4741,npi
nep,L5,4742,nep
nep,L5,4748,nep
nep,L5,4749,nep
nep,L5,4751,nep
nep,L5,4752,nep
nep,L5,4754,nep
nep,L5,4755,nep
nep,L5,4758,nep
nep,L5,4760,nep
nep,L5,4761,nep
nep,L5,4762,nep
nep,L5,4763,nep
nep,L5,4764,nep
nep,L5,4768,nep
nep,L5,4769,nep
nep,L5,4772,nep
nep,L5,4774,nep
nep,L5,4779,nep
nep,L5,4781,nep
nep,L5,4784,nep
nep,L5,4786,nep
nep,L5,4788,nep
nep,L5,4789,nep
nep,L5,4792,nep
nep,L5,4795,nep
nep,L5,4797,nep
nep,L5,4798,nep
nep,L5,4799,nep
nep,L5,4800,nep
nep,L5,4801,nep
nep,L5,4804,nep
nep,L5,4805,nep
nep,L5,4807,nep
nep,L5,4809,nep
nep,L5,4815,nep
nep,L5,4818,nep
nep,L5,4821,nep
nep,L5,4823,nep
nep,L5,4824,nep
nep,L5,4825,nep
nep,L5,4832,nep
nep,L5,4838,nep
nep,L5,4841,nep
nep,L5,4845,nep
nep,L5,4848,nep
nep,L5,4849,nep
nep,L5,4852,nep
nep,L5,4855,nep
nep,L5,4860,nep
nep,L5,4862,npi
nep,L5,4865,nep
nep,L5,4867,nep
nep,L5,4876,nep
nep,L5,4878,nep
nep,L5,4879,nep
nep,L5,4880,nep
nep,L5,4885,nep
nep,L5,4890,nep
nep,L5,4895,nep
nep,L5,4896,nep
nep,L5,4899,nep
nep,L5,4900,nep
nep,L5,4901,nep
nep,L5,4904,nep
nep,L5,4905,nep
nep,L5,4908,nep
nep,L5,4909,nep
nep,L5,4910,nep
nep,L5,4914,nep
nep,L5,4917,nep
nep,L5,4919,nep
nep,L5,4921,nep
nep,L5,4926,nep
nep,L5,4927,npi
nep,L5,4929,nep
nep,L5,4931,nep
nep,L5,4935,nep
nep,L5,4936,nep
nep,L5,4937,nep
nep,L5,4939,nep
nep,L5,4940,nep
nep,L5,4942,nep
nep,L5,4947,nep
nep,L5,4949,nep
nep,L5,4951,nep
nep,L5,4954,nep
nep,L5,4956,nep
nep,L5,4957,nep
nep,L5,4958,nep
nep,L5,4960,nep
nep,L5,4966,nep
nep,L5,4967,nep
nep,L5,4971,nep
nep,L5,4973,nep
nep,L5,4975,nep
nep,L5,4977,nep
nep,L5,4978,nep
nep,L5,4986,nep
nep,L5,4987,nep
nep,L5,4988,nep
nep,L5,4989,nep
nep,L5,4992,nep
nep,L5,5001,nep
nep,L5,5005,nep
nep,L5,5006,nep
nep,L5,5014,nep
nep,L5,5015,nep
nep,L5,5016,nep
nep,L5,5017,nep
nep,L5,5019,nep
nep,L5,5024,nep
nep,L5,5025,nep
nep,L5,5026,nep
nep,L5,5028,nep
nep,L5,5029,nep
nep,L5,5030,nep
nep,L5,5031,nep
nep,L5,5033,nep
nep,L5,5035,npi
nep,L5,5040,nep
nep,L5,5043,nep
nep,L5,5046,nep
nep,L5,5048,nep
nep,L5,5050,nep
nep,L5,5054,nep
nep,L5,5059,nep
nep,L5,5061,nep
nep,L5,5062,nep
nep,L5,5063,nep
nep,L5,5067,nep
nep,L5,5071,nep
nep,L5,5074,nep
nep,L5,5075,nep
nep,L5,5076,nep
nep,L5,5079,nep
nep,L5,5083,nep
nep,L5,5084,nep
nep,L5,5087,nep
nep,L5,5089,nep
nep,L5,5090,nep
nep,L5,5096,nep
nep,L5,5098,nep
nep,L5,5099,nep
nep,L5,5106,nep
nep,L5,5113,nep
nep,L5,5114,nep
nep,L5,5119,nep
nep,L5,5122,nep
nep,L5,5123,nep
nep,L5,5125,nep
nep,L5,5126,nep
nep,L5,5127,nep
nep,L5,5133,nep
nep,L5,5136,nep
nep,L5,5143,nep
nep,L5,5146,nep
nep,L5,5150,nep
nep,L5,5151,nep
nep,L5,5152,nep
nep,L5,5153,nep
nep,L5,5157,nep
nep,L5,5159,nep
nep,L5,5162,nep
nep,L5,5165,nep
nep,L5,5169,nep
nep,L5,5170,nep
nep,L5,5171,nep
nep,L5,5173,nep
nep,L5,5175,nep
nep,L5,5178,nep
nep,L5,5179,nep
nep,L5,5180,nep
nep,L5,5181,nep
nep,L5,5185,nep
nep,L5,5190,nep
nep,L5,5192,nep
nep,L5,5193,nep
nep,L5,5195,nep
nep,L5,5196,nep
nep,L5,5198,nep
nep,L5,5199,nep
nep,L5,5203,nep
nep,L5,5205,nep
nep,L5,5208,nep
nep,L5,5210,nep
nep,L5,5213,nep
nep,L5,5216,nep
nep,L5,5219,nep
nep,L5,5220,nep
nep,L5,5221,nep
nep,L5,5227,nep
nep,L5,5229,nep
nep,L5,5231,nep
nep,L5,5236,nep
nep,L5,5237,nep
nep,L5,5238,nep
nep,L5,5241,nep
nep,L5,5242,nep
nep,L5,5244,nep
nep,L5,5246,nep
nep,L5,5247,nep
nep,L5,5254,nep
nep,L5,5258,nep
nep,L5,5260,nep
nep,L5,5261,nep
nep,L5,5267,nep
nep,L5,5271,nep
nep,L5,5276,nep
nep,L5,5277,nep
nep,L5,5285,nep
nep,L5,5286,npi
nep,L5,5290,nep
nep,L5,5292,nep
nep,L5,5302,nep
nep,L5,5309,nep
nep,L5,5312,nep
nep,L5,5313,nep
nep,L5,5314,nep
nep,L5,5316,nep
nep,L5,5317,npi
nep,L5,5319,nep
nep,L5,5323,nep
nep,L5,5324,nep
nep,L5,5332,nep
nep,L5,5334,nep
nep,L5,5339,nep
hin,L1,35,hin
hin,L1,235,hin
hin,L1,347,hin
hin,L1,503,hin
hin,L1,838,hin
hin,L1,866,hin
hin,L1,1064,hin
hin,L1,1251,hin
hin,L1,1329,hin
hin,L1,1350,hin
hin,L1,1352,hin
hin,L1,1363,hin
hin,L1,1371,hin
hin,L1,1419,hin
hin,L1,1516,hin
hin,L1,1686,new
hin,L1,1939,hin
hin,L1,2213,new
hin,L1,2271,hin
hin,L1,2284,hin
hin,L1,2348,hin
hin,L1,2361,hin
hin,L1,2417,hin
hin,L1,2532,hin
hin,L1,2561,hin
hin,L1,2571,hin
hin,L1,3013,hin
hin,L1,3407,hin
hin,L1,3474,hin
hin,L1,3651,hin
hin,L1,3964,hin
hin,L1,4041,hin
hin,L1,5403,hin
hin,L1,5533,hin
hin,L1,5600,hin
hin,L1,5639,hin
hin,L1,5766,hin
hin,L1,5931,hin
hin,L1,6177,hin
hin,L1,6237,hin
hin,L1,6259,hin
hin,L1,6492,hin
hin,L1,6611,hin
hin,L1,6818,hin
hin,L1,6855,hin
hin,L1,6917,hin
hin,L1,7002,hin
hin,L1,7033,hin
hin,L1,7226,hin
hin,L1,7434,hin
hin,L1,7450,hin
hin,L1,7643,hin
hin,L1,8109,hin
hin,L1,8358,hin
hin,L1,8735,hin
hin,L1,8802,hin
hin,L1,8804,hin
hin,L1,8853,awa
hin,L1,8996,hin
hin,L1,9108,hin
hin,L1,9276,hin
hin,L1,9583,hin
hin,L1,9687,hin
hin,L1,10046,hin
hin,L1,10059,hin
hin,L1,10121,hin
hin,L1,10180,hin
hin,L1,10386,hin
hin,L1,10418,hin
hin,L1,10584,hin
hin,L1,10600,hin
hin,L1,10607,hin
hin,L1,10698,hin
hin,L1,10893,hin
hin,L1,10903,hin
hin,L1,10917,hin
hin,L1,11134,hin
hin,L1,11145,hin
hin,L1,11188,hin
hin,L1,11349,hin
hin,L1,11415,hin
hin,L1,11826,hin
hin,L1,11974,hin
hin,L1,12060,hin
hin,L1,12129,hin
hin,L1,12153,hin
hin,L1,12354,hin
hin,L1,12424,hin
hin,L1,12550,hin
hin,L1,12840,hin
hin,L1,13283,hin
hin,L1,13313,hin
hin,L1,13336,hin
hin,L1,13422,hin
hin,L1,13691,hin
hin,L1,13884,hin
hin,L1,14086,hin
hin,L1,14526,hin
hin,L1,14658,hin
hin,L1,14779,hin
hin,L1,14823,hin
hin,L1,15117,hin
hin,L1,15494,hin
hin,L1,15525,hin
hin,L1,15622,hin
hin,L1,15650,hin
hin,L1,15898,hin
hin,L1,16130,hin
hin,L1,16388,hin
hin,L1,16611,hin
hin,L1,16692,hin
hin,L1,16984,hin
hin,L1,17070,hin
hin,L1,17266,hin
hin,L1,17657,hin
hin,L1,17773,hin
hin,L1,17791,hin
hin,L1,17828,hin
hin,L1,17870,hin
hin,L1,17964,hin
hin,L1,18196,hin
hin,L1,18284,hin
hin,L1,18296,hin
hin,L1,18305,hin
hin,L1,18344,hin
hin,L1,18866,hin
hin,L1,18880,hin
hin,L1,19088,hin
hin,L1,19338,hin
hin,L1,19367,hin
hin,L1,19475,hin
hin,L1,19664,hin
hin,L1,19737,hin
hin,L1,20006,hin
hin,L1,20309,hin
hin,L1,20521,hin
hin,L1,20889,hin
hin,L1,21003,hin
hin,L1,21582,hin
hin,L1,21641,hin
hin,L1,21707,hin
hin,L1,21830,hin
hin,L1,22192,hin
hin,L1,22211,hin
hin,L1,22277,hin
hin,L1,22430,hin
hin,L1,22589,hin
hin,L1,22857,hin
hin,L1,23022,hin
hin,L1,23045,hin
hin,L1,23245,hin
hin,L1,23370,bho
hin,L1,23698,hin
hin,L1,24038,hin
hin,L1,24281,hin
hin,L1,24471,hin
hin,L1,24693,hin
hin,L1,24749,hin
hin,L1,24779,hin
hin,L1,24858,hin
hin,L1,24877,hin
hin,L1,25575,hin
hin,L1,25701,hin
hin,L1,25841,hin
hin,L1,25855,hin
hin,L1,25891,hin
hin,L1,25938,hin
hin,L1,26125,hin
hin,L1,26321,hin
hin,L1,26677,hin
hin,L1,26929,hin
hin,L1,26961,hin
hin,L1,27043,hin
hin,L1,27068,hin
hin,L1,27247,hin
hin,L1,27350,hin
hin,L1,27938,hin
hin,L1,28233,hin
hin,L1,28253,hin
hin,L1,28270,hin
hin,L1,28457,hin
hin,L1,28489,hin
hin,L1,28527,hin
hin,L1,28541,hin
hin,L1,28571,hin
hin,L1,28730,hin
hin,L1,29029,hin
hin,L1,29079,hin
hin,L1,29169,hin
hin,L1,29736,hin
hin,L1,29744,hin
hin,L1,29849,hin
hin,L1,29899,hin
hin,L1,29900,hin
hin,L1,29959,hin
hin,L1,30030,hin
hin,L1,30119,hin
hin,L1,30251,hin
hin,L1,30502,hin
hin,L1,30547,hin
hin,L1,30697,hin
hin,L1,30783,hin
hin,L1,30998,hin
hin,L1,31026,hin
hin,L1,31038,hin
hin,L1,31135,hin
hin,L1,31697,hin
hin,L1,31728,hin
hin,L1,31921,hin
hin,L1,32280,hin
hin,L1,32509,hin
hin,L1,32543,hin
hin,L1,32739,hin
hin,L1,32872,hin
hin,L1,32981,hin
hin,L1,33003,hin
hin,L1,33026,hin
hin,L1,33336,hin
hin,L1,33490,hin
hin,L1,33702,hin
hin,L1,33887,hin
hin,L1,34053,hin
hin,L1,34073,hin
hin,L1,34195,hin
hin,L1,34596,hin
hin,L1,34741,hin
hin,L1,35093,hin
hin,L1,35205,hin
hin,L1,35253,hin
hin,L1,35900,hin
hin,L1,35945,hin
hin,L1,36023,hin
hin,L1,36122,hin
hin,L1,36384,hin
hin,L1,36456,hin
hin,L1,36494,hin
hin,L1,36586,hin
hin,L1,36613,hin
hin,L1,36614,hin
hin,L1,36786,hin
hin,L1,36787,hin
hin,L1,36818,hin
hin,L1,36849,hin
hin,L1,37022,hin
hin,L1,37282,hin
hin,L1,37312,hin
hin,L1,37455,hin
hin,L1,37666,hin
hin,L1,37924,hin
hin,L1,38100,hin
hin,L1,38545,hin
hin,L1,38643,hin
hin,L1,38683,hin
hin,L1,38685,hin
hin,L1,38707,hin
hin,L1,39887,hin
hin,L1,39988,hin
hin,L1,40045,hin
hin,L1,40081,hin
hin,L1,40325,hin
hin,L1,40371,hin
hin,L1,40621,hin
hin,L1,40718,hin
hin,L1,40728,hin
hin,L1,40948,hin
hin,L1,41515,hin
hin,L1,41766,hin
hin,L1,41927,hin
hin,L1,42014,hin
hin,L1,42169,hin
hin,L1,42365,hin
hin,L1,42496,hin
hin,L1,42698,hin
hin,L1,42711,hin
hin,L1,42830,hin
hin,L1,42858,hin
hin,L1,43050,hin
hin,L1,43144,hin
hin,L1,43175,hin
hin,L1,43472,hin
hin,L1,43602,hin
hin,L1,43796,hin
hin,L1,43808,hin
hin,L1,43823,hin
hin,L1,43947,hin
hin,L1,44030,hin
hin,L1,44075,hin
hin,L1,44094,hin
hin,L1,44147,hin
hin,L1,44263,hin
hin,L1,44349,hin
hin,L1,44697,hin
hin,L1,44820,hin
hin,L1,44983,hin
hin,L1,45232,hin
hin,L1,45439,hin
hin,L1,45446,hin
hin,L1,45455,hin
hin,L1,45565,hin
hin,L1,45791,hin
hin,L1,45803,hin
hin,L1,46040,hin
hin,L1,46101,hin
hin,L1,46112,hin
hin,L1,46118,hin
hin,L1,46143,hin
hin,L1,46185,hin
hin,L1,46484,hin
hin,L1,46627,hin
hin,L1,46765,hin
hin,L1,46777,hin
hin,L1,46966,hin
hin,L1,47157,hin
hin,L1,47253,hin
hin,L1,47690,hin
hin,L1,48076,hin
hin,L1,48167,hin
hin,L1,48344,hin
hin,L1,48526,hin
hin,L1,48589,hin
hin,L1,48650,hin
hin,L1,48663,hin
hin,L1,48832,hin
hin,L1,48973,hin
hin,L1,49894,hin
hin,L1,50164,hin
hin,L1,50190,hin
hin,L1,50638,hin
hin,L1,51172,hin
hin,L1,51175,hin
hin,L1,51289,hin
hin,L1,51502,hin
hin,L1,51731,hin
hin,L1,51775,hin
hin,L1,51848,hin
hin,L1,51893,hin
hin,L1,52035,hin
hin,L1,52176,hin
hin,L1,52197,hin
hin,L1,52203,hin
hin,L1,52347,hin
hin,L1,52411,hin
hin,L1,52462,hin
hin,L1,52636,hin
hin,L1,52862,hin
hin,L1,53115,hin
hin,L1,53220,hin
hin,L1,53303,hin
hin,L1,53327,hin
hin,L1,53355,hin
hin,L1,53373,hin
hin,L1,53475,hin
hin,L1,53486,hin
hin,L1,53756,hin
hin,L1,53879,hin
hin,L1,54139,hin
hin,L1,54226,hin
hin,L1,54235,hin
hin,L1,54352,hin
hin,L1,54407,hin
hin,L1,54420,hin
hin,L1,54423,hin
hin,L1,54446,hin
hin,L1,54574,hin
hin,L1,54616,hin
hin,L1,55092,hin
hin,L1,55098,hin
hin,L1,55269,hin
hin,L1,55304,hin
hin,L1,55503,hin
hin,L1,55592,hin
hin,L1,56031,hin
hin,L1,56226,hin
hin,L1,56272,hin
hin,L1,56525,hin
hin,L1,56976,hin
hin,L1,56990,hin
hin,L1,57417,hin
hin,L1,57662,hin
hin,L1,57676,hin
hin,L1,57801,hin
hin,L1,58008,hin
hin,L1,58468,hin
hin,L1,58575,hin
hin,L1,58673,hin
hin,L1,58688,hin
hin,L1,59181,hin
hin,L1,59277,hin
hin,L1,59421,bho
hin,L1,59452,hin
hin,L1,59852,hin
hin,L1,60207,hin
hin,L1,60210,hin
hin,L1,60225,hin
hin,L1,60296,hin
hin,L1,60351,hin
hin,L1,60469,hin
hin,L1,60916,hin
hin,L1,60962,hin
hin,L1,61050,hin
hin,L1,61262,hin
hin,L1,61296,hin
hin,L1,61463,hin
hin,L1,61523,hin
hin,L1,61573,hin
hin,L1,61610,hin
hin,L1,61701,hin
hin,L1,61792,hin
hin,L1,61843,hin
hin,L1,61849,hin
hin,L1,62047,hin
hin,L1,62085,hin
hin,L1,62248,hin
hin,L1,62294,hin
hin,L1,62338,hin
hin,L1,62399,hin
hin,L1,62415,hin
hin,L1,62537,hin
hin,L1,62840,hin
hin,L1,62860,hin
hin,L1,63375,hin
hin,L1,63614,hin
hin,L1,63676,hin
hin,L1,64003,hin
hin,L1,64066,hin
hin,L1,64249,hin
hin,L1,64263,hin
hin,L1,64510,hin
hin,L1,64601,hin
hin,L1,64648,hin
hin,L1,64760,hin
hin,L1,64848,hin
hin,L1,64983,hin
hin,L1,65063,hin
hin,L1,65209,hin
hin,L1,65282,hin
hin,L1,65433,hin
hin,L1,65655,hin
hin,L1,66340,hin
hin,L1,66348,hin
hin,L1,66707,hin
hin,L1,66936,hin
hin,L1,66979,hin
hin,L1,66997,hin
hin,L1,67155,hin
hin,L1,67208,hin
hin,L1,67247,hin
hin,L1,67309,hin
hin,L1,67847,hin
hin,L1,67969,hin
hin,L1,68162,hin
hin,L1,68254,hin
hin,L1,68423,hin
hin,L1,68727,hin
hin,L1,68750,hin
hin,L1,68755,hin
hin,L1,68785,hin
hin,L1,68998,hin
hin,L1,69310,hin
hin,L1,69331,hin
hin,L1,69487,hin
hin,L1,69741,hin
hin,L1,69867,hin
hin,L1,69946,awa
hin,L1,70440,hin
hin,L1,70461,hin
hin,L1,70512,hin
hin,L1,70574,hin
hin,L1,70737,hin
hin,L1,70761,hin
hin,L1,70827,hin
hin,L1,70873,hin
hin,L1,70882,hin
hin,L1,71078,hin
hin,L1,71237,hin
hin,L1,71701,hin
hin,L1,72025,hin
hin,L1,72249,hin
hin,L1,72296,hin
hin,L1,72349,hin
hin,L1,72421,hin
hin,L1,72508,hin
hin,L1,72664,hin
hin,L1,72761,hin
hin,L1,72855,hin
hin,L1,72884,hin
hin,L1,72932,hin
hin,L1,73836,hin
hin,L1,74060,hin
hin,L1,74271,hin
hin,L1,74281,hin
hin,L1,74713,hin
hin,L1,74777,hin
hin,L1,74793,hin
hin,L1,74913,hin
hin,L1,75056,hin
hin,L1,75361,hin
hin,L1,75390,hin
hin,L1,75461,hin
hin,L1,75905,hin
hin,L1,76006,hin
hin,L1,76075,hin
hin,L1,76344,hin
hin,L1,76576,hin
hin,L1,76673,hin
hin,L1,76882,hin
hin,L1,76901,hin
hin,L1,77031,hin
hin,L1,77153,hin
hin,L1,77235,hin
hin,L1,77458,hin
hin,L1,77470,hin
hin,L1,77551,hin
hin,L1,77731,hin
hin,L1,77764,hin
hin,L1,77797,hin
hin,L1,77945,hin
hin,L1,77969,hin
hin,L1,77970,hin
hin,L1,77989,hin
hin,L1,78053,hin
hin,L1,78090,hin
hin,L1,78266,hin
hin,L1,78279,hin
hin,L1,78332,hin
hin,L1,78490,hin
hin,L1,78609,hin
hin,L1,79075,hin
hin,L1,79086,hin
hin,L1,79205,hin
hin,L1,79356,hin
hin,L1,79586,hin
hin,L1,79861,hin
hin,L1,79956,hin
hin,L1,80046,hin
hin,L1,80067,hin
hin,L1,80162,hin
hin,L1,80267,hin
hin,L1,80437,hin
hin,L1,80567,hin
hin,L1,80653,hin
hin,L1,80655,hin
hin,L1,80690,hin
hin,L1,80983,hin
hin,L1,81111,hin
hin,L1,81725,hin
hin,L1,81808,hin
hin,L1,81914,hin
hin,L1,82132,hin
hin,L1,82194,hin
hin,L1,82322,hin
hin,L1,82469,hin
hin,L1,82573,hin
hin,L1,82721,hin
hin,L1,82750,hin
hin,L1,82790,hin
hin,L1,82850,hin
hin,L1,83339,hin
hin,L1,83458,hin
hin,L1,83776,hin
hin,L1,83892,hin
hin,L1,84029,hin
hin,L1,84204,hin
hin,L1,84514,hin
hin,L1,84636,hin
hin,L1,84786,hin
hin,L1,84858,hin
hin,L1,84877,hin
hin,L1,85470,hin
hin,L1,85792,hin
hin,L1,86078,hin
hin,L1,86534,hin
hin,L1,86657,hin
hin,L1,86734,hin
hin,L1,86853,hin
hin,L1,86904,hin
hin,L1,87166,hin
hin,L1,87229,hin
hin,L1,87354,hin
hin,L1,87441,hin
hin,L1,87750,hin
hin,L1,87856,hin
hin,L1,88004,hin
hin,L1,88067,hin
hin,L1,88276,hin
hin,L1,88327,hin
hin,L1,88388,hin
hin,L1,89063,hin
hin,L1,89149,hin
hin,L1,89164,hin
hin,L1,89265,hin
hin,L1,89340,hin
hin,L1,89342,hin
hin,L1,89769,hin
hin,L1,89896,hin
hin,L1,89923,hin
hin,L1,89980,hin
hin,L1,90010,hin
hin,L1,90102,hin
hin,L1,90253,hin
hin,L1,90405,hin
hin,L1,90407,hin
hin,L1,90420,hin
hin,L1,90882,hin
hin,L1,90930,hin
hin,L1,91284,hin
hin,L1,91294,hin
hin,L1,91349,hin
hin,L1,91371,hin
hin,L1,91422,hin
hin,L1,91531,hin
hin,L1,91596,hin
hin,L1,91828,hin
hin,L1,92175,hin
hin,L1,92194,hin
hin,L1,92304,hin
hin,L1,92368,hin
hin,L1,92603,hin
hin,L1,92677,hin
hin,L1,92678,hin
hin,L1,92693,hin
hin,L1,92921,hin
hin,L1,93148,hin
hin,L1,93216,hin
hin,L1,93530,hin
hin,L1,93680,hin
hin,L1,94129,hin
hin,L1,94350,hin
hin,L1,94391,hin
hin,L1,94428,hin
hin,L1,94947,hin
hin,L1,95033,hin
hin,L1,95085,hin
hin,L1,95180,hin
hin,L1,95243,hin
hin,L1,95517,hin
hin,L1,95540,hin
hin,L1,95676,hin
hin,L1,95827,hin
hin,L1,96591,hin
hin,L1,96592,hin
hin,L1,96656,hin
hin,L1,97318,hin
hin,L1,97456,hin
hin,L1,97557,hin
hin,L1,97624,hin
hin,L1,97645,hin
hin,L1,97919,hin
hin,L1,98167,hin
hin,L1,98211,hin
hin,L1,98238,hin
hin,L1,98243,hin
hin,L1,98382,hin
hin,L1,98645,hin
hin,L1,99200,hin
hin,L1,99242,hin
hin,L1,99312,hin
hin,L1,99355,hin
hin,L1,99440,hin
hin,L1,99455,hin
hin,L1,99586,hin
hin,L1,99690,hin
hin,L1,99743,hin
hin,L1,99752,hin
hin,L1,99996,hin
hin,L1,100348,hin
hin,L1,100408,hin
hin,L1,100474,hin
hin,L1,100496,hin
hin,L1,100547,hin
hin,L1,100687,hin
hin,L1,100710,hin
hin,L1,100739,hin
hin,L1,101021,hin
hin,L1,101033,hin
hin,L1,101094,hin
hin,L1,101238,hin
hin,L1,101327,hin
hin,L1,101370,hin
hin,L1,101382,hin
hin,L1,101569,hin
hin,L1,101785,hin
hin,L1,101931,hin
hin,L1,102357,hin
hin,L1,102773,hin
hin,L1,102894,hin
hin,L1,103015,hin
hin,L1,103036,hin
hin,L1,103345,hin
hin,L1,103394,hin
hin,L1,103398,hin
hin,L1,103399,hin
hin,L1,103526,hin
hin,L1,103534,hin
hin,L1,103581,hin
hin,L1,103618,hin
hin,L1,103851,hin
hin,L1,103948,hin
hin,L1,104004,hin
hin,L1,104057,hin
hin,L1,104195,hin
hin,L1,104258,hin
hin,L1,104336,hin
hin,L1,104501,hin
hin,L1,104517,hin
hin,L1,104588,hin
hin,L1,104649,hin
hin,L1,104656,hin
hin,L1,104907,hin
hin,L1,105113,hin
hin,L1,105439,hin
hin,L1,105465,hin
hin,L1,105480,hin
hin,L1,106080,hin
hin,L1,106353,hin
hin,L1,106594,hin
hin,L1,106721,hin
hin,L1,106753,hin
hin,L1,106895,hin
hin,L1,106917,hin
hin,L1,106997,hin
hin,L1,107182,hin
hin,L1,107369,hin
hin,L1,107408,hin
hin,L1,107414,hin
hin,L1,107496,hin
hin,L1,107848,hin
hin,L1,107859,hin
hin,L1,107975,hin
hin,L1,108081,hin
hin,L1,108154,hin
hin,L1,108641,hin
hin,L1,109076,hin
hin,L1,109182,hin
hin,L1,109307,hin
hin,L1,109491,hin
hin,L1,110163,hin
hin,L1,110986,hin
hin,L1,111154,hin
hin,L1,111281,hin
hin,L1,111384,hin
hin,L1,111570,hin
hin,L1,111854,hin
hin,L1,112107,hin
hin,L1,112211,hin
hin,L1,112531,hin
hin,L1,112934,hin
hin,L1,112941,hin
hin,L1,112999,hin
hin,L1,113167,hin
hin,L1,113506,hin
hin,L1,114020,hin
hin,L1,114139,hin
hin,L1,114607,hin
hin,L1,114766,hin
hin,L1,115042,hin
hin,L1,115294,hin
hin,L1,115442,hin
hin,L1,115524,hin
hin,L1,115636,hin
hin,L1,115869,hin
hin,L1,116106,hin
hin,L1,116144,hin
hin,L1,116414,hin
hin,L1,116660,hin
hin,L1,116666,hin
hin,L1,117139,hin
hin,L1,117224,hin
hin,L1,117399,hin
hin,L1,117431,hin
hin,L1,117463,hin
hin,L1,117655,hin
hin,L1,117983,hin
hin,L1,117999,hin
hin,L1,118029,hin
hin,L1,118115,hin
hin,L1,118292,hin
hin,L1,118405,hin
hin,L1,118974,hin
hin,L1,119071,hin
hin,L1,119295,hin
hin,L1,119381,hin
hin,L1,119402,hin
hin,L1,119522,hin
hin,L1,120288,hin
hin,L1,120416,hin
hin,L1,120936,hin
hin,L1,120973,hin
hin,L1,121108,hin
hin,L1,121228,hin
hin,L1,121261,hin
hin,L1,121668,hin
hin,L1,121682,hin
hin,L1,121773,hin
hin,L1,121940,hin
hin,L1,121944,hin
hin,L1,122091,hin
hin,L1,122216,hin
hin,L1,122283,hin
hin,L1,122313,hin
hin,L1,122318,hin
hin,L1,122351,hin
hin,L1,122370,hin
hin,L1,122764,hin
hin,L1,122771,hin
hin,L1,123209,hin
hin,L1,123283,hin
hin,L1,123523,hin
hin,L1,123595,hin
hin,L1,123899,hin
hin,L1,124173,hin
hin,L1,124412,hin
hin,L1,124580,hin
hin,L1,124725,hin
hin,L1,124899,hin
hin,L1,124921,hin
hin,L1,125096,hin
hin,L1,125398,hin
hin,L1,125513,hin
hin,L1,126018,hin
hin,L1,126021,hin
hin,L1,126027,hin
hin,L1,126112,hin
hin,L1,126327,hin
hin,L1,126378,hin
hin,L1,126648,hin
hin,L1,126800,hin
hin,L1,127113,hin
hin,L1,127156,hin
hin,L1,127290,hin
hin,L1,127371,hin
hin,L1,127524,hin
hin,L1,127567,hin
hin,L1,127636,hin
hin,L1,127763,hin
hin,L1,127955,hin
hin,L1,127994,hin
hin,L1,128377,hin
hin,L1,128537,hin
hin,L1,128547,hin
hin,L1,128793,hin
hin,L1,128804,hin
hin,L1,128805,hin
hin,L1,128931,hin
hin,L1,129444,hin
hin,L1,129653,hin
hin,L1,129809,hin
hin,L1,129994,hin
hin,L1,130135,hin
hin,L1,130152,hin
hin,L1,130275,hin
hin,L1,130288,hin
hin,L1,130335,hin
hin,L1,130672,hin
hin,L1,130678,hin
hin,L1,130711,hin
hin,L1,130715,hin
hin,L1,130999,hin
hin,L1,131303,hin
hin,L1,131304,hin
hin,L1,131357,hin
hin,L1,131535,hin
hin,L1,131635,hin
hin,L1,131661,hin
hin,L1,131966,hin
hin,L1,132198,hin
hin,L1,132639,hin
hin,L1,132704,hin
hin,L1,132775,hin
hin,L1,132887,hin
hin,L1,133102,hin
hin,L1,133279,hin
hin,L1,133559,hin
hin,L1,133595,hin
hin,L1,133603,hin
hin,L1,133609,hin
hin,L1,133621,hin
hin,L1,133737,hin
hin,L1,133781,hin
hin,L1,133847,hin
hin,L1,133976,hin
hin,L1,134072,hin
hin,L1,134100,hin
hin,L1,134125,hin
hin,L1,134131,hin
hin,L1,134180,hin
hin,L1,134427,hin
hin,L1,134472,hin
hin,L1,134619,hin
hin,L1,134821,hin
hin,L1,134932,hin
hin,L1,135065,hin
hin,L1,135406,hin
hin,L1,135434,hin
hin,L1,135551,hin
hin,L1,135865,hin
hin,L1,135911,hin
hin,L1,136025,hin
hin,L1,136165,hin
hin,L1,136180,hin
hin,L1,136345,hin
hin,L1,136536,hin
hin,L1,136664,hin
hin,L1,136744,hin
hin,L1,136811,hin
hin,L1,137224,hin
hin,L1,137477,hin
hin,L1,137493,hin
hin,L1,137550,hin
hin,L1,137633,hin
hin,L1,137652,hin
hin,L1,137676,hin
hin,L1,137740,hin
hin,L1,137879,hin
hin,L1,137882,hin
hin,L1,138090,hin
hin,L1,138157,hin
hin,L1,138286,hin
hin,L1,138297,hin
hin,L1,138340,hin
hin,L1,138470,hin
hin,L1,138507,hin
hin,L1,138565,hin
hin,L1,138816,hin
hin,L1,138995,hin
hin,L1,139023,hin
hin,L1,139140,hin
hin,L1,139215,hin
hin,L1,139452,hin
hin,L1,139545,hin
hin,L1,139557,hin
hin,L1,139893,hin
hin,L1,140269,hin
hin,L1,140311,hin
hin,L1,140477,hin
hin,L1,140676,hin
hin,L1,140689,hin
hin,L1,140735,hin
hin,L1,140843,hin
hin,L1,141193,hin
hin,L1,141214,hin
hin,L1,141262,hin
hin,L1,141329,hin
hin,L1,141334,hin
hin,L1,141433,hin
hin,L1,141592,hin
hin,L1,141829,hin
hin,L1,142061,hin
hin,L1,142151,hin
hin,L1,142530,hin
hin,L1,142869,hin
hin,L1,142991,mag
hin,L1,143005,hin
hin,L1,143104,hin
hin,L1,143282,hin
hin,L1,143442,hin
hin,L1,143828,hin
hin,L1,143907,hin
hin,L1,144160,hin
hin,L1,144266,hin
hin,L1,144761,hin
hin,L1,144780,hin
hin,L1,144794,hin
hin,L1,144951,hin
hin,L1,144973,hin
hin,L1,144975,hin
hin,L1,144984,hin
hin,L1,145019,hin
hin,L1,145044,hin
hin,L1,145077,hin
hin,L1,145359,hin
hin,L1,145591,hin
hin,L1,145727,hin
hin,L1,145771,hin
hin,L1,145894,hin
hin,L1,146236,hin
hin,L1,146273,hin
hin,L1,146277,hin
hin,L1,146468,hin
hin,L1,146546,hin
hin,L1,146733,hin
hin,L1,146777,hin
hin,L1,146881,hin
hin,L1,146985,hin
hin,L1,147088,hin
hin,L1,147137,hin
hin,L1,147259,hin
hin,L1,147467,hin
hin,L1,147898,hin
hin,L1,147960,hin
hin,L1,148124,hin
hin,L1,148352,hin
hin,L1,148533,hin
hin,L1,148935,hin
hin,L1,148945,hin
hin,L1,148959,hin
hin,L1,149153,hin
hin,L1,149302,hin
hin,L1,149599,hin
hin,L1,149789,hin
hin,L1,149806,hin
hin,L1,149875,hin
hin,L1,150013,hin
hin,L1,150051,hin
hin,L1,150101,hin
hin,L1,150718,hin
hin,L1,150951,hin
hin,L1,150970,hin
hin,L1,151015,hin
hin,L1,151038,hin
hin,L1,151281,hin
hin,L1,151580,hin
hin,L1,151608,hin
hin,L1,151650,hin
hin,L1,151686,hin
hin,L1,151877,hin
hin,L1,152069,hin
hin,L1,152077,hin
hin,L1,152092,hin
hin,L1,152413,hin
hin,L1,153051,hin
hin,L1,153360,hin
hin,L1,153611,hin
hin,L1,153738,hin
hin,L1,153977,hin
hin,L1,154023,hin
hin,L1,154053,hin
hin,L1,154266,hin
hin,L1,154278,hin
hin,L1,154333,hin
hin,L1,154557,hin
hin,L1,154583,hin
hin,L1,154634,hin
hin,L1,154850,hin
hin,L1,155425,hin
hin,L1,155482,hin
hin,L1,155594,hin
hin,L1,155598,hin
hin,L1,155811,hin
hin,L1,156077,hin
hin,L1,156152,hin
hin,L1,156207,hin
hin,L1,156524,hin
hin,L1,156787,hin
hin,L1,156884,hin
hin,L1,156893,hin
hin,L1,156899,hin
hin,L1,157250,hin
hin,L1,157264,hin
hin,L1,157328,hin
hin,L1,157507,hin
hin,L1,157602,hin
hin,L1,157734,hin
hin,L1,157889,hin
hin,L1,158335,hin
hin,L1,158400,hin
hin,L1,158664,hin
hin,L1,158726,hin
hin,L1,159001,hin
hin,L1,159017,hin
hin,L1,159073,hin
hin,L1,159419,hin
hin,L1,159420,hin
hin,L1,159719,hin
hin,L1,159769,hin
hin,L1,159868,hin
hin,L1,160596,hin
hin,L1,160639,hin
hin,L1,160685,hin
hin,L1,160761,hin
hin,L1,161042,hin
hin,L1,161327,hin
hin,L1,161421,hin
hin,L1,161728,hin
hin,L1,161908,hin
hin,L1,162176,hin
hin,L1,162218,hin
hin,L1,162265,hin
hin,L1,162293,hin
hin,L1,162462,hin
hin,L1,162490,hin
hin,L1,162741,hin
hin,L1,163295,hin
hin,L1,163344,hin
hin,L1,163397,hin
hin,L1,163928,hin
hin,L1,164006,hin
hin,L1,164052,hin
hin,L1,164072,hin
hin,L1,164457,hin
hin,L1,164478,hin
hin,L1,164661,hin
hin,L1,164746,hin
hin,L1,164787,hin
hin,L1,164849,hin
hin,L1,164875,hin
hin,L1,164968,hin
hin,L1,164989,hin
hin,L1,165146,hin
hin,L1,165179,hin
hin,L1,165257,hin
hin,L1,165457,hin
hin,L1,165527,hin
hin,L1,165672,hin
hin,L1,165821,hin
hin,L1,165863,hin
hin,L1,165883,hin
hin,L1,166264,hin
hin,L1,166327,hin
hin,L1,166539,hin
hin,L1,166596,hin
hin,L1,166611,hin
hin,L1,166808,hin
hin,L1,166828,hin
hin,L1,166838,hin
hin,L1,167091,hin
hin,L1,167173,hin
hin,L1,167268,hin
hin,L1,167554,hin
hin,L1,167646,hin
hin,L1,167790,hin
hin,L1,168153,hin
hin,L1,168228,hin
hin,L1,168241,hin
hin,L1,168438,hin
hin,L1,168555,hin
hin,L1,168896,hin
hin,L1,168899,hin
hin,L1,168965,hin
hin,L1,169092,hin
hin,L1,169134,hin
hin,L1,169424,hin
hin,L1,169527,hin
hin,L1,169533,hin
hin,L1,169609,hin
hin,L1,169613,hin
hin,L1,169622,hin
hin,L1,170238,hin
hin,L1,170255,hin
hin,L1,170274,hin
hin,L1,170512,hin
hin,L1,170684,hin
hin,L1,170697,hin
hin,L1,170723,hin
hin,L1,170761,hin
hin,L1,170853,hin
hin,L1,170871,hin
hin,L1,171214,hin
hin,L1,171218,hin
hin,L1,171444,hin
hin,L1,171761,hin
hin,L1,171768,hin
hin,L1,171816,hin
hin,L1,171864,hin
hin,L1,172008,hin
hin,L1,172473,hin
hin,L1,172993,hin
hin,L1,173081,hin
hin,L1,173233,hin
hin,L1,173288,hin
hin,L1,173371,hin
hin,L1,173381,hin
hin,L1,173463,hin
hin,L1,173628,hin
hin,L1,173686,hin
hin,L1,173729,new
hin,L1,173740,hin
hin,L1,174264,hin
hin,L1,174346,hin
hin,L1,174460,hin
hin,L1,174493,hin
hin,L1,174575,hin
hin,L1,175037,hin
hin,L1,175300,hin
hin,L1,175324,hin
hin,L1,175354,hin
hin,L1,175399,hin
hin,L1,175467,hin
hin,L1,175625,hin
hin,L1,176034,hin
hin,L1,176296,hin
hin,L1,176510,hin
hin,L1,177157,hin
hin,L1,177177,hin
hin,L1,177390,hin
hin,L1,177631,hin
hin,L1,177829,hin
hin,L1,177964,hin
hin,L1,178182,hin
hin,L1,178414,hin
hin,L1,178480,hin
hin,L1,178650,hin
hin,L1,178691,hin
hin,L1,178711,hin
hin,L1,178772,hin
hin,L1,178800,hin
hin,L1,178872,hin
hin,L1,178873,hin
hin,L1,178877,hin
hin,L1,179018,hin
hin,L1,179135,hin
hin,L1,179139,hin
hin,L1,179178,hin
hin,L1,179243,hin
hin,L1,179408,hin
hin,L1,179534,hin
hin,L1,179691,hin
hin,L1,179808,hin
hin,L1,179957,hin
hin,L1,180002,hin
hin,L1,180305,hin
hin,L1,180344,hin
hin,L1,180489,hin
hin,L1,180494,hin
hin,L1,180503,hin
hin,L1,180861,hin
hin,L1,180894,hin
hin,L1,181191,hin
hin,L1,181540,hin
hin,L1,181847,hin
hin,L1,181910,hin
hin,L1,181935,hin
hin,L1,181959,hin
hin,L1,182008,hin
hin,L1,182158,hin
hin,L1,182181,hin
hin,L1,182245,hin
hin,L1,182267,hin
hin,L1,182749,hin
hin,L1,182910,hin
hin,L1,182972,hin
hin,L1,183049,hin
hin,L1,183126,hin
hin,L1,183180,hin
hin,L1,183394,hin
hin,L1,183478,hin
hin,L1,183850,hin
hin,L1,183859,hin
hin,L1,184052,hin
hin,L1,184455,hin
hin,L1,184612,hin
hin,L1,184626,hin
hin,L1,185077,hin
hin,L1,185129,hin
hin,L1,185470,hin
hin,L1,185750,hin
hin,L1,185763,hin
hin,L1,185892,hin
hin,L1,185919,hin
hin,L1,186104,hin
hin,L1,186178,hin
hin,L1,186480,hin
hin,L1,186536,hin
hin,L1,186570,hin
hin,L1,186591,hin
hin,L1,186863,hin
hin,L1,186954,hin
hin,L1,187150,hin
hin,L1,187206,hin
hin,L1,187219,hin
hin,L1,187264,hin
hin,L1,187558,hin
hin,L1,187650,hin
hin,L1,187670,hin
hin,L1,187945,hin
hin,L1,188018,hin
hin,L1,188276,hin
hin,L1,188362,hin
hin,L1,188392,hin
hin,L1,188600,hin
hin,L1,188614,hin
hin,L1,188816,hin
hin,L1,188844,hin
hin,L1,189246,hin
hin,L1,189262,hin
hin,L1,189292,hin
hin,L1,189611,hin
hin,L1,190102,hin
hin,L1,190114,hin
hin,L1,190156,hin
hin,L1,190276,hin
hin,L1,190774,hin
hin,L1,190992,hin
hin,L1,191047,hin
hin,L1,191114,hin
hin,L1,191187,hin
hin,L1,191214,hin
hin,L1,191379,hin
hin,L1,191489,hin
hin,L1,191770,hin
hin,L1,191966,hin
hin,L1,192001,hin
hin,L1,192185,hin
hin,L1,192229,hin
hin,L1,192406,hin
hin,L1,192429,hin
hin,L1,192680,hin
hin,L1,192729,hin
hin,L1,192732,hin
hin,L1,192920,hin
hin,L1,192969,hin
hin,L1,193122,hin
hin,L1,193271,hin
hin,L1,193283,hin
hin,L1,193440,hin
hin,L1,193724,hin
hin,L1,193732,hin
hin,L1,193812,hin
hin,L1,193864,hin
hin,L1,194111,hin
hin,L1,194386,hin
hin,L1,194455,hin
hin,L1,194635,hin
hin,L1,194650,hin
hin,L1,194766,hin
hin,L1,194794,hin
hin,L1,194918,hin
hin,L1,195069,hin
hin,L1,195079,hin
hin,L1,195201,hin
hin,L1,195314,hin
hin,L1,195316,hin
hin,L1,195367,hin
hin,L1,195640,hin
hin,L1,195772,hin
hin,L1,196359,hin
hin,L1,196528,hin
hin,L1,196546,hin
hin,L1,196613,hin
hin,L1,196788,hin
hin,L1,197053,hin
hin,L1,197182,hin
hin,L1,197372,hin
hin,L1,197497,hin
hin,L1,197724,hin
hin,L1,197778,hin
hin,L1,197855,hin
hin,L1,198007,hin
hin,L1,198019,hin
hin,L1,198022,hin
hin,L1,198055,hin
hin,L1,198503,hin
hin,L1,198796,hin
hin,L1,198802,hin
hin,L1,199025,hin
hin,L1,199083,hin
hin,L1,199174,hin
hin,L1,199427,hin
hin,L1,199530,hin
hin,L1,199574,hin
hin,L1,199583,hin
hin,L1,199733,hin
hin,L1,199787,hin
hin,L1,199826,hin
hin,L1,199940,hin
hin,L1,200028,hin
hin,L1,200084,hin
hin,L1,200226,hin
hin,L1,200319,hin
hin,L1,200396,hin
hin,L1,200572,hin
hin,L1,200803,hin
hin,L1,200989,hin
hin,L1,201621,hin
hin,L1,201670,hin
hin,L1,201833,hin
hin,L1,201912,hin
hin,L1,202099,hin
hin,L1,202208,hin
hin,L1,202465,hin
hin,L1,202776,hin
hin,L1,202788,hin
hin,L1,203108,hin
hin,L1,203558,hin
hin,L1,203910,hin
hin,L1,203961,hin
hin,L1,203996,hin
hin,L1,204044,hin
hin,L1,204090,hin
hin,L1,204506,hin
hin,L1,204566,hin
hin,L1,204697,hin
hin,L1,204774,hin
hin,L1,204831,hin
hin,L1,204843,hin
hin,L1,204885,hin
hin,L1,205104,hin
hin,L1,205336,hin
hin,L1,205376,hin
hin,L1,205401,hin
hin,L1,205646,hin
hin,L1,205944,hin
hin,L1,206021,hin
hin,L1,206034,hin
hin,L1,206138,hin
hin,L1,206168,hin
hin,L1,206302,hin
hin,L1,206312,hin
hin,L1,206889,hin
hin,L1,207159,hin
hin,L1,207184,hin
hin,L1,207306,hin
hin,L1,207884,hin
hin,L1,207986,hin
hin,L1,208057,hin
hin,L1,208104,hin
hin,L1,208262,hin
hin,L1,208328,hin
hin,L1,208652,mag
hin,L1,208800,hin
hin,L1,208839,hin
hin,L1,208928,hin
hin,L1,209201,hin
hin,L1,209290,hin
hin,L1,209519,hin
hin,L1,209675,hin
hin,L1,209908,hin
hin,L1,210034,hin
hin,L1,210130,hin
hin,L1,210176,hin
hin,L1,210315,hin
hin,L1,210452,hin
hin,L1,210896,hin
hin,L1,210980,hin
hin,L1,211346,hin
hin,L1,211356,hin
hin,L1,211372,awa
hin,L1,211429,hin
hin,L1,211692,hin
hin,L1,212402,hin
hin,L1,212425,hin
hin,L1,212558,hin
hin,L1,212607,hin
hin,L1,212809,hin
hin,L1,212834,hin
hin,L1,213064,hin
hin,L1,213663,hin
hin,L1,213778,hin
hin,L1,213897,hin
hin,L1,214177,hin
hin,L1,214384,hin
hin,L1,214389,hin
hin,L1,214558,hin
hin,L1,214610,hin
hin,L1,214679,hin
hin,L1,215320,hin
hin,L1,215697,hin
hin,L1,215732,hin
hin,L1,215829,hin
hin,L1,215977,hin
hin,L1,215982,hin
hin,L1,216233,hin
hin,L1,216582,hin
hin,L1,216669,hin
hin,L1,217231,hin
hin,L1,217395,hin
hin,L1,217515,hin
hin,L1,217522,hin
hin,L1,217624,hin
hin,L1,217723,hin
hin,L1,217799,hin
hin,L1,217902,hin
hin,L1,218333,hin
hin,L1,218454,hin
hin,L1,218542,hin
hin,L1,218949,hin
hin,L1,218988,hin
hin,L1,219064,hin
hin,L1,219073,hin
hin,L1,219805,hin
hin,L1,219859,hin
hin,L1,219959,hin
hin,L1,219994,hin
hin,L1,220020,hin
hin,L1,220371,hin
hin,L1,220545,hin
hin,L1,220795,hin
hin,L1,220943,hin
hin,L1,221149,hin
hin,L1,221248,hin
hin,L1,221255,hin
hin,L1,221311,hin
hin,L1,221344,hin
hin,L1,221369,hin
hin,L1,221392,hin
hin,L1,221414,hin
hin,L1,221735,hin
hin,L1,221935,hin
hin,L1,222000,hin
hin,L1,222057,hin
hin,L1,222118,hin
hin,L1,222675,hin
hin,L1,222694,hin
hin,L1,223039,hin
hin,L1,223056,hin
hin,L1,223568,hin
hin,L1,223578,hin
hin,L1,223615,hin
hin,L1,223632,hin
hin,L1,223654,hin
hin,L1,223691,hin
hin,L1,224266,hin
hin,L1,224277,hin
hin,L1,224304,hin
hin,L1,224479,hin
hin,L1,224826,hin
hin,L1,224902,hin
hin,L1,225214,hin
hin,L1,225251,hin
hin,L1,225639,hin
hin,L1,225769,hin
hin,L1,225991,hin
hin,L1,226086,hin
hin,L1,226178,hin
hin,L1,226486,hin
hin,L1,226728,hin
hin,L1,226995,hin
hin,L1,227121,hin
hin,L1,227307,hin
hin,L1,227358,hin
hin,L1,227500,hin
hin,L1,227632,hin
hin,L1,227738,hin
hin,L1,227872,hin
hin,L1,228046,hin
hin,L1,228100,hin
hin,L1,228135,hin
hin,L1,228586,hin
hin,L1,228588,hin
hin,L1,228930,hin
hin,L1,228977,hin
hin,L1,229238,hin
hin,L1,229454,hin
hin,L1,229567,hin
hin,L1,229629,hin
hin,L1,229685,hin
hin,L1,229752,hin
hin,L1,229781,hin
hin,L1,229945,hin
hin,L1,230028,hin
hin,L1,230254,hin
hin,L1,230525,hin
hin,L1,230613,hin
hin,L1,230907,hin
hin,L1,230919,hin
hin,L1,230971,hin
hin,L1,231104,hin
hin,L1,231157,hin
hin,L1,231210,hin
hin,L1,231340,hin
hin,L1,231353,hin
hin,L1,231359,hin
hin,L1,231423,hin
hin,L1,231433,hin
hin,L1,231474,hin
hin,L1,231618,hin
hin,L1,231728,hin
hin,L1,231750,hin
hin,L1,231772,hin
hin,L1,231792,hin
hin,L1,232657,hin
hin,L1,232752,hin
hin,L1,232808,hin
hin,L1,233047,hin
hin,L1,233097,hin
hin,L1,233117,hin
hin,L1,233264,hin
hin,L1,233291,hin
hin,L1,233315,hin
hin,L1,233553,hin
hin,L1,233554,hin
hin,L1,233734,hin
hin,L1,233782,hin
hin,L1,233881,hin
hin,L1,234046,hin
hin,L1,234249,hin
hin,L1,234818,hin
hin,L1,235135,hin
hin,L1,235174,hin
hin,L1,235202,hin
hin,L1,235231,hin
hin,L1,235277,hin
hin,L1,235348,hin
hin,L1,235387,hin
hin,L1,235773,hin
hin,L1,235872,hin
hin,L1,236253,hin
hin,L1,236359,hin
hin,L1,236385,hin
hin,L1,236497,hin
hin,L1,236562,hin
hin,L1,237030,hin
hin,L1,237049,hin
hin,L1,237086,hin
hin,L1,237453,hin
hin,L1,237480,hin
hin,L1,237609,hin
hin,L1,237632,hin
hin,L1,237723,hin
hin,L1,237839,hin
hin,L1,237944,hin
hin,L1,238057,hin
hin,L1,238098,hin
hin,L1,238247,hin
hin,L1,238323,hin
hin,L1,238491,hin
hin,L1,238584,hin
hin,L1,238635,hin
hin,L1,238721,hin
hin,L1,239308,hin
hin,L1,239360,hin
hin,L1,239470,hin
hin,L1,239482,hin
hin,L1,239681,hin
hin,L1,239825,hin
hin,L1,239868,hin
hin,L1,240144,hin
hin,L1,240269,hin
hin,L1,240458,hin
hin,L1,240604,hin
hin,L1,240645,hin
hin,L1,240797,hin
hin,L1,241046,hin
hin,L1,241209,hin
hin,L1,241453,hin
hin,L1,241783,hin
hin,L1,241872,hin
hin,L1,241954,hin
hin,L1,242010,hin
hin,L1,242026,hin
hin,L1,242242,hin
hin,L1,242249,hin
hin,L1,242268,hin
hin,L1,242569,hin
hin,L1,242674,hin
hin,L1,242809,hin
hin,L1,242966,hin
hin,L1,243155,hin
hin,L1,243424,hin
hin,L1,243450,hin
hin,L1,243668,hin
hin,L1,243857,hin
hin,L1,243940,hin
hin,L1,243964,hin
hin,L1,244256,hin
hin,L1,244332,hin
hin,L1,244384,hin
hin,L1,244430,hin
hin,L1,244596,hin
hin,L1,244742,hin
hin,L1,244832,hin
hin,L1,245063,hin
hin,L1,245107,hin
hin,L1,245129,hin
hin,L1,245577,hin
hin,L1,245606,hin
hin,L1,245706,hin
hin,L1,245968,hin
hin,L1,246083,hin
hin,L1,246257,hin
hin,L1,246272,hin
hin,L1,246368,hin
hin,L1,246683,hin
hin,L1,246793,hin
hin,L1,246892,hin
hin,L1,247144,hin
hin,L1,247215,hin
hin,L1,247332,hin
hin,L1,247363,hin
hin,L1,247400,hin
hin,L1,247459,hin
hin,L1,247593,hin
hin,L1,247815,hin
hin,L1,248013,hin
hin,L1,248047,hin
hin,L1,248076,hin
hin,L1,248128,hin
hin,L1,248145,hin
hin,L1,248342,hin
hin,L1,248515,hin
hin,L1,248526,hin
hin,L1,248552,hin
hin,L1,248785,hin
hin,L1,249109,hin
hin,L1,249214,hin
hin,L1,249377,hin
hin,L1,249391,hin
hin,L1,249452,hin
hin,L1,249551,hin
hin,L1,249622,hin
hin,L1,249690,hin
hin,L1,249711,hin
hin,L1,249714,hin
hin,L1,249792,hin
hin,L1,249921,hin
hin,L1,249944,hin
hin,L1,250288,hin
hin,L1,250595,hin
hin,L1,250608,hin
hin,L1,250892,hin
hin,L1,250914,hin
hin,L1,251035,hin
hin,L1,251228,hin
hin,L1,251477,hin
hin,L1,251564,hin
hin,L1,251834,hin
hin,L1,251864,hin
hin,L1,251958,hin
hin,L1,252032,hin
hin,L1,252172,hin
hin,L1,252338,hin
hin,L1,252381,hin
hin,L1,252384,hin
hin,L1,252406,hin
hin,L1,252486,hin
hin,L1,252530,hin
hin,L1,253444,hin
hin,L1,253453,hin
hin,L1,253473,hin
hin,L1,253514,hin
hin,L1,253599,hin
hin,L1,253658,hin
hin,L1,253711,hin
hin,L1,253733,hin
hin,L1,253975,hin
hin,L1,254452,hin
hin,L1,254495,hin
hin,L1,255183,hin
hin,L1,255244,hin
hin,L1,255331,hin
hin,L1,255396,hin
hin,L1,255650,hin
hin,L1,255767,hin
hin,L1,255875,hin
hin,L1,256158,hin
hin,L1,256273,hin
hin,L1,256389,hin
hin,L1,256422,hin
hin,L1,256575,hin
hin,L1,256753,hin
hin,L1,257027,hin
hin,L1,257063,hin
hin,L1,257119,hin
hin,L1,257242,hin
hin,L1,257420,hin
hin,L1,257448,hin
hin,L1,257559,hin
hin,L1,257578,hin
hin,L1,257613,hin
hin,L1,257878,hin
hin,L1,257995,hin
hin,L1,258015,hin
hin,L1,258156,hin
hin,L1,258215,hin
hin,L1,258370,hin
hin,L1,258403,hin
hin,L1,258606,hin
hin,L1,258625,hin
hin,L1,258937,hin
hin,L1,258955,hin
hin,L1,258980,hin
hin,L1,259030,hin
hin,L1,259229,hin
hin,L1,259444,hin
hin,L1,259522,hin
hin,L1,259684,hin
hin,L1,259696,hin
hin,L1,259720,new
hin,L1,259839,hin
hin,L1,260163,hin
hin,L1,260501,hin
hin,L1,260799,hin
hin,L1,260847,hin
hin,L1,260869,hin
hin,L1,260929,hin
hin,L1,261070,hin
hin,L1,261116,hin
hin,L1,261166,hin
hin,L1,261302,hin
hin,L1,261439,hin
hin,L1,261606,hin
hin,L1,261972,hin
hin,L1,262084,hin
hin,L1,262085,hin
hin,L1,262209,hin
hin,L1,262246,hin
hin,L1,262364,hin
hin,L1,262668,hin
hin,L1,263169,hin
hin,L1,263205,hin
hin,L1,263390,hin
hin,L1,263644,hin
hin,L1,263684,hin
hin,L1,263751,hin
hin,L1,263950,hin
hin,L1,263975,hin
hin,L1,264216,hin
hin,L1,264537,hin
hin,L1,264572,hin
hin,L1,264575,hin
hin,L1,264670,hin
hin,L1,264830,hin
hin,L1,264996,hin
hin,L1,265209,hin
hin,L1,265308,hin
hin,L1,266424,hin
hin,L1,266927,hin
hin,L1,267069,hin
hin,L1,267543,hin
hin,L1,267639,hin
hin,L1,267899,hin
hin,L1,268081,hin
hin,L1,268392,hin
hin,L1,268452,hin
hin,L1,268650,hin
hin,L1,268839,hin
hin,L1,268855,hin
hin,L1,268862,hin
hin,L1,269159,hin
hin,L1,269175,hin
hin,L1,269292,hin
hin,L1,269308,hin
hin,L1,269414,hin
hin,L1,269614,hin
hin,L1,269698,hin
hin,L1,269834,hin
hin,L1,270213,hin
hin,L1,270294,hin
hin,L1,270368,hin
hin,L1,270811,hin
hin,L1,271089,hin
hin,L1,271333,hin
hin,L1,271514,hin
hin,L1,271673,hin
hin,L1,271784,hin
hin,L1,271835,hin
hin,L1,271967,hin
hin,L1,272270,hin
hin,L1,272604,hin
hin,L1,272692,hin
hin,L1,272827,hin
hin,L1,273431,hin
hin,L1,273514,hin
hin,L1,273794,hin
hin,L1,273853,hin
hin,L1,273882,hin
hin,L1,273961,hin
hin,L1,274041,hin
hin,L1,274440,hin
hin,L1,274704,hin
hin,L1,274814,hin
hin,L1,274996,hin
hin,L1,275097,hin
hin,L1,275199,hin
hin,L1,275242,hin
hin,L1,275406,hin
hin,L1,275613,hin
hin,L1,275669,hin
hin,L1,275711,hin
hin,L1,275727,hin
hin,L1,275799,hin
hin,L1,275883,hin
hin,L1,276286,hin
hin,L1,276415,hin
hin,L1,276459,hin
hin,L1,276472,hin
hin,L1,276641,hin
hin,L1,276678,hin
hin,L1,276679,hin
hin,L1,276760,hin
hin,L1,277273,hin
hin,L1,277558,hin
hin,L1,277686,hin
hin,L1,277731,hin
hin,L1,277849,hin
hin,L1,278038,hin
hin,L1,278070,hin
hin,L1,278146,hin
hin,L1,278198,hin
hin,L1,278308,hin
hin,L1,278641,hin
hin,L1,278664,hin
hin,L1,278710,hin
hin,L1,278918,hin
hin,L1,279123,hin
hin,L1,279778,hin
hin,L1,279798,hin
hin,L1,280039,hin
hin,L1,280194,hin
hin,L1,280456,hin
hin,L1,280543,hin
hin,L1,280852,hin
hin,L1,281038,hin
hin,L1,281137,hin
hin,L1,281255,hin
hin,L1,281309,hin
hin,L1,281324,hin
hin,L1,281340,hin
hin,L1,281401,hin
hin,L1,281769,hin
hin,L1,282064,hin
hin,L1,282289,hin
hin,L1,282672,hin
hin,L1,282720,hin
hin,L1,282774,hin
hin,L1,282946,hin
hin,L1,283211,awa
hin,L1,283222,hin
hin,L1,283238,hin
hin,L1,283397,hin
hin,L1,283630,hin
hin,L1,283762,hin
hin,L1,284233,hin
hin,L1,284457,hin
hin,L1,284570,hin
hin,L1,284721,hin
hin,L1,284929,hin
hin,L1,285845,hin
hin,L1,285951,hin
hin,L1,286105,hin
hin,L1,286357,hin
hin,L1,286371,hin
hin,L1,286764,hin
hin,L1,287047,hin
hin,L1,287161,hin
hin,L1,287640,hin
hin,L1,287782,hin
hin,L1,287953,hin
hin,L1,288614,hin
hin,L1,288693,hin
hin,L1,288901,hin
hin,L1,288963,hin
hin,L1,289043,hin
hin,L1,289490,hin
hin,L1,289646,hin
hin,L1,290305,hin
hin,L1,290311,hin
hin,L1,290360,hin
hin,L1,290434,hin
hin,L1,290557,hin
hin,L1,290695,hin
hin,L1,291136,hin
hin,L1,291246,hin
hin,L1,291356,hin
hin,L1,291456,hin
hin,L1,291696,hin
hin,L1,291804,hin
hin,L1,291812,hin
hin,L1,291889,hin
hin,L1,292023,hin
hin,L1,292223,hin
hin,L1,292414,mag
hin,L1,292428,hin
hin,L1,292816,hin
hin,L1,293361,hin
hin,L1,293426,hin
hin,L1,293435,hin
hin,L1,293482,hin
hin,L1,293505,hin
hin,L1,293515,hin
hin,L1,293538,hin
hin,L1,293805,hin
hin,L1,294024,hin
hin,L1,294069,hin
hin,L1,294294,hin
hin,L1,294352,hin
hin,L1,294654,hin
hin,L1,294747,hin
hin,L1,295315,hin
hin,L1,295316,hin
hin,L1,295918,hin
hin,L1,296414,hin
hin,L1,296502,hin
hin,L1,296583,hin
hin,L1,296677,hin
hin,L1,297064,hin
hin,L1,297071,hin
hin,L1,297250,hin
hin,L1,297505,hin
hin,L1,297586,hin
hin,L1,297625,hin
hin,L1,297652,hin
hin,L1,297842,hin
hin,L1,297854,hin
hin,L1,298034,hin
hin,L1,298136,hin
hin,L1,298289,hin
hin,L1,298358,hin
hin,L1,298557,hin
hin,L1,298677,hin
hin,L1,299065,hin
hin,L1,299077,hin
hin,L1,299135,hin
hin,L1,299560,hin
hin,L1,299668,hin
hin,L1,299685,hin
hin,L1,299748,hin
hin,L1,299845,hin
hin,L1,299888,hin
hin,L1,299922,hin
hin,L5,6,hin
hin,L5,16,hin
hin,L5,17,hin
hin,L5,20,hin
hin,L5,28,hin
hin,L5,29,hin
hin,L5,37,hin
hin,L5,59,hin
hin,L5,65,hin
hin,L5,98,hin
hin,L5,122,hin
hin,L5,129,hin
hin,L5,137,hin
hin,L5,152,hin
hin,L5,153,hin
hin,L5,164,hin
hin,L5,179,hin
hin,L5,185,hin
hin,L5,194,hin
hin,L5,198,hin
hin,L5,203,hin
hin,L5,204,hin
hin,L5,205,hin
hin,L5,218,hin
hin,L5,219,hin
hin,L5,227,hin
hin,L5,232,hin
hin,L5,239,hin
hin,L5,243,hin
hin,L5,261,hin
hin,L5,276,hin
hin,L5,280,hin
hin,L5,291,hin
hin,L5,316,hin
hin,L5,324,hin
hin,L5,326,hin
hin,L5,328,hin
hin,L5,332,hin
hin,L5,335,hin
hin,L5,378,hin
hin,L5,399,hin
hin,L5,405,hin
hin,L5,407,hin
hin,L5,421,hin
hin,L5,422,hin
hin,L5,426,hin
hin,L5,427,hin
hin,L5,429,hin
hin,L5,439,hin
hin,L5,441,hin
hin,L5,455,hin
hin,L5,457,hin
hin,L5,463,hin
hin,L5,470,hin
hin,L5,482,hin
hin,L5,486,hin
hin,L5,493,hin
hin,L5,510,hin
hin,L5,516,hin
hin,L5,518,hin
hin,L5,542,hin
hin,L5,543,hin
hin,L5,565,hin
hin,L5,581,hin
hin,L5,588,hin
hin,L5,593,hin
hin,L5,594,hin
hin,L5,603,hin
hin,L5,609,hin
hin,L5,614,hin
hin,L5,622,hin
hin,L5,624,hin
hin,L5,632,hin
hin,L5,636,hin
hin,L5,638,hin
hin,L5,641,hin
hin,L5,650,hin
hin,L5,672,hin
hin,L5,694,hin
hin,L5,701,hin
hin,L5,703,hin
hin,L5,710,hin
hin,L5,711,hin
hin,L5,713,hin
hin,L5,718,hin
hin,L5,746,hin
hin,L5,754,hin
hin,L5,756,hin
hin,L5,759,hin
hin,L5,762,hin
hin,L5,767,hin
hin,L5,770,hin
hin,L5,772,hin
hin,L5,785,hin
hin,L5,806,hin
hin,L5,813,hin
hin,L5,819,hin
hin,L5,824,hin
hin,L5,825,hin
hin,L5,828,hin
hin,L5,830,hin
hin,L5,859,hin
hin,L5,860,hin
hin,L5,862,hin
hin,L5,879,hin
hin,L5,887,hin
hin,L5,896,hin
hin,L5,915,hin
hin,L5,918,hin
hin,L5,929,hin
hin,L5,930,hin
hin,L5,933,hin
hin,L5,937,hin
hin,L5,938,hin
hin,L5,940,hin
hin,L5,945,hin
hin,L5,968,hin
hin,L5,970,hin
hin,L5,971,hin
hin,L5,973,hin
hin,L5,977,hin
hin,L5,985,hin
hin,L5,1001,hin
hin,L5,1010,hin
hin,L5,1013,hin
hin,L5,1015,hin
hin,L5,1016,hin
hin,L5,1039,hin
hin,L5,1040,hin
hin,L5,1069,hin
hin,L5,1092,hin
hin,L5,1094,hin
hin,L5,1119,hin
hin,L5,1145,hin
hin,L5,1151,hin
hin,L5,1155,hin
hin,L5,1159,hin
hin,L5,1173,hin
hin,L5,1180,hin
hin,L5,1195,hin
hin,L5,1197,hin
hin,L5,1201,hin
hin,L5,1203,hin
hin,L5,1224,hin
hin,L5,1232,hin
hin,L5,1234,hin
hin,L5,1244,hin
hin,L5,1252,hin
hin,L5,1259,hin
hin,L5,1260,hin
hin,L5,1264,hin
hin,L5,1265,hin
hin,L5,1267,hin
hin,L5,1273,hin
hin,L5,1288,hin
hin,L5,1291,hin
hin,L5,1307,hin
hin,L5,1314,hin
hin,L5,1320,hin
hin,L5,1322,hin
hin,L5,1328,hin
hin,L5,1336,hin
hin,L5,1346,hin
hin,L5,1349,hin
hin,L5,1350,hin
hin,L5,1354,hin
hin,L5,1355,hin
hin,L5,1356,hin
hin,L5,1359,hin
hin,L5,1360,hin
hin,L5,1371,hin
hin,L5,1383,hin
hin,L5,1391,hin
hin,L5,1392,hin
hin,L5,1397,hin
hin,L5,1407,hin
hin,L5,1410,hin
hin,L5,1414,hin
hin,L5,1420,hin
hin,L5,1421,hin
hin,L5,1436,hin
hin,L5,1444,hin
hin,L5,1454,hin
hin,L5,1498,hin
hin,L5,1510,hin
hin,L5,1517,hin
hin,L5,1523,hin
hin,L5,1524,hin
hin,L5,1536,hin
hin,L5,1537,hin
hin,L5,1539,hin
hin,L5,1554,hin
hin,L5,1560,hin
hin,L5,1568,hin
hin,L5,1585,hin
hin,L5,1634,hin
hin,L5,1637,hin
hin,L5,1642,hin
hin,L5,1646,hin
hin,L5,1654,hin
hin,L5,1657,hin
hin,L5,1662,hin
hin,L5,1687,hin
hin,L5,1700,hin
hin,L5,1701,hin
hin,L5,1707,hin
hin,L5,1745,hin
hin,L5,1747,hin
hin,L5,1749,hin
hin,L5,1755,hin
hin,L5,1767,hin
hin,L5,1779,hin
hin,L5,1782,hin
hin,L5,1799,hin
hin,L5,1806,hin
hin,L5,1822,hin
hin,L5,1824,hin
hin,L5,1834,hin
hin,L5,1842,hin
hin,L5,1843,hin
hin,L5,1850,hin
hin,L5,1854,hin
hin,L5,1867,hin
hin,L5,1877,hin
hin,L5,1884,hin
hin,L5,1886,hin
hin,L5,1887,hin
hin,L5,1890,hin
hin,L5,1937,hin
hin,L5,1949,hin
hin,L5,1950,hin
hin,L5,1954,hin
hin,L5,1965,hin
hin,L5,1967,hin
hin,L5,1970,hin
hin,L5,1971,hin
hin,L5,1972,hin
hin,L5,1974,hin
hin,L5,1975,hin
hin,L5,1994,hin
hin,L5,1995,hin
hin,L5,2016,hin
hin,L5,2030,hin
hin,L5,2045,hin
hin,L5,2057,hin
hin,L5,2071,hin
hin,L5,2074,hin
hin,L5,2076,hin
hin,L5,2078,hin
hin,L5,2083,hin
hin,L5,2087,hin
hin,L5,2090,hin
hin,L5,2094,hin
hin,L5,2118,hin
hin,L5,2124,hin
hin,L5,2137,hin
hin,L5,2145,hin
hin,L5,2163,hin
hin,L5,2170,hin
hin,L5,2177,hin
hin,L5,2186,hin
hin,L5,2197,hin
hin,L5,2205,hin
hin,L5,2210,hin
hin,L5,2214,hin
hin,L5,2243,hin
hin,L5,2246,hin
hin,L5,2247,hin
hin,L5,2248,hin
hin,L5,2267,hin
hin,L5,2272,hin
hin,L5,2283,hin
hin,L5,2320,hin
hin,L5,2334,hin
hin,L5,2335,hin
hin,L5,2351,hin
hin,L5,2368,hin
hin,L5,2375,hin
hin,L5,2413,hin
hin,L5,2419,hin
hin,L5,2420,hin
hin,L5,2423,hin
hin,L5,2442,hin
hin,L5,2450,hin
hin,L5,2452,hin
hin,L5,2454,hin
hin,L5,2461,hin
hin,L5,2475,hin
hin,L5,2482,hin
hin,L5,2490,hin
hin,L5,2512,hin
hin,L5,2513,hin
hin,L5,2520,hin
hin,L5,2521,hin
hin,L5,2533,hin
hin,L5,2539,hin
hin,L5,2542,hin
hin,L5,2544,hin
hin,L5,2545,hin
hin,L5,2551,hin
hin,L5,2554,hin
hin,L5,2555,hin
hin,L5,2566,hin
hin,L5,2567,hin
hin,L5,2573,hin
hin,L5,2588,hin
hin,L5,2591,hin
hin,L5,2593,hin
hin,L5,2602,hin
hin,L5,2605,hin
hin,L5,2613,hin
hin,L5,2632,hin
hin,L5,2635,hin
hin,L5,2637,hin
hin,L5,2638,hin
hin,L5,2639,hin
hin,L5,2640,hin
hin,L5,2643,hin
hin,L5,2644,hin
hin,L5,2649,hin
hin,L5,2658,hin
hin,L5,2676,hin
hin,L5,2681,hin
hin,L5,2688,hin
hin,L5,2689,hin
hin,L5,2703,hin
hin,L5,2708,hin
hin,L5,2722,hin
hin,L5,2736,hin
hin,L5,2746,hin
hin,L5,2755,hin
hin,L5,2763,hin
hin,L5,2772,hin
hin,L5,2786,hin
hin,L5,2790,hin
hin,L5,2795,hin
hin,L5,2798,hin
hin,L5,2809,hin
hin,L5,2831,hin
hin,L5,2835,hin
hin,L5,2838,hin
hin,L5,2840,hin
hin,L5,2845,hin
hin,L5,2852,hin
hin,L5,2857,hin
hin,L5,2861,hin
hin,L5,2870,hin
hin,L5,2883,hin
hin,L5,2898,hin
hin,L5,2920,hin
hin,L5,2923,hin
hin,L5,2928,hin
hin,L5,2936,hin
hin,L5,2943,hin
hin,L5,2951,hin
hin,L5,2952,hin
hin,L5,2956,hin
hin,L5,2966,hin
hin,L5,2978,hin
hin,L5,2980,hin
hin,L5,2988,hin
hin,L5,2996,hin
hin,L5,3001,hin
hin,L5,3009,hin
hin,L5,3010,hin
hin,L5,3013,hin
hin,L5,3027,hin
hin,L5,3032,hin
hin,L5,3046,hin
hin,L5,3057,hin
hin,L5,3063,hin
hin,L5,3069,hin
hin,L5,3079,hin
hin,L5,3097,hin
hin,L5,3099,hin
hin,L5,3109,hin
hin,L5,3113,hin
hin,L5,3117,hin
hin,L5,3126,hin
hin,L5,3128,hin
hin,L5,3134,hin
hin,L5,3135,hin
hin,L5,3137,hin
hin,L5,3151,hin
hin,L5,3152,hin
hin,L5,3164,hin
hin,L5,3176,hin
hin,L5,3177,hin
hin,L5,3187,hin
hin,L5,3189,hin
hin,L5,3197,hin
hin,L5,3199,hin
hin,L5,3200,hin
hin,L5,3204,hin
hin,L5,3208,hin
hin,L5,3211,hin
hin,L5,3218,hin
hin,L5,3219,hin
hin,L5,3242,hin
hin,L5,3250,hin
hin,L5,3254,hin
hin,L5,3259,hin
hin,L5,3260,hin
hin,L5,3263,hin
hin,L5,3270,hin
hin,L5,3280,hin
hin,L5,3283,hin
hin,L5,3284,hin
hin,L5,3287,hin
hin,L5,3288,hin
hin,L5,3300,hin
hin,L5,3305,hin
hin,L5,3320,hin
hin,L5,3321,hin
hin,L5,3322,hin
hin,L5,3332,hin
hin,L5,3336,hin
hin,L5,3337,hin
hin,L5,3344,hin
hin,L5,3345,hin
hin,L5,3356,hin
hin,L5,3369,hin
hin,L5,3379,hin
hin,L5,3385,hin
hin,L5,3398,hin
hin,L5,3425,hin
hin,L5,3428,hin
hin,L5,3451,hin
hin,L5,3466,hin
hin,L5,3474,hin
hin,L5,3483,hin
hin,L5,3492,hin
hin,L5,3503,hin
hin,L5,3515,hin
hin,L5,3520,hin
hin,L5,3526,hin
hin,L5,3547,hin
hin,L5,3567,hin
hin,L5,3598,hin
hin,L5,3599,hin
hin,L5,3606,hin
hin,L5,3616,hin
hin,L5,3619,hin
hin,L5,3623,hin
hin,L5,3631,hin
hin,L5,3649,hin
hin,L5,3663,hin
hin,L5,3666,hin
hin,L5,3683,hin
hin,L5,3685,hin
hin,L5,3697,hin
hin,L5,3702,hin
hin,L5,3705,hin
hin,L5,3708,hin
hin,L5,3721,hin
hin,L5,3724,hin
hin,L5,3734,hin
hin,L5,3738,hin
hin,L5,3748,hin
hin,L5,3749,hin
hin,L5,3758,hin
hin,L5,3770,hin
hin,L5,3774,hin
hin,L5,3778,hin
hin,L5,3787,hin
hin,L5,3793,hin
hin,L5,3795,hin
hin,L5,3803,hin
hin,L5,3811,hin
hin,L5,3816,hin
hin,L5,3818,hin
hin,L5,3825,hin
hin,L5,3844,hin
hin,L5,3845,hin
hin,L5,3848,hin
hin,L5,3853,hin
hin,L5,3862,hin
hin,L5,3873,hin
hin,L5,3876,hin
hin,L5,3883,hin
hin,L5,3884,hin
hin,L5,3888,hin
hin,L5,3940,hin
hin,L5,3941,hin
hin,L5,3946,hin
hin,L5,3947,hin
hin,L5,3971,hin
hin,L5,3979,hin
hin,L5,4001,hin
hin,L5,4013,hin
hin,L5,4019,hin
hin,L5,4022,hin
hin,L5,4029,hin
hin,L5,4033,hin
hin,L5,4038,hin
hin,L5,4041,hin
hin,L5,4056,hin
hin,L5,4063,hin
hin,L5,4069,hin
hin,L5,4077,hin
hin,L5,4079,hin
hin,L5,4092,hin
hin,L5,4103,hin
hin,L5,4120,hin
hin,L5,4126,hin
hin,L5,4132,hin
hin,L5,4140,hin
hin,L5,4142,hin
hin,L5,4143,hin
hin,L5,4144,hin
hin,L5,4145,hin
hin,L5,4146,hin
hin,L5,4159,hin
hin,L5,4174,hin
hin,L5,4190,hin
hin,L5,4194,hin
hin,L5,4213,hin
hin,L5,4237,hin
hin,L5,4244,hin
hin,L5,4252,hin
hin,L5,4262,hin
hin,L5,4264,hin
hin,L5,4276,hin
hin,L5,4283,hin
hin,L5,4285,hin
hin,L5,4287,hin
hin,L5,4293,hin
hin,L5,4294,hin
hin,L5,4301,hin
hin,L5,4317,hin
hin,L5,4322,hin
hin,L5,4328,hin
hin,L5,4332,hin
hin,L5,4335,hin
hin,L5,4344,hin
hin,L5,4346,hin
hin,L5,4351,hin
hin,L5,4355,hin
hin,L5,4357,hin
hin,L5,4364,hin
hin,L5,4366,hin
hin,L5,4368,hin
hin,L5,4388,hin
hin,L5,4392,hin
hin,L5,4398,hin
hin,L5,4400,hin
hin,L5,4405,hin
hin,L5,4429,hin
hin,L5,4436,hin
hin,L5,4440,hin
hin,L5,4476,hin
hin,L5,4481,hin
hin,L5,4482,hin
hin,L5,4483,hin
hin,L5,4519,hin
hin,L5,4530,hin
hin,L5,4531,hin
hin,L5,4546,hin
hin,L5,4549,hin
hin,L5,4556,hin
hin,L5,4567,hin
hin,L5,4579,hin
hin,L5,4581,hin
hin,L5,4589,hin
hin,L5,4591,hin
hin,L5,4608,hin
hin,L5,4613,hin
hin,L5,4620,hin
hin,L5,4622,hin
hin,L5,4629,hin
hin,L5,4639,hin
hin,L5,4640,hin
hin,L5,4649,hin
hin,L5,4661,hin
hin,L5,4663,hin
hin,L5,4674,hin
hin,L5,4675,hin
hin,L5,4679,hin
hin,L5,4685,hin
hin,L5,4686,hin
hin,L5,4687,hin
hin,L5,4710,hin
hin,L5,4711,hin
hin,L5,4715,hin
hin,L5,4720,hin
hin,L5,4728,hin
hin,L5,4738,hin
hin,L5,4769,hin
hin,L5,4778,hin
hin,L5,4788,hin
hin,L5,4822,hin
hin,L5,4823,hin
hin,L5,4828,hin
hin,L5,4834,hin
hin,L5,4837,hin
hin,L5,4846,hin
hin,L5,4853,hin
hin,L5,4855,hin
hin,L5,4865,hin
hin,L5,4870,hin
hin,L5,4888,hin
hin,L5,4897,hin
hin,L5,4899,hin
hin,L5,4904,hin
hin,L5,4909,hin
hin,L5,4929,hin
hin,L5,4936,hin
hin,L5,4940,hin
hin,L5,4947,hin
hin,L5,4967,hin
hin,L5,4972,hin
hin,L5,4984,hin
hin,L5,4986,hin
hin,L5,4993,hin
hin,L5,4994,hin
hin,L5,4999,hin
hin,L5,5027,hin
hin,L5,5041,hin
hin,L5,5049,hin
hin,L5,5061,hin
hin,L5,5064,hin
hin,L5,5071,hin
hin,L5,5078,hin
hin,L5,5086,hin
hin,L5,5094,hin
hin,L5,5095,hin
hin,L5,5111,hin
hin,L5,5127,hin
hin,L5,5128,hin
hin,L5,5134,hin
hin,L5,5136,hin
hin,L5,5139,hin
hin,L5,5141,hin
hin,L5,5143,hin
hin,L5,5160,hin
hin,L5,5193,hin
hin,L5,5221,hin
hin,L5,5222,hin
hin,L5,5225,hin
hin,L5,5230,hin
hin,L5,5232,hin
hin,L5,5234,hin
hin,L5,5238,hin
hin,L5,5241,hin
hin,L5,5248,hin
hin,L5,5249,hin
hin,L5,5254,hin
hin,L5,5257,hin
hin,L5,5260,hin
hin,L5,5284,hin
hin,L5,5296,hin
hin,L5,5302,hin
hin,L5,5314,hin
hin,L5,5323,hin
hin,L5,5324,hin
hin,L5,5326,hin
hin,L5,5333,hin
hin,L5,5340,hin
hin,L5,5341,hin
hin,L5,5356,hin
hin,L5,5367,hin
hin,L5,5368,hin
hin,L5,5383,hin
hin,L5,5386,hin
hin,L5,5388,hin
hin,L5,5392,hin
hin,L5,5406,hin
hin,L5,5413,hin
hin,L5,5418,hin
hin,L5,5423,hin
hin,L5,5428,hin
hin,L5,5438,hin
hin,L5,5447,hin
hin,L5,5474,hin
hin,L5,5485,hin
hin,L5,5524,hin
hin,L5,5538,hin
hin,L5,5543,hin
hin,L5,5544,hin
hin,L5,5556,hin
hin,L5,5564,hin
hin,L5,5569,hin
hin,L5,5572,hin
hin,L5,5573,hin
hin,L5,5575,hin
hin,L5,5580,hin
hin,L5,5582,hin
hin,L5,5590,hin
hin,L5,5600,hin
hin,L5,5601,hin
hin,L5,5630,hin
hin,L5,5633,hin
hin,L5,5637,hin
hin,L5,5640,hin
hin,L5,5655,hin
hin,L5,5666,hin
hin,L5,5668,hin
hin,L5,5677,hin
hin,L5,5680,hin
hin,L5,5717,hin
hin,L5,5765,hin
hin,L5,5783,hin
hin,L5,5791,hin
hin,L5,5803,hin
hin,L5,5811,hin
hin,L5,5813,hin
hin,L5,5814,hin
hin,L5,5819,hin
hin,L5,5826,hin
hin,L5,5835,hin
hin,L5,5840,hin
hin,L5,5849,hin
hin,L5,5856,hin
hin,L5,5859,hin
hin,L5,5879,hin
hin,L5,5884,hin
hin,L5,5888,hin
hin,L5,5896,hin
hin,L5,5897,hin
hin,L5,5898,hin
hin,L5,5900,hin
hin,L5,5912,hin
hin,L5,5918,hin
hin,L5,5921,hin
hin,L5,5924,hin
hin,L5,5927,hin
hin,L5,5937,hin
hin,L5,6010,hin
hin,L5,6031,hin
hin,L5,6033,hin
hin,L5,6050,hin
hin,L5,6059,hin
hin,L5,6066,hin
hin,L5,6073,hin
hin,L5,6098,hin
hin,L5,6100,hin
hin,L5,6103,hin
hin,L5,6109,hin
hin,L5,6123,hin
hin,L5,6128,hin
hin,L5,6145,hin
hin,L5,6148,hin
hin,L5,6150,hin
hin,L5,6164,hin
hin,L5,6174,hin
hin,L5,6176,hin
hin,L5,6181,hin
hin,L5,6182,hin
hin,L5,6186,hin
hin,L5,6193,hin
hin,L5,6201,hin
hin,L5,6204,hin
hin,L5,6209,hin
hin,L5,6214,hin
hin,L5,6218,hin
hin,L5,6229,hin
hin,L5,6233,hin
hin,L5,6234,hin
hin,L5,6236,hin
hin,L5,6244,hin
hin,L5,6250,hin
hin,L5,6261,hin
hin,L5,6264,hin
hin,L5,6274,hin
hin,L5,6276,hin
hin,L5,6277,hin
hin,L5,6285,hin
hin,L5,6289,hin
hin,L5,6300,hin
hin,L5,6302,hin
hin,L5,6309,hin
hin,L5,6312,hin
hin,L5,6318,hin
hin,L5,6326,hin
hin,L5,6329,hin
hin,L5,6330,hin
hin,L5,6351,hin
hin,L5,6360,hin
hin,L5,6362,hin
hin,L5,6395,hin
hin,L5,6398,hin
hin,L5,6399,hin
hin,L5,6403,hin
hin,L5,6421,hin
hin,L5,6427,hin
hin,L5,6429,hin
hin,L5,6449,hin
hin,L5,6455,hin
hin,L5,6482,hin
hin,L5,6483,hin
hin,L5,6493,hin
hin,L5,6501,hin
hin,L5,6508,hin
hin,L5,6522,hin
hin,L5,6523,hin
hin,L5,6525,hin
hin,L5,6527,hin
hin,L5,6528,hin
hin,L5,6533,hin
hin,L5,6536,hin
hin,L5,6542,hin
hin,L5,6544,hin
hin,L5,6549,hin
hin,L5,6556,hin
hin,L5,6569,hin
hin,L5,6574,hin
hin,L5,6609,hin
hin,L5,6615,hin
hin,L5,6645,hin
hin,L5,6649,hin
hin,L5,6650,hin
hin,L5,6663,hin
hin,L5,6665,hin
hin,L5,6666,hin
hin,L5,6668,hin
hin,L5,6676,hin
hin,L5,6682,hin
hin,L5,6683,hin
hin,L5,6688,hin
hin,L5,6691,hin
hin,L5,6692,hin
hin,L5,6696,hin
hin,L5,6701,hin
hin,L5,6703,hin
hin,L5,6705,hin
hin,L5,6710,hin
hin,L5,6714,hin
hin,L5,6722,hin
hin,L5,6724,hin
hin,L5,6743,hin
hin,L5,6752,hin
hin,L5,6766,hin
hin,L5,6780,hin
hin,L5,6794,hin
hin,L5,6800,hin
hin,L5,6801,hin
hin,L5,6805,hin
hin,L5,6811,hin
hin,L5,6825,hin
hin,L5,6826,hin
hin,L5,6827,hin
hin,L5,6828,hin
hin,L5,6834,hin
hin,L5,6840,hin
hin,L5,6851,hin
hin,L5,6853,hin
hin,L5,6859,hin
hin,L5,6869,hin
hin,L5,6872,hin
hin,L5,6876,hin
hin,L5,6881,hin
hin,L5,6883,hin
hin,L5,6890,hin
hin,L5,6892,hin
hin,L5,6906,hin
hin,L5,6913,hin
hin,L5,6914,hin
hin,L5,6921,hin
hin,L5,6930,hin
hin,L5,6935,hin
hin,L5,6936,hin
hin,L5,6950,hin
hin,L5,6955,hin
hin,L5,6963,hin
hin,L5,6972,hin
hin,L5,6980,hin
hin,L5,6993,hin
hin,L5,7004,hin
hin,L5,7005,hin
hin,L5,7037,hin
hin,L5,7040,hin
hin,L5,7045,hin
hin,L5,7067,hin
hin,L5,7077,hin
hin,L5,7089,hin
hin,L5,7092,hin
hin,L5,7095,hin
hin,L5,7098,hin
hin,L5,7102,hin
hin,L5,7103,hin
hin,L5,7104,hin
hin,L5,7106,hin
hin,L5,7110,hin
hin,L5,7125,hin
hin,L5,7126,hin
hin,L5,7131,hin
hin,L5,7145,hin
hin,L5,7147,hin
hin,L5,7160,hin
hin,L5,7162,hin
hin,L5,7172,hin
hin,L5,7174,hin
hin,L5,7180,hin
hin,L5,7184,hin
hin,L5,7190,hin
hin,L5,7192,hin
hin,L5,7193,hin
hin,L5,7194,hin
hin,L5,7200,hin
hin,L5,7216,hin
hin,L5,7219,hin
hin,L5,7224,hin
hin,L5,7228,hin
hin,L5,7237,hin
hin,L5,7240,hin
hin,L5,7252,hin
hin,L5,7253,hin
hin,L5,7257,hin
hin,L5,7258,hin
hin,L5,7259,hin
hin,L5,7272,hin
hin,L5,7279,hin
hin,L5,7294,hin
hin,L5,7296,hin
hin,L5,7297,hin
hin,L5,7305,hin
hin,L5,7308,hin
hin,L5,7312,hin
hin,L5,7319,hin
hin,L5,7322,hin
hin,L5,7335,hin
hin,L5,7343,hin
hin,L5,7348,hin
hin,L5,7352,hin
hin,L5,7367,hin
hin,L5,7368,hin
hin,L5,7382,hin
hin,L5,7385,hin
hin,L5,7388,hin
hin,L5,7390,hin
hin,L5,7392,hin
hin,L5,7409,hin
hin,L5,7411,hin
hin,L5,7427,hin
hin,L5,7428,hin
hin,L5,7431,hin
hin,L5,7451,hin
hin,L5,7459,hin
hin,L5,7471,hin
hin,L5,7472,hin
hin,L5,7484,hin
hin,L5,7495,hin
hin,L5,7502,hin
hin,L5,7509,hin
hin,L5,7511,hin
hin,L5,7515,hin
hin,L5,7519,hin
hin,L5,7520,hin
hin,L5,7523,hin
hin,L5,7524,hin
hin,L5,7531,hin
hin,L5,7533,hin
hin,L5,7547,hin
hin,L5,7553,hin
hin,L5,7559,hin
hin,L5,7561,hin
hin,L5,7563,hin
hin,L5,7568,hin
hin,L5,7570,hin
hin,L5,7573,hin
hin,L5,7584,hin
hin,L5,7585,hin
hin,L5,7593,hin
hin,L5,7617,hin
hin,L5,7622,hin
hin,L5,7627,hin
hin,L5,7628,hin
hin,L5,7630,hin
hin,L5,7647,hin
hin,L5,7655,hin
hin,L5,7662,hin
hin,L5,7667,hin
hin,L5,7688,hin
hin,L5,7690,hin
hin,L5,7692,hin
hin,L5,7722,hin
hin,L5,7727,hin
hin,L5,7735,hin
hin,L5,7738,hin
hin,L5,7751,hin
hin,L5,7782,hin
hin,L5,7786,hin
hin,L5,7787,hin
hin,L5,7804,hin
hin,L5,7811,hin
hin,L5,7816,hin
hin,L5,7819,hin
hin,L5,7824,hin
hin,L5,7831,hin
hin,L5,7833,hin
hin,L5,7843,hin
hin,L5,7848,hin
hin,L5,7852,hin
hin,L5,7858,hin
hin,L5,7871,hin
hin,L5,7889,hin
hin,L5,7891,hin
hin,L5,7906,hin
hin,L5,7908,hin
hin,L5,7909,hin
hin,L5,7917,hin
hin,L5,7921,hin
hin,L5,7936,hin
hin,L5,7945,hin
hin,L5,7952,hin
hin,L5,7958,hin
hin,L5,7959,hin
hin,L5,7966,hin
hin,L5,7972,hin
hin,L5,7973,hin
hin,L5,7977,hin
hin,L5,7988,hin
hin,L5,8003,hin
hin,L5,8030,hin
hin,L5,8033,hin
hin,L5,8036,hin
hin,L5,8037,hin
hin,L5,8040,hin
hin,L5,8044,hin
hin,L5,8052,hin
hin,L5,8057,hin
hin,L5,8063,hin
hin,L5,8065,hin
hin,L5,8075,hin
hin,L5,8079,hin
hin,L5,8082,hin
hin,L5,8100,hin
hin,L5,8106,hin
hin,L5,8118,hin
hin,L5,8135,hin
hin,L5,8138,hin
hin,L5,8150,hin
hin,L5,8152,hin
hin,L5,8176,hin
hin,L5,8196,hin
hin,L5,8203,hin
hin,L5,8207,hin
hin,L5,8225,hin
hin,L5,8231,hin
hin,L5,8233,hin
hin,L5,8244,hin
hin,L5,8258,hin
hin,L5,8269,hin
hin,L5,8273,hin
hin,L5,8287,hin
hin,L5,8290,hin
hin,L5,8293,hin
hin,L5,8296,hin
hin,L5,8318,hin
hin,L5,8323,hin
hin,L5,8328,hin
hin,L5,8341,hin
hin,L5,8362,hin
hin,L5,8364,hin
hin,L5,8367,hin
hin,L5,8375,hin
hin,L5,8406,hin
hin,L5,8409,hin
hin,L5,8414,hin
hin,L5,8422,hin
hin,L5,8437,hin
hin,L5,8441,hin
hin,L5,8448,hin
hin,L5,8453,hin
hin,L5,8460,hin
hin,L5,8467,hin
hin,L5,8468,hin
hin,L5,8473,hin
hin,L5,8475,hin
hin,L5,8488,hin
hin,L5,8489,hin
hin,L5,8493,hin
hin,L5,8499,hin
hin,L5,8500,hin
hin,L5,8520,hin
hin,L5,8531,hin
hin,L5,8535,hin
hin,L5,8540,hin
hin,L5,8548,hin
hin,L5,8563,hin
hin,L5,8571,hin
hin,L5,8573,hin
hin,L5,8575,hin
hin,L5,8585,hin
hin,L5,8602,hin
hin,L5,8614,hin
hin,L5,8616,hin
hin,L5,8628,hin
hin,L5,8629,hin
hin,L5,8633,hin
hin,L5,8635,hin
hin,L5,8640,hin
hin,L5,8646,hin
hin,L5,8649,hin
hin,L5,8659,hin
hin,L5,8662,hin
hin,L5,8666,hin
hin,L5,8667,hin
hin,L5,8687,hin
hin,L5,8691,hin
hin,L5,8706,hin
hin,L5,8728,hin
hin,L5,8747,hin
hin,L5,8753,hin
hin,L5,8794,hin
hin,L5,8798,hin
hin,L5,8799,hin
hin,L5,8803,hin
hin,L5,8807,hin
hin,L5,8810,hin
hin,L5,8821,hin
hin,L5,8828,hin
hin,L5,8834,hin
hin,L5,8838,hin
hin,L5,8840,hin
hin,L5,8843,hin
hin,L5,8848,hin
hin,L5,8873,hin
hin,L5,8883,hin
hin,L5,8884,hin
hin,L5,8894,hin
hin,L5,8900,hin
hin,L5,8901,hin
hin,L5,8904,hin
hin,L5,8907,hin
hin,L5,8911,hin
hin,L5,8933,hin
hin,L5,8946,hin
hin,L5,8958,hin
hin,L5,8959,hin
hin,L5,8967,hin
hin,L5,8968,hin
hin,L5,8982,hin
hin,L5,8992,hin
hin,L5,8994,hin
hin,L5,8999,hin
hin,L5,9000,hin
hin,L5,9011,hin
hin,L5,9015,hin
hin,L5,9018,hin
hin,L5,9025,hin
hin,L5,9029,hin
hin,L5,9032,hin
hin,L5,9035,hin
hin,L5,9037,hin
hin,L5,9039,hin
hin,L5,9044,hin
hin,L5,9054,hin
hin,L5,9056,hin
hin,L5,9057,hin
hin,L5,9058,hin
hin,L5,9069,hin
hin,L5,9073,hin
hin,L5,9079,hin
hin,L5,9089,hin
hin,L5,9093,hin
hin,L5,9096,hin
hin,L5,9098,hin
hin,L5,9128,hin
hin,L5,9152,hin
hin,L5,9159,hin
hin,L5,9177,hin
hin,L5,9180,hin
hin,L5,9185,hin
hin,L5,9192,hin
hin,L5,9200,hin
hin,L5,9205,hin
hin,L5,9206,hin
hin,L5,9235,hin
hin,L5,9240,hin
hin,L5,9241,hin
hin,L5,9244,hin
hin,L5,9245,hin
hin,L5,9258,hin
hin,L5,9261,hin
hin,L5,9271,hin
hin,L5,9273,hin
hin,L5,9281,hin
hin,L5,9292,hin
hin,L5,9295,hin
hin,L5,9304,hin
hin,L5,9318,hin
hin,L5,9328,hin
hin,L5,9344,hin
hin,L5,9360,hin
hin,L5,9364,hin
hin,L5,9378,hin
hin,L5,9387,hin
hin,L5,9407,hin
hin,L5,9409,hin
hin,L5,9413,hin
hin,L5,9425,hin
hin,L5,9433,hin
hin,L5,9448,hin
hin,L5,9451,hin
hin,L5,9478,hin
hin,L5,9497,hin
hin,L5,9526,hin
hin,L5,9541,hin
hin,L5,9547,hin
hin,L5,9578,hin
hin,L5,9586,hin
hin,L5,9592,hin
hin,L5,9628,hin
hin,L5,9631,hin
hin,L5,9636,hin
hin,L5,9651,hin
hin,L5,9656,hin
hin,L5,9660,hin
hin,L5,9671,hin
hin,L5,9676,hin
hin,L5,9677,hin
hin,L5,9679,hin
hin,L5,9683,hin
hin,L5,9697,hin
hin,L5,9710,hin
hin,L5,9718,hin
hin,L5,9728,hin
hin,L5,9737,hin
hin,L5,9748,hin
hin,L5,9753,hin
hin,L5,9758,hin
hin,L5,9762,hin
hin,L5,9766,hin
hin,L5,9777,hin
hin,L5,9783,hin
hin,L5,9786,hin
hin,L5,9788,hin
hin,L5,9795,hin
hin,L5,9798,hin
hin,L5,9801,hin
hin,L5,9823,hin
hin,L5,9827,hin
hin,L5,9831,hin
hin,L5,9835,hin
hin,L5,9838,hin
hin,L5,9860,hin
hin,L5,9861,hin
hin,L5,9873,hin
hin,L5,9878,hin
hin,L5,9890,hin
hin,L5,9891,hin
hin,L5,9897,hin
hin,L5,9900,hin
hin,L5,9913,hin
hin,L5,9917,hin
hin,L5,9924,hin
hin,L5,9928,hin
hin,L5,9931,hin
hin,L5,9934,hin
hin,L5,9935,hin
hin,L5,9936,hin
hin,L5,9968,hin
hin,L5,9974,hin
hin,L5,9975,hin
hin,L5,9984,hin
hin,L5,9990,hin
hin,L5,9996,hin
hin,L5,10001,hin
hin,L5,10008,hin
hin,L5,10032,hin
hin,L5,10046,hin
hin,L5,10049,hin
hin,L5,10054,hin
hin,L5,10060,hin
hin,L5,10067,hin
hin,L5,10068,hin
hin,L5,10074,hin
hin,L5,10076,hin
hin,L5,10078,hin
hin,L5,10080,hin
hin,L5,10113,hin
hin,L5,10117,hin
hin,L5,10119,hin
hin,L5,10123,hin
hin,L5,10128,hin
hin,L5,10134,hin
hin,L5,10137,hin
hin,L5,10160,hin
hin,L5,10175,hin
hin,L5,10176,hin
hin,L5,10184,hin
hin,L5,10190,hin
hin,L5,10213,hin
hin,L5,10217,hin
hin,L5,10224,hin
hin,L5,10256,hin
hin,L5,10262,hin
hin,L5,10272,hin
hin,L5,10282,hin
hin,L5,10292,hin
hin,L5,10297,hin
hin,L5,10300,hin
hin,L5,10306,hin
hin,L5,10312,hin
hin,L5,10321,hin
hin,L5,10346,hin
hin,L5,10353,hin
hin,L5,10355,hin
hin,L5,10365,hin
hin,L5,10371,hin
hin,L5,10383,hin
hin,L5,10387,hin
hin,L5,10393,hin
hin,L5,10394,hin
hin,L5,10395,hin
hin,L5,10405,hin
hin,L5,10411,hin
hin,L5,10416,hin
hin,L5,10431,hin
hin,L5,10440,hin
hin,L5,10441,hin
hin,L5,10442,hin
hin,L5,10444,hin
hin,L5,10459,hin
hin,L5,10465,hin
hin,L5,10471,hin
hin,L5,10489,hin
hin,L5,10492,hin
hin,L5,10500,hin
hin,L5,10505,hin
hin,L5,10509,hin
hin,L5,10515,hin
hin,L5,10517,hin
hin,L5,10520,hin
hin,L5,10523,hin
hin,L5,10531,hin
hin,L5,10536,hin
hin,L5,10539,hin
hin,L5,10540,hin
hin,L5,10570,hin
hin,L5,10588,hin
hin,L5,10591,hin
hin,L5,10596,hin
hin,L5,10603,hin
hin,L5,10609,hin
hin,L5,10611,hin
hin,L5,10618,hin
hin,L5,10620,hin
hin,L5,10629,hin
hin,L5,10633,hin
hin,L5,10641,hin
hin,L5,10649,hin
hin,L5,10650,hin
hin,L5,10652,hin
hin,L5,10660,hin
hin,L5,10662,hin
hin,L5,10665,hin
hin,L5,10670,hin
hin,L5,10682,hin
hin,L5,10688,hin
hin,L5,10694,hin
hin,L5,10701,hin
hin,L5,10706,hin
hin,L5,10710,hin
hin,L5,10722,hin
hin,L5,10736,hin
hin,L5,10740,hin
hin,L5,10751,hin
hin,L5,10755,hin
hin,L5,10798,hin
hin,L5,10799,hin
hin,L5,10803,hin
hin,L5,10807,hin
hin,L5,10811,hin
hin,L5,10817,hin
hin,L5,10818,hin
hin,L5,10827,hin
hin,L5,10843,hin
hin,L5,10846,hin
hin,L5,10849,hin
hin,L5,10865,hin
hin,L5,10868,hin
hin,L5,10870,hin
hin,L5,10878,hin
hin,L5,10881,hin
hin,L5,10893,hin
hin,L5,10895,hin
hin,L5,10919,hin
hin,L5,10925,hin
hin,L5,10947,hin
hin,L5,10959,hin
hin,L5,10963,hin
hin,L5,10973,hin
hin,L5,10983,hin
hin,L5,10993,hin
hin,L5,10999,hin
hin,L5,11007,hin
hin,L5,11017,hin
hin,L5,11018,hin
hin,L5,11025,hin
hin,L5,11041,hin
hin,L5,11046,hin
hin,L5,11049,hin
hin,L5,11077,hin
hin,L5,11078,hin
hin,L5,11079,hin
hin,L5,11090,hin
hin,L5,11093,hin
hin,L5,11095,mar
hin,L5,11109,hin
hin,L5,11126,hin
hin,L5,11128,hin
hin,L5,11144,hin
hin,L5,11148,hin
hin,L5,11172,hin
hin,L5,11187,hin
hin,L5,11194,hin
hin,L5,11205,hin
hin,L5,11209,hin
hin,L5,11227,hin
hin,L5,11234,hin
hin,L5,11235,hin
hin,L5,11237,hin
hin,L5,11244,hin
hin,L5,11255,hin
hin,L5,11258,hin
hin,L5,11267,hin
hin,L5,11273,hin
hin,L5,11278,hin
hin,L5,11281,hin
hin,L5,11299,hin
hin,L5,11305,hin
hin,L5,11306,hin
hin,L5,11308,hin
hin,L5,11312,hin
hin,L5,11316,hin
hin,L5,11321,hin
hin,L5,11325,hin
hin,L5,11328,hin
hin,L5,11336,hin
hin,L5,11339,hin
hin,L5,11345,hin
hin,L5,11348,hin
hin,L5,11354,hin
hin,L5,11371,hin
hin,L5,11380,hin
hin,L5,11398,hin
hin,L5,11399,hin
hin,L5,11403,hin
hin,L5,11410,hin
hin,L5,11420,hin
hin,L5,11421,hin
hin,L5,11440,hin
hin,L5,11458,hin
hin,L5,11459,hin
hin,L5,11466,hin
hin,L5,11482,hin
hin,L5,11498,hin
hin,L5,11506,hin
hin,L5,11509,hin
hin,L5,11520,hin
hin,L5,11521,hin
hin,L5,11527,hin
hin,L5,11532,hin
hin,L5,11535,hin
hin,L5,11547,hin
hin,L5,11550,hin
hin,L5,11552,hin
hin,L5,11556,hin
hin,L5,11557,hin
hin,L5,11571,hin
hin,L5,11572,hin
hin,L5,11585,hin
hin,L5,11603,hin
hin,L5,11605,hin
hin,L5,11616,hin
hin,L5,11617,hin
hin,L5,11630,hin
hin,L5,11657,hin
hin,L5,11662,hin
hin,L5,11663,hin
hin,L5,11664,hin
hin,L5,11669,hin
hin,L5,11670,hin
hin,L5,11677,hin
hin,L5,11682,hin
hin,L5,11684,hin
hin,L5,11686,hin
hin,L5,11688,hin
hin,L5,11689,hin
hin,L5,11691,hin
hin,L5,11695,hin
hin,L5,11697,hin
hin,L5,11711,hin
hin,L5,11713,hin
hin,L5,11714,hin
hin,L5,11716,hin
hin,L5,11720,hin
hin,L5,11736,hin
hin,L5,11756,hin
hin,L5,11758,hin
hin,L5,11788,hin
hin,L5,11790,hin
hin,L5,11791,hin
hin,L5,11793,hin
hin,L5,11794,hin
hin,L5,11798,hin
hin,L5,11813,hin
hin,L5,11814,hin
hin,L5,11828,hin
hin,L5,11835,hin
hin,L5,11840,hin
hin,L5,11852,hin
hin,L5,11854,hin
hin,L5,11857,hin
hin,L5,11861,hin
hin,L5,11865,hin
hin,L5,11872,hin
hin,L5,11893,hin
hin,L5,11895,hin
hin,L5,11918,hin
hin,L5,11920,hin
hin,L5,11929,hin
hin,L5,11944,hin
hin,L5,11961,hin
hin,L5,11972,hin
hin,L5,11979,hin
hin,L5,11986,hin
hin,L5,11990,hin
hin,L5,11991,hin
hin,L5,12004,hin
hin,L5,12014,hin
hin,L5,12020,hin
hin,L5,12022,hin
hin,L5,12024,hin
hin,L5,12038,hin
hin,L5,12040,hin
hin,L5,12085,hin
hin,L5,12087,hin
hin,L5,12088,hin
hin,L5,12092,hin
hin,L5,12097,hin
hin,L5,12099,hin
hin,L5,12104,hin
hin,L5,12109,hin
hin,L5,12125,hin
hin,L5,12126,hin
hin,L5,12129,hin
hin,L5,12134,hin
hin,L5,12142,hin
hin,L5,12164,hin
hin,L5,12174,hin
hin,L5,12179,hin
hin,L5,12187,hin
hin,L5,12198,hin
hin,L5,12207,hin
hin,L5,12211,hin
hin,L5,12219,hin
hin,L5,12221,hin
hin,L5,12239,hin
hin,L5,12243,hin
hin,L5,12247,hin
hin,L5,12258,hin
hin,L5,12264,hin
hin,L5,12274,hin
hin,L5,12277,hin
hin,L5,12279,hin
hin,L5,12280,hin
hin,L5,12282,hin
hin,L5,12289,hin
hin,L5,12294,hin
hin,L5,12295,hin
hin,L5,12317,hin
hin,L5,12324,hin
hin,L5,12332,hin
hin,L5,12344,hin
hin,L5,12346,hin
hin,L5,12354,hin
hin,L5,12362,hin
hin,L5,12374,hin
hin,L5,12377,hin
hin,L5,12382,hin
hin,L5,12393,hin
hin,L5,12399,hin
hin,L5,12404,hin
hin,L5,12415,hin
hin,L5,12422,hin
hin,L5,12433,hin
hin,L5,12439,hin
hin,L5,12469,hin
hin,L5,12473,hin
hin,L5,12483,hin
hin,L5,12484,hin
hin,L5,12492,hin
hin,L5,12498,hin
hin,L5,12502,hin
hin,L5,12506,hin
hin,L5,12511,hin
hin,L5,12530,hin
hin,L5,12536,hin
hin,L5,12551,hin
hin,L5,12556,hin
hin,L5,12569,hin
hin,L5,12574,hin
hin,L5,12598,hin
hin,L5,12599,hin
hin,L5,12602,hin
hin,L5,12604,hin
hin,L5,12627,hin
hin,L5,12629,hin
hin,L5,12643,hin
hin,L5,12647,hin
hin,L5,12655,hin
hin,L5,12666,hin
hin,L5,12688,hin
hin,L5,12697,hin
hin,L5,12724,hin
hin,L5,12733,hin
hin,L5,12735,hin
hin,L5,12737,hin
hin,L5,12743,hin
hin,L5,12747,hin
hin,L5,12752,hin
hin,L5,12786,hin
hin,L5,12790,hin
hin,L5,12793,hin
hin,L5,12795,hin
hin,L5,12797,hin
hin,L5,12798,hin
hin,L5,12806,hin
hin,L5,12818,hin
hin,L5,12841,hin
hin,L5,12847,hin
hin,L5,12849,hin
hin,L5,12853,hin
hin,L5,12855,hin
hin,L5,12856,hin
hin,L5,12868,hin
hin,L5,12900,hin
hin,L5,12904,hin
hin,L5,12910,hin
hin,L5,12916,hin
hin,L5,12922,hin
hin,L5,12934,hin
hin,L5,12943,hin
hin,L5,12949,hin
hin,L5,12951,hin
hin,L5,12954,hin
hin,L5,12957,hin
hin,L5,12958,hin
hin,L5,12992,hin
hin,L5,12997,hin
hin,L5,12999,hin
hin,L5,13002,hin
hin,L5,13012,hin
hin,L5,13033,hin
hin,L5,13048,hin
hin,L5,13049,hin
hin,L5,13052,hin
hin,L5,13055,hin
hin,L5,13061,hin
hin,L5,13063,hin
hin,L5,13064,hin
hin,L5,13065,hin
hin,L5,13066,hin
hin,L5,13069,hin
hin,L5,13072,hin
hin,L5,13090,hin
hin,L5,13099,hin
hin,L5,13100,hin
hin,L5,13106,hin
hin,L5,13116,hin
hin,L5,13124,hin
hin,L5,13135,hin
hin,L5,13139,hin
hin,L5,13141,hin
hin,L5,13142,hin
hin,L5,13144,hin
hin,L5,13145,hin
hin,L5,13149,hin
hin,L5,13189,hin
hin,L5,13203,hin
hin,L5,13219,hin
hin,L5,13229,hin
hin,L5,13230,hin
hin,L5,13236,hin
hin,L5,13245,hin
hin,L5,13246,hin
hin,L5,13257,hin
hin,L5,13264,hin
hin,L5,13267,hin
hin,L5,13277,hin
hin,L5,13278,hin
hin,L5,13284,hin
hin,L5,13290,hin
hin,L5,13292,hin
hin,L5,13300,hin
hin,L5,13307,hin
hin,L5,13324,hin
hin,L5,13325,hin
hin,L5,13327,hin
hin,L5,13330,hin
hin,L5,13341,hin
hin,L5,13345,hin
hin,L5,13367,hin
hin,L5,13379,hin
hin,L5,13391,hin
hin,L5,13400,hin
hin,L5,13407,hin
hin,L5,13408,hin
hin,L5,13414,hin
hin,L5,13416,hin
hin,L5,13424,hin
hin,L5,13425,hin
hin,L5,13426,hin
hin,L5,13443,hin
hin,L5,13456,hin
hin,L5,13485,hin
hin,L5,13488,hin
hin,L5,13500,hin
hin,L5,13509,hin
hin,L5,13514,hin
hin,L5,13526,hin
hin,L5,13535,hin
hin,L5,13543,hin
hin,L5,13549,hin
hin,L5,13552,hin
hin,L5,13555,hin
hin,L5,13561,hin
hin,L5,13564,hin
hin,L5,13572,hin
hin,L5,13588,hin
hin,L5,13601,hin
hin,L5,13616,hin
hin,L5,13618,hin
hin,L5,13625,hin
hin,L5,13656,hin
hin,L5,13657,hin
hin,L5,13667,hin
hin,L5,13680,hin
hin,L5,13687,hin
hin,L5,13701,hin
hin,L5,13706,hin
hin,L5,13714,hin
hin,L5,13718,hin
hin,L5,13728,hin
hin,L5,13731,hin
hin,L5,13735,hin
hin,L5,13741,hin
hin,L5,13742,hin
hin,L5,13753,hin
hin,L5,13756,hin
hin,L5,13774,hin
hin,L5,13776,hin
hin,L5,13777,hin
hin,L5,13781,hin
hin,L5,13788,hin
hin,L5,13793,hin
hin,L5,13805,hin
hin,L5,13820,hin
hin,L5,13823,hin
hin,L5,13834,hin
hin,L5,13841,hin
hin,L5,13853,hin
hin,L5,13859,hin
hin,L5,13862,hin
hin,L5,13863,hin
hin,L5,13873,hin
hin,L5,13874,hin
hin,L5,13883,hin
hin,L5,13897,hin
hin,L5,13909,hin
hin,L5,13922,hin
hin,L5,13928,hin
hin,L5,13930,hin
hin,L5,13932,hin
hin,L5,13944,hin
hin,L5,13955,hin
hin,L5,13956,hin
hin,L5,13982,hin
hin,L5,13994,hin
hin,L5,14005,hin
hin,L5,14010,hin
hin,L5,14015,hin
hin,L5,14028,hin
hin,L5,14033,hin
hin,L5,14034,hin
hin,L5,14041,hin
hin,L5,14043,hin
hin,L5,14044,hin
hin,L5,14045,hin
hin,L5,14049,hin
hin,L5,14054,hin
hin,L5,14075,hin
hin,L5,14089,hin
hin,L5,14093,hin
hin,L5,14094,hin
hin,L5,14099,hin
hin,L5,14110,hin
hin,L5,14118,hin
hin,L5,14120,hin
hin,L5,14121,hin
hin,L5,14137,hin
hin,L5,14138,hin
hin,L5,14175,hin
hin,L5,14191,hin
hin,L5,14193,hin
hin,L5,14195,hin
hin,L5,14212,hin
hin,L5,14237,hin
hin,L5,14238,hin
hin,L5,14244,hin
hin,L5,14260,hin
hin,L5,14263,hin
hin,L5,14269,hin
hin,L5,14286,hin
hin,L5,14289,hin
hin,L5,14291,hin
hin,L5,14302,hin
hin,L5,14303,hin
hin,L5,14304,hin
hin,L5,14310,hin
hin,L5,14331,hin
hin,L5,14344,hin
hin,L5,14355,hin
hin,L5,14362,hin
hin,L5,14367,hin
hin,L5,14379,hin
hin,L5,14392,hin
hin,L5,14398,hin
hin,L5,14403,hin
hin,L5,14414,hin
hin,L5,14418,hin
hin,L5,14435,hin
hin,L5,14441,hin
hin,L5,14448,hin
hin,L5,14452,hin
hin,L5,14456,hin
hin,L5,14459,hin
hin,L5,14460,hin
hin,L5,14462,hin
hin,L5,14465,hin
hin,L5,14484,hin
hin,L5,14514,hin
hin,L5,14516,hin
hin,L5,14517,hin
hin,L5,14518,hin
hin,L5,14529,hin
hin,L5,14531,hin
hin,L5,14539,hin
hin,L5,14546,hin
hin,L5,14547,hin
hin,L5,14558,hin
hin,L5,14571,hin
hin,L5,14580,hin
hin,L5,14615,hin
hin,L5,14619,hin
hin,L5,14622,hin
hin,L5,14630,hin
hin,L5,14638,hin
hin,L5,14642,hin
hin,L5,14645,hin
hin,L5,14647,hin
hin,L5,14648,hin
hin,L5,14649,hin
hin,L5,14678,hin
hin,L5,14684,hin
hin,L5,14688,hin
hin,L5,14692,hin
hin,L5,14694,hin
hin,L5,14715,hin
hin,L5,14725,hin
hin,L5,14726,hin
hin,L5,14730,hin
hin,L5,14738,hin
hin,L5,14741,hin
hin,L5,14749,hin
hin,L5,14755,hin
hin,L5,14757,hin
hin,L5,14764,hin
hin,L5,14765,hin
hin,L5,14780,hin
hin,L5,14786,hin
hin,L5,14799,hin
hin,L5,14811,hin
hin,L5,14816,hin
hin,L5,14818,hin
hin,L5,14821,hin
hin,L5,14834,hin
hin,L5,14860,hin
hin,L5,14872,hin
hin,L5,14883,hin
hin,L5,14891,hin
hin,L5,14895,hin
hin,L5,14899,hin
hin,L5,14901,hin
hin,L5,14916,hin
hin,L5,14919,hin
hin,L5,14922,hin
hin,L5,14925,hin
hin,L5,14937,hin
hin,L5,14948,hin
hin,L5,14953,hin
hin,L5,14959,hin
hin,L5,14966,hin
hin,L5,14981,hin
hin,L5,14982,hin
hin,L5,14984,hin
hin,L5,14997,hin
hin,L5,15000,hin
hin,L5,15013,hin
hin,L5,15021,hin
hin,L5,15028,hin
hin,L5,15032,hin
hin,L5,15047,hin
hin,L5,15048,hin
hin,L5,15051,hin
hin,L5,15057,hin
hin,L5,15059,hin
hin,L5,15062,hin
hin,L5,15064,hin
hin,L5,15080,hin
hin,L5,15081,hin
hin,L5,15113,hin
hin,L5,15124,hin
hin,L5,15126,hin
hin,L5,15128,hin
hin,L5,15129,hin
hin,L5,15132,hin
hin,L5,15140,hin
hin,L5,15141,hin
hin,L5,15155,hin
hin,L5,15160,hin
hin,L5,15176,hin
hin,L5,15177,hin
hin,L5,15187,hin
hin,L5,15188,hin
hin,L5,15199,hin
hin,L5,15200,hin
hin,L5,15209,hin
hin,L5,15222,hin
hin,L5,15225,hin
hin,L5,15227,hin
hin,L5,15239,hin
hin,L5,15256,hin
hin,L5,15266,hin
hin,L5,15277,hin
hin,L5,15285,hin
hin,L5,15291,hin
hin,L5,15294,hin
hin,L5,15297,hin
hin,L5,15322,hin
hin,L5,15330,hin
hin,L5,15331,hin
hin,L5,15336,hin
hin,L5,15347,hin
hin,L5,15356,hin
hin,L5,15360,hin
hin,L5,15363,hin
hin,L5,15370,hin
hin,L5,15371,hin
hin,L5,15386,hin
hin,L5,15388,hin
hin,L5,15409,hin
hin,L5,15415,hin
hin,L5,15424,hin
hin,L5,15447,hin
hin,L5,15472,hin
hin,L5,15473,hin
hin,L5,15491,hin
hin,L5,15496,hin
hin,L5,15500,hin
hin,L5,15538,hin
hin,L5,15541,hin
hin,L5,15549,hin
hin,L5,15556,hin
hin,L5,15571,hin
hin,L5,15576,hin
hin,L5,15584,hin
hin,L5,15585,hin
hin,L5,15599,hin
hin,L5,15601,hin
hin,L5,15614,hin
hin,L5,15627,hin
hin,L5,15637,hin
hin,L5,15653,hin
hin,L5,15658,hin
hin,L5,15659,hin
hin,L5,15674,hin
hin,L5,15683,hin
hin,L5,15692,hin
hin,L5,15694,hin
hin,L5,15709,hin
hin,L5,15712,hin
hin,L5,15717,hin
hin,L5,15722,hin
hin,L5,15723,hin
hin,L5,15724,hin
hin,L5,15726,hin
hin,L5,15736,hin
hin,L5,15741,hin
hin,L5,15747,hin
hin,L5,15757,hin
hin,L5,15768,hin
hin,L5,15779,hin
hin,L5,15783,hin
hin,L5,15793,hin
hin,L5,15794,hin
hin,L5,15799,hin
mar,L1,5,mar
mar,L1,49,mar
mar,L1,84,mar
mar,L1,92,mar
mar,L1,94,mar
mar,L1,130,mar
mar,L1,132,mar
mar,L1,143,mar
mar,L1,145,mar
mar,L1,151,mar
mar,L1,164,mar
mar,L1,174,mar
mar,L1,243,mar
mar,L1,263,mar
mar,L1,269,mar
mar,L1,274,mar
mar,L1,277,mar
mar,L1,297,mar
mar,L1,306,mar
mar,L1,327,mar
mar,L1,347,mar
mar,L1,352,mar
mar,L1,354,mar
mar,L1,358,mar
mar,L1,360,mar
mar,L1,365,mar
mar,L1,369,mar
mar,L1,394,mar
mar,L1,424,mar
mar,L1,425,mar
mar,L1,451,mar
mar,L1,452,mar
mar,L1,455,mar
mar,L1,470,mar
mar,L1,489,mar
mar,L1,491,mar
mar,L1,494,mar
mar,L1,507,mar
mar,L1,517,mar
mar,L1,523,mar
mar,L1,533,mar
mar,L1,537,mar
mar,L1,558,mar
mar,L1,594,mar
mar,L1,616,mar
mar,L1,625,mar
mar,L1,627,mar
mar,L1,636,mar
mar,L1,637,mar
mar,L1,638,mar
mar,L1,654,mar
mar,L1,657,mar
mar,L1,666,mar
mar,L1,681,mar
mar,L1,692,mar
mar,L1,698,mar
mar,L1,759,mar
mar,L1,802,mar
mar,L1,804,mar
mar,L1,813,mar
mar,L1,835,mar
mar,L1,856,mar
mar,L1,862,mar
mar,L1,881,mar
mar,L1,883,mar
mar,L1,885,mar
mar,L1,909,mar
mar,L1,938,mar
mar,L1,943,mar
mar,L1,947,mar
mar,L1,960,mar
mar,L1,968,mar
mar,L1,970,mar
mar,L1,972,mar
mar,L1,980,mar
mar,L1,989,mar
mar,L1,1023,mar
mar,L1,1034,mar
mar,L1,1053,mar
mar,L1,1059,mar
mar,L1,1061,mar
mar,L1,1085,mar
mar,L1,1089,mar
mar,L1,1110,mar
mar,L1,1120,mar
mar,L1,1129,mar
mar,L1,1166,mar
mar,L1,1172,mar
mar,L1,1175,mar
mar,L1,1179,mar
mar,L1,1195,mar
mar,L1,1200,mar
mar,L1,1203,mar
mar,L1,1225,mar
mar,L1,1238,mar
mar,L1,1242,mar
mar,L1,1247,mar
mar,L1,1254,mar
mar,L1,1255,mar
mar,L1,1283,mar
mar,L1,1364,mar
mar,L1,1390,mar
mar,L1,1391,mar
mar,L1,1392,mar
mar,L1,1393,mar
mar,L1,1398,mar
mar,L1,1416,mar
mar,L1,1419,mar
mar,L1,1492,mar
mar,L1,1547,mar
mar,L1,1550,mar
mar,L1,1574,mar
mar,L1,1578,mar
mar,L1,1604,mar
mar,L1,1617,mar
mar,L1,1636,mar
mar,L1,1639,mar
mar,L1,1671,mar
mar,L1,1680,mar
mar,L1,1707,mar
mar,L1,1760,mar
mar,L1,1784,mar
mar,L1,1785,mar
mar,L1,1798,mar
mar,L1,1800,mar
mar,L1,1807,mar
mar,L1,1811,mar
mar,L1,1823,mar
mar,L1,1861,mar
mar,L1,1863,mar
mar,L1,1898,mar
mar,L1,1904,mar
mar,L1,1965,mar
mar,L1,1966,mar
mar,L1,1987,mar
mar,L1,2007,mar
mar,L1,2021,mar
mar,L1,2039,mar
mar,L1,2064,mar
mar,L1,2086,mar
mar,L1,2091,mar
mar,L1,2098,mar
mar,L1,2121,mar
mar,L1,2127,mar
mar,L1,2135,mar
mar,L1,2140,mar
mar,L1,2158,mar
mar,L1,2175,mar
mar,L1,2186,mar
mar,L1,2190,mar
mar,L1,2205,mar
mar,L1,2219,mar
mar,L1,2222,mar
mar,L1,2238,mar
mar,L1,2239,mar
mar,L1,2242,mar
mar,L1,2259,mar
mar,L1,2283,mar
mar,L1,2322,mar
mar,L1,2325,mar
mar,L1,2328,mar
mar,L1,2330,mar
mar,L1,2332,mar
mar,L1,2338,mar
mar,L1,2400,mar
mar,L1,2403,mar
mar,L1,2428,mar
mar,L1,2479,mar
mar,L1,2507,mar
mar,L1,2511,mar
mar,L1,2522,mar
mar,L1,2528,mar
mar,L1,2572,mar
mar,L1,2578,mar
mar,L1,2587,mar
mar,L1,2595,mar
mar,L1,2605,mar
mar,L1,2608,mar
mar,L1,2656,mar
mar,L1,2666,mar
mar,L1,2667,mar
mar,L1,2715,mar
mar,L1,2737,mar
mar,L1,2752,mar
mar,L1,2762,mar
mar,L1,2765,mar
mar,L1,2779,mar
mar,L1,2818,mar
mar,L1,2829,mar
mar,L1,2842,mar
mar,L1,2850,mar
mar,L1,2908,mar
mar,L1,2913,mar
mar,L1,2918,mar
mar,L1,2972,mar
mar,L1,2973,mar
mar,L1,2984,mar
mar,L1,2985,mar
mar,L1,2996,mar
mar,L1,3029,mar
mar,L1,3041,mar
mar,L1,3045,mar
mar,L1,3062,mar
mar,L1,3065,mar
mar,L1,3074,mar
mar,L1,3098,mar
mar,L1,3116,mar
mar,L1,3145,mar
mar,L1,3164,mar
mar,L1,3174,mar
mar,L1,3186,mar
mar,L1,3191,mar
mar,L1,3197,mar
mar,L1,3198,mar
mar,L1,3245,mar
mar,L1,3255,mar
mar,L1,3264,mar
mar,L1,3273,mar
mar,L1,3278,mar
mar,L1,3282,mar
mar,L1,3296,mar
mar,L1,3303,mar
mar,L1,3327,mar
mar,L1,3332,mar
mar,L1,3403,mar
mar,L1,3432,mar
mar,L1,3448,mar
mar,L1,3485,mar
mar,L1,3494,mar
mar,L1,3517,mar
mar,L1,3523,mar
mar,L1,3562,mar
mar,L1,3567,mar
mar,L1,3574,mar
mar,L1,3575,mar
mar,L1,3596,mar
mar,L1,3597,mar
mar,L1,3604,mar
mar,L1,3615,mar
mar,L1,3635,mar
mar,L1,3643,mar
mar,L1,3644,mar
mar,L1,3655,mar
mar,L1,3657,mar
mar,L1,3669,mar
mar,L1,3679,mar
mar,L1,3694,mar
mar,L1,3735,mar
mar,L1,3746,mar
mar,L1,3761,mar
mar,L1,3763,mar
mar,L1,3768,mar
mar,L1,3784,mar
mar,L1,3790,mar
mar,L1,3825,mar
mar,L1,3828,mar
mar,L1,3830,mar
mar,L1,3855,mar
mar,L1,3856,mar
mar,L1,3858,mar
mar,L1,3866,mar
mar,L1,3876,mar
mar,L1,3894,mar
mar,L1,3939,mar
mar,L1,3943,mar
mar,L1,3947,mar
mar,L1,3953,mar
mar,L1,3965,mar
mar,L1,3971,mar
mar,L1,3986,mar
mar,L1,3994,mar
mar,L1,3999,mar
mar,L1,4010,mar
mar,L1,4015,mar
mar,L1,4027,mar
mar,L1,4037,mar
mar,L1,4054,mar
mar,L1,4069,mar
mar,L1,4088,mar
mar,L1,4095,mar
mar,L1,4096,mar
mar,L1,4097,mar
mar,L1,4117,mar
mar,L1,4123,mar
mar,L1,4138,mar
mar,L1,4166,mar
mar,L1,4217,mar
mar,L1,4252,mar
mar,L1,4268,mar
mar,L1,4277,mar
mar,L1,4278,mar
mar,L1,4298,mar
mar,L1,4305,mar
mar,L1,4331,mar
mar,L1,4346,mar
mar,L1,4369,mar
mar,L1,4389,mar
mar,L1,4397,mar
mar,L1,4408,mar
mar,L1,4411,mar
mar,L1,4439,mar
mar,L1,4474,mar
mar,L1,4497,mar
mar,L1,4500,mar
mar,L1,4508,mar
mar,L1,4590,mar
mar,L1,4596,mar
mar,L1,4625,mar
mar,L1,4630,mar
mar,L1,4652,mar
mar,L1,4659,mar
mar,L1,4671,mar
mar,L1,4702,mar
mar,L1,4735,mar
mar,L1,4737,mar
mar,L1,4747,mar
mar,L1,4760,mar
mar,L1,4770,mar
mar,L1,4785,mar
mar,L1,4796,mar
mar,L1,4815,mar
mar,L1,4854,mar
mar,L1,4865,mar
mar,L1,4919,mar
mar,L1,4922,mar
mar,L1,4923,mar
mar,L1,4933,mar
mar,L1,4938,mar
mar,L1,4947,mar
mar,L1,4957,mar
mar,L1,4994,mar
mar,L1,4996,mar
mar,L1,5007,mar
mar,L1,5008,mar
mar,L1,5019,mar
mar,L1,5046,mar
mar,L1,5047,mar
mar,L1,5073,mar
mar,L1,5075,mar
mar,L1,5077,mar
mar,L1,5088,mar
mar,L1,5092,mar
mar,L1,5124,mar
mar,L1,5127,mar
mar,L1,5141,mar
mar,L1,5193,mar
mar,L1,5222,mar
mar,L1,5228,mar
mar,L1,5235,mar
mar,L1,5264,mar
mar,L1,5293,mar
mar,L1,5315,mar
mar,L1,5320,mar
mar,L1,5321,mar
mar,L1,5330,mar
mar,L1,5337,mar
mar,L1,5354,mar
mar,L1,5355,mar
mar,L1,5356,mar
mar,L1,5372,mar
mar,L1,5400,mar
mar,L1,5401,mar
mar,L1,5412,mar
mar,L1,5421,mar
mar,L1,5434,mar
mar,L1,5449,mar
mar,L1,5474,mar
mar,L1,5496,mar
mar,L1,5510,mar
mar,L1,5516,mar
mar,L1,5531,mar
mar,L1,5533,mar
mar,L1,5555,mar
mar,L1,5559,mar
mar,L1,5561,mar
mar,L1,5569,mar
mar,L1,5579,mar
mar,L1,5583,mar
mar,L1,5584,mar
mar,L1,5597,mar
mar,L1,5611,mar
mar,L1,5656,mar
mar,L1,5662,mar
mar,L1,5706,mar
mar,L1,5734,mar
mar,L1,5738,mar
mar,L1,5739,mar
mar,L1,5755,mar
mar,L1,5761,mar
mar,L1,5783,mar
mar,L1,5785,mar
mar,L1,5797,mar
mar,L1,5805,mar
mar,L1,5807,mar
mar,L1,5820,mar
mar,L1,5826,mar
mar,L1,5828,mar
mar,L1,5837,mar
mar,L1,5861,mar
mar,L1,5874,mar
mar,L1,5912,mar
mar,L1,5942,mar
mar,L1,5946,mar
mar,L1,5996,mar
mar,L1,6013,mar
mar,L1,6050,mar
mar,L1,6068,mar
mar,L1,6086,mar
mar,L1,6113,mar
mar,L1,6162,mar
mar,L1,6165,mar
mar,L1,6179,mar
mar,L1,6183,mar
mar,L1,6240,mar
mar,L1,6258,mar
mar,L1,6279,mar
mar,L1,6285,mar
mar,L1,6329,mar
mar,L1,6332,mar
mar,L1,6343,mar
mar,L1,6373,mar
mar,L1,6376,mar
mar,L1,6380,mar
mar,L1,6426,mar
mar,L1,6428,mar
mar,L1,6440,mar
mar,L1,6442,mar
mar,L1,6455,mar
mar,L1,6487,mar
mar,L1,6495,mar
mar,L1,6497,mar
mar,L1,6498,mar
mar,L1,6509,mar
mar,L1,6510,mar
mar,L1,6525,mar
mar,L1,6534,mar
mar,L1,6537,mar
mar,L1,6560,mar
mar,L1,6569,mar
mar,L1,6637,mar
mar,L1,6667,mar
mar,L1,6696,mar
mar,L1,6702,mar
mar,L1,6705,mar
mar,L1,6729,mar
mar,L1,6734,mar
mar,L1,6741,mar
mar,L1,6753,mar
mar,L1,6755,mar
mar,L1,6760,mar
mar,L1,6815,mar
mar,L1,6820,mar
mar,L1,6837,mar
mar,L1,6866,mar
mar,L1,6889,mar
mar,L1,6893,mar
mar,L1,6903,mar
mar,L1,6904,mar
mar,L1,6906,mar
mar,L1,6919,mar
mar,L1,6923,mar
mar,L1,6945,mar
mar,L1,6947,mar
mar,L1,6965,mar
mar,L1,6968,mar
mar,L1,6978,mar
mar,L1,6994,mar
mar,L1,7023,mar
mar,L1,7027,mar
mar,L1,7046,mar
mar,L1,7060,mar
mar,L1,7079,mar
mar,L1,7089,mar
mar,L1,7108,mar
mar,L1,7109,mar
mar,L1,7126,mar
mar,L1,7127,mar
mar,L1,7142,mar
mar,L1,7219,mar
mar,L1,7224,mar
mar,L1,7226,mar
mar,L1,7327,mar
mar,L1,7341,mar
mar,L1,7411,mar
mar,L1,7439,mar
mar,L1,7463,mar
mar,L1,7465,mar
mar,L1,7468,mar
mar,L1,7504,mar
mar,L1,7515,mar
mar,L1,7530,mar
mar,L1,7540,mar
mar,L1,7557,mar
mar,L1,7577,mar
mar,L1,7618,mar
mar,L1,7626,mar
mar,L1,7674,mar
mar,L1,7682,mar
mar,L1,7688,mar
mar,L1,7705,mar
mar,L1,7715,mar
mar,L1,7717,mar
mar,L1,7732,mar
mar,L1,7735,mar
mar,L1,7751,mar
mar,L1,7763,mar
mar,L1,7806,mar
mar,L1,7815,mar
mar,L1,7827,mar
mar,L1,7833,mar
mar,L1,7852,mar
mar,L1,7853,mar
mar,L1,7860,mar
mar,L1,7869,mar
mar,L1,7890,mar
mar,L1,7892,mar
mar,L1,7903,mar
mar,L1,7904,mar
mar,L1,7912,mar
mar,L1,7947,mar
mar,L1,7959,mar
mar,L1,7960,mar
mar,L1,7964,mar
mar,L1,7970,mar
mar,L1,7971,mar
mar,L1,7991,mar
mar,L1,8027,mar
mar,L1,8045,mar
mar,L1,8060,mar
mar,L1,8071,mar
mar,L1,8082,mar
mar,L1,8131,mar
mar,L1,8161,mar
mar,L1,8163,mar
mar,L1,8237,mar
mar,L1,8244,mar
mar,L1,8246,mar
mar,L1,8267,mar
mar,L1,8274,mar
mar,L1,8287,mar
mar,L1,8288,mar
mar,L1,8298,mar
mar,L1,8317,mar
mar,L1,8322,mar
mar,L1,8325,mar
mar,L1,8326,mar
mar,L1,8346,mar
mar,L1,8371,mar
mar,L1,8390,mar
mar,L1,8405,mar
mar,L1,8411,mar
mar,L1,8414,mar
mar,L1,8448,mar
mar,L1,8456,mar
mar,L1,8469,mar
mar,L1,8483,mar
mar,L1,8490,mar
mar,L1,8502,mar
mar,L1,8506,mar
mar,L1,8533,mar
mar,L1,8540,mar
mar,L1,8541,mar
mar,L1,8550,mar
mar,L1,8559,mar
mar,L1,8578,mar
mar,L1,8592,mar
mar,L1,8599,mar
mar,L1,8606,mar
mar,L1,8623,mar
mar,L1,8624,mar
mar,L1,8630,mar
mar,L1,8657,mar
mar,L1,8659,mar
mar,L1,8680,mar
mar,L1,8692,mar
mar,L1,8709,mar
mar,L1,8711,mar
mar,L1,8737,mar
mar,L1,8739,mar
mar,L1,8745,mar
mar,L1,8762,mar
mar,L1,8793,mar
mar,L1,8801,mar
mar,L1,8833,mar
mar,L1,8839,mar
mar,L1,8843,mar
mar,L1,8858,mar
mar,L1,8868,mar
mar,L1,8887,mar
mar,L1,8895,mar
mar,L1,8908,mar
mar,L1,8911,mar
mar,L1,8948,mar
mar,L1,8963,mar
mar,L1,8970,mar
mar,L1,8976,mar
mar,L1,8996,mar
mar,L1,9001,mar
mar,L1,9003,mar
mar,L1,9050,mar
mar,L1,9057,mar
mar,L1,9070,mar
mar,L1,9073,mar
mar,L1,9090,mar
mar,L1,9094,mar
mar,L1,9120,mar
mar,L1,9129,mar
mar,L1,9132,mar
mar,L1,9141,mar
mar,L1,9169,mar
mar,L1,9174,mar
mar,L1,9178,mar
mar,L1,9218,mar
mar,L1,9251,mar
mar,L1,9274,mar
mar,L1,9277,mar
mar,L1,9306,mar
mar,L1,9312,mar
mar,L1,9314,mar
mar,L1,9321,mar
mar,L1,9324,mar
mar,L1,9327,mar
mar,L1,9332,mar
mar,L1,9339,mar
mar,L1,9345,mar
mar,L1,9348,mar
mar,L1,9365,mar
mar,L1,9366,mar
mar,L1,9376,mar
mar,L1,9382,mar
mar,L1,9389,mar
mar,L1,9401,mar
mar,L1,9405,mar
mar,L1,9423,mar
mar,L1,9425,mar
mar,L1,9454,mar
mar,L1,9487,mar
mar,L1,9497,mar
mar,L1,9582,mar
mar,L1,9616,mar
mar,L1,9618,mar
mar,L1,9639,mar
mar,L1,9651,mar
mar,L1,9688,mar
mar,L1,9692,mar
mar,L1,9713,mar
mar,L1,9724,mar
mar,L1,9725,mar
mar,L1,9726,mar
mar,L1,9742,mar
mar,L1,9791,mar
mar,L1,9799,mar
mar,L1,9817,mar
mar,L1,9830,mar
mar,L1,9851,mar
mar,L1,9868,mar
mar,L1,9881,mar
mar,L1,9886,mar
mar,L1,9893,mar
mar,L1,9917,mar
mar,L1,9928,mar
mar,L1,9948,mar
mar,L1,9954,mar
mar,L1,9968,mar
mar,L1,9972,mar
mar,L1,9974,mar
mar,L1,9996,mar
mar,L1,10012,mar
mar,L1,10072,mar
mar,L1,10081,mar
mar,L1,10133,mar
mar,L1,10157,mar
mar,L1,10183,mar
mar,L1,10186,mar
mar,L1,10192,mar
mar,L1,10205,mar
mar,L1,10216,mar
mar,L1,10238,mar
mar,L1,10246,mar
mar,L1,10248,mar
mar,L1,10255,mar
mar,L1,10318,mar
mar,L1,10335,mar
mar,L1,10345,mar
mar,L1,10364,mar
mar,L1,10365,mar
mar,L1,10384,mar
mar,L1,10419,mar
mar,L1,10422,mar
mar,L1,10431,mar
mar,L1,10449,mar
mar,L1,10460,mar
mar,L1,10466,mar
mar,L1,10489,mar
mar,L1,10497,mar
mar,L1,10505,mar
mar,L1,10506,mar
mar,L1,10507,mar
mar,L1,10508,mar
mar,L1,10512,mar
mar,L1,10520,mar
mar,L1,10564,mar
mar,L1,10636,mar
mar,L1,10641,mar
mar,L1,10662,mar
mar,L1,10664,mar
mar,L1,10693,mar
mar,L1,10698,mar
mar,L1,10705,mar
mar,L1,10717,mar
mar,L1,10737,mar
mar,L1,10749,mar
mar,L1,10751,mar
mar,L1,10771,mar
mar,L1,10776,mar
mar,L1,10794,mar
mar,L1,10798,mar
mar,L1,10814,mar
mar,L1,10817,mar
mar,L1,10821,mar
mar,L1,10838,mar
mar,L1,10847,mar
mar,L1,10863,mar
mar,L1,10880,mar
mar,L1,10882,mar
mar,L1,10923,mar
mar,L1,10952,mar
mar,L1,10962,mar
mar,L1,10967,mar
mar,L1,10993,mar
mar,L1,11006,mar
mar,L1,11024,mar
mar,L1,11027,mar
mar,L1,11033,mar
mar,L1,11036,mar
mar,L1,11052,mar
mar,L1,11094,mar
mar,L1,11116,mar
mar,L1,11123,mar
mar,L1,11127,mar
mar,L1,11138,mar
mar,L1,11149,mar
mar,L1,11150,mar
mar,L1,11155,mar
mar,L1,11163,mar
mar,L1,11171,mar
mar,L1,11173,mar
mar,L1,11193,mar
mar,L1,11209,mar
mar,L1,11249,mar
mar,L1,11254,mar
mar,L1,11267,mar
mar,L1,11301,mar
mar,L1,11307,mar
mar,L1,11316,mar
mar,L1,11366,mar
mar,L1,11376,mar
mar,L1,11382,mar
mar,L1,11385,mar
mar,L1,11447,mar
mar,L1,11458,mar
mar,L1,11471,mar
mar,L1,11488,mar
mar,L1,11493,mar
mar,L1,11560,mar
mar,L1,11561,mar
mar,L1,11570,mar
mar,L1,11627,mar
mar,L1,11635,mar
mar,L1,11638,mar
mar,L1,11643,mar
mar,L1,11652,mar
mar,L1,11653,mar
mar,L1,11664,mar
mar,L1,11695,mar
mar,L1,11728,mar
mar,L1,11744,mar
mar,L1,11779,mar
mar,L1,11858,mar
mar,L1,11868,mar
mar,L1,11881,mar
mar,L1,11891,mar
mar,L1,11908,mar
mar,L1,11931,mar
mar,L1,11935,mar
mar,L1,11943,mar
mar,L1,11971,mar
mar,L1,11988,mar
mar,L1,11991,mar
mar,L1,12001,mar
mar,L1,12013,mar
mar,L1,12081,mar
mar,L1,12090,mar
mar,L1,12091,mar
mar,L1,12142,mar
mar,L1,12143,mar
mar,L1,12147,mar
mar,L1,12154,mar
mar,L1,12163,mar
mar,L1,12164,mar
mar,L1,12173,mar
mar,L1,12192,mar
mar,L1,12194,mar
mar,L1,12232,mar
mar,L1,12247,mar
mar,L1,12249,mar
mar,L1,12259,mar
mar,L1,12268,mar
mar,L1,12290,mar
mar,L1,12292,mar
mar,L1,12308,mar
mar,L1,12315,mar
mar,L1,12316,mar
mar,L1,12320,mar
mar,L1,12321,mar
mar,L1,12327,mar
mar,L1,12371,mar
mar,L1,12390,mar
mar,L1,12417,mar
mar,L1,12430,mar
mar,L1,12438,mar
mar,L1,12466,mar
mar,L1,12475,mar
mar,L1,12483,mar
mar,L1,12485,mar
mar,L1,12523,mar
mar,L1,12533,mar
mar,L1,12545,mar
mar,L1,12572,mar
mar,L1,12587,mar
mar,L1,12590,mar
mar,L1,12594,mar
mar,L1,12626,mar
mar,L1,12648,mar
mar,L1,12670,mar
mar,L1,12679,mar
mar,L1,12691,mar
mar,L1,12704,mar
mar,L1,12712,mar
mar,L1,12727,mar
mar,L1,12740,mar
mar,L1,12782,mar
mar,L1,12792,mar
mar,L1,12802,mar
mar,L1,12825,mar
mar,L1,12854,mar
mar,L1,12864,mar
mar,L1,12893,mar
mar,L1,12898,mar
mar,L1,12921,mar
mar,L1,12925,mar
mar,L1,12937,mar
mar,L1,12940,mar
mar,L1,12944,mar
mar,L1,12960,mar
mar,L1,12964,mar
mar,L1,12976,mar
mar,L1,12980,mar
mar,L1,12985,mar
mar,L1,12994,mar
mar,L1,13020,mar
mar,L1,13023,mar
mar,L1,13028,mar
mar,L1,13033,mar
mar,L1,13067,mar
mar,L1,13070,mar
mar,L1,13075,mar
mar,L1,13088,mar
mar,L1,13121,mar
mar,L1,13143,mar
mar,L1,13173,mar
mar,L1,13184,mar
mar,L1,13194,mar
mar,L1,13196,mar
mar,L1,13202,mar
mar,L1,13212,mar
mar,L1,13225,mar
mar,L1,13256,mar
mar,L1,13290,mar
mar,L1,13306,mar
mar,L1,13315,mar
mar,L1,13334,mar
mar,L1,13336,mar
mar,L1,13341,mar
mar,L1,13355,mar
mar,L1,13360,mar
mar,L1,13369,mar
mar,L1,13400,mar
mar,L1,13458,mar
mar,L1,13478,mar
mar,L1,13479,mar
mar,L1,13502,mar
mar,L1,13535,mar
mar,L1,13551,mar
mar,L1,13564,mar
mar,L1,13569,mar
mar,L1,13574,mar
mar,L1,13575,mar
mar,L1,13604,mar
mar,L1,13605,mar
mar,L1,13627,mar
mar,L1,13633,mar
mar,L1,13650,mar
mar,L1,13681,mar
mar,L1,13695,mar
mar,L1,13715,mar
mar,L1,13728,mar
mar,L1,13739,mar
mar,L1,13740,mar
mar,L1,13755,mar
mar,L1,13784,mar
mar,L1,13801,mar
mar,L1,13803,mar
mar,L1,13823,mar
mar,L1,13827,mar
mar,L1,13840,mar
mar,L1,13850,mar
mar,L1,13873,mar
mar,L1,13882,mar
mar,L1,13904,mar
mar,L1,13913,mar
mar,L1,13929,mar
mar,L1,13937,mar
mar,L1,13940,mar
mar,L1,13944,mar
mar,L1,13955,mar
mar,L1,13973,mar
mar,L1,13990,mar
mar,L1,13994,mar
mar,L1,13996,mar
mar,L1,13998,mar
mar,L1,14003,mar
mar,L1,14009,mar
mar,L1,14012,mar
mar,L1,14026,mar
mar,L1,14071,mar
mar,L1,14159,mar
mar,L1,14167,mar
mar,L1,14169,mar
mar,L1,14171,mar
mar,L1,14177,mar
mar,L1,14192,mar
mar,L1,14248,mar
mar,L1,14254,mar
mar,L1,14259,mar
mar,L1,14266,mar
mar,L1,14268,mar
mar,L1,14307,mar
mar,L1,14366,mar
mar,L1,14369,mar
mar,L1,14370,mar
mar,L1,14373,mar
mar,L1,14381,mar
mar,L1,14394,mar
mar,L1,14404,mar
mar,L1,14429,mar
mar,L1,14439,mar
mar,L1,14440,mar
mar,L1,14448,mar
mar,L1,14450,mar
mar,L1,14466,mar
mar,L1,14526,mar
mar,L1,14536,mar
mar,L1,14550,mar
mar,L1,14561,mar
mar,L1,14562,mar
mar,L1,14597,mar
mar,L1,14601,mar
mar,L1,14608,mar
mar,L1,14617,mar
mar,L1,14623,mar
mar,L1,14624,mar
mar,L1,14626,mar
mar,L1,14638,mar
mar,L1,14677,mar
mar,L1,14681,mar
mar,L1,14683,mar
mar,L1,14688,mar
mar,L1,14695,mar
mar,L1,14716,mar
mar,L1,14731,mar
mar,L1,14736,mar
mar,L1,14737,mar
mar,L1,14769,mar
mar,L1,14785,mar
mar,L1,14798,mar
mar,L1,14809,mar
mar,L1,14811,mar
mar,L1,14829,mar
mar,L1,14842,mar
mar,L1,14856,mar
mar,L1,14867,mar
mar,L1,14870,mar
mar,L1,14873,mar
mar,L1,14907,mar
mar,L1,14950,mar
mar,L1,14953,mar
mar,L1,14956,mar
mar,L1,14969,mar
mar,L1,14976,mar
mar,L1,14985,mar
mar,L1,14998,mar
mar,L1,15001,mar
mar,L1,15014,mar
mar,L1,15033,mar
mar,L1,15036,mar
mar,L1,15037,mar
mar,L1,15040,mar
mar,L1,15047,mar
mar,L1,15075,mar
mar,L1,15085,mar
mar,L1,15091,mar
mar,L1,15106,mar
mar,L1,15117,mar
mar,L1,15130,mar
mar,L1,15136,mar
mar,L1,15142,mar
mar,L1,15144,mar
mar,L1,15155,mar
mar,L1,15156,mar
mar,L1,15182,mar
mar,L1,15203,mar
mar,L1,15209,mar
mar,L1,15222,mar
mar,L1,15251,mar
mar,L1,15265,mar
mar,L1,15297,mar
mar,L1,15303,mar
mar,L1,15327,mar
mar,L1,15334,mar
mar,L1,15335,mar
mar,L1,15337,mar
mar,L1,15351,mar
mar,L1,15353,mar
mar,L1,15363,mar
mar,L1,15391,mar
mar,L1,15401,mar
mar,L1,15428,mar
mar,L1,15458,mar
mar,L1,15476,mar
mar,L1,15483,mar
mar,L1,15490,mar
mar,L1,15494,mar
mar,L1,15510,mar
mar,L1,15516,mar
mar,L1,15529,mar
mar,L1,15531,mar
mar,L1,15533,mar
mar,L1,15554,mar
mar,L1,15558,mar
mar,L1,15564,mar
mar,L1,15576,mar
mar,L1,15591,mar
mar,L1,15642,mar
mar,L1,15647,mar
mar,L1,15655,mar
mar,L1,15660,mar
mar,L1,15690,mar
mar,L1,15736,mar
mar,L1,15739,mar
mar,L1,15742,mar
mar,L1,15746,mar
mar,L1,15787,mar
mar,L1,15812,mar
mar,L1,15851,mar
mar,L1,15854,mar
mar,L1,15895,mar
mar,L1,15918,mar
mar,L1,15920,mar
mar,L1,15926,mar
mar,L1,15932,mar
mar,L1,15937,mar
mar,L1,15942,mar
mar,L1,15943,mar
mar,L1,15945,mar
mar,L1,15986,mar
mar,L1,16002,mar
mar,L1,16016,mar
mar,L1,16019,mar
mar,L1,16027,mar
mar,L1,16096,mar
mar,L1,16104,mar
mar,L1,16111,mar
mar,L1,16127,mar
mar,L1,16133,mar
mar,L1,16135,mar
mar,L1,16167,mar
mar,L1,16195,mar
mar,L1,16212,mar
mar,L1,16235,mar
mar,L1,16253,mar
mar,L1,16263,mar
mar,L1,16269,mar
mar,L1,16273,mar
mar,L1,16281,mar
mar,L1,16284,mar
mar,L1,16297,mar
mar,L1,16317,mar
mar,L1,16404,mar
mar,L1,16416,mar
mar,L1,16421,mar
mar,L1,16425,mar
mar,L1,16463,mar
mar,L1,16469,mar
mar,L1,16512,mar
mar,L1,16546,mar
mar,L1,16559,mar
mar,L1,16580,mar
mar,L1,16584,mar
mar,L1,16585,mar
mar,L1,16701,mar
mar,L1,16703,mar
mar,L1,16709,mar
mar,L1,16714,mar
mar,L1,16723,mar
mar,L1,16757,mar
mar,L1,16768,mar
mar,L1,16802,mar
mar,L1,16811,mar
mar,L1,16815,mar
mar,L1,16820,mar
mar,L1,16833,mar
mar,L1,16841,mar
mar,L1,16851,mar
mar,L1,16856,mar
mar,L1,16868,mar
mar,L1,16886,mar
mar,L1,16896,mar
mar,L1,16915,mar
mar,L1,16939,mar
mar,L1,16947,mar
mar,L1,16960,mar
mar,L1,16991,mar
mar,L1,17029,mar
mar,L1,17037,mar
mar,L1,17046,mar
mar,L1,17086,mar
mar,L1,17088,mar
mar,L1,17091,mar
mar,L1,17096,mar
mar,L1,17115,mar
mar,L1,17120,mar
mar,L1,17135,mar
mar,L1,17140,mar
mar,L1,17142,mar
mar,L1,17143,mar
mar,L1,17147,mar
mar,L1,17157,mar
mar,L1,17162,mar
mar,L1,17164,mar
mar,L1,17166,mar
mar,L1,17179,mar
mar,L1,17183,mar
mar,L1,17221,mar
mar,L1,17223,mar
mar,L1,17235,mar
mar,L1,17240,mar
mar,L1,17254,mar
mar,L1,17277,mar
mar,L1,17284,mar
mar,L1,17320,mar
mar,L1,17323,mar
mar,L1,17325,mar
mar,L1,17326,mar
mar,L1,17335,mar
mar,L1,17336,mar
mar,L1,17344,mar
mar,L1,17351,mar
mar,L1,17355,mar
mar,L1,17384,mar
mar,L1,17396,mar
mar,L1,17471,mar
mar,L1,17480,mar
mar,L1,17500,mar
mar,L1,17528,mar
mar,L1,17544,mar
mar,L1,17567,mar
mar,L1,17582,mar
mar,L1,17608,mar
mar,L1,17616,mar
mar,L1,17651,mar
mar,L1,17668,mar
mar,L1,17698,mar
mar,L1,17700,mar
mar,L1,17714,mar
mar,L1,17725,mar
mar,L1,17736,mar
mar,L1,17761,mar
mar,L1,17794,mar
mar,L1,17798,mar
mar,L1,17815,mar
mar,L1,17831,mar
mar,L1,17836,mar
mar,L1,17846,mar
mar,L1,17849,mar
mar,L1,17858,mar
mar,L1,17896,mar
mar,L1,17900,mar
mar,L1,17907,mar
mar,L1,17914,mar
mar,L1,17925,mar
mar,L1,17932,mar
mar,L1,17933,mar
mar,L1,17966,mar
mar,L1,17968,mar
mar,L1,17975,mar
mar,L1,17977,mar
mar,L1,17982,mar
mar,L1,17985,mar
mar,L1,18002,mar
mar,L1,18015,mar
mar,L1,18029,mar
mar,L1,18042,mar
mar,L1,18070,mar
mar,L1,18105,mar
mar,L1,18112,mar
mar,L1,18114,mar
mar,L1,18117,mar
mar,L1,18145,mar
mar,L1,18194,mar
mar,L1,18239,mar
mar,L1,18241,mar
mar,L1,18252,mar
mar,L1,18265,mar
mar,L1,18274,mar
mar,L1,18284,mar
mar,L1,18308,mar
mar,L1,18324,mar
mar,L1,18327,mar
mar,L1,18328,mar
mar,L1,18336,mar
mar,L1,18356,mar
mar,L1,18371,mar
mar,L1,18386,mar
mar,L1,18406,mar
mar,L1,18416,mar
mar,L1,18430,mar
mar,L1,18438,mar
mar,L1,18456,mar
mar,L1,18466,mar
mar,L1,18468,mar
mar,L1,18485,mar
mar,L1,18486,mar
mar,L1,18567,mar
mar,L1,18583,mar
mar,L1,18605,mar
mar,L1,18608,mar
mar,L1,18649,mar
mar,L1,18665,mar
mar,L1,18737,mar
mar,L1,18739,mar
mar,L1,18743,mar
mar,L1,18745,mar
mar,L1,18762,mar
mar,L1,18810,mar
mar,L1,18828,mar
mar,L1,18834,mar
mar,L1,18877,mar
mar,L1,18900,mar
mar,L1,18928,mar
mar,L1,18953,mar
mar,L1,18971,mar
mar,L1,18973,mar
mar,L1,18985,mar
mar,L1,19004,mar
mar,L1,19027,mar
mar,L1,19037,mar
mar,L1,19039,mar
mar,L1,19040,mar
mar,L1,19047,mar
mar,L1,19068,mar
mar,L1,19075,mar
mar,L1,19092,mar
mar,L1,19129,mar
mar,L1,19136,mar
mar,L1,19137,mar
mar,L1,19138,mar
mar,L1,19140,mar
mar,L1,19178,mar
mar,L1,19196,mar
mar,L1,19211,mar
mar,L1,19221,mar
mar,L1,19236,mar
mar,L1,19242,mar
mar,L1,19245,mar
mar,L1,19253,mar
mar,L1,19264,mar
mar,L1,19269,mar
mar,L1,19307,mar
mar,L1,19339,mar
mar,L1,19347,mar
mar,L1,19364,mar
mar,L1,19382,mar
mar,L1,19417,mar
mar,L1,19425,mar
mar,L1,19443,mar
mar,L1,19448,mar
mar,L1,19462,mar
mar,L1,19480,mar
mar,L1,19506,mar
mar,L1,19507,mar
mar,L1,19510,mar
mar,L1,19520,mar
mar,L1,19533,mar
mar,L1,19546,mar
mar,L1,19583,mar
mar,L1,19593,mar
mar,L1,19608,mar
mar,L1,19626,mar
mar,L1,19636,mar
mar,L1,19637,mar
mar,L1,19660,mar
mar,L1,19663,mar
mar,L1,19669,mar
mar,L1,19671,mar
mar,L1,19685,mar
mar,L1,19712,mar
mar,L1,19724,mar
mar,L1,19726,mar
mar,L1,19742,mar
mar,L1,19746,mar
mar,L1,19748,mar
mar,L1,19768,mar
mar,L1,19791,mar
mar,L1,19804,mar
mar,L1,19827,mar
mar,L1,19828,mar
mar,L1,19832,mar
mar,L1,19833,mar
mar,L1,19868,mar
mar,L1,19885,mar
mar,L1,19904,mar
mar,L1,19919,mar
mar,L1,19921,mar
mar,L1,19942,mar
mar,L1,19950,mar
mar,L1,19966,mar
mar,L1,19985,mar
mar,L1,19986,mar
mar,L1,19996,mar
mar,L1,20037,mar
mar,L1,20078,mar
mar,L1,20107,mar
mar,L1,20115,mar
mar,L1,20121,mar
mar,L1,20125,mar
mar,L1,20130,mar
mar,L1,20131,mar
mar,L1,20132,mar
mar,L1,20133,mar
mar,L1,20135,mar
mar,L1,20150,mar
mar,L1,20174,mar
mar,L1,20256,mar
mar,L1,20261,mar
mar,L1,20294,mar
mar,L1,20306,mar
mar,L1,20310,mar
mar,L1,20321,mar
mar,L1,20360,mar
mar,L1,20362,mar
mar,L1,20385,mar
mar,L1,20398,mar
mar,L1,20399,mar
mar,L1,20436,mar
mar,L1,20445,mar
mar,L1,20463,mar
mar,L1,20466,mar
mar,L1,20467,mar
mar,L1,20477,mar
mar,L1,20500,mar
mar,L1,20527,mar
mar,L1,20532,mar
mar,L1,20539,mar
mar,L1,20555,mar
mar,L1,20582,mar
mar,L1,20602,mar
mar,L1,20606,mar
mar,L1,20633,mar
mar,L1,20636,mar
mar,L1,20637,mar
mar,L1,20652,mar
mar,L1,20686,mar
mar,L1,20688,mar
mar,L1,20707,mar
mar,L1,20722,mar
mar,L1,20731,mar
mar,L1,20744,mar
mar,L1,20750,mar
mar,L1,20756,mar
mar,L1,20764,mar
mar,L1,20782,mar
mar,L1,20783,mar
mar,L1,20784,mar
mar,L1,20809,mar
mar,L1,20817,mar
mar,L1,20820,mar
mar,L1,20833,mar
mar,L1,20850,mar
mar,L1,20854,mar
mar,L1,20909,mar
mar,L1,20930,mar
mar,L1,20933,mar
mar,L1,20940,mar
mar,L1,20941,mar
mar,L1,20943,mar
mar,L1,20944,mar
mar,L1,20947,mar
mar,L1,20959,mar
mar,L1,20967,mar
mar,L1,21034,mar
mar,L1,21038,mar
mar,L1,21050,mar
mar,L1,21053,mar
mar,L1,21056,mar
mar,L1,21103,mar
mar,L1,21114,mar
mar,L1,21118,mar
mar,L1,21120,mar
mar,L1,21150,mar
mar,L1,21171,mar
mar,L1,21180,mar
mar,L1,21190,mar
mar,L1,21214,mar
mar,L1,21225,mar
mar,L1,21259,mar
mar,L1,21262,mar
mar,L1,21267,mar
mar,L1,21294,mar
mar,L1,21297,mar
mar,L1,21328,mar
mar,L1,21340,mar
mar,L1,21347,mar
mar,L1,21361,mar
mar,L1,21387,mar
mar,L1,21392,mar
mar,L1,21394,mar
mar,L1,21403,mar
mar,L1,21405,mar
mar,L1,21409,mar
mar,L1,21418,mar
mar,L1,21438,mar
mar,L1,21442,mar
mar,L1,21455,mar
mar,L1,21490,mar
mar,L1,21501,mar
mar,L1,21506,mar
mar,L1,21511,mar
mar,L1,21513,mar
mar,L1,21542,mar
mar,L1,21566,mar
mar,L1,21568,mar
mar,L1,21572,mar
mar,L1,21586,mar
mar,L1,21596,mar
mar,L1,21600,mar
mar,L1,21608,mar
mar,L1,21626,mar
mar,L1,21632,mar
mar,L1,21646,mar
mar,L1,21654,mar
mar,L1,21692,mar
mar,L1,21722,mar
mar,L1,21726,mar
mar,L1,21735,mar
mar,L1,21776,mar
mar,L1,21825,mar
mar,L1,21850,mar
mar,L1,21870,mar
mar,L1,21876,mar
mar,L1,21901,mar
mar,L1,21905,mar
mar,L1,21913,mar
mar,L1,21949,mar
mar,L1,21950,mar
mar,L1,21964,mar
mar,L1,21965,mar
mar,L1,21994,mar
mar,L1,22028,mar
mar,L1,22030,mar
mar,L1,22051,mar
mar,L1,22055,mar
mar,L1,22064,mar
mar,L1,22071,mar
mar,L1,22072,mar
mar,L1,22081,mar
mar,L1,22082,mar
mar,L1,22083,mar
mar,L1,22092,mar
mar,L1,22101,mar
mar,L1,22118,mar
mar,L1,22149,mar
mar,L1,22200,mar
mar,L1,22213,mar
mar,L1,22235,mar
mar,L1,22236,mar
mar,L1,22250,mar
mar,L1,22275,mar
mar,L1,22293,mar
mar,L1,22304,mar
mar,L1,22305,mar
mar,L1,22329,mar
mar,L1,22352,mar
mar,L1,22357,mar
mar,L1,22367,mar
mar,L1,22373,mar
mar,L1,22403,mar
mar,L1,22428,mar
mar,L1,22431,mar
mar,L1,22433,mar
mar,L1,22444,mar
mar,L1,22511,mar
mar,L1,22515,mar
mar,L1,22528,mar
mar,L1,22560,mar
mar,L1,22577,mar
mar,L1,22580,mar
mar,L1,22635,mar
mar,L1,22695,mar
mar,L1,22703,mar
mar,L1,22739,mar
mar,L1,22759,mar
mar,L1,22779,mar
mar,L1,22807,mar
mar,L1,22817,mar
mar,L1,22830,mar
mar,L1,22865,mar
mar,L1,22867,mar
mar,L1,22895,mar
mar,L1,22921,mar
mar,L1,22938,mar
mar,L1,22962,mar
mar,L1,22992,mar
mar,L1,23002,mar
mar,L1,23016,mar
mar,L1,23018,mar
mar,L1,23031,mar
mar,L1,23033,mar
mar,L1,23039,mar
mar,L1,23058,mar
mar,L1,23077,mar
mar,L1,23083,mar
mar,L1,23110,mar
mar,L1,23122,mar
mar,L1,23127,mar
mar,L1,23132,mar
mar,L1,23145,mar
mar,L1,23155,mar
mar,L1,23161,mar
mar,L1,23182,mar
mar,L1,23184,mar
mar,L1,23189,mar
mar,L1,23198,mar
mar,L1,23214,mar
mar,L1,23225,mar
mar,L1,23227,mar
mar,L1,23243,mar
mar,L1,23249,mar
mar,L1,23273,mar
mar,L1,23274,mar
mar,L1,23276,mar
mar,L1,23288,mar
mar,L1,23290,mar
mar,L1,23341,mar
mar,L1,23346,mar
mar,L1,23355,mar
mar,L1,23370,mar
mar,L1,23380,mar
mar,L1,23401,mar
mar,L1,23402,mar
mar,L1,23412,mar
mar,L1,23415,mar
mar,L1,23440,mar
mar,L1,23452,mar
mar,L1,23456,mar
mar,L1,23469,mar
mar,L1,23471,mar
mar,L1,23475,mar
mar,L1,23497,mar
mar,L1,23504,mar
mar,L1,23513,mar
mar,L1,23522,mar
mar,L1,23536,mar
mar,L1,23545,mar
mar,L1,23557,mar
mar,L1,23581,mar
mar,L1,23620,mar
mar,L1,23652,mar
mar,L1,23665,mar
mar,L1,23669,mar
mar,L1,23674,mar
mar,L1,23690,mar
mar,L1,23694,mar
mar,L1,23696,mar
mar,L1,23714,mar
mar,L1,23733,mar
mar,L1,23755,mar
mar,L1,23773,mar
mar,L1,23780,mar
mar,L1,23806,mar
mar,L1,23822,mar
mar,L1,23842,mar
mar,L1,23850,mar
mar,L1,23855,mar
mar,L1,23860,mar
mar,L1,23880,mar
mar,L1,23898,mar
mar,L1,23916,mar
mar,L1,23922,mar
mar,L1,23927,mar
mar,L1,23962,mar
mar,L1,23982,mar
mar,L1,23986,mar
mar,L1,23990,mar
mar,L1,24003,mar
mar,L1,24004,mar
mar,L1,24008,mar
mar,L1,24012,mar
mar,L1,24039,mar
mar,L1,24050,mar
mar,L1,24084,mar
mar,L1,24105,mar
mar,L1,24123,mar
mar,L1,24135,mar
mar,L1,24143,mar
mar,L1,24169,mar
mar,L1,24180,mar
mar,L1,24185,mar
mar,L1,24199,mar
mar,L1,24226,mar
mar,L1,24236,mar
mar,L1,24265,mar
mar,L1,24284,mar
mar,L1,24285,mar
mar,L1,24290,mar
mar,L1,24301,mar
mar,L1,24323,mar
mar,L1,24353,mar
mar,L1,24362,mar
mar,L1,24412,mar
mar,L1,24426,mar
mar,L1,24427,mar
mar,L1,24430,mar
mar,L1,24435,mar
mar,L1,24438,mar
mar,L1,24451,mar
mar,L1,24455,mar
mar,L1,24483,mar
mar,L1,24511,mar
mar,L1,24548,mar
mar,L1,24588,mar
mar,L1,24598,mar
mar,L1,24625,mar
mar,L1,24648,mar
mar,L1,24653,mar
mar,L1,24659,mar
mar,L1,24660,mar
mar,L1,24667,mar
mar,L1,24682,mar
mar,L1,24703,mar
mar,L1,24708,mar
mar,L1,24710,mar
mar,L1,24724,mar
mar,L1,24728,mar
mar,L1,24731,mar
mar,L1,24746,mar
mar,L1,24766,mar
mar,L1,24782,mar
mar,L1,24820,mar
mar,L1,24830,mar
mar,L1,24833,mar
mar,L1,24837,mar
mar,L1,24839,mar
mar,L1,24842,mar
mar,L1,24878,mar
mar,L1,24884,mar
mar,L1,24901,mar
mar,L1,24902,mar
mar,L1,24910,mar
mar,L1,24913,new
mar,L1,24944,mar
mar,L1,24953,mar
mar,L1,24979,mar
mar,L1,24983,mar
mar,L1,24990,mar
mar,L1,24994,mar
mar,L1,25033,mar
mar,L1,25040,mar
mar,L1,25051,mar
mar,L1,25060,mar
mar,L1,25091,mar
mar,L1,25093,mar
mar,L1,25118,mar
mar,L1,25130,mar
mar,L1,25140,mar
mar,L1,25155,mar
mar,L1,25206,mar
mar,L1,25215,mar
mar,L1,25221,mar
mar,L1,25233,mar
mar,L1,25243,mar
mar,L1,25257,mar
mar,L1,25264,mar
mar,L1,25291,mar
mar,L1,25297,mar
mar,L1,25302,mar
mar,L1,25329,mar
mar,L1,25352,mar
mar,L1,25366,mar
mar,L1,25375,mar
mar,L1,25459,mar
mar,L1,25486,mar
mar,L1,25487,mar
mar,L1,25494,mar
mar,L1,25501,mar
mar,L1,25523,mar
mar,L1,25540,mar
mar,L1,25543,mar
mar,L1,25544,mar
mar,L1,25552,mar
mar,L1,25563,mar
mar,L1,25595,mar
mar,L1,25605,mar
mar,L1,25606,mar
mar,L1,25612,mar
mar,L1,25613,mar
mar,L1,25614,mar
mar,L1,25625,mar
mar,L1,25675,mar
mar,L1,25686,mar
mar,L1,25703,mar
mar,L1,25722,mar
mar,L1,25724,mar
mar,L1,25743,mar
mar,L1,25744,mar
mar,L1,25747,mar
mar,L1,25761,mar
mar,L1,25764,mar
mar,L1,25765,mar
mar,L1,25769,mar
mar,L1,25798,mar
mar,L1,25801,mar
mar,L1,25806,mar
mar,L1,25812,mar
mar,L1,25821,mar
mar,L1,25823,mar
mar,L1,25828,mar
mar,L1,25838,mar
mar,L1,25855,mar
mar,L1,25859,mar
mar,L1,25887,mar
mar,L1,25893,mar
mar,L1,25916,mar
mar,L1,25924,mar
mar,L1,25928,mar
mar,L1,25954,mar
mar,L1,25980,mar
mar,L1,26005,mar
mar,L1,26019,mar
mar,L1,26020,mar
mar,L1,26024,mar
mar,L1,26045,mar
mar,L1,26049,mar
mar,L1,26055,mar
mar,L1,26104,mar
mar,L1,26118,mar
mar,L1,26122,mar
mar,L1,26130,mar
mar,L1,26131,mar
mar,L1,26142,mar
mar,L1,26189,mar
mar,L1,26198,mar
mar,L1,26208,mar
mar,L1,26234,mar
mar,L1,26240,mar
mar,L1,26244,mar
mar,L1,26245,mar
mar,L1,26255,mar
mar,L1,26300,mar
mar,L1,26321,mar
mar,L1,26325,mar
mar,L1,26378,mar
mar,L1,26399,mar
mar,L1,26411,mar
mar,L1,26452,mar
mar,L1,26461,mar
mar,L1,26473,mar
mar,L1,26487,mar
mar,L1,26498,mar
mar,L1,26515,mar
mar,L1,26522,mar
mar,L1,26575,mar
mar,L1,26602,mar
mar,L1,26605,mar
mar,L1,26614,mar
mar,L1,26629,mar
mar,L1,26654,mar
mar,L1,26672,mar
mar,L1,26700,mar
mar,L1,26705,mar
mar,L1,26709,mar
mar,L1,26717,mar
mar,L1,26726,mar
mar,L1,26754,mar
mar,L1,26765,mar
mar,L1,26770,mar
mar,L1,26808,mar
mar,L1,26829,mar
mar,L1,26873,mar
mar,L1,26896,mar
mar,L1,26901,mar
mar,L1,26947,mar
mar,L1,26958,mar
mar,L1,26960,mar
mar,L1,27009,mar
mar,L1,27017,mar
mar,L1,27060,mar
mar,L1,27061,mar
mar,L1,27077,mar
mar,L1,27081,mar
mar,L1,27093,mar
mar,L1,27104,mar
mar,L1,27121,mar
mar,L1,27140,mar
mar,L1,27145,mar
mar,L1,27169,mar
mar,L1,27182,mar
mar,L1,27186,mar
mar,L1,27193,mar
mar,L1,27203,mar
mar,L1,27207,mar
mar,L1,27223,mar
mar,L1,27228,mar
mar,L1,27242,mar
mar,L1,27252,mar
mar,L1,27255,mar
mar,L1,27265,mar
mar,L1,27269,mar
mar,L1,27274,mar
mar,L1,27285,mar
mar,L1,27312,mar
mar,L1,27316,mar
mar,L1,27319,mar
mar,L1,27349,mar
mar,L1,27350,mar
mar,L1,27352,mar
mar,L1,27360,mar
mar,L1,27377,mar
mar,L1,27380,mar
mar,L1,27394,mar
mar,L1,27422,mar
mar,L1,27438,mar
mar,L1,27447,mar
mar,L1,27473,mar
mar,L1,27483,mar
mar,L1,27528,mar
mar,L1,27538,mar
mar,L1,27545,mar
mar,L1,27547,hin
mar,L1,27565,mar
mar,L1,27570,mar
mar,L1,27582,mar
mar,L1,27618,mar
mar,L1,27671,mar
mar,L1,27684,mar
mar,L1,27688,mar
mar,L1,27700,mar
mar,L1,27707,mar
mar,L1,27710,mar
mar,L1,27713,mar
mar,L1,27737,mar
mar,L1,27741,mar
mar,L1,27780,mar
mar,L1,27786,mar
mar,L1,27787,mar
mar,L1,27804,mar
mar,L1,27816,mar
mar,L1,27826,mar
mar,L1,27837,mar
mar,L1,27853,mar
mar,L1,27860,mar
mar,L1,27879,mar
mar,L1,27892,mar
mar,L1,27907,mar
mar,L1,27917,mar
mar,L1,27918,mar
mar,L1,27921,mar
mar,L1,27924,mar
mar,L1,27926,mar
mar,L1,27940,mar
mar,L1,27948,mar
mar,L1,27975,mar
mar,L1,27987,mar
mar,L1,28070,mar
mar,L1,28083,mar
mar,L1,28104,mar
mar,L1,28135,mar
mar,L1,28149,mar
mar,L1,28164,mar
mar,L1,28170,mar
mar,L1,28237,mar
mar,L1,28256,mar
mar,L1,28276,mar
mar,L1,28278,mar
mar,L1,28286,mar
mar,L1,28294,mar
mar,L1,28346,mar
mar,L1,28379,mar
mar,L1,28381,mar
mar,L1,28387,mar
mar,L1,28433,mar
mar,L1,28442,mar
mar,L1,28462,mar
mar,L1,28480,mar
mar,L1,28490,mar
mar,L1,28536,mar
mar,L1,28537,mar
mar,L1,28553,mar
mar,L1,28628,mar
mar,L1,28630,mar
mar,L1,28638,mar
mar,L1,28639,mar
mar,L1,28640,mar
mar,L1,28651,mar
mar,L1,28665,mar
mar,L1,28669,mar
mar,L1,28676,mar
mar,L1,28683,mar
mar,L1,28698,mar
mar,L1,28715,mar
mar,L1,28717,mar
mar,L1,28723,mar
mar,L1,28736,mar
mar,L1,28745,mar
mar,L1,28754,mar
mar,L1,28811,mar
mar,L1,28821,mar
mar,L1,28822,mar
mar,L1,28823,mar
mar,L1,28829,mar
mar,L1,28831,mar
mar,L1,28854,mar
mar,L1,28873,mar
mar,L1,28894,mar
mar,L1,28921,mar
mar,L1,28936,mar
mar,L1,28944,mar
mar,L1,28950,mar
mar,L1,28978,mar
mar,L1,28986,mar
mar,L1,29007,mar
mar,L1,29022,mar
mar,L1,29035,mar
mar,L1,29048,mar
mar,L1,29052,mar
mar,L1,29068,mar
mar,L1,29076,mar
mar,L1,29103,mar
mar,L1,29156,mar
mar,L1,29219,mar
mar,L1,29303,mar
mar,L1,29317,mar
mar,L1,29352,mar
mar,L1,29362,mar
mar,L1,29377,mar
mar,L1,29388,mar
mar,L1,29447,mar
mar,L1,29450,mar
mar,L1,29453,mar
mar,L1,29455,mar
mar,L1,29466,mar
mar,L1,29476,mar
mar,L1,29490,mar
mar,L1,29493,mar
mar,L1,29495,mar
mar,L1,29553,mar
mar,L1,29562,mar
mar,L1,29571,mar
mar,L1,29588,mar
mar,L1,29594,mar
mar,L1,29611,mar
mar,L1,29619,mar
mar,L1,29658,mar
mar,L1,29728,mar
mar,L1,29731,mar
mar,L1,29767,mar
mar,L1,29770,mar
mar,L1,29785,mar
mar,L1,29787,mar
mar,L1,29792,mar
mar,L1,29794,mar
mar,L1,29804,mar
mar,L1,29809,mar
mar,L1,29897,mar
mar,L1,29927,mar
mar,L1,29936,mar
mar,L1,29955,mar
mar,L1,29956,mar
mar,L1,29986,mar
mar,L1,29993,mar
mar,L5,1,mar
mar,L5,2,mar
mar,L5,3,mar
mar,L5,4,mar
mar,L5,5,mar
mar,L5,6,mar
mar,L5,7,mar
mar,L5,8,mar
mar,L5,9,mar
mar,L5,10,mar
mar,L5,11,mar
mar,L5,12,mar
mar,L5,13,mar
mar,L5,14,mar
mar,L5,15,mar
mar,L5,16,mar
mar,L5,17,mar
mar,L5,18,mar
mar,L5,19,mar
mar,L5,20,mar
mar,L5,21,mar
mar,L5,22,mar
mar,L5,23,mar
mar,L5,24,mar
mar,L5,26,mar
mar,L5,27,mar
mar,L5,28,mar
mar,L5,29,mar
mar,L5,30,mar
mar,L5,31,mar
mar,L5,32,mar
mar,L5,33,mar
mar,L5,34,mar
mar,L5,35,mar
mar,L5,36,mar
mar,L5,37,mar
mar,L5,38,mar
mar,L5,39,mar
mar,L5,40,mar
mar,L5,42,mar
mar,L5,43,mar
mar,L5,44,mar
mar,L5,45,mar
mar,L5,46,mar
mar,L5,47,mar
mar,L5,48,mar
mar,L5,49,mar
mar,L5,50,mar
mar,L5,51,mar
mar,L5,52,mar
mar,L5,53,mar
mar,L5,54,mar
mar,L5,55,mar
mar,L5,56,mar
mar,L5,58,mar
mar,L5,59,mar
mar,L5,60,mar
mar,L5,61,mar
mar,L5,62,mar
mar,L5,63,mar
mar,L5,64,mar
mar,L5,65,mar
mar,L5,66,mar
mar,L5,67,mar
mar,L5,68,mar
mar,L5,69,mar
mar,L5,70,mar
mar,L5,71,mar
mar,L5,72,mar
mar,L5,73,mar
mar,L5,74,mar
mar,L5,76,mar
mar,L5,77,mar
mar,L5,78,mar
mar,L5,79,mar
mar,L5,80,mar
mar,L5,81,mar
mar,L5,82,mar
mar,L5,83,mar
mar,L5,84,mar
mar,L5,85,mar
mar,L5,86,mar
mar,L5,87,mar
mar,L5,88,mar
mar,L5,89,mar
mar,L5,90,mar
mar,L5,91,mar
mar,L5,92,mar
mar,L5,93,mar
mar,L5,94,mar
mar,L5,95,mar
mar,L5,96,mar
mar,L5,97,mar
mar,L5,98,mar
mar,L5,99,mar
mar,L5,100,mar
mar,L5,101,mar
mar,L5,102,mar
mar,L5,103,mar
mar,L5,104,mar
mar,L5,105,mar
mar,L5,106,mar
mar,L5,107,mar
mar,L5,108,mar
mar,L5,109,mar
mar,L5,110,mar
mar,L5,111,mar
mar,L5,112,mar
mar,L5,113,mar
mar,L5,114,mar
mar,L5,115,mar
mar,L5,116,mar
mar,L5,117,mar
mar,L5,118,mar
mar,L5,119,mar
mar,L5,120,mar
mar,L5,121,mar
mar,L5,122,mar
mar,L5,123,mar
mar,L5,124,mar
mar,L5,125,mar
mar,L5,126,mar
mar,L5,127,mar
mar,L5,128,mar
mar,L5,129,mar
mar,L5,130,mar
mar,L5,131,mar
mar,L5,132,mar
mar,L5,133,mar
mar,L5,134,mar
mar,L5,135,mar
mar,L5,136,mar
mar,L5,137,mar
mar,L5,139,mar
mar,L5,140,mar
mar,L5,141,mar
mar,L5,142,mar
mar,L5,143,mar
mar,L5,144,mar
mar,L5,145,mar
mar,L5,146,mar
mar,L5,147,mar
mar,L5,148,mar
mar,L5,149,mar
mar,L5,150,mar
mar,L5,151,mar
mar,L5,152,mar
mar,L5,153,mar
mar,L5,154,mar
mar,L5,155,mar
mar,L5,156,mar
mar,L5,158,mar
mar,L5,159,mar
mar,L5,160,mar
mar,L5,161,mar
mar,L5,162,mar
mar,L5,163,mar
mar,L5,164,mar
mar,L5,165,mar
mar,L5,166,mar
mar,L5,167,mar
mar,L5,168,mar
mar,L5,169,mar
mar,L5,170,mar
mar,L5,171,mar
mar,L5,172,mar
mar,L5,173,mar
mar,L5,174,mar
mar,L5,175,mar
mar,L5,176,mar
mar,L5,177,mar
mar,L5,178,mar
mar,L5,179,mar
mar,L5,180,mar
mar,L5,181,mar
mar,L5,182,mar
mar,L5,183,mar
mar,L5,184,mar
mar,L5,185,mar
mar,L5,186,mar
mar,L5,187,mar
mar,L5,188,mar
mar,L5,189,mar
mar,L5,190,mar
mar,L5,191,mar
mar,L5,192,mar
mar,L5,193,mar
mar,L5,194,mar
mar,L5,195,mar
mar,L5,196,mar
mar,L5,197,mar
mar,L5,198,mar
mar,L5,199,mar
mar,L5,200,mar
mar,L5,201,mar
mar,L5,202,mar
mar,L5,203,mar
mar,L5,204,mar
mar,L5,205,mar
mar,L5,206,mar
mar,L5,207,mar
mar,L5,208,mar
mar,L5,209,mar
mar,L5,210,mar
mar,L5,211,mar
mar,L5,212,mar
mar,L5,213,mar
mar,L5,214,mar
mar,L5,215,mar
mar,L5,216,mar
mar,L5,217,mar
mar,L5,218,mar
mar,L5,219,mar
mar,L5,220,mar
mar,L5,221,mar
mar,L5,222,mar
mar,L5,223,mar
mar,L5,224,mar
mar,L5,226,mar
mar,L5,227,mar
mar,L5,228,mar
mar,L5,229,mar
mar,L5,230,mar
mar,L5,231,mar
mar,L5,232,mar
mar,L5,233,mar
mar,L5,234,mar
mar,L5,235,mar
mar,L5,236,mar
mar,L5,237,mar
mar,L5,238,mar
mar,L5,239,mar
mar,L5,240,mar
mar,L5,241,mar
mar,L5,242,mar
mar,L5,243,mar
mar,L5,244,mar
mar,L5,245,mar
mar,L5,246,mar
mar,L5,247,mar
mar,L5,248,mar
mar,L5,249,mar
mar,L5,250,mar
mar,L5,251,mar
mar,L5,252,mar
mar,L5,253,mar
mar,L5,254,mar
mar,L5,255,mar
mar,L5,256,mar
mar,L5,257,mar
mar,L5,258,mar
mar,L5,259,mar
mar,L5,260,mar
mar,L5,261,mar
mar,L5,262,mar
mar,L5,263,mar
mar,L5,264,mar
mar,L5,265,mar
mar,L5,266,mar
mar,L5,267,mar
mar,L5,268,mar
mar,L5,269,mar
mar,L5,270,mar
mar,L5,271,mar
mar,L5,272,mar
mar,L5,273,mar
mar,L5,274,mar
mar,L5,275,mar
mar,L5,276,mar
mar,L5,277,mar
mar,L5,278,mar
mar,L5,279,mar
mar,L5,280,mar
mar,L5,281,mar
mar,L5,282,mar
mar,L5,283,mar
mar,L5,284,mar
mar,L5,285,mar
mar,L5,286,mar
mar,L5,287,mar
mar,L5,288,mar
mar,L5,289,mar
mar,L5,290,mar
mar,L5,291,mar
mar,L5,292,mar
mar,L5,293,mar
mar,L5,294,mar
mar,L5,295,mar
mar,L5,296,mar
mar,L5,297,mar
mar,L5,298,mar
mar,L5,299,mar
mar,L5,300,mar
mar,L5,301,mar
mar,L5,302,mar
mar,L5,303,mar
mar,L5,304,mar
mar,L5,305,mar
mar,L5,306,mar
mar,L5,307,mar
mar,L5,308,mar
mar,L5,309,mar
mar,L5,310,mar
mar,L5,311,mar
mar,L5,312,mar
mar,L5,313,mar
mar,L5,314,mar
mar,L5,315,mar
mar,L5,316,mar
mar,L5,317,mar
mar,L5,318,mar
mar,L5,319,mar
mar,L5,320,mar
mar,L5,321,mar
mar,L5,322,mar
mar,L5,323,mar
mar,L5,324,mar
mar,L5,325,mar
mar,L5,326,mar
mar,L5,327,mar
mar,L5,328,mar
mar,L5,329,mar
mar,L5,330,mar
mar,L5,331,mar
mar,L5,332,mar
mar,L5,333,mar
mar,L5,334,mar
mar,L5,335,mar
mar,L5,336,mar
mar,L5,337,mar
mar,L5,338,mar
mar,L5,339,mar
mar,L5,340,mar
mar,L5,341,mar
mar,L5,342,mar
mar,L5,343,mar
mar,L5,344,mar
mar,L5,345,mar
mar,L5,346,mar
mar,L5,347,mar
mar,L5,348,mar
mar,L5,349,mar
mar,L5,350,mar
mar,L5,351,mar
mar,L5,353,mar
mar,L5,354,mar
mar,L5,355,mar
mar,L5,356,mar
mar,L5,357,mar
mar,L5,358,mar
mar,L5,359,mar
mar,L5,360,mar
mar,L5,361,mar
mar,L5,362,mar
mar,L5,363,mar
mar,L5,364,mar
mar,L5,365,mar
mar,L5,366,mar
mar,L5,367,mar
mar,L5,368,mar
mar,L5,369,mar
mar,L5,370,mar
mar,L5,371,mar
mar,L5,372,mar
mar,L5,373,mar
mar,L5,374,mar
mar,L5,375,mar
mar,L5,376,mar
mar,L5,377,mar
mar,L5,378,mar
mar,L5,379,mar
mar,L5,380,mar
mar,L5,381,mar
mar,L5,382,mar
mar,L5,383,mar
mar,L5,384,mar
mar,L5,385,mar
mar,L5,386,mar
mar,L5,387,mar
mar,L5,388,mar
mar,L5,389,mar
mar,L5,390,mar
mar,L5,391,mar
mar,L5,392,mar
mar,L5,393,mar
mar,L5,394,mar
mar,L5,395,mar
mar,L5,396,mar
mar,L5,398,mar
mar,L5,399,mar
mar,L5,400,mar
mar,L5,401,mar
mar,L5,402,mar
mar,L5,403,mar
mar,L5,404,mar
mar,L5,405,mar
mar,L5,406,mar
mar,L5,407,mar
mar,L5,408,mar
mar,L5,409,mar
mar,L5,410,mar
mar,L5,411,mar
mar,L5,412,mar
mar,L5,413,mar
mar,L5,414,mar
mar,L5,415,mar
mar,L5,416,mar
mar,L5,417,mar
mar,L5,418,mar
mar,L5,419,mar
mar,L5,420,mar
mar,L5,421,mar
mar,L5,422,mar
mar,L5,423,mar
mar,L5,424,mar
mar,L5,425,mar
mar,L5,426,mar
mar,L5,427,mar
mar,L5,428,mar
mar,L5,429,mar
mar,L5,430,mar
mar,L5,431,mar
mar,L5,432,mar
mar,L5,433,mar
mar,L5,434,mar
mar,L5,435,mar
mar,L5,436,mar
mar,L5,437,mar
mar,L5,438,mar
mar,L5,439,mar
mar,L5,440,mar
mar,L5,441,mar
mar,L5,442,mar
mar,L5,443,mar
mar,L5,444,mar
mar,L5,445,mar
mar,L5,446,mar
mar,L5,447,mar
mar,L5,448,mar
mar,L5,449,mar
mar,L5,450,mar
mar,L5,451,mar
mar,L5,452,mar
mar,L5,453,mar
mar,L5,454,mar
mar,L5,455,mar
mar,L5,456,mar
mar,L5,457,mar
mar,L5,458,mar
mar,L5,459,mar
mar,L5,460,mar
mar,L5,461,mar
mar,L5,462,mar
mar,L5,463,mar
mar,L5,464,mar
mar,L5,465,mar
mar,L5,466,mar
mar,L5,467,mar
mar,L5,468,mar
mar,L5,469,mar
mar,L5,470,mar
mar,L5,471,mar
mar,L5,472,mar
mar,L5,473,mar
mar,L5,474,mar
mar,L5,475,mar
mar,L5,476,mar
mar,L5,477,mar
mar,L5,478,mar
mar,L5,479,mar
mar,L5,480,mar
mar,L5,481,mar
mar,L5,482,mar
mar,L5,483,mar
mar,L5,484,mar
mar,L5,485,mar
mar,L5,486,mar
mar,L5,487,mar
mar,L5,488,mar
mar,L5,489,mar
mar,L5,490,mar
mar,L5,491,mar
mar,L5,492,mar
mar,L5,493,mar
mar,L5,494,mar
mar,L5,495,mar
mar,L5,496,mar
mar,L5,497,mar
mar,L5,498,mar
mar,L5,499,mar
mar,L5,500,mar
mar,L5,501,mar
mar,L5,502,mar
mar,L5,503,mar
mar,L5,504,mar
mar,L5,505,mar
mar,L5,506,mar
mar,L5,507,mar
mar,L5,508,mar
mar,L5,509,mar
mar,L5,510,mar
mar,L5,511,mar
mar,L5,512,mar
mar,L5,513,mar
mar,L5,514,mar
mar,L5,515,mar
mar,L5,516,mar
mar,L5,517,mar
mar,L5,518,mar
mar,L5,519,mar
mar,L5,520,mar
mar,L5,521,mar
mar,L5,522,mar
mar,L5,523,mar
mar,L5,524,mar
mar,L5,525,mar
mar,L5,526,mar
mar,L5,527,mar
mar,L5,528,mar
mar,L5,529,mar
mar,L5,530,mar
mar,L5,531,mar
mar,L5,532,mar
mar,L5,533,mar
mar,L5,534,mar
mar,L5,535,mar
mar,L5,536,mar
mar,L5,539,mar
mar,L5,540,mar
mar,L5,541,mar
mar,L5,543,mar
mar,L5,544,mar
mar,L5,545,mar
mar,L5,546,mar
mar,L5,547,mar
mar,L5,548,mar
mar,L5,549,mar
mar,L5,550,mar
mar,L5,551,mar
mar,L5,552,mar
mar,L5,553,mar
mar,L5,554,mar
mar,L5,555,mar
mar,L5,556,mar
mar,L5,557,mar
mar,L5,558,mar
mar,L5,559,mar
mar,L5,560,mar
mar,L5,561,mar
mar,L5,562,mar
mar,L5,563,mar
mar,L5,564,mar
mar,L5,565,mar
mar,L5,566,mar
mar,L5,567,mar
mar,L5,568,mar
mar,L5,569,mar
mar,L5,570,mar
mar,L5,571,mar
mar,L5,572,mar
mar,L5,573,mar
mar,L5,574,mar
mar,L5,575,mar
mar,L5,576,mar
mar,L5,577,mar
mar,L5,578,mar
mar,L5,579,mar
mar,L5,580,mar
mar,L5,581,mar
mar,L5,582,mar
mar,L5,583,mar
mar,L5,585,mar
mar,L5,586,mar
mar,L5,587,mar
mar,L5,588,mar
mar,L5,589,mar
mar,L5,590,mar
mar,L5,591,mar
mar,L5,592,mar
mar,L5,593,mar
mar,L5,594,mar
mar,L5,595,mar
mar,L5,596,mar
mar,L5,597,mar
mar,L5,598,mar
mar,L5,599,mar
mar,L5,600,mar
mar,L5,601,mar
mar,L5,602,mar
mar,L5,603,mar
mar,L5,604,mar
mar,L5,605,mar
mar,L5,606,mar
mar,L5,607,mar
mar,L5,608,mar
mar,L5,609,mar
mar,L5,610,mar
mar,L5,611,mar
mar,L5,612,mar
mar,L5,613,mar
mar,L5,614,mar
mar,L5,615,mar
mar,L5,616,mar
mar,L5,617,mar
mar,L5,618,mar
mar,L5,619,mar
mar,L5,620,mar
mar,L5,621,mar
mar,L5,622,mar
mar,L5,623,mar
mar,L5,624,mar
mar,L5,625,mar
mar,L5,626,mar
mar,L5,627,mar
mar,L5,628,mar
mar,L5,629,mar
mar,L5,630,mar
mar,L5,631,mar
mar,L5,632,mar
mar,L5,633,mar
mar,L5,634,mar
mar,L5,635,mar
mar,L5,636,mar
mar,L5,637,mar
mar,L5,638,mar
mar,L5,639,mar
mar,L5,640,mar
mar,L5,641,mar
mar,L5,642,mar
mar,L5,643,mar
mar,L5,644,mar
mar,L5,645,mar
mar,L5,646,mar
mar,L5,647,mar
mar,L5,648,mar
mar,L5,649,mar
mar,L5,650,mar
mar,L5,651,mar
mar,L5,652,mar
mar,L5,654,mar
mar,L5,655,mar
mar,L5,656,mar
mar,L5,657,mar
mar,L5,658,mar
mar,L5,659,mar
mar,L5,660,mar
mar,L5,661,mar
mar,L5,662,mar
mar,L5,663,mar
mar,L5,664,mar
mar,L5,665,mar
mar,L5,666,mar
mar,L5,667,mar
mar,L5,668,mar
mar,L5,669,mar
mar,L5,670,mar
mar,L5,671,mar
mar,L5,672,mar
mar,L5,673,mar
mar,L5,674,mar
mar,L5,675,mar
mar,L5,676,mar
mar,L5,677,mar
mar,L5,678,mar
mar,L5,679,mar
mar,L5,680,mar
mar,L5,681,mar
mar,L5,682,mar
mar,L5,683,mar
mar,L5,684,mar
mar,L5,685,mar
mar,L5,686,mar
mar,L5,687,mar
mar,L5,688,mar
mar,L5,689,mar
mar,L5,690,mar
mar,L5,691,mar
mar,L5,692,mar
mar,L5,693,mar
mar,L5,694,mar
mar,L5,695,mar
mar,L5,696,mar
mar,L5,697,mar
mar,L5,698,mar
mar,L5,699,mar
mar,L5,700,mar
mar,L5,701,mar
mar,L5,702,mar
mar,L5,703,mar
mar,L5,704,mar
mar,L5,705,mar
mar,L5,706,mar
mar,L5,707,mar
mar,L5,708,mar
mar,L5,709,mar
mar,L5,710,mar
mar,L5,711,mar
mar,L5,712,mar
mar,L5,714,mar
mar,L5,715,mar
mar,L5,717,mar
mar,L5,718,mar
mar,L5,719,mar
mar,L5,720,mar
mar,L5,721,mar
mar,L5,722,mar
mar,L5,723,mar
mar,L5,724,mar
mar,L5,725,mar
mar,L5,726,mar
mar,L5,727,mar
mar,L5,728,mar
mar,L5,729,mar
mar,L5,730,mar
mar,L5,731,mar
mar,L5,732,mar
mar,L5,733,mar
mar,L5,734,mar
mar,L5,735,mar
mar,L5,736,mar
mar,L5,737,mar
mar,L5,738,mar
mar,L5,739,mar
mar,L5,740,mar
mar,L5,741,mar
mar,L5,742,mar
mar,L5,743,mar
mar,L5,744,mar
mar,L5,745,mar
mar,L5,746,mar
mar,L5,747,mar
mar,L5,748,mar
mar,L5,749,mar
mar,L5,750,mar
mar,L5,751,mar
mar,L5,752,mar
mar,L5,753,mar
mar,L5,754,mar
mar,L5,755,mar
mar,L5,756,mar
mar,L5,757,mar
mar,L5,758,mar
mar,L5,759,mar
mar,L5,760,mar
mar,L5,761,mar
mar,L5,762,mar
mar,L5,763,mar
mar,L5,764,mar
mar,L5,765,mar
mar,L5,766,mar
mar,L5,767,mar
mar,L5,768,mar
mar,L5,769,mar
mar,L5,770,mar
mar,L5,771,mar
mar,L5,772,mar
mar,L5,773,mar
mar,L5,774,mar
mar,L5,775,mar
mar,L5,776,mar
mar,L5,777,mar
mar,L5,778,mar
mar,L5,779,mar
mar,L5,780,mar
mar,L5,781,mar
mar,L5,782,mar
mar,L5,784,mar
mar,L5,785,mar
mar,L5,786,mar
mar,L5,787,mar
mar,L5,788,mar
mar,L5,789,mar
mar,L5,790,mar
mar,L5,791,mar
mar,L5,792,mar
mar,L5,793,mar
mar,L5,794,mar
mar,L5,795,mar
mar,L5,796,mar
mar,L5,797,mar
mar,L5,798,mar
mar,L5,799,mar
mar,L5,800,mar
mar,L5,801,mar
mar,L5,802,mar
mar,L5,803,mar
mar,L5,804,mar
mar,L5,805,mar
mar,L5,806,mar
mar,L5,807,mar
mar,L5,808,mar
mar,L5,809,mar
mar,L5,810,mar
mar,L5,811,mar
mar,L5,812,mar
mar,L5,813,mar
mar,L5,814,mar
mar,L5,815,mar
mar,L5,816,mar
mar,L5,817,mar
mar,L5,818,mar
mar,L5,819,mar
mar,L5,820,mar
mar,L5,821,mar
mar,L5,822,mar
mar,L5,823,mar
mar,L5,824,mar
mar,L5,825,mar
mar,L5,826,mar
mar,L5,827,mar
mar,L5,828,mar
mar,L5,829,mar
mar,L5,830,mar
mar,L5,831,mar
mar,L5,832,mar
mar,L5,833,mar
mar,L5,834,mar
mar,L5,835,mar
mar,L5,836,mar
mar,L5,837,mar
mar,L5,838,mar
mar,L5,839,mar
mar,L5,840,mar
mar,L5,841,mar
mar,L5,842,mar
mar,L5,843,mar
mar,L5,844,mar
mar,L5,845,mar
mar,L5,846,mar
mar,L5,847,mar
mar,L5,848,mar
mar,L5,849,mar
mar,L5,850,mar
mar,L5,851,mar
mar,L5,852,mar
mar,L5,853,mar
mar,L5,854,mar
mar,L5,855,mar
mar,L5,856,mar
mar,L5,857,mar
mar,L5,858,mar
mar,L5,859,mar
mar,L5,860,mar
mar,L5,861,mar
mar,L5,862,mar
mar,L5,863,mar
mar,L5,864,mar
mar,L5,865,mar
mar,L5,866,mar
mar,L5,867,mar
mar,L5,868,mar
mar,L5,869,mar
mar,L5,870,mar
mar,L5,871,mar
mar,L5,872,mar
mar,L5,873,mar
mar,L5,874,mar
mar,L5,875,mar
mar,L5,876,mar
mar,L5,877,mar
mar,L5,878,mar
mar,L5,879,mar
mar,L5,880,mar
mar,L5,881,mar
mar,L5,882,mar
mar,L5,883,mar
mar,L5,884,mar
mar,L5,885,mar
mar,L5,886,mar
mar,L5,887,mar
mar,L5,888,mar
mar,L5,889,mar
mar,L5,890,mar
mar,L5,891,mar
mar,L5,892,mar
mar,L5,893,mar
mar,L5,894,mar
mar,L5,895,mar
mar,L5,896,mar
mar,L5,897,mar
mar,L5,898,mar
mar,L5,899,mar
mar,L5,900,mar
mar,L5,901,mar
mar,L5,902,mar
mar,L5,904,mar
mar,L5,905,mar
mar,L5,906,mar
mar,L5,907,mar
mar,L5,908,mar
mar,L5,909,mar
mar,L5,910,mar
mar,L5,911,mar
mar,L5,912,mar
mar,L5,913,mar
mar,L5,914,mar
mar,L5,915,mar
mar,L5,916,mar
mar,L5,917,mar
mar,L5,918,mar
mar,L5,919,mar
mar,L5,920,mar
mar,L5,921,mar
mar,L5,922,mar
mar,L5,923,mar
mar,L5,924,mar
mar,L5,925,mar
mar,L5,926,mar
mar,L5,927,mar
mar,L5,928,mar
mar,L5,929,mar
mar,L5,930,mar
mar,L5,931,mar
mar,L5,932,mar
mar,L5,933,mar
mar,L5,934,mar
mar,L5,935,mar
mar,L5,936,mar
mar,L5,938,mar
mar,L5,939,mar
mar,L5,940,mar
mar,L5,941,mar
mar,L5,942,mar
mar,L5,943,mar
mar,L5,944,mar
mar,L5,945,mar
mar,L5,946,mar
mar,L5,947,mar
mar,L5,948,mar
mar,L5,949,mar
mar,L5,950,mar
mar,L5,951,mar
mar,L5,952,mar
mar,L5,953,mar
mar,L5,954,mar
mar,L5,955,mar
mar,L5,956,mar
mar,L5,957,mar
mar,L5,958,mar
mar,L5,959,mar
mar,L5,960,mar
mar,L5,961,mar
mar,L5,962,mar
mar,L5,963,mar
mar,L5,964,mar
mar,L5,966,mar
mar,L5,967,mar
mar,L5,968,mar
mar,L5,969,mar
mar,L5,970,mar
mar,L5,971,mar
mar,L5,972,mar
mar,L5,973,mar
mar,L5,974,mar
mar,L5,975,mar
mar,L5,976,mar
mar,L5,977,mar
mar,L5,978,mar
mar,L5,979,mar
mar,L5,980,mar
mar,L5,981,mar
mar,L5,982,mar
mar,L5,983,mar
mar,L5,984,mar
mar,L5,985,mar
mar,L5,986,mar
mar,L5,987,mar
mar,L5,988,mar
mar,L5,989,mar
mar,L5,990,mar
mar,L5,991,mar
mar,L5,992,mar
mar,L5,993,mar
mar,L5,995,mar
mar,L5,996,mar
mar,L5,997,mar
mar,L5,998,mar
mar,L5,999,mar
mar,L5,1000,mar
mar,L5,1001,mar
mar,L5,1002,mar
mar,L5,1003,mar
mar,L5,1004,mar
mar,L5,1005,mar
mar,L5,1006,mar
mar,L5,1007,mar
mar,L5,1008,mar
mar,L5,1009,mar
mar,L5,1010,mar
mar,L5,1012,mar
mar,L5,1013,mar
mar,L5,1014,mar
mar,L5,1015,mar
mar,L5,1016,mar
mar,L5,1017,mar
mar,L5,1018,mar
mar,L5,1019,mar
mar,L5,1020,mar
mar,L5,1021,mar
mar,L5,1022,mar
mar,L5,1023,mar
mar,L5,1024,mar
mar,L5,1025,mar
mar,L5,1026,mar
mar,L5,1027,mar
mar,L5,1028,mar
mar,L5,1029,mar
mar,L5,1030,mar
mar,L5,1031,mar
mar,L5,1032,mar
mar,L5,1033,mar
mar,L5,1034,mar
mar,L5,1035,mar
mar,L5,1036,mar
mar,L5,1037,mar
mar,L5,1038,mar
mar,L5,1039,mar
mar,L5,1040,mar
mar,L5,1041,mar
mar,L5,1042,mar
mar,L5,1043,mar
mar,L5,1044,mar
mar,L5,1045,mar
mar,L5,1046,mar
mar,L5,1047,mar
mar,L5,1048,mar
mar,L5,1049,mar
mar,L5,1050,mar
mar,L5,1051,mar
mar,L5,1052,mar
mar,L5,1053,mar
mar,L5,1054,mar
mar,L5,1055,mar
mar,L5,1056,mar
mar,L5,1057,mar
mar,L5,1058,mar
mar,L5,1059,mar
mar,L5,1060,mar
mar,L5,1061,mar
mar,L5,1062,mar
mar,L5,1063,mar
mar,L5,1064,mar
mar,L5,1065,mar
mar,L5,1066,mar
mar,L5,1067,mar
mar,L5,1068,mar
mar,L5,1069,mar
mar,L5,1070,mar
mar,L5,1071,mar
mar,L5,1072,mar
mar,L5,1073,mar
mar,L5,1074,mar
mar,L5,1075,mar
mar,L5,1076,mar
mar,L5,1077,mar
mar,L5,1078,mar
mar,L5,1079,mar
mar,L5,1080,mar
mar,L5,1081,mar
mar,L5,1082,mar
mar,L5,1083,mar
mar,L5,1084,mar
mar,L5,1085,mar
mar,L5,1086,mar
mar,L5,1087,mar
mar,L5,1088,mar
mar,L5,1089,mar
mar,L5,1090,mar
mar,L5,1091,mar
mar,L5,1092,mar
mar,L5,1093,mar
mar,L5,1094,mar
mar,L5,1095,mar
mar,L5,1096,mar
mar,L5,1097,mar
mar,L5,1098,mar
mar,L5,1099,mar
mar,L5,1100,mar
mar,L5,1101,mar
mar,L5,1102,mar
mar,L5,1103,mar
mar,L5,1104,mar
mar,L5,1105,mar
mar,L5,1106,mar
mar,L5,1107,mar
mar,L5,1108,mar
mar,L5,1110,mar
mar,L5,1111,mar
mar,L5,1112,mar
mar,L5,1113,mar
mar,L5,1114,mar
mar,L5,1115,mar
mar,L5,1116,mar
mar,L5,1117,mar
mar,L5,1118,mar
mar,L5,1119,mar
mar,L5,1120,mar
mar,L5,1121,mar
mar,L5,1122,mar
mar,L5,1123,mar
mar,L5,1124,mar
mar,L5,1125,mar
mar,L5,1126,mar
mar,L5,1127,mar
mar,L5,1128,mar
mar,L5,1129,mar
mar,L5,1130,mar
mar,L5,1131,mar
mar,L5,1132,mar
mar,L5,1134,mar
mar,L5,1135,mar
mar,L5,1136,mar
mar,L5,1137,mar
mar,L5,1138,mar
mar,L5,1139,mar
mar,L5,1140,mar
mar,L5,1141,mar
mar,L5,1142,mar
mar,L5,1143,mar
mar,L5,1144,mar
mar,L5,1146,mar
mar,L5,1147,mar
mar,L5,1148,mar
mar,L5,1149,mar
mar,L5,1150,mar
mar,L5,1151,mar
mar,L5,1152,mar
mar,L5,1153,mar
mar,L5,1154,mar
mar,L5,1155,mar
san,L1,15,san
san,L1,17,san
san,L1,29,san
san,L1,35,san
san,L1,93,san
san,L1,100,san
san,L1,101,san
san,L1,107,san
san,L1,132,san
san,L1,162,san
san,L1,188,san
san,L1,206,san
san,L1,207,san
san,L1,215,san
san,L1,230,san
san,L1,247,san
san,L1,248,san
san,L1,274,san
san,L1,278,san
san,L1,288,san
san,L1,293,san
san,L1,305,san
san,L1,316,san
san,L1,323,san
san,L1,324,san
san,L1,342,san
san,L1,344,san
san,L1,359,san
san,L1,360,san
san,L1,374,san
san,L1,376,san
san,L1,384,san
san,L1,399,san
san,L1,421,san
san,L1,424,san
san,L1,432,san
san,L1,478,san
san,L1,485,san
san,L1,493,san
san,L1,516,san
san,L1,525,san
san,L1,543,san
san,L1,575,san
san,L1,633,san
san,L1,661,san
san,L1,679,san
san,L1,688,san
san,L1,690,san
san,L1,719,san
san,L1,732,san
san,L1,743,san
san,L1,755,san
san,L1,767,san
san,L1,770,san
san,L1,787,san
san,L1,793,san
san,L1,810,san
san,L1,820,san
san,L1,847,san
san,L1,880,san
san,L1,885,san
san,L1,908,san
san,L1,917,san
san,L1,931,san
san,L1,932,san
san,L1,938,san
san,L1,952,san
san,L1,985,san
san,L1,989,san
san,L1,1049,san
san,L1,1055,san
san,L1,1058,san
san,L1,1063,san
san,L1,1065,san
san,L1,1079,san
san,L1,1084,san
san,L1,1089,san
san,L1,1098,san
san,L1,1109,san
san,L1,1123,san
san,L1,1164,san
san,L1,1165,san
san,L1,1193,san
san,L1,1241,san
san,L1,1251,san
san,L1,1256,san
san,L1,1257,san
san,L1,1275,san
san,L1,1278,san
san,L1,1289,san
san,L1,1314,san
san,L1,1319,san
san,L1,1338,san
san,L1,1372,san
san,L1,1407,san
san,L1,1431,san
san,L1,1437,san
san,L1,1463,san
san,L1,1475,san
san,L1,1499,san
san,L1,1508,san
san,L1,1514,san
san,L1,1518,san
san,L1,1536,san
san,L1,1545,san
san,L1,1550,san
san,L1,1562,san
san,L1,1574,san
san,L1,1584,san
san,L1,1587,san
san,L1,1589,san
san,L1,1597,san
san,L1,1607,san
san,L1,1612,san
san,L1,1624,san
san,L1,1659,san
san,L1,1672,san
san,L1,1696,san
san,L1,1711,san
san,L1,1737,san
san,L1,1738,san
san,L1,1739,san
san,L1,1773,san
san,L1,1784,san
san,L1,1802,san
san,L1,1817,san
san,L1,1830,san
san,L1,1832,san
san,L1,1833,san
san,L1,1836,san
san,L1,1839,san
san,L1,1843,san
san,L1,1854,san
san,L1,1874,san
san,L1,1888,san
san,L1,1905,san
san,L1,1910,san
san,L1,1931,san
san,L1,1955,san
san,L1,1970,san
san,L1,2021,san
san,L1,2080,san
san,L1,2084,san
san,L1,2093,san
san,L1,2127,san
san,L1,2138,san
san,L1,2149,san
san,L1,2154,san
san,L1,2181,san
san,L1,2214,san
san,L1,2216,san
san,L1,2225,san
san,L1,2230,san
san,L1,2236,san
san,L1,2242,san
san,L1,2279,san
san,L1,2285,san
san,L1,2293,san
san,L1,2335,san
san,L1,2353,san
san,L1,2354,san
san,L1,2366,san
san,L1,2370,san
san,L1,2399,san
san,L1,2410,san
san,L1,2423,san
san,L1,2429,san
san,L1,2450,san
san,L1,2475,san
san,L1,2508,san
san,L1,2512,san
san,L1,2543,san
san,L1,2544,san
san,L1,2559,san
san,L1,2596,san
san,L1,2603,san
san,L1,2605,san
san,L1,2608,san
san,L1,2626,san
san,L1,2659,san
san,L1,2699,san
san,L1,2703,san
san,L1,2710,san
san,L1,2720,san
san,L1,2752,san
san,L1,2757,san
san,L1,2759,san
san,L1,2816,san
san,L1,2825,san
san,L1,2831,san
san,L1,2833,san
san,L1,2850,san
san,L1,2858,san
san,L1,2864,san
san,L1,2873,san
san,L1,2880,san
san,L1,2908,san
san,L1,2915,san
san,L1,2925,san
san,L1,2934,san
san,L1,2942,san
san,L1,2945,san
san,L1,2949,san
san,L1,2950,san
san,L1,2966,san
san,L1,2983,san
san,L1,3002,san
san,L1,3005,san
san,L1,3037,san
san,L1,3084,san
san,L1,3108,san
san,L1,3124,san
san,L1,3140,san
san,L1,3143,san
san,L1,3145,san
san,L1,3147,san
san,L1,3170,san
san,L1,3190,san
san,L1,3197,san
san,L1,3207,san
san,L1,3217,san
san,L1,3220,san
san,L1,3232,san
san,L1,3236,san
san,L1,3251,san
san,L1,3254,san
san,L1,3270,san
san,L1,3283,san
san,L1,3351,san
san,L1,3353,san
san,L1,3362,san
san,L1,3389,san
san,L1,3393,san
san,L1,3401,san
san,L1,3427,san
san,L1,3434,san
san,L1,3436,san
san,L1,3440,san
san,L1,3468,san
san,L1,3497,san
san,L1,3554,san
san,L1,3573,san
san,L1,3584,san
san,L1,3605,san
san,L1,3628,san
san,L1,3631,san
san,L1,3634,san
san,L1,3641,san
san,L1,3684,san
san,L1,3698,san
san,L1,3702,san
san,L1,3705,san
san,L1,3742,san
san,L1,3752,san
san,L1,3753,san
san,L1,3755,san
san,L1,3768,san
san,L1,3822,san
san,L1,3834,san
san,L1,3845,san
san,L1,3851,san
san,L1,3857,san
san,L1,3859,san
san,L1,3873,san
san,L1,3881,san
san,L1,3888,san
san,L1,3918,san
san,L1,3928,san
san,L1,3954,san
san,L1,3955,san
san,L1,3967,san
san,L1,3979,san
san,L1,3992,san
san,L1,4002,san
san,L1,4027,san
san,L1,4036,san
san,L1,4048,san
san,L1,4070,san
san,L1,4078,san
san,L1,4086,san
san,L1,4090,san
san,L1,4117,san
san,L1,4130,san
san,L1,4145,san
san,L1,4156,san
san,L1,4168,san
san,L1,4186,san
san,L1,4188,san
san,L1,4218,san
san,L1,4246,san
san,L1,4291,san
san,L1,4300,san
san,L1,4321,san
san,L1,4332,san
san,L1,4333,san
san,L1,4356,san
san,L1,4364,san
san,L1,4381,san
san,L1,4429,san
san,L1,4438,san
san,L1,4452,san
san,L1,4462,san
san,L1,4463,san
san,L1,4483,san
san,L1,4494,san
san,L1,4519,san
san,L1,4527,san
san,L1,4558,san
san,L1,4579,san
san,L1,4584,san
san,L1,4588,san
san,L1,4604,san
san,L1,4610,san
san,L1,4616,san
san,L1,4633,san
san,L1,4647,san
san,L1,4686,san
san,L1,4694,san
san,L1,4724,san
san,L1,4726,san
san,L1,4758,san
san,L1,4784,san
san,L1,4786,san
san,L1,4793,san
san,L1,4795,san
san,L1,4802,san
san,L1,4806,san
san,L1,4811,san
san,L1,4812,san
san,L1,4815,san
san,L1,4818,san
san,L1,4823,san
san,L1,4828,san
san,L1,4854,san
san,L1,4856,san
san,L1,4870,san
san,L1,4891,san
san,L1,4896,san
san,L1,4909,san
san,L1,4918,san
san,L1,4919,san
san,L1,4926,san
san,L1,4964,san
san,L1,4971,san
san,L1,4977,san
san,L1,4995,san
san,L1,5010,san
san,L1,5027,san
san,L1,5030,san
san,L1,5034,san
san,L1,5036,san
san,L1,5037,san
san,L1,5041,san
san,L1,5043,san
san,L1,5048,san
san,L1,5058,san
san,L1,5100,san
san,L1,5101,san
san,L1,5179,san
san,L1,5180,san
san,L1,5196,san
san,L1,5197,san
san,L1,5214,san
san,L1,5244,san
san,L1,5272,san
san,L1,5298,san
san,L1,5299,san
san,L1,5300,san
san,L1,5302,san
san,L1,5308,san
san,L1,5309,san
san,L1,5322,san
san,L1,5332,san
san,L1,5342,san
san,L1,5377,san
san,L1,5401,san
san,L1,5409,san
san,L1,5422,san
san,L1,5437,san
san,L1,5448,san
san,L1,5470,san
san,L1,5512,san
san,L1,5527,san
san,L1,5542,san
san,L1,5570,san
san,L1,5572,san
san,L1,5621,san
san,L1,5624,san
san,L1,5635,san
san,L1,5654,san
san,L1,5709,san
san,L1,5772,san
san,L1,5774,san
san,L1,5791,san
san,L1,5832,san
san,L1,5868,san
san,L1,5877,san
san,L1,5888,san
san,L1,5893,san
san,L1,5899,san
san,L1,5913,san
san,L1,5935,san
san,L1,5941,nep
san,L1,5967,san
san,L1,5983,san
san,L1,6006,san
san,L1,6009,san
san,L1,6037,san
san,L1,6079,san
san,L1,6090,san
san,L1,6107,san
san,L1,6118,san
san,L1,6124,san
san,L1,6132,san
san,L1,6147,san
san,L1,6148,san
san,L1,6170,san
san,L1,6230,san
san,L1,6252,san
san,L1,6324,san
san,L1,6373,san
san,L1,6380,san
san,L1,6405,san
san,L1,6422,san
san,L1,6430,san
san,L1,6432,san
san,L1,6435,san
san,L1,6437,san
san,L1,6457,san
san,L1,6462,san
san,L1,6506,san
san,L1,6517,san
san,L1,6571,san
san,L1,6586,san
san,L1,6609,san
san,L1,6632,san
san,L1,6650,san
san,L1,6663,san
san,L1,6669,san
san,L1,6680,san
san,L1,6689,san
san,L1,6690,san
san,L1,6712,san
san,L1,6718,san
san,L1,6722,san
san,L1,6751,san
san,L1,6754,san
san,L1,6765,san
san,L1,6771,san
san,L1,6788,san
san,L1,6793,san
san,L1,6811,san
san,L1,6833,san
san,L1,6840,san
san,L1,6846,san
san,L1,6860,san
san,L1,6863,san
san,L1,6903,san
san,L1,6912,san
san,L1,6956,san
san,L1,6979,san
san,L1,6980,san
san,L1,6995,san
san,L1,7029,san
san,L1,7050,san
san,L1,7066,san
san,L1,7071,san
san,L1,7088,san
san,L1,7089,san
san,L1,7096,san
san,L1,7101,san
san,L1,7105,san
san,L1,7139,san
san,L1,7164,san
san,L1,7166,san
san,L1,7170,san
san,L1,7181,san
san,L1,7196,san
san,L1,7203,san
san,L1,7213,san
san,L1,7241,san
san,L1,7260,san
san,L1,7271,san
san,L1,7277,san
san,L1,7285,san
san,L1,7292,san
san,L1,7307,san
san,L1,7319,san
san,L1,7322,san
san,L1,7324,san
san,L1,7341,san
san,L1,7367,san
san,L1,7394,san
san,L1,7417,san
san,L1,7423,san
san,L1,7424,san
san,L1,7443,san
san,L1,7449,san
san,L1,7485,san
san,L1,7536,san
san,L1,7556,san
san,L1,7561,san
san,L1,7581,san
san,L1,7585,san
san,L1,7589,san
san,L1,7591,san
san,L1,7606,san
san,L1,7614,san
san,L1,7627,san
san,L1,7669,san
san,L1,7690,san
san,L1,7707,san
san,L1,7727,san
san,L1,7743,san
san,L1,7799,san
san,L1,7815,san
san,L1,7827,san
san,L1,7835,san
san,L1,7851,san
san,L1,7856,san
san,L1,7872,san
san,L1,7877,san
san,L1,7885,san
san,L1,7890,san
san,L1,7999,san
san,L1,8003,san
san,L1,8017,san
san,L1,8023,san
san,L1,8029,san
san,L1,8043,san
san,L1,8052,san
san,L1,8063,san
san,L1,8068,san
san,L1,8126,san
san,L1,8135,san
san,L1,8143,san
san,L1,8152,san
san,L1,8176,san
san,L1,8189,san
san,L1,8222,san
san,L1,8239,san
san,L1,8240,san
san,L1,8241,san
san,L1,8245,san
san,L1,8304,san
san,L1,8315,san
san,L1,8329,san
san,L1,8348,san
san,L1,8364,san
san,L1,8369,san
san,L1,8378,san
san,L1,8379,san
san,L1,8432,san
san,L1,8436,san
san,L1,8454,san
san,L1,8476,san
san,L1,8479,san
san,L1,8488,san
san,L1,8517,san
san,L1,8524,san
san,L1,8535,san
san,L1,8536,san
san,L1,8561,san
san,L1,8595,san
san,L1,8599,san
san,L1,8609,san
san,L1,8707,san
san,L1,8709,san
san,L1,8723,san
san,L1,8735,san
san,L1,8769,san
san,L1,8779,san
san,L1,8783,san
san,L1,8786,san
san,L1,8806,san
san,L1,8815,san
san,L1,8833,san
san,L1,8850,san
san,L1,8851,san
san,L1,8862,san
san,L1,8881,san
san,L1,8883,san
san,L1,8886,san
san,L1,8901,san
san,L1,8916,san
san,L1,8919,san
san,L1,8930,san
san,L1,8936,san
san,L1,8945,san
san,L1,8978,san
san,L1,8987,san
san,L1,8989,san
san,L1,9028,san
san,L1,9041,san
san,L1,9061,san
san,L1,9068,san
san,L1,9077,san
san,L1,9091,san
san,L1,9099,san
san,L1,9101,san
san,L1,9115,san
san,L1,9121,san
san,L1,9182,san
san,L1,9199,san
san,L1,9221,san
san,L1,9225,san
san,L1,9233,san
san,L1,9239,san
san,L1,9242,san
san,L1,9246,san
san,L1,9252,san
san,L1,9270,san
san,L1,9290,san
san,L1,9339,san
san,L1,9357,san
san,L1,9370,san
san,L1,9404,san
san,L1,9454,san
san,L1,9503,san
san,L1,9524,san
san,L1,9539,san
san,L1,9544,san
san,L1,9547,san
san,L1,9587,san
san,L1,9637,san
san,L1,9638,san
san,L1,9657,san
san,L1,9691,san
san,L1,9736,san
san,L1,9739,san
san,L1,9754,san
san,L1,9758,san
san,L1,9790,san
san,L1,9802,san
san,L1,9833,san
san,L1,9848,san
san,L1,9863,san
san,L1,9874,san
san,L1,9881,san
san,L1,9891,san
san,L1,9922,san
san,L1,9927,san
san,L1,9934,san
san,L1,9944,san
san,L1,9946,san
san,L1,9952,san
san,L1,9955,san
san,L1,9987,san
san,L1,9988,san
san,L1,9990,san
san,L1,10008,san
san,L1,10015,san
san,L1,10050,san
san,L1,10072,san
san,L1,10077,san
san,L1,10087,san
san,L1,10095,san
san,L1,10108,san
san,L1,10140,san
san,L1,10141,san
san,L1,10156,san
san,L1,10157,san
san,L1,10174,san
san,L1,10183,san
san,L1,10195,san
san,L1,10208,san
san,L1,10209,san
san,L1,10213,san
san,L1,10220,san
san,L1,10267,san
san,L1,10271,san
san,L1,10278,san
san,L1,10288,san
san,L1,10304,san
san,L1,10319,san
san,L1,10328,san
san,L1,10333,san
san,L1,10352,san
san,L1,10357,san
san,L1,10369,san
san,L1,10370,san
san,L1,10393,san
san,L1,10396,san
san,L1,10400,san
san,L1,10427,san
san,L1,10440,san
san,L1,10463,san
san,L1,10487,san
san,L1,10489,san
san,L1,10502,san
san,L1,10508,san
san,L1,10520,san
san,L1,10527,san
san,L1,10544,san
san,L1,10555,san
san,L1,10560,san
san,L1,10583,san
san,L1,10584,san
san,L1,10592,san
san,L1,10638,san
san,L1,10640,san
san,L1,10644,san
san,L1,10649,san
san,L1,10651,san
san,L1,10653,san
san,L1,10658,san
san,L1,10666,san
san,L1,10692,san
san,L1,10699,san
san,L1,10702,san
san,L1,10704,san
san,L1,10706,san
san,L1,10708,san
san,L1,10713,san
san,L1,10822,san
san,L1,10849,san
san,L1,10883,san
san,L1,10886,san
san,L1,10954,san
san,L1,10995,san
san,L1,11029,san
san,L1,11072,san
san,L1,11123,san
san,L1,11142,san
san,L1,11160,san
san,L1,11167,san
san,L1,11172,san
san,L1,11179,san
san,L1,11180,san
san,L1,11182,san
san,L1,11185,san
san,L1,11198,san
san,L1,11200,san
san,L1,11209,san
san,L1,11225,san
san,L1,11226,san
san,L1,11242,san
san,L1,11262,san
san,L1,11267,san
san,L1,11280,san
san,L1,11304,san
san,L1,11382,san
san,L1,11393,san
san,L1,11399,san
san,L1,11419,san
san,L1,11431,san
san,L1,11434,san
san,L1,11439,san
san,L1,11448,san
san,L1,11455,san
san,L1,11501,awa
san,L1,11535,san
san,L1,11555,san
san,L1,11559,san
san,L1,11571,san
san,L1,11591,san
san,L1,11603,san
san,L1,11615,san
san,L1,11622,san
san,L1,11629,san
san,L1,11633,san
san,L1,11650,san
san,L1,11657,san
san,L1,11676,san
san,L1,11723,san
san,L1,11740,san
san,L1,11758,san
san,L1,11831,san
san,L1,11849,san
san,L1,11865,san
san,L1,11867,san
san,L1,11885,san
san,L1,11904,san
san,L1,11913,san
san,L1,11927,san
san,L1,11930,san
san,L1,11937,san
san,L1,11958,san
san,L1,11961,san
san,L1,11991,san
san,L1,12007,san
san,L1,12015,san
san,L1,12027,san
san,L1,12029,san
san,L1,12080,san
san,L1,12108,san
san,L1,12112,san
san,L1,12170,san
san,L1,12227,san
san,L1,12228,san
san,L1,12260,san
san,L1,12318,san
san,L1,12328,san
san,L1,12329,san
san,L1,12337,san
san,L1,12338,san
san,L1,12353,san
san,L1,12394,san
san,L1,12418,san
san,L1,12475,san
san,L1,12485,san
san,L1,12486,san
san,L1,12501,san
san,L1,12519,san
san,L1,12528,san
san,L1,12564,san
san,L1,12593,san
san,L1,12598,san
san,L1,12603,san
san,L1,12604,san
san,L1,12622,san
san,L1,12637,san
san,L1,12638,san
san,L1,12639,san
san,L1,12667,san
san,L1,12700,san
san,L1,12705,san
san,L1,12715,san
san,L1,12758,san
san,L1,12764,san
san,L1,12768,san
san,L1,12776,san
san,L1,12800,san
san,L1,12807,san
san,L1,12814,san
san,L1,12823,san
san,L1,12841,san
san,L1,12851,san
san,L1,12894,san
san,L1,12905,san
san,L1,12906,san
san,L1,12912,san
san,L1,12927,san
san,L1,12935,san
san,L1,12936,san
san,L1,12950,san
san,L1,12956,san
san,L1,12965,san
san,L1,12982,san
san,L1,13003,san
san,L1,13004,san
san,L1,13037,san
san,L1,13046,san
san,L1,13048,san
san,L1,13050,san
san,L1,13051,san
san,L1,13073,san
san,L1,13120,san
san,L1,13123,san
san,L1,13141,san
san,L1,13150,san
san,L1,13158,san
san,L1,13182,san
san,L1,13192,san
san,L1,13223,san
san,L1,13231,san
san,L1,13238,san
san,L1,13248,san
san,L1,13277,san
san,L1,13303,san
san,L1,13313,san
san,L1,13328,san
san,L1,13342,san
san,L1,13351,san
san,L1,13356,san
san,L1,13410,san
san,L1,13416,san
san,L1,13419,san
san,L1,13437,san
san,L1,13449,san
san,L1,13466,san
san,L1,13487,san
san,L1,13516,san
san,L1,13518,san
san,L1,13520,san
san,L1,13539,san
san,L1,13556,san
san,L1,13561,san
san,L1,13563,san
san,L1,13568,san
san,L1,13573,san
san,L1,13576,san
san,L1,13608,san
san,L1,13619,san
san,L1,13622,san
san,L1,13625,san
san,L1,13662,san
san,L1,13668,san
san,L1,13681,san
san,L1,13698,san
san,L1,13724,san
san,L1,13734,san
san,L1,13740,san
san,L1,13750,san
san,L1,13756,san
san,L1,13764,san
san,L1,13768,san
san,L1,13788,san
san,L1,13789,san
san,L1,13813,san
san,L1,13816,san
san,L1,13847,san
san,L1,13856,san
san,L1,13858,san
san,L1,13866,san
san,L1,13887,san
san,L1,13893,san
san,L1,13918,san
san,L1,13919,san
san,L1,13927,san
san,L1,13930,san
san,L1,13932,san
san,L1,13957,san
san,L1,13960,san
san,L1,13961,san
san,L1,13965,san
san,L1,13978,san
san,L1,13980,san
san,L1,14022,san
san,L1,14027,san
san,L1,14033,san
san,L1,14061,san
san,L1,14088,san
san,L1,14097,san
san,L1,14102,san
san,L1,14116,san
san,L1,14138,san
san,L1,14160,san
san,L1,14163,san
san,L1,14174,san
san,L1,14177,san
san,L1,14185,san
san,L1,14194,san
san,L1,14195,san
san,L1,14196,san
san,L1,14242,san
san,L1,14250,san
san,L1,14262,san
san,L1,14267,san
san,L1,14276,san
san,L1,14280,san
san,L1,14319,san
san,L1,14328,san
san,L1,14333,san
san,L1,14338,san
san,L1,14367,san
san,L1,14387,san
san,L1,14392,san
san,L1,14417,san
san,L1,14419,san
san,L1,14420,san
san,L1,14449,san
san,L1,14466,san
san,L1,14481,san
san,L1,14546,san
san,L1,14557,san
san,L1,14559,san
san,L1,14561,san
san,L1,14564,san
san,L1,14572,san
san,L1,14592,san
san,L1,14598,san
san,L1,14610,san
san,L1,14613,san
san,L1,14654,san
san,L1,14683,san
san,L1,14691,san
san,L1,14705,san
san,L1,14712,san
san,L1,14719,san
san,L1,14722,san
san,L1,14732,san
san,L1,14744,san
san,L1,14779,san
san,L1,14783,san
san,L1,14797,san
san,L1,14799,san
san,L1,14826,san
san,L1,14833,san
san,L1,14859,san
san,L1,14866,san
san,L1,14890,san
san,L1,14908,san
san,L1,14911,san
san,L1,14918,san
san,L1,14931,san
san,L1,14939,san
san,L1,14949,san
san,L1,14968,san
san,L1,14979,san
san,L1,14981,san
san,L1,14982,san
san,L1,15000,san
san,L1,15015,san
san,L1,15031,san
san,L1,15052,san
san,L1,15063,san
san,L1,15064,san
san,L1,15070,san
san,L1,15092,san
san,L1,15095,san
san,L1,15129,san
san,L1,15133,san
san,L1,15140,san
san,L1,15151,san
san,L1,15178,san
san,L1,15199,san
san,L1,15200,san
san,L1,15208,san
san,L1,15213,san
san,L1,15287,san
san,L1,15298,san
san,L1,15307,san
san,L1,15313,san
san,L1,15319,san
san,L1,15321,san
san,L1,15333,san
san,L1,15365,san
san,L1,15379,san
san,L1,15383,san
san,L1,15385,san
san,L1,15406,san
san,L1,15470,san
san,L1,15472,san
san,L1,15488,san
san,L1,15494,san
san,L1,15501,san
san,L1,15506,san
san,L1,15522,san
san,L1,15531,san
san,L1,15541,san
san,L1,15554,san
san,L1,15568,san
san,L1,15584,san
san,L1,15608,san
san,L1,15647,san
san,L1,15669,san
san,L1,15695,san
san,L1,15719,san
san,L1,15725,san
san,L1,15739,san
san,L1,15762,san
san,L1,15796,san
san,L1,15798,san
san,L1,15846,san
san,L1,15851,san
san,L1,15866,san
san,L1,15897,san
san,L1,15906,san
san,L1,15933,san
san,L1,15935,san
san,L1,16005,san
san,L1,16024,san
san,L1,16035,san
san,L1,16047,san
san,L1,16076,san
san,L1,16078,san
san,L1,16083,san
san,L1,16085,san
san,L1,16122,san
san,L1,16123,san
san,L1,16126,san
san,L1,16181,san
san,L1,16191,san
san,L1,16194,san
san,L1,16225,san
san,L1,16246,san
san,L1,16251,san
san,L1,16253,san
san,L1,16276,san
san,L1,16290,san
san,L1,16315,san
san,L1,16328,san
san,L1,16336,san
san,L1,16355,san
san,L1,16393,san
san,L1,16396,san
san,L1,16478,san
san,L1,16480,san
san,L1,16500,san
san,L1,16522,san
san,L1,16534,san
san,L1,16542,san
san,L1,16551,san
san,L1,16581,san
san,L1,16585,san
san,L1,16586,san
san,L1,16588,san
san,L1,16590,san
san,L1,16597,san
san,L1,16604,san
san,L1,16613,san
san,L1,16619,san
san,L1,16626,san
san,L1,16628,san
san,L1,16639,san
san,L1,16648,san
san,L1,16657,san
san,L1,16665,san
san,L1,16689,san
san,L1,16707,san
san,L1,16712,san
san,L1,16726,san
san,L1,16731,san
san,L1,16745,san
san,L1,16753,san
san,L1,16760,san
san,L1,16784,san
san,L1,16790,san
san,L1,16795,san
san,L1,16813,san
san,L1,16850,san
san,L1,16880,san
san,L1,16883,san
san,L1,16900,san
san,L1,16921,san
san,L1,16927,san
san,L1,16929,san
san,L1,16942,san
san,L1,16945,san
san,L1,16954,san
san,L1,16956,san
san,L1,16957,san
san,L1,16963,san
san,L1,16964,san
san,L1,17004,san
san,L1,17008,san
san,L1,17025,san
san,L1,17041,san
san,L1,17100,san
san,L1,17120,san
san,L1,17127,san
san,L1,17192,san
san,L1,17198,san
san,L1,17210,san
san,L1,17222,san
san,L1,17227,san
san,L1,17237,san
san,L1,17239,san
san,L1,17240,san
san,L1,17259,san
san,L1,17287,san
san,L1,17299,san
san,L1,17322,san
san,L1,17335,san
san,L1,17337,san
san,L1,17355,san
san,L1,17359,san
san,L1,17364,san
san,L1,17369,san
san,L1,17375,san
san,L1,17377,san
san,L1,17394,san
san,L1,17395,new
san,L1,17399,san
san,L1,17408,san
san,L1,17426,san
san,L1,17477,san
san,L1,17493,san
san,L1,17515,san
san,L1,17535,san
san,L1,17543,san
san,L1,17565,san
san,L1,17571,san
san,L1,17593,san
san,L1,17629,san
san,L1,17635,san
san,L1,17643,san
san,L1,17648,san
san,L1,17657,san
san,L1,17687,san
san,L1,17689,san
san,L1,17695,san
san,L1,17714,san
san,L1,17732,san
san,L1,17734,san
san,L1,17735,san
san,L1,17765,san
san,L1,17783,san
san,L1,17785,san
san,L1,17879,san
san,L1,17889,san
san,L1,17898,san
san,L1,17904,san
san,L1,17912,san
san,L1,17921,san
san,L1,17953,san
san,L1,17962,san
san,L1,17966,san
san,L1,17969,san
san,L1,17993,san
san,L1,18020,san
san,L1,18026,san
san,L1,18043,san
san,L1,18045,san
san,L1,18064,san
san,L1,18077,san
san,L1,18132,san
san,L1,18151,san
san,L1,18156,san
san,L1,18194,san
san,L1,18196,san
san,L1,18218,san
san,L1,18237,san
san,L1,18281,san
san,L1,18312,san
san,L1,18326,san
san,L1,18335,san
san,L1,18349,san
san,L1,18352,san
san,L1,18356,san
san,L1,18368,san
san,L1,18381,san
san,L1,18393,san
san,L1,18397,san
san,L1,18414,san
san,L1,18489,san
san,L1,18492,san
san,L1,18497,san
san,L1,18503,san
san,L1,18504,san
san,L1,18514,san
san,L1,18535,san
san,L1,18537,san
san,L1,18540,san
san,L1,18547,san
san,L1,18575,san
san,L1,18576,san
san,L1,18579,san
san,L1,18594,san
san,L1,18617,san
san,L1,18618,san
san,L1,18632,san
san,L1,18633,san
san,L1,18640,san
san,L1,18664,san
san,L1,18665,san
san,L1,18667,san
san,L1,18675,san
san,L1,18676,san
san,L1,18678,san
san,L1,18683,san
san,L1,18687,san
san,L1,18697,san
san,L1,18730,san
san,L1,18735,san
san,L1,18743,san
san,L1,18796,san
san,L1,18815,san
san,L1,18816,san
san,L1,18821,san
san,L1,18832,san
san,L1,18834,san
san,L1,18837,san
san,L1,18840,san
san,L1,18842,san
san,L1,18854,san
san,L1,18897,san
san,L1,18898,san
san,L1,18942,san
san,L1,18951,san
san,L1,18953,san
san,L1,18960,san
san,L1,18973,san
san,L1,18992,san
san,L1,19002,san
san,L1,19012,san
san,L1,19013,san
san,L1,19030,san
san,L1,19044,san
san,L1,19096,san
san,L1,19105,san
san,L1,19117,san
san,L1,19123,san
san,L1,19128,san
san,L1,19147,san
san,L1,19163,san
san,L1,19171,san
san,L1,19175,san
san,L1,19202,san
san,L1,19221,san
san,L1,19256,san
san,L1,19278,san
san,L1,19283,san
san,L1,19307,san
san,L1,19309,san
san,L1,19310,san
san,L1,19328,san
san,L1,19331,san
san,L1,19350,san
san,L1,19370,san
san,L1,19380,san
san,L1,19407,san
san,L1,19423,san
san,L1,19424,san
san,L1,19435,san
san,L1,19460,san
san,L1,19470,san
san,L1,19474,san
san,L1,19477,san
san,L1,19489,san
san,L1,19493,san
san,L1,19505,san
san,L1,19551,san
san,L1,19585,san
san,L1,19614,san
san,L1,19615,san
san,L1,19616,san
san,L1,19650,san
san,L1,19653,san
san,L1,19659,san
san,L1,19663,san
san,L1,19674,san
san,L1,19690,san
san,L1,19705,san
san,L1,19712,san
san,L1,19713,san
san,L1,19720,san
san,L1,19726,san
san,L1,19741,san
san,L1,19765,san
san,L1,19805,san
san,L1,19817,san
san,L1,19823,san
san,L1,19827,san
san,L1,19850,san
san,L1,19886,san
san,L1,19913,san
san,L1,19943,san
san,L1,19992,san
san,L1,19994,san
san,L1,20019,san
san,L1,20035,san
san,L1,20052,san
san,L1,20067,san
san,L1,20071,san
san,L1,20113,san
san,L1,20116,san
san,L1,20124,san
san,L1,20142,san
san,L1,20144,san
san,L1,20148,san
san,L1,20154,san
san,L1,20163,san
san,L1,20210,npi
san,L1,20229,san
san,L1,20249,san
san,L1,20255,san
san,L1,20261,san
san,L1,20292,san
san,L1,20299,san
san,L1,20329,san
san,L1,20335,san
san,L1,20395,san
san,L1,20411,san
san,L1,20417,san
san,L1,20474,san
san,L1,20478,san
san,L1,20493,san
san,L1,20499,san
san,L1,20508,san
san,L1,20517,san
san,L1,20521,san
san,L1,20541,san
san,L1,20550,san
san,L1,20558,san
san,L1,20576,san
san,L1,20578,san
san,L1,20632,san
san,L1,20657,san
san,L1,20672,san
san,L1,20684,san
san,L1,20707,san
san,L1,20726,san
san,L1,20736,san
san,L1,20737,san
san,L1,20750,san
san,L1,20767,san
san,L1,20772,san
san,L1,20774,san
san,L1,20805,san
san,L1,20811,san
san,L1,20825,san
san,L1,20827,san
san,L1,20828,san
san,L1,20835,san
san,L1,20844,san
san,L1,20859,san
san,L1,20866,san
san,L1,20880,san
san,L1,20895,san
san,L1,20917,san
san,L1,20918,san
san,L1,20925,san
san,L1,20970,san
san,L1,20980,san
san,L1,20993,san
san,L1,21002,san
san,L1,21012,san
san,L1,21014,san
san,L1,21086,san
san,L1,21103,san
san,L1,21111,san
san,L1,21117,san
san,L1,21122,san
san,L1,21123,san
san,L1,21126,san
san,L1,21136,san
san,L1,21143,san
san,L1,21144,san
san,L1,21152,san
san,L1,21155,san
san,L1,21169,san
san,L1,21187,san
san,L1,21197,san
san,L1,21201,san
san,L1,21204,san
san,L1,21219,san
san,L1,21228,san
san,L1,21248,san
san,L1,21258,san
san,L1,21267,san
san,L1,21271,san
san,L1,21290,san
san,L1,21292,san
san,L1,21312,san
san,L1,21357,san
san,L1,21362,san
san,L1,21368,san
san,L1,21419,san
san,L1,21439,san
san,L1,21455,san
san,L1,21483,san
san,L1,21484,san
san,L1,21500,san
san,L1,21506,san
san,L1,21518,san
san,L1,21520,san
san,L1,21521,san
san,L1,21532,san
san,L1,21556,san
san,L1,21578,san
san,L1,21585,san
san,L1,21603,san
san,L1,21604,san
san,L1,21606,san
san,L1,21615,san
san,L1,21617,san
san,L1,21653,san
san,L1,21669,san
san,L1,21691,san
san,L1,21704,san
san,L1,21705,san
san,L1,21718,san
san,L1,21725,san
san,L1,21737,san
san,L1,21753,san
san,L1,21758,san
san,L1,21773,san
san,L1,21776,san
san,L1,21789,san
san,L1,21799,san
san,L1,21803,san
san,L1,21813,san
san,L1,21816,san
san,L1,21819,san
san,L1,21827,san
san,L1,21834,san
san,L1,21840,san
san,L1,21898,san
san,L1,21905,san
san,L1,21951,san
san,L1,21956,san
san,L1,21996,san
san,L1,22001,san
san,L1,22031,san
san,L1,22089,san
san,L1,22096,san
san,L1,22099,san
san,L1,22102,san
san,L1,22109,san
san,L1,22132,san
san,L1,22134,san
san,L1,22138,san
san,L1,22147,san
san,L1,22151,san
san,L1,22157,san
san,L1,22189,san
san,L1,22202,san
san,L1,22206,san
san,L1,22226,san
san,L1,22231,san
san,L1,22247,san
san,L1,22251,san
san,L1,22269,san
san,L1,22278,san
san,L1,22297,san
san,L1,22299,san
san,L1,22321,san
san,L1,22379,san
san,L1,22392,san
san,L1,22449,san
san,L1,22469,san
san,L1,22499,san
san,L1,22530,san
san,L1,22552,san
san,L1,22555,san
san,L1,22562,san
san,L1,22570,san
san,L1,22584,san
san,L1,22592,san
san,L1,22674,san
san,L1,22700,san
san,L1,22712,san
san,L1,22713,san
san,L1,22734,san
san,L1,22794,san
san,L1,22798,san
san,L1,22820,san
san,L1,22822,san
san,L1,22830,san
san,L1,22850,san
san,L1,22876,san
san,L1,22912,san
san,L1,22937,san
san,L1,22945,san
san,L1,22948,san
san,L1,22953,san
san,L1,22972,san
san,L1,22988,san
san,L1,23014,san
san,L1,23023,san
san,L1,23041,san
san,L1,23048,san
san,L1,23073,san
san,L1,23088,san
san,L1,23105,san
san,L1,23131,san
san,L1,23152,san
san,L1,23160,san
san,L1,23164,san
san,L1,23168,san
san,L1,23186,san
san,L1,23202,san
san,L1,23227,san
san,L1,23295,san
san,L1,23314,san
san,L1,23330,san
san,L1,23348,san
san,L1,23382,san
san,L1,23393,san
san,L1,23423,san
san,L1,23428,san
san,L1,23430,san
san,L1,23442,san
san,L1,23446,san
san,L1,23450,san
san,L1,23467,san
san,L1,23470,san
san,L1,23485,san
san,L1,23496,san
san,L1,23502,san
san,L1,23526,san
san,L1,23537,san
san,L1,23544,san
san,L1,23579,san
san,L1,23596,san
san,L1,23618,san
san,L1,23664,san
san,L1,23665,san
san,L1,23719,san
san,L1,23734,san
san,L1,23753,san
san,L1,23756,san
san,L1,23759,san
san,L1,23783,san
san,L1,23809,san
san,L1,23822,san
san,L1,23828,san
san,L1,23829,san
san,L1,23851,san
san,L1,23890,san
san,L1,23926,san
san,L1,23927,san
san,L1,23936,san
san,L1,23938,san
san,L1,23945,san
san,L1,23957,san
san,L1,23959,san
san,L1,23978,san
san,L1,23979,san
san,L1,23994,san
san,L1,23998,san
san,L1,24010,san
san,L1,24011,san
san,L1,24034,san
san,L1,24041,san
san,L1,24046,san
san,L1,24051,san
san,L1,24059,san
san,L1,24066,san
san,L1,24100,san
san,L1,24126,san
san,L1,24134,san
san,L1,24147,san
san,L1,24150,san
san,L1,24157,san
san,L1,24173,san
san,L1,24176,san
san,L1,24182,san
san,L1,24192,san
san,L1,24223,san
san,L1,24240,san
san,L1,24270,san
san,L1,24281,san
san,L1,24313,san
san,L1,24314,san
san,L1,24321,san
san,L1,24326,san
san,L1,24343,san
san,L1,24353,san
san,L1,24358,san
san,L1,24366,san
san,L1,24405,san
san,L1,24422,san
san,L1,24451,san
san,L1,24455,san
san,L1,24477,san
san,L1,24496,san
san,L1,24502,san
san,L1,24519,san
san,L1,24522,san
san,L1,24532,san
san,L1,24534,san
san,L1,24535,san
san,L1,24558,san
san,L1,24563,san
san,L1,24579,san
san,L1,24593,san
san,L1,24601,san
san,L1,24649,san
san,L1,24650,san
san,L1,24672,san
san,L1,24678,san
san,L1,24684,san
san,L1,24710,san
san,L1,24724,san
san,L1,24737,san
san,L1,24738,san
san,L1,24762,san
san,L1,24776,san
san,L1,24793,san
san,L1,24812,san
san,L1,24813,san
san,L1,24821,san
san,L1,24825,san
san,L1,24836,san
san,L1,24837,san
san,L1,24843,san
san,L1,24844,san
san,L1,24863,san
san,L1,24871,san
san,L1,24876,san
san,L1,24878,san
san,L1,24925,san
san,L1,24930,san
san,L1,24967,san
san,L1,24978,san
san,L1,25024,san
san,L1,25030,san
san,L1,25042,san
san,L1,25077,san
san,L1,25097,san
san,L1,25127,san
san,L1,25132,san
san,L1,25165,san
san,L1,25172,san
san,L1,25177,san
san,L1,25189,san
san,L1,25242,san
san,L1,25251,san
san,L1,25253,san
san,L1,25264,san
san,L1,25266,san
san,L1,25275,san
san,L1,25333,san
san,L1,25334,san
san,L1,25344,san
san,L1,25346,san
san,L1,25356,san
san,L1,25357,san
san,L1,25358,san
san,L1,25369,san
san,L1,25438,san
san,L1,25454,san
san,L1,25477,san
san,L1,25494,san
san,L1,25509,san
san,L1,25518,san
san,L1,25524,san
san,L1,25565,san
san,L1,25582,san
san,L1,25614,san
san,L1,25620,san
san,L1,25637,san
san,L1,25662,san
san,L1,25676,san
san,L1,25679,san
san,L1,25685,san
san,L1,25689,san
san,L1,25714,san
san,L1,25715,san
san,L1,25746,san
san,L1,25783,san
san,L1,25787,san
san,L1,25813,san
san,L1,25823,san
san,L1,25856,san
san,L1,25885,san
san,L1,25888,san
san,L1,25894,san
san,L1,25898,san
san,L1,25908,san
san,L1,25933,san
san,L1,25948,san
san,L1,25968,san
san,L1,25980,san
san,L1,25981,san
san,L1,26033,san
san,L1,26103,san
san,L1,26105,san
san,L1,26106,san
san,L1,26113,san
san,L1,26114,san
san,L1,26125,san
san,L1,26148,san
san,L1,26150,san
san,L1,26157,san
san,L1,26164,san
san,L1,26170,san
san,L1,26181,san
san,L1,26186,san
san,L1,26199,san
san,L1,26202,san
san,L1,26236,san
san,L1,26260,san
san,L1,26272,san
san,L1,26308,san
san,L1,26348,san
san,L1,26352,san
san,L1,26360,san
san,L1,26391,san
san,L1,26400,san
san,L1,26415,san
san,L1,26417,san
san,L1,26425,san
san,L1,26446,san
san,L1,26487,san
san,L1,26494,san
san,L1,26495,san
san,L1,26503,san
san,L1,26549,san
san,L1,26554,san
san,L1,26606,san
san,L1,26608,san
san,L1,26611,san
san,L1,26617,san
san,L1,26618,san
san,L1,26631,san
san,L1,26635,san
san,L1,26648,san
san,L1,26660,san
san,L1,26673,san
san,L1,26677,san
san,L1,26678,san
san,L1,26727,san
san,L1,26732,san
san,L1,26733,san
san,L1,26736,san
san,L1,26743,san
san,L1,26777,san
san,L1,26805,san
san,L1,26806,san
san,L1,26809,san
san,L1,26815,san
san,L1,26843,san
san,L1,26847,san
san,L1,26852,san
san,L1,26859,san
san,L1,26875,san
san,L1,26876,san
san,L1,26881,san
san,L1,26892,san
san,L1,26907,san
san,L1,26940,san
san,L1,26945,san
san,L1,26963,san
san,L1,26986,san
san,L1,27009,san
san,L1,27010,san
san,L1,27033,san
san,L1,27035,san
san,L1,27037,san
san,L1,27043,san
san,L1,27044,san
san,L1,27055,san
san,L1,27062,san
san,L1,27074,san
san,L1,27101,san
san,L1,27102,san
san,L1,27107,san
san,L1,27133,san
san,L1,27145,san
san,L1,27152,san
san,L1,27160,san
san,L1,27202,san
san,L1,27205,san
san,L1,27225,san
san,L1,27274,san
san,L1,27280,san
san,L1,27310,san
san,L1,27322,san
san,L1,27323,san
san,L1,27325,san
san,L1,27333,san
san,L1,27343,san
san,L1,27349,san
san,L1,27366,san
san,L1,27369,san
san,L1,27412,san
san,L1,27418,san
san,L1,27445,san
san,L1,27448,san
san,L1,27462,san
san,L1,27464,san
san,L1,27468,san
san,L1,27487,san
san,L1,27489,san
san,L1,27513,san
san,L1,27515,san
san,L1,27586,san
san,L1,27601,san
san,L1,27636,san
san,L1,27638,san
san,L1,27640,san
san,L1,27642,san
san,L1,27646,san
san,L1,27652,san
san,L1,27668,san
san,L1,27676,san
san,L1,27678,san
san,L1,27690,san
san,L1,27701,san
san,L1,27719,san
san,L1,27724,san
san,L1,27730,san
san,L1,27800,san
san,L1,27830,san
san,L1,27840,san
san,L1,27855,san
san,L1,27875,san
san,L1,27879,san
san,L1,27898,san
san,L1,27932,san
san,L1,27937,san
san,L1,27942,san
san,L1,27943,san
san,L1,27960,san
san,L1,27986,san
san,L1,27989,san
san,L1,27990,san
san,L1,28039,san
san,L1,28047,san
san,L1,28067,san
san,L1,28068,san
san,L1,28081,san
san,L1,28097,san
san,L1,28112,san
san,L1,28122,san
san,L1,28132,san
san,L1,28187,san
san,L1,28219,san
san,L1,28229,san
san,L1,28233,san
san,L1,28264,san
san,L1,28296,san
san,L1,28357,san
san,L1,28364,san
san,L1,28371,san
san,L1,28395,san
san,L1,28438,san
san,L1,28443,san
san,L1,28449,san
san,L1,28456,san
san,L1,28515,san
san,L1,28534,san
san,L1,28536,san
san,L1,28555,san
san,L1,28557,san
san,L1,28579,san
san,L1,28609,san
san,L1,28621,san
san,L1,28639,san
san,L1,28644,san
san,L1,28665,san
san,L1,28676,san
san,L1,28684,san
san,L1,28700,san
san,L1,28731,san
san,L1,28763,san
san,L1,28783,san
san,L1,28787,san
san,L1,28799,san
san,L1,28805,san
san,L1,28810,san
san,L1,28887,san
san,L1,28904,san
san,L1,28909,san
san,L1,28911,san
san,L1,28915,san
san,L1,28932,san
san,L1,28953,san
san,L1,28957,san
san,L1,28962,san
san,L1,28968,san
san,L1,28975,san
san,L1,29043,san
san,L1,29049,san
san,L1,29070,san
san,L1,29079,san
san,L1,29081,san
san,L1,29111,san
san,L1,29123,san
san,L1,29128,san
san,L1,29136,san
san,L1,29172,san
san,L1,29185,san
san,L1,29207,san
san,L1,29214,san
san,L1,29228,san
san,L1,29239,san
san,L1,29265,san
san,L1,29268,san
san,L1,29274,san
san,L1,29275,san
san,L1,29282,san
san,L1,29302,san
san,L1,29311,san
san,L1,29325,san
san,L1,29342,san
san,L1,29353,san
san,L1,29397,san
san,L1,29399,san
san,L1,29407,san
san,L1,29418,san
san,L1,29444,san
san,L1,29451,san
san,L1,29453,san
san,L1,29465,san
san,L1,29473,san
san,L1,29511,san
san,L1,29517,san
san,L1,29523,san
san,L1,29527,san
san,L1,29535,san
san,L1,29573,san
san,L1,29580,san
san,L1,29594,san
san,L1,29601,san
san,L1,29603,san
san,L1,29623,san
san,L1,29646,san
san,L1,29717,san
san,L1,29722,san
san,L1,29726,san
san,L1,29727,san
san,L1,29728,san
san,L1,29733,san
san,L1,29736,san
san,L1,29740,san
san,L1,29756,san
san,L1,29772,san
san,L1,29786,san
san,L1,29793,san
san,L1,29802,san
san,L1,29823,san
san,L1,29831,san
san,L1,29856,hin
san,L1,29872,san
san,L1,29875,san
san,L1,29889,san
san,L1,29906,san
san,L1,29923,san
san,L1,29928,san
san,L1,29941,san
san,L1,29976,san
san,L1,29977,san
san,L1,29978,san
san,L1,29985,san
san,L1,29993,san
san,L5,1,san
san,L5,2,san
san,L5,3,san
san,L5,4,san
san,L5,5,san
san,L5,6,san
san,L5,7,san
san,L5,8,san
san,L5,9,san
san,L5,10,san
san,L5,11,san
san,L5,12,san
san,L5,13,san
san,L5,14,san
san,L5,15,san
san,L5,16,san
san,L5,17,san
san,L5,18,san
san,L5,19,san
san,L5,20,san
san,L5,21,san
san,L5,22,san
san,L5,23,san
san,L5,24,san
san,L5,25,san
san,L5,26,san
san,L5,27,san
san,L5,28,san
san,L5,29,san
san,L5,30,san
san,L5,31,san
san,L5,32,san
san,L5,33,san
san,L5,34,san
san,L5,36,san
san,L5,37,san
san,L5,38,san
san,L5,39,san
san,L5,40,san
san,L5,41,san
san,L5,42,san
san,L5,43,san
san,L5,44,san
san,L5,45,san
san,L5,46,san
san,L5,47,san
san,L5,48,san
san,L5,49,san
san,L5,50,san
san,L5,51,san
san,L5,52,san
san,L5,53,san
san,L5,54,san
san,L5,55,san
san,L5,56,san
san,L5,57,san
san,L5,58,san
san,L5,59,san
san,L5,60,san
san,L5,61,san
san,L5,62,san
san,L5,63,san
san,L5,64,san
san,L5,65,san
san,L5,66,san
san,L5,67,san
san,L5,68,san
san,L5,69,san
san,L5,70,san
san,L5,71,san
san,L5,72,san
san,L5,73,san
san,L5,74,san
san,L5,75,san
san,L5,76,san
san,L5,77,san
san,L5,78,san
san,L5,79,san
san,L5,80,san
san,L5,81,san
san,L5,82,san
san,L5,83,san
san,L5,84,san
san,L5,85,san
san,L5,86,san
san,L5,87,san
san,L5,88,san
san,L5,89,san
san,L5,90,san
san,L5,91,san
san,L5,92,san
san,L5,93,san
san,L5,94,san
san,L5,95,san
san,L5,96,san
san,L5,97,san
san,L5,98,san
san,L5,100,san
san,L5,101,san
san,L5,102,san
san,L5,103,san
san,L5,104,san
san,L5,105,san
san,L5,106,san
san,L5,107,san
san,L5,108,san
san,L5,109,san
san,L5,110,san
san,L5,111,san
san,L5,112,san
san,L5,113,san
san,L5,114,san
san,L5,115,san
san,L5,116,san
san,L5,117,san
san,L5,118,san
san,L5,119,san
san,L5,120,san
san,L5,121,san
san,L5,122,san
san,L5,123,san
san,L5,124,san
san,L5,125,san
san,L5,126,san
san,L5,127,san
san,L5,128,san
san,L5,129,san
san,L5,130,san
san,L5,131,san
san,L5,132,san
san,L5,133,san
san,L5,134,san
san,L5,135,san
san,L5,137,san
san,L5,138,san
san,L5,139,san
san,L5,140,san
san,L5,141,san
san,L5,142,san
san,L5,143,san
san,L5,144,san
san,L5,145,san
san,L5,146,san
san,L5,147,san
san,L5,148,san
san,L5,149,san
san,L5,150,san
san,L5,151,san
san,L5,152,san
san,L5,153,san
san,L5,154,san
san,L5,155,san
san,L5,156,san
san,L5,157,san
san,L5,158,san
san,L5,159,san
san,L5,160,san
san,L5,161,san
san,L5,162,san
san,L5,163,san
san,L5,164,san
san,L5,165,san
san,L5,166,san
san,L5,167,san
san,L5,168,san
san,L5,169,san
san,L5,170,san
san,L5,171,san
san,L5,172,san
san,L5,173,san
san,L5,174,san
san,L5,175,san
san,L5,176,san
san,L5,177,san
san,L5,178,san
san,L5,179,san
san,L5,180,san
san,L5,181,san
san,L5,182,san
san,L5,183,san
san,L5,184,san
san,L5,185,san
san,L5,186,san
san,L5,187,san
san,L5,188,san
san,L5,189,san
san,L5,190,san
san,L5,191,san
san,L5,192,san
san,L5,193,san
san,L5,194,san
san,L5,195,san
san,L5,196,san
san,L5,197,san
san,L5,198,san
san,L5,199,san
san,L5,200,san
san,L5,201,san
san,L5,202,san
san,L5,203,san
san,L5,204,san
san,L5,205,san
san,L5,206,san
san,L5,207,san
san,L5,208,san
san,L5,209,san
san,L5,210,san
san,L5,211,san
san,L5,212,san
san,L5,213,san
san,L5,214,san
san,L5,215,san
san,L5,216,san
san,L5,217,san
san,L5,218,san
san,L5,219,san
san,L5,220,san
san,L5,221,san
san,L5,222,san
san,L5,223,san
san,L5,224,san
san,L5,225,san
san,L5,226,san
san,L5,227,san
san,L5,228,san
san,L5,229,san
san,L5,230,san
san,L5,231,san
san,L5,232,san
san,L5,233,san
san,L5,234,san
san,L5,235,san
san,L5,236,san
san,L5,237,san
san,L5,238,san
san,L5,239,san
san,L5,240,san
san,L5,241,san
san,L5,242,san
san,L5,243,san
san,L5,244,san
san,L5,245,san
san,L5,246,san
san,L5,247,san
san,L5,248,san
san,L5,249,san
san,L5,250,san
san,L5,251,san
san,L5,252,san
san,L5,253,san
san,L5,254,san
san,L5,255,san
san,L5,256,san
san,L5,257,san
san,L5,258,san
san,L5,259,san
san,L5,260,san
san,L5,261,san
san,L5,262,san
san,L5,263,san
san,L5,264,san
san,L5,265,san
san,L5,266,san
san,L5,267,san
san,L5,268,san
san,L5,269,san
san,L5,270,san
san,L5,271,san
san,L5,272,san
san,L5,273,san
san,L5,274,san
san,L5,275,san
san,L5,276,san
san,L5,277,san
san,L5,278,san
san,L5,279,san
san,L5,280,san
san,L5,281,san
san,L5,282,san
san,L5,283,san
san,L5,284,san
san,L5,285,san
san,L5,286,san
san,L5,287,san
san,L5,288,san
san,L5,289,san
san,L5,290,san
san,L5,291,san
san,L5,292,san
san,L5,293,san
san,L5,294,san
san,L5,295,san
san,L5,296,san
san,L5,297,san
san,L5,298,san
san,L5,299,san
san,L5,300,san
san,L5,301,san
san,L5,302,san
san,L5,303,san
san,L5,304,san
san,L5,305,san
san,L5,306,san
san,L5,307,san
san,L5,308,san
san,L5,309,san
san,L5,310,san
san,L5,311,san
san,L5,312,san
san,L5,313,san
san,L5,314,san
san,L5,315,san
san,L5,316,san
san,L5,317,san
san,L5,318,san
san,L5,319,san
san,L5,320,san
san,L5,321,san
san,L5,322,san
san,L5,323,san
san,L5,324,san
san,L5,325,san
san,L5,326,san
san,L5,327,san
san,L5,328,san
san,L5,329,san
san,L5,330,san
san,L5,331,san
san,L5,332,san
san,L5,333,san
san,L5,334,san
san,L5,335,san
san,L5,336,san
san,L5,337,san
san,L5,338,san
san,L5,339,san
san,L5,340,san
san,L5,341,san
san,L5,342,san
san,L5,343,san
san,L5,344,san
san,L5,345,san
san,L5,346,san
san,L5,347,san
san,L5,348,san
san,L5,349,san
san,L5,350,san
san,L5,351,san
san,L5,352,san
san,L5,353,san
san,L5,354,san
san,L5,355,san
san,L5,356,san
san,L5,357,san
san,L5,358,san
san,L5,359,san
san,L5,360,san
san,L5,361,san
san,L5,362,san
san,L5,363,san
san,L5,364,san
san,L5,365,san
san,L5,366,san
san,L5,367,san
san,L5,368,san
san,L5,369,san
san,L5,370,san
san,L5,371,san
san,L5,372,san
san,L5,373,san
san,L5,374,san
san,L5,375,san
san,L5,376,san
san,L5,377,san
san,L5,378,san
san,L5,379,san
san,L5,380,san
san,L5,381,san
san,L5,382,san
san,L5,383,san
san,L5,384,san
san,L5,385,san
san,L5,386,san
san,L5,387,san
san,L5,388,san
san,L5,389,san
san,L5,390,san
san,L5,391,san
san,L5,392,san
san,L5,393,san
san,L5,394,san
san,L5,395,san
san,L5,396,san
san,L5,397,san
san,L5,398,san
san,L5,399,san
san,L5,400,san
san,L5,401,san
san,L5,402,san
san,L5,403,san
san,L5,404,san
san,L5,405,san
san,L5,406,san
san,L5,407,san
san,L5,408,san
san,L5,409,san
san,L5,410,san
san,L5,411,san
san,L5,412,san
san,L5,413,san
san,L5,414,san
san,L5,415,san
san,L5,416,san
san,L5,417,san
san,L5,418,san
san,L5,419,san
san,L5,420,san
san,L5,421,san
san,L5,422,san
san,L5,423,san
san,L5,424,san
san,L5,425,san
san,L5,426,san
san,L5,427,san
san,L5,428,san
san,L5,429,san
san,L5,430,san
san,L5,431,san
san,L5,432,san
san,L5,433,san
san,L5,434,san
san,L5,435,san
san,L5,436,san
san,L5,437,san
san,L5,438,san
san,L5,439,san
san,L5,440,san
san,L5,441,san
san,L5,442,san
san,L5,443,san
san,L5,444,san
san,L5,445,san
san,L5,446,san
san,L5,447,san
san,L5,448,san
san,L5,449,san
san,L5,450,san
san,L5,451,san
san,L5,452,san
san,L5,453,san
san,L5,454,san
san,L5,455,san
san,L5,456,san
san,L5,457,san
san,L5,458,san
san,L5,459,san
san,L5,460,san
san,L5,461,san
san,L5,462,san
san,L5,463,san
san,L5,464,san
san,L5,465,san
san,L5,466,san
san,L5,467,san
san,L5,468,san
san,L5,469,san
san,L5,470,san
san,L5,471,san
san,L5,472,san
san,L5,473,san
san,L5,474,san
san,L5,475,san
san,L5,476,san
san,L5,477,san
san,L5,479,san
san,L5,480,san
san,L5,481,san
san,L5,482,san
san,L5,483,san
san,L5,484,san
san,L5,485,san
san,L5,486,san
san,L5,487,san
san,L5,488,san
san,L5,489,san
san,L5,490,san
san,L5,491,san
san,L5,492,san
san,L5,493,san
san,L5,494,san
san,L5,495,san
san,L5,496,san
san,L5,497,san
san,L5,498,san
san,L5,499,san
san,L5,500,san
san,L5,501,san
san,L5,502,san
san,L5,503,san
san,L5,504,san
san,L5,505,san
san,L5,506,san
san,L5,507,san
san,L5,508,san
san,L5,509,san
san,L5,510,san
san,L5,511,san
san,L5,512,san
san,L5,513,san
san,L5,514,san
san,L5,515,san
san,L5,516,san
san,L5,517,san
san,L5,518,san
san,L5,519,san
san,L5,520,san
san,L5,521,san
san,L5,522,san
san,L5,523,san
san,L5,524,san
san,L5,525,san
san,L5,526,san
san,L5,527,san
san,L5,528,san
san,L5,529,san
san,L5,530,san
san,L5,531,san
san,L5,532,san
san,L5,533,san
san,L5,534,san
san,L5,535,san
san,L5,536,san
san,L5,537,san
san,L5,538,san
san,L5,539,san
san,L5,540,san
san,L5,541,san
san,L5,542,san
san,L5,543,san
san,L5,544,san
san,L5,545,san
san,L5,546,san
san,L5,547,san
san,L5,548,san
san,L5,549,san
san,L5,550,san
san,L5,551,san
san,L5,552,san
san,L5,553,san
san,L5,554,san
san,L5,555,san
san,L5,556,san
san,L5,557,san
san,L5,558,san
san,L5,559,san
san,L5,560,san
san,L5,561,san
san,L5,562,san
san,L5,563,san
san,L5,564,san
san,L5,565,san
san,L5,566,san
san,L5,567,san
san,L5,568,san
san,L5,569,san
san,L5,570,san
san,L5,571,san
san,L5,572,san
san,L5,573,san
san,L5,574,san
san,L5,575,san
san,L5,576,san
san,L5,577,san
san,L5,578,san
san,L5,579,san
san,L5,580,san
san,L5,581,san
san,L5,582,san
san,L5,583,san
san,L5,585,san
san,L5,586,san
san,L5,587,san
san,L5,588,san
san,L5,589,san
san,L5,590,san
san,L5,591,san
san,L5,592,san
san,L5,593,san
san,L5,594,san
san,L5,595,san
san,L5,596,san
san,L5,597,san
san,L5,598,san
san,L5,599,san
san,L5,600,san
san,L5,601,san
san,L5,602,san
san,L5,603,san
san,L5,604,san
san,L5,606,san
san,L5,607,san
san,L5,608,san
san,L5,609,san
san,L5,610,san
san,L5,611,san
san,L5,612,san
san,L5,613,san
san,L5,614,san
san,L5,615,san
san,L5,616,san
san,L5,617,san
san,L5,618,san
san,L5,619,san
san,L5,620,san
san,L5,621,san
san,L5,622,san
san,L5,623,san
san,L5,624,san
san,L5,625,san
san,L5,626,san
san,L5,627,san
san,L5,628,san
san,L5,629,san
san,L5,630,san
san,L5,631,san
san,L5,632,san
san,L5,633,san
san,L5,634,san
san,L5,635,san
san,L5,636,san
san,L5,637,san
san,L5,638,san
san,L5,639,san
san,L5,640,san
san,L5,641,san
san,L5,642,san
san,L5,643,san
san,L5,644,san
san,L5,645,san
san,L5,646,san
san,L5,647,san
san,L5,648,san
san,L5,649,san
san,L5,650,san
san,L5,651,san
san,L5,652,san
san,L5,653,san
san,L5,654,san
san,L5,655,san
san,L5,656,san
san,L5,657,san
san,L5,658,san
san,L5,659,san
san,L5,660,san
san,L5,661,san
san,L5,662,san
san,L5,663,san
san,L5,664,san
san,L5,665,san
san,L5,667,san
san,L5,668,san
san,L5,669,san
san,L5,670,san
san,L5,671,san
san,L5,672,san
san,L5,673,san
san,L5,674,san
san,L5,675,san
san,L5,676,san
san,L5,677,san
san,L5,678,san
san,L5,679,san
san,L5,680,san
san,L5,681,san
san,L5,682,san
san,L5,683,san
san,L5,684,san
san,L5,685,san
san,L5,686,san
san,L5,687,san
san,L5,688,san
san,L5,689,san
san,L5,690,san
san,L5,691,san
san,L5,692,san
san,L5,693,san
san,L5,694,san
san,L5,695,san
san,L5,697,san
san,L5,698,san
san,L5,699,san
san,L5,700,san
san,L5,701,san
san,L5,702,san
san,L5,703,san
san,L5,704,san
san,L5,705,san
san,L5,706,san
san,L5,707,san
san,L5,708,san
san,L5,709,san
san,L5,710,san
san,L5,711,san
san,L5,712,san
san,L5,713,san
san,L5,714,san
san,L5,715,san
san,L5,716,san
san,L5,717,san
san,L5,719,san
san,L5,720,san
san,L5,721,san
san,L5,722,san
san,L5,723,san
san,L5,724,san
san,L5,725,san
san,L5,726,san
san,L5,727,san
san,L5,728,san
san,L5,729,san
san,L5,730,san
san,L5,731,san
san,L5,732,san
san,L5,733,san
san,L5,734,san
san,L5,735,san
san,L5,736,san
san,L5,737,san
san,L5,738,san
san,L5,739,san
san,L5,740,san
san,L5,741,san
san,L5,742,san
san,L5,743,san
san,L5,744,san
san,L5,745,san
san,L5,746,san
san,L5,747,san
san,L5,748,san
san,L5,749,san
san,L5,750,san
san,L5,751,san
san,L5,752,san
san,L5,753,san
san,L5,754,san
san,L5,755,san
san,L5,756,san
san,L5,757,san
san,L5,758,san
san,L5,759,san
san,L5,760,san
san,L5,761,san
san,L5,762,san
san,L5,763,san
san,L5,764,san
san,L5,765,san
san,L5,766,san
san,L5,767,san
san,L5,768,san
san,L5,769,san
san,L5,770,san
san,L5,771,san
san,L5,772,san
san,L5,773,san
san,L5,774,san
san,L5,775,san
san,L5,776,san
san,L5,777,san
san,L5,778,san
san,L5,779,san
san,L5,780,san
san,L5,781,san
san,L5,782,san
san,L5,783,san
san,L5,784,san
san,L5,785,san
san,L5,786,san
san,L5,787,san
san,L5,788,san
san,L5,789,san
san,L5,790,san
san,L5,791,san
san,L5,792,san
san,L5,793,san
san,L5,794,san
san,L5,795,san
san,L5,796,san
san,L5,797,san
san,L5,798,san
san,L5,799,san
san,L5,800,san
san,L5,801,san
san,L5,802,san
san,L5,803,san
san,L5,804,san
san,L5,805,san
san,L5,806,san
san,L5,807,san
san,L5,808,san
san,L5,809,san
san,L5,810,san
san,L5,811,san
san,L5,813,san
san,L5,814,san
san,L5,815,san
san,L5,816,san
san,L5,817,san
san,L5,818,san
san,L5,819,san
san,L5,820,san
san,L5,822,san
san,L5,823,san
san,L5,824,san
san,L5,825,san
san,L5,826,san
san,L5,827,san
san,L5,828,san
san,L5,829,san
san,L5,830,san
san,L5,831,san
san,L5,832,san
san,L5,833,san
san,L5,834,san
san,L5,835,san
san,L5,836,san
san,L5,837,san
san,L5,838,san
san,L5,839,san
san,L5,840,san
san,L5,841,san
san,L5,842,san
san,L5,843,san
san,L5,844,san
san,L5,845,san
san,L5,846,san
san,L5,847,san
san,L5,848,san
san,L5,849,san
san,L5,850,san
san,L5,851,san
san,L5,852,san
san,L5,853,san
san,L5,854,san
san,L5,855,san
san,L5,856,san
san,L5,857,san
san,L5,858,san
san,L5,859,san
san,L5,860,san
san,L5,861,san
san,L5,862,san
san,L5,863,san
san,L5,864,san
san,L5,865,san
san,L5,866,san
san,L5,867,san
san,L5,868,san
san,L5,869,san
san,L5,870,san
san,L5,871,san
san,L5,872,san
san,L5,873,san
san,L5,874,san
san,L5,875,san
san,L5,876,san
san,L5,877,san
san,L5,878,san
san,L5,879,san
san,L5,880,san
san,L5,881,san
san,L5,882,san
san,L5,883,san
san,L5,884,san
san,L5,885,san
san,L5,886,san
san,L5,887,san
san,L5,888,san
san,L5,889,san
san,L5,890,san
san,L5,891,san
san,L5,892,san
san,L5,893,san
san,L5,894,san
san,L5,895,san
san,L5,896,san
san,L5,897,san
san,L5,898,san
san,L5,899,san
san,L5,900,san
san,L5,901,san
san,L5,902,san
san,L5,903,san
san,L5,904,san
san,L5,905,san
san,L5,906,san
san,L5,907,san
san,L5,908,san
san,L5,909,san
san,L5,910,san
san,L5,911,san
san,L5,912,san
san,L5,913,san
san,L5,914,san
san,L5,915,san
san,L5,917,san
san,L5,918,san
san,L5,919,san
san,L5,920,san
san,L5,921,san
san,L5,922,san
san,L5,923,san
san,L5,924,san
san,L5,925,san
san,L5,926,san
san,L5,927,san
san,L5,928,san
san,L5,929,san
san,L5,930,san
san,L5,931,san
san,L5,932,san
san,L5,933,san
san,L5,934,san
san,L5,935,san
san,L5,936,san
san,L5,937,san
san,L5,938,san
san,L5,939,san
san,L5,940,san
san,L5,941,san
san,L5,942,san
san,L5,943,san
san,L5,944,san
san,L5,945,san
san,L5,946,san
san,L5,947,san
san,L5,948,san
san,L5,949,san
san,L5,950,san
san,L5,951,san
san,L5,952,san
san,L5,953,san
san,L5,954,san
san,L5,955,san
san,L5,956,san
san,L5,957,san
san,L5,958,san
san,L5,959,san
san,L5,960,san
san,L5,961,san
san,L5,962,san
san,L5,963,san
san,L5,964,san
san,L5,965,san
san,L5,966,san
san,L5,967,san
san,L5,968,san
san,L5,969,san
san,L5,970,san
san,L5,971,san
san,L5,972,san
san,L5,973,san
san,L5,974,san
san,L5,975,san
san,L5,976,san
san,L5,977,san
san,L5,978,san
san,L5,979,san
san,L5,980,san
san,L5,981,san
san,L5,982,san
san,L5,983,san
san,L5,984,san
san,L5,985,san
san,L5,986,san
san,L5,987,san
san,L5,988,san
san,L5,989,san
san,L5,990,san
san,L5,991,san
san,L5,992,san
san,L5,993,san
san,L5,994,san
san,L5,995,san
san,L5,996,san
san,L5,997,san
san,L5,998,san
san,L5,999,san
san,L5,1000,san
san,L5,1001,san
san,L5,1002,san
san,L5,1004,san
san,L5,1005,san
san,L5,1006,san
san,L5,1007,san
san,L5,1008,san
san,L5,1009,san
san,L5,1010,san
san,L5,1011,san
san,L5,1012,san
san,L5,1013,san
san,L5,1014,san
san,L5,1015,san
san,L5,1016,san
san,L5,1017,san
san,L5,1018,san
san,L5,1019,san
san,L5,1020,san
san,L5,1021,san
san,L5,1022,san
san,L5,1023,san
san,L5,1024,san
san,L5,1025,san
san,L5,1027,san
san,L5,1028,san
san,L5,1029,san
san,L5,1030,san
san,L5,1031,san
san,L5,1032,san
san,L5,1033,san
san,L5,1034,san
san,L5,1035,san
san,L5,1036,san
san,L5,1037,san
san,L5,1038,san
san,L5,1039,san
san,L5,1040,san
san,L5,1041,san
san,L5,1042,san
san,L5,1043,san
san,L5,1044,san
san,L5,1045,san
san,L5,1046,san
san,L5,1047,san
san,L5,1048,san
san,L5,1049,san
san,L5,1050,san
san,L5,1051,san
san,L5,1052,san
san,L5,1053,san
san,L5,1054,san
san,L5,1055,san
san,L5,1056,san
san,L5,1057,san
san,L5,1058,san
san,L5,1059,san
san,L5,1060,san
san,L5,1061,san
san,L5,1062,san
san,L5,1063,san
san,L5,1064,san
san,L5,1065,san
san,L5,1066,san
san,L5,1067,san
san,L5,1068,san
san,L5,1069,san
san,L5,1070,san
san,L5,1071,san
san,L5,1072,san
san,L5,1073,san
san,L5,1074,san
san,L5,1075,san
san,L5,1076,san
san,L5,1077,san
san,L5,1078,san
san,L5,1079,san
san,L5,1080,san
san,L5,1081,san
san,L5,1082,san
san,L5,1083,san
san,L5,1084,san
san,L5,1085,san
san,L5,1086,san
san,L5,1087,san
san,L5,1088,san
san,L5,1089,san
san,L5,1090,san
san,L5,1091,san
san,L5,1092,san
san,L5,1093,san
san,L5,1094,san
san,L5,1095,san
san,L5,1096,san
san,L5,1097,san
san,L5,1098,san
san,L5,1099,san
san,L5,1100,san
san,L5,1101,san
san,L5,1102,san
san,L5,1103,san
san,L5,1104,san
san,L5,1105,san
san,L5,1106,san
san,L5,1107,san
san,L5,1108,san
san,L5,1109,san
san,L5,1110,san
san,L5,1111,san
san,L5,1112,san
san,L5,1113,san
san,L5,1114,san
san,L5,1115,san
san,L5,1116,san
san,L5,1117,san
san,L5,1118,san
san,L5,1119,san
san,L5,1120,san
san,L5,1121,san
san,L5,1122,san
san,L5,1123,san
san,L5,1124,san
san,L5,1125,san
san,L5,1126,san
san,L5,1127,san
san,L5,1128,san
san,L5,1129,san
san,L5,1130,san
san,L5,1131,san
san,L5,1132,san
san,L5,1133,san
san,L5,1134,san
san,L5,1135,san
san,L5,1136,san
san,L5,1137,san
san,L5,1138,san
san,L5,1139,san
san,L5,1140,san
san,L5,1141,san
san,L5,1142,san
san,L5,1143,san
san,L5,1144,san
san,L5,1145,san
san,L5,1146,san
san,L5,1147,san
san,L5,1148,san
san,L5,1149,san
san,L5,1150,san
san,L5,1151,san
san,L5,1152,san
san,L5,1153,san
san,L5,1154,san
san,L5,1155,san
san,L5,1156,san
san,L5,1157,san
san,L5,1158,san
san,L5,1159,san
san,L5,1160,san
san,L5,1161,san
san,L5,1162,san
san,L5,1163,san
san,L5,1164,san
san,L5,1165,san
san,L5,1166,san
san,L5,1167,san
san,L5,1168,san
san,L5,1169,san
san,L5,1170,san
san,L5,1171,san
san,L5,1172,san
san,L5,1173,san
san,L5,1174,san
san,L5,1175,san
san,L5,1177,san
san,L5,1178,san
san,L5,1179,san
san,L5,1180,san
san,L5,1181,san
san,L5,1182,san
san,L5,1183,san
san,L5,1184,san
san,L5,1186,san
san,L5,1187,san
san,L5,1188,san
san,L5,1189,san
san,L5,1190,san
san,L5,1191,san
san,L5,1192,san
san,L5,1193,san
san,L5,1194,san
san,L5,1195,san
san,L5,1196,san
san,L5,1197,san
san,L5,1198,san
san,L5,1199,san
san,L5,1200,san
san,L5,1201,san
san,L5,1202,san
san,L5,1203,san
san,L5,1204,san
san,L5,1205,san
san,L5,1206,san
san,L5,1207,san
san,L5,1208,san
san,L5,1209,san
san,L5,1210,san
san,L5,1211,san
san,L5,1212,san
san,L5,1213,san
san,L5,1214,san
san,L5,1215,san
san,L5,1216,san
san,L5,1217,san
san,L5,1218,san
san,L5,1219,san
san,L5,1220,san
san,L5,1221,san
san,L5,1222,san
san,L5,1223,san
san,L5,1224,san
san,L5,1225,san
san,L5,1226,san
san,L5,1227,san
san,L5,1228,san
san,L5,1229,san
san,L5,1230,san
san,L5,1231,san
san,L5,1232,san
san,L5,1233,san
san,L5,1234,san
san,L5,1235,san
san,L5,1236,san
san,L5,1237,san
san,L5,1238,san
san,L5,1239,san
san,L5,1242,san
san,L5,1243,san
san,L5,1244,san
san,L5,1245,san
san,L5,1246,san
san,L5,1247,san
san,L5,1248,san
san,L5,1249,san
san,L5,1250,san
san,L5,1251,san
san,L5,1252,san
san,L5,1253,san
san,L5,1254,san
san,L5,1255,san
san,L5,1256,san
san,L5,1257,san
san,L5,1258,san
san,L5,1259,san
san,L5,1260,san
san,L5,1261,san
san,L5,1262,san
san,L5,1263,san
san,L5,1264,san
san,L5,1265,san
san,L5,1266,san
san,L5,1267,san
san,L5,1268,san
san,L5,1269,san
san,L5,1270,san
san,L5,1271,san
san,L5,1272,san
san,L5,1273,san
san,L5,1274,san
san,L5,1275,san
san,L5,1276,san
san,L5,1277,san
san,L5,1278,san
san,L5,1279,san
san,L5,1280,san
san,L5,1281,san
san,L5,1282,san
san,L5,1283,san
san,L5,1284,san
san,L5,1285,san
san,L5,1286,san
san,L5,1287,san
san,L5,1288,san
san,L5,1289,san
san,L5,1290,san
san,L5,1291,san
san,L5,1292,san
san,L5,1293,san
san,L5,1295,san
san,L5,1296,san
san,L5,1297,san
san,L5,1298,san
san,L5,1299,san
san,L5,1300,san
san,L5,1301,san
san,L5,1302,san
san,L5,1303,san
san,L5,1304,san
san,L5,1305,san
san,L5,1306,san
san,L5,1307,san
san,L5,1308,san
san,L5,1309,san
san,L5,1310,san
san,L5,1311,san
san,L5,1312,san
san,L5,1313,san
san,L5,1314,san
san,L5,1315,san
san,L5,1316,san
san,L5,1317,san
san,L5,1318,san
san,L5,1319,san
san,L5,1320,san
san,L5,1321,san
san,L5,1322,san
san,L5,1323,san
san,L5,1324,san
san,L5,1325,san
san,L5,1326,san
san,L5,1327,san
san,L5,1328,san
san,L5,1329,san
san,L5,1330,san
san,L5,1331,san
san,L5,1332,san
san,L5,1333,san
san,L5,1334,san
san,L5,1335,san
san,L5,1336,san
san,L5,1337,san
san,L5,1338,san
san,L5,1339,san
san,L5,1340,san
san,L5,1341,san
san,L5,1342,san
san,L5,1343,san
san,L5,1344,san
san,L5,1345,san
san,L5,1346,san
san,L5,1347,san
san,L5,1348,san
san,L5,1350,san
san,L5,1351,san
san,L5,1352,san
san,L5,1353,san
san,L5,1354,san
san,L5,1355,san
san,L5,1356,san
san,L5,1357,san
san,L5,1358,san
san,L5,1359,san
san,L5,1360,san
san,L5,1361,san
san,L5,1362,san
san,L5,1363,san
san,L5,1364,san
san,L5,1365,san
san,L5,1366,san
san,L5,1367,san
san,L5,1368,san
san,L5,1369,san
san,L5,1370,san
san,L5,1371,san
san,L5,1372,san
san,L5,1373,san
san,L5,1374,san
san,L5,1375,san
san,L5,1376,san
san,L5,1377,san
san,L5,1378,san
san,L5,1379,san
san,L5,1380,san
san,L5,1381,san
san,L5,1382,san
san,L5,1383,san
san,L5,1384,san
san,L5,1385,san
san,L5,1386,san
san,L5,1387,san
san,L5,1388,san
san,L5,1389,san
san,L5,1390,san
san,L5,1391,san
san,L5,1392,san
san,L5,1393,san
san,L5,1394,san
san,L5,1395,san
san,L5,1396,san
san,L5,1397,san
san,L5,1398,san
san,L5,1399,san
san,L5,1400,san
san,L5,1401,san
san,L5,1402,san
san,L5,1403,san
san,L5,1404,san
san,L5,1405,san
san,L5,1406,san
san,L5,1407,san
san,L5,1408,san
san,L5,1410,san
san,L5,1411,san
san,L5,1412,san
san,L5,1413,san
san,L5,1414,san
san,L5,1415,san
san,L5,1417,san
san,L5,1418,san
san,L5,1419,san
san,L5,1420,san
san,L5,1421,san
san,L5,1422,san
san,L5,1423,san
san,L5,1424,san
san,L5,1425,san
san,L5,1426,san
san,L5,1427,san
san,L5,1428,san
san,L5,1429,san
san,L5,1430,san
san,L5,1431,san
san,L5,1432,san
san,L5,1433,san
san,L5,1434,san
san,L5,1435,san
san,L5,1436,san
san,L5,1437,san
san,L5,1438,san
san,L5,1439,san
san,L5,1440,san
san,L5,1441,san
san,L5,1442,san
san,L5,1443,san
san,L5,1444,san
san,L5,1445,san
san,L5,1446,san
san,L5,1447,san
san,L5,1449,san
san,L5,1450,san
san,L5,1451,san
san,L5,1452,san
san,L5,1453,san
san,L5,1454,san
san,L5,1455,san
san,L5,1456,san
san,L5,1457,san
san,L5,1458,san
san,L5,1459,san
san,L5,1460,san
san,L5,1461,san
san,L5,1462,san
san,L5,1463,san
san,L5,1464,san
san,L5,1465,san
san,L5,1466,san
san,L5,1467,san
san,L5,1468,san
san,L5,1469,san
san,L5,1470,san
san,L5,1471,san
san,L5,1472,san
san,L5,1473,san
san,L5,1474,san
san,L5,1475,san
san,L5,1476,san
san,L5,1477,san
san,L5,1478,san
san,L5,1479,san
san,L5,1480,san
san,L5,1482,san
san,L5,1483,san
san,L5,1484,san
san,L5,1485,san
san,L5,1486,san
san,L5,1487,san
san,L5,1488,san
san,L5,1489,san
san,L5,1490,san
san,L5,1491,san
san,L5,1492,san
san,L5,1493,san
san,L5,1494,san
san,L5,1495,san
san,L5,1496,san
san,L5,1497,san
san,L5,1498,san
san,L5,1499,san
san,L5,1500,san
san,L5,1501,san
san,L5,1502,san
san,L5,1503,san
san,L5,1504,san
san,L5,1505,san
san,L5,1506,san
san,L5,1507,san
san,L5,1508,san
san,L5,1509,san
san,L5,1510,san
san,L5,1511,san
san,L5,1512,san
san,L5,1513,san
san,L5,1514,san
san,L5,1515,san
san,L5,1516,san
san,L5,1517,san
san,L5,1518,san
san,L5,1519,san
san,L5,1520,san
san,L5,1521,san
san,L5,1522,san
san,L5,1523,san
san,L5,1524,san
san,L5,1525,san
san,L5,1526,san
san,L5,1527,san
san,L5,1528,san
san,L5,1529,san
san,L5,1530,san
san,L5,1531,san
san,L5,1532,san
san,L5,1533,san
san,L5,1534,san
san,L5,1535,san
san,L5,1536,san
san,L5,1537,san
san,L5,1538,san
san,L5,1539,san
san,L5,1540,san
san,L5,1541,san
san,L5,1542,san
san,L5,1543,san
san,L5,1544,san
san,L5,1545,san
san,L5,1546,san
san,L5,1547,san
san,L5,1548,san
san,L5,1549,san
san,L5,1550,san
san,L5,1551,san
san,L5,1552,san
san,L5,1553,san
san,L5,1554,san
san,L5,1555,san
san,L5,1556,san
san,L5,1558,san
san,L5,1559,san
san,L5,1560,san
san,L5,1561,san
san,L5,1562,san
san,L5,1563,san
san,L5,1565,san
san,L5,1566,san
san,L5,1567,san
san,L5,1568,san
san,L5,1569,san
san,L5,1570,san
san,L5,1571,san
san,L5,1572,san
san,L5,1573,san
san,L5,1574,san
san,L5,1575,san
san,L5,1576,san
san,L5,1577,san
san,L5,1578,san
san,L5,1579,san
san,L5,1580,san
san,L5,1581,san
san,L5,1582,san
san,L5,1583,san
san,L5,1584,san
san,L5,1585,san
san,L5,1586,san
san,L5,1587,san
san,L5,1588,san
san,L5,1589,san
san,L5,1590,san
san,L5,1591,san
san,L5,1592,san
san,L5,1593,san
san,L5,1594,san
san,L5,1595,san
san,L5,1596,san
san,L5,1597,san
san,L5,1598,san
san,L5,1599,san
san,L5,1600,san
san,L5,1601,san
san,L5,1602,san
san,L5,1603,san
san,L5,1604,san
san,L5,1605,san
san,L5,1606,san
san,L5,1607,san
san,L5,1608,san
san,L5,1609,san
san,L5,1610,san
san,L5,1611,san
san,L5,1612,san
san,L5,1613,san
san,L5,1614,san
san,L5,1615,san
san,L5,1616,san
san,L5,1617,san
san,L5,1618,san
san,L5,1619,san
san,L5,1620,san
san,L5,1621,san
san,L5,1622,san
san,L5,1623,san
san,L5,1624,san
san,L5,1625,san
san,L5,1626,san
san,L5,1627,san
san,L5,1628,san
san,L5,1629,san
san,L5,1630,san
san,L5,1631,san
san,L5,1632,san
san,L5,1633,san
san,L5,1634,san
san,L5,1635,san
san,L5,1636,san
san,L5,1637,san
san,L5,1638,san
san,L5,1639,san
san,L5,1640,san
new,L1,2,new
new,L1,6,new
new,L1,16,new
new,L1,37,new
new,L1,45,new
new,L1,48,new
new,L1,53,new
new,L1,67,new
new,L1,80,new
new,L1,84,new
new,L1,102,new
new,L1,108,new
new,L1,171,new
new,L1,187,new
new,L1,209,new
new,L1,214,new
new,L1,223,new
new,L1,231,new
new,L1,237,new
new,L1,252,new
new,L1,269,new
new,L1,270,new
new,L1,276,new
new,L1,277,new
new,L1,304,new
new,L1,313,new
new,L1,325,new
new,L1,339,new
new,L1,365,new
new,L1,371,new
new,L1,374,new
new,L1,376,new
new,L1,378,new
new,L1,436,new
new,L1,439,new
new,L1,460,new
new,L1,473,new
new,L1,485,new
new,L1,496,new
new,L1,497,new
new,L1,512,new
new,L1,533,new
new,L1,550,new
new,L1,565,new
new,L1,577,new
new,L1,587,new
new,L1,593,new
new,L1,640,new
new,L1,680,new
new,L1,704,new
new,L1,737,new
new,L1,741,new
new,L1,760,new
new,L1,761,new
new,L1,763,new
new,L1,767,new
new,L1,777,new
new,L1,812,mar
new,L1,816,new
new,L1,818,new
new,L1,837,new
new,L1,852,new
new,L1,860,new
new,L1,861,new
new,L1,877,new
new,L1,891,new
new,L1,903,new
new,L1,917,new
new,L1,923,new
new,L1,950,new
new,L1,957,new
new,L1,962,new
new,L1,973,new
new,L1,1003,new
new,L1,1027,new
new,L1,1031,new
new,L1,1051,new
new,L1,1089,new
new,L1,1093,new
new,L1,1103,new
new,L1,1122,new
new,L1,1144,new
new,L1,1154,new
new,L1,1158,new
new,L1,1187,new
new,L1,1196,new
new,L1,1228,new
new,L1,1238,new
new,L1,1249,new
new,L1,1269,new
new,L1,1271,new
new,L1,1273,new
new,L1,1274,new
new,L1,1276,new
new,L1,1295,new
new,L1,1300,new
new,L1,1310,new
new,L1,1317,new
new,L1,1320,new
new,L1,1331,new
new,L1,1353,new
new,L1,1386,new
new,L1,1394,new
new,L1,1431,new
new,L1,1485,new
new,L1,1538,new
new,L1,1541,new
new,L1,1544,new
new,L1,1598,new
new,L1,1604,new
new,L1,1605,new
new,L1,1618,new
new,L1,1622,new
new,L1,1624,new
new,L1,1625,new
new,L1,1641,new
new,L1,1656,new
new,L1,1666,new
new,L1,1708,new
new,L1,1728,new
new,L1,1745,new
new,L1,1754,new
new,L1,1762,new
new,L1,1787,new
new,L1,1801,new
new,L1,1806,new
new,L1,1812,new
new,L1,1848,new
new,L1,1850,new
new,L1,1863,new
new,L1,1914,new
new,L1,1969,new
new,L1,1972,new
new,L1,1991,new
new,L1,1995,new
new,L1,1997,new
new,L1,2026,new
new,L1,2041,new
new,L1,2048,new
new,L1,2059,new
new,L1,2075,new
new,L1,2090,new
new,L1,2156,new
new,L1,2167,new
new,L1,2212,new
new,L1,2215,new
new,L1,2226,new
new,L1,2232,new
new,L1,2279,new
new,L1,2297,new
new,L1,2299,new
new,L1,2330,new
new,L1,2378,new
new,L1,2395,new
new,L1,2420,new
new,L1,2430,new
new,L1,2436,new
new,L1,2463,new
new,L1,2480,new
new,L1,2516,new
new,L1,2519,new
new,L1,2524,new
new,L1,2531,new
new,L1,2552,new
new,L1,2560,new
new,L1,2570,new
new,L1,2571,new
new,L1,2584,new
new,L1,2595,new
new,L1,2605,new
new,L1,2616,new
new,L1,2666,new
new,L1,2668,new
new,L1,2675,new
new,L1,2681,new
new,L1,2764,new
new,L1,2768,new
new,L1,2824,new
new,L1,2826,new
new,L1,2832,new
new,L1,2834,new
new,L1,2852,new
new,L1,2859,new
new,L1,2868,new
new,L1,2874,new
new,L1,2894,new
new,L1,2911,new
new,L1,2921,new
new,L1,2922,new
new,L1,2951,new
new,L1,2999,new
new,L1,3041,new
new,L1,3091,new
new,L1,3113,new
new,L1,3119,new
new,L1,3135,new
new,L1,3154,new
new,L1,3178,new
new,L1,3182,new
new,L1,3191,new
new,L1,3199,new
new,L1,3212,new
new,L1,3213,new
new,L1,3263,new
new,L1,3268,new
new,L1,3273,new
new,L1,3274,new
new,L1,3295,new
new,L1,3300,new
new,L1,3352,new
new,L1,3358,new
new,L1,3383,new
new,L1,3394,new
new,L1,3408,new
new,L1,3420,new
new,L1,3435,new
new,L1,3448,new
new,L1,3461,new
new,L1,3483,new
new,L1,3494,new
new,L1,3513,new
new,L1,3516,new
new,L1,3517,new
new,L1,3531,new
new,L1,3534,new
new,L1,3550,new
new,L1,3563,new
new,L1,3571,new
new,L1,3595,new
new,L1,3610,new
new,L1,3611,new
new,L1,3644,new
new,L1,3651,new
new,L1,3652,new
new,L1,3656,new
new,L1,3676,new
new,L1,3679,new
new,L1,3729,new
new,L1,3759,new
new,L1,3760,new
new,L1,3789,new
new,L1,3790,new
new,L1,3795,new
new,L1,3800,new
new,L1,3809,new
new,L1,3811,new
new,L1,3812,new
new,L1,3824,new
new,L1,3830,new
new,L1,3872,new
new,L1,3889,new
new,L1,3904,new
new,L1,3934,new
new,L1,3942,new
new,L1,3973,new
new,L1,3982,new
new,L1,4005,new
new,L1,4008,new
new,L1,4016,new
new,L1,4037,new
new,L1,4060,new
new,L1,4093,new
new,L1,4096,new
new,L1,4120,new
new,L1,4129,new
new,L1,4137,new
new,L1,4156,new
new,L1,4170,new
new,L1,4171,new
new,L1,4213,new
new,L1,4233,new
new,L1,4241,new
new,L1,4251,new
new,L1,4253,new
new,L1,4262,new
new,L1,4277,new
new,L1,4278,new
new,L1,4287,new
new,L1,4295,new
new,L1,4298,new
new,L1,4301,new
new,L1,4325,new
new,L1,4337,new
new,L1,4357,new
new,L1,4358,new
new,L1,4404,new
new,L1,4408,new
new,L1,4429,new
new,L1,4449,new
new,L1,4460,new
new,L1,4465,new
new,L1,4471,new
new,L1,4487,new
new,L1,4495,new
new,L1,4503,new
new,L1,4549,new
new,L1,4550,new
new,L1,4553,new
new,L1,4558,new
new,L1,4567,new
new,L1,4576,new
new,L1,4609,new
new,L1,4612,new
new,L1,4622,new
new,L1,4662,new
new,L1,4664,new
new,L1,4672,new
new,L1,4687,new
new,L1,4691,new
new,L1,4694,new
new,L1,4698,new
new,L1,4723,new
new,L1,4743,new
new,L1,4759,new
new,L1,4766,new
new,L1,4774,new
new,L1,4795,new
new,L1,4802,new
new,L1,4811,new
new,L1,4824,new
new,L1,4825,new
new,L1,4838,new
new,L1,4844,new
new,L1,4851,new
new,L1,4862,new
new,L1,4885,new
new,L1,4893,new
new,L1,4901,new
new,L1,4921,new
new,L1,4934,new
new,L1,4952,new
new,L1,4990,new
new,L1,5028,new
new,L1,5038,new
new,L1,5044,new
new,L1,5051,new
new,L1,5055,new
new,L1,5151,new
new,L1,5166,new
new,L1,5172,new
new,L1,5213,new
new,L1,5216,new
new,L1,5228,new
new,L1,5232,new
new,L1,5235,new
new,L1,5253,new
new,L1,5337,new
new,L1,5370,new
new,L1,5375,new
new,L1,5417,new
new,L1,5422,new
new,L1,5423,new
new,L1,5426,new
new,L1,5454,new
new,L1,5469,new
new,L1,5481,new
new,L1,5496,new
new,L1,5508,new
new,L1,5518,new
new,L1,5524,new
new,L1,5525,new
new,L1,5528,new
new,L1,5533,new
new,L1,5537,new
new,L1,5574,new
new,L1,5580,new
new,L1,5582,new
new,L1,5610,npi
new,L1,5612,new
new,L1,5624,new
new,L1,5636,new
new,L1,5673,new
new,L1,5721,new
new,L1,5723,new
new,L1,5745,new
new,L1,5780,hin
new,L1,5783,hin
new,L1,5794,new
new,L1,5796,new
new,L1,5809,new
new,L1,5824,new
new,L1,5839,new
new,L1,5861,new
new,L1,5884,new
new,L1,5890,new
new,L1,5911,new
new,L1,5912,new
new,L1,5919,new
new,L1,5943,new
new,L1,5961,new
new,L1,5964,mar
new,L1,5989,new
new,L1,6042,new
new,L1,6061,new
new,L1,6063,nwx
new,L1,6076,new
new,L1,6104,new
new,L1,6118,new
new,L1,6162,new
new,L1,6166,new
new,L1,6168,new
new,L1,6196,new
new,L1,6213,new
new,L1,6217,new
new,L1,6221,new
new,L1,6224,new
new,L1,6276,new
new,L1,6279,new
new,L1,6288,hin
new,L1,6364,new
new,L1,6370,new
new,L1,6377,new
new,L1,6383,hin
new,L1,6403,new
new,L1,6411,new
new,L1,6419,new
new,L1,6424,new
new,L1,6432,new
new,L1,6447,new
new,L1,6466,new
new,L1,6485,new
new,L1,6496,new
new,L1,6499,new
new,L1,6526,hin
new,L1,6545,hin
new,L1,6549,hin
new,L1,6555,hin
new,L1,6558,new
new,L1,6589,new
new,L1,6596,new
new,L1,6603,new
new,L1,6614,new
new,L1,6666,new
new,L1,6675,new
new,L1,6707,new
new,L1,6725,hin
new,L1,6739,hin
new,L1,6751,new
new,L1,6776,new
new,L1,6803,hin
new,L1,6806,hin
new,L1,6842,new
new,L1,6847,new
new,L1,6853,nep
new,L1,6868,new
new,L1,6883,new
new,L1,6904,new
new,L1,6914,new
new,L1,6936,new
new,L1,6951,new
new,L1,6975,new
new,L1,6994,new
new,L1,6995,new
new,L1,7029,hin
new,L1,7056,new
new,L1,7075,new
new,L1,7086,new
new,L1,7127,new
new,L1,7129,new
new,L1,7173,new
new,L1,7188,hin
new,L1,7190,new
new,L1,7208,new
new,L1,7224,new
new,L1,7227,new
new,L1,7241,new
new,L1,7243,new
new,L1,7256,new
new,L1,7264,new
new,L1,7270,new
new,L1,7302,new
new,L1,7312,hin
new,L1,7317,new
new,L1,7342,new
new,L1,7346,new
new,L1,7360,new
new,L1,7361,new
new,L1,7365,new
new,L1,7413,hin
new,L1,7419,new
new,L1,7421,new
new,L1,7456,new
new,L1,7459,new
new,L1,7491,new
new,L1,7496,new
new,L1,7504,hin
new,L1,7547,new
new,L1,7576,new
new,L1,7591,new
new,L1,7598,new
new,L1,7601,new
new,L1,7614,new
new,L1,7618,hin
new,L1,7632,new
new,L1,7645,new
new,L1,7652,new
new,L1,7657,new
new,L1,7688,new
new,L1,7743,new
new,L1,7759,new
new,L1,7767,new
new,L1,7779,new
new,L1,7782,new
new,L1,7799,new
new,L1,7808,new
new,L1,7818,new
new,L1,7826,new
new,L1,7830,new
new,L1,7844,new
new,L1,7847,new
new,L1,7878,new
new,L1,7881,new
new,L1,7905,new
new,L1,7924,new
new,L1,7925,new
new,L1,7970,new
new,L1,7973,new
new,L1,7996,new
new,L1,7997,new
new,L1,8058,new
new,L1,8060,new
new,L1,8062,new
new,L1,8065,new
new,L1,8076,new
new,L1,8100,nep
new,L1,8165,new
new,L1,8179,new
new,L1,8190,new
new,L1,8199,new
new,L1,8204,new
new,L1,8219,new
new,L1,8238,new
new,L1,8258,new
new,L1,8273,new
new,L1,8276,new
new,L1,8279,new
new,L1,8305,new
new,L1,8312,new
new,L1,8317,new
new,L1,8361,new
new,L1,8375,new
new,L1,8387,new
new,L1,8412,new
new,L1,8468,new
new,L1,8472,new
new,L1,8478,new
new,L1,8523,new
new,L1,8526,new
new,L1,8535,new
new,L1,8540,new
new,L1,8548,new
new,L1,8563,new
new,L1,8611,new
new,L1,8645,new
new,L1,8646,new
new,L1,8651,new
new,L1,8671,new
new,L1,8674,new
new,L1,8694,new
new,L1,8697,new
new,L1,8764,new
new,L1,8817,new
new,L1,8818,new
new,L1,8829,new
new,L1,8840,new
new,L1,8843,new
new,L1,8867,new
new,L1,8880,new
new,L1,8891,new
new,L1,8903,new
new,L1,8904,new
new,L1,8931,new
new,L1,8968,new
new,L1,8972,hin
new,L1,8973,hin
new,L1,9000,new
new,L1,9007,new
new,L1,9024,new
new,L1,9029,new
new,L1,9031,new
new,L1,9045,new
new,L1,9058,new
new,L1,9096,new
new,L1,9129,new
new,L1,9168,hin
new,L1,9176,new
new,L1,9180,new
new,L1,9192,new
new,L1,9203,new
new,L1,9218,new
new,L1,9223,new
new,L1,9239,new
new,L1,9272,new
new,L1,9300,new
new,L1,9311,new
new,L1,9320,new
new,L1,9326,hin
new,L1,9329,nep
new,L1,9347,new
new,L1,9361,new
new,L1,9364,new
new,L1,9405,new
new,L1,9411,new
new,L1,9412,new
new,L1,9419,new
new,L1,9420,new
new,L1,9433,new
new,L1,9454,new
new,L1,9467,new
new,L1,9493,new
new,L1,9495,new
new,L1,9500,new
new,L1,9508,hin
new,L1,9526,new
new,L1,9537,new
new,L1,9569,new
new,L1,9583,new
new,L1,9613,new
new,L1,9630,new
new,L1,9646,new
new,L1,9648,new
new,L1,9662,new
new,L1,9663,new
new,L1,9681,new
new,L1,9700,new
new,L1,9701,new
new,L1,9702,new
new,L1,9703,new
new,L1,9707,new
new,L1,9719,new
new,L1,9764,new
new,L1,9805,nep
new,L1,9834,new
new,L1,9851,new
new,L1,9854,new
new,L1,9908,new
new,L1,9909,new
new,L1,9924,new
new,L1,9954,new
new,L1,9976,new
new,L1,9987,new
new,L1,10038,new
new,L1,10042,new
new,L1,10081,new
new,L1,10104,new
new,L1,10114,new
new,L1,10123,new
new,L1,10126,new
new,L1,10127,new
new,L1,10131,new
new,L1,10168,new
new,L1,10174,new
new,L1,10192,new
new,L1,10197,new
new,L1,10226,new
new,L1,10235,new
new,L1,10298,new
new,L1,10304,new
new,L1,10359,new
new,L1,10361,new
new,L1,10363,new
new,L1,10385,new
new,L1,10386,new
new,L1,10387,new
new,L1,10395,new
new,L1,10404,new
new,L1,10406,new
new,L1,10407,new
new,L1,10412,new
new,L1,10421,new
new,L1,10431,new
new,L1,10435,new
new,L1,10460,new
new,L1,10485,new
new,L1,10502,new
new,L1,10517,new
new,L1,10538,new
new,L1,10581,new
new,L1,10601,new
new,L1,10615,new
new,L1,10616,new
new,L1,10624,new
new,L1,10635,new
new,L1,10636,new
new,L1,10647,new
new,L1,10675,new
new,L1,10687,new
new,L1,10688,new
new,L1,10692,new
new,L1,10709,new
new,L1,10724,new
new,L1,10738,new
new,L1,10743,new
new,L1,10746,new
new,L1,10758,new
new,L1,10779,new
new,L1,10797,new
new,L1,10815,new
new,L1,10822,new
new,L1,10825,new
new,L1,10834,new
new,L1,10839,new
new,L1,10841,new
new,L1,10850,new
new,L1,10858,new
new,L1,10866,new
new,L1,10881,new
new,L1,10887,new
new,L1,10893,new
new,L1,10902,new
new,L1,10925,new
new,L1,10932,new
new,L1,10949,new
new,L1,10962,new
new,L1,10966,new
new,L1,10968,new
new,L1,10981,new
new,L1,10991,new
new,L1,11025,new
new,L1,11034,new
new,L1,11038,new
new,L1,11062,new
new,L1,11078,new
new,L1,11083,new
new,L1,11092,new
new,L1,11133,new
new,L1,11134,new
new,L1,11145,new
new,L1,11151,new
new,L1,11160,new
new,L1,11179,new
new,L1,11201,new
new,L1,11227,new
new,L1,11257,new
new,L1,11260,new
new,L1,11280,new
new,L1,11289,new
new,L1,11334,new
new,L1,11351,new
new,L1,11369,new
new,L1,11371,new
new,L1,11395,new
new,L1,11399,new
new,L1,11434,new
new,L1,11472,new
new,L1,11473,new
new,L1,11488,new
new,L1,11496,new
new,L1,11506,new
new,L1,11515,new
new,L1,11521,new
new,L1,11523,new
new,L1,11575,new
new,L1,11598,new
new,L1,11603,new
new,L1,11608,new
new,L1,11609,new
new,L1,11618,new
new,L1,11625,new
new,L1,11628,new
new,L1,11629,new
new,L1,11637,new
new,L1,11638,new
new,L1,11643,new
new,L1,11670,new
new,L1,11682,new
new,L1,11698,new
new,L1,11700,new
new,L1,11704,new
new,L1,11712,new
new,L1,11769,new
new,L1,11791,new
new,L1,11798,new
new,L1,11807,new
new,L1,11841,new
new,L1,11845,new
new,L1,11850,new
new,L1,11891,new
new,L1,11901,new
new,L1,11916,new
new,L1,11919,new
new,L1,11976,new
new,L1,11991,new
new,L1,12007,new
new,L1,12011,new
new,L1,12012,new
new,L1,12024,new
new,L1,12026,new
new,L1,12030,new
new,L1,12052,new
new,L1,12055,new
new,L1,12067,new
new,L1,12140,new
new,L1,12165,new
new,L1,12176,new
new,L1,12183,new
new,L1,12191,new
new,L1,12203,new
new,L1,12206,new
new,L1,12211,new
new,L1,12262,new
new,L1,12307,new
new,L1,12330,new
new,L1,12337,new
new,L1,12339,new
new,L1,12345,new
new,L1,12395,new
new,L1,12400,new
new,L1,12411,new
new,L1,12417,new
new,L1,12479,new
new,L1,12489,new
new,L1,12495,new
new,L1,12545,new
new,L1,12572,new
new,L1,12620,new
new,L1,12649,new
new,L1,12662,new
new,L1,12672,new
new,L1,12717,new
new,L1,12747,new
new,L1,12750,new
new,L1,12758,new
new,L1,12766,new
new,L1,12794,new
new,L1,12814,new
new,L1,12817,new
new,L1,12842,new
new,L1,12851,new
new,L1,12862,new
new,L1,12881,new
new,L1,12885,new
new,L1,12912,new
new,L1,12922,new
new,L1,12936,new
new,L1,12937,new
new,L1,12977,new
new,L1,13034,new
new,L1,13103,new
new,L1,13122,new
new,L1,13148,new
new,L1,13160,new
new,L1,13181,new
new,L1,13192,new
new,L1,13202,new
new,L1,13207,new
new,L1,13223,new
new,L1,13229,new
new,L1,13233,new
new,L1,13249,new
new,L1,13252,new
new,L1,13292,new
new,L1,13297,new
new,L1,13318,new
new,L1,13360,new
new,L1,13392,new
new,L1,13432,new
new,L1,13455,new
new,L1,13463,new
new,L1,13493,new
new,L1,13534,new
new,L1,13544,new
new,L1,13622,new
new,L1,13667,new
new,L1,13697,new
new,L1,13723,new
new,L1,13726,new
new,L1,13730,new
new,L1,13756,new
new,L1,13778,new
new,L1,13850,new
new,L1,13866,new
new,L1,13899,new
new,L1,13901,new
new,L1,13905,new
new,L1,13945,new
new,L1,13984,new
new,L1,13987,new
new,L1,13989,new
new,L1,13991,new
new,L1,14007,new
new,L1,14018,new
new,L1,14024,new
new,L1,14025,new
new,L1,14051,new
new,L1,14058,new
new,L1,14092,new
new,L1,14106,new
new,L1,14190,new
new,L1,14207,new
new,L1,14249,new
new,L1,14251,new
new,L1,14262,new
new,L1,14266,new
new,L1,14267,new
new,L1,14275,new
new,L1,14288,new
new,L1,14296,new
new,L1,14321,new
new,L1,14328,new
new,L1,14338,new
new,L1,14345,new
new,L1,14363,new
new,L1,14366,new
new,L1,14376,new
new,L1,14396,new
new,L1,14403,new
new,L1,14407,new
new,L1,14461,new
new,L1,14481,new
new,L1,14486,new
new,L1,14492,new
new,L1,14494,new
new,L1,14502,new
new,L1,14507,new
new,L1,14515,new
new,L1,14540,new
new,L1,14547,new
new,L1,14549,new
new,L1,14559,new
new,L1,14564,new
new,L1,14575,new
new,L1,14604,new
new,L1,14617,new
new,L1,14622,new
new,L1,14632,new
new,L1,14651,new
new,L1,14701,new
new,L1,14737,new
new,L1,14754,new
new,L1,14768,new
new,L1,14769,new
new,L1,14771,new
new,L1,14777,new
new,L1,14780,new
new,L1,14812,new
new,L1,14822,new
new,L1,14825,new
new,L1,14857,new
new,L1,14862,new
new,L1,14867,new
new,L1,14892,new
new,L1,14925,new
new,L1,14927,new
new,L1,14971,new
new,L1,14974,new
new,L1,14980,new
new,L1,15004,new
new,L1,15040,new
new,L1,15043,new
new,L1,15047,new
new,L1,15062,new
new,L1,15085,new
new,L1,15141,new
new,L1,15143,new
new,L1,15145,new
new,L1,15146,new
new,L1,15148,new
new,L1,15152,new
new,L1,15171,new
new,L1,15179,new
new,L1,15207,new
new,L1,15237,new
new,L1,15254,new
new,L1,15266,new
new,L1,15268,new
new,L1,15276,new
new,L1,15277,new
new,L1,15286,new
new,L1,15291,new
new,L1,15305,new
new,L1,15309,new
new,L1,15315,new
new,L1,15330,new
new,L1,15332,new
new,L1,15338,new
new,L1,15340,new
new,L1,15360,new
new,L1,15374,new
new,L1,15378,new
new,L1,15381,new
new,L1,15383,new
new,L1,15387,new
new,L1,15394,new
new,L1,15402,new
new,L1,15421,new
new,L1,15423,new
new,L1,15427,new
new,L1,15448,new
new,L1,15459,new
new,L1,15509,new
new,L1,15532,new
new,L1,15540,new
new,L1,15544,new
new,L1,15580,new
new,L1,15608,new
new,L1,15612,new
new,L1,15629,new
new,L1,15658,new
new,L1,15670,new
new,L1,15673,new
new,L1,15707,new
new,L1,15712,new
new,L1,15722,new
new,L1,15727,new
new,L1,15729,new
new,L1,15750,new
new,L1,15751,new
new,L1,15757,new
new,L1,15780,new
new,L1,15807,new
new,L1,15810,new
new,L1,15832,new
new,L1,15882,new
new,L1,15907,new
new,L1,15927,new
new,L1,15992,new
new,L1,15993,new
new,L1,16025,new
new,L1,16027,new
new,L1,16030,new
new,L1,16065,new
new,L1,16066,new
new,L1,16079,new
new,L1,16115,new
new,L1,16132,new
new,L1,16139,new
new,L1,16143,new
new,L1,16145,new
new,L1,16208,new
new,L1,16231,new
new,L1,16236,new
new,L1,16250,new
new,L1,16257,new
new,L1,16268,new
new,L1,16274,new
new,L1,16280,new
new,L1,16292,new
new,L1,16354,new
new,L1,16357,new
new,L1,16358,new
new,L1,16397,new
new,L1,16409,new
new,L1,16414,new
new,L1,16431,new
new,L1,16470,new
new,L1,16477,new
new,L1,16516,new
new,L1,16545,new
new,L1,16547,new
new,L1,16558,new
new,L1,16570,new
new,L1,16587,new
new,L1,16603,new
new,L1,16613,new
new,L1,16634,new
new,L1,16656,new
new,L1,16670,new
new,L1,16681,new
new,L1,16687,new
new,L1,16700,new
new,L1,16708,new
new,L1,16710,new
new,L1,16718,new
new,L1,16745,new
new,L1,16751,new
new,L1,16782,new
new,L1,16811,new
new,L1,16835,new
new,L1,16843,new
new,L1,16848,new
new,L1,16854,new
new,L1,16855,new
new,L1,16863,new
new,L1,16878,new
new,L1,16912,new
new,L1,16938,new
new,L1,16972,new
new,L1,17015,new
new,L1,17030,new
new,L1,17031,new
new,L1,17052,new
new,L1,17054,new
new,L1,17110,new
new,L1,17115,new
new,L1,17116,new
new,L1,17141,new
new,L1,17143,new
new,L1,17155,new
new,L1,17160,new
new,L1,17165,new
new,L1,17173,new
new,L1,17174,new
new,L1,17176,new
new,L1,17187,new
new,L1,17206,new
new,L1,17263,new
new,L1,17280,new
new,L1,17282,new
new,L1,17287,new
new,L1,17288,new
new,L1,17294,new
new,L1,17305,new
new,L1,17317,new
new,L1,17342,new
new,L1,17348,new
new,L1,17349,new
new,L1,17369,new
new,L1,17370,new
new,L1,17383,new
new,L1,17396,new
new,L1,17407,new
new,L1,17423,new
new,L1,17452,new
new,L1,17454,new
new,L1,17458,new
new,L1,17473,new
new,L1,17488,new
new,L1,17543,new
new,L1,17545,new
new,L1,17548,new
new,L1,17550,new
new,L1,17552,new
new,L1,17565,new
new,L1,17572,new
new,L1,17599,new
new,L1,17604,new
new,L1,17689,new
new,L1,17712,hin
new,L1,17714,new
new,L1,17790,new
new,L1,17809,new
new,L1,17827,new
new,L1,17836,new
new,L1,17859,new
new,L1,17868,new
new,L1,17891,new
new,L1,17915,new
new,L1,17975,new
new,L1,17977,new
new,L1,17983,new
new,L1,17991,new
new,L1,18009,new
new,L1,18022,new
new,L1,18067,new
new,L1,18080,new
new,L1,18088,new
new,L1,18122,new
new,L1,18136,new
new,L1,18214,new
new,L1,18218,new
new,L1,18227,new
new,L1,18249,new
new,L1,18266,new
new,L1,18277,new
new,L1,18283,new
new,L1,18305,new
new,L1,18351,new
new,L1,18372,new
new,L1,18388,new
new,L1,18405,new
new,L1,18406,new
new,L1,18409,new
new,L1,18446,new
new,L1,18479,new
new,L1,18504,new
new,L1,18508,new
new,L1,18509,new
new,L1,18530,new
new,L1,18576,new
new,L1,18583,new
new,L1,18592,new
new,L1,18622,new
new,L1,18638,new
new,L1,18646,new
new,L1,18671,new
new,L1,18716,new
new,L1,18719,new
new,L1,18739,new
new,L1,18778,new
new,L1,18786,new
new,L1,18787,new
new,L1,18794,new
new,L1,18803,new
new,L1,18823,new
new,L1,18851,new
new,L1,18882,new
new,L1,18890,new
new,L1,18906,new
new,L1,18930,new
new,L1,18935,new
new,L1,18939,new
new,L1,18941,new
new,L1,18945,new
new,L1,18958,new
new,L1,18964,new
new,L1,18974,new
new,L1,18983,new
new,L1,19022,new
new,L1,19024,new
new,L1,19031,new
new,L1,19044,new
new,L1,19053,new
new,L1,19058,new
new,L1,19060,new
new,L1,19067,new
new,L1,19071,new
new,L1,19090,new
new,L1,19108,new
new,L1,19125,new
new,L1,19165,new
new,L1,19172,new
new,L1,19174,new
new,L1,19179,new
new,L1,19182,new
new,L1,19227,new
new,L1,19229,new
new,L1,19244,new
new,L1,19259,new
new,L1,19260,new
new,L1,19307,new
new,L1,19312,new
new,L1,19345,new
new,L1,19351,new
new,L1,19355,new
new,L1,19366,new
new,L1,19375,new
new,L1,19383,new
new,L1,19394,new
new,L1,19395,new
new,L1,19412,new
new,L1,19437,new
new,L1,19441,new
new,L1,19448,new
new,L1,19449,new
new,L1,19462,new
new,L1,19500,new
new,L1,19511,new
new,L1,19517,new
new,L1,19540,new
new,L1,19562,new
new,L1,19570,new
new,L1,19578,new
new,L1,19603,new
new,L1,19605,new
new,L1,19615,new
new,L1,19616,new
new,L1,19654,new
new,L1,19657,new
new,L1,19665,new
new,L1,19708,new
new,L1,19756,new
new,L1,19767,new
new,L1,19779,new
new,L1,19784,new
new,L1,19806,new
new,L1,19809,new
new,L1,19813,new
new,L1,19815,new
new,L1,19822,new
new,L1,19824,new
new,L1,19828,new
new,L1,19841,new
new,L1,19846,new
new,L1,19866,new
new,L1,19869,new
new,L1,19870,new
new,L1,19875,new
new,L1,19881,new
new,L1,19887,new
new,L1,19902,new
new,L1,19922,new
new,L1,19947,new
new,L1,19959,new
new,L1,19975,new
new,L1,20003,new
new,L1,20017,new
new,L1,20024,new
new,L1,20028,new
new,L1,20030,new
new,L1,20042,new
new,L1,20049,new
new,L1,20050,new
new,L1,20079,new
new,L1,20106,new
new,L1,20107,new
new,L1,20110,new
new,L1,20112,new
new,L1,20113,new
new,L1,20118,new
new,L1,20121,new
new,L1,20132,new
new,L1,20161,new
new,L1,20206,new
new,L1,20214,new
new,L1,20228,new
new,L1,20240,new
new,L1,20244,new
new,L1,20260,new
new,L1,20298,new
new,L1,20318,new
new,L1,20344,new
new,L1,20345,new
new,L1,20348,new
new,L1,20360,new
new,L1,20368,new
new,L1,20375,new
new,L1,20445,new
new,L1,20448,new
new,L1,20529,new
new,L1,20549,new
new,L1,20554,new
new,L1,20560,new
new,L1,20562,new
new,L1,20563,new
new,L1,20605,new
new,L1,20606,new
new,L1,20629,new
new,L1,20661,new
new,L1,20665,new
new,L1,20668,new
new,L1,20671,new
new,L1,20683,new
new,L1,20684,new
new,L1,20690,new
new,L1,20712,new
new,L1,20713,new
new,L1,20721,new
new,L1,20739,new
new,L1,20769,new
new,L1,20788,new
new,L1,20812,new
new,L1,20851,new
new,L1,20854,new
new,L1,20857,new
new,L1,20859,new
new,L1,20864,new
new,L1,20911,hin
new,L1,20928,hin
new,L1,20929,hin
new,L1,20933,new
new,L1,20947,new
new,L1,20952,new
new,L1,20970,new
new,L1,20975,new
new,L1,20976,new
new,L1,20983,new
new,L1,21020,new
new,L1,21059,new
new,L1,21060,new
new,L1,21084,new
new,L1,21099,new
new,L1,21100,new
new,L1,21141,new
new,L1,21142,new
new,L1,21150,new
new,L1,21153,new
new,L1,21157,hin
new,L1,21160,new
new,L1,21172,new
new,L1,21214,new
new,L1,21234,new
new,L1,21241,new
new,L1,21256,new
new,L1,21258,new
new,L1,21294,new
new,L1,21299,new
new,L1,21316,new
new,L1,21318,new
new,L1,21339,new
new,L1,21354,new
new,L1,21389,new
new,L1,21409,new
new,L1,21427,new
new,L1,21445,new
new,L1,21448,new
new,L1,21465,new
new,L1,21466,hin
new,L1,21476,new
new,L1,21494,new
new,L1,21512,new
new,L1,21518,new
new,L1,21519,new
new,L1,21530,new
new,L1,21553,new
new,L1,21562,new
new,L1,21583,new
new,L1,21622,nep
new,L1,21627,new
new,L1,21633,new
new,L1,21634,hin
new,L1,21657,new
new,L1,21658,new
new,L1,21731,new
new,L1,21747,new
new,L1,21750,new
new,L1,21754,new
new,L1,21763,new
new,L1,21775,new
new,L1,21804,new
new,L1,21813,new
new,L1,21815,new
new,L1,21832,new
new,L1,21835,new
new,L1,21845,new
new,L1,21862,hin
new,L1,21875,new
new,L1,21909,hin
new,L1,21911,hin
new,L1,22020,new
new,L1,22022,new
new,L1,22023,new
new,L1,22033,new
new,L1,22040,new
new,L1,22042,new
new,L1,22050,new
new,L1,22077,new
new,L1,22097,new
new,L1,22118,new
new,L1,22127,new
new,L1,22143,new
new,L1,22157,new
new,L1,22161,new
new,L1,22162,new
new,L1,22177,new
new,L1,22179,new
new,L1,22181,new
new,L1,22197,new
new,L1,22198,new
new,L1,22224,new
new,L1,22250,new
new,L1,22254,new
new,L1,22271,new
new,L1,22273,new
new,L1,22276,new
new,L1,22278,new
new,L1,22284,new
new,L1,22297,new
new,L1,22325,new
new,L1,22332,new
new,L1,22333,new
new,L1,22374,new
new,L1,22382,new
new,L1,22388,new
new,L1,22446,new
new,L1,22450,new
new,L1,22465,new
new,L1,22477,new
new,L1,22481,new
new,L1,22483,new
new,L1,22499,new
new,L1,22504,new
new,L1,22543,new
new,L1,22548,new
new,L1,22566,new
new,L1,22576,new
new,L1,22583,new
new,L1,22604,new
new,L1,22620,new
new,L1,22622,new
new,L1,22644,new
new,L1,22653,new
new,L1,22654,new
new,L1,22671,new
new,L1,22684,new
new,L1,22690,new
new,L1,22694,new
new,L1,22700,new
new,L1,22703,new
new,L1,22722,new
new,L1,22728,new
new,L1,22744,new
new,L1,22747,new
new,L1,22772,new
new,L1,22773,new
new,L1,22776,new
new,L1,22777,new
new,L1,22788,new
new,L1,22789,new
new,L1,22807,new
new,L1,22822,new
new,L1,22828,new
new,L1,22837,new
new,L1,22843,new
new,L1,22857,new
new,L1,22859,new
new,L1,22927,new
new,L1,22938,new
new,L1,22962,new
new,L1,22974,new
new,L1,22983,new
new,L1,23030,new
new,L1,23056,new
new,L1,23068,new
new,L1,23070,new
new,L1,23081,new
new,L1,23084,new
new,L1,23096,new
new,L1,23099,new
new,L1,23102,new
new,L1,23108,new
new,L1,23114,new
new,L1,23117,new
new,L1,23122,new
new,L1,23138,new
new,L1,23142,new
new,L1,23183,new
new,L1,23207,new
new,L1,23208,new
new,L1,23217,new
new,L1,23240,new
new,L1,23244,new
new,L1,23255,new
new,L1,23257,new
new,L1,23265,new
new,L1,23273,new
new,L1,23284,new
new,L1,23290,new
new,L1,23294,new
new,L1,23309,new
new,L1,23328,new
new,L1,23329,new
new,L1,23336,new
new,L1,23351,new
new,L1,23363,new
new,L1,23374,new
new,L1,23375,new
new,L1,23385,new
new,L1,23386,new
new,L1,23394,new
new,L1,23412,new
new,L1,23441,new
new,L1,23449,new
new,L1,23496,new
new,L1,23502,new
new,L1,23519,new
new,L1,23524,new
new,L1,23525,new
new,L1,23527,new
new,L1,23542,new
new,L1,23560,new
new,L1,23565,new
new,L1,23569,new
new,L1,23570,new
new,L1,23575,new
new,L1,23608,new
new,L1,23613,new
new,L1,23624,new
new,L1,23636,new
new,L1,23643,new
new,L1,23644,new
new,L1,23649,new
new,L1,23650,new
new,L1,23657,new
new,L1,23661,new
new,L1,23668,new
new,L1,23678,new
new,L1,23680,new
new,L1,23694,new
new,L1,23699,new
new,L1,23701,new
new,L1,23724,new
new,L1,23729,new
new,L1,23745,new
new,L1,23752,new
new,L1,23762,new
new,L1,23777,new
new,L1,23780,new
new,L1,23793,new
new,L1,23838,new
new,L1,23843,new
new,L1,23864,new
new,L1,23885,new
new,L1,23892,new
new,L1,23911,new
new,L1,23915,hin
new,L1,23919,new
new,L1,23960,new
new,L1,23966,new
new,L1,24002,new
new,L1,24003,new
new,L1,24010,new
new,L1,24048,new
new,L1,24050,new
new,L1,24051,new
new,L1,24062,new
new,L1,24071,new
new,L1,24120,new
new,L1,24146,new
new,L1,24147,new
new,L1,24150,new
new,L1,24160,new
new,L1,24165,new
new,L1,24167,new
new,L1,24174,new
new,L1,24177,new
new,L1,24193,new
new,L1,24199,new
new,L1,24211,new
new,L1,24212,new
new,L1,24223,new
new,L1,24225,new
new,L1,24228,new
new,L1,24236,new
new,L1,24237,new
new,L1,24251,new
new,L1,24272,new
new,L1,24281,new
new,L1,24305,new
new,L1,24309,hin
new,L1,24310,new
new,L1,24371,new
new,L1,24406,hin
new,L1,24424,new
new,L1,24437,new
new,L1,24464,new
new,L1,24478,new
new,L1,24507,new
new,L1,24509,new
new,L1,24524,new
new,L1,24543,new
new,L1,24560,new
new,L1,24562,new
new,L1,24593,new
new,L1,24598,new
new,L1,24612,new
new,L1,24613,new
new,L1,24644,new
new,L1,24667,new
new,L1,24674,new
new,L1,24686,new
new,L1,24691,new
new,L1,24705,new
new,L1,24707,new
new,L1,24722,new
new,L1,24764,new
new,L1,24798,new
new,L1,24813,new
new,L1,24829,new
new,L1,24842,new
new,L1,24883,new
new,L1,24891,new
new,L1,24894,new
new,L1,24902,new
new,L1,24907,new
new,L1,24910,new
new,L1,24919,new
new,L1,24922,new
new,L1,24929,new
new,L1,24950,new
new,L1,24958,new
new,L1,24971,new
new,L1,24984,new
new,L1,25001,new
new,L1,25006,new
new,L1,25024,new
new,L1,25027,new
new,L1,25043,new
new,L1,25058,new
new,L1,25100,new
new,L1,25101,hin
new,L1,25132,new
new,L1,25146,new
new,L1,25167,mar
new,L1,25168,new
new,L1,25201,new
new,L1,25215,new
new,L1,25230,new
new,L1,25239,new
new,L1,25261,new
new,L1,25265,hin
new,L1,25271,hin
new,L1,25273,new
new,L1,25284,new
new,L1,25291,new
new,L1,25333,hin
new,L1,25352,new
new,L1,25356,new
new,L1,25365,new
new,L1,25378,new
new,L1,25383,new
new,L1,25432,new
new,L1,25433,new
new,L1,25441,new
new,L1,25446,san
new,L1,25449,new
new,L1,25450,new
new,L1,25458,new
new,L1,25460,new
new,L1,25481,hin
new,L1,25509,hin
new,L1,25555,new
new,L1,25565,new
new,L1,25600,new
new,L1,25606,new
new,L1,25618,new
new,L1,25636,new
new,L1,25647,new
new,L1,25649,new
new,L1,25682,hin
new,L1,25685,new
new,L1,25694,new
new,L1,25696,new
new,L1,25697,new
new,L1,25709,new
new,L1,25744,new
new,L1,25756,new
new,L1,25796,new
new,L1,25804,new
new,L1,25806,new
new,L1,25823,new
new,L1,25828,new
new,L1,25829,new
new,L1,25859,new
new,L1,25914,new
new,L1,25919,new
new,L1,25920,new
new,L1,25923,new
new,L1,25948,new
new,L1,25955,new
new,L1,26009,new
new,L1,26013,new
new,L1,26015,new
new,L1,26038,new
new,L1,26087,new
new,L1,26105,new
new,L1,26113,hin
new,L1,26118,new
new,L1,26132,hin
new,L1,26156,new
new,L1,26167,new
new,L1,26217,new
new,L1,26220,new
new,L1,26221,new
new,L1,26240,new
new,L1,26253,new
new,L1,26260,new
new,L1,26264,new
new,L1,26292,new
new,L1,26303,new
new,L1,26309,new
new,L1,26316,new
new,L1,26363,new
new,L1,26401,new
new,L1,26422,new
new,L1,26451,new
new,L1,26472,new
new,L1,26478,new
new,L1,26511,new
new,L1,26520,new
new,L1,26538,new
new,L1,26547,new
new,L1,26554,new
new,L1,26578,new
new,L1,26587,new
new,L1,26589,new
new,L1,26600,new
new,L1,26606,new
new,L1,26608,new
new,L1,26612,new
new,L1,26619,new
new,L1,26620,new
new,L1,26632,new
new,L1,26641,new
new,L1,26642,new
new,L1,26680,new
new,L1,26705,new
new,L1,26716,new
new,L1,26732,new
new,L1,26745,new
new,L1,26780,new
new,L1,26791,new
new,L1,26812,new
new,L1,26844,new
new,L1,26849,new
new,L1,26899,new
new,L1,26902,new
new,L1,26907,new
new,L1,26908,new
new,L1,26909,new
new,L1,26911,new
new,L1,26951,new
new,L1,26955,new
new,L1,26959,new
new,L1,26977,new
new,L1,26999,new
new,L1,27004,new
new,L1,27006,new
new,L1,27021,new
new,L1,27026,new
new,L1,27033,new
new,L1,27045,new
new,L1,27046,new
new,L1,27049,new
new,L1,27051,new
new,L1,27054,new
new,L1,27069,new
new,L1,27080,new
new,L1,27096,new
new,L1,27106,new
new,L1,27128,new
new,L1,27129,new
new,L1,27146,new
new,L1,27159,new
new,L1,27162,new
new,L1,27178,new
new,L1,27180,new
new,L1,27196,new
new,L1,27229,new
new,L1,27267,new
new,L1,27298,new
new,L1,27311,new
new,L1,27323,new
new,L1,27370,new
new,L1,27392,new
new,L1,27400,new
new,L1,27499,new
new,L1,27505,new
new,L1,27512,new
new,L1,27520,new
new,L1,27539,new
new,L1,27564,new
new,L1,27565,new
new,L1,27567,new
new,L1,27574,new
new,L1,27588,new
new,L1,27595,new
new,L1,27596,new
new,L1,27608,new
new,L1,27620,new
new,L1,27625,new
new,L1,27636,new
new,L1,27646,new
new,L1,27653,new
new,L1,27697,new
new,L1,27711,new
new,L1,27746,new
new,L1,27747,new
new,L1,27748,new
new,L1,27753,new
new,L1,27755,new
new,L1,27774,new
new,L1,27779,new
new,L1,27781,hin
new,L1,27783,new
new,L1,27822,new
new,L1,27829,new
new,L1,27835,new
new,L1,27854,new
new,L1,27856,new
new,L1,27872,new
new,L1,27883,new
new,L1,27888,hin
new,L1,27930,new
new,L1,27943,new
new,L1,27954,hin
new,L1,27962,hin
new,L1,27983,new
new,L1,27993,new
new,L1,27994,new
new,L1,28002,new
new,L1,28011,new
new,L1,28072,new
new,L1,28076,hin
new,L1,28080,new
new,L1,28089,new
new,L1,28091,new
new,L1,28102,new
new,L1,28109,new
new,L1,28115,new
new,L1,28120,hin
new,L1,28127,new
new,L1,28128,new
new,L1,28136,new
new,L1,28159,new
new,L1,28184,new
new,L1,28193,new
new,L1,28198,new
new,L1,28212,new
new,L1,28232,new
new,L1,28235,new
new,L1,28258,new
new,L1,28286,new
new,L1,28288,hin
new,L1,28299,new
new,L1,28305,new
new,L1,28328,new
new,L1,28334,mar
new,L1,28352,new
new,L1,28363,new
new,L1,28407,new
new,L1,28411,new
new,L1,28414,new
new,L1,28441,new
new,L1,28456,san
new,L1,28480,nep
new,L1,28512,new
new,L1,28513,new
new,L1,28518,new
new,L1,28521,new
new,L1,28526,new
new,L1,28537,new
new,L1,28541,new
new,L1,28545,new
new,L1,28551,new
new,L1,28559,new
new,L1,28570,new
new,L1,28573,new
new,L1,28574,new
new,L1,28582,new
new,L1,28588,new
new,L1,28592,new
new,L1,28597,new
new,L1,28661,new
new,L1,28669,new
new,L1,28716,new
new,L1,28722,new
new,L1,28726,new
new,L1,28756,new
new,L1,28759,new
new,L1,28781,new
new,L1,28791,new
new,L1,28801,new
new,L1,28806,new
new,L1,28882,new
new,L1,28901,new
new,L1,28909,new
new,L1,28916,hin
new,L1,28918,hin
new,L1,28928,new
new,L1,28940,new
new,L1,28956,new
new,L1,28982,hin
new,L1,28994,new
new,L1,29002,new
new,L1,29034,hin
new,L1,29039,new
new,L1,29049,new
new,L1,29052,new
new,L1,29078,new
new,L1,29086,new
new,L1,29105,new
new,L1,29107,new
new,L1,29145,new
new,L1,29157,new
new,L1,29184,new
new,L1,29186,new
new,L1,29250,hin
new,L1,29260,new
new,L1,29274,new
new,L1,29275,new
new,L1,29303,new
new,L1,29305,new
new,L1,29306,new
new,L1,29308,new
new,L1,29320,new
new,L1,29328,new
new,L1,29329,new
new,L1,29335,new
new,L1,29369,new
new,L1,29400,new
new,L1,29407,new
new,L1,29409,new
new,L1,29412,hin
new,L1,29428,new
new,L1,29433,new
new,L1,29453,new
new,L1,29473,hin
new,L1,29482,new
new,L1,29483,new
new,L1,29493,new
new,L1,29520,hin
new,L1,29549,new
new,L1,29551,mag
new,L1,29557,new
new,L1,29563,new
new,L1,29566,new
new,L1,29577,new
new,L1,29590,new
new,L1,29594,new
new,L1,29596,new
new,L1,29598,new
new,L1,29615,new
new,L1,29641,new
new,L1,29655,new
new,L1,29669,new
new,L1,29704,hin
new,L1,29722,new
new,L1,29772,new
new,L1,29808,new
new,L1,29820,new
new,L1,29824,hin
new,L1,29840,new
new,L1,29849,new
new,L1,29864,new
new,L1,29894,new
new,L1,29900,new
new,L1,29917,new
new,L1,29973,new
new,L1,29981,nep
new,L5,1,new
new,L5,2,hin
new,L5,3,new
new,L5,4,new
new,L5,5,new
new,L5,6,new
new,L5,7,new
new,L5,8,new
new,L5,9,new
new,L5,11,new
new,L5,12,new
new,L5,13,new
new,L5,14,new
new,L5,15,new
new,L5,16,new
new,L5,17,new
new,L5,20,new
new,L5,21,new
new,L5,22,new
new,L5,23,new
new,L5,24,nep
new,L5,25,new
new,L5,26,new
new,L5,27,new
new,L5,28,new
new,L5,29,new
new,L5,30,new
new,L5,31,new
new,L5,32,new
new,L5,33,hin
new,L5,34,new
new,L5,35,new
new,L5,36,new
new,L5,37,new
new,L5,38,new
new,L5,39,new
new,L5,40,new
new,L5,42,new
new,L5,43,new
new,L5,45,new
new,L5,47,new
new,L5,48,new
new,L5,49,new
new,L5,50,new
new,L5,51,new
new,L5,53,new
new,L5,55,hin
new,L5,56,new
new,L5,57,new
new,L5,58,new
new,L5,59,new
new,L5,60,new
new,L5,61,new
new,L5,62,new
new,L5,63,new
new,L5,64,new
new,L5,65,new
new,L5,66,new
new,L5,67,npi
new,L5,68,new
new,L5,70,new
new,L5,71,new
new,L5,72,new
new,L5,73,new
new,L5,76,new
new,L5,77,new
new,L5,78,new
new,L5,79,new
new,L5,80,new
new,L5,81,new
new,L5,82,new
new,L5,83,new
new,L5,84,new
new,L5,85,new
new,L5,86,new
new,L5,87,new
new,L5,88,new
new,L5,89,new
new,L5,90,new
new,L5,92,new
new,L5,93,new
new,L5,94,new
new,L5,95,new
new,L5,96,new
new,L5,97,new
new,L5,98,hin
new,L5,100,new
new,L5,101,new
new,L5,103,new
new,L5,104,new
new,L5,105,new
new,L5,106,new
new,L5,107,new
new,L5,108,new
new,L5,109,new
new,L5,110,new
new,L5,111,new
new,L5,112,new
new,L5,113,new
new,L5,114,new
new,L5,115,new
new,L5,116,new
new,L5,117,new
new,L5,118,new
new,L5,119,new
new,L5,120,new
new,L5,121,new
new,L5,122,new
new,L5,123,new
new,L5,124,hin
new,L5,125,new
new,L5,126,new
new,L5,127,hin
new,L5,128,new
new,L5,129,mar
new,L5,130,new
new,L5,131,new
new,L5,132,new
new,L5,133,new
new,L5,135,new
new,L5,136,new
new,L5,137,new
new,L5,138,new
new,L5,139,new
new,L5,140,new
new,L5,141,new
new,L5,142,new
new,L5,143,new
new,L5,144,new
new,L5,145,new
new,L5,147,new
new,L5,148,new
new,L5,149,new
new,L5,151,new
new,L5,152,new
new,L5,153,new
new,L5,154,new
new,L5,155,new
new,L5,156,new
new,L5,157,new
new,L5,158,new
new,L5,159,new
new,L5,160,new
new,L5,161,new
new,L5,162,new
new,L5,163,new
new,L5,164,new
new,L5,165,new
new,L5,166,new
new,L5,168,new
new,L5,169,new
new,L5,170,new
new,L5,172,new
new,L5,173,new
new,L5,174,nep
new,L5,175,hin
new,L5,176,new
new,L5,177,new
new,L5,179,new
new,L5,180,new
new,L5,181,new
new,L5,182,new
new,L5,183,new
new,L5,184,new
new,L5,185,new
new,L5,186,new
new,L5,187,new
new,L5,188,new
new,L5,189,new
new,L5,190,new
new,L5,191,new
new,L5,192,new
new,L5,193,new
new,L5,194,new
new,L5,195,new
new,L5,196,new
new,L5,197,new
new,L5,198,new
new,L5,199,new
new,L5,200,new
new,L5,201,new
new,L5,202,new
new,L5,203,new
new,L5,204,new
new,L5,205,new
new,L5,206,new
new,L5,207,new
new,L5,208,new
new,L5,209,new
new,L5,210,new
new,L5,211,new
new,L5,212,new
new,L5,213,new
new,L5,214,new
new,L5,215,new
new,L5,216,new
new,L5,217,new
new,L5,218,new
new,L5,219,new
new,L5,220,new
new,L5,221,new
new,L5,223,npi
new,L5,224,new
new,L5,225,new
new,L5,227,new
new,L5,228,new
new,L5,230,new
new,L5,231,new
new,L5,232,new
new,L5,233,new
new,L5,234,new
new,L5,235,new
new,L5,236,new
new,L5,237,new
new,L5,238,new
new,L5,239,new
new,L5,240,new
new,L5,241,new
new,L5,242,new
new,L5,243,new
new,L5,244,new
new,L5,245,new
new,L5,246,new
new,L5,247,new
new,L5,248,new
new,L5,249,new
new,L5,250,new
new,L5,251,new
new,L5,252,new
new,L5,254,new
new,L5,255,new
new,L5,256,new
new,L5,257,new
new,L5,258,new
new,L5,259,new
new,L5,260,new
new,L5,261,new
new,L5,262,new
new,L5,263,new
new,L5,264,new
new,L5,265,new
new,L5,266,new
new,L5,268,new
new,L5,269,new
new,L5,270,new
new,L5,271,new
new,L5,272,new
new,L5,273,new
new,L5,275,new
new,L5,276,new
new,L5,277,new
new,L5,278,hin
new,L5,279,new
new,L5,280,new
new,L5,281,new
new,L5,282,new
new,L5,283,new
new,L5,284,new
new,L5,285,new
new,L5,287,new
new,L5,289,new
new,L5,290,new
new,L5,291,new
new,L5,292,new
new,L5,293,new
new,L5,294,new
new,L5,295,new
new,L5,296,new
new,L5,297,new
new,L5,298,new
new,L5,299,new
new,L5,300,new
new,L5,302,new
new,L5,303,new
new,L5,304,new
new,L5,305,new
new,L5,306,new
new,L5,307,new
new,L5,308,new
new,L5,309,new
new,L5,310,new
new,L5,311,new
new,L5,312,new
new,L5,313,hin
new,L5,315,new
new,L5,316,new
new,L5,318,hin
new,L5,319,new
new,L5,320,new
new,L5,321,new
new,L5,322,new
new,L5,323,new
new,L5,324,new
new,L5,326,new
new,L5,327,new
new,L5,328,new
new,L5,329,new
new,L5,330,new
new,L5,331,new
new,L5,332,new
new,L5,333,new
new,L5,334,new
new,L5,335,new
new,L5,336,new
new,L5,337,new
new,L5,338,new
new,L5,339,new
new,L5,340,new
new,L5,341,new
new,L5,342,new
new,L5,343,new
new,L5,344,new
new,L5,348,new
new,L5,349,new
new,L5,350,new
new,L5,351,new
new,L5,352,new
new,L5,353,new
new,L5,354,new
new,L5,355,new
new,L5,357,new
new,L5,358,new
new,L5,359,new
new,L5,360,new
new,L5,362,hin
new,L5,363,new
new,L5,364,new
new,L5,365,new
new,L5,366,new
new,L5,367,new
new,L5,368,new
new,L5,369,new
new,L5,370,new
new,L5,371,new
new,L5,372,new
new,L5,373,new
new,L5,374,new
new,L5,375,new
new,L5,376,new
new,L5,377,new
new,L5,378,new
new,L5,379,new
new,L5,380,new
new,L5,381,new
new,L5,382,new
new,L5,383,new
new,L5,384,nep
new,L5,386,new
new,L5,387,new
new,L5,388,new
new,L5,389,new
new,L5,390,new
new,L5,391,new
new,L5,392,new
new,L5,393,new
new,L5,394,new
new,L5,395,new
new,L5,396,new
new,L5,397,new
new,L5,398,new
new,L5,399,new
new,L5,400,new
new,L5,401,new
new,L5,402,new
new,L5,403,new
new,L5,405,new
new,L5,406,new
new,L5,407,new
new,L5,408,new
new,L5,409,new
new,L5,410,new
new,L5,412,new
new,L5,413,new
new,L5,414,new
new,L5,415,new
new,L5,416,new
new,L5,417,new
new,L5,418,new
new,L5,419,new
new,L5,420,new
new,L5,421,new
new,L5,422,new
new,L5,423,new
new,L5,424,new
new,L5,425,new
new,L5,426,new
new,L5,427,new
new,L5,428,new
new,L5,430,new
new,L5,431,new
new,L5,432,new
new,L5,433,new
new,L5,434,new
new,L5,435,new
new,L5,436,new
new,L5,437,new
new,L5,438,new
new,L5,439,new
new,L5,440,new
new,L5,443,new
new,L5,444,new
new,L5,445,new
new,L5,446,new
new,L5,447,new
new,L5,448,new
new,L5,449,new
new,L5,450,new
new,L5,451,new
new,L5,452,new
new,L5,454,new
new,L5,455,new
new,L5,457,new
new,L5,458,new
new,L5,459,new
new,L5,460,new
new,L5,461,new
new,L5,462,new
new,L5,463,new
new,L5,464,new
new,L5,465,new
new,L5,466,new
new,L5,468,new
new,L5,469,new
new,L5,470,nep
new,L5,471,new
new,L5,472,new
new,L5,473,new
new,L5,475,new
new,L5,476,new
new,L5,478,new
new,L5,479,new
new,L5,481,new
new,L5,482,new
new,L5,483,new
new,L5,484,new
new,L5,485,new
new,L5,486,new
new,L5,487,new
new,L5,488,new
new,L5,489,new
new,L5,490,new
new,L5,491,new
new,L5,492,new
new,L5,493,new
new,L5,494,new
new,L5,495,new
new,L5,496,new
new,L5,497,new
new,L5,498,new
new,L5,499,new
new,L5,500,new
new,L5,501,new
new,L5,502,new
new,L5,503,new
new,L5,504,new
new,L5,505,new
new,L5,506,new
new,L5,507,new
new,L5,508,new
new,L5,509,new
new,L5,510,new
new,L5,511,new
new,L5,512,new
new,L5,513,new
new,L5,514,new
new,L5,515,new
new,L5,516,new
new,L5,517,new
new,L5,518,new
new,L5,519,new
new,L5,520,new
new,L5,521,new
new,L5,522,new
new,L5,523,new
new,L5,524,new
new,L5,525,new
new,L5,526,new
new,L5,527,new
new,L5,528,new
new,L5,529,new
new,L5,531,new
new,L5,532,new
new,L5,533,new
new,L5,534,new
new,L5,535,new
new,L5,536,new
new,L5,538,new
new,L5,539,new
new,L5,540,new
new,L5,541,new
new,L5,542,new
new,L5,543,new
new,L5,544,new
new,L5,545,new
new,L5,546,new
new,L5,547,new
new,L5,548,new
new,L5,549,new
new,L5,551,new
new,L5,552,new
new,L5,553,new
new,L5,554,new
new,L5,556,new
new,L5,557,new
new,L5,558,new
new,L5,559,new
new,L5,560,new
new,L5,561,new
new,L5,562,new
new,L5,563,new
new,L5,564,new
new,L5,565,new
new,L5,568,new
new,L5,569,new
new,L5,570,new
new,L5,571,new
new,L5,572,mar
new,L5,573,new
new,L5,574,new
new,L5,575,new
new,L5,576,new
new,L5,579,new
new,L5,581,new
new,L5,582,new
new,L5,583,new
new,L5,584,new
new,L5,585,new
new,L5,586,new
new,L5,587,new
new,L5,588,new
new,L5,589,new
new,L5,590,new
new,L5,591,new
new,L5,593,new
new,L5,594,new
new,L5,595,new
new,L5,596,new
new,L5,597,new
new,L5,599,new
new,L5,601,new
new,L5,602,new
new,L5,603,new
new,L5,604,new
new,L5,605,new
new,L5,606,new
new,L5,607,new
new,L5,608,new
new,L5,609,new
new,L5,610,new
new,L5,611,new
new,L5,612,new
new,L5,613,new
new,L5,614,new
new,L5,615,new
new,L5,616,new
new,L5,617,new
new,L5,618,new
new,L5,619,new
new,L5,620,new
new,L5,621,new
new,L5,622,new
new,L5,623,new
new,L5,624,nep
new,L5,625,new
new,L5,626,new
new,L5,627,new
new,L5,628,new
new,L5,629,new
new,L5,630,new
new,L5,631,new
new,L5,632,new
new,L5,633,new
new,L5,634,new
new,L5,635,new
new,L5,637,new
new,L5,638,new
new,L5,639,new
new,L5,640,new
new,L5,641,new
new,L5,642,new
new,L5,643,new
new,L5,644,new
new,L5,645,new
new,L5,646,new
new,L5,647,new
new,L5,648,new
new,L5,649,new
new,L5,650,new
new,L5,652,new
new,L5,653,new
new,L5,654,new
new,L5,655,new
new,L5,656,new
new,L5,657,new
new,L5,658,new
new,L5,659,new
new,L5,660,new
new,L5,661,new
new,L5,662,new
new,L5,663,new
new,L5,664,new
new,L5,665,new
new,L5,666,new
new,L5,667,new
new,L5,668,new
new,L5,669,new
new,L5,670,new
new,L5,671,new
new,L5,672,new
new,L5,673,new
new,L5,674,new
new,L5,675,new
new,L5,676,new
new,L5,677,new
new,L5,679,new
new,L5,680,new
new,L5,681,new
new,L5,682,new
new,L5,683,new
new,L5,684,new
new,L5,685,new
new,L5,687,new
new,L5,688,new
new,L5,692,new
new,L5,693,new
new,L5,694,new
new,L5,695,new
new,L5,696,new
new,L5,697,new
new,L5,698,new
new,L5,699,new
new,L5,700,new
new,L5,701,new
new,L5,703,new
new,L5,704,new
new,L5,707,new
new,L5,708,new
new,L5,709,new
new,L5,710,new
new,L5,712,new
new,L5,713,new
new,L5,714,new
new,L5,715,new
new,L5,716,new
new,L5,717,new
new,L5,718,new
new,L5,719,hin
new,L5,720,new
new,L5,721,new
new,L5,722,new
new,L5,723,new
new,L5,724,new
new,L5,725,new
new,L5,726,new
new,L5,727,new
new,L5,728,new
mai,L1,9,mai
mai,L1,11,mai
mai,L1,12,mai
mai,L1,13,mai
mai,L1,25,mai
mai,L1,27,mai
mai,L1,35,mai
mai,L1,45,mai
mai,L1,47,mai
mai,L1,48,mai
mai,L1,50,mai
mai,L1,51,mai
mai,L1,56,mai
mai,L1,58,mai
mai,L1,64,mai
mai,L1,67,mai
mai,L1,70,mai
mai,L1,71,mai
mai,L1,73,mai
mai,L1,77,mai
mai,L1,80,mai
mai,L1,81,mai
mai,L1,83,mai
mai,L1,85,mai
mai,L1,90,mai
mai,L1,91,mai
mai,L1,99,mai
mai,L1,106,mai
mai,L1,109,mai
mai,L1,110,mai
mai,L1,111,mai
mai,L1,118,mai
mai,L1,120,mai
mai,L1,124,mai
mai,L1,125,mai
mai,L1,126,mai
mai,L1,128,mai
mai,L1,129,mai
mai,L1,137,mai
mai,L1,139,mai
mai,L1,146,mai
mai,L1,151,mai
mai,L1,152,mai
mai,L1,155,mai
mai,L1,157,mai
mai,L1,167,mai
mai,L1,171,mai
mai,L1,178,mai
mai,L1,181,mai
mai,L1,183,mai
mai,L1,186,mai
mai,L1,188,mai
mai,L1,190,mai
mai,L1,195,mai
mai,L1,196,mai
mai,L1,208,mai
mai,L1,209,mai
mai,L1,211,mai
mai,L1,213,mai
mai,L1,215,mai
mai,L1,216,mai
mai,L1,217,mai
mai,L1,227,mai
mai,L1,231,mai
mai,L1,242,mai
mai,L1,246,mai
mai,L1,248,mai
mai,L1,257,mai
mai,L1,269,mai
mai,L1,278,mai
mai,L1,287,mai
mai,L1,292,mai
mai,L1,295,mai
mai,L1,320,mai
mai,L1,322,mai
mai,L1,326,mai
mai,L1,331,mai
mai,L1,332,mai
mai,L1,334,mai
mai,L1,336,mai
mai,L1,343,mai
mai,L1,344,mai
mai,L1,351,mai
mai,L1,355,mai
mai,L1,356,mai
mai,L1,362,mai
mai,L1,367,mai
mai,L1,383,mai
mai,L1,393,mai
mai,L1,398,mai
mai,L1,402,mai
mai,L1,408,mai
mai,L1,410,mai
mai,L1,415,mai
mai,L1,417,mai
mai,L1,426,mai
mai,L1,428,mai
mai,L1,438,mai
mai,L1,441,mai
mai,L1,476,mai
mai,L1,489,mai
mai,L1,503,mai
mai,L1,510,mai
mai,L1,523,mai
mai,L1,550,mai
mai,L1,561,mai
mai,L1,563,mai
mai,L1,567,mai
mai,L1,573,mai
mai,L1,574,mai
mai,L1,575,mai
mai,L1,582,mai
mai,L1,587,mai
mai,L1,590,mai
mai,L1,598,mai
mai,L1,609,mai
mai,L1,610,mai
mai,L1,611,mai
mai,L1,613,mai
mai,L1,618,mai
mai,L1,622,mai
mai,L1,634,mai
mai,L1,647,mai
mai,L1,655,mai
mai,L1,662,mai
mai,L1,666,mai
mai,L1,669,mai
mai,L1,670,mai
mai,L1,676,mai
mai,L1,682,mai
mai,L1,684,mai
mai,L1,694,mai
mai,L1,696,mai
mai,L1,702,mai
mai,L1,704,mai
mai,L1,712,mai
mai,L1,721,mai
mai,L1,725,mai
mai,L1,729,mai
mai,L1,741,mai
mai,L1,743,mai
mai,L1,745,mai
mai,L1,752,mag
mai,L1,755,mai
mai,L1,772,mai
mai,L1,781,mai
mai,L1,782,mai
mai,L1,784,mai
mai,L1,789,mai
mai,L1,790,mai
mai,L1,801,mai
mai,L1,804,mai
mai,L1,810,mai
mai,L1,821,mai
mai,L1,827,mai
mai,L1,831,mai
mai,L1,838,mai
mai,L1,848,mai
mai,L1,857,mai
mai,L1,864,mai
mai,L1,866,mai
mai,L1,867,mai
mai,L1,872,mai
mai,L1,874,mai
mai,L1,886,mai
mai,L1,915,mai
mai,L1,923,mai
mai,L1,925,mai
mai,L1,933,mai
mai,L1,936,mai
mai,L1,940,mai
mai,L1,946,mai
mai,L1,952,mai
mai,L1,956,mai
mai,L1,962,mai
mai,L1,974,mai
mai,L1,980,mai
mai,L1,988,mai
mai,L1,991,mai
mai,L1,1000,mai
mai,L1,1012,mai
mai,L1,1018,mai
mai,L1,1030,mai
mai,L1,1032,mai
mai,L1,1036,mai
mai,L1,1039,mai
mai,L1,1040,mai
mai,L1,1046,mai
mai,L1,1050,mai
mai,L1,1052,mai
mai,L1,1055,mai
mai,L1,1066,mai
mai,L1,1067,mai
mai,L1,1077,mai
mai,L1,1086,mai
mai,L1,1089,mai
mai,L1,1093,mai
mai,L1,1094,mai
mai,L1,1098,mai
mai,L1,1100,mai
mai,L1,1105,mai
mai,L1,1111,mai
mai,L1,1118,mai
mai,L1,1120,mai
mai,L1,1121,mai
mai,L1,1124,mai
mai,L1,1125,mai
mai,L1,1128,mai
mai,L1,1132,mai
mai,L1,1148,mai
mai,L1,1152,mai
mai,L1,1155,mai
mai,L1,1159,mai
mai,L1,1162,mai
mai,L1,1166,mai
mai,L1,1169,mai
mai,L1,1172,mai
mai,L1,1173,mai
mai,L1,1175,mai
mai,L1,1183,mai
mai,L1,1187,mai
mai,L1,1189,mai
mai,L1,1191,mai
mai,L1,1192,mai
mai,L1,1201,mai
mai,L1,1212,mai
mai,L1,1215,mai
mai,L1,1219,mai
mai,L1,1223,mai
mai,L1,1232,mai
mai,L1,1242,mai
mai,L1,1254,mai
mai,L1,1255,mai
mai,L1,1265,mai
mai,L1,1275,mai
mai,L1,1279,mai
mai,L1,1289,mai
mai,L1,1293,mai
mai,L1,1301,nep
mai,L1,1304,mai
mai,L1,1310,mai
mai,L1,1317,mai
mai,L1,1337,mai
mai,L1,1339,mai
mai,L1,1348,mai
mai,L1,1349,mai
mai,L1,1350,mai
mai,L1,1365,mai
mai,L1,1384,mai
mai,L1,1387,mai
mai,L1,1403,mai
mai,L1,1409,mai
mai,L1,1410,mai
mai,L1,1413,mai
mai,L1,1418,mai
mai,L1,1421,mai
mai,L1,1422,mai
mai,L1,1424,mai
mai,L1,1425,mai
mai,L1,1431,mai
mai,L1,1435,mai
mai,L1,1436,mai
mai,L1,1439,mai
mai,L1,1456,mai
mai,L1,1458,mai
mai,L1,1463,mai
mai,L1,1467,mai
mai,L1,1468,mai
mai,L1,1481,mai
mai,L1,1485,mai
mai,L1,1494,mai
mai,L1,1497,mai
mai,L1,1504,mai
mai,L1,1508,mai
mai,L1,1510,mai
mai,L1,1515,mai
mai,L1,1520,mai
mai,L1,1521,mai
mai,L1,1523,mai
mai,L1,1525,mai
mai,L1,1533,mai
mai,L1,1538,mai
mai,L1,1544,mai
mai,L1,1551,mai
mai,L1,1554,mai
mai,L1,1557,mai
mai,L1,1558,mai
mai,L1,1565,mai
mai,L1,1568,mai
mai,L1,1571,mai
mai,L1,1577,mai
mai,L1,1580,mai
mai,L1,1582,mai
mai,L1,1584,mai
mai,L1,1586,mai
mai,L1,1606,mai
mai,L1,1612,mai
mai,L1,1616,mai
mai,L1,1617,mai
mai,L1,1624,mai
mai,L1,1632,mai
mai,L1,1634,mai
mai,L1,1636,mai
mai,L1,1637,mai
mai,L1,1641,mai
mai,L1,1643,mai
mai,L1,1645,mai
mai,L1,1650,mai
mai,L1,1658,mai
mai,L1,1662,mai
mai,L1,1667,mai
mai,L1,1671,mai
mai,L1,1673,mai
mai,L1,1676,mai
mai,L1,1683,mai
mai,L1,1686,mai
mai,L1,1694,mai
mai,L1,1699,mai
mai,L1,1700,mai
mai,L1,1704,mai
mai,L1,1711,mai
mai,L1,1713,mai
mai,L1,1726,mai
mai,L1,1735,mai
mai,L1,1741,mai
mai,L1,1748,mai
mai,L1,1751,mai
mai,L1,1754,mai
mai,L1,1770,mai
mai,L1,1774,mai
mai,L1,1780,mai
mai,L1,1786,mai
mai,L1,1790,mai
mai,L1,1797,mai
mai,L1,1810,mai
mai,L1,1811,mai
mai,L1,1812,mai
mai,L1,1813,mai
mai,L1,1816,mai
mai,L1,1824,mai
mai,L1,1829,mai
mai,L1,1834,mai
mai,L1,1837,mai
mai,L1,1838,mai
mai,L1,1842,mai
mai,L1,1844,mai
mai,L1,1848,mai
mai,L1,1853,mai
mai,L1,1854,mai
mai,L1,1858,mai
mai,L1,1865,mai
mai,L1,1874,mai
mai,L1,1887,mai
mai,L1,1888,mai
mai,L1,1889,mai
mai,L1,1890,mai
mai,L1,1891,mai
mai,L1,1894,mai
mai,L1,1900,mai
mai,L1,1901,mai
mai,L1,1902,mai
mai,L1,1905,mai
mai,L1,1911,mai
mai,L1,1914,mai
mai,L1,1923,mai
mai,L1,1927,mai
mai,L1,1930,mai
mai,L1,1931,mai
mai,L1,1934,mai
mai,L1,1935,mai
mai,L1,1940,mai
mai,L1,1949,mai
mai,L1,1951,mai
mai,L1,1955,mai
mai,L1,1956,mai
mai,L1,1966,mai
mai,L1,1967,mai
mai,L1,1977,mai
mai,L1,1981,mai
mai,L1,1984,mai
mai,L1,1988,mai
mai,L1,1990,mai
mai,L1,1995,mai
mai,L1,2002,mai
mai,L1,2009,mai
mai,L1,2013,mai
mai,L1,2014,mai
mai,L1,2027,mai
mai,L1,2030,mai
mai,L1,2034,mai
mai,L1,2035,mai
mai,L1,2048,mai
mai,L1,2051,mai
mai,L1,2053,mai
mai,L1,2054,mai
mai,L1,2056,mai
mai,L1,2059,mai
mai,L1,2065,mai
mai,L1,2066,mai
mai,L1,2072,npi
mai,L1,2075,mai
mai,L1,2079,nep
mai,L1,2082,mai
mai,L1,2083,mai
mai,L1,2086,mai
mai,L1,2087,mai
mai,L1,2088,mai
mai,L1,2094,mai
mai,L1,2105,mai
mai,L1,2106,mai
mai,L1,2108,mai
mai,L1,2112,mai
mai,L1,2121,mai
mai,L1,2126,mai
mai,L1,2127,mai
mai,L1,2128,mai
mai,L1,2135,mai
mai,L1,2137,mai
mai,L1,2139,mai
mai,L1,2141,mai
mai,L1,2144,mai
mai,L1,2162,mai
mai,L1,2164,mai
mai,L1,2168,mai
mai,L1,2172,mai
mai,L1,2173,mai
mai,L1,2175,mai
mai,L1,2179,mai
mai,L1,2183,mai
mai,L1,2189,mai
mai,L1,2190,mai
mai,L1,2192,mai
mai,L1,2198,mai
mai,L1,2200,mai
mai,L1,2213,mai
mai,L1,2214,mai
mai,L1,2215,mai
mai,L1,2223,mai
mai,L1,2225,mai
mai,L1,2230,mai
mai,L1,2237,mai
mai,L1,2238,mai
mai,L1,2239,mai
mai,L1,2242,mai
mai,L1,2250,mai
mai,L1,2282,mai
mai,L1,2286,mai
mai,L1,2287,mai
mai,L1,2288,mai
mai,L1,2292,mai
mai,L1,2299,mai
mai,L1,2301,mai
mai,L1,2305,mai
mai,L1,2326,mai
mai,L1,2329,mai
mai,L1,2338,mai
mai,L1,2341,mai
mai,L1,2346,mai
mai,L1,2347,mai
mai,L1,2360,mai
mai,L1,2362,mai
mai,L1,2364,mai
mai,L1,2379,mai
mai,L1,2394,mai
mai,L1,2402,mai
mai,L1,2403,mai
mai,L1,2410,mai
mai,L1,2411,mai
mai,L1,2414,mai
mai,L1,2416,mai
mai,L1,2418,mai
mai,L1,2432,mai
mai,L1,2438,mai
mai,L1,2440,mai
mai,L1,2441,mai
mai,L1,2442,mai
mai,L1,2447,mai
mai,L1,2452,mai
mai,L1,2468,mai
mai,L1,2477,mai
mai,L1,2481,mai
mai,L1,2489,mai
mai,L1,2491,mai
mai,L1,2492,mai
mai,L1,2494,mai
mai,L1,2495,mai
mai,L1,2497,mai
mai,L1,2502,mai
mai,L1,2507,mai
mai,L1,2510,mai
mai,L1,2513,hin
mai,L1,2515,mai
mai,L1,2518,mai
mai,L1,2520,mai
mai,L1,2521,mai
mai,L1,2522,mai
mai,L1,2526,mai
mai,L1,2528,mai
mai,L1,2534,mai
mai,L1,2537,mai
mai,L1,2538,mai
mai,L1,2543,mai
mai,L1,2548,mai
mai,L1,2553,mai
mai,L1,2554,mai
mai,L1,2556,mai
mai,L1,2559,mai
mai,L1,2565,mai
mai,L1,2571,mai
mai,L1,2582,mai
mai,L1,2586,mai
mai,L1,2587,mai
mai,L1,2598,mai
mai,L1,2602,mai
mai,L1,2603,mai
mai,L1,2615,mai
mai,L1,2616,mai
mai,L1,2622,mai
mai,L1,2623,mai
mai,L1,2627,mai
mai,L1,2631,mai
mai,L1,2634,mai
mai,L1,2636,mai
mai,L1,2646,mai
mai,L1,2649,mai
mai,L1,2655,mai
mai,L1,2660,mai
mai,L1,2664,mai
mai,L1,2668,mai
mai,L1,2674,mai
mai,L1,2678,mai
mai,L1,2681,mai
mai,L1,2682,mai
mai,L1,2685,mai
mai,L1,2687,mai
mai,L1,2692,mai
mai,L1,2694,mai
mai,L1,2695,mai
mai,L1,2710,mai
mai,L1,2711,mai
mai,L1,2717,mai
mai,L1,2720,mai
mai,L1,2721,mai
mai,L1,2724,mai
mai,L1,2725,mai
mai,L1,2728,mai
mai,L1,2737,mai
mai,L1,2759,mai
mai,L1,2760,mai
mai,L1,2769,mai
mai,L1,2775,mai
mai,L1,2776,mai
mai,L1,2777,mai
mai,L1,2783,mai
mai,L1,2791,mai
mai,L1,2792,mai
mai,L1,2793,mai
mai,L1,2797,mai
mai,L1,2807,mai
mai,L1,2810,mai
mai,L1,2813,mai
mai,L1,2814,mai
mai,L1,2815,mai
mai,L1,2816,mai
mai,L1,2817,mai
mai,L1,2819,mai
mai,L1,2836,mai
mai,L1,2843,mai
mai,L1,2846,mai
mai,L1,2847,mai
mai,L1,2851,mai
mai,L1,2856,mai
mai,L1,2875,mai
mai,L1,2879,san
mai,L1,2880,mai
mai,L1,2889,mai
mai,L1,2891,mai
mai,L1,2895,mai
mai,L1,2898,mai
mai,L1,2905,mai
mai,L1,2906,mai
mai,L1,2908,mai
mai,L1,2921,mai
mai,L1,2922,mai
mai,L1,2924,mai
mai,L1,2925,mai
mai,L1,2932,mai
mai,L1,2933,mai
mai,L1,2934,mai
mai,L1,2943,mai
mai,L1,2944,mai
mai,L1,2946,mai
mai,L1,2948,mai
mai,L1,2954,mai
mai,L1,2958,mai
mai,L1,2961,mai
mai,L1,2963,mai
mai,L1,2981,mai
mai,L1,2982,mai
mai,L1,2985,mai
mai,L1,2986,mai
mai,L1,2990,mai
mai,L1,3000,mai
mai,L1,3007,mai
mai,L1,3008,mai
mai,L1,3015,mai
mai,L1,3021,mai
mai,L1,3024,mai
mai,L1,3033,mai
mai,L1,3035,mai
mai,L1,3048,mai
mai,L1,3058,mai
mai,L1,3060,mai
mai,L1,3061,mai
mai,L1,3066,mai
mai,L1,3068,mai
mai,L1,3077,mai
mai,L1,3081,mai
mai,L1,3088,mai
mai,L1,3092,mai
mai,L1,3095,mai
mai,L1,3096,mai
mai,L1,3097,mai
mai,L1,3099,mai
mai,L1,3102,mai
mai,L1,3118,mai
mai,L1,3123,mai
mai,L1,3125,mai
mai,L1,3127,mai
mai,L1,3130,mai
mai,L1,3131,mai
mai,L1,3145,mai
mai,L1,3147,mai
mai,L1,3152,mai
mai,L1,3166,mai
mai,L1,3167,mai
mai,L1,3171,mai
mai,L1,3173,mai
mai,L1,3175,mai
mai,L1,3184,mai
mai,L1,3193,mai
mai,L1,3197,mai
mai,L1,3199,mai
mai,L1,3200,mai
mai,L1,3201,mai
mai,L1,3204,mai
mai,L1,3209,mai
mai,L1,3215,mai
mai,L1,3218,mai
mai,L1,3236,mai
mai,L1,3242,mai
mai,L1,3246,mai
mai,L1,3247,mai
mai,L1,3250,mai
mai,L1,3257,mai
mai,L1,3258,mai
mai,L1,3259,mai
mai,L1,3267,mai
mai,L1,3270,mai
mai,L1,3275,mai
mai,L1,3284,mai
mai,L1,3286,mai
mai,L1,3287,mai
mai,L1,3288,mai
mai,L1,3298,mai
mai,L1,3299,mai
mai,L1,3301,mai
mai,L1,3302,mai
mai,L1,3303,mai
mai,L1,3304,mai
mai,L1,3309,mai
mai,L1,3312,mai
mai,L1,3322,mai
mai,L1,3324,mai
mai,L1,3331,mai
mai,L1,3333,mai
mai,L1,3345,mai
mai,L1,3347,mai
mai,L1,3356,mai
mai,L1,3357,mai
mai,L1,3360,mai
mai,L1,3369,mai
mai,L1,3370,mai
mai,L1,3371,mai
mai,L1,3378,mai
mai,L1,3384,mai
mai,L1,3389,mai
mai,L1,3390,mai
mai,L1,3394,mai
mai,L1,3400,mai
mai,L1,3401,mai
mai,L1,3405,mai
mai,L1,3415,mai
mai,L1,3423,mai
mai,L1,3425,mai
mai,L1,3429,mai
mai,L1,3438,mai
mai,L1,3441,mai
mai,L1,3445,mai
mai,L1,3450,mai
mai,L1,3455,mai
mai,L1,3472,mai
mai,L1,3479,mai
mai,L1,3482,mai
mai,L1,3487,mai
mai,L1,3493,mai
mai,L1,3496,mai
mai,L1,3502,mai
mai,L1,3506,mai
mai,L1,3509,mai
mai,L1,3514,mai
mai,L1,3523,mai
mai,L1,3526,mai
mai,L1,3529,mai
mai,L1,3533,mai
mai,L1,3534,mai
mai,L1,3539,mai
mai,L1,3541,mai
mai,L1,3546,mai
mai,L1,3552,mai
mai,L1,3557,mai
mai,L1,3558,mai
mai,L1,3562,mai
mai,L1,3569,mai
mai,L1,3583,mai
mai,L1,3590,mai
mai,L1,3592,mai
mai,L1,3610,mai
mai,L1,3611,mai
mai,L1,3619,mai
mai,L1,3621,mai
mai,L1,3626,mai
mai,L1,3628,mai
mai,L1,3629,mai
mai,L1,3631,mai
mai,L1,3645,mai
mai,L1,3647,mai
mai,L1,3648,mai
mai,L1,3672,mai
mai,L1,3673,mai
mai,L1,3674,mai
mai,L1,3676,mai
mai,L1,3677,mai
mai,L1,3681,mai
mai,L1,3682,mai
mai,L1,3683,mai
mai,L1,3690,mai
mai,L1,3692,mai
mai,L1,3704,mai
mai,L1,3708,mai
mai,L1,3713,mai
mai,L1,3732,mai
mai,L1,3754,mai
mai,L1,3762,mai
mai,L1,3771,mai
mai,L1,3774,mai
mai,L1,3780,mai
mai,L1,3781,mai
mai,L1,3791,mai
mai,L1,3794,mai
mai,L1,3798,mai
mai,L1,3801,mai
mai,L1,3806,mai
mai,L1,3814,mai
mai,L1,3815,mai
mai,L1,3817,mai
mai,L1,3820,mai
mai,L1,3832,mai
mai,L1,3836,mai
mai,L1,3837,mai
mai,L1,3844,mai
mai,L1,3845,mai
mai,L1,3846,mai
mai,L1,3857,mai
mai,L1,3866,mai
mai,L1,3869,mai
mai,L1,3870,mai
mai,L1,3886,mai
mai,L1,3892,mai
mai,L1,3894,mai
mai,L1,3896,mai
mai,L1,3897,mai
mai,L1,3898,mai
mai,L1,3899,mai
mai,L1,3907,mai
mai,L1,3908,mai
mai,L1,3916,mai
mai,L1,3921,mai
mai,L1,3932,mai
mai,L1,3937,mai
mai,L1,3938,mai
mai,L1,3943,mai
mai,L1,3944,mai
mai,L1,3947,mai
mai,L1,3949,mai
mai,L1,3957,mai
mai,L1,3967,mai
mai,L1,3968,mai
mai,L1,3969,mai
mai,L1,3974,mai
mai,L1,3976,mai
mai,L1,3983,mai
mai,L1,3989,mai
mai,L1,3996,mai
mai,L1,3997,mai
mai,L1,4011,hin
mai,L1,4015,mai
mai,L1,4017,mai
mai,L1,4020,mai
mai,L1,4021,mai
mai,L1,4024,mai
mai,L1,4025,mai
mai,L1,4026,mai
mai,L1,4029,mai
mai,L1,4030,mai
mai,L1,4041,mai
mai,L1,4047,mai
mai,L1,4048,mai
mai,L1,4049,mai
mai,L1,4068,mai
mai,L1,4074,mai
mai,L1,4082,mai
mai,L1,4086,mai
mai,L1,4093,mai
mai,L1,4095,mai
mai,L1,4096,mai
mai,L1,4107,mai
mai,L1,4108,mai
mai,L1,4119,mai
mai,L1,4121,mai
mai,L1,4122,mai
mai,L1,4123,mai
mai,L1,4125,mai
mai,L1,4126,mai
mai,L1,4130,mai
mai,L1,4136,mai
mai,L1,4139,mai
mai,L1,4145,mai
mai,L1,4148,mai
mai,L1,4153,mai
mai,L1,4154,mai
mai,L1,4158,mai
mai,L1,4164,mai
mai,L1,4165,mai
mai,L1,4166,mai
mai,L1,4169,mai
mai,L1,4173,mai
mai,L1,4174,mai
mai,L1,4189,mai
mai,L1,4199,mai
mai,L1,4204,mai
mai,L1,4205,mai
mai,L1,4209,mai
mai,L1,4210,mai
mai,L1,4215,mai
mai,L1,4228,mai
mai,L1,4233,mai
mai,L1,4241,mai
mai,L1,4245,mai
mai,L1,4252,mai
mai,L1,4256,mai
mai,L1,4258,mai
mai,L1,4259,mai
mai,L1,4268,mai
mai,L1,4270,mai
mai,L1,4274,mai
mai,L1,4282,mai
mai,L1,4283,mai
mai,L1,4289,mai
mai,L1,4290,mai
mai,L1,4295,mai
mai,L1,4297,mai
mai,L1,4299,mai
mai,L1,4300,mai
mai,L1,4301,mai
mai,L1,4307,mai
mai,L1,4308,mai
mai,L1,4310,mai
mai,L1,4313,mai
mai,L1,4314,mai
mai,L1,4321,mai
mai,L1,4322,mai
mai,L1,4325,mai
mai,L1,4330,mai
mai,L1,4335,mai
mai,L1,4338,mai
mai,L1,4347,mai
mai,L1,4349,mai
mai,L1,4351,mai
mai,L1,4357,mai
mai,L1,4372,mai
mai,L1,4375,mai
mai,L1,4378,mai
mai,L1,4380,mai
mai,L1,4388,mai
mai,L1,4390,mai
mai,L1,4391,mai
mai,L1,4396,mai
mai,L1,4406,mai
mai,L1,4411,mai
mai,L1,4418,mai
mai,L1,4419,mai
mai,L1,4424,mai
mai,L1,4426,mai
mai,L1,4427,mai
mai,L1,4448,mai
mai,L1,4453,mai
mai,L1,4456,mai
mai,L1,4457,mai
mai,L1,4459,mai
mai,L1,4463,mai
mai,L1,4464,mai
mai,L1,4477,mai
mai,L1,4479,mai
mai,L1,4492,mai
mai,L1,4493,mai
mai,L1,4494,mai
mai,L1,4498,mai
mai,L1,4509,mai
mai,L1,4515,mai
mai,L1,4519,mai
mai,L1,4523,mai
mai,L1,4524,mai
mai,L1,4526,mai
mai,L1,4533,hin
mai,L1,4534,mai
mai,L1,4543,mai
mai,L1,4544,mai
mai,L1,4551,mai
mai,L1,4552,mai
mai,L1,4553,mai
mai,L1,4554,mai
mai,L1,4578,mai
mai,L1,4586,mai
mai,L1,4589,mai
mai,L1,4595,mai
mai,L1,4599,mai
mai,L1,4601,mai
mai,L1,4616,mai
mai,L1,4625,mai
mai,L1,4629,mai
mai,L1,4632,mai
mai,L1,4633,mai
mai,L1,4634,mai
mai,L1,4638,mai
mai,L1,4639,mai
mai,L1,4642,mai
mai,L1,4645,mai
mai,L1,4675,mai
mai,L1,4677,mai
mai,L1,4686,mai
mai,L1,4688,mai
mai,L1,4697,mai
mai,L1,4702,mai
mai,L1,4708,mai
mai,L1,4709,mai
mai,L1,4712,mai
mai,L1,4742,mai
mai,L1,4743,mai
mai,L1,4908,mai
mai,L1,4927,mai
mai,L1,4935,mai
mai,L1,4941,mai
mai,L1,4943,mai
mai,L1,4945,mai
mai,L1,4950,mai
mai,L1,4955,mai
mai,L1,4956,mai
mai,L1,4981,mai
mai,L1,4986,mai
mai,L1,4990,mai
mai,L1,4993,mai
mai,L1,4995,mai
mai,L1,4996,mai
mai,L1,5007,mai
mai,L1,5014,mai
mai,L1,5016,mai
mai,L1,5023,mai
mai,L1,5025,mai
mai,L1,5026,mai
mai,L1,5031,mai
mai,L1,5038,mai
mai,L1,5042,mai
mai,L1,5052,mai
mai,L1,5060,mai
mai,L1,5061,mai
mai,L1,5064,mai
mai,L1,5074,mai
mai,L1,5078,mai
mai,L1,5079,mai
mai,L1,5081,mai
mai,L1,5092,mai
mai,L1,5093,mai
mai,L1,5096,mai
mai,L1,5098,mai
mai,L1,5099,mai
mai,L1,5107,mai
mai,L1,5108,mai
mai,L1,5118,mai
mai,L1,5125,mai
mai,L1,5136,mai
mai,L1,5139,mai
mai,L1,5142,mai
mai,L1,5153,mai
mai,L1,5165,mai
mai,L1,5169,mai
mai,L1,5177,mai
mai,L1,5185,hin
mai,L1,5202,mai
mai,L1,5204,mai
mai,L1,5209,mai
mai,L1,5220,mai
mai,L1,5223,mai
mai,L1,5225,mai
mai,L1,5232,mai
mai,L1,5236,mai
mai,L1,5242,mai
mai,L1,5253,mai
mai,L1,5256,mai
mai,L1,5259,mai
mai,L1,5260,mai
mai,L1,5265,mai
mai,L1,5283,mai
mai,L1,5285,mai
mai,L1,5290,mai
mai,L1,5292,mai
mai,L1,5295,mai
mai,L1,5300,mai
mai,L1,5304,mai
mai,L1,5305,mai
mai,L1,5306,mai
mai,L1,5312,mai
mai,L1,5313,mai
mai,L1,5314,mai
mai,L1,5315,mai
mai,L1,5328,mai
mai,L1,5335,mai
mai,L1,5338,mai
mai,L1,5339,mai
mai,L1,5342,mai
mai,L1,5343,mai
mai,L1,5346,mai
mai,L1,5349,mai
mai,L1,5350,mai
mai,L1,5358,mai
mai,L1,5359,mai
mai,L1,5363,mai
mai,L1,5373,mai
mai,L1,5378,mai
mai,L1,5380,mai
mai,L1,5381,mai
mai,L1,5382,mai
mai,L1,5383,mai
mai,L1,5384,mai
mai,L1,5388,mai
mai,L1,5392,mai
mai,L1,5393,mai
mai,L1,5394,mai
mai,L1,5395,mai
mai,L1,5400,mai
mai,L1,5401,mai
mai,L1,5407,mai
mai,L1,5417,mai
mai,L1,5418,mai
mai,L1,5427,mai
mai,L1,5431,mai
mai,L1,5432,mai
mai,L1,5434,mai
mai,L1,5441,mai
mai,L1,5442,mai
mai,L1,5444,mai
mai,L1,5445,mai
mai,L1,5447,mai
mai,L1,5458,mai
mai,L1,5460,mai
mai,L1,5463,mai
mai,L1,5469,mai
mai,L1,5473,mai
mai,L1,5480,mai
mai,L1,5481,mai
mai,L1,5485,mai
mai,L1,5491,mai
mai,L1,5500,mai
mai,L1,5515,mai
mai,L1,5518,mai
mai,L1,5524,mai
mai,L1,5533,mai
mai,L1,5538,mai
mai,L1,5540,mai
mai,L1,5547,mai
mai,L1,5553,mai
mai,L1,5554,mai
mai,L1,5568,mai
mai,L1,5572,mai
mai,L1,5573,mai
mai,L1,5577,mai
mai,L1,5579,mai
mai,L1,5581,mai
mai,L1,5582,mai
mai,L1,5584,mai
mai,L1,5591,mai
mai,L1,5603,mai
mai,L1,5604,mai
mai,L1,5605,mai
mai,L1,5608,mai
mai,L1,5609,mai
mai,L1,5620,mai
mai,L1,5622,mai
mai,L1,5631,mai
mai,L1,5646,mai
mai,L1,5652,mai
mai,L1,5662,mai
mai,L1,5670,mai
mai,L1,5671,mai
mai,L1,5676,mai
mai,L1,5679,mai
mai,L1,5688,mai
mai,L1,5691,mai
mai,L1,5695,mai
mai,L1,5699,mai
mai,L1,5704,mai
mai,L1,5706,mai
mai,L1,5712,mai
mai,L1,5721,new
mai,L1,5726,mai
mai,L1,5734,mai
mai,L1,5735,mai
mai,L1,5738,mai
mai,L1,5739,mai
mai,L1,5753,mai
mai,L1,5765,mai
mai,L1,5768,mai
mai,L1,5770,mai
mai,L1,5777,mai
mai,L1,5779,mai
mai,L1,5781,mai
mai,L1,5783,mai
mai,L1,5784,mai
mai,L1,5789,mai
mai,L1,5792,mai
mai,L1,5793,mai
mai,L1,5798,mai
mai,L1,5800,mai
mai,L1,5807,mai
mai,L1,5811,mai
mai,L1,5813,mai
mai,L1,5819,mai
mai,L1,5823,mai
mai,L1,5827,mai
mai,L1,5835,mai
mai,L1,5839,mai
mai,L1,5841,mai
mai,L1,5843,mai
mai,L1,5844,mai
mai,L1,5847,mai
mai,L1,5855,mai
mai,L1,5859,mai
mai,L1,5871,mai
mai,L1,5874,mai
mai,L1,5879,mai
mai,L1,5882,mai
mai,L1,5884,mai
mai,L1,5889,mai
mai,L1,5892,mai
mai,L1,5895,mai
mai,L1,5911,mai
mai,L1,5913,mai
mai,L1,5921,mai
mai,L1,5923,mai
mai,L1,5924,mai
mai,L1,5925,mai
mai,L1,5934,mai
mai,L1,5951,mai
mai,L1,5952,mai
mai,L1,5960,mai
mai,L1,5963,mai
mai,L1,5965,mai
mai,L1,5971,mai
mai,L1,5972,mai
mai,L1,5973,mai
mai,L1,5979,mai
mai,L1,5997,mai
mai,L1,6008,mai
mai,L1,6011,mai
mai,L1,6020,mai
mai,L1,6024,mai
mai,L1,6025,mai
mai,L1,6026,mai
mai,L1,6031,mai
mai,L1,6036,mai
mai,L1,6038,mai
mai,L1,6039,mai
mai,L1,6040,mai
mai,L1,6046,mai
mai,L1,6049,mai
mai,L1,6050,mai
mai,L1,6051,mai
mai,L1,6053,mai
mai,L1,6059,mai
mai,L1,6060,mai
mai,L1,6068,mai
mai,L1,6074,mai
mai,L1,6075,mai
mai,L1,6076,mai
mai,L1,6095,mai
mai,L1,6097,mai
mai,L1,6106,mai
mai,L1,6115,mai
mai,L1,6116,mai
mai,L1,6120,mai
mai,L1,6122,mai
mai,L1,6130,mai
mai,L1,6134,mai
mai,L1,6138,mai
mai,L1,6142,mai
mai,L1,6156,mai
mai,L1,6164,mai
mai,L1,6176,mai
mai,L1,6178,mai
mai,L1,6180,mai
mai,L1,6184,mai
mai,L1,6186,mai
mai,L1,6187,mai
mai,L1,6195,mai
mai,L1,6198,mai
mai,L1,6201,mai
mai,L1,6218,mai
mai,L1,6222,mai
mai,L1,6224,mai
mai,L1,6229,mai
mai,L1,6232,mai
mai,L1,6234,mai
mai,L1,6236,mai
mai,L1,6237,mai
mai,L1,6238,mai
mai,L1,6241,mai
mai,L1,6242,mai
mai,L1,6245,mai
mai,L1,6250,mai
mai,L1,6253,mai
mai,L1,6258,mai
mai,L1,6259,mai
mai,L1,6260,mai
mai,L1,6269,mai
mai,L1,6272,mai
mai,L1,6276,mai
mai,L1,6277,mai
mai,L1,6282,mai
mai,L1,6286,mai
mai,L1,6288,mai
mai,L1,6308,mai
mai,L1,6310,mai
mai,L1,6322,mai
mai,L1,6332,mai
mai,L1,6343,mai
mai,L1,6346,mai
mai,L1,6349,mai
mai,L1,6352,mai
mai,L1,6355,mai
mai,L1,6359,mai
mai,L1,6364,mai
mai,L1,6365,mai
mai,L1,6366,mai
mai,L1,6368,mai
mai,L1,6371,mai
mai,L1,6373,mai
mai,L1,6375,mai
mai,L1,6376,mai
mai,L1,6381,mai
mai,L1,6386,mai
mai,L1,6399,mai
mai,L1,6402,mai
mai,L1,6403,mai
mai,L1,6405,mai
mai,L1,6406,mai
mai,L1,6410,mai
mai,L1,6415,mai
mai,L1,6422,mai
mai,L1,6428,mai
mai,L1,6429,mai
mai,L1,6435,mai
mai,L1,6436,mai
mai,L1,6438,mai
mai,L1,6439,mai
mai,L1,6440,mai
mai,L1,6446,mai
mai,L1,6453,mai
mai,L1,6466,mai
mai,L1,6476,mai
mai,L1,6487,mai
mai,L1,6490,mai
mai,L1,6493,mai
mai,L1,6496,mai
mai,L1,6500,mai
mai,L1,6501,mai
mai,L1,6510,mai
mai,L1,6511,mai
mai,L1,6515,mai
mai,L1,6518,mai
mai,L1,6526,mai
mai,L1,6532,mai
mai,L1,6534,mai
mai,L1,6539,mai
mai,L1,6542,mai
mai,L1,6552,mai
mai,L1,6558,mai
mai,L1,6576,mai
mai,L1,6590,mai
mai,L1,6592,mai
mai,L1,6598,mai
mai,L1,6601,mai
mai,L1,6602,mai
mai,L1,6612,mai
mai,L1,6615,mai
mai,L1,6618,mai
mai,L1,6619,mai
mai,L1,6623,mai
mai,L1,6626,mai
mai,L1,6628,mai
mai,L1,6636,mai
mai,L1,6639,mai
mai,L1,6642,mai
mai,L1,6650,mai
mai,L1,6651,mai
mai,L1,6656,mai
mai,L1,6668,mai
mai,L1,6672,mai
mai,L1,6674,mai
mai,L1,6681,mai
mai,L1,6682,mai
mai,L1,6687,mai
mai,L1,6689,mai
mai,L1,6690,mai
mai,L1,6693,mai
mai,L1,6694,mai
mai,L1,6704,mai
mai,L1,6707,mai
mai,L1,6711,mai
mai,L1,6715,mai
mai,L1,6722,mai
mai,L1,6735,mai
mai,L1,6745,mai
mai,L1,6747,mai
mai,L1,6751,mai
mai,L1,6758,mai
mai,L1,6768,mai
mai,L1,6773,hin
mai,L1,6785,mai
mai,L1,6786,mai
mai,L1,6787,mai
mai,L1,6792,mai
mai,L1,6803,mai
mai,L1,6807,mai
mai,L1,6810,mai
mai,L1,6823,mai
mai,L1,6824,mai
mai,L1,6825,mai
mai,L1,6832,mai
mai,L1,6836,mai
mai,L1,6846,mai
mai,L1,6847,mai
mai,L1,6859,mai
mai,L1,6868,mai
mai,L1,6874,mai
mai,L1,6879,mai
mai,L1,6880,mai
mai,L1,6881,mai
mai,L1,6883,mai
mai,L1,6885,mai
mai,L1,6886,mai
mai,L1,6887,mai
mai,L1,6891,mai
mai,L1,6900,mai
mai,L1,6901,mai
mai,L1,6904,mai
mai,L1,6908,mai
mai,L1,6909,mai
mai,L1,6912,mai
mai,L1,6923,mai
mai,L1,6925,mai
mai,L1,6932,mai
mai,L1,6935,mai
mai,L1,6939,awa
mai,L1,6946,mai
mai,L1,6951,mai
mai,L1,6958,mai
mai,L1,6969,mai
mai,L1,6972,mai
mai,L1,6975,mai
mai,L1,6984,mai
mai,L1,6986,mai
mai,L1,6993,mai
mai,L1,7002,mai
mai,L1,7003,mai
mai,L1,7011,mai
mai,L1,7013,mai
mai,L1,7018,mai
mai,L1,7021,mai
mai,L1,7029,mai
mai,L1,7036,mai
mai,L1,7037,mai
mai,L1,7039,mai
mai,L1,7051,mai
mai,L1,7053,mai
mai,L1,7054,mai
mai,L1,7061,mai
mai,L1,7066,mai
mai,L1,7081,mai
mai,L1,7082,mai
mai,L1,7089,mai
mai,L1,7090,mai
mai,L1,7092,mai
mai,L1,7093,mai
mai,L1,7094,mai
mai,L1,7095,mai
mai,L1,7098,mai
mai,L1,7099,mai
mai,L1,7103,mai
mai,L1,7112,mai
mai,L1,7113,mai
mai,L1,7119,mai
mai,L1,7120,mai
mai,L1,7126,mai
mai,L1,7134,mai
mai,L1,7138,mai
mai,L1,7140,mai
mai,L1,7143,mai
mai,L1,7146,mai
mai,L1,7153,mai
mai,L1,7160,mai
mai,L1,7161,mai
mai,L1,7185,mai
mai,L1,7190,mai
mai,L1,7193,mai
mai,L1,7199,mai
mai,L1,7201,mai
mai,L1,7214,hin
mai,L1,7221,mai
mai,L1,7226,mai
mai,L1,7228,mai
mai,L1,7231,mai
mai,L1,7232,mai
mai,L1,7241,mai
mai,L1,7259,mai
mai,L1,7264,mai
mai,L1,7269,mai
mai,L1,7283,mai
mai,L1,7287,mai
mai,L1,7288,mai
mai,L1,7289,mai
mai,L1,7300,mai
mai,L1,7301,mai
mai,L1,7305,mai
mai,L1,7318,mai
mai,L1,7320,mai
mai,L1,7332,mai
mai,L1,7334,mai
mai,L1,7335,mai
mai,L1,7341,mai
mai,L1,7344,mai
mai,L1,7352,mai
mai,L1,7361,mai
mai,L1,7365,mai
mai,L1,7366,mai
mai,L1,7369,mai
mai,L1,7371,mai
mai,L1,7378,mai
mai,L1,7385,mai
mai,L1,7386,mai
mai,L1,7396,mai
mai,L1,7397,mai
mai,L1,7408,mai
mai,L1,7413,mai
mai,L1,7415,mai
mai,L1,7421,mai
mai,L1,7425,mai
mai,L1,7431,mai
mai,L1,7438,mai
mai,L1,7446,mai
mai,L1,7454,mai
mai,L1,7456,mai
mai,L1,7463,mai
mai,L1,7464,mai
mai,L1,7465,mai
mai,L1,7467,mai
mai,L1,7468,mai
mai,L1,7480,mai
mai,L1,7482,mai
mai,L1,7483,mai
mai,L1,7487,mai
mai,L1,7496,mai
mai,L1,7501,mai
mai,L1,7512,mai
mai,L1,7515,mai
mai,L1,7516,mai
mai,L1,7517,mai
mai,L1,7523,mai
mai,L1,7524,mai
mai,L1,7530,mai
mai,L1,7535,mai
mai,L1,7542,mai
mai,L1,7543,mai
mai,L1,7545,mai
mai,L1,7551,mai
mai,L1,7558,mai
mai,L1,7559,mai
mai,L1,7562,mai
mai,L1,7563,mai
mai,L1,7568,mai
mai,L1,7572,mai
mai,L1,7580,mai
mai,L1,7581,mai
mai,L1,7601,mai
mai,L1,7602,mai
mai,L1,7603,mai
mai,L1,7605,mai
mai,L1,7614,mai
mai,L1,7617,mai
mai,L1,7628,mai
mai,L1,7634,mai
mai,L1,7635,mai
mai,L1,7636,mai
mai,L1,7644,mai
mai,L1,7646,mai
mai,L1,7648,mai
mai,L1,7653,mai
mai,L1,7665,mai
mai,L1,7667,mai
mai,L1,7673,mai
mai,L1,7679,mai
mai,L1,7680,mai
mai,L1,7687,mai
mai,L1,7690,mai
mai,L1,7695,mai
mai,L1,7697,mai
mai,L1,7704,mai
mai,L1,7710,mai
mai,L1,7711,mai
mai,L1,7716,mai
mai,L1,7717,mai
mai,L1,7721,mai
mai,L1,7731,mai
mai,L1,7732,mai
mai,L1,7734,mai
mai,L1,7742,mai
mai,L1,7744,mai
mai,L1,7745,mai
mai,L1,7747,mai
mai,L1,7758,mai
mai,L1,7760,mai
mai,L1,7761,mai
mai,L1,7763,mai
mai,L1,7770,mai
mai,L1,7773,mai
mai,L1,7774,mai
mai,L1,7775,mai
mai,L1,7776,mai
mai,L1,7779,mai
mai,L1,7781,mai
mai,L1,7783,nep
mai,L1,7784,mai
mai,L1,7787,mai
mai,L1,7802,mai
mai,L1,7807,mai
mai,L1,7820,mag
mai,L1,7828,mai
mai,L1,7829,mai
mai,L1,7834,mai
mai,L1,7835,mai
mai,L1,7838,mai
mai,L1,7839,mai
mai,L1,7847,mai
mai,L1,7848,mai
mai,L1,7849,mai
mai,L1,7855,mai
mai,L1,7859,mai
mai,L1,7869,mai
mai,L1,7871,mai
mai,L1,7877,mai
mai,L1,7882,mai
mai,L1,7885,mai
mai,L1,7886,mai
mai,L1,7889,mai
mai,L1,7907,mai
mai,L1,7911,mai
mai,L1,7919,mai
mai,L1,7925,mai
mai,L1,7926,mai
mai,L1,7932,mai
mai,L1,7941,mai
mai,L1,7949,mai
mai,L1,7952,mai
mai,L1,7953,mai
mai,L1,7958,mai
mai,L1,7962,mai
mai,L1,7965,mai
mai,L1,7967,mai
mai,L1,7974,mai
mai,L1,7976,mai
mai,L1,7979,npi
mai,L1,7982,mai
mai,L1,7994,mai
mai,L1,7997,mai
mai,L1,7998,mai
mai,L1,8006,mai
mai,L1,8017,mai
mai,L1,8020,mai
mai,L1,8025,mai
mai,L1,8029,mai
mai,L1,8030,mai
mai,L1,8050,mai
mai,L1,8051,mai
mai,L1,8057,mai
mai,L1,8064,mai
mai,L1,8066,mai
mai,L1,8067,mai
mai,L1,8069,mai
mai,L1,8071,mai
mai,L1,8075,mai
mai,L1,8092,mai
mai,L1,8098,mai
mai,L1,8100,mai
mai,L1,8102,mai
mai,L1,8103,mai
mai,L1,8106,mai
mai,L1,8107,mai
mai,L1,8109,mai
mai,L1,8118,mai
mai,L1,8126,mai
mai,L1,8127,mai
mai,L1,8138,mai
mai,L1,8142,mai
mai,L1,8144,mai
mai,L1,8145,mai
mai,L1,8149,mai
mai,L1,8150,mai
mai,L1,8152,mai
mai,L1,8160,mai
mai,L1,8169,mai
mai,L1,8183,mai
mai,L1,8186,mai
mai,L1,8187,mai
mai,L1,8194,mai
mai,L1,8195,mai
mai,L1,8198,mai
mai,L1,8199,mai
mai,L1,8203,mai
mai,L1,8205,mai
mai,L1,8212,mai
mai,L1,8213,mai
mai,L1,8215,mai
mai,L1,8226,mai
mai,L1,8237,mai
mai,L1,8244,mai
mai,L1,8252,mai
mai,L1,8265,mai
mai,L1,8266,mai
mai,L1,8273,mai
mai,L1,8275,mai
mai,L1,8279,mai
mai,L1,8285,mai
mai,L1,8289,mai
mai,L1,8292,mai
mai,L1,8295,mai
mai,L1,8299,mai
mai,L1,8311,mai
mai,L1,8312,mai
mai,L1,8318,mai
mai,L1,8324,mai
mai,L1,8329,mai
mai,L1,8330,mai
mai,L1,8331,mai
mai,L1,8344,mai
mai,L1,8349,mai
mai,L1,8359,mai
mai,L1,8364,mai
mai,L1,8368,mai
mai,L1,8371,mai
mai,L1,8372,mai
mai,L1,8373,mai
mai,L1,8375,mai
mai,L1,8376,mai
mai,L1,8380,mai
mai,L1,8389,mai
mai,L1,8392,mai
mai,L1,8395,mai
mai,L1,8407,mai
mai,L1,8409,mai
mai,L1,8416,mai
mai,L1,8419,mai
mai,L1,8426,mai
mai,L1,8429,mai
mai,L1,8431,mai
mai,L1,8435,mai
mai,L1,8436,mai
mai,L1,8438,mai
mai,L1,8443,mai
mai,L1,8446,mai
mai,L1,8448,mai
mai,L1,8471,mai
mai,L1,8474,mai
mai,L1,8482,mai
mai,L1,8486,mai
mai,L1,8487,mai
mai,L1,8488,mai
mai,L1,8512,mai
mai,L1,8516,mai
mai,L1,8522,mai
mai,L1,8525,mai
mai,L1,8526,mai
mai,L1,8535,mai
mai,L1,8536,mai
mai,L1,8547,mai
mai,L1,8565,mai
mai,L1,8583,mai
mai,L1,8585,mai
mai,L1,8586,mai
mai,L1,8587,mai
mai,L1,8600,mai
mai,L1,8607,mai
mai,L1,8612,mai
mai,L1,8617,mai
mai,L1,8619,mai
mai,L1,8623,mai
mai,L1,8628,mai
mai,L1,8632,mai
mai,L1,8633,mai
mai,L1,8639,mai
mai,L1,8641,mai
mai,L1,8642,mai
mai,L1,8644,mai
mai,L1,8645,mai
mai,L1,8647,mai
mai,L1,8663,mai
mai,L1,8664,mai
mai,L1,8668,mai
mai,L1,8676,mai
mai,L1,8684,mai
mai,L1,8689,mai
mai,L1,8691,mai
mai,L1,8700,mai
mai,L1,8702,mai
mai,L1,8707,mai
mai,L1,8710,mai
mai,L1,8711,mai
mai,L1,8718,mai
mai,L1,8721,mai
mai,L1,8728,mai
mai,L1,8729,mai
mai,L1,8736,mai
mai,L1,8742,mai
mai,L1,8748,mai
mai,L1,8753,mai
mai,L1,8758,mai
mai,L1,8759,mai
mai,L1,8763,mai
mai,L1,8766,mai
mai,L1,8767,mai
mai,L1,8772,mai
mai,L1,8775,mai
mai,L1,8783,mai
mai,L1,8784,mai
mai,L1,8790,mai
mai,L1,8794,mai
mai,L1,8797,mai
mai,L1,8800,mai
mai,L1,8807,mai
mai,L1,8811,mai
mai,L1,8817,mai
mai,L1,8818,mai
mai,L1,8840,mai
mai,L1,8842,mai
mai,L1,8848,mai
mai,L1,8851,mai
mai,L1,8856,mai
mai,L1,8864,mai
mai,L1,8865,mai
mai,L1,8867,mai
mai,L1,8868,mai
mai,L1,8873,mai
mai,L1,8875,mai
mai,L1,8878,mai
mai,L1,8887,mai
mai,L1,8890,mai
mai,L1,8891,mai
mai,L1,8893,mai
mai,L1,8898,mai
mai,L1,8900,mai
mai,L1,8902,mai
mai,L1,8912,mai
mai,L1,8920,mai
mai,L1,8923,mai
mai,L1,8927,mai
mai,L1,8928,mai
mai,L1,8932,mai
mai,L1,8948,mai
mai,L1,8949,mai
mai,L1,8954,mai
mai,L1,8969,mai
mai,L1,8971,mai
mai,L1,8974,mai
mai,L1,8982,mai
mai,L1,8984,mai
mai,L1,8985,mai
mai,L1,8988,mai
mai,L1,8989,mai
mai,L1,8990,mai
mai,L1,8991,mai
mai,L1,8993,mai
mai,L1,8994,mai
mai,L1,8997,mai
mai,L1,8998,mai
mai,L1,9000,mai
mai,L1,9001,mai
mai,L1,9002,mai
mai,L1,9015,mai
mai,L1,9027,mai
mai,L1,9028,mai
mai,L1,9030,mai
mai,L1,9033,mai
mai,L1,9035,mai
mai,L1,9036,mai
mai,L1,9040,mai
mai,L1,9055,mai
mai,L1,9056,mai
mai,L1,9059,mai
mai,L1,9067,mai
mai,L1,9071,mai
mai,L1,9076,mai
mai,L1,9077,mai
mai,L1,9079,mai
mai,L1,9084,mai
mai,L1,9093,mai
mai,L1,9094,mai
mai,L1,9098,mai
mai,L1,9101,mai
mai,L1,9105,mai
mai,L1,9107,mai
mai,L1,9111,mai
mai,L1,9112,mai
mai,L1,9116,mai
mai,L1,9120,mai
mai,L1,9122,mai
mai,L1,9126,mai
mai,L1,9132,mai
mai,L1,9133,mai
mai,L1,9147,mai
mai,L1,9149,mai
mai,L1,9165,mai
mai,L1,9169,mai
mai,L1,9176,mai
mai,L1,9177,mai
mai,L1,9186,mai
mai,L1,9187,mai
mai,L1,9190,mai
mai,L1,9191,mai
mai,L1,9193,mai
mai,L1,9194,mai
mai,L1,9195,mai
mai,L1,9196,mai
mai,L1,9199,mai
mai,L1,9202,mai
mai,L1,9212,mai
mai,L1,9214,mai
mai,L1,9215,mai
mai,L1,9224,mai
mai,L1,9229,mai
mai,L1,9232,mai
mai,L1,9234,mai
mai,L1,9238,mai
mai,L1,9243,mai
mai,L1,9245,mai
mai,L1,9256,mai
mai,L1,9267,mai
mai,L1,9268,mai
mai,L1,9275,mai
mai,L1,9284,mai
mai,L1,9286,mai
mai,L1,9292,mai
mai,L1,9306,mai
mai,L1,9313,mai
mai,L1,9314,mai
mai,L1,9319,mai
mai,L1,9331,mai
mai,L1,9333,mai
mai,L1,9355,mai
mai,L1,9358,mai
mai,L1,9359,mai
mai,L1,9360,mai
mai,L1,9362,mai
mai,L1,9363,mai
mai,L1,9364,mai
mai,L1,9367,mai
mai,L1,9371,mai
mai,L1,9381,mai
mai,L1,9389,mai
mai,L1,9390,mai
mai,L1,9391,mai
mai,L1,9410,mai
mai,L1,9416,mai
mai,L1,9425,mai
mai,L1,9427,mai
mai,L1,9428,mai
mai,L1,9440,mai
mai,L1,9441,mai
mai,L1,9442,mai
mai,L1,9447,mai
mai,L1,9448,mai
mai,L1,9452,mai
mai,L1,9455,mai
mai,L1,9456,mai
mai,L1,9459,mai
mai,L1,9465,mai
mai,L1,9466,mai
mai,L1,9477,mai
mai,L1,9479,mai
mai,L1,9482,mai
mai,L1,9484,mai
mai,L1,9488,mai
mai,L1,9494,mai
mai,L1,9495,mai
mai,L1,9498,mai
mai,L1,9506,mai
mai,L1,9511,mai
mai,L1,9512,mai
mai,L1,9513,mai
mai,L1,9542,mai
mai,L1,9548,mai
mai,L1,9551,mai
mai,L1,9555,mai
mai,L1,9585,mai
mai,L1,9586,mai
mai,L1,9596,mai
mai,L1,9603,mai
mai,L1,9610,mai
mai,L1,9613,mai
mai,L1,9617,mai
mai,L1,9624,mai
mai,L1,9629,mai
mai,L1,9654,mai
mai,L1,9661,mai
mai,L1,9666,mai
mai,L1,9669,mai
mai,L1,9673,mai
mai,L1,9682,mai
mai,L1,9686,mai
mai,L1,9691,mai
mai,L1,9698,mai
mai,L1,9701,mai
mai,L1,9703,mai
mai,L1,9708,mai
mai,L1,9716,mai
mai,L1,9735,mai
mai,L1,9737,mai
mai,L1,9746,mai
mai,L1,9760,mai
mai,L1,9763,mai
mai,L1,9769,mai
mai,L1,9773,mai
mai,L1,9775,mai
mai,L1,9776,mai
mai,L1,9785,mai
mai,L1,9788,mai
mai,L1,9798,mai
mai,L1,9803,mai
mai,L1,9814,mai
mai,L1,9815,mai
mai,L1,9823,mai
mai,L1,9826,mai
mai,L1,9827,mai
mai,L1,9832,mai
mai,L1,9835,mai
mai,L1,9839,mai
mai,L1,9841,mai
mai,L1,9846,mai
mai,L1,9848,mai
mai,L1,9851,mai
mai,L1,9857,mai
mai,L1,9863,mai
mai,L1,9864,mai
mai,L1,9868,mai
mai,L1,9872,mai
mai,L1,9873,mai
mai,L1,9874,mai
mai,L1,9878,mai
mai,L1,9884,mai
mai,L1,9888,mai
mai,L1,9914,mai
mai,L1,9916,mai
mai,L1,9924,mai
mai,L1,9926,mai
mai,L1,9946,mai
mai,L1,9952,mai
mai,L1,9960,mai
mai,L1,9961,mai
mai,L1,9971,mai
mai,L1,9972,mai
mai,L1,9980,mai
mai,L1,9985,mai
mai,L1,9998,mai
mai,L5,1,mai
mai,L5,3,mai
mai,L5,4,mai
mai,L5,5,mai
mai,L5,6,mai
mai,L5,7,mai
mai,L5,8,mai
mai,L5,9,mai
mai,L5,10,mai
mai,L5,11,mai
mai,L5,12,mai
mai,L5,13,mai
mai,L5,14,mai
mai,L5,15,mai
mai,L5,16,mai
mai,L5,17,mai
mai,L5,18,mai
mai,L5,19,mai
mai,L5,20,mai
mai,L5,21,mai
mai,L5,22,mai
mai,L5,23,mai
mai,L5,24,mai
mai,L5,25,mai
mai,L5,26,mai
mai,L5,27,mai
mai,L5,28,mai
mai,L5,29,mai
mai,L5,30,mai
mai,L5,31,mai
mai,L5,32,mai
mai,L5,33,mai
mai,L5,34,mai
mai,L5,35,mai
mai,L5,36,mai
mai,L5,37,mai
mai,L5,38,mai
mai,L5,39,mai
mai,L5,40,mai
mai,L5,41,mai
mai,L5,42,mai
mai,L5,43,mai
mai,L5,44,mai
mai,L5,45,mai
mai,L5,46,mai
mai,L5,47,mai
mai,L5,48,mai
mai,L5,49,mai
mai,L5,50,mai
mai,L5,51,mai
mai,L5,52,mai
mai,L5,53,mai
mai,L5,54,mai
mai,L5,55,mai
mai,L5,56,mai
mai,L5,57,mai
mai,L5,58,mai
mai,L5,59,mai
mai,L5,60,mai
mai,L5,61,mai
mai,L5,62,mai
mai,L5,63,mai
mai,L5,64,mai
mai,L5,65,mai
mai,L5,66,mai
mai,L5,67,mai
mai,L5,68,mai
mai,L5,71,mai
mai,L5,72,mai
mai,L5,73,mai
mai,L5,74,mai
mai,L5,75,mai
mai,L5,76,mai
mai,L5,77,mai
mai,L5,78,mai
mai,L5,79,mai
mai,L5,80,mai
mai,L5,81,mai
mai,L5,82,mai
mai,L5,83,mai
mai,L5,84,mai
mai,L5,85,mai
mai,L5,86,mai
mai,L5,87,mai
mai,L5,88,mai
mai,L5,89,mai
mai,L5,90,mai
mai,L5,91,mai
mai,L5,92,mai
mai,L5,93,mai
mai,L5,94,mai
mai,L5,95,mai
mai,L5,96,mai
mai,L5,97,mai
mai,L5,98,mai
mai,L5,99,mai
mai,L5,100,mai
mai,L5,101,mai
mai,L5,102,mai
mai,L5,103,mai
mai,L5,104,mai
mai,L5,105,mai
mai,L5,106,mai
mai,L5,107,mai
mai,L5,108,mai
mai,L5,109,mai
mai,L5,110,mai
mai,L5,111,mai
mai,L5,112,mai
mai,L5,113,mai
mai,L5,114,mai
mai,L5,115,mai
mai,L5,116,mai
mai,L5,117,mai
mai,L5,118,mai
mai,L5,119,mai
mai,L5,120,mai
mai,L5,121,mai
mai,L5,122,mai
mai,L5,123,mai
mai,L5,124,mai
mai,L5,125,mai
mai,L5,126,mai
mai,L5,127,mai
mai,L5,128,mai
mai,L5,129,mai
mai,L5,130,mai
mai,L5,131,mai
mai,L5,132,mai
mai,L5,133,mai
mai,L5,134,mai
mai,L5,135,mai
mai,L5,136,mai
mai,L5,137,mai
mai,L5,138,mai
mai,L5,139,mai
mai,L5,140,mai
mai,L5,141,mai
mai,L5,142,mai
mai,L5,143,mai
mai,L5,144,mai
mai,L5,145,mai
mai,L5,146,mai
mai,L5,147,mai
mai,L5,148,mai
mai,L5,149,mai
mai,L5,150,mai
mai,L5,151,mai
mai,L5,152,mai
mai,L5,153,mai
mai,L5,154,mai
mai,L5,155,mai
mai,L5,156,mai
mai,L5,157,mai
mai,L5,158,mai
mai,L5,159,mai
mai,L5,160,mai
mai,L5,161,mai
mai,L5,162,mai
mai,L5,163,mai
mai,L5,164,mai
mai,L5,165,mai
mai,L5,166,mai
mai,L5,168,mai
mai,L5,169,mai
mai,L5,170,mai
mai,L5,171,mai
mai,L5,173,mai
mai,L5,174,mai
mai,L5,175,mai
mai,L5,176,mai
mai,L5,177,mai
mai,L5,178,mai
mai,L5,179,mai
mai,L5,180,mai
mai,L5,181,mai
mai,L5,182,mai
mai,L5,183,mai
mai,L5,184,mai
mai,L5,185,mai
mai,L5,186,mai
mai,L5,187,mai
mai,L5,188,mai
mai,L5,189,mai
mai,L5,190,mai
mai,L5,191,mai
mai,L5,192,mai
mai,L5,193,mai
mai,L5,194,mai
mai,L5,195,mai
mai,L5,196,mai
mai,L5,197,mai
mai,L5,198,mai
mai,L5,199,mai
mai,L5,200,mai
mai,L5,201,mai
mai,L5,202,mai
mai,L5,203,mai
mai,L5,204,mai
mai,L5,205,mai
mai,L5,206,mai
mai,L5,207,mai
mai,L5,208,mai
mai,L5,209,mai
mai,L5,210,mai
mai,L5,211,mai
mai,L5,212,mai
mai,L5,213,mai
mai,L5,214,mai
mai,L5,215,mai
mai,L5,216,mai
mai,L5,217,mai
mai,L5,218,mai
mai,L5,219,mai
mai,L5,220,mai
mai,L5,221,mai
mai,L5,222,mai
mai,L5,223,mai
mai,L5,224,mai
mai,L5,225,mai
mai,L5,226,mai
mai,L5,228,mai
mai,L5,229,mai
mai,L5,230,mai
mai,L5,231,mai
mai,L5,232,mai
mai,L5,233,mai
mai,L5,234,mai
mai,L5,235,mai
mai,L5,236,mai
mai,L5,237,mai
mai,L5,238,mai
mai,L5,239,mai
mai,L5,240,mai
mai,L5,241,mai
mai,L5,242,mai
mai,L5,243,mai
mai,L5,244,mai
mai,L5,245,mai
mai,L5,246,mai
mai,L5,247,mai
mai,L5,248,mai
mai,L5,249,mai
mai,L5,250,mai
mai,L5,251,mai
mai,L5,252,mai
mai,L5,253,mai
mai,L5,254,mai
mai,L5,255,mai
mai,L5,256,mai
mai,L5,257,mai
mai,L5,258,mai
mai,L5,259,mai
mai,L5,260,mai
mai,L5,261,mai
mai,L5,262,mai
mai,L5,263,mai
mai,L5,264,mai
mai,L5,265,mai
mai,L5,266,mai
mai,L5,267,mai
mai,L5,268,mai
mai,L5,269,mai
mai,L5,270,mai
mai,L5,271,mai
mai,L5,272,mai
mai,L5,273,mai
mai,L5,274,mai
mai,L5,275,mai
mai,L5,276,mai
mai,L5,277,mai
mai,L5,278,mai
mai,L5,279,mai
mai,L5,280,mai
mai,L5,281,mai
mai,L5,282,mai
mai,L5,283,mai
mai,L5,284,mai
mai,L5,285,mai
mai,L5,286,mai
mai,L5,287,mai
mai,L5,288,mai
mai,L5,289,mai
mai,L5,290,mai
mai,L5,291,mai
mai,L5,292,mai
mai,L5,293,mai
mai,L5,294,mai
mai,L5,295,mai
mai,L5,296,mai
mai,L5,297,mai
mai,L5,298,mai
mai,L5,299,mai
mai,L5,300,mai
mai,L5,301,mai
mai,L5,302,mai
mai,L5,303,mai
mai,L5,304,mai
mai,L5,305,mai
mai,L5,306,mai
mai,L5,307,mai
mai,L5,308,mai
mai,L5,309,mai
mai,L5,310,mai
mai,L5,311,mai
mai,L5,312,mai
mai,L5,313,mai
mai,L5,314,mai
mai,L5,315,mai
mai,L5,316,mai
mai,L5,317,mai
mai,L5,318,mai
mai,L5,319,mai
mai,L5,320,mai
mai,L5,321,mai
mai,L5,322,mai
mai,L5,323,mai
mai,L5,324,mai
mai,L5,325,mai
mai,L5,326,mai
mai,L5,327,mai
mai,L5,328,mai
mai,L5,329,mai
mai,L5,330,mai
mai,L5,331,mai
mai,L5,332,mai
mai,L5,333,mai
mai,L5,334,mai
mai,L5,335,mai
mai,L5,337,mai
mai,L5,338,mai
mai,L5,339,mai
mai,L5,340,mai
mai,L5,341,mai
mai,L5,342,mai
mai,L5,343,mai
mai,L5,344,mai
mai,L5,345,mai
mai,L5,347,mai
mai,L5,349,mai
mai,L5,350,mai
mai,L5,351,san
mai,L5,352,mai
mai,L5,353,mai
mai,L5,354,mai
mai,L5,355,mai
mai,L5,356,mai
mai,L5,357,mai
mai,L5,358,mai
mai,L5,359,mai
mai,L5,360,mai
mai,L5,361,mai
mai,L5,362,mai
mai,L5,363,mai
mai,L5,364,mai
mai,L5,365,mai
mai,L5,366,mai
mai,L5,367,mai
mai,L5,368,mai
mai,L5,369,mai
mai,L5,370,mai
mai,L5,371,mai
mai,L5,372,mai
mai,L5,373,mai
