length,unit_id,pred,score,hin_score_in_top5,top5
L1,35,anp_Deva,0.9876276850700378,0.009514433331787586,"[[0.9876276850700378, ""anp_Deva""], [0.009514433331787586, ""hin_Deva""], [0.0014458061195909977, ""new_Deva""], [0.0012112450785934925, ""mai_Deva""], [8.684868953423575e-05, ""awa_Deva""]]"
L1,235,anp_Deva,0.9792848229408264,0.018145767971873283,"[[0.9792848229408264, ""anp_Deva""], [0.018145767971873283, ""hin_Deva""], [0.0018713601166382432, ""awa_Deva""], [0.0006875740364193916, ""new_Deva""], [4.651757626561448e-05, ""mai_Deva""]]"
L1,347,anp_Deva,0.9989446997642517,6.33130912319757e-05,"[[0.9989446997642517, ""anp_Deva""], [0.0005878735682927072, ""snd_Deva""], [0.0004165166465099901, ""awa_Deva""], [6.33130912319757e-05, ""hin_Deva""], [3.3104584872489795e-05, ""doi_Deva""]]"
L1,503,anp_Deva,0.9808602929115295,0.0187821201980114,"[[0.9808602929115295, ""anp_Deva""], [0.0187821201980114, ""hin_Deva""], [0.0002769630227703601, ""mai_Deva""], [7.677801477257162e-05, ""awa_Deva""], [3.162345819873735e-05, ""new_Deva""]]"
L1,838,anp_Deva,0.950352668762207,0.02248246967792511,"[[0.950352668762207, ""anp_Deva""], [0.026926295831799507, ""awa_Deva""], [0.02248246967792511, ""hin_Deva""], [0.00019427886581979692, ""mai_Deva""], [8.879521192284301e-05, ""new_Deva""]]"
L1,866,anp_Deva,0.933203935623169,0.05869616940617561,"[[0.933203935623169, ""anp_Deva""], [0.05869616940617561, ""hin_Deva""], [0.006758193019777536, ""new_Deva""], [0.0007027307874523103, ""bho_Deva""], [0.0004950471920892596, ""awa_Deva""]]"
L1,1064,anp_Deva,0.9342047572135925,0.06465547531843185,"[[0.9342047572135925, ""anp_Deva""], [0.06465547531843185, ""hin_Deva""], [0.0005294958245940506, ""mai_Deva""], [0.0004521857772488147, ""awa_Deva""], [8.580650319345295e-05, ""mag_Deva""]]"
L1,1251,anp_Deva,0.9927113056182861,0.006334277801215649,"[[0.9927113056182861, ""anp_Deva""], [0.006334277801215649, ""hin_Deva""], [0.00046861430746503174, ""mai_Deva""], [0.00039918083348311484, ""new_Deva""], [0.00010542560630710796, ""awa_Deva""]]"
L1,1329,anp_Deva,0.8766824007034302,0.12253114581108093,"[[0.8766824007034302, ""anp_Deva""], [0.12253114581108093, ""hin_Deva""], [0.0004855906299781054, ""awa_Deva""], [0.0001422552886651829, ""mai_Deva""], [0.00012247698032297194, ""mag_Deva""]]"
L1,1350,anp_Deva,0.999980092048645,2.9791781344101764e-05,"[[0.999980092048645, ""anp_Deva""], [2.9791781344101764e-05, ""hin_Deva""], [1.920605791383423e-05, ""awa_Deva""], [1.0694941011024639e-05, ""mai_Deva""], [1.0234618457616307e-05, ""new_Deva""]]"
L1,1352,awa_Deva,0.9684019684791565,0.026371734216809273,"[[0.9684019684791565, ""awa_Deva""], [0.026371734216809273, ""hin_Deva""], [0.004311169497668743, ""mai_Deva""], [0.0007699579582549632, ""mar_Deva""], [9.09173977561295e-05, ""san_Deva""]]"
L1,1363,anp_Deva,0.9762040376663208,0.015643682330846786,"[[0.9762040376663208, ""anp_Deva""], [0.015643682330846786, ""hin_Deva""], [0.00771046569570899, ""awa_Deva""], [0.0004731365479528904, ""mai_Deva""], [1.7148538972833194e-05, ""new_Deva""]]"
L1,1371,hin_Deva,0.9073764085769653,0.9073764085769653,"[[0.9073764085769653, ""hin_Deva""], [0.08990389853715897, ""anp_Deva""], [0.0016680991975590587, ""awa_Deva""], [0.00048079044790938497, ""mai_Deva""], [0.000370472960639745, ""new_Deva""]]"
L1,1419,anp_Deva,0.5609177350997925,0.010568895377218723,"[[0.5609177350997925, ""anp_Deva""], [0.42812997102737427, ""awa_Deva""], [0.010568895377218723, ""hin_Deva""], [0.0002523444127291441, ""new_Deva""], [0.00012343052367214113, ""mai_Deva""]]"
L1,1516,anp_Deva,0.8747085928916931,0.11932740360498428,"[[0.8747085928916931, ""anp_Deva""], [0.11932740360498428, ""hin_Deva""], [0.005953139625489712, ""awa_Deva""], [2.6045167032862082e-05, ""mar_Deva""], [2.014254278037697e-05, ""new_Deva""]]"
L1,1686,anp_Deva,0.8347942233085632,0.005783152766525745,"[[0.8347942233085632, ""anp_Deva""], [0.158513605594635, ""new_Deva""], [0.005783152766525745, ""hin_Deva""], [0.0006325343274511397, ""awa_Deva""], [0.0003220855724066496, ""mai_Deva""]]"
L1,1939,anp_Deva,0.8492960333824158,0.1268056482076645,"[[0.8492960333824158, ""anp_Deva""], [0.1268056482076645, ""hin_Deva""], [0.015623211860656738, ""awa_Deva""], [0.005437066312879324, ""mag_Deva""], [0.0016142621170729399, ""bho_Deva""]]"
L1,2213,anp_Deva,0.9989770650863647,4.2061572457896546e-05,"[[0.9989770650863647, ""anp_Deva""], [0.0008215555571950972, ""awa_Deva""], [0.0001790854730643332, ""mai_Deva""], [4.2061572457896546e-05, ""hin_Deva""], [2.6898516807705164e-05, ""new_Deva""]]"
L1,2271,hin_Deva,0.9799557328224182,0.9799557328224182,"[[0.9799557328224182, ""hin_Deva""], [0.013583795167505741, ""new_Deva""], [0.005196579732000828, ""anp_Deva""], [0.0006150022381916642, ""doi_Deva""], [0.0005021280376240611, ""sck_Deva""]]"
L1,2284,hin_Deva,0.9956952333450317,0.9956952333450317,"[[0.9956952333450317, ""hin_Deva""], [0.003022988559678197, ""anp_Deva""], [0.0007472345023415983, ""new_Deva""], [0.000287383038084954, ""awa_Deva""], [0.00014657163410447538, ""mai_Deva""]]"
L1,2348,hin_Deva,0.8588171005249023,0.8588171005249023,"[[0.8588171005249023, ""hin_Deva""], [0.08119574934244156, ""awa_Deva""], [0.05415928363800049, ""anp_Deva""], [0.0035861749202013016, ""mai_Deva""], [0.0009455681429244578, ""mag_Deva""]]"
L1,2361,anp_Deva,0.9994299411773682,0.000586558657232672,"[[0.9994299411773682, ""anp_Deva""], [0.000586558657232672, ""hin_Deva""], [1.1516004633449484e-05, ""mai_Deva""], [1.118047657655552e-05, ""new_Deva""], [1.0223243407381233e-05, ""san_Deva""]]"
L1,2417,anp_Deva,0.8559673428535461,0.13580113649368286,"[[0.8559673428535461, ""anp_Deva""], [0.13580113649368286, ""hin_Deva""], [0.0023172497749328613, ""mai_Deva""], [0.0015880572609603405, ""new_Deva""], [0.0012655977625399828, ""mag_Deva""]]"
L1,2532,anp_Deva,0.6374937891960144,0.2168276309967041,"[[0.6374937891960144, ""anp_Deva""], [0.2168276309967041, ""hin_Deva""], [0.1383362114429474, ""awa_Deva""], [0.004645130131393671, ""mai_Deva""], [0.0010950298747047782, ""new_Deva""]]"
L1,2561,anp_Deva,0.8157853484153748,0.18156321346759796,"[[0.8157853484153748, ""anp_Deva""], [0.18156321346759796, ""hin_Deva""], [0.0020937323570251465, ""new_Deva""], [0.00043341825949028134, ""mar_Deva""], [0.00015006866306066513, ""mai_Deva""]]"
L1,2571,anp_Deva,0.9750450849533081,0.014393573626875877,"[[0.9750450849533081, ""anp_Deva""], [0.014393573626875877, ""hin_Deva""], [0.010189187712967396, ""awa_Deva""], [0.00016770036017987877, ""mai_Deva""], [0.00016454899741802365, ""new_Deva""]]"
L1,3013,hin_Deva,0.9679032564163208,0.9679032564163208,"[[0.9679032564163208, ""hin_Deva""], [0.027433263137936592, ""anp_Deva""], [0.0018334923079237342, ""mai_Deva""], [0.0014566642930731177, ""new_Deva""], [0.000855578575283289, ""awa_Deva""]]"
L1,3407,hin_Deva,0.9539319276809692,0.9539319276809692,"[[0.9539319276809692, ""hin_Deva""], [0.03610238432884216, ""anp_Deva""], [0.005371411796659231, ""mai_Deva""], [0.002137361094355583, ""awa_Deva""], [0.0018824228318408132, ""new_Deva""]]"
L1,3474,anp_Deva,0.6451659798622131,0.3343660533428192,"[[0.6451659798622131, ""anp_Deva""], [0.3343660533428192, ""hin_Deva""], [0.007067024242132902, ""mag_Deva""], [0.0062917484901845455, ""new_Deva""], [0.0037832483649253845, ""mai_Deva""]]"
L1,3651,hin_Deva,0.8359721899032593,0.8359721899032593,"[[0.8359721899032593, ""hin_Deva""], [0.15852880477905273, ""anp_Deva""], [0.003151289653033018, ""awa_Deva""], [0.0012739801313728094, ""mai_Deva""], [0.00042494339868426323, ""mag_Deva""]]"
L1,3964,hin_Deva,0.9959147572517395,0.9959147572517395,"[[0.9959147572517395, ""hin_Deva""], [0.0032050039153546095, ""anp_Deva""], [0.0008037079824134707, ""new_Deva""], [7.648846076335758e-05, ""bho_Deva""], [3.343745629535988e-05, ""awa_Deva""]]"
L1,4041,hin_Deva,0.7129762768745422,0.7129762768745422,"[[0.7129762768745422, ""hin_Deva""], [0.27386099100112915, ""anp_Deva""], [0.006329018156975508, ""bho_Deva""], [0.003675576765090227, ""mag_Deva""], [0.001432535471394658, ""mup_Deva""]]"
L1,5403,hin_Deva,0.4168950021266937,0.4168950021266937,"[[0.4168950021266937, ""hin_Deva""], [0.3551408648490906, ""anp_Deva""], [0.21472109854221344, ""awa_Deva""], [0.008017998188734055, ""mai_Deva""], [0.0037239640951156616, ""new_Deva""]]"
L1,5533,anp_Deva,0.9233534336090088,0.07011782377958298,"[[0.9233534336090088, ""anp_Deva""], [0.07011782377958298, ""hin_Deva""], [0.00542348250746727, ""awa_Deva""], [0.0010984463151544333, ""new_Deva""], [3.810710404650308e-05, ""mup_Deva""]]"
L1,5600,hin_Deva,0.9974350929260254,0.9974350929260254,"[[0.9974350929260254, ""hin_Deva""], [0.0013145302655175328, ""awa_Deva""], [0.0011355179594829679, ""anp_Deva""], [7.600556273246184e-05, ""new_Deva""], [7.139272202039137e-05, ""mai_Deva""]]"
L1,5639,awa_Deva,0.46180903911590576,0.10923425108194351,"[[0.46180903911590576, ""awa_Deva""], [0.4184491038322449, ""anp_Deva""], [0.10923425108194351, ""hin_Deva""], [0.007382878102362156, ""new_Deva""], [0.0012145150685682893, ""mai_Deva""]]"
L1,5766,anp_Deva,0.9165317416191101,0.08224891126155853,"[[0.9165317416191101, ""anp_Deva""], [0.08224891126155853, ""hin_Deva""], [0.0009713572799228132, ""new_Deva""], [0.00015909169451333582, ""awa_Deva""], [0.00010423383355373517, ""mai_Deva""]]"
L1,5931,hin_Deva,0.8636353611946106,0.8636353611946106,"[[0.8636353611946106, ""hin_Deva""], [0.11505015194416046, ""awa_Deva""], [0.020314788445830345, ""anp_Deva""], [0.0005102173890918493, ""mar_Deva""], [0.0003811653587035835, ""new_Deva""]]"
L1,6177,hin_Deva,0.9758539199829102,0.9758539199829102,"[[0.9758539199829102, ""hin_Deva""], [0.01245231181383133, ""anp_Deva""], [0.004306579474359751, ""mai_Deva""], [0.003654629224911332, ""awa_Deva""], [0.0015672397566959262, ""new_Deva""]]"
L1,6237,hin_Deva,0.9522972702980042,0.9522972702980042,"[[0.9522972702980042, ""hin_Deva""], [0.019503824412822723, ""anp_Deva""], [0.016516877338290215, ""awa_Deva""], [0.005256070289760828, ""mai_Deva""], [0.0026380871422588825, ""mup_Deva""]]"
L1,6259,hin_Deva,0.7429699301719666,0.7429699301719666,"[[0.7429699301719666, ""hin_Deva""], [0.2422492802143097, ""awa_Deva""], [0.01324732881039381, ""anp_Deva""], [0.001122814486734569, ""new_Deva""], [0.00032581508276052773, ""mag_Deva""]]"
L1,6492,hin_Deva,0.661089301109314,0.661089301109314,"[[0.661089301109314, ""hin_Deva""], [0.2435472458600998, ""anp_Deva""], [0.06859169900417328, ""awa_Deva""], [0.021689610555768013, ""bho_Deva""], [0.002645593835040927, ""mag_Deva""]]"
L1,6611,hin_Deva,0.987173318862915,0.987173318862915,"[[0.987173318862915, ""hin_Deva""], [0.004378108307719231, ""anp_Deva""], [0.0024737268686294556, ""awa_Deva""], [0.0014047272270545363, ""new_Deva""], [0.0012938245199620724, ""mai_Deva""]]"
L1,6818,anp_Deva,0.9717190861701965,0.01938602700829506,"[[0.9717190861701965, ""anp_Deva""], [0.01938602700829506, ""hin_Deva""], [0.008346527814865112, ""awa_Deva""], [0.00047403466305695474, ""bho_Deva""], [9.769923781277612e-05, ""mai_Deva""]]"
L1,6855,hin_Deva,0.9796724915504456,0.9796724915504456,"[[0.9796724915504456, ""hin_Deva""], [0.015728434547781944, ""anp_Deva""], [0.0019282590365037322, ""mai_Deva""], [0.0011099845869466662, ""awa_Deva""], [0.0008798803319223225, ""new_Deva""]]"
L1,6917,hin_Deva,0.646655261516571,0.646655261516571,"[[0.646655261516571, ""hin_Deva""], [0.34519803524017334, ""anp_Deva""], [0.004217195324599743, ""mai_Deva""], [0.0028714388608932495, ""awa_Deva""], [0.0007117100758478045, ""new_Deva""]]"
L1,7002,anp_Deva,0.9886436462402344,0.008123276755213737,"[[0.9886436462402344, ""anp_Deva""], [0.008123276755213737, ""hin_Deva""], [0.003250103909522295, ""new_Deva""], [1.930201869981829e-05, ""awa_Deva""], [1.208832054544473e-05, ""san_Deva""]]"
L1,7033,hin_Deva,0.9575306177139282,0.9575306177139282,"[[0.9575306177139282, ""hin_Deva""], [0.04108855500817299, ""anp_Deva""], [0.0004358611477073282, ""new_Deva""], [0.00041508435970172286, ""awa_Deva""], [0.0003832146758213639, ""mai_Deva""]]"
L1,7226,anp_Deva,0.5079912543296814,0.10450168699026108,"[[0.5079912543296814, ""anp_Deva""], [0.3704461455345154, ""mag_Deva""], [0.10450168699026108, ""hin_Deva""], [0.010949588380753994, ""bho_Deva""], [0.0037306647282093763, ""mai_Deva""]]"
L1,7434,anp_Deva,0.8640943765640259,0.13279257714748383,"[[0.8640943765640259, ""anp_Deva""], [0.13279257714748383, ""hin_Deva""], [0.001818524906411767, ""mag_Deva""], [0.0011089884210377932, ""new_Deva""], [0.0001366277429042384, ""awa_Deva""]]"
L1,7450,hin_Deva,0.9537652134895325,0.9537652134895325,"[[0.9537652134895325, ""hin_Deva""], [0.027278831228613853, ""hne_Deva""], [0.007430553436279297, ""mag_Deva""], [0.003553368616849184, ""kas_Deva""], [0.0024589018430560827, ""anp_Deva""]]"
L1,7643,anp_Deva,0.9824270009994507,0.01714983396232128,"[[0.9824270009994507, ""anp_Deva""], [0.01714983396232128, ""hin_Deva""], [0.0004106992273591459, ""new_Deva""], [4.387916487758048e-05, ""awa_Deva""], [1.3785836927127093e-05, ""san_Deva""]]"
L1,8109,hin_Deva,0.6087440252304077,0.6087440252304077,"[[0.6087440252304077, ""hin_Deva""], [0.3896978199481964, ""anp_Deva""], [0.0007189686293713748, ""bho_Deva""], [0.0005612605600617826, ""mai_Deva""], [0.00020193445379845798, ""awa_Deva""]]"
L1,8358,anp_Deva,0.7496294379234314,0.2473832219839096,"[[0.7496294379234314, ""anp_Deva""], [0.2473832219839096, ""hin_Deva""], [0.0015510325320065022, ""new_Deva""], [0.0012444672174751759, ""awa_Deva""], [9.310362656833604e-05, ""mai_Deva""]]"
L1,8735,anp_Deva,0.8611025810241699,0.12919366359710693,"[[0.8611025810241699, ""anp_Deva""], [0.12919366359710693, ""hin_Deva""], [0.007957544177770615, ""mai_Deva""], [0.0008993375231511891, ""bho_Deva""], [0.0003977343440055847, ""mag_Deva""]]"
L1,8802,anp_Deva,0.964162290096283,0.034853748977184296,"[[0.964162290096283, ""anp_Deva""], [0.034853748977184296, ""hin_Deva""], [0.00089423474855721, ""awa_Deva""], [6.552226841449738e-05, ""bho_Deva""], [5.097961548017338e-05, ""new_Deva""]]"
L1,8804,hin_Deva,0.8939999341964722,0.8939999341964722,"[[0.8939999341964722, ""hin_Deva""], [0.0388670489192009, ""awa_Deva""], [0.03845531493425369, ""bho_Deva""], [0.008949480019509792, ""mai_Deva""], [0.005620608106255531, ""anp_Deva""]]"
L1,8853,awa_Deva,0.9318386912345886,0.004924266133457422,"[[0.9318386912345886, ""awa_Deva""], [0.06265714764595032, ""anp_Deva""], [0.004924266133457422, ""hin_Deva""], [0.0002828644646797329, ""new_Deva""], [0.000184433811227791, ""sck_Deva""]]"
L1,8996,hin_Deva,0.9585930705070496,0.9585930705070496,"[[0.9585930705070496, ""hin_Deva""], [0.03296203538775444, ""anp_Deva""], [0.003419257467612624, ""mai_Deva""], [0.0025348663330078125, ""awa_Deva""], [0.0019324886379763484, ""bho_Deva""]]"
L1,9108,anp_Deva,0.7036219239234924,0.28334707021713257,"[[0.7036219239234924, ""anp_Deva""], [0.28334707021713257, ""hin_Deva""], [0.004192529246211052, ""kas_Deva""], [0.00303887901827693, ""mai_Deva""], [0.0025026905350387096, ""mar_Deva""]]"
L1,9276,anp_Deva,0.9993013143539429,0.00034767366014420986,"[[0.9993013143539429, ""anp_Deva""], [0.00034767366014420986, ""hin_Deva""], [0.00029329804237931967, ""awa_Deva""], [5.659453017869964e-05, ""new_Deva""], [2.457907612551935e-05, ""mai_Deva""]]"
L1,9583,hin_Deva,0.698190450668335,0.698190450668335,"[[0.698190450668335, ""hin_Deva""], [0.29347753524780273, ""anp_Deva""], [0.0044677769765257835, ""awa_Deva""], [0.0013276537647470832, ""mag_Deva""], [0.0012125071370974183, ""new_Deva""]]"
L1,9687,hin_Deva,0.8991934061050415,0.8991934061050415,"[[0.8991934061050415, ""hin_Deva""], [0.06024785712361336, ""new_Deva""], [0.04040313884615898, ""anp_Deva""], [6.151456182124093e-05, ""mai_Deva""], [5.286728264763951e-05, ""bho_Deva""]]"
L1,10046,anp_Deva,0.8778494000434875,0.04549282416701317,"[[0.8778494000434875, ""anp_Deva""], [0.07370619475841522, ""awa_Deva""], [0.04549282416701317, ""hin_Deva""], [0.0014994835946708918, ""mai_Deva""], [0.001048122881911695, ""new_Deva""]]"
L1,10059,hin_Deva,0.7733685374259949,0.7733685374259949,"[[0.7733685374259949, ""hin_Deva""], [0.12992218136787415, ""anp_Deva""], [0.05070948973298073, ""mai_Deva""], [0.030154403299093246, ""awa_Deva""], [0.008951127529144287, ""new_Deva""]]"
L1,10121,anp_Deva,0.9998953342437744,0.0001242441067006439,"[[0.9998953342437744, ""anp_Deva""], [0.0001242441067006439, ""hin_Deva""], [1.02534932011622e-05, ""awa_Deva""], [1.017275826598052e-05, ""new_Deva""], [1.0007931450672913e-05, ""sck_Deva""]]"
L1,10180,hin_Deva,0.9268532395362854,0.9268532395362854,"[[0.9268532395362854, ""hin_Deva""], [0.05654812231659889, ""anp_Deva""], [0.009198547340929508, ""mag_Deva""], [0.005696350242942572, ""awa_Deva""], [0.0007890706183388829, ""bho_Deva""]]"
L1,10386,hin_Deva,0.7020323872566223,0.7020323872566223,"[[0.7020323872566223, ""hin_Deva""], [0.2941848039627075, ""anp_Deva""], [0.0016887894598767161, ""awa_Deva""], [0.0013024540385231376, ""new_Deva""], [0.0004683947190642357, ""mup_Deva""]]"
L1,10418,anp_Deva,0.8380013108253479,0.09809886664152145,"[[0.8380013108253479, ""anp_Deva""], [0.09809886664152145, ""hin_Deva""], [0.0572781078517437, ""awa_Deva""], [0.004959298763424158, ""new_Deva""], [0.0006905588088557124, ""mai_Deva""]]"
L1,10584,hin_Deva,0.9844925999641418,0.9844925999641418,"[[0.9844925999641418, ""hin_Deva""], [0.0052444892935454845, ""anp_Deva""], [0.003764967666938901, ""mai_Deva""], [0.003428539028391242, ""bho_Deva""], [0.002217646921053529, ""awa_Deva""]]"
L1,10600,hin_Deva,0.8711889386177063,0.8711889386177063,"[[0.8711889386177063, ""hin_Deva""], [0.12553870677947998, ""anp_Deva""], [0.0015400171978399158, ""new_Deva""], [0.0011683921329677105, ""awa_Deva""], [0.0003056184796150774, ""mai_Deva""]]"
L1,10607,hin_Deva,0.7364966869354248,0.7364966869354248,"[[0.7364966869354248, ""hin_Deva""], [0.15249262750148773, ""anp_Deva""], [0.1106295958161354, ""awa_Deva""], [0.00040989514673128724, ""new_Deva""], [1.918632369779516e-05, ""bho_Deva""]]"
L1,10698,anp_Deva,0.9222080111503601,0.07764904201030731,"[[0.9222080111503601, ""anp_Deva""], [0.07764904201030731, ""hin_Deva""], [0.00016991779557429254, ""awa_Deva""], [1.2063617759849876e-05, ""new_Deva""], [1.0307416232535616e-05, ""mag_Deva""]]"
L1,10893,anp_Deva,0.7907557487487793,0.20581674575805664,"[[0.7907557487487793, ""anp_Deva""], [0.20581674575805664, ""hin_Deva""], [0.0021416449453681707, ""new_Deva""], [0.0009763212874531746, ""awa_Deva""], [0.00016606366261839867, ""bho_Deva""]]"
L1,10903,hin_Deva,0.9752147793769836,0.9752147793769836,"[[0.9752147793769836, ""hin_Deva""], [0.013962402008473873, ""awa_Deva""], [0.0072569469921290874, ""mai_Deva""], [0.0016277345130220056, ""bho_Deva""], [0.0010506422258913517, ""anp_Deva""]]"
L1,10917,anp_Deva,0.9978512525558472,0.0017489442834630609,"[[0.9978512525558472, ""anp_Deva""], [0.0017489442834630609, ""hin_Deva""], [0.0003592812572605908, ""awa_Deva""], [7.939733768580481e-05, ""new_Deva""], [1.0422970262879971e-05, ""kas_Deva""]]"
L1,11134,anp_Deva,0.9991247057914734,0.0008900173706933856,"[[0.9991247057914734, ""anp_Deva""], [0.0008900173706933856, ""hin_Deva""], [1.2500457160058431e-05, ""awa_Deva""], [1.1767453543143347e-05, ""new_Deva""], [1.0863558600249235e-05, ""mai_Deva""]]"
L1,11145,hin_Deva,0.9370934367179871,0.9370934367179871,"[[0.9370934367179871, ""hin_Deva""], [0.06153811141848564, ""anp_Deva""], [0.0008473427733406425, ""awa_Deva""], [0.0002363146049901843, ""new_Deva""], [0.00022372088278643787, ""mai_Deva""]]"
L1,11188,hin_Deva,0.5294069051742554,0.5294069051742554,"[[0.5294069051742554, ""hin_Deva""], [0.4673142731189728, ""anp_Deva""], [0.0025737560354173183, ""awa_Deva""], [0.0006923352484591305, ""new_Deva""], [5.284858343657106e-05, ""bho_Deva""]]"
L1,11349,anp_Deva,0.5222944617271423,0.47287634015083313,"[[0.5222944617271423, ""anp_Deva""], [0.47287634015083313, ""hin_Deva""], [0.002794743748381734, ""awa_Deva""], [0.0008215591078624129, ""mai_Deva""], [0.00046747521264478564, ""mag_Deva""]]"
L1,11415,hin_Deva,0.6519920825958252,0.6519920825958252,"[[0.6519920825958252, ""hin_Deva""], [0.34364989399909973, ""anp_Deva""], [0.0036383317783474922, ""new_Deva""], [0.0006382539286278188, ""awa_Deva""], [9.934070112649351e-05, ""mai_Deva""]]"
L1,11826,anp_Deva,0.9842821359634399,0.015057723969221115,"[[0.9842821359634399, ""anp_Deva""], [0.015057723969221115, ""hin_Deva""], [0.00046764465514570475, ""awa_Deva""], [0.00010273524094372988, ""new_Deva""], [9.58215314312838e-05, ""mai_Deva""]]"
L1,11974,anp_Deva,0.9279638528823853,0.047822337597608566,"[[0.9279638528823853, ""anp_Deva""], [0.047822337597608566, ""hin_Deva""], [0.013728570193052292, ""awa_Deva""], [0.009278811514377594, ""new_Deva""], [0.0006350139155983925, ""bho_Deva""]]"
L1,12060,anp_Deva,0.7992016673088074,0.18723991513252258,"[[0.7992016673088074, ""anp_Deva""], [0.18723991513252258, ""hin_Deva""], [0.012298766523599625, ""awa_Deva""], [0.0004350212693680078, ""new_Deva""], [0.0003144450893159956, ""mai_Deva""]]"
L1,12129,hin_Deva,0.7624630331993103,0.7624630331993103,"[[0.7624630331993103, ""hin_Deva""], [0.21048374474048615, ""anp_Deva""], [0.02479240484535694, ""awa_Deva""], [0.0016888354439288378, ""new_Deva""], [0.00042967643821612, ""bho_Deva""]]"
L1,12153,anp_Deva,0.9077405333518982,0.09103631973266602,"[[0.9077405333518982, ""anp_Deva""], [0.09103631973266602, ""hin_Deva""], [0.0008562965085729957, ""awa_Deva""], [0.00018402673595119268, ""mai_Deva""], [0.00017479853704571724, ""new_Deva""]]"
L1,12354,hin_Deva,0.9318296909332275,0.9318296909332275,"[[0.9318296909332275, ""hin_Deva""], [0.05535932630300522, ""anp_Deva""], [0.010015083476901054, ""awa_Deva""], [0.0016491394490003586, ""bho_Deva""], [0.0006292798789218068, ""mag_Deva""]]"
L1,12424,anp_Deva,0.9998693466186523,4.705442188424058e-05,"[[0.9998693466186523, ""anp_Deva""], [0.00011207491479581222, ""awa_Deva""], [4.705442188424058e-05, ""hin_Deva""], [1.0726902473834343e-05, ""new_Deva""], [1.038416667142883e-05, ""mai_Deva""]]"
L1,12550,anp_Deva,0.99367755651474,0.003493091557174921,"[[0.99367755651474, ""anp_Deva""], [0.003493091557174921, ""hin_Deva""], [0.0027942119631916285, ""awa_Deva""], [4.0845035982783884e-05, ""bho_Deva""], [2.693851274671033e-05, ""mai_Deva""]]"
L1,12840,hin_Deva,0.9426883459091187,0.9426883459091187,"[[0.9426883459091187, ""hin_Deva""], [0.029008928686380386, ""mai_Deva""], [0.025513948872685432, ""anp_Deva""], [0.001614948851056397, ""kas_Deva""], [0.0004930082941427827, ""new_Deva""]]"
L1,13283,anp_Deva,0.9852104187011719,0.014291650615632534,"[[0.9852104187011719, ""anp_Deva""], [0.014291650615632534, ""hin_Deva""], [0.00026343774516135454, ""awa_Deva""], [0.00024426242453046143, ""new_Deva""], [3.647381527116522e-05, ""mag_Deva""]]"
L1,13313,hin_Deva,0.9432118535041809,0.9432118535041809,"[[0.9432118535041809, ""hin_Deva""], [0.025367852300405502, ""awa_Deva""], [0.02296019345521927, ""anp_Deva""], [0.003680899739265442, ""bho_Deva""], [0.0035094243939965963, ""mai_Deva""]]"
L1,13336,hin_Deva,0.673165500164032,0.673165500164032,"[[0.673165500164032, ""hin_Deva""], [0.3257155120372772, ""anp_Deva""], [0.0007097870693542063, ""mai_Deva""], [0.000207110948394984, ""awa_Deva""], [0.0001137327344622463, ""new_Deva""]]"
L1,13422,anp_Deva,0.8246927261352539,0.17100664973258972,"[[0.8246927261352539, ""anp_Deva""], [0.17100664973258972, ""hin_Deva""], [0.0036740503273904324, ""awa_Deva""], [0.0003545910876709968, ""mai_Deva""], [0.0001802189799491316, ""new_Deva""]]"
L1,13691,hin_Deva,0.7257126569747925,0.7257126569747925,"[[0.7257126569747925, ""hin_Deva""], [0.265868216753006, ""anp_Deva""], [0.004320248961448669, ""awa_Deva""], [0.0027742169331759214, ""new_Deva""], [0.0009407694451510906, ""mai_Deva""]]"
L1,13884,hin_Deva,0.7623388767242432,0.7623388767242432,"[[0.7623388767242432, ""hin_Deva""], [0.23024597764015198, ""anp_Deva""], [0.00667973468080163, ""awa_Deva""], [0.0004692180373240262, ""mai_Deva""], [0.0002128894266206771, ""new_Deva""]]"
L1,14086,anp_Deva,0.9471158385276794,0.04569621384143829,"[[0.9471158385276794, ""anp_Deva""], [0.04569621384143829, ""hin_Deva""], [0.006508880294859409, ""awa_Deva""], [0.0006201914511620998, ""new_Deva""], [5.304227306623943e-05, ""mai_Deva""]]"
L1,14526,hin_Deva,0.662760317325592,0.662760317325592,"[[0.662760317325592, ""hin_Deva""], [0.16849610209465027, ""anp_Deva""], [0.06524120271205902, ""bho_Deva""], [0.024492518976330757, ""mai_Deva""], [0.02116788923740387, ""awa_Deva""]]"
L1,14658,anp_Deva,0.5509366393089294,0.4456979036331177,"[[0.5509366393089294, ""anp_Deva""], [0.4456979036331177, ""hin_Deva""], [0.0018228467088192701, ""awa_Deva""], [0.0007836587028577924, ""new_Deva""], [0.0004244788142386824, ""mag_Deva""]]"
L1,14779,anp_Deva,0.8135389685630798,0.18447163701057434,"[[0.8135389685630798, ""anp_Deva""], [0.18447163701057434, ""hin_Deva""], [0.001769562833942473, ""new_Deva""], [9.460019646212459e-05, ""mai_Deva""], [8.583327144151554e-05, ""bho_Deva""]]"
L1,14823,hin_Deva,0.9388715028762817,0.9388715028762817,"[[0.9388715028762817, ""hin_Deva""], [0.05168723315000534, ""bho_Deva""], [0.006934203207492828, ""awa_Deva""], [0.0010271169012412429, ""anp_Deva""], [0.0006122553022578359, ""mai_Deva""]]"
L1,15117,hin_Deva,0.6575430035591125,0.6575430035591125,"[[0.6575430035591125, ""hin_Deva""], [0.3399035632610321, ""anp_Deva""], [0.0020574452355504036, ""awa_Deva""], [0.00039845361607149243, ""new_Deva""], [5.932090789428912e-05, ""mai_Deva""]]"
L1,15494,anp_Deva,0.9159882068634033,0.08199314773082733,"[[0.9159882068634033, ""anp_Deva""], [0.08199314773082733, ""hin_Deva""], [0.0011036429787054658, ""awa_Deva""], [0.00047476578038185835, ""mai_Deva""], [0.0002290011616423726, ""mar_Deva""]]"
L1,15525,hin_Deva,0.6208905577659607,0.6208905577659607,"[[0.6208905577659607, ""hin_Deva""], [0.33241188526153564, ""anp_Deva""], [0.038464467972517014, ""awa_Deva""], [0.0035362408962100744, ""mai_Deva""], [0.001719627995043993, ""new_Deva""]]"
L1,15622,hin_Deva,0.7281989455223083,0.7281989455223083,"[[0.7281989455223083, ""hin_Deva""], [0.13917376101016998, ""anp_Deva""], [0.05217103660106659, ""new_Deva""], [0.05018407478928566, ""awa_Deva""], [0.019127661362290382, ""mai_Deva""]]"
L1,15650,anp_Deva,0.9652037620544434,0.013480566442012787,"[[0.9652037620544434, ""anp_Deva""], [0.019911939278244972, ""awa_Deva""], [0.013480566442012787, ""hin_Deva""], [0.0007036917959339917, ""bho_Deva""], [0.0004836038569919765, ""new_Deva""]]"
L1,15898,hin_Deva,0.8809414505958557,0.8809414505958557,"[[0.8809414505958557, ""hin_Deva""], [0.10632609575986862, ""anp_Deva""], [0.007059574127197266, ""new_Deva""], [0.0030620372854173183, ""awa_Deva""], [0.0013866316294297576, ""mai_Deva""]]"
L1,16130,anp_Deva,0.9714465737342834,0.02586928755044937,"[[0.9714465737342834, ""anp_Deva""], [0.02586928755044937, ""hin_Deva""], [0.0024436365347355604, ""new_Deva""], [0.00024809030583128333, ""awa_Deva""], [3.366213059052825e-05, ""mup_Deva""]]"
L1,16388,anp_Deva,1.000008225440979,1.0519976967771072e-05,"[[1.000008225440979, ""anp_Deva""], [1.0737342563515995e-05, ""gom_Deva""], [1.0519976967771072e-05, ""hin_Deva""], [1.0307032425771467e-05, ""awa_Deva""], [1.0110202310897876e-05, ""bho_Deva""]]"
L1,16611,hin_Deva,0.9701956510543823,0.9701956510543823,"[[0.9701956510543823, ""hin_Deva""], [0.01775047555565834, ""anp_Deva""], [0.009759685024619102, ""awa_Deva""], [0.0008907650480978191, ""bho_Deva""], [0.0008239875896833837, ""new_Deva""]]"
L1,16692,anp_Deva,0.9994027614593506,0.0006103073246777058,"[[0.9994027614593506, ""anp_Deva""], [0.0006103073246777058, ""hin_Deva""], [1.5942088793963194e-05, ""new_Deva""], [1.0576159183983691e-05, ""doi_Deva""], [1.0410264621896204e-05, ""awa_Deva""]]"
L1,16984,hin_Deva,0.9481694102287292,0.9481694102287292,"[[0.9481694102287292, ""hin_Deva""], [0.038803938776254654, ""awa_Deva""], [0.007282821461558342, ""new_Deva""], [0.004063635598868132, ""anp_Deva""], [0.0013000911567360163, ""mai_Deva""]]"
L1,17070,anp_Deva,0.9996193051338196,0.00034269338357262313,"[[0.9996193051338196, ""anp_Deva""], [0.00034269338357262313, ""hin_Deva""], [3.957398439524695e-05, ""new_Deva""], [2.733026303758379e-05, ""mai_Deva""], [1.746158341120463e-05, ""awa_Deva""]]"
L1,17266,hin_Deva,0.9685741662979126,0.9685741662979126,"[[0.9685741662979126, ""hin_Deva""], [0.01801896095275879, ""anp_Deva""], [0.010460537858307362, ""new_Deva""], [0.0014403266832232475, ""awa_Deva""], [0.0005660365568473935, ""mai_Deva""]]"
L1,17657,anp_Deva,0.978033721446991,0.021070176735520363,"[[0.978033721446991, ""anp_Deva""], [0.021070176735520363, ""hin_Deva""], [0.000661542871966958, ""awa_Deva""], [0.0002658081939443946, ""new_Deva""], [1.7477494111517444e-05, ""mai_Deva""]]"
L1,17773,hin_Deva,0.9906910061836243,0.9906910061836243,"[[0.9906910061836243, ""hin_Deva""], [0.00455147260800004, ""anp_Deva""], [0.0024657505564391613, ""awa_Deva""], [0.0013602734543383121, ""new_Deva""], [0.00033423383138142526, ""bho_Deva""]]"
L1,17791,anp_Deva,0.9986987709999084,0.000624517968390137,"[[0.9986987709999084, ""anp_Deva""], [0.0006838280241936445, ""awa_Deva""], [0.000624517968390137, ""hin_Deva""], [2.2764666937291622e-05, ""bho_Deva""], [1.5852971046115272e-05, ""mar_Deva""]]"
L1,17828,anp_Deva,0.995861291885376,0.003311821026727557,"[[0.995861291885376, ""anp_Deva""], [0.003311821026727557, ""hin_Deva""], [0.0005712676211260259, ""new_Deva""], [0.0002809902071021497, ""awa_Deva""], [1.6879972463357262e-05, ""mai_Deva""]]"
L1,17870,hin_Deva,0.9056949615478516,0.9056949615478516,"[[0.9056949615478516, ""hin_Deva""], [0.08560062944889069, ""anp_Deva""], [0.006626476068049669, ""awa_Deva""], [0.0011894736671820283, ""mai_Deva""], [0.0008126573520712554, ""new_Deva""]]"
L1,17964,hin_Deva,0.9919905662536621,0.9919905662536621,"[[0.9919905662536621, ""hin_Deva""], [0.007680951151996851, ""anp_Deva""], [0.00015910822548903525, ""mai_Deva""], [0.000140955628012307, ""new_Deva""], [5.825609332532622e-05, ""awa_Deva""]]"
L1,18196,anp_Deva,0.996850848197937,0.002893641125410795,"[[0.996850848197937, ""anp_Deva""], [0.002893641125410795, ""hin_Deva""], [0.00025901439948938787, ""new_Deva""], [2.38068460021168e-05, ""mai_Deva""], [1.9478597096167505e-05, ""kas_Deva""]]"
L1,18284,hin_Deva,0.7332282662391663,0.7332282662391663,"[[0.7332282662391663, ""hin_Deva""], [0.25927597284317017, ""anp_Deva""], [0.004429014865309, ""new_Deva""], [0.00250226934440434, ""awa_Deva""], [0.0004316033737268299, ""mai_Deva""]]"
L1,18296,hin_Deva,0.9155961871147156,0.9155961871147156,"[[0.9155961871147156, ""hin_Deva""], [0.07908578217029572, ""anp_Deva""], [0.002462246920913458, ""awa_Deva""], [0.001453370787203312, ""new_Deva""], [0.0013894770527258515, ""mai_Deva""]]"
L1,18305,hin_Deva,0.6952243447303772,0.6952243447303772,"[[0.6952243447303772, ""hin_Deva""], [0.17965610325336456, ""anp_Deva""], [0.11022961139678955, ""awa_Deva""], [0.010478810407221317, ""bho_Deva""], [0.0013436560984700918, ""mag_Deva""]]"
L1,18344,hin_Deva,0.5068063139915466,0.5068063139915466,"[[0.5068063139915466, ""hin_Deva""], [0.48310238122940063, ""anp_Deva""], [0.007091047707945108, ""new_Deva""], [0.001077635562978685, ""awa_Deva""], [0.0008397502242587507, ""mai_Deva""]]"
L1,18866,anp_Deva,0.9996108412742615,0.0003708437434397638,"[[0.9996108412742615, ""anp_Deva""], [0.0003708437434397638, ""hin_Deva""], [2.965789462905377e-05, ""new_Deva""], [2.7183734346181154e-05, ""awa_Deva""], [1.1128713595098816e-05, ""sck_Deva""]]"
L1,18880,hin_Deva,0.48930200934410095,0.48930200934410095,"[[0.48930200934410095, ""hin_Deva""], [0.48004600405693054, ""anp_Deva""], [0.02486761100590229, ""new_Deva""], [0.003568799002096057, ""awa_Deva""], [0.0006251689628697932, ""kas_Deva""]]"
L1,19088,hin_Deva,0.8118690848350525,0.8118690848350525,"[[0.8118690848350525, ""hin_Deva""], [0.18101969361305237, ""anp_Deva""], [0.005568834953010082, ""new_Deva""], [0.000725507503375411, ""bho_Deva""], [0.0007235314114950597, ""awa_Deva""]]"
L1,19338,anp_Deva,0.9021556973457336,0.09147947281599045,"[[0.9021556973457336, ""anp_Deva""], [0.09147947281599045, ""hin_Deva""], [0.005170147866010666, ""mai_Deva""], [0.0011012201430276036, ""awa_Deva""], [5.752695142291486e-05, ""new_Deva""]]"
L1,19367,anp_Deva,0.7790148854255676,0.2083468735218048,"[[0.7790148854255676, ""anp_Deva""], [0.2083468735218048, ""hin_Deva""], [0.007199371233582497, ""new_Deva""], [0.003311317414045334, ""awa_Deva""], [0.0021042595617473125, ""bho_Deva""]]"
L1,19475,hin_Deva,0.8004981875419617,0.8004981875419617,"[[0.8004981875419617, ""hin_Deva""], [0.1558537632226944, ""anp_Deva""], [0.033974550664424896, ""new_Deva""], [0.005986750591546297, ""awa_Deva""], [0.0034848563373088837, ""bho_Deva""]]"
L1,19664,anp_Deva,0.996522843837738,0.002786660799756646,"[[0.996522843837738, ""anp_Deva""], [0.002786660799756646, ""hin_Deva""], [0.0005408263532444835, ""awa_Deva""], [0.00018899723363574594, ""new_Deva""], [1.026628160616383e-05, ""bho_Deva""]]"
L1,19737,anp_Deva,0.8343597054481506,0.16258126497268677,"[[0.8343597054481506, ""anp_Deva""], [0.16258126497268677, ""hin_Deva""], [0.0018674245802685618, ""new_Deva""], [0.0012125991052016616, ""awa_Deva""], [2.1297440980561078e-05, ""bho_Deva""]]"
L1,20006,anp_Deva,0.9660212993621826,0.03364549204707146,"[[0.9660212993621826, ""anp_Deva""], [0.03364549204707146, ""hin_Deva""], [0.0001559055526740849, ""new_Deva""], [0.00013049747212789953, ""mag_Deva""], [8.113497460726649e-05, ""awa_Deva""]]"
L1,20309,anp_Deva,0.9930995106697083,0.006697582546621561,"[[0.9930995106697083, ""anp_Deva""], [0.006697582546621561, ""hin_Deva""], [0.00023135058290790766, ""new_Deva""], [1.1498391359054949e-05, ""awa_Deva""], [1.0018750799645204e-05, ""doi_Deva""]]"
L1,20521,hin_Deva,0.832868218421936,0.832868218421936,"[[0.832868218421936, ""hin_Deva""], [0.16623951494693756, ""anp_Deva""], [0.0007690960192121565, ""awa_Deva""], [6.527478399220854e-05, ""mai_Deva""], [6.362426211126149e-05, ""new_Deva""]]"
L1,20889,anp_Deva,0.9979507327079773,0.0013044180814176798,"[[0.9979507327079773, ""anp_Deva""], [0.0013044180814176798, ""hin_Deva""], [0.0006333459168672562, ""new_Deva""], [5.58234314667061e-05, ""mai_Deva""], [5.311855784384534e-05, ""awa_Deva""]]"
L1,21003,anp_Deva,0.6244922876358032,0.37277382612228394,"[[0.6244922876358032, ""anp_Deva""], [0.37277382612228394, ""hin_Deva""], [0.001411087578162551, ""new_Deva""], [0.000508214405272156, ""mai_Deva""], [0.0004674393276218325, ""awa_Deva""]]"
L1,21582,anp_Deva,0.9996508359909058,0.00029588580946438015,"[[0.9996508359909058, ""anp_Deva""], [0.00029588580946438015, ""hin_Deva""], [7.855791045585647e-05, ""awa_Deva""], [1.2072272511431947e-05, ""new_Deva""], [1.1646952771116048e-05, ""mag_Deva""]]"
L1,21641,anp_Deva,0.8998159170150757,0.07645083963871002,"[[0.8998159170150757, ""anp_Deva""], [0.07645083963871002, ""hin_Deva""], [0.023576002568006516, ""awa_Deva""], [0.00014909962192177773, ""new_Deva""], [2.9780730983475223e-05, ""bho_Deva""]]"
L1,21707,hin_Deva,0.9511309266090393,0.9511309266090393,"[[0.9511309266090393, ""hin_Deva""], [0.04214686527848244, ""anp_Deva""], [0.0028385717887431383, ""mai_Deva""], [0.0020582065917551517, ""new_Deva""], [0.0011747601674869657, ""awa_Deva""]]"
L1,21830,hin_Deva,0.9841535091400146,0.9841535091400146,"[[0.9841535091400146, ""hin_Deva""], [0.012300772592425346, ""anp_Deva""], [0.003230513771995902, ""new_Deva""], [0.00016491409041918814, ""npi_Deva""], [0.0001329111255472526, ""san_Deva""]]"
L1,22192,anp_Deva,0.7341388463973999,0.2615935206413269,"[[0.7341388463973999, ""anp_Deva""], [0.2615935206413269, ""hin_Deva""], [0.0028764931485056877, ""bho_Deva""], [0.000648729270324111, ""awa_Deva""], [0.0004792282998096198, ""new_Deva""]]"
L1,22211,hin_Deva,0.9491928219795227,0.9491928219795227,"[[0.9491928219795227, ""hin_Deva""], [0.035468682646751404, ""anp_Deva""], [0.008988501504063606, ""awa_Deva""], [0.0027926096227020025, ""bho_Deva""], [0.002248773816972971, ""new_Deva""]]"
L1,22277,anp_Deva,0.8635382652282715,0.13168804347515106,"[[0.8635382652282715, ""anp_Deva""], [0.13168804347515106, ""hin_Deva""], [0.0029341052286326885, ""awa_Deva""], [0.001184845925308764, ""new_Deva""], [0.00034997353213839233, ""mai_Deva""]]"
L1,22430,anp_Deva,0.969420313835144,0.030517790466547012,"[[0.969420313835144, ""anp_Deva""], [0.030517790466547012, ""hin_Deva""], [8.51083968882449e-05, ""awa_Deva""], [1.25726701298845e-05, ""sck_Deva""], [1.2352042176644318e-05, ""mag_Deva""]]"
L1,22589,hin_Deva,0.9616140723228455,0.9616140723228455,"[[0.9616140723228455, ""hin_Deva""], [0.03721821680665016, ""anp_Deva""], [0.0006262373644858599, ""new_Deva""], [0.0003448308852966875, ""awa_Deva""], [0.00015383196296170354, ""mai_Deva""]]"
L1,22857,hin_Deva,0.8134357929229736,0.8134357929229736,"[[0.8134357929229736, ""hin_Deva""], [0.10015277564525604, ""mai_Deva""], [0.03606520965695381, ""anp_Deva""], [0.03264604136347771, ""new_Deva""], [0.007809047121554613, ""brx_Deva""]]"
L1,23022,hin_Deva,0.8682383894920349,0.8682383894920349,"[[0.8682383894920349, ""hin_Deva""], [0.1158478856086731, ""anp_Deva""], [0.005748513620346785, ""awa_Deva""], [0.0045455992221832275, ""bho_Deva""], [0.004092609975486994, ""mai_Deva""]]"
L1,23045,hin_Deva,0.9260866641998291,0.9260866641998291,"[[0.9260866641998291, ""hin_Deva""], [0.07338500022888184, ""anp_Deva""], [0.0002165589394280687, ""awa_Deva""], [0.00018723910034168512, ""mai_Deva""], [0.00013156112981960177, ""new_Deva""]]"
L1,23245,anp_Deva,0.5789698362350464,0.3194147050380707,"[[0.5789698362350464, ""anp_Deva""], [0.3194147050380707, ""hin_Deva""], [0.071586012840271, ""new_Deva""], [0.02520570158958435, ""awa_Deva""], [0.0024211611598730087, ""mai_Deva""]]"
L1,23370,bho_Deva,0.5092967748641968,0.37155547738075256,"[[0.5092967748641968, ""bho_Deva""], [0.37155547738075256, ""hin_Deva""], [0.0781053900718689, ""anp_Deva""], [0.012459813617169857, ""new_Deva""], [0.00851710420101881, ""hne_Deva""]]"
L1,23698,anp_Deva,0.9901582598686218,0.009053324349224567,"[[0.9901582598686218, ""anp_Deva""], [0.009053324349224567, ""hin_Deva""], [0.0008157854899764061, ""awa_Deva""], [1.0784600817714818e-05, ""new_Deva""], [1.0700694474508055e-05, ""san_Deva""]]"
L1,24038,anp_Deva,0.5856457948684692,0.24053923785686493,"[[0.5856457948684692, ""anp_Deva""], [0.24053923785686493, ""hin_Deva""], [0.16878540813922882, ""awa_Deva""], [0.0025753555819392204, ""mai_Deva""], [0.0013024955987930298, ""bho_Deva""]]"
L1,24281,hin_Deva,0.6039997935295105,0.6039997935295105,"[[0.6039997935295105, ""hin_Deva""], [0.3037550747394562, ""anp_Deva""], [0.025989489629864693, ""awa_Deva""], [0.02541203610599041, ""bho_Deva""], [0.020147064700722694, ""new_Deva""]]"
L1,24471,anp_Deva,0.9731605052947998,0.024373089894652367,"[[0.9731605052947998, ""anp_Deva""], [0.024373089894652367, ""hin_Deva""], [0.001835472765378654, ""new_Deva""], [0.000335706805344671, ""awa_Deva""], [0.0002709153632167727, ""mai_Deva""]]"
L1,24693,hin_Deva,0.9589851498603821,0.9589851498603821,"[[0.9589851498603821, ""hin_Deva""], [0.021243812516331673, ""anp_Deva""], [0.017742207273840904, ""new_Deva""], [0.0011279273312538862, ""awa_Deva""], [0.0004377294098958373, ""bho_Deva""]]"
L1,24749,hin_Deva,0.8267301917076111,0.8267301917076111,"[[0.8267301917076111, ""hin_Deva""], [0.17152756452560425, ""anp_Deva""], [0.0005403389222919941, ""mai_Deva""], [0.0005142865120433271, ""bho_Deva""], [0.00042875378858298063, ""new_Deva""]]"
L1,24779,hin_Deva,0.680117666721344,0.680117666721344,"[[0.680117666721344, ""hin_Deva""], [0.3150305449962616, ""anp_Deva""], [0.0042931027710437775, ""awa_Deva""], [0.00034486985532566905, ""new_Deva""], [0.0001426821982022375, ""bho_Deva""]]"
L1,24858,anp_Deva,0.9910931587219238,0.008790550753474236,"[[0.9910931587219238, ""anp_Deva""], [0.008790550753474236, ""hin_Deva""], [0.00011233419354539365, ""awa_Deva""], [2.9949484087410383e-05, ""new_Deva""], [1.5139682545850519e-05, ""mar_Deva""]]"
L1,24877,hin_Deva,0.9110707640647888,0.9110707640647888,"[[0.9110707640647888, ""hin_Deva""], [0.05779054015874863, ""anp_Deva""], [0.013836970552802086, ""mag_Deva""], [0.013084872625768185, ""awa_Deva""], [0.0035276315174996853, ""new_Deva""]]"
L1,25575,anp_Deva,0.5979461669921875,0.38799548149108887,"[[0.5979461669921875, ""anp_Deva""], [0.38799548149108887, ""hin_Deva""], [0.011836020275950432, ""awa_Deva""], [0.001677646767348051, ""new_Deva""], [0.00017142450087703764, ""bho_Deva""]]"
L1,25701,hin_Deva,0.9522087574005127,0.9522087574005127,"[[0.9522087574005127, ""hin_Deva""], [0.030140329152345657, ""new_Deva""], [0.013663217425346375, ""anp_Deva""], [0.002224697731435299, ""mai_Deva""], [0.001329040969721973, ""mar_Deva""]]"
L1,25841,hin_Deva,0.7826027870178223,0.7826027870178223,"[[0.7826027870178223, ""hin_Deva""], [0.1764775961637497, ""anp_Deva""], [0.040650807321071625, ""awa_Deva""], [0.0002846635179594159, ""new_Deva""], [1.805092324502766e-05, ""bho_Deva""]]"
L1,25855,hin_Deva,0.955910861492157,0.955910861492157,"[[0.955910861492157, ""hin_Deva""], [0.04290434345602989, ""anp_Deva""], [0.0009681573719717562, ""new_Deva""], [0.00012106970825698227, ""mai_Deva""], [9.152192069450393e-05, ""bho_Deva""]]"
L1,25891,hin_Deva,0.9168877601623535,0.9168877601623535,"[[0.9168877601623535, ""hin_Deva""], [0.07225515693426132, ""anp_Deva""], [0.009068784303963184, ""awa_Deva""], [0.0008240618626587093, ""new_Deva""], [0.0004694270610343665, ""bho_Deva""]]"
L1,25938,anp_Deva,0.6080965399742126,0.35193541646003723,"[[0.6080965399742126, ""anp_Deva""], [0.35193541646003723, ""hin_Deva""], [0.030884496867656708, ""awa_Deva""], [0.004869526717811823, ""mai_Deva""], [0.004123550374060869, ""new_Deva""]]"
L1,26125,hin_Deva,0.9847757816314697,0.9847757816314697,"[[0.9847757816314697, ""hin_Deva""], [0.012477601878345013, ""mar_Deva""], [0.0012498378055170178, ""bho_Deva""], [0.0007334224646911025, ""mai_Deva""], [0.00041667200275696814, ""awa_Deva""]]"
L1,26321,hin_Deva,0.8295807242393494,0.8295807242393494,"[[0.8295807242393494, ""hin_Deva""], [0.16864332556724548, ""anp_Deva""], [0.0007166093564592302, ""bho_Deva""], [0.0004955133772455156, ""mai_Deva""], [0.00019726681057363749, ""mup_Deva""]]"
L1,26677,anp_Deva,0.9819198846817017,0.017982197925448418,"[[0.9819198846817017, ""anp_Deva""], [0.017982197925448418, ""hin_Deva""], [0.00010579917579889297, ""awa_Deva""], [2.4658314941916615e-05, ""new_Deva""], [1.3567384485213552e-05, ""mag_Deva""]]"
L1,26929,anp_Deva,0.9897142052650452,0.010209828615188599,"[[0.9897142052650452, ""anp_Deva""], [0.010209828615188599, ""hin_Deva""], [5.7785986427916214e-05, ""new_Deva""], [2.7832385967485607e-05, ""awa_Deva""], [2.520299494790379e-05, ""mar_Deva""]]"
L1,26961,hin_Deva,0.5196278691291809,0.5196278691291809,"[[0.5196278691291809, ""hin_Deva""], [0.47574707865715027, ""anp_Deva""], [0.0021283167880028486, ""awa_Deva""], [0.0013795412378385663, ""new_Deva""], [0.0005116589600220323, ""bho_Deva""]]"
L1,27043,hin_Deva,0.8220028877258301,0.8220028877258301,"[[0.8220028877258301, ""hin_Deva""], [0.1703975796699524, ""anp_Deva""], [0.006225191056728363, ""awa_Deva""], [0.0014001998351886868, ""new_Deva""], [1.7339880287181586e-05, ""bho_Deva""]]"
L1,27068,anp_Deva,0.9717706441879272,0.027338679879903793,"[[0.9717706441879272, ""anp_Deva""], [0.027338679879903793, ""hin_Deva""], [0.0008904163842089474, ""awa_Deva""], [3.733250196091831e-05, ""new_Deva""], [1.1736946362361778e-05, ""sck_Deva""]]"
L1,27247,anp_Deva,0.7217673659324646,0.2721962034702301,"[[0.7217673659324646, ""anp_Deva""], [0.2721962034702301, ""hin_Deva""], [0.004254801198840141, ""new_Deva""], [0.0016116524348035455, ""awa_Deva""], [0.00011176196858286858, ""mai_Deva""]]"
L1,27350,anp_Deva,0.509522020816803,0.4896646738052368,"[[0.509522020816803, ""anp_Deva""], [0.4896646738052368, ""hin_Deva""], [0.0006700811791233718, ""awa_Deva""], [9.040873555932194e-05, ""new_Deva""], [5.3746600315207615e-05, ""mai_Deva""]]"
L1,27938,anp_Deva,0.9890710115432739,0.010751509107649326,"[[0.9890710115432739, ""anp_Deva""], [0.010751509107649326, ""hin_Deva""], [0.0001574427296873182, ""new_Deva""], [3.950109748984687e-05, ""awa_Deva""], [2.0797380784642883e-05, ""doi_Deva""]]"
L1,28233,anp_Deva,0.9544957876205444,0.04039015620946884,"[[0.9544957876205444, ""anp_Deva""], [0.04039015620946884, ""hin_Deva""], [0.0025448263622820377, ""awa_Deva""], [0.0023020263761281967, ""mai_Deva""], [0.00010926081449724734, ""new_Deva""]]"
L1,28253,anp_Deva,0.530298113822937,0.46672898530960083,"[[0.530298113822937, ""anp_Deva""], [0.46672898530960083, ""hin_Deva""], [0.0016755969263613224, ""awa_Deva""], [0.0011909452732652426, ""new_Deva""], [0.00013380915333982557, ""mai_Deva""]]"
L1,28270,anp_Deva,0.9279111623764038,0.07194191217422485,"[[0.9279111623764038, ""anp_Deva""], [0.07194191217422485, ""hin_Deva""], [0.0001029669219860807, ""new_Deva""], [5.118241460877471e-05, ""mai_Deva""], [3.12177071464248e-05, ""awa_Deva""]]"
L1,28457,anp_Deva,0.9321824908256531,0.06695502251386642,"[[0.9321824908256531, ""anp_Deva""], [0.06695502251386642, ""hin_Deva""], [0.0007408882956951857, ""new_Deva""], [7.517647463828325e-05, ""awa_Deva""], [6.006190596963279e-05, ""bho_Deva""]]"
L1,28489,hin_Deva,0.8047573566436768,0.8047573566436768,"[[0.8047573566436768, ""hin_Deva""], [0.10352637618780136, ""mai_Deva""], [0.031554464250802994, ""bho_Deva""], [0.01973278820514679, ""new_Deva""], [0.007571870926767588, ""mag_Deva""]]"
L1,28527,hin_Deva,0.9686596989631653,0.9686596989631653,"[[0.9686596989631653, ""hin_Deva""], [0.024454055353999138, ""anp_Deva""], [0.004777397960424423, ""awa_Deva""], [0.0007888430263847113, ""new_Deva""], [0.0007433515856973827, ""mag_Deva""]]"
L1,28541,anp_Deva,0.978938639163971,0.01931600645184517,"[[0.978938639163971, ""anp_Deva""], [0.01931600645184517, ""hin_Deva""], [0.0016462740022689104, ""awa_Deva""], [6.102403858676553e-05, ""mai_Deva""], [5.3900486818747595e-05, ""mag_Deva""]]"
L1,28571,hin_Deva,0.7935810685157776,0.7935810685157776,"[[0.7935810685157776, ""hin_Deva""], [0.13432647287845612, ""anp_Deva""], [0.024340704083442688, ""bho_Deva""], [0.018139244988560677, ""mar_Deva""], [0.012176853604614735, ""mai_Deva""]]"
L1,28730,hin_Deva,0.989140510559082,0.989140510559082,"[[0.989140510559082, ""hin_Deva""], [0.007162192836403847, ""anp_Deva""], [0.002090585883706808, ""bho_Deva""], [0.0008730380213819444, ""awa_Deva""], [0.0003023524768650532, ""new_Deva""]]"
L1,29029,anp_Deva,0.952743411064148,0.045893922448158264,"[[0.952743411064148, ""anp_Deva""], [0.045893922448158264, ""hin_Deva""], [0.0008443258702754974, ""new_Deva""], [0.0005553618539124727, ""awa_Deva""], [1.230944963026559e-05, ""sck_Deva""]]"
L1,29079,hin_Deva,0.5572293996810913,0.5572293996810913,"[[0.5572293996810913, ""hin_Deva""], [0.4346621036529541, ""anp_Deva""], [0.005659874062985182, ""new_Deva""], [0.00211885292083025, ""awa_Deva""], [0.00023150088964030147, ""bho_Deva""]]"
L1,29169,anp_Deva,0.47137153148651123,0.12890207767486572,"[[0.47137153148651123, ""anp_Deva""], [0.3990571200847626, ""awa_Deva""], [0.12890207767486572, ""hin_Deva""], [0.0007020147750154138, ""new_Deva""], [1.4027900760993361e-05, ""mai_Deva""]]"
L1,29736,hin_Deva,0.9511327743530273,0.9511327743530273,"[[0.9511327743530273, ""hin_Deva""], [0.03645666688680649, ""anp_Deva""], [0.005091655068099499, ""new_Deva""], [0.0033382736146450043, ""awa_Deva""], [0.0016186439897865057, ""mag_Deva""]]"
L1,29744,hin_Deva,0.9291257858276367,0.9291257858276367,"[[0.9291257858276367, ""hin_Deva""], [0.038948990404605865, ""mai_Deva""], [0.02137698046863079, ""anp_Deva""], [0.0025417385622859, ""awa_Deva""], [0.0015846329042688012, ""kas_Deva""]]"
L1,29849,hin_Deva,0.5330637693405151,0.5330637693405151,"[[0.5330637693405151, ""hin_Deva""], [0.4085536003112793, ""anp_Deva""], [0.05402091145515442, ""new_Deva""], [0.002888789866119623, ""awa_Deva""], [0.0010942119406536222, ""bho_Deva""]]"
L1,29899,anp_Deva,0.6792134642601013,0.3113251030445099,"[[0.6792134642601013, ""anp_Deva""], [0.3113251030445099, ""hin_Deva""], [0.00527511490508914, ""new_Deva""], [0.003344554454088211, ""awa_Deva""], [0.0003939760208595544, ""san_Deva""]]"
L1,29900,anp_Deva,0.9999686479568481,1.8485810869606212e-05,"[[0.9999686479568481, ""anp_Deva""], [4.2768871935550123e-05, ""awa_Deva""], [1.8485810869606212e-05, ""hin_Deva""], [1.0115670193044934e-05, ""new_Deva""], [1.0041507266578265e-05, ""mai_Deva""]]"
L1,29959,anp_Deva,0.9520301222801208,0.040929313749074936,"[[0.9520301222801208, ""anp_Deva""], [0.040929313749074936, ""hin_Deva""], [0.0068036350421607494, ""awa_Deva""], [0.00013347675849217921, ""new_Deva""], [0.00010343244503019378, ""mai_Deva""]]"
L1,30030,hin_Deva,0.8346566557884216,0.8346566557884216,"[[0.8346566557884216, ""hin_Deva""], [0.12748825550079346, ""anp_Deva""], [0.036119189113378525, ""awa_Deva""], [0.0007187677547335625, ""doi_Deva""], [0.000705334881786257, ""sck_Deva""]]"
L1,30119,anp_Deva,0.8082767724990845,0.18508507311344147,"[[0.8082767724990845, ""anp_Deva""], [0.18508507311344147, ""hin_Deva""], [0.0040776594541966915, ""mai_Deva""], [0.0021419664844870567, ""awa_Deva""], [0.0003198525810148567, ""new_Deva""]]"
L1,30251,anp_Deva,0.7985026836395264,0.18919247388839722,"[[0.7985026836395264, ""anp_Deva""], [0.18919247388839722, ""hin_Deva""], [0.008794030174612999, ""bho_Deva""], [0.002094926778227091, ""awa_Deva""], [0.00040429626824334264, ""mar_Deva""]]"
L1,30502,anp_Deva,0.9762613773345947,0.02116805501282215,"[[0.9762613773345947, ""anp_Deva""], [0.02116805501282215, ""hin_Deva""], [0.002430929336696863, ""awa_Deva""], [0.0001043686133925803, ""bho_Deva""], [7.914558955235407e-05, ""new_Deva""]]"
L1,30547,anp_Deva,0.9473666548728943,0.049475494772195816,"[[0.9473666548728943, ""anp_Deva""], [0.049475494772195816, ""hin_Deva""], [0.0029700410086661577, ""mai_Deva""], [0.00010440425103297457, ""awa_Deva""], [8.506384619977325e-05, ""new_Deva""]]"
L1,30697,hin_Deva,0.9521673321723938,0.9521673321723938,"[[0.9521673321723938, ""hin_Deva""], [0.03462214767932892, ""mag_Deva""], [0.008224927820265293, ""anp_Deva""], [0.0027640140615403652, ""awa_Deva""], [0.0007620116230100393, ""bho_Deva""]]"
L1,30783,anp_Deva,0.7097163796424866,0.18334424495697021,"[[0.7097163796424866, ""anp_Deva""], [0.18334424495697021, ""hin_Deva""], [0.09579725563526154, ""awa_Deva""], [0.0034230994060635567, ""new_Deva""], [0.0021297503262758255, ""mai_Deva""]]"
L1,30998,anp_Deva,0.7949203252792358,0.20146185159683228,"[[0.7949203252792358, ""anp_Deva""], [0.20146185159683228, ""hin_Deva""], [0.001995244761928916, ""bho_Deva""], [0.0008751053246669471, ""mai_Deva""], [0.0004948692512698472, ""new_Deva""]]"
L1,31026,anp_Deva,0.7543746829032898,0.2419920116662979,"[[0.7543746829032898, ""anp_Deva""], [0.2419920116662979, ""hin_Deva""], [0.0022796213161200285, ""new_Deva""], [0.0011906551662832499, ""awa_Deva""], [0.00010221308912150562, ""mup_Deva""]]"
L1,31038,anp_Deva,0.6506888270378113,0.2312016785144806,"[[0.6506888270378113, ""anp_Deva""], [0.2312016785144806, ""hin_Deva""], [0.0941600427031517, ""mar_Deva""], [0.014870712533593178, ""new_Deva""], [0.0035605872981250286, ""awa_Deva""]]"
L1,31135,hin_Deva,0.9362123608589172,0.9362123608589172,"[[0.9362123608589172, ""hin_Deva""], [0.052865512669086456, ""anp_Deva""], [0.005446412600576878, ""new_Deva""], [0.002711623441427946, ""mai_Deva""], [0.0010867657838389277, ""mag_Deva""]]"
L1,31697,anp_Deva,0.9373862147331238,0.06157354265451431,"[[0.9373862147331238, ""anp_Deva""], [0.06157354265451431, ""hin_Deva""], [0.0007050796411931515, ""awa_Deva""], [0.00017993029905483127, ""bho_Deva""], [0.00012005664757452905, ""new_Deva""]]"
L1,31728,anp_Deva,0.9999974966049194,1.9854558559018187e-05,"[[0.9999974966049194, ""anp_Deva""], [1.9854558559018187e-05, ""hin_Deva""], [1.1332028407196049e-05, ""awa_Deva""], [1.1246093890804332e-05, ""doi_Deva""], [1.0036136700364295e-05, ""kas_Deva""]]"
L1,31921,anp_Deva,0.5148757100105286,0.4843093156814575,"[[0.5148757100105286, ""anp_Deva""], [0.4843093156814575, ""hin_Deva""], [0.0005254436400718987, ""awa_Deva""], [8.368054841412231e-05, ""sck_Deva""], [7.741746958345175e-05, ""new_Deva""]]"
L1,32280,hin_Deva,0.8226117491722107,0.8226117491722107,"[[0.8226117491722107, ""hin_Deva""], [0.1705976128578186, ""anp_Deva""], [0.005769122391939163, ""awa_Deva""], [0.0005653163534589112, ""bho_Deva""], [0.0004121786914765835, ""new_Deva""]]"
L1,32509,hin_Deva,0.5921881198883057,0.5921881198883057,"[[0.5921881198883057, ""hin_Deva""], [0.389556884765625, ""anp_Deva""], [0.010134398937225342, ""new_Deva""], [0.003446581307798624, ""mai_Deva""], [0.002909709233790636, ""awa_Deva""]]"
L1,32543,hin_Deva,0.8651384711265564,0.8651384711265564,"[[0.8651384711265564, ""hin_Deva""], [0.11745046079158783, ""anp_Deva""], [0.012162549421191216, ""new_Deva""], [0.004734872840344906, ""bho_Deva""], [0.0002628592774271965, ""mag_Deva""]]"
L1,32739,hin_Deva,0.5941333770751953,0.5941333770751953,"[[0.5941333770751953, ""hin_Deva""], [0.4039446711540222, ""anp_Deva""], [0.0016242896672338247, ""awa_Deva""], [0.0002316135069122538, ""new_Deva""], [0.00010740994184743613, ""bho_Deva""]]"
L1,32872,anp_Deva,0.9223163723945618,0.07742393761873245,"[[0.9223163723945618, ""anp_Deva""], [0.07742393761873245, ""hin_Deva""], [0.0002808771387208253, ""awa_Deva""], [1.6554415196878836e-05, ""new_Deva""], [1.138939660449978e-05, ""bho_Deva""]]"
L1,32981,anp_Deva,0.9700603485107422,0.028357092291116714,"[[0.9700603485107422, ""anp_Deva""], [0.028357092291116714, ""hin_Deva""], [0.0015198352048173547, ""awa_Deva""], [5.431261524790898e-05, ""sck_Deva""], [2.6971545594278723e-05, ""doi_Deva""]]"
L1,33003,anp_Deva,0.905396044254303,0.0923399031162262,"[[0.905396044254303, ""anp_Deva""], [0.0923399031162262, ""hin_Deva""], [0.0009348969324491918, ""awa_Deva""], [0.000843354151584208, ""mai_Deva""], [0.0003987999225500971, ""new_Deva""]]"
L1,33026,anp_Deva,0.9999459981918335,3.759187529794872e-05,"[[0.9999459981918335, ""anp_Deva""], [3.759187529794872e-05, ""hin_Deva""], [2.745262099779211e-05, ""awa_Deva""], [2.234378371213097e-05, ""mai_Deva""], [1.3930168279330246e-05, ""sck_Deva""]]"
L1,33336,hin_Deva,0.7212380766868591,0.7212380766868591,"[[0.7212380766868591, ""hin_Deva""], [0.23884494602680206, ""anp_Deva""], [0.031153522431850433, ""awa_Deva""], [0.0046486337669193745, ""mai_Deva""], [0.002564655849710107, ""bho_Deva""]]"
L1,33490,anp_Deva,0.8999866843223572,0.08567317575216293,"[[0.8999866843223572, ""anp_Deva""], [0.08567317575216293, ""hin_Deva""], [0.013094584457576275, ""awa_Deva""], [0.0005832628230564296, ""mup_Deva""], [0.000581911881454289, ""new_Deva""]]"
L1,33702,anp_Deva,0.9824999570846558,0.017305726185441017,"[[0.9824999570846558, ""anp_Deva""], [0.017305726185441017, ""hin_Deva""], [0.00012906941992696375, ""awa_Deva""], [3.792655115830712e-05, ""mag_Deva""], [2.9483304388122633e-05, ""new_Deva""]]"
L1,33887,hin_Deva,0.6738910675048828,0.6738910675048828,"[[0.6738910675048828, ""hin_Deva""], [0.3109188377857208, ""anp_Deva""], [0.008760133758187294, ""awa_Deva""], [0.006361999083310366, ""new_Deva""], [5.218238948145881e-05, ""mai_Deva""]]"
L1,34053,anp_Deva,0.4840284287929535,0.303661048412323,"[[0.4840284287929535, ""anp_Deva""], [0.303661048412323, ""hin_Deva""], [0.10804928839206696, ""new_Deva""], [0.025142332538962364, ""gom_Deva""], [0.0174757968634367, ""thl_Deva""]]"
L1,34073,hin_Deva,0.761104166507721,0.761104166507721,"[[0.761104166507721, ""hin_Deva""], [0.1779579371213913, ""new_Deva""], [0.04952710494399071, ""anp_Deva""], [0.010872680693864822, ""awa_Deva""], [0.0004215896187815815, ""mar_Deva""]]"
L1,34195,anp_Deva,0.9746924042701721,0.02485894411802292,"[[0.9746924042701721, ""anp_Deva""], [0.02485894411802292, ""hin_Deva""], [0.00024512934032827616, ""new_Deva""], [0.00012187796528451145, ""awa_Deva""], [7.545019616372883e-05, ""mag_Deva""]]"
L1,34596,anp_Deva,0.9314026236534119,0.06743548065423965,"[[0.9314026236534119, ""anp_Deva""], [0.06743548065423965, ""hin_Deva""], [0.0008867454016581178, ""new_Deva""], [0.0002201396564487368, ""mai_Deva""], [8.981285645859316e-05, ""awa_Deva""]]"
L1,34741,hin_Deva,0.5701308250427246,0.5701308250427246,"[[0.5701308250427246, ""hin_Deva""], [0.2294270098209381, ""awa_Deva""], [0.12908130884170532, ""anp_Deva""], [0.040011584758758545, ""kas_Deva""], [0.029496997594833374, ""bho_Deva""]]"
L1,35093,anp_Deva,0.922926127910614,0.0759470984339714,"[[0.922926127910614, ""anp_Deva""], [0.0759470984339714, ""hin_Deva""], [0.000629277725238353, ""awa_Deva""], [0.00023502968542743474, ""new_Deva""], [0.00022776448167860508, ""bho_Deva""]]"
L1,35205,hin_Deva,0.9912561774253845,0.9912561774253845,"[[0.9912561774253845, ""hin_Deva""], [0.005295793991535902, ""anp_Deva""], [0.001423936104401946, ""mai_Deva""], [0.0010513588786125183, ""new_Deva""], [0.0004669814952649176, ""mar_Deva""]]"
L1,35253,anp_Deva,0.9942394495010376,0.004736785776913166,"[[0.9942394495010376, ""anp_Deva""], [0.004736785776913166, ""hin_Deva""], [0.0006353843491524458, ""mai_Deva""], [0.00022653015912510455, ""kas_Deva""], [8.87209753273055e-05, ""awa_Deva""]]"
L1,35900,anp_Deva,0.689115047454834,0.29567334055900574,"[[0.689115047454834, ""anp_Deva""], [0.29567334055900574, ""hin_Deva""], [0.008213084191083908, ""awa_Deva""], [0.0068877278827130795, ""new_Deva""], [9.985685028368607e-05, ""mag_Deva""]]"
L1,35945,anp_Deva,0.9180106520652771,0.06900017708539963,"[[0.9180106520652771, ""anp_Deva""], [0.06900017708539963, ""hin_Deva""], [0.006999023724347353, ""new_Deva""], [0.005628721322864294, ""awa_Deva""], [0.00038673184462822974, ""mai_Deva""]]"
L1,36023,hin_Deva,0.6622487306594849,0.6622487306594849,"[[0.6622487306594849, ""hin_Deva""], [0.2993801534175873, ""anp_Deva""], [0.016344156116247177, ""new_Deva""], [0.01291938778012991, ""mai_Deva""], [0.008204112760722637, ""awa_Deva""]]"
L1,36122,hin_Deva,0.7948638796806335,0.7948638796806335,"[[0.7948638796806335, ""hin_Deva""], [0.19666607677936554, ""anp_Deva""], [0.006412557326257229, ""new_Deva""], [0.0018648466793820262, ""awa_Deva""], [0.00016748203779570758, ""mai_Deva""]]"
L1,36384,anp_Deva,0.9823764562606812,0.01590857096016407,"[[0.9823764562606812, ""anp_Deva""], [0.01590857096016407, ""hin_Deva""], [0.001455778256058693, ""awa_Deva""], [0.00019905189401470125, ""new_Deva""], [0.00010641502012731507, ""mag_Deva""]]"
L1,36456,anp_Deva,0.9247002005577087,0.07352936267852783,"[[0.9247002005577087, ""anp_Deva""], [0.07352936267852783, ""hin_Deva""], [0.0015813953941687942, ""new_Deva""], [9.901958401314914e-05, ""awa_Deva""], [7.486082176910713e-05, ""bho_Deva""]]"
L1,36494,anp_Deva,0.9904424548149109,0.00683074863627553,"[[0.9904424548149109, ""anp_Deva""], [0.00683074863627553, ""hin_Deva""], [0.0017852173186838627, ""bho_Deva""], [0.0006516010034829378, ""awa_Deva""], [0.00012606197560671717, ""kas_Deva""]]"
L1,36586,hin_Deva,0.9342167973518372,0.9342167973518372,"[[0.9342167973518372, ""hin_Deva""], [0.06220703199505806, ""anp_Deva""], [0.0028938192408531904, ""awa_Deva""], [0.000474027416203171, ""new_Deva""], [0.0001530454319436103, ""mai_Deva""]]"
L1,36613,anp_Deva,0.9167214035987854,0.07570912688970566,"[[0.9167214035987854, ""anp_Deva""], [0.07570912688970566, ""hin_Deva""], [0.0063946000300347805, ""awa_Deva""], [0.0006067261565476656, ""new_Deva""], [0.00046288169687613845, ""mai_Deva""]]"
L1,36614,hin_Deva,0.7425140738487244,0.7425140738487244,"[[0.7425140738487244, ""hin_Deva""], [0.2505497932434082, ""anp_Deva""], [0.00431425217539072, ""new_Deva""], [0.001808757777325809, ""awa_Deva""], [0.0008059983956627548, ""mai_Deva""]]"
L1,36786,hin_Deva,0.7045668959617615,0.7045668959617615,"[[0.7045668959617615, ""hin_Deva""], [0.25594985485076904, ""anp_Deva""], [0.016325563192367554, ""awa_Deva""], [0.013683331198990345, ""new_Deva""], [0.004740346688777208, ""bho_Deva""]]"
L1,36787,hin_Deva,0.7319748997688293,0.7319748997688293,"[[0.7319748997688293, ""hin_Deva""], [0.2610792815685272, ""anp_Deva""], [0.003018016694113612, ""new_Deva""], [0.0017778563778847456, ""awa_Deva""], [0.0015324041014537215, ""bho_Deva""]]"
L1,36818,anp_Deva,0.5311209559440613,0.41773781180381775,"[[0.5311209559440613, ""anp_Deva""], [0.41773781180381775, ""hin_Deva""], [0.035125989466905594, ""awa_Deva""], [0.007278742268681526, ""new_Deva""], [0.006841479800641537, ""doi_Deva""]]"
L1,36849,hin_Deva,0.9453879594802856,0.9453879594802856,"[[0.9453879594802856, ""hin_Deva""], [0.02728874422609806, ""anp_Deva""], [0.01123329158872366, ""bho_Deva""], [0.006271111313253641, ""mag_Deva""], [0.0050584678538143635, ""new_Deva""]]"
L1,37022,hin_Deva,0.848734438419342,0.848734438419342,"[[0.848734438419342, ""hin_Deva""], [0.14817796647548676, ""anp_Deva""], [0.002217778004705906, ""awa_Deva""], [0.0008813760941848159, ""new_Deva""], [2.2705669834977016e-05, ""mai_Deva""]]"
L1,37282,hin_Deva,0.523796021938324,0.523796021938324,"[[0.523796021938324, ""hin_Deva""], [0.4733547568321228, ""anp_Deva""], [0.0012705281842499971, ""awa_Deva""], [0.0012665577232837677, ""new_Deva""], [0.00027401759871281683, ""mai_Deva""]]"
L1,37312,anp_Deva,0.47557610273361206,0.45795536041259766,"[[0.47557610273361206, ""anp_Deva""], [0.45795536041259766, ""hin_Deva""], [0.06315792351961136, ""awa_Deva""], [0.002468154998496175, ""bho_Deva""], [0.0006444629980251193, ""mai_Deva""]]"
L1,37455,anp_Deva,0.9318722486495972,0.06727173179388046,"[[0.9318722486495972, ""anp_Deva""], [0.06727173179388046, ""hin_Deva""], [0.0008629194926470518, ""new_Deva""], [3.059496157220565e-05, ""awa_Deva""], [1.1603171515162103e-05, ""mar_Deva""]]"
L1,37666,anp_Deva,0.7255613803863525,0.2724500894546509,"[[0.7255613803863525, ""anp_Deva""], [0.2724500894546509, ""hin_Deva""], [0.001139196683652699, ""awa_Deva""], [0.000757491507101804, ""new_Deva""], [8.299727778648958e-05, ""mai_Deva""]]"
L1,37924,anp_Deva,0.998855710029602,0.0010643522255122662,"[[0.998855710029602, ""anp_Deva""], [0.0010643522255122662, ""hin_Deva""], [5.5214284657267854e-05, ""new_Deva""], [4.520538277574815e-05, ""awa_Deva""], [2.4495091565768234e-05, ""npi_Deva""]]"
L1,38100,anp_Deva,0.9984744787216187,0.0012329340679571033,"[[0.9984744787216187, ""anp_Deva""], [0.0012329340679571033, ""hin_Deva""], [0.0002944684529211372, ""awa_Deva""], [3.454750549281016e-05, ""new_Deva""], [1.3175995263736695e-05, ""mai_Deva""]]"
L1,38545,hin_Deva,0.6548433303833008,0.6548433303833008,"[[0.6548433303833008, ""hin_Deva""], [0.27935200929641724, ""anp_Deva""], [0.04625687375664711, ""new_Deva""], [0.010186214931309223, ""mai_Deva""], [0.008955379948019981, ""awa_Deva""]]"
L1,38643,anp_Deva,0.9971458911895752,0.0028000271413475275,"[[0.9971458911895752, ""anp_Deva""], [0.0028000271413475275, ""hin_Deva""], [6.874930841149762e-05, ""awa_Deva""], [1.7277896404266357e-05, ""mai_Deva""], [1.5094629816303495e-05, ""new_Deva""]]"
L1,38683,anp_Deva,0.7868374586105347,0.20591199398040771,"[[0.7868374586105347, ""anp_Deva""], [0.20591199398040771, ""hin_Deva""], [0.0037683516275137663, ""new_Deva""], [0.0024388895835727453, ""awa_Deva""], [0.0008284382638521492, ""mai_Deva""]]"
L1,38685,hin_Deva,0.5771751999855042,0.5771751999855042,"[[0.5771751999855042, ""hin_Deva""], [0.23121416568756104, ""anp_Deva""], [0.18405781686306, ""awa_Deva""], [0.00538232084363699, ""new_Deva""], [0.0020120753906667233, ""doi_Deva""]]"
L1,38707,anp_Deva,0.5773800015449524,0.403579980134964,"[[0.5773800015449524, ""anp_Deva""], [0.403579980134964, ""hin_Deva""], [0.008815930224955082, ""awa_Deva""], [0.006206290330737829, ""mai_Deva""], [0.0033395139034837484, ""new_Deva""]]"
L1,39887,hin_Deva,0.7342559695243835,0.7342559695243835,"[[0.7342559695243835, ""hin_Deva""], [0.25769904255867004, ""anp_Deva""], [0.006003296468406916, ""mup_Deva""], [0.0016303414013236761, ""new_Deva""], [0.00036284528323449194, ""mai_Deva""]]"
L1,39988,anp_Deva,0.6350109577178955,0.2104765921831131,"[[0.6350109577178955, ""anp_Deva""], [0.2104765921831131, ""hin_Deva""], [0.1488344520330429, ""new_Deva""], [0.003968184348195791, ""awa_Deva""], [0.0009681730298325419, ""mai_Deva""]]"
L1,40045,hin_Deva,0.5576736330986023,0.5576736330986023,"[[0.5576736330986023, ""hin_Deva""], [0.44044193625450134, ""anp_Deva""], [0.00063835468608886, ""mai_Deva""], [0.0006096488214097917, ""bho_Deva""], [0.0003796909295488149, ""awa_Deva""]]"
L1,40081,anp_Deva,0.8581873774528503,0.13384541869163513,"[[0.8581873774528503, ""anp_Deva""], [0.13384541869163513, ""hin_Deva""], [0.004288360010832548, ""awa_Deva""], [0.002707406412810087, ""new_Deva""], [0.0009201810462400317, ""mai_Deva""]]"
L1,40325,anp_Deva,0.9960114359855652,0.003869469277560711,"[[0.9960114359855652, ""anp_Deva""], [0.003869469277560711, ""hin_Deva""], [0.00012217774929013103, ""awa_Deva""], [3.5042656236328185e-05, ""new_Deva""], [1.1675700079649687e-05, ""mai_Deva""]]"
L1,40371,hin_Deva,0.9396396279335022,0.9396396279335022,"[[0.9396396279335022, ""hin_Deva""], [0.03473701700568199, ""anp_Deva""], [0.02321472391486168, ""awa_Deva""], [0.0023161880671977997, ""new_Deva""], [5.424904520623386e-05, ""sck_Deva""]]"
L1,40621,hin_Deva,0.9735371470451355,0.9735371470451355,"[[0.9735371470451355, ""hin_Deva""], [0.010880231857299805, ""anp_Deva""], [0.008623030036687851, ""awa_Deva""], [0.0043719918467104435, ""new_Deva""], [0.001070180325768888, ""mai_Deva""]]"
L1,40718,anp_Deva,0.6136624813079834,0.3493100106716156,"[[0.6136624813079834, ""anp_Deva""], [0.3493100106716156, ""hin_Deva""], [0.03483135998249054, ""awa_Deva""], [0.001894362852908671, ""new_Deva""], [0.00019885969231836498, ""mai_Deva""]]"
L1,40728,anp_Deva,0.9872617721557617,0.012513202615082264,"[[0.9872617721557617, ""anp_Deva""], [0.012513202615082264, ""hin_Deva""], [0.00017832587764132768, ""new_Deva""], [5.855475683347322e-05, ""awa_Deva""], [3.429408752708696e-05, ""mai_Deva""]]"
L1,40948,anp_Deva,0.9655797481536865,0.030530469492077827,"[[0.9655797481536865, ""anp_Deva""], [0.030530469492077827, ""hin_Deva""], [0.0038669754285365343, ""new_Deva""], [6.241419032448903e-05, ""awa_Deva""], [1.0210479558736552e-05, ""kas_Deva""]]"
L1,41515,hin_Deva,0.899046003818512,0.899046003818512,"[[0.899046003818512, ""hin_Deva""], [0.0880110114812851, ""awa_Deva""], [0.007559223100543022, ""anp_Deva""], [0.002799364970996976, ""new_Deva""], [0.0006037480779923499, ""bho_Deva""]]"
L1,41766,anp_Deva,0.8436586856842041,0.15498366951942444,"[[0.8436586856842041, ""anp_Deva""], [0.15498366951942444, ""hin_Deva""], [0.0013490674318745732, ""awa_Deva""], [4.4001819333061576e-05, ""new_Deva""], [1.2983577107661404e-05, ""mai_Deva""]]"
L1,41927,anp_Deva,0.9968290328979492,0.0031447734218090773,"[[0.9968290328979492, ""anp_Deva""], [0.0031447734218090773, ""hin_Deva""], [3.979754546890035e-05, ""awa_Deva""], [2.4802890038699843e-05, ""new_Deva""], [1.0679082151909824e-05, ""bho_Deva""]]"
L1,42014,anp_Deva,0.9026234149932861,0.09360712766647339,"[[0.9026234149932861, ""anp_Deva""], [0.09360712766647339, ""hin_Deva""], [0.002634447766467929, ""awa_Deva""], [0.0009053980465978384, ""new_Deva""], [0.0001853401045082137, ""bho_Deva""]]"
L1,42169,hin_Deva,0.9557573795318604,0.9557573795318604,"[[0.9557573795318604, ""hin_Deva""], [0.019053757190704346, ""anp_Deva""], [0.01580566167831421, ""mai_Deva""], [0.00408773822709918, ""new_Deva""], [0.003982034511864185, ""awa_Deva""]]"
L1,42365,anp_Deva,0.8283852338790894,0.15126045048236847,"[[0.8283852338790894, ""anp_Deva""], [0.15126045048236847, ""hin_Deva""], [0.020101459696888924, ""awa_Deva""], [0.00018350149912294, ""bho_Deva""], [6.611348362639546e-05, ""mai_Deva""]]"
L1,42496,anp_Deva,0.9012243747711182,0.09027744084596634,"[[0.9012243747711182, ""anp_Deva""], [0.09027744084596634, ""hin_Deva""], [0.007662612944841385, ""new_Deva""], [0.0006261594244278967, ""awa_Deva""], [0.0001901224022731185, ""doi_Deva""]]"
L1,42698,hin_Deva,0.609085202217102,0.609085202217102,"[[0.609085202217102, ""hin_Deva""], [0.38031497597694397, ""anp_Deva""], [0.0048257880844175816, ""awa_Deva""], [0.0015788133023306727, ""bho_Deva""], [0.0014017430366948247, ""sck_Deva""]]"
L1,42711,hin_Deva,0.8451498746871948,0.8451498746871948,"[[0.8451498746871948, ""hin_Deva""], [0.1263749897480011, ""anp_Deva""], [0.009953952394425869, ""new_Deva""], [0.00917004980146885, ""awa_Deva""], [0.00424581253901124, ""kas_Deva""]]"
L1,42830,hin_Deva,0.9507143497467041,0.9507143497467041,"[[0.9507143497467041, ""hin_Deva""], [0.045622654259204865, ""anp_Deva""], [0.0021311440505087376, ""awa_Deva""], [0.0007623590645380318, ""mai_Deva""], [0.0004413090064190328, ""bho_Deva""]]"
L1,42858,hin_Deva,0.9901947975158691,0.9901947975158691,"[[0.9901947975158691, ""hin_Deva""], [0.007886925712227821, ""anp_Deva""], [0.0008221755269914865, ""bho_Deva""], [0.0004733175446745008, ""new_Deva""], [0.0002879506500903517, ""awa_Deva""]]"
L1,43050,anp_Deva,0.7677046656608582,0.231692373752594,"[[0.7677046656608582, ""anp_Deva""], [0.231692373752594, ""hin_Deva""], [0.0005048835882917047, ""awa_Deva""], [0.00011859978985739872, ""new_Deva""], [1.8804785213433206e-05, ""bho_Deva""]]"
L1,43144,anp_Deva,0.9983594417572021,0.0015650083078071475,"[[0.9983594417572021, ""anp_Deva""], [0.0015650083078071475, ""hin_Deva""], [9.002732986118644e-05, ""new_Deva""], [2.4223156287916936e-05, ""awa_Deva""], [1.0898861546593253e-05, ""mai_Deva""]]"
L1,43175,anp_Deva,0.6133124828338623,0.35578376054763794,"[[0.6133124828338623, ""anp_Deva""], [0.35578376054763794, ""hin_Deva""], [0.0166065264493227, ""awa_Deva""], [0.009474552236497402, ""kas_Deva""], [0.002877576742321253, ""new_Deva""]]"
L1,43472,hin_Deva,0.9324468374252319,0.9324468374252319,"[[0.9324468374252319, ""hin_Deva""], [0.038828011602163315, ""anp_Deva""], [0.027922362089157104, ""new_Deva""], [0.000326804380165413, ""sck_Deva""], [0.0002537680556997657, ""awa_Deva""]]"
L1,43602,hin_Deva,0.8479334115982056,0.8479334115982056,"[[0.8479334115982056, ""hin_Deva""], [0.13533543050289154, ""anp_Deva""], [0.010938238352537155, ""awa_Deva""], [0.0027704413514584303, ""mai_Deva""], [0.002069980138912797, ""new_Deva""]]"
L1,43796,anp_Deva,0.9003494381904602,0.09396262466907501,"[[0.9003494381904602, ""anp_Deva""], [0.09396262466907501, ""hin_Deva""], [0.0038245709147304296, ""new_Deva""], [0.0018168209353461862, ""awa_Deva""], [6.036533523001708e-05, ""mai_Deva""]]"
L1,43808,anp_Deva,0.863974928855896,0.13399454951286316,"[[0.863974928855896, ""anp_Deva""], [0.13399454951286316, ""hin_Deva""], [0.0016330428188666701, ""awa_Deva""], [0.0003047898062504828, ""bho_Deva""], [6.950546230655164e-05, ""mai_Deva""]]"
L1,43823,hin_Deva,0.5603506565093994,0.5603506565093994,"[[0.5603506565093994, ""hin_Deva""], [0.4175085723400116, ""awa_Deva""], [0.01725577376782894, ""doi_Deva""], [0.004175166599452496, ""anp_Deva""], [0.000285729969618842, ""mai_Deva""]]"
L1,43947,anp_Deva,0.9860147833824158,0.012767404317855835,"[[0.9860147833824158, ""anp_Deva""], [0.012767404317855835, ""hin_Deva""], [0.001240933663211763, ""awa_Deva""], [1.55528869072441e-05, ""new_Deva""], [1.1099195035058074e-05, ""doi_Deva""]]"
L1,44030,hin_Deva,0.9365904331207275,0.9365904331207275,"[[0.9365904331207275, ""hin_Deva""], [0.062461819499731064, ""anp_Deva""], [0.0005127059412188828, ""new_Deva""], [0.00019694067304953933, ""awa_Deva""], [0.00013263522123452276, ""mai_Deva""]]"
L1,44075,anp_Deva,0.9990437030792236,0.0009670195868238807,"[[0.9990437030792236, ""anp_Deva""], [0.0009670195868238807, ""hin_Deva""], [1.3170491911296267e-05, ""awa_Deva""], [1.1226933565922081e-05, ""san_Deva""], [1.1223935871385038e-05, ""mai_Deva""]]"
L1,44094,hin_Deva,0.9904482960700989,0.9904482960700989,"[[0.9904482960700989, ""hin_Deva""], [0.005865913815796375, ""awa_Deva""], [0.001868855208158493, ""new_Deva""], [0.000308654154650867, ""brx_Deva""], [0.00030028034234419465, ""sck_Deva""]]"
L1,44147,anp_Deva,0.9405043125152588,0.0585796982049942,"[[0.9405043125152588, ""anp_Deva""], [0.0585796982049942, ""hin_Deva""], [0.0007942418451420963, ""new_Deva""], [0.00010773607209557667, ""awa_Deva""], [3.2863787055248395e-05, ""mag_Deva""]]"
L1,44263,hin_Deva,0.5680134892463684,0.5680134892463684,"[[0.5680134892463684, ""hin_Deva""], [0.42458027601242065, ""anp_Deva""], [0.002945417771115899, ""mai_Deva""], [0.002725708531215787, ""awa_Deva""], [0.0010895277373492718, ""new_Deva""]]"
L1,44349,anp_Deva,0.8505375981330872,0.11762712150812149,"[[0.8505375981330872, ""anp_Deva""], [0.11762712150812149, ""hin_Deva""], [0.019618574529886246, ""awa_Deva""], [0.012057471089065075, ""new_Deva""], [0.00014180938887875527, ""bho_Deva""]]"
L1,44697,hin_Deva,0.8956642746925354,0.8956642746925354,"[[0.8956642746925354, ""hin_Deva""], [0.08250781148672104, ""awa_Deva""], [0.01098236907273531, ""bho_Deva""], [0.004479201976209879, ""mag_Deva""], [0.003104155883193016, ""anp_Deva""]]"
L1,44820,anp_Deva,0.9238271713256836,0.0739412009716034,"[[0.9238271713256836, ""anp_Deva""], [0.0739412009716034, ""hin_Deva""], [0.0019393159309402108, ""new_Deva""], [0.0003185025998391211, ""awa_Deva""], [1.5533794794464484e-05, ""sck_Deva""]]"
L1,44983,hin_Deva,0.6097898483276367,0.6097898483276367,"[[0.6097898483276367, ""hin_Deva""], [0.36650633811950684, ""anp_Deva""], [0.012525530532002449, ""new_Deva""], [0.010765385814011097, ""awa_Deva""], [0.00023501287796534598, ""mai_Deva""]]"
L1,45232,anp_Deva,0.9964102506637573,0.0035951535683125257,"[[0.9964102506637573, ""anp_Deva""], [0.0035951535683125257, ""hin_Deva""], [2.0633762687793933e-05, ""awa_Deva""], [1.189212707686238e-05, ""mai_Deva""], [1.128294115915196e-05, ""new_Deva""]]"
L1,45439,hin_Deva,0.9103369116783142,0.9103369116783142,"[[0.9103369116783142, ""hin_Deva""], [0.08423741906881332, ""anp_Deva""], [0.0024275213945657015, ""awa_Deva""], [0.0017926369328051805, ""new_Deva""], [0.0008927048766054213, ""mai_Deva""]]"
L1,45446,hin_Deva,0.9735541343688965,0.9735541343688965,"[[0.9735541343688965, ""hin_Deva""], [0.026303188875317574, ""anp_Deva""], [0.00011495546641526744, ""awa_Deva""], [4.4497151975519955e-05, ""mai_Deva""], [2.9338714739424177e-05, ""new_Deva""]]"
L1,45455,hin_Deva,0.9385608434677124,0.9385608434677124,"[[0.9385608434677124, ""hin_Deva""], [0.046292420476675034, ""anp_Deva""], [0.01155440416187048, ""awa_Deva""], [0.0019912291318178177, ""new_Deva""], [0.0011858808575198054, ""doi_Deva""]]"
L1,45565,anp_Deva,0.7782098054885864,0.21977315843105316,"[[0.7782098054885864, ""anp_Deva""], [0.21977315843105316, ""hin_Deva""], [0.001999088330194354, ""awa_Deva""], [2.656225478858687e-05, ""new_Deva""], [2.289211261086166e-05, ""bho_Deva""]]"
L1,45791,hin_Deva,0.7800153493881226,0.7800153493881226,"[[0.7800153493881226, ""hin_Deva""], [0.2140800952911377, ""anp_Deva""], [0.00262719695456326, ""new_Deva""], [0.0023846363183110952, ""mai_Deva""], [0.0007984160911291838, ""awa_Deva""]]"
L1,45803,anp_Deva,0.9953105449676514,0.004190394654870033,"[[0.9953105449676514, ""anp_Deva""], [0.004190394654870033, ""hin_Deva""], [0.0004909399431198835, ""mai_Deva""], [3.3463104045949876e-05, ""npi_Deva""], [1.544428050692659e-05, ""new_Deva""]]"
L1,46040,hin_Deva,0.9077232480049133,0.9077232480049133,"[[0.9077232480049133, ""hin_Deva""], [0.060567546635866165, ""anp_Deva""], [0.02208438329398632, ""awa_Deva""], [0.006305699702352285, ""new_Deva""], [0.003273426089435816, ""mai_Deva""]]"
L1,46101,hin_Deva,0.8817533254623413,0.8817533254623413,"[[0.8817533254623413, ""hin_Deva""], [0.04032726585865021, ""mai_Deva""], [0.039520468562841415, ""anp_Deva""], [0.02570716105401516, ""awa_Deva""], [0.005745921283960342, ""new_Deva""]]"
L1,46112,anp_Deva,0.9995972514152527,0.000366023276001215,"[[0.9995972514152527, ""anp_Deva""], [0.000366023276001215, ""hin_Deva""], [3.1268598831957206e-05, ""mag_Deva""], [3.067653233301826e-05, ""awa_Deva""], [1.9628861991805024e-05, ""new_Deva""]]"
L1,46118,anp_Deva,0.9682257771492004,0.03145156055688858,"[[0.9682257771492004, ""anp_Deva""], [0.03145156055688858, ""hin_Deva""], [0.0001545109407743439, ""mai_Deva""], [0.00010238440154353157, ""awa_Deva""], [9.592027345206589e-05, ""bho_Deva""]]"
L1,46143,anp_Deva,0.6890936493873596,0.285617858171463,"[[0.6890936493873596, ""anp_Deva""], [0.285617858171463, ""hin_Deva""], [0.022196412086486816, ""awa_Deva""], [0.0028131906874477863, ""mai_Deva""], [0.00028264388674870133, ""new_Deva""]]"
L1,46185,hin_Deva,0.8795668482780457,0.8795668482780457,"[[0.8795668482780457, ""hin_Deva""], [0.0860975906252861, ""anp_Deva""], [0.01191198080778122, ""bho_Deva""], [0.010911909863352776, ""mai_Deva""], [0.007200895342975855, ""mag_Deva""]]"
L1,46484,hin_Deva,0.901976466178894,0.901976466178894,"[[0.901976466178894, ""hin_Deva""], [0.08075813204050064, ""anp_Deva""], [0.012059759348630905, ""mai_Deva""], [0.003501915605738759, ""awa_Deva""], [0.0007189199677668512, ""mag_Deva""]]"
L1,46627,hin_Deva,0.9532424211502075,0.9532424211502075,"[[0.9532424211502075, ""hin_Deva""], [0.03868607059121132, ""anp_Deva""], [0.005354155786335468, ""new_Deva""], [0.0011954349465668201, ""awa_Deva""], [0.0011304995277896523, ""mai_Deva""]]"
L1,46765,anp_Deva,0.7601914405822754,0.23149652779102325,"[[0.7601914405822754, ""anp_Deva""], [0.23149652779102325, ""hin_Deva""], [0.0055648693814873695, ""awa_Deva""], [0.0011520454427227378, ""mag_Deva""], [0.0009171672281809151, ""mai_Deva""]]"
L1,46777,anp_Deva,0.7576545476913452,0.23118871450424194,"[[0.7576545476913452, ""anp_Deva""], [0.23118871450424194, ""hin_Deva""], [0.008606355637311935, ""new_Deva""], [0.001366829383186996, ""awa_Deva""], [0.000897421850822866, ""mai_Deva""]]"
L1,46966,hin_Deva,0.8750559091567993,0.8750559091567993,"[[0.8750559091567993, ""hin_Deva""], [0.11577095836400986, ""anp_Deva""], [0.003911437001079321, ""mai_Deva""], [0.0025376249104738235, ""mag_Deva""], [0.0022376656997948885, ""awa_Deva""]]"
L1,47157,anp_Deva,0.9715534448623657,0.027446473017334938,"[[0.9715534448623657, ""anp_Deva""], [0.027446473017334938, ""hin_Deva""], [0.000998069648630917, ""new_Deva""], [3.1192532333079726e-05, ""awa_Deva""], [1.4193974493537098e-05, ""mup_Deva""]]"
L1,47253,mag_Deva,0.3863941729068756,0.28078439831733704,"[[0.3863941729068756, ""mag_Deva""], [0.32791244983673096, ""anp_Deva""], [0.28078439831733704, ""hin_Deva""], [0.003059175331145525, ""new_Deva""], [0.0007174128550104797, ""awa_Deva""]]"
L1,47690,anp_Deva,0.8940169215202332,0.1039549857378006,"[[0.8940169215202332, ""anp_Deva""], [0.1039549857378006, ""hin_Deva""], [0.001057055895216763, ""awa_Deva""], [0.00045866999425925314, ""mup_Deva""], [0.0003250199952162802, ""new_Deva""]]"
L1,48076,anp_Deva,0.9989773035049438,0.0005654600099660456,"[[0.9989773035049438, ""anp_Deva""], [0.0005654600099660456, ""hin_Deva""], [0.00025865325005725026, ""new_Deva""], [0.00021814713545609266, ""awa_Deva""], [2.5161496523651294e-05, ""doi_Deva""]]"
L1,48167,anp_Deva,0.6089722514152527,0.3892258107662201,"[[0.6089722514152527, ""anp_Deva""], [0.3892258107662201, ""hin_Deva""], [0.0007728126365691423, ""awa_Deva""], [0.0004796649736817926, ""bho_Deva""], [0.0002760451170615852, ""new_Deva""]]"
L1,48344,hin_Deva,0.8827494978904724,0.8827494978904724,"[[0.8827494978904724, ""hin_Deva""], [0.11352511495351791, ""anp_Deva""], [0.0021634704899042845, ""awa_Deva""], [0.0014445430133491755, ""new_Deva""], [0.00011352618457749486, ""mai_Deva""]]"
L1,48526,anp_Deva,0.9999843835830688,2.169277831853833e-05,"[[0.9999843835830688, ""anp_Deva""], [2.169277831853833e-05, ""hin_Deva""], [1.7865380868897773e-05, ""new_Deva""], [1.593593151483219e-05, ""awa_Deva""], [1.0058749467134476e-05, ""mai_Deva""]]"
L1,48589,anp_Deva,0.99940025806427,0.0006080807652324438,"[[0.99940025806427, ""anp_Deva""], [0.0006080807652324438, ""hin_Deva""], [1.5162527233769652e-05, ""new_Deva""], [1.4472586371994112e-05, ""awa_Deva""], [1.2009701094939373e-05, ""bho_Deva""]]"
L1,48650,anp_Deva,0.9992946982383728,0.0007233551004901528,"[[0.9992946982383728, ""anp_Deva""], [0.0007233551004901528, ""hin_Deva""], [1.1067706509493291e-05, ""mai_Deva""], [1.0633492820488755e-05, ""new_Deva""], [1.0194124115514569e-05, ""san_Deva""]]"
L1,48663,hin_Deva,0.9502629041671753,0.9502629041671753,"[[0.9502629041671753, ""hin_Deva""], [0.044806256890296936, ""anp_Deva""], [0.00233084405772388, ""new_Deva""], [0.0018703029491007328, ""awa_Deva""], [0.0006598382024094462, ""bho_Deva""]]"
L1,48832,anp_Deva,0.9225748181343079,0.0748429000377655,"[[0.9225748181343079, ""anp_Deva""], [0.0748429000377655, ""hin_Deva""], [0.0012439918937161565, ""new_Deva""], [0.0005945029552094638, ""awa_Deva""], [0.0004379089514259249, ""mag_Deva""]]"
L1,48973,anp_Deva,0.46745482087135315,0.2745593786239624,"[[0.46745482087135315, ""anp_Deva""], [0.2745593786239624, ""hin_Deva""], [0.25229930877685547, ""new_Deva""], [0.005125018768012524, ""doi_Deva""], [0.00039194279816001654, ""awa_Deva""]]"
L1,49894,anp_Deva,0.9893637895584106,0.01027991995215416,"[[0.9893637895584106, ""anp_Deva""], [0.01027991995215416, ""hin_Deva""], [0.00021331255265977234, ""awa_Deva""], [7.969394937390462e-05, ""new_Deva""], [5.857245923834853e-05, ""mag_Deva""]]"
L1,50164,hin_Deva,0.38799601793289185,0.38799601793289185,"[[0.38799601793289185, ""hin_Deva""], [0.38288605213165283, ""awa_Deva""], [0.2083711326122284, ""anp_Deva""], [0.00978153571486473, ""bho_Deva""], [0.007117606699466705, ""doi_Deva""]]"
L1,50190,anp_Deva,0.8579564094543457,0.1416022777557373,"[[0.8579564094543457, ""anp_Deva""], [0.1416022777557373, ""hin_Deva""], [0.00019922907813452184, ""new_Deva""], [0.00013302740990184247, ""bho_Deva""], [7.281421858351678e-05, ""mag_Deva""]]"
L1,50638,anp_Deva,0.9478927850723267,0.04817661643028259,"[[0.9478927850723267, ""anp_Deva""], [0.04817661643028259, ""hin_Deva""], [0.0032258033752441406, ""awa_Deva""], [0.0003017184790223837, ""bho_Deva""], [0.0002488929603714496, ""mai_Deva""]]"
L1,51172,hin_Deva,0.9948352575302124,0.9948352575302124,"[[0.9948352575302124, ""hin_Deva""], [0.0038923383690416813, ""anp_Deva""], [0.001115249702706933, ""new_Deva""], [9.068022336577997e-05, ""awa_Deva""], [5.6773569667711854e-05, ""bho_Deva""]]"
L1,51175,hin_Deva,0.9785594344139099,0.9785594344139099,"[[0.9785594344139099, ""hin_Deva""], [0.01351807452738285, ""anp_Deva""], [0.0034752797801047564, ""bho_Deva""], [0.002450268715620041, ""new_Deva""], [0.0011064800200983882, ""awa_Deva""]]"
L1,51289,anp_Deva,0.996305525302887,0.0034046508371829987,"[[0.996305525302887, ""anp_Deva""], [0.0034046508371829987, ""hin_Deva""], [0.00031408603535965085, ""awa_Deva""], [1.2447222616174258e-05, ""mai_Deva""], [1.2361221706669312e-05, ""new_Deva""]]"
L1,51502,anp_Deva,0.9356710314750671,0.06127446889877319,"[[0.9356710314750671, ""anp_Deva""], [0.06127446889877319, ""hin_Deva""], [0.0021573668345808983, ""new_Deva""], [0.000905000080820173, ""awa_Deva""], [2.9853441446903162e-05, ""mai_Deva""]]"
L1,51731,anp_Deva,0.7171093821525574,0.257988303899765,"[[0.7171093821525574, ""anp_Deva""], [0.257988303899765, ""hin_Deva""], [0.01797342859208584, ""awa_Deva""], [0.004788244608789682, ""mai_Deva""], [0.001073733321391046, ""bho_Deva""]]"
L1,51775,anp_Deva,0.9960764050483704,0.003896011272445321,"[[0.9960764050483704, ""anp_Deva""], [0.003896011272445321, ""hin_Deva""], [5.655406494042836e-05, ""awa_Deva""], [1.0470263077877462e-05, ""mai_Deva""], [1.0446106898598373e-05, ""new_Deva""]]"
L1,51848,hin_Deva,0.7179703116416931,0.7179703116416931,"[[0.7179703116416931, ""hin_Deva""], [0.24075080454349518, ""anp_Deva""], [0.0283918846398592, ""new_Deva""], [0.007190594915300608, ""awa_Deva""], [0.005413702689111233, ""mai_Deva""]]"
L1,51893,anp_Deva,0.9707348346710205,0.029237153008580208,"[[0.9707348346710205, ""anp_Deva""], [0.029237153008580208, ""hin_Deva""], [5.6036788009805605e-05, ""awa_Deva""], [1.1755395462387241e-05, ""new_Deva""], [1.0181027391809039e-05, ""mai_Deva""]]"
L1,52035,anp_Deva,0.8859477639198303,0.11272644251585007,"[[0.8859477639198303, ""anp_Deva""], [0.11272644251585007, ""hin_Deva""], [0.0007371311658062041, ""doi_Deva""], [0.0005060079274699092, ""new_Deva""], [6.40759026282467e-05, ""mar_Deva""]]"
L1,52176,anp_Deva,0.853452205657959,0.1405913531780243,"[[0.853452205657959, ""anp_Deva""], [0.1405913531780243, ""hin_Deva""], [0.0030633762944489717, ""mag_Deva""], [0.0011735709849745035, ""new_Deva""], [0.0009100887691602111, ""awa_Deva""]]"
L1,52197,anp_Deva,0.9857281446456909,0.009256437420845032,"[[0.9857281446456909, ""anp_Deva""], [0.009256437420845032, ""hin_Deva""], [0.004848375450819731, ""new_Deva""], [0.00019954130402766168, ""awa_Deva""], [1.2844017874158453e-05, ""snd_Deva""]]"
L1,52203,anp_Deva,0.9969812631607056,0.0030158457811921835,"[[0.9969812631607056, ""anp_Deva""], [0.0030158457811921835, ""hin_Deva""], [2.77180879493244e-05, ""mai_Deva""], [1.286420774704311e-05, ""awa_Deva""], [1.0928368283202872e-05, ""npi_Deva""]]"
L1,52347,hin_Deva,0.8664885759353638,0.8664885759353638,"[[0.8664885759353638, ""hin_Deva""], [0.0742020234465599, ""anp_Deva""], [0.03261573985219002, ""awa_Deva""], [0.016033006832003593, ""bho_Deva""], [0.009253083728253841, ""mai_Deva""]]"
L1,52411,hin_Deva,0.5621669888496399,0.5621669888496399,"[[0.5621669888496399, ""hin_Deva""], [0.23154355585575104, ""new_Deva""], [0.203701451420784, ""anp_Deva""], [0.0012228651903569698, ""awa_Deva""], [0.0007198516395874321, ""kas_Deva""]]"
L1,52462,hin_Deva,0.9914141893386841,0.9914141893386841,"[[0.9914141893386841, ""hin_Deva""], [0.005729674827307463, ""anp_Deva""], [0.0018525926861912012, ""new_Deva""], [0.0005576141993515193, ""bho_Deva""], [0.0003055864362977445, ""awa_Deva""]]"
L1,52636,hin_Deva,0.9856027960777283,0.9856027960777283,"[[0.9856027960777283, ""hin_Deva""], [0.006484292913228273, ""new_Deva""], [0.005433917045593262, ""anp_Deva""], [0.0012927348725497723, ""awa_Deva""], [0.001110381679609418, ""mai_Deva""]]"
L1,52862,anp_Deva,0.697735607624054,0.22153230011463165,"[[0.697735607624054, ""anp_Deva""], [0.22153230011463165, ""hin_Deva""], [0.07664377987384796, ""new_Deva""], [0.0026762112975120544, ""awa_Deva""], [0.0011571303475648165, ""mai_Deva""]]"
L1,53115,anp_Deva,0.9942520260810852,0.005564256105571985,"[[0.9942520260810852, ""anp_Deva""], [0.005564256105571985, ""hin_Deva""], [0.00012052457896061242, ""awa_Deva""], [9.86409722827375e-05, ""new_Deva""], [1.1644331607385539e-05, ""mai_Deva""]]"
L1,53220,hin_Deva,0.8713884949684143,0.8713884949684143,"[[0.8713884949684143, ""hin_Deva""], [0.12104888260364532, ""anp_Deva""], [0.002787583274766803, ""new_Deva""], [0.0024808249436318874, ""awa_Deva""], [0.0013886484084650874, ""mai_Deva""]]"
L1,53303,anp_Deva,0.7877686023712158,0.1294669508934021,"[[0.7877686023712158, ""anp_Deva""], [0.1294669508934021, ""hin_Deva""], [0.07929864525794983, ""sck_Deva""], [0.0016728194896131754, ""awa_Deva""], [0.001096411724574864, ""doi_Deva""]]"
L1,53327,hin_Deva,0.889563262462616,0.889563262462616,"[[0.889563262462616, ""hin_Deva""], [0.10506992042064667, ""anp_Deva""], [0.005022324621677399, ""awa_Deva""], [0.00032206744072027504, ""new_Deva""], [4.942372106597759e-05, ""mai_Deva""]]"
L1,53355,hin_Deva,0.5619065761566162,0.5619065761566162,"[[0.5619065761566162, ""hin_Deva""], [0.423153817653656, ""anp_Deva""], [0.011647680774331093, ""new_Deva""], [0.002356958808377385, ""mai_Deva""], [0.0005284815561026335, ""awa_Deva""]]"
L1,53373,hin_Deva,0.9436324238777161,0.9436324238777161,"[[0.9436324238777161, ""hin_Deva""], [0.03256470710039139, ""mai_Deva""], [0.007056279107928276, ""bho_Deva""], [0.006652931682765484, ""anp_Deva""], [0.00471386406570673, ""new_Deva""]]"
L1,53475,hin_Deva,0.9098936915397644,0.9098936915397644,"[[0.9098936915397644, ""hin_Deva""], [0.07723136991262436, ""anp_Deva""], [0.005989586003124714, ""bho_Deva""], [0.005653408821672201, ""mag_Deva""], [0.0005321139469742775, ""mai_Deva""]]"
L1,53486,anp_Deva,0.9947604537010193,0.0036145378835499287,"[[0.9947604537010193, ""anp_Deva""], [0.0036145378835499287, ""hin_Deva""], [0.0016447510570287704, ""new_Deva""], [1.7104996004491113e-05, ""mai_Deva""], [1.2865263670391869e-05, ""awa_Deva""]]"
L1,53756,anp_Deva,0.9997337460517883,0.0002714760776143521,"[[0.9997337460517883, ""anp_Deva""], [0.0002714760776143521, ""hin_Deva""], [2.1120782548678108e-05, ""new_Deva""], [1.3670352018380072e-05, ""awa_Deva""], [1.000637530523818e-05, ""bho_Deva""]]"
L1,53879,anp_Deva,0.9686946868896484,0.03003910556435585,"[[0.9686946868896484, ""anp_Deva""], [0.03003910556435585, ""hin_Deva""], [0.0006902006571181118, ""new_Deva""], [0.0005576865514740348, ""awa_Deva""], [2.5540652131894603e-05, ""mai_Deva""]]"
L1,54139,anp_Deva,0.544046938419342,0.3179079294204712,"[[0.544046938419342, ""anp_Deva""], [0.3179079294204712, ""hin_Deva""], [0.13546739518642426, ""awa_Deva""], [0.001633457955904305, ""mai_Deva""], [0.0007156723295338452, ""bho_Deva""]]"
L1,54226,hin_Deva,0.8089776635169983,0.8089776635169983,"[[0.8089776635169983, ""hin_Deva""], [0.18817226588726044, ""anp_Deva""], [0.0014088541502133012, ""mag_Deva""], [0.0006785329314880073, ""bho_Deva""], [0.0004120945814065635, ""awa_Deva""]]"
L1,54235,hin_Deva,0.570343554019928,0.570343554019928,"[[0.570343554019928, ""hin_Deva""], [0.4225367307662964, ""anp_Deva""], [0.0038909597788006067, ""awa_Deva""], [0.0010245312005281448, ""mag_Deva""], [0.0009920541197061539, ""new_Deva""]]"
L1,54352,hin_Deva,0.9170631766319275,0.9170631766319275,"[[0.9170631766319275, ""hin_Deva""], [0.07868131250143051, ""anp_Deva""], [0.003517467761412263, ""new_Deva""], [0.00045888920431025326, ""doi_Deva""], [0.00011290288239251822, ""awa_Deva""]]"
L1,54407,hin_Deva,0.7833744287490845,0.7833744287490845,"[[0.7833744287490845, ""hin_Deva""], [0.16357538104057312, ""anp_Deva""], [0.03972228243947029, ""awa_Deva""], [0.010245556943118572, ""new_Deva""], [0.0014368316624313593, ""mai_Deva""]]"
L1,54420,anp_Deva,0.9989875555038452,0.0009414623491466045,"[[0.9989875555038452, ""anp_Deva""], [0.0009414623491466045, ""hin_Deva""], [7.214938523247838e-05, ""awa_Deva""], [3.821416976279579e-05, ""mag_Deva""], [1.0192345143877901e-05, ""new_Deva""]]"
L1,54423,anp_Deva,0.9928227066993713,0.0036207081284374,"[[0.9928227066993713, ""anp_Deva""], [0.0036207081284374, ""hin_Deva""], [0.0028861393220722675, ""awa_Deva""], [0.0006932705291546881, ""new_Deva""], [2.690757355594542e-05, ""doi_Deva""]]"
L1,54446,hin_Deva,0.9366626739501953,0.9366626739501953,"[[0.9366626739501953, ""hin_Deva""], [0.055943042039871216, ""anp_Deva""], [0.0031316678505390882, ""awa_Deva""], [0.002328065922483802, ""mai_Deva""], [0.0015514985425397754, ""new_Deva""]]"
L1,54574,anp_Deva,0.9479931592941284,0.05107000842690468,"[[0.9479931592941284, ""anp_Deva""], [0.05107000842690468, ""hin_Deva""], [0.0006676531047560275, ""awa_Deva""], [0.00021879197447560728, ""new_Deva""], [9.594113362254575e-05, ""mai_Deva""]]"
L1,54616,anp_Deva,0.6985698342323303,0.29546165466308594,"[[0.6985698342323303, ""anp_Deva""], [0.29546165466308594, ""hin_Deva""], [0.004485838580876589, ""mai_Deva""], [0.0012889758218079805, ""awa_Deva""], [7.746259507257491e-05, ""new_Deva""]]"
L1,55092,hin_Deva,0.5119934678077698,0.5119934678077698,"[[0.5119934678077698, ""hin_Deva""], [0.48632052540779114, ""anp_Deva""], [0.0008715211297385395, ""awa_Deva""], [0.0005222640465945005, ""mai_Deva""], [0.0002961528953164816, ""new_Deva""]]"
L1,55098,anp_Deva,0.9984412789344788,0.0013804486952722073,"[[0.9984412789344788, ""anp_Deva""], [0.0013804486952722073, ""hin_Deva""], [0.00010342346649849787, ""awa_Deva""], [6.852112710475922e-05, ""new_Deva""], [3.4582873922772706e-05, ""bho_Deva""]]"
L1,55269,anp_Deva,0.9675016403198242,0.032456230372190475,"[[0.9675016403198242, ""anp_Deva""], [0.032456230372190475, ""hin_Deva""], [5.1494680519681424e-05, ""new_Deva""], [2.374213727307506e-05, ""mai_Deva""], [1.6683648937032558e-05, ""awa_Deva""]]"
L1,55304,hin_Deva,0.7570129632949829,0.7570129632949829,"[[0.7570129632949829, ""hin_Deva""], [0.2359911948442459, ""anp_Deva""], [0.005461399909108877, ""awa_Deva""], [0.000597390637267381, ""mar_Deva""], [0.00033137830905616283, ""new_Deva""]]"
L1,55503,anp_Deva,0.9213163256645203,0.07236537337303162,"[[0.9213163256645203, ""anp_Deva""], [0.07236537337303162, ""hin_Deva""], [0.006276218220591545, ""new_Deva""], [7.991900201886892e-05, ""awa_Deva""], [1.0798793482535984e-05, ""mar_Deva""]]"
L1,55592,hin_Deva,0.9534463286399841,0.9534463286399841,"[[0.9534463286399841, ""hin_Deva""], [0.032009877264499664, ""anp_Deva""], [0.005438824184238911, ""awa_Deva""], [0.004128091037273407, ""mai_Deva""], [0.0026258204597979784, ""bho_Deva""]]"
L1,56031,anp_Deva,0.5537403225898743,0.44597628712654114,"[[0.5537403225898743, ""anp_Deva""], [0.44597628712654114, ""hin_Deva""], [0.00025949106202460825, ""new_Deva""], [5.822943421662785e-05, ""awa_Deva""], [1.3460530681186356e-05, ""mai_Deva""]]"
L1,56226,hin_Deva,0.8305635452270508,0.8305635452270508,"[[0.8305635452270508, ""hin_Deva""], [0.16009384393692017, ""anp_Deva""], [0.0055849929340183735, ""new_Deva""], [0.0014095623046159744, ""awa_Deva""], [0.0012648870470002294, ""mai_Deva""]]"
L1,56272,hin_Deva,0.9994281530380249,0.9994281530380249,"[[0.9994281530380249, ""hin_Deva""], [0.0001683437149040401, ""mai_Deva""], [9.199533087667078e-05, ""awa_Deva""], [9.171055717160925e-05, ""kas_Deva""], [6.756201037205756e-05, ""san_Deva""]]"
L1,56525,anp_Deva,0.9848557710647583,0.015160121023654938,"[[0.9848557710647583, ""anp_Deva""], [0.015160121023654938, ""hin_Deva""], [1.2918018910568208e-05, ""new_Deva""], [1.1149725651193876e-05, ""awa_Deva""], [1.0002197086578235e-05, ""bho_Deva""]]"
L1,56976,anp_Deva,0.546947181224823,0.43416258692741394,"[[0.546947181224823, ""anp_Deva""], [0.43416258692741394, ""hin_Deva""], [0.01826106570661068, ""awa_Deva""], [0.00028694706270471215, ""mar_Deva""], [0.00021624070359393954, ""bho_Deva""]]"
L1,56990,hin_Deva,0.9171034693717957,0.9171034693717957,"[[0.9171034693717957, ""hin_Deva""], [0.08111299574375153, ""anp_Deva""], [0.0013918190961703658, ""awa_Deva""], [0.00020708092779386789, ""bho_Deva""], [0.00014237988216336817, ""new_Deva""]]"
L1,57417,anp_Deva,0.9897072911262512,0.010124613530933857,"[[0.9897072911262512, ""anp_Deva""], [0.010124613530933857, ""hin_Deva""], [0.00016666974988766015, ""new_Deva""], [2.0644096366595477e-05, ""bho_Deva""], [1.992301258724183e-05, ""mai_Deva""]]"
L1,57662,anp_Deva,0.6345951557159424,0.3610316514968872,"[[0.6345951557159424, ""anp_Deva""], [0.3610316514968872, ""hin_Deva""], [0.0014710805844515562, ""awa_Deva""], [0.0012594896834343672, ""mai_Deva""], [0.0008813550812192261, ""mag_Deva""]]"
L1,57676,hin_Deva,0.4956519603729248,0.4956519603729248,"[[0.4956519603729248, ""hin_Deva""], [0.49271589517593384, ""anp_Deva""], [0.002606271067634225, ""npi_Deva""], [0.002529128920286894, ""new_Deva""], [0.0017175996908918023, ""mai_Deva""]]"
L1,57801,anp_Deva,0.7130867838859558,0.24352987110614777,"[[0.7130867838859558, ""anp_Deva""], [0.24352987110614777, ""hin_Deva""], [0.012443669140338898, ""new_Deva""], [0.006970078218728304, ""doi_Deva""], [0.004943034611642361, ""kas_Deva""]]"
L1,58008,hin_Deva,0.9879177212715149,0.9879177212715149,"[[0.9879177212715149, ""hin_Deva""], [0.004854121711105108, ""awa_Deva""], [0.00336032104678452, ""anp_Deva""], [0.0020944401621818542, ""mag_Deva""], [0.0006685205735266209, ""sck_Deva""]]"
L1,58468,anp_Deva,0.712306559085846,0.2857428789138794,"[[0.712306559085846, ""anp_Deva""], [0.2857428789138794, ""hin_Deva""], [0.0008337625185959041, ""new_Deva""], [0.0006395056843757629, ""awa_Deva""], [0.00027531737578101456, ""kas_Deva""]]"
L1,58575,anp_Deva,0.9394257068634033,0.05329839885234833,"[[0.9394257068634033, ""anp_Deva""], [0.05329839885234833, ""hin_Deva""], [0.004089773632586002, ""awa_Deva""], [0.003056600224226713, ""doi_Deva""], [0.00010559182555880398, ""mai_Deva""]]"
L1,58673,hin_Deva,0.8853417634963989,0.8853417634963989,"[[0.8853417634963989, ""hin_Deva""], [0.04387328773736954, ""new_Deva""], [0.027178402990102768, ""anp_Deva""], [0.016979996114969254, ""bho_Deva""], [0.012248733080923557, ""mai_Deva""]]"
L1,58688,hin_Deva,0.6335068941116333,0.6335068941116333,"[[0.6335068941116333, ""hin_Deva""], [0.30782267451286316, ""anp_Deva""], [0.04168373718857765, ""bho_Deva""], [0.01606311835348606, ""awa_Deva""], [0.0006817342364229262, ""mai_Deva""]]"
L1,59181,hin_Deva,0.9918850064277649,0.9918850064277649,"[[0.9918850064277649, ""hin_Deva""], [0.005091160070151091, ""awa_Deva""], [0.002078866586089134, ""new_Deva""], [0.0004439286421984434, ""mar_Deva""], [0.00022783290478400886, ""bho_Deva""]]"
L1,59277,anp_Deva,0.7950351238250732,0.10193461924791336,"[[0.7950351238250732, ""anp_Deva""], [0.10193461924791336, ""hin_Deva""], [0.09266573190689087, ""awa_Deva""], [0.006499492097645998, ""new_Deva""], [0.003620561445131898, ""mag_Deva""]]"
L1,59421,bho_Deva,0.7211455702781677,0.14261174201965332,"[[0.7211455702781677, ""bho_Deva""], [0.14261174201965332, ""hin_Deva""], [0.11211223155260086, ""awa_Deva""], [0.01805195026099682, ""anp_Deva""], [0.0019035962177440524, ""new_Deva""]]"
L1,59452,anp_Deva,0.47976914048194885,0.2807304561138153,"[[0.47976914048194885, ""anp_Deva""], [0.2807304561138153, ""hin_Deva""], [0.08990169316530228, ""bho_Deva""], [0.07555392384529114, ""awa_Deva""], [0.059103239327669144, ""mag_Deva""]]"
L1,59852,hin_Deva,0.877257227897644,0.877257227897644,"[[0.877257227897644, ""hin_Deva""], [0.084254689514637, ""anp_Deva""], [0.01724642887711525, ""awa_Deva""], [0.007671847939491272, ""mai_Deva""], [0.006154372822493315, ""bho_Deva""]]"
L1,60207,anp_Deva,0.6035339832305908,0.3932296931743622,"[[0.6035339832305908, ""anp_Deva""], [0.3932296931743622, ""hin_Deva""], [0.0018164805369451642, ""mag_Deva""], [0.0006930507370270789, ""mai_Deva""], [0.0005394965410232544, ""awa_Deva""]]"
L1,60210,hin_Deva,0.6106753945350647,0.6106753945350647,"[[0.6106753945350647, ""hin_Deva""], [0.28823691606521606, ""anp_Deva""], [0.05075975880026817, ""bho_Deva""], [0.02859899401664734, ""awa_Deva""], [0.010460997000336647, ""mai_Deva""]]"
L1,60225,hin_Deva,0.9962843656539917,0.9962843656539917,"[[0.9962843656539917, ""hin_Deva""], [0.0009819866390898824, ""awa_Deva""], [0.0008865268318913877, ""mag_Deva""], [0.0007393700652755797, ""mai_Deva""], [0.0005265718209557235, ""anp_Deva""]]"
L1,60296,hin_Deva,0.9810994267463684,0.9810994267463684,"[[0.9810994267463684, ""hin_Deva""], [0.0165538489818573, ""anp_Deva""], [0.0010899589397013187, ""awa_Deva""], [0.0009692151215858757, ""new_Deva""], [0.00029766265652142465, ""mai_Deva""]]"
L1,60351,hin_Deva,0.7148932814598083,0.7148932814598083,"[[0.7148932814598083, ""hin_Deva""], [0.25884896516799927, ""anp_Deva""], [0.013476060703396797, ""mag_Deva""], [0.007295111194252968, ""awa_Deva""], [0.0038252822123467922, ""new_Deva""]]"
L1,60469,hin_Deva,0.9859320521354675,0.9859320521354675,"[[0.9859320521354675, ""hin_Deva""], [0.013156759552657604, ""anp_Deva""], [0.0005086347809992731, ""awa_Deva""], [0.00011069105676142499, ""mag_Deva""], [9.87062812782824e-05, ""new_Deva""]]"
L1,60916,anp_Deva,0.9987636804580688,0.0005919096292927861,"[[0.9987636804580688, ""anp_Deva""], [0.0005919096292927861, ""hin_Deva""], [0.0003589630650822073, ""new_Deva""], [0.00030145616619847715, ""awa_Deva""], [2.4115952328429557e-05, ""mai_Deva""]]"
L1,60962,anp_Deva,0.9429605603218079,0.05433845892548561,"[[0.9429605603218079, ""anp_Deva""], [0.05433845892548561, ""hin_Deva""], [0.0014298793394118547, ""awa_Deva""], [0.00048657989827916026, ""new_Deva""], [0.0003971413825638592, ""mai_Deva""]]"
L1,61050,anp_Deva,0.9109845757484436,0.08792401850223541,"[[0.9109845757484436, ""anp_Deva""], [0.08792401850223541, ""hin_Deva""], [0.0010486827231943607, ""new_Deva""], [6.801714334869757e-05, ""mup_Deva""], [1.5106352293514647e-05, ""awa_Deva""]]"
L1,61262,anp_Deva,0.989939272403717,0.006697467528283596,"[[0.989939272403717, ""anp_Deva""], [0.006697467528283596, ""hin_Deva""], [0.0021563279442489147, ""awa_Deva""], [0.0009566010558046401, ""doi_Deva""], [0.0002670267131179571, ""new_Deva""]]"
L1,61296,hin_Deva,0.6236822605133057,0.6236822605133057,"[[0.6236822605133057, ""hin_Deva""], [0.3747502267360687, ""anp_Deva""], [0.0004657848330680281, ""awa_Deva""], [0.00042912931530736387, ""mai_Deva""], [0.00029828300466760993, ""mag_Deva""]]"
L1,61463,anp_Deva,0.999561607837677,0.00041223433800041676,"[[0.999561607837677, ""anp_Deva""], [0.00041223433800041676, ""hin_Deva""], [3.636406472651288e-05, ""awa_Deva""], [2.8433752959244885e-05, ""mag_Deva""], [1.12864499897114e-05, ""new_Deva""]]"
L1,61523,hin_Deva,0.9957107901573181,0.9957107901573181,"[[0.9957107901573181, ""hin_Deva""], [0.0017714876448735595, ""bho_Deva""], [0.0008290381520055234, ""anp_Deva""], [0.0007067627157084644, ""awa_Deva""], [0.0005882462137378752, ""mai_Deva""]]"
L1,61573,hin_Deva,0.778216540813446,0.778216540813446,"[[0.778216540813446, ""hin_Deva""], [0.2151954174041748, ""anp_Deva""], [0.006090656854212284, ""mai_Deva""], [0.00021946550987195224, ""mar_Deva""], [0.0001909522688947618, ""npi_Deva""]]"
L1,61610,hin_Deva,0.9847249388694763,0.9847249388694763,"[[0.9847249388694763, ""hin_Deva""], [0.005614281166344881, ""bho_Deva""], [0.003290578257292509, ""anp_Deva""], [0.002502578543499112, ""awa_Deva""], [0.0016562563832849264, ""hne_Deva""]]"
L1,61701,hin_Deva,0.9542849063873291,0.9542849063873291,"[[0.9542849063873291, ""hin_Deva""], [0.03903866559267044, ""anp_Deva""], [0.003807252272963524, ""awa_Deva""], [0.0010780977318063378, ""bho_Deva""], [0.0009356425725854933, ""mai_Deva""]]"
L1,61792,hin_Deva,0.5727959275245667,0.5727959275245667,"[[0.5727959275245667, ""hin_Deva""], [0.41722047328948975, ""anp_Deva""], [0.007906592451035976, ""awa_Deva""], [0.001507806358858943, ""mai_Deva""], [0.00023607764160260558, ""new_Deva""]]"
L1,61843,anp_Deva,0.5368966460227966,0.46239933371543884,"[[0.5368966460227966, ""anp_Deva""], [0.46239933371543884, ""hin_Deva""], [0.00042157876305282116, ""mag_Deva""], [0.00013749526988249272, ""awa_Deva""], [9.578552999300882e-05, ""bho_Deva""]]"
L1,61849,hin_Deva,0.7037423849105835,0.7037423849105835,"[[0.7037423849105835, ""hin_Deva""], [0.28847214579582214, ""anp_Deva""], [0.003222700906917453, ""awa_Deva""], [0.001792866038158536, ""mag_Deva""], [0.0012114010751247406, ""new_Deva""]]"
L1,62047,anp_Deva,0.86187344789505,0.13807591795921326,"[[0.86187344789505, ""anp_Deva""], [0.13807591795921326, ""hin_Deva""], [3.742182889254764e-05, ""bho_Deva""], [2.400658922852017e-05, ""mai_Deva""], [1.7620268408791162e-05, ""awa_Deva""]]"
L1,62085,anp_Deva,0.9998657703399658,0.0001497832708992064,"[[0.9998657703399658, ""anp_Deva""], [0.0001497832708992064, ""hin_Deva""], [1.3776873856841121e-05, ""awa_Deva""], [1.058914767781971e-05, ""new_Deva""], [1.0025470146501902e-05, ""bho_Deva""]]"
L1,62248,anp_Deva,0.6708037853240967,0.32378509640693665,"[[0.6708037853240967, ""anp_Deva""], [0.32378509640693665, ""hin_Deva""], [0.00431900704279542, ""new_Deva""], [0.0006087883957661688, ""bho_Deva""], [0.000360553473001346, ""mai_Deva""]]"
L1,62294,anp_Deva,0.9999023675918579,0.00010719483543653041,"[[0.9999023675918579, ""anp_Deva""], [0.00010719483543653041, ""hin_Deva""], [1.8841872588382103e-05, ""awa_Deva""], [1.1006142813130282e-05, ""mai_Deva""], [1.0474587725184392e-05, ""new_Deva""]]"
L1,62338,anp_Deva,0.6353449821472168,0.3600209355354309,"[[0.6353449821472168, ""anp_Deva""], [0.3600209355354309, ""hin_Deva""], [0.0018148303497582674, ""new_Deva""], [0.0012998420279473066, ""awa_Deva""], [0.0010365645866841078, ""mai_Deva""]]"
L1,62399,hin_Deva,0.9849367141723633,0.9849367141723633,"[[0.9849367141723633, ""hin_Deva""], [0.014899713918566704, ""anp_Deva""], [0.00011854313925141469, ""new_Deva""], [6.660088547505438e-05, ""awa_Deva""], [1.579674062668346e-05, ""mai_Deva""]]"
L1,62415,hin_Deva,0.9355206489562988,0.9355206489562988,"[[0.9355206489562988, ""hin_Deva""], [0.06104676052927971, ""anp_Deva""], [0.0029013825114816427, ""new_Deva""], [0.0005461142282001674, ""awa_Deva""], [2.0794544980162755e-05, ""mai_Deva""]]"
L1,62537,anp_Deva,0.6416150331497192,0.3509661555290222,"[[0.6416150331497192, ""anp_Deva""], [0.3509661555290222, ""hin_Deva""], [0.0036325729452073574, ""awa_Deva""], [0.0026691521052271128, ""new_Deva""], [0.001125359907746315, ""mai_Deva""]]"
L1,62840,anp_Deva,0.999347984790802,0.0006604010122828186,"[[0.999347984790802, ""anp_Deva""], [0.0006604010122828186, ""hin_Deva""], [1.698546839179471e-05, ""new_Deva""], [1.2741817045025527e-05, ""awa_Deva""], [1.1575883036130108e-05, ""mai_Deva""]]"
L1,62860,hin_Deva,0.9849523305892944,0.9849523305892944,"[[0.9849523305892944, ""hin_Deva""], [0.01013639010488987, ""new_Deva""], [0.00401510763913393, ""anp_Deva""], [0.0003949659876525402, ""awa_Deva""], [0.0002902796841226518, ""mai_Deva""]]"
L1,63375,anp_Deva,0.979491114616394,0.011668955907225609,"[[0.979491114616394, ""anp_Deva""], [0.011668955907225609, ""hin_Deva""], [0.008681010454893112, ""mai_Deva""], [5.787533154943958e-05, ""bho_Deva""], [5.562764999922365e-05, ""mar_Deva""]]"
L1,63614,hin_Deva,0.7925254702568054,0.7925254702568054,"[[0.7925254702568054, ""hin_Deva""], [0.1826433390378952, ""bho_Deva""], [0.01688014157116413, ""mag_Deva""], [0.0034157424233853817, ""mai_Deva""], [0.0029461130034178495, ""anp_Deva""]]"
L1,63676,hin_Deva,0.8451348543167114,0.8451348543167114,"[[0.8451348543167114, ""hin_Deva""], [0.1422903686761856, ""anp_Deva""], [0.011021126993000507, ""awa_Deva""], [0.0008956430247053504, ""bho_Deva""], [0.0006417151307687163, ""new_Deva""]]"
L1,64003,anp_Deva,0.9489758014678955,0.04930510371923447,"[[0.9489758014678955, ""anp_Deva""], [0.04930510371923447, ""hin_Deva""], [0.0015239636413753033, ""awa_Deva""], [0.00018929071666207165, ""mai_Deva""], [2.433896042930428e-05, ""new_Deva""]]"
L1,64066,anp_Deva,0.9996628761291504,0.00012518095900304615,"[[0.9996628761291504, ""anp_Deva""], [0.00021837568783666939, ""awa_Deva""], [0.00012518095900304615, ""hin_Deva""], [3.23432068398688e-05, ""new_Deva""], [1.0420902981422842e-05, ""mai_Deva""]]"
L1,64249,anp_Deva,0.9984552264213562,0.0015470653306692839,"[[0.9984552264213562, ""anp_Deva""], [0.0015470653306692839, ""hin_Deva""], [2.2297186660580337e-05, ""new_Deva""], [1.4913964150764514e-05, ""mai_Deva""], [1.047029309120262e-05, ""awa_Deva""]]"
L1,64263,hin_Deva,0.5660927295684814,0.5660927295684814,"[[0.5660927295684814, ""hin_Deva""], [0.3459194302558899, ""anp_Deva""], [0.06535036116838455, ""new_Deva""], [0.02239070273935795, ""awa_Deva""], [0.00025901736808009446, ""mai_Deva""]]"
L1,64510,hin_Deva,0.8846928477287292,0.8846928477287292,"[[0.8846928477287292, ""hin_Deva""], [0.0827488973736763, ""anp_Deva""], [0.027114050462841988, ""awa_Deva""], [0.002789589809253812, ""new_Deva""], [0.0015469687059521675, ""bho_Deva""]]"
L1,64601,hin_Deva,0.9720200300216675,0.9720200300216675,"[[0.9720200300216675, ""hin_Deva""], [0.017441488802433014, ""mag_Deva""], [0.007958542555570602, ""anp_Deva""], [0.0011477029183879495, ""awa_Deva""], [0.0008468043524771929, ""new_Deva""]]"
L1,64648,anp_Deva,0.9652546644210815,0.025120211765170097,"[[0.9652546644210815, ""anp_Deva""], [0.025120211765170097, ""hin_Deva""], [0.009508314542472363, ""new_Deva""], [0.00010818394366651773, ""awa_Deva""], [2.9818385883118026e-05, ""mai_Deva""]]"
L1,64760,hin_Deva,0.9557480216026306,0.9557480216026306,"[[0.9557480216026306, ""hin_Deva""], [0.034663230180740356, ""anp_Deva""], [0.00652580801397562, ""mai_Deva""], [0.0012727881548926234, ""new_Deva""], [0.0006024939357303083, ""awa_Deva""]]"
L1,64848,anp_Deva,0.999752938747406,0.00025867397198453546,"[[0.999752938747406, ""anp_Deva""], [0.00025867397198453546, ""hin_Deva""], [1.4049857782083564e-05, ""new_Deva""], [1.3678867617272772e-05, ""npi_Deva""], [1.0469713743077591e-05, ""mai_Deva""]]"
L1,64983,hin_Deva,0.9721301198005676,0.9721301198005676,"[[0.9721301198005676, ""hin_Deva""], [0.024101682007312775, ""anp_Deva""], [0.0031070273835211992, ""awa_Deva""], [0.00027367312577553093, ""bho_Deva""], [0.0002707175153773278, ""new_Deva""]]"
L1,65063,hin_Deva,0.8944258689880371,0.8944258689880371,"[[0.8944258689880371, ""hin_Deva""], [0.09558100253343582, ""anp_Deva""], [0.0038403053767979145, ""awa_Deva""], [0.0021684032399207354, ""mai_Deva""], [0.002023200737312436, ""new_Deva""]]"
L1,65209,hin_Deva,0.9819491505622864,0.9819491505622864,"[[0.9819491505622864, ""hin_Deva""], [0.007702238392084837, ""awa_Deva""], [0.004653552547097206, ""bho_Deva""], [0.0030468825716525316, ""anp_Deva""], [0.001662314753048122, ""mai_Deva""]]"
L1,65282,anp_Deva,0.5349082946777344,0.44915950298309326,"[[0.5349082946777344, ""anp_Deva""], [0.44915950298309326, ""hin_Deva""], [0.015263287350535393, ""new_Deva""], [0.0006981607293710113, ""awa_Deva""], [1.387245902151335e-05, ""mar_Deva""]]"
L1,65433,hin_Deva,0.9404847025871277,0.9404847025871277,"[[0.9404847025871277, ""hin_Deva""], [0.05408059060573578, ""anp_Deva""], [0.0024170763790607452, ""mag_Deva""], [0.0016888112295418978, ""new_Deva""], [0.0006512223626486957, ""mai_Deva""]]"
L1,65655,anp_Deva,0.8467207551002502,0.14621803164482117,"[[0.8467207551002502, ""anp_Deva""], [0.14621803164482117, ""hin_Deva""], [0.006597092375159264, ""new_Deva""], [0.00040649145375937223, ""awa_Deva""], [8.62567758304067e-05, ""mai_Deva""]]"
L1,66340,hin_Deva,0.7102622985839844,0.7102622985839844,"[[0.7102622985839844, ""hin_Deva""], [0.2821766138076782, ""anp_Deva""], [0.0033716268371790648, ""new_Deva""], [0.0027161191683262587, ""mag_Deva""], [0.0007111842278391123, ""awa_Deva""]]"
L1,66348,anp_Deva,0.9295400381088257,0.06863003969192505,"[[0.9295400381088257, ""anp_Deva""], [0.06863003969192505, ""hin_Deva""], [0.0008236415451392531, ""awa_Deva""], [0.0006873688544146717, ""mai_Deva""], [0.00028574769385159016, ""new_Deva""]]"
L1,66707,anp_Deva,0.998762845993042,0.0012350034667178988,"[[0.998762845993042, ""anp_Deva""], [0.0012350034667178988, ""hin_Deva""], [1.997887375182472e-05, ""new_Deva""], [1.7862041204352863e-05, ""mai_Deva""], [1.4300157090474386e-05, ""awa_Deva""]]"
L1,66936,hin_Deva,0.9710493683815002,0.9710493683815002,"[[0.9710493683815002, ""hin_Deva""], [0.022810446098446846, ""anp_Deva""], [0.0037456981372088194, ""new_Deva""], [0.0008580323774367571, ""mai_Deva""], [0.00080390420043841, ""awa_Deva""]]"
L1,66979,anp_Deva,0.876770555973053,0.12110806256532669,"[[0.876770555973053, ""anp_Deva""], [0.12110806256532669, ""hin_Deva""], [0.000750287901610136, ""awa_Deva""], [0.000629657763056457, ""bho_Deva""], [0.00034039284219034016, ""mai_Deva""]]"
L1,66997,anp_Deva,0.9922962188720703,0.007462581619620323,"[[0.9922962188720703, ""anp_Deva""], [0.007462581619620323, ""hin_Deva""], [0.00023641469306312501, ""awa_Deva""], [2.264518479933031e-05, ""bho_Deva""], [2.1758063667220995e-05, ""mai_Deva""]]"
L1,67155,anp_Deva,0.9725494980812073,0.02724585123360157,"[[0.9725494980812073, ""anp_Deva""], [0.02724585123360157, ""hin_Deva""], [0.00023010143195278943, ""awa_Deva""], [1.1954052752116695e-05, ""mai_Deva""], [1.1047132829844486e-05, ""new_Deva""]]"
L1,67208,anp_Deva,0.9031334519386292,0.09662948548793793,"[[0.9031334519386292, ""anp_Deva""], [0.09662948548793793, ""hin_Deva""], [0.00023722050536889583, ""awa_Deva""], [2.634343400131911e-05, ""mai_Deva""], [1.8648359400685877e-05, ""new_Deva""]]"
L1,67247,hin_Deva,0.7542752027511597,0.7542752027511597,"[[0.7542752027511597, ""hin_Deva""], [0.2011108249425888, ""anp_Deva""], [0.021355457603931427, ""bho_Deva""], [0.019945699721574783, ""awa_Deva""], [0.0014179011341184378, ""new_Deva""]]"
L1,67309,hin_Deva,0.9308933019638062,0.9308933019638062,"[[0.9308933019638062, ""hin_Deva""], [0.04349322244524956, ""anp_Deva""], [0.01176475640386343, ""bho_Deva""], [0.009309382177889347, ""mai_Deva""], [0.0030247806571424007, ""new_Deva""]]"
L1,67847,anp_Deva,0.9705575108528137,0.029069295153021812,"[[0.9705575108528137, ""anp_Deva""], [0.029069295153021812, ""hin_Deva""], [0.00017818817286752164, ""new_Deva""], [0.00015037969569675624, ""bho_Deva""], [8.010549208847806e-05, ""awa_Deva""]]"
L1,67969,hin_Deva,0.5245470404624939,0.5245470404624939,"[[0.5245470404624939, ""hin_Deva""], [0.4581663906574249, ""anp_Deva""], [0.010895734652876854, ""awa_Deva""], [0.003765906672924757, ""mai_Deva""], [0.0022475721780210733, ""new_Deva""]]"
L1,68162,hin_Deva,0.9816423654556274,0.9816423654556274,"[[0.9816423654556274, ""hin_Deva""], [0.017168087884783745, ""anp_Deva""], [0.0008950196788646281, ""new_Deva""], [0.0003180054482072592, ""awa_Deva""], [2.1883945009903982e-05, ""bho_Deva""]]"
L1,68254,hin_Deva,0.9677583575248718,0.9677583575248718,"[[0.9677583575248718, ""hin_Deva""], [0.030476585030555725, ""anp_Deva""], [0.001089051947928965, ""awa_Deva""], [0.00032953027402982116, ""new_Deva""], [0.00029178342083469033, ""mai_Deva""]]"
L1,68423,anp_Deva,0.8723914623260498,0.11401063948869705,"[[0.8723914623260498, ""anp_Deva""], [0.11401063948869705, ""hin_Deva""], [0.007632360327988863, ""new_Deva""], [0.0025918427854776382, ""mai_Deva""], [0.0020882722456008196, ""awa_Deva""]]"
L1,68727,anp_Deva,0.595098614692688,0.40224263072013855,"[[0.595098614692688, ""anp_Deva""], [0.40224263072013855, ""hin_Deva""], [0.0022657671943306923, ""awa_Deva""], [0.0003740627143997699, ""new_Deva""], [3.5798275348497555e-05, ""mup_Deva""]]"
L1,68750,hin_Deva,0.9399374723434448,0.9399374723434448,"[[0.9399374723434448, ""hin_Deva""], [0.023143047466874123, ""mai_Deva""], [0.01709739677608013, ""anp_Deva""], [0.015883920714259148, ""new_Deva""], [0.0019734518136829138, ""bho_Deva""]]"
L1,68755,anp_Deva,0.9960700869560242,0.0039015868678689003,"[[0.9960700869560242, ""anp_Deva""], [0.0039015868678689003, ""hin_Deva""], [2.637830220919568e-05, ""mai_Deva""], [2.620754275994841e-05, ""new_Deva""], [2.4223179934779182e-05, ""awa_Deva""]]"
L1,68785,anp_Deva,0.9999738931655884,4.1221406718250364e-05,"[[0.9999738931655884, ""anp_Deva""], [4.1221406718250364e-05, ""hin_Deva""], [1.2811953638447449e-05, ""awa_Deva""], [1.1455376807134598e-05, ""bho_Deva""], [1.031243027682649e-05, ""mag_Deva""]]"
L1,68998,anp_Deva,0.9242067933082581,0.07094874978065491,"[[0.9242067933082581, ""anp_Deva""], [0.07094874978065491, ""hin_Deva""], [0.0037592470180243254, ""awa_Deva""], [0.0007965596159920096, ""bho_Deva""], [0.0001569875457789749, ""mai_Deva""]]"
L1,69310,hin_Deva,0.9924499988555908,0.9924499988555908,"[[0.9924499988555908, ""hin_Deva""], [0.006414441391825676, ""anp_Deva""], [0.0007911759312264621, ""new_Deva""], [0.0003753031778614968, ""awa_Deva""], [1.3548480637837201e-05, ""mai_Deva""]]"
L1,69331,anp_Deva,0.9728102087974548,0.02670915611088276,"[[0.9728102087974548, ""anp_Deva""], [0.02670915611088276, ""hin_Deva""], [0.0003030134830623865, ""new_Deva""], [0.00012213813897687942, ""mai_Deva""], [7.165922579588369e-05, ""awa_Deva""]]"
L1,69487,hin_Deva,0.9269710183143616,0.9269710183143616,"[[0.9269710183143616, ""hin_Deva""], [0.06717638671398163, ""anp_Deva""], [0.003305729478597641, ""awa_Deva""], [0.00170807889662683, ""mai_Deva""], [0.0003431988588999957, ""new_Deva""]]"
L1,69741,hin_Deva,0.7680590152740479,0.7680590152740479,"[[0.7680590152740479, ""hin_Deva""], [0.2033698409795761, ""anp_Deva""], [0.01673188991844654, ""mai_Deva""], [0.005896090529859066, ""new_Deva""], [0.005367832258343697, ""awa_Deva""]]"
L1,69867,mai_Deva,0.4484330415725708,0.30178332328796387,"[[0.4484330415725708, ""mai_Deva""], [0.30178332328796387, ""hin_Deva""], [0.18262772262096405, ""anp_Deva""], [0.06197390705347061, ""new_Deva""], [0.0015684276586398482, ""bho_Deva""]]"
L1,69946,anp_Deva,0.7137240767478943,0.0008958108373917639,"[[0.7137240767478943, ""anp_Deva""], [0.2842157185077667, ""awa_Deva""], [0.0010599818779155612, ""new_Deva""], [0.0008958108373917639, ""hin_Deva""], [0.00010050470154965296, ""mai_Deva""]]"
L1,70440,anp_Deva,0.7943560481071472,0.20501193404197693,"[[0.7943560481071472, ""anp_Deva""], [0.20501193404197693, ""hin_Deva""], [0.0003138273605145514, ""awa_Deva""], [0.0001516441407147795, ""mai_Deva""], [0.00014430283044930547, ""new_Deva""]]"
L1,70461,anp_Deva,0.9890255331993103,0.010429170913994312,"[[0.9890255331993103, ""anp_Deva""], [0.010429170913994312, ""hin_Deva""], [0.0004992380854673684, ""awa_Deva""], [4.580328823067248e-05, ""mag_Deva""], [3.834409289993346e-05, ""mai_Deva""]]"
L1,70512,hin_Deva,0.9908284544944763,0.9908284544944763,"[[0.9908284544944763, ""hin_Deva""], [0.004625637549906969, ""anp_Deva""], [0.0019882433116436005, ""new_Deva""], [0.0014900260139256716, ""mai_Deva""], [0.0005354104796424508, ""awa_Deva""]]"
L1,70574,anp_Deva,0.9255691170692444,0.016646213829517365,"[[0.9255691170692444, ""anp_Deva""], [0.05768612399697304, ""awa_Deva""], [0.016646213829517365, ""hin_Deva""], [6.057241989765316e-05, ""new_Deva""], [5.988391785649583e-05, ""mag_Deva""]]"
L1,70737,anp_Deva,0.8907777070999146,0.10433513671159744,"[[0.8907777070999146, ""anp_Deva""], [0.10433513671159744, ""hin_Deva""], [0.0048117442056536674, ""new_Deva""], [0.0001078282730304636, ""awa_Deva""], [1.2714772310573608e-05, ""mup_Deva""]]"
L1,70761,hin_Deva,0.5907415747642517,0.5907415747642517,"[[0.5907415747642517, ""hin_Deva""], [0.4070097804069519, ""anp_Deva""], [0.001643905765376985, ""new_Deva""], [0.0006129426183179021, ""awa_Deva""], [2.08710553124547e-05, ""mai_Deva""]]"
L1,70827,hin_Deva,0.8888963460922241,0.8888963460922241,"[[0.8888963460922241, ""hin_Deva""], [0.0806761309504509, ""anp_Deva""], [0.016357947140932083, ""mag_Deva""], [0.007912487722933292, ""bho_Deva""], [0.00339371501468122, ""awa_Deva""]]"
L1,70873,hin_Deva,0.9365315437316895,0.9365315437316895,"[[0.9365315437316895, ""hin_Deva""], [0.04291830584406853, ""anp_Deva""], [0.010815367102622986, ""new_Deva""], [0.003985640127211809, ""mar_Deva""], [0.0019306106260046363, ""awa_Deva""]]"
L1,70882,anp_Deva,0.9960227012634277,0.0012682359665632248,"[[0.9960227012634277, ""anp_Deva""], [0.0026228271890431643, ""awa_Deva""], [0.0012682359665632248, ""hin_Deva""], [0.00012121759209549055, ""new_Deva""], [1.2472080925363116e-05, ""mai_Deva""]]"
L1,71078,anp_Deva,0.9934169054031372,0.0064402250573039055,"[[0.9934169054031372, ""anp_Deva""], [0.0064402250573039055, ""hin_Deva""], [0.0001668564509600401, ""awa_Deva""], [1.3924908671469893e-05, ""mai_Deva""], [1.097943004424451e-05, ""new_Deva""]]"
L1,71237,anp_Deva,0.9388956427574158,0.06085788458585739,"[[0.9388956427574158, ""anp_Deva""], [0.06085788458585739, ""hin_Deva""], [0.00014623877359554172, ""new_Deva""], [4.831668411497958e-05, ""awa_Deva""], [4.7469853598158807e-05, ""bho_Deva""]]"
L1,71701,anp_Deva,0.4679793417453766,0.3105721175670624,"[[0.4679793417453766, ""anp_Deva""], [0.3105721175670624, ""hin_Deva""], [0.22071382403373718, ""new_Deva""], [0.00026751228142529726, ""bho_Deva""], [0.00025344855384901166, ""awa_Deva""]]"
L1,72025,hin_Deva,0.9996672868728638,0.9996672868728638,"[[0.9996672868728638, ""hin_Deva""], [0.00021414640650618821, ""new_Deva""], [8.991835784399882e-05, ""mai_Deva""], [3.1737814424559474e-05, ""awa_Deva""], [2.74485628324328e-05, ""bho_Deva""]]"
L1,72249,anp_Deva,0.6932034492492676,0.2926254868507385,"[[0.6932034492492676, ""anp_Deva""], [0.2926254868507385, ""hin_Deva""], [0.008051867596805096, ""awa_Deva""], [0.003925662022083998, ""mai_Deva""], [0.0021478761918842793, ""new_Deva""]]"
L1,72296,new_Deva,0.7388345003128052,0.2601276934146881,"[[0.7388345003128052, ""new_Deva""], [0.2601276934146881, ""hin_Deva""], [0.0007841442711651325, ""awa_Deva""], [0.00011157389963045716, ""anp_Deva""], [0.00010866237425943837, ""mai_Deva""]]"
L1,72349,anp_Deva,0.9997811913490295,6.392093928297982e-05,"[[0.9997811913490295, ""anp_Deva""], [0.00018495960102882236, ""new_Deva""], [6.392093928297982e-05, ""hin_Deva""], [1.0004295290855225e-05, ""awa_Deva""], [1.0000050679082051e-05, ""mar_Deva""]]"
L1,72421,hin_Deva,0.8778010010719299,0.8778010010719299,"[[0.8778010010719299, ""hin_Deva""], [0.1212540790438652, ""anp_Deva""], [0.00038816180313006043, ""sck_Deva""], [0.00032381771598011255, ""awa_Deva""], [0.00026378114125691354, ""new_Deva""]]"
L1,72508,anp_Deva,0.8831757307052612,0.11672108620405197,"[[0.8831757307052612, ""anp_Deva""], [0.11672108620405197, ""hin_Deva""], [0.0001034565138979815, ""new_Deva""], [2.0874300389550626e-05, ""awa_Deva""], [1.9063792933593504e-05, ""doi_Deva""]]"
L1,72664,hin_Deva,0.756553590297699,0.756553590297699,"[[0.756553590297699, ""hin_Deva""], [0.2206563949584961, ""anp_Deva""], [0.01945865899324417, ""awa_Deva""], [0.0021476540714502335, ""doi_Deva""], [0.0005349880666472018, ""bho_Deva""]]"
L1,72761,anp_Deva,0.8544574975967407,0.14423982799053192,"[[0.8544574975967407, ""anp_Deva""], [0.14423982799053192, ""hin_Deva""], [0.0007155034691095352, ""awa_Deva""], [0.0005679821479134262, ""new_Deva""], [6.262263195822015e-05, ""mai_Deva""]]"
L1,72855,anp_Deva,0.8660587668418884,0.1269739419221878,"[[0.8660587668418884, ""anp_Deva""], [0.1269739419221878, ""hin_Deva""], [0.0032190841156989336, ""awa_Deva""], [0.002945063868537545, ""new_Deva""], [0.0006039910949766636, ""mag_Deva""]]"
L1,72884,hin_Deva,0.86643385887146,0.86643385887146,"[[0.86643385887146, ""hin_Deva""], [0.12107968330383301, ""anp_Deva""], [0.00648846197873354, ""new_Deva""], [0.004485967103391886, ""awa_Deva""], [0.0010528388665989041, ""mai_Deva""]]"
L1,72932,hin_Deva,0.956468403339386,0.956468403339386,"[[0.956468403339386, ""hin_Deva""], [0.020248938351869583, ""anp_Deva""], [0.016662923619151115, ""new_Deva""], [0.0030312102753669024, ""awa_Deva""], [0.002938295714557171, ""bho_Deva""]]"
L1,73836,anp_Deva,0.95682692527771,0.04283813759684563,"[[0.95682692527771, ""anp_Deva""], [0.04283813759684563, ""hin_Deva""], [0.00016403225890826434, ""awa_Deva""], [0.00014425192784983665, ""new_Deva""], [4.0629842260386795e-05, ""bho_Deva""]]"
L1,74060,hin_Deva,0.9758418798446655,0.9758418798446655,"[[0.9758418798446655, ""hin_Deva""], [0.023232053965330124, ""anp_Deva""], [0.0003962421033065766, ""mag_Deva""], [0.000289098359644413, ""awa_Deva""], [0.0001476112229283899, ""new_Deva""]]"
L1,74271,anp_Deva,0.8907317519187927,0.10811897367238998,"[[0.8907317519187927, ""anp_Deva""], [0.10811897367238998, ""hin_Deva""], [0.0007729858625680208, ""awa_Deva""], [0.0002358274214202538, ""bho_Deva""], [0.00013985630357638001, ""new_Deva""]]"
L1,74281,hin_Deva,0.7051326036453247,0.7051326036453247,"[[0.7051326036453247, ""hin_Deva""], [0.2792068421840668, ""anp_Deva""], [0.013695485889911652, ""new_Deva""], [0.0015998251037672162, ""awa_Deva""], [0.0001577451330376789, ""sck_Deva""]]"
L1,74713,awa_Deva,0.5025179982185364,0.3794003427028656,"[[0.5025179982185364, ""awa_Deva""], [0.3794003427028656, ""hin_Deva""], [0.0626506358385086, ""anp_Deva""], [0.051963306963443756, ""new_Deva""], [0.0013521729269996285, ""mar_Deva""]]"
L1,74777,anp_Deva,0.9978582859039307,0.0012747354339808226,"[[0.9978582859039307, ""anp_Deva""], [0.0012747354339808226, ""hin_Deva""], [0.0004621247935574502, ""awa_Deva""], [0.0004418914613779634, ""new_Deva""], [1.2610797057277523e-05, ""sck_Deva""]]"
L1,74793,anp_Deva,0.9475160241127014,0.05182425305247307,"[[0.9475160241127014, ""anp_Deva""], [0.05182425305247307, ""hin_Deva""], [0.0005157629493623972, ""awa_Deva""], [0.00013581541134044528, ""new_Deva""], [4.367042856756598e-05, ""mag_Deva""]]"
L1,74913,anp_Deva,0.5744867920875549,0.36883682012557983,"[[0.5744867920875549, ""anp_Deva""], [0.36883682012557983, ""hin_Deva""], [0.05194130912423134, ""mag_Deva""], [0.004520355258136988, ""awa_Deva""], [0.00012102768960176036, ""new_Deva""]]"
L1,75056,anp_Deva,0.52507483959198,0.3912073075771332,"[[0.52507483959198, ""anp_Deva""], [0.3912073075771332, ""hin_Deva""], [0.0764351487159729, ""new_Deva""], [0.002768311183899641, ""npi_Deva""], [0.0014661637833341956, ""awa_Deva""]]"
L1,75361,anp_Deva,0.5543503761291504,0.4355069696903229,"[[0.5543503761291504, ""anp_Deva""], [0.4355069696903229, ""hin_Deva""], [0.008793472312390804, ""new_Deva""], [0.0010538108181208372, ""awa_Deva""], [0.00016486864478792995, ""bho_Deva""]]"
L1,75390,anp_Deva,0.9165407419204712,0.0795866921544075,"[[0.9165407419204712, ""anp_Deva""], [0.0795866921544075, ""hin_Deva""], [0.0016963437665253878, ""new_Deva""], [0.0008065723814070225, ""mai_Deva""], [0.0006770139443688095, ""awa_Deva""]]"
L1,75461,anp_Deva,0.9607879519462585,0.037118662148714066,"[[0.9607879519462585, ""anp_Deva""], [0.037118662148714066, ""hin_Deva""], [0.0020986460149288177, ""awa_Deva""], [2.320600106031634e-05, ""kas_Deva""], [1.5498681023018435e-05, ""mai_Deva""]]"
L1,75905,anp_Deva,0.929652750492096,0.06961838901042938,"[[0.929652750492096, ""anp_Deva""], [0.06961838901042938, ""hin_Deva""], [0.000339383288519457, ""new_Deva""], [0.00032606968306936324, ""awa_Deva""], [0.00010881449998123571, ""mai_Deva""]]"
L1,76006,anp_Deva,0.9052685499191284,0.09395594894886017,"[[0.9052685499191284, ""anp_Deva""], [0.09395594894886017, ""hin_Deva""], [0.00044480545329861343, ""new_Deva""], [0.000231833168072626, ""awa_Deva""], [7.635326619492844e-05, ""mai_Deva""]]"
L1,76075,hin_Deva,0.9800979495048523,0.9800979495048523,"[[0.9800979495048523, ""hin_Deva""], [0.011093386448919773, ""anp_Deva""], [0.003318419214338064, ""mai_Deva""], [0.002470345003530383, ""mag_Deva""], [0.0023270747624337673, ""awa_Deva""]]"
L1,76344,hin_Deva,0.6405306458473206,0.6405306458473206,"[[0.6405306458473206, ""hin_Deva""], [0.35636451840400696, ""anp_Deva""], [0.0018107866635546088, ""new_Deva""], [0.0006638658232986927, ""mai_Deva""], [0.00029927314608357847, ""mag_Deva""]]"
L1,76576,anp_Deva,0.9004098773002625,0.0958804339170456,"[[0.9004098773002625, ""anp_Deva""], [0.0958804339170456, ""hin_Deva""], [0.0013869854155927896, ""mai_Deva""], [0.0011126925237476826, ""bho_Deva""], [0.0008052251068875194, ""awa_Deva""]]"
L1,76673,hin_Deva,0.9321979284286499,0.9321979284286499,"[[0.9321979284286499, ""hin_Deva""], [0.052041105926036835, ""anp_Deva""], [0.009139876812696457, ""mag_Deva""], [0.0022455421276390553, ""hne_Deva""], [0.0017030496383085847, ""mai_Deva""]]"
L1,76882,hin_Deva,0.9037954211235046,0.9037954211235046,"[[0.9037954211235046, ""hin_Deva""], [0.07216792553663254, ""mag_Deva""], [0.010663817636668682, ""bho_Deva""], [0.006613984704017639, ""anp_Deva""], [0.002593205077573657, ""hne_Deva""]]"
L1,76901,hin_Deva,0.8954921364784241,0.8954921364784241,"[[0.8954921364784241, ""hin_Deva""], [0.10131776332855225, ""anp_Deva""], [0.002093787072226405, ""new_Deva""], [0.0005294816801324487, ""awa_Deva""], [0.0002325515088159591, ""mup_Deva""]]"
L1,77031,hin_Deva,0.772368311882019,0.772368311882019,"[[0.772368311882019, ""hin_Deva""], [0.18440377712249756, ""anp_Deva""], [0.03607461228966713, ""awa_Deva""], [0.002824220107868314, ""new_Deva""], [0.0023695598356425762, ""npi_Deva""]]"
L1,77153,hin_Deva,0.7877528667449951,0.7877528667449951,"[[0.7877528667449951, ""hin_Deva""], [0.1615779846906662, ""anp_Deva""], [0.030201077461242676, ""new_Deva""], [0.012991975992918015, ""awa_Deva""], [0.00603118259459734, ""mai_Deva""]]"
L1,77235,anp_Deva,0.5634803175926208,0.3756135404109955,"[[0.5634803175926208, ""anp_Deva""], [0.3756135404109955, ""hin_Deva""], [0.05227694660425186, ""new_Deva""], [0.00746389152482152, ""awa_Deva""], [0.0006973774870857596, ""mai_Deva""]]"
L1,77458,hin_Deva,0.836052417755127,0.836052417755127,"[[0.836052417755127, ""hin_Deva""], [0.08312608301639557, ""new_Deva""], [0.04560774564743042, ""awa_Deva""], [0.015605974942445755, ""mai_Deva""], [0.008708233013749123, ""anp_Deva""]]"
L1,77470,hin_Deva,0.9634752869606018,0.9634752869606018,"[[0.9634752869606018, ""hin_Deva""], [0.03315647318959236, ""anp_Deva""], [0.0017797877080738544, ""awa_Deva""], [0.000808759534265846, ""new_Deva""], [0.0007966021657921374, ""mai_Deva""]]"
L1,77551,anp_Deva,0.9704716205596924,0.029075367376208305,"[[0.9704716205596924, ""anp_Deva""], [0.029075367376208305, ""hin_Deva""], [0.00024526964989490807, ""mai_Deva""], [9.154339204542339e-05, ""bho_Deva""], [8.65099354996346e-05, ""awa_Deva""]]"
L1,77731,anp_Deva,0.9995406866073608,0.00044686865294352174,"[[0.9995406866073608, ""anp_Deva""], [0.00044686865294352174, ""hin_Deva""], [3.597596878535114e-05, ""awa_Deva""], [1.3832298463967163e-05, ""new_Deva""], [1.2591773156600539e-05, ""mup_Deva""]]"
L1,77764,hin_Deva,0.9323881268501282,0.9323881268501282,"[[0.9323881268501282, ""hin_Deva""], [0.06481491029262543, ""anp_Deva""], [0.0023703700862824917, ""new_Deva""], [0.00016952060104813427, ""awa_Deva""], [0.0001171959302155301, ""mup_Deva""]]"
L1,77797,hin_Deva,0.996780276298523,0.996780276298523,"[[0.996780276298523, ""hin_Deva""], [0.0020545697771012783, ""awa_Deva""], [0.001096811844035983, ""anp_Deva""], [4.34190224041231e-05, ""new_Deva""], [4.001806155429222e-05, ""mai_Deva""]]"
L1,77945,anp_Deva,0.9860632419586182,0.013883273117244244,"[[0.9860632419586182, ""anp_Deva""], [0.013883273117244244, ""hin_Deva""], [4.516892659012228e-05, ""awa_Deva""], [2.8783053494407795e-05, ""new_Deva""], [2.0855535694863647e-05, ""mup_Deva""]]"
L1,77969,anp_Deva,0.9946950674057007,0.004752230830490589,"[[0.9946950674057007, ""anp_Deva""], [0.004752230830490589, ""hin_Deva""], [0.00037141836946830153, ""mai_Deva""], [0.00020968484750483185, ""awa_Deva""], [1.4030616512172855e-05, ""mup_Deva""]]"
L1,77970,anp_Deva,0.7071744203567505,0.2861376404762268,"[[0.7071744203567505, ""anp_Deva""], [0.2861376404762268, ""hin_Deva""], [0.003618844086304307, ""awa_Deva""], [0.001410938217304647, ""new_Deva""], [0.0010735843097791076, ""mai_Deva""]]"
L1,77989,anp_Deva,0.9997444748878479,0.0002663974591996521,"[[0.9997444748878479, ""anp_Deva""], [0.0002663974591996521, ""hin_Deva""], [1.824657192628365e-05, ""mai_Deva""], [1.0653316167008597e-05, ""awa_Deva""], [1.0172331712965388e-05, ""new_Deva""]]"
L1,78053,hin_Deva,0.8406087756156921,0.8406087756156921,"[[0.8406087756156921, ""hin_Deva""], [0.15634404122829437, ""anp_Deva""], [0.0016245499718934298, ""awa_Deva""], [0.0012756079668179154, ""new_Deva""], [7.075787289068103e-05, ""mai_Deva""]]"
L1,78090,hin_Deva,0.9979252219200134,0.9979252219200134,"[[0.9979252219200134, ""hin_Deva""], [0.0010267809266224504, ""anp_Deva""], [0.0009487770730629563, ""new_Deva""], [5.821949162054807e-05, ""mar_Deva""], [5.3537674830295146e-05, ""awa_Deva""]]"
L1,78266,hin_Deva,0.9771150350570679,0.9771150350570679,"[[0.9771150350570679, ""hin_Deva""], [0.0105689512565732, ""new_Deva""], [0.003924760036170483, ""anp_Deva""], [0.0032149238977581263, ""mar_Deva""], [0.0029432387091219425, ""kas_Deva""]]"
L1,78279,hin_Deva,0.8499213457107544,0.8499213457107544,"[[0.8499213457107544, ""hin_Deva""], [0.09685411304235458, ""anp_Deva""], [0.028024476021528244, ""bho_Deva""], [0.016787350177764893, ""mai_Deva""], [0.0037918633315712214, ""mag_Deva""]]"
L1,78332,anp_Deva,0.6907479166984558,0.2980160415172577,"[[0.6907479166984558, ""anp_Deva""], [0.2980160415172577, ""hin_Deva""], [0.007907573133707047, ""mai_Deva""], [0.002351211616769433, ""mag_Deva""], [0.0005696724983863533, ""new_Deva""]]"
L1,78490,anp_Deva,0.5143256187438965,0.4648096263408661,"[[0.5143256187438965, ""anp_Deva""], [0.4648096263408661, ""hin_Deva""], [0.009373609907925129, ""bho_Deva""], [0.007020412012934685, ""awa_Deva""], [0.0036626439541578293, ""new_Deva""]]"
L1,78609,hin_Deva,0.7647071480751038,0.7647071480751038,"[[0.7647071480751038, ""hin_Deva""], [0.1456371694803238, ""bho_Deva""], [0.052575208246707916, ""new_Deva""], [0.028559787198901176, ""anp_Deva""], [0.005880426149815321, ""mag_Deva""]]"
L1,79075,hin_Deva,0.5180463194847107,0.5180463194847107,"[[0.5180463194847107, ""hin_Deva""], [0.47838473320007324, ""anp_Deva""], [0.0016552394954487681, ""mai_Deva""], [0.0011198287829756737, ""mag_Deva""], [0.0005891992477700114, ""bho_Deva""]]"
L1,79086,hin_Deva,0.5293111205101013,0.5293111205101013,"[[0.5293111205101013, ""hin_Deva""], [0.26941370964050293, ""anp_Deva""], [0.1526261866092682, ""mai_Deva""], [0.02302756905555725, ""bho_Deva""], [0.01393953152000904, ""awa_Deva""]]"
L1,79205,hin_Deva,0.9360301494598389,0.9360301494598389,"[[0.9360301494598389, ""hin_Deva""], [0.06014765053987503, ""anp_Deva""], [0.002292301505804062, ""awa_Deva""], [0.0005441295797936618, ""mai_Deva""], [0.0004891250282526016, ""bho_Deva""]]"
L1,79356,hin_Deva,0.6554191708564758,0.6554191708564758,"[[0.6554191708564758, ""hin_Deva""], [0.34207043051719666, ""anp_Deva""], [0.0010587825672701001, ""awa_Deva""], [0.0006267204298637807, ""mai_Deva""], [0.00053471012506634, ""new_Deva""]]"
L1,79586,anp_Deva,0.5813668966293335,0.3934861123561859,"[[0.5813668966293335, ""anp_Deva""], [0.3934861123561859, ""hin_Deva""], [0.01859336905181408, ""mag_Deva""], [0.00400899350643158, ""bho_Deva""], [0.0019152193563058972, ""awa_Deva""]]"
L1,79861,hin_Deva,0.9609256386756897,0.9609256386756897,"[[0.9609256386756897, ""hin_Deva""], [0.02047140523791313, ""awa_Deva""], [0.017021477222442627, ""anp_Deva""], [0.0010420277249068022, ""mai_Deva""], [0.0005176959093660116, ""new_Deva""]]"
L1,79956,hin_Deva,0.7716697454452515,0.7716697454452515,"[[0.7716697454452515, ""hin_Deva""], [0.12348271906375885, ""anp_Deva""], [0.10214235633611679, ""bho_Deva""], [0.0014062781119719148, ""mai_Deva""], [0.0005811479059047997, ""new_Deva""]]"
L1,80046,hin_Deva,0.7868210077285767,0.7868210077285767,"[[0.7868210077285767, ""hin_Deva""], [0.14551931619644165, ""anp_Deva""], [0.03489488363265991, ""new_Deva""], [0.014053598046302795, ""awa_Deva""], [0.007402089424431324, ""bho_Deva""]]"
L1,80067,anp_Deva,0.9191843271255493,0.0749078243970871,"[[0.9191843271255493, ""anp_Deva""], [0.0749078243970871, ""hin_Deva""], [0.0035927456337958574, ""awa_Deva""], [0.0015222090296447277, ""new_Deva""], [0.0004896995960734785, ""mai_Deva""]]"
L1,80162,anp_Deva,0.7102547287940979,0.2759471535682678,"[[0.7102547287940979, ""anp_Deva""], [0.2759471535682678, ""hin_Deva""], [0.01248270832002163, ""new_Deva""], [0.0007549767033196986, ""mai_Deva""], [0.0002972808142658323, ""mup_Deva""]]"
L1,80267,hin_Deva,0.57937091588974,0.57937091588974,"[[0.57937091588974, ""hin_Deva""], [0.3681049346923828, ""awa_Deva""], [0.04184896498918533, ""bho_Deva""], [0.006359281484037638, ""new_Deva""], [0.0017914329655468464, ""mar_Deva""]]"
L1,80437,hin_Deva,0.9326788187026978,0.9326788187026978,"[[0.9326788187026978, ""hin_Deva""], [0.04175955429673195, ""anp_Deva""], [0.020347755402326584, ""mai_Deva""], [0.0012823903234675527, ""bho_Deva""], [0.0011658321600407362, ""new_Deva""]]"
L1,80567,hin_Deva,0.7378767728805542,0.7378767728805542,"[[0.7378767728805542, ""hin_Deva""], [0.23961006104946136, ""anp_Deva""], [0.010242576710879803, ""bho_Deva""], [0.005454222206026316, ""awa_Deva""], [0.002814937848597765, ""new_Deva""]]"
L1,80653,hin_Deva,0.7836589813232422,0.7836589813232422,"[[0.7836589813232422, ""hin_Deva""], [0.21397654712200165, ""anp_Deva""], [0.001140394015237689, ""awa_Deva""], [0.0006887753843329847, ""mai_Deva""], [0.0003196507168468088, ""new_Deva""]]"
L1,80655,hin_Deva,0.9092260599136353,0.9092260599136353,"[[0.9092260599136353, ""hin_Deva""], [0.08200724422931671, ""anp_Deva""], [0.005100225564092398, ""new_Deva""], [0.001665576477535069, ""mai_Deva""], [0.0010426494991406798, ""kas_Deva""]]"
L1,80690,hin_Deva,0.525277316570282,0.525277316570282,"[[0.525277316570282, ""hin_Deva""], [0.46691447496414185, ""anp_Deva""], [0.005355519242584705, ""new_Deva""], [0.0013608813751488924, ""mai_Deva""], [0.0009179236949421465, ""bho_Deva""]]"
L1,80983,anp_Deva,0.5031507611274719,0.47013065218925476,"[[0.5031507611274719, ""anp_Deva""], [0.47013065218925476, ""hin_Deva""], [0.008285152725875378, ""new_Deva""], [0.007898920215666294, ""mag_Deva""], [0.0046493541449308395, ""awa_Deva""]]"
L1,81111,hin_Deva,0.6593958139419556,0.6593958139419556,"[[0.6593958139419556, ""hin_Deva""], [0.08023589849472046, ""hne_Deva""], [0.07044193893671036, ""mag_Deva""], [0.06039835140109062, ""mai_Deva""], [0.04387325793504715, ""bho_Deva""]]"
L1,81725,hin_Deva,0.9618644118309021,0.9618644118309021,"[[0.9618644118309021, ""hin_Deva""], [0.03259478881955147, ""anp_Deva""], [0.0030320717487484217, ""mag_Deva""], [0.0013077231124043465, ""new_Deva""], [0.0007643639692105353, ""awa_Deva""]]"
L1,81808,anp_Deva,0.9514685869216919,0.04771581292152405,"[[0.9514685869216919, ""anp_Deva""], [0.04771581292152405, ""hin_Deva""], [0.00046030140947550535, ""mai_Deva""], [0.00029738599550910294, ""awa_Deva""], [4.3249790905974805e-05, ""bho_Deva""]]"
L1,81914,anp_Deva,0.970690906047821,0.029209360480308533,"[[0.970690906047821, ""anp_Deva""], [0.029209360480308533, ""hin_Deva""], [5.36799052497372e-05, ""new_Deva""], [4.67222707811743e-05, ""awa_Deva""], [2.675991527212318e-05, ""mup_Deva""]]"
L1,82132,anp_Deva,0.5522285103797913,0.41538918018341064,"[[0.5522285103797913, ""anp_Deva""], [0.41538918018341064, ""hin_Deva""], [0.027873780578374863, ""mai_Deva""], [0.00188505370169878, ""mar_Deva""], [0.0008683440391905606, ""bho_Deva""]]"
L1,82194,anp_Deva,0.9258121252059937,0.07351914048194885,"[[0.9258121252059937, ""anp_Deva""], [0.07351914048194885, ""hin_Deva""], [0.0003719344676937908, ""new_Deva""], [0.0001448376424377784, ""mag_Deva""], [0.00010883691720664501, ""awa_Deva""]]"
L1,82322,hin_Deva,0.9173893928527832,0.9173893928527832,"[[0.9173893928527832, ""hin_Deva""], [0.08203794807195663, ""anp_Deva""], [0.0003615601162891835, ""awa_Deva""], [9.558587044011801e-05, ""bho_Deva""], [7.842915510991588e-05, ""new_Deva""]]"
L1,82469,anp_Deva,0.5318068861961365,0.4598434865474701,"[[0.5318068861961365, ""anp_Deva""], [0.4598434865474701, ""hin_Deva""], [0.007079925388097763, ""new_Deva""], [0.0010742520680651069, ""awa_Deva""], [0.00017088536696974188, ""mai_Deva""]]"
L1,82573,hin_Deva,0.9481092691421509,0.9481092691421509,"[[0.9481092691421509, ""hin_Deva""], [0.03679431229829788, ""new_Deva""], [0.00822266936302185, ""awa_Deva""], [0.006623721215873957, ""anp_Deva""], [0.00021756561181973666, ""mar_Deva""]]"
L1,82721,anp_Deva,0.7351112961769104,0.23047038912773132,"[[0.7351112961769104, ""anp_Deva""], [0.23047038912773132, ""hin_Deva""], [0.028688455000519753, ""awa_Deva""], [0.005419188644737005, ""new_Deva""], [0.00010508411651244387, ""bho_Deva""]]"
L1,82750,hin_Deva,0.9820187091827393,0.9820187091827393,"[[0.9820187091827393, ""hin_Deva""], [0.00594155490398407, ""new_Deva""], [0.004974779207259417, ""mag_Deva""], [0.00487111508846283, ""anp_Deva""], [0.0019512409344315529, ""awa_Deva""]]"
L1,82790,anp_Deva,0.8273057341575623,0.15621601045131683,"[[0.8273057341575623, ""anp_Deva""], [0.15621601045131683, ""hin_Deva""], [0.009565308690071106, ""awa_Deva""], [0.0057022226974368095, ""new_Deva""], [0.0009241834632121027, ""mar_Deva""]]"
L1,82850,hin_Deva,0.627162516117096,0.627162516117096,"[[0.627162516117096, ""hin_Deva""], [0.36724957823753357, ""anp_Deva""], [0.002583162859082222, ""new_Deva""], [0.002259049564599991, ""awa_Deva""], [0.00031028210651129484, ""mag_Deva""]]"
L1,83339,anp_Deva,0.614479124546051,0.3643932640552521,"[[0.614479124546051, ""anp_Deva""], [0.3643932640552521, ""hin_Deva""], [0.013230334967374802, ""awa_Deva""], [0.007843177765607834, ""new_Deva""], [6.858271081000566e-05, ""bho_Deva""]]"
L1,83458,hin_Deva,0.965997576713562,0.965997576713562,"[[0.965997576713562, ""hin_Deva""], [0.020973585546016693, ""awa_Deva""], [0.0031383035238832235, ""mai_Deva""], [0.003035601694136858, ""bho_Deva""], [0.001994798658415675, ""mar_Deva""]]"
L1,83776,hin_Deva,0.536845862865448,0.536845862865448,"[[0.536845862865448, ""hin_Deva""], [0.42216968536376953, ""anp_Deva""], [0.03308890759944916, ""awa_Deva""], [0.00548807717859745, ""new_Deva""], [0.0016887951642274857, ""mag_Deva""]]"
L1,83892,hin_Deva,0.9457245469093323,0.9457245469093323,"[[0.9457245469093323, ""hin_Deva""], [0.045646678656339645, ""anp_Deva""], [0.002968541579321027, ""mai_Deva""], [0.0023058494552969933, ""mag_Deva""], [0.0015750393504276872, ""awa_Deva""]]"
L1,84029,anp_Deva,0.9959917068481445,0.003980420995503664,"[[0.9959917068481445, ""anp_Deva""], [0.003980420995503664, ""hin_Deva""], [4.998528675059788e-05, ""awa_Deva""], [1.3281121027830523e-05, ""new_Deva""], [1.1993264706688933e-05, ""kas_Deva""]]"
L1,84204,hin_Deva,0.996279239654541,0.996279239654541,"[[0.996279239654541, ""hin_Deva""], [0.002537488006055355, ""doi_Deva""], [0.0003127395175397396, ""mar_Deva""], [0.00027246453100815415, ""bho_Deva""], [0.00015868876653257757, ""anp_Deva""]]"
L1,84514,anp_Deva,0.9978888034820557,0.0019060486229136586,"[[0.9978888034820557, ""anp_Deva""], [0.0019060486229136586, ""hin_Deva""], [5.762534783571027e-05, ""bho_Deva""], [4.8904272262007e-05, ""new_Deva""], [4.799553062184714e-05, ""awa_Deva""]]"
L1,84636,hin_Deva,0.7506833672523499,0.7506833672523499,"[[0.7506833672523499, ""hin_Deva""], [0.22202123701572418, ""anp_Deva""], [0.021811792626976967, ""mag_Deva""], [0.002430400811135769, ""new_Deva""], [0.001935482956469059, ""bho_Deva""]]"
L1,84786,anp_Deva,0.7630854845046997,0.2207840383052826,"[[0.7630854845046997, ""anp_Deva""], [0.2207840383052826, ""hin_Deva""], [0.007370271719992161, ""mag_Deva""], [0.005610285792499781, ""awa_Deva""], [0.00244333827868104, ""bho_Deva""]]"
L1,84858,anp_Deva,0.9912588596343994,0.007815723307430744,"[[0.9912588596343994, ""anp_Deva""], [0.007815723307430744, ""hin_Deva""], [0.0009049897198565304, ""awa_Deva""], [3.388175173313357e-05, ""mag_Deva""], [3.2467163691762835e-05, ""new_Deva""]]"
L1,84877,anp_Deva,0.5483079552650452,0.4273605942726135,"[[0.5483079552650452, ""anp_Deva""], [0.4273605942726135, ""hin_Deva""], [0.01317649893462658, ""new_Deva""], [0.01114105898886919, ""awa_Deva""], [2.7545747798285447e-05, ""mag_Deva""]]"
L1,85470,anp_Deva,0.994900107383728,0.004961082246154547,"[[0.994900107383728, ""anp_Deva""], [0.004961082246154547, ""hin_Deva""], [0.00012297475768718868, ""awa_Deva""], [5.477258673636243e-05, ""mai_Deva""], [1.0781341188703664e-05, ""bho_Deva""]]"
L1,85792,hin_Deva,0.7921368479728699,0.7921368479728699,"[[0.7921368479728699, ""hin_Deva""], [0.203019380569458, ""anp_Deva""], [0.0026330186519771814, ""awa_Deva""], [0.0011215542908757925, ""mag_Deva""], [0.000793954823166132, ""mai_Deva""]]"
L1,86078,hin_Deva,0.9988622665405273,0.9988622665405273,"[[0.9988622665405273, ""hin_Deva""], [0.0008303310023620725, ""awa_Deva""], [0.00028187051066197455, ""anp_Deva""], [3.142704372294247e-05, ""mar_Deva""], [3.0476901883957908e-05, ""bho_Deva""]]"
L1,86534,anp_Deva,0.8162940144538879,0.18200936913490295,"[[0.8162940144538879, ""anp_Deva""], [0.18200936913490295, ""hin_Deva""], [0.0010407962836325169, ""awa_Deva""], [0.0002920673869084567, ""new_Deva""], [0.00024053924425970763, ""mai_Deva""]]"
L1,86657,hin_Deva,0.9699419736862183,0.9699419736862183,"[[0.9699419736862183, ""hin_Deva""], [0.021979788318276405, ""anp_Deva""], [0.0032420505303889513, ""awa_Deva""], [0.002738176379352808, ""new_Deva""], [0.0014617617707699537, ""mai_Deva""]]"
L1,86734,hin_Deva,0.8278351426124573,0.8278351426124573,"[[0.8278351426124573, ""hin_Deva""], [0.10685769468545914, ""anp_Deva""], [0.03793306648731232, ""awa_Deva""], [0.019524941220879555, ""new_Deva""], [0.005057732108980417, ""mai_Deva""]]"
L1,86853,hin_Deva,0.782200038433075,0.782200038433075,"[[0.782200038433075, ""hin_Deva""], [0.20948536694049835, ""anp_Deva""], [0.004133113659918308, ""mai_Deva""], [0.002066411077976227, ""new_Deva""], [0.0014318744651973248, ""mag_Deva""]]"
L1,86904,hin_Deva,0.8645204901695251,0.8645204901695251,"[[0.8645204901695251, ""hin_Deva""], [0.11532500386238098, ""new_Deva""], [0.01621813140809536, ""awa_Deva""], [0.0026785042136907578, ""mai_Deva""], [0.0010281649883836508, ""san_Deva""]]"
L1,87166,anp_Deva,0.8869144916534424,0.09389752894639969,"[[0.8869144916534424, ""anp_Deva""], [0.09389752894639969, ""hin_Deva""], [0.01666477508842945, ""new_Deva""], [0.002304648980498314, ""mai_Deva""], [0.0002622996107675135, ""awa_Deva""]]"
L1,87229,anp_Deva,0.9902850389480591,0.009658836759626865,"[[0.9902850389480591, ""anp_Deva""], [0.009658836759626865, ""hin_Deva""], [6.387626490322873e-05, ""awa_Deva""], [3.209184797015041e-05, ""new_Deva""], [1.0093775927089155e-05, ""mai_Deva""]]"
L1,87354,anp_Deva,0.579723596572876,0.4176783263683319,"[[0.579723596572876, ""anp_Deva""], [0.4176783263683319, ""hin_Deva""], [0.0016978108324110508, ""new_Deva""], [0.000463714764919132, ""mag_Deva""], [0.0003888681821990758, ""awa_Deva""]]"
L1,87441,anp_Deva,0.9892491102218628,0.010467388667166233,"[[0.9892491102218628, ""anp_Deva""], [0.010467388667166233, ""hin_Deva""], [0.00016782083548605442, ""new_Deva""], [7.600455137435347e-05, ""awa_Deva""], [5.0204136641696095e-05, ""mag_Deva""]]"
L1,87750,anp_Deva,0.9260678887367249,0.07271620631217957,"[[0.9260678887367249, ""anp_Deva""], [0.07271620631217957, ""hin_Deva""], [0.0007785541820339859, ""new_Deva""], [0.000245809176703915, ""awa_Deva""], [0.00017771520651876926, ""mai_Deva""]]"
L1,87856,anp_Deva,0.912416398525238,0.08681934326887131,"[[0.912416398525238, ""anp_Deva""], [0.08681934326887131, ""hin_Deva""], [0.00028440545429475605, ""new_Deva""], [0.0002689529792405665, ""mai_Deva""], [0.0001439071784261614, ""awa_Deva""]]"
L1,88004,anp_Deva,0.9637036323547363,0.0313376747071743,"[[0.9637036323547363, ""anp_Deva""], [0.0313376747071743, ""hin_Deva""], [0.0033913757652044296, ""mai_Deva""], [0.0015399077674373984, ""new_Deva""], [3.312467015348375e-05, ""awa_Deva""]]"
L1,88067,anp_Deva,0.924260139465332,0.02388322725892067,"[[0.924260139465332, ""anp_Deva""], [0.05008310824632645, ""new_Deva""], [0.02388322725892067, ""hin_Deva""], [0.0015377775998786092, ""mai_Deva""], [0.0001248611806659028, ""bho_Deva""]]"
L1,88276,hin_Deva,0.6978214383125305,0.6978214383125305,"[[0.6978214383125305, ""hin_Deva""], [0.27837178111076355, ""anp_Deva""], [0.017978571355342865, ""mag_Deva""], [0.0029735213611274958, ""awa_Deva""], [0.0007072741282172501, ""new_Deva""]]"
L1,88327,hin_Deva,0.4853154122829437,0.4853154122829437,"[[0.4853154122829437, ""hin_Deva""], [0.42947089672088623, ""anp_Deva""], [0.054358284920454025, ""new_Deva""], [0.011157305911183357, ""awa_Deva""], [0.006251967046409845, ""brx_Deva""]]"
L1,88388,anp_Deva,0.9910863637924194,0.0072825090028345585,"[[0.9910863637924194, ""anp_Deva""], [0.0072825090028345585, ""hin_Deva""], [0.0015897233970463276, ""awa_Deva""], [4.495872781262733e-05, ""mag_Deva""], [3.0087068807915784e-05, ""new_Deva""]]"
L1,89063,hin_Deva,0.78270024061203,0.78270024061203,"[[0.78270024061203, ""hin_Deva""], [0.16434608399868011, ""anp_Deva""], [0.04261583834886551, ""awa_Deva""], [0.0072018057107925415, ""new_Deva""], [0.0027863194700330496, ""doi_Deva""]]"
L1,89149,hin_Deva,0.9792773723602295,0.9792773723602295,"[[0.9792773723602295, ""hin_Deva""], [0.008009052835404873, ""new_Deva""], [0.007322462275624275, ""anp_Deva""], [0.003817581804469228, ""bho_Deva""], [0.0009322557598352432, ""awa_Deva""]]"
L1,89164,anp_Deva,0.9932858943939209,0.0007056945469230413,"[[0.9932858943939209, ""anp_Deva""], [0.0058762552216649055, ""awa_Deva""], [0.0007056945469230413, ""hin_Deva""], [0.00011599349818425253, ""mag_Deva""], [2.8645530619542114e-05, ""thl_Deva""]]"
L1,89265,hin_Deva,0.8489573001861572,0.8489573001861572,"[[0.8489573001861572, ""hin_Deva""], [0.07484717667102814, ""awa_Deva""], [0.05841287225484848, ""anp_Deva""], [0.010036912746727467, ""new_Deva""], [0.002277520950883627, ""hne_Deva""]]"
L1,89340,hin_Deva,0.651350200176239,0.651350200176239,"[[0.651350200176239, ""hin_Deva""], [0.34386923909187317, ""anp_Deva""], [0.0030039662960916758, ""new_Deva""], [0.0013938328484073281, ""awa_Deva""], [0.0002257681917399168, ""mai_Deva""]]"
L1,89342,hin_Deva,0.9326550960540771,0.9326550960540771,"[[0.9326550960540771, ""hin_Deva""], [0.05836460739374161, ""anp_Deva""], [0.005099602974951267, ""awa_Deva""], [0.0031591644510626793, ""mai_Deva""], [0.0003654320607893169, ""new_Deva""]]"
L1,89769,hin_Deva,0.914456307888031,0.914456307888031,"[[0.914456307888031, ""hin_Deva""], [0.07907475531101227, ""anp_Deva""], [0.004445637110620737, ""new_Deva""], [0.0010666513117030263, ""bho_Deva""], [0.0006739653181284666, ""awa_Deva""]]"
L1,89896,anp_Deva,0.7568370699882507,0.23620466887950897,"[[0.7568370699882507, ""anp_Deva""], [0.23620466887950897, ""hin_Deva""], [0.0038786022923886776, ""awa_Deva""], [0.0013527546543627977, ""new_Deva""], [0.000916607619728893, ""mai_Deva""]]"
L1,89923,hin_Deva,0.6558055281639099,0.6558055281639099,"[[0.6558055281639099, ""hin_Deva""], [0.3331976532936096, ""anp_Deva""], [0.005791379138827324, ""awa_Deva""], [0.003289317013695836, ""mai_Deva""], [0.0008941072737798095, ""hne_Deva""]]"
L1,89980,hin_Deva,0.8748840689659119,0.8748840689659119,"[[0.8748840689659119, ""hin_Deva""], [0.11381314694881439, ""anp_Deva""], [0.010745784267783165, ""new_Deva""], [0.0003502269391901791, ""awa_Deva""], [0.00012266366684343666, ""bho_Deva""]]"
L1,90010,anp_Deva,0.827355146408081,0.1435880959033966,"[[0.827355146408081, ""anp_Deva""], [0.1435880959033966, ""hin_Deva""], [0.024766959249973297, ""awa_Deva""], [0.004011951852589846, ""new_Deva""], [0.00017898285295814276, ""mai_Deva""]]"
L1,90102,anp_Deva,0.7537299394607544,0.20445773005485535,"[[0.7537299394607544, ""anp_Deva""], [0.20445773005485535, ""hin_Deva""], [0.01938939280807972, ""doi_Deva""], [0.008880063891410828, ""awa_Deva""], [0.005226838402450085, ""mup_Deva""]]"
L1,90253,anp_Deva,0.9520663022994995,0.04621238261461258,"[[0.9520663022994995, ""anp_Deva""], [0.04621238261461258, ""hin_Deva""], [0.0016345736803486943, ""awa_Deva""], [5.8986435760743916e-05, ""new_Deva""], [4.3366799218347296e-05, ""sck_Deva""]]"
L1,90405,hin_Deva,0.9470297694206238,0.9470297694206238,"[[0.9470297694206238, ""hin_Deva""], [0.016956167295575142, ""mai_Deva""], [0.01508347224444151, ""anp_Deva""], [0.011512590572237968, ""awa_Deva""], [0.005318889394402504, ""new_Deva""]]"
L1,90407,hin_Deva,0.5192345976829529,0.5192345976829529,"[[0.5192345976829529, ""hin_Deva""], [0.4514308571815491, ""anp_Deva""], [0.016758006066083908, ""awa_Deva""], [0.00400935485959053, ""new_Deva""], [0.0037189582362771034, ""mai_Deva""]]"
L1,90420,anp_Deva,0.6130091547966003,0.2871268391609192,"[[0.6130091547966003, ""anp_Deva""], [0.2871268391609192, ""hin_Deva""], [0.08830539882183075, ""new_Deva""], [0.008044019341468811, ""mai_Deva""], [0.002884700195863843, ""awa_Deva""]]"
L1,90882,anp_Deva,0.9414904117584229,0.05078082159161568,"[[0.9414904117584229, ""anp_Deva""], [0.05078082159161568, ""hin_Deva""], [0.006633326876908541, ""new_Deva""], [0.0011315965093672276, ""awa_Deva""], [1.1734394320228603e-05, ""mai_Deva""]]"
L1,90930,anp_Deva,0.5675507187843323,0.4118078947067261,"[[0.5675507187843323, ""anp_Deva""], [0.4118078947067261, ""hin_Deva""], [0.01596158556640148, ""new_Deva""], [0.0030074475798755884, ""mai_Deva""], [0.0014859349466860294, ""awa_Deva""]]"
L1,91284,anp_Deva,0.5134215950965881,0.45843756198883057,"[[0.5134215950965881, ""anp_Deva""], [0.45843756198883057, ""hin_Deva""], [0.02706368826329708, ""awa_Deva""], [0.0007326800259761512, ""new_Deva""], [0.0002776964392978698, ""bho_Deva""]]"
L1,91294,hin_Deva,0.9645518660545349,0.9645518660545349,"[[0.9645518660545349, ""hin_Deva""], [0.03477473929524422, ""anp_Deva""], [0.0002880204119719565, ""new_Deva""], [0.00010928592382697389, ""mai_Deva""], [0.0001065587202901952, ""bho_Deva""]]"
L1,91349,hin_Deva,0.5253181457519531,0.5253181457519531,"[[0.5253181457519531, ""hin_Deva""], [0.4681600034236908, ""anp_Deva""], [0.005353775341063738, ""new_Deva""], [0.0011331667192280293, ""awa_Deva""], [6.327844312181696e-05, ""bho_Deva""]]"
L1,91371,anp_Deva,0.6997424960136414,0.28845757246017456,"[[0.6997424960136414, ""anp_Deva""], [0.28845757246017456, ""hin_Deva""], [0.009107304736971855, ""awa_Deva""], [0.0020298995077610016, ""bho_Deva""], [0.000312288902932778, ""new_Deva""]]"
L1,91422,anp_Deva,0.6622381210327148,0.32745176553726196,"[[0.6622381210327148, ""anp_Deva""], [0.32745176553726196, ""hin_Deva""], [0.00995935034006834, ""awa_Deva""], [0.00016430343384854496, ""mai_Deva""], [0.00014149839989840984, ""new_Deva""]]"
L1,91531,hin_Deva,0.8713499307632446,0.8713499307632446,"[[0.8713499307632446, ""hin_Deva""], [0.11073668301105499, ""anp_Deva""], [0.0158173106610775, ""awa_Deva""], [0.0009351836051791906, ""bho_Deva""], [0.0005617497372440994, ""new_Deva""]]"
L1,91596,anp_Deva,0.9732799530029297,0.026520296931266785,"[[0.9732799530029297, ""anp_Deva""], [0.026520296931266785, ""hin_Deva""], [0.00017733308777678758, ""mai_Deva""], [3.272829781053588e-05, ""new_Deva""], [2.585650872788392e-05, ""bho_Deva""]]"
L1,91828,hin_Deva,0.6619417071342468,0.6619417071342468,"[[0.6619417071342468, ""hin_Deva""], [0.20552615821361542, ""anp_Deva""], [0.11206049472093582, ""sck_Deva""], [0.019466569647192955, ""awa_Deva""], [0.0007392688421532512, ""bho_Deva""]]"
L1,92175,hin_Deva,0.6347323060035706,0.6347323060035706,"[[0.6347323060035706, ""hin_Deva""], [0.18684148788452148, ""anp_Deva""], [0.1772889494895935, ""awa_Deva""], [0.0011230511590838432, ""new_Deva""], [3.380525595275685e-05, ""sck_Deva""]]"
L1,92194,anp_Deva,0.99751216173172,0.0023577569518238306,"[[0.99751216173172, ""anp_Deva""], [0.0023577569518238306, ""hin_Deva""], [0.00014502050180453807, ""awa_Deva""], [2.0769017282873392e-05, ""sck_Deva""], [1.3622408005176112e-05, ""new_Deva""]]"
L1,92304,anp_Deva,0.7313067317008972,0.265693336725235,"[[0.7313067317008972, ""anp_Deva""], [0.265693336725235, ""hin_Deva""], [0.0023121912963688374, ""new_Deva""], [0.00036983119207434356, ""mup_Deva""], [0.0002571095246821642, ""awa_Deva""]]"
L1,92368,anp_Deva,0.99998939037323,3.0414448701776564e-05,"[[0.99998939037323, ""anp_Deva""], [3.0414448701776564e-05, ""hin_Deva""], [1.014620102068875e-05, ""new_Deva""], [1.0025680239778012e-05, ""awa_Deva""], [1.0004524483520072e-05, ""mag_Deva""]]"
L1,92603,anp_Deva,0.7519083023071289,0.24728484451770782,"[[0.7519083023071289, ""anp_Deva""], [0.24728484451770782, ""hin_Deva""], [0.0006024999311193824, ""awa_Deva""], [0.00016636897635180503, ""new_Deva""], [6.178094918141142e-05, ""mai_Deva""]]"
L1,92677,anp_Deva,0.990482747554779,0.00909406878054142,"[[0.990482747554779, ""anp_Deva""], [0.00909406878054142, ""hin_Deva""], [0.00044539631926454604, ""awa_Deva""], [1.4261097021517344e-05, ""new_Deva""], [1.3084310012345668e-05, ""mag_Deva""]]"
L1,92678,hin_Deva,0.6032317280769348,0.6032317280769348,"[[0.6032317280769348, ""hin_Deva""], [0.3815406560897827, ""anp_Deva""], [0.010278910398483276, ""awa_Deva""], [0.0030618838500231504, ""mai_Deva""], [0.0014535392401739955, ""new_Deva""]]"
L1,92693,anp_Deva,0.7650858163833618,0.2341974377632141,"[[0.7650858163833618, ""anp_Deva""], [0.2341974377632141, ""hin_Deva""], [0.00062134291511029, ""awa_Deva""], [9.394828521180898e-05, ""mag_Deva""], [4.624973371392116e-05, ""new_Deva""]]"
L1,92921,anp_Deva,0.8609152436256409,0.0948747768998146,"[[0.8609152436256409, ""anp_Deva""], [0.0948747768998146, ""hin_Deva""], [0.04339737817645073, ""awa_Deva""], [0.0005022113909944892, ""new_Deva""], [0.0002656297874636948, ""mai_Deva""]]"
L1,93148,anp_Deva,0.9545614123344421,0.045297857373952866,"[[0.9545614123344421, ""anp_Deva""], [0.045297857373952866, ""hin_Deva""], [8.43232701299712e-05, ""new_Deva""], [8.387165871681646e-05, ""bho_Deva""], [1.6310948922182433e-05, ""mai_Deva""]]"
L1,93216,anp_Deva,0.9087291359901428,0.09088117629289627,"[[0.9087291359901428, ""anp_Deva""], [0.09088117629289627, ""hin_Deva""], [0.00039690511766821146, ""awa_Deva""], [2.998100535478443e-05, ""new_Deva""], [1.1228678886254784e-05, ""bho_Deva""]]"
L1,93530,anp_Deva,0.8766052722930908,0.1229468584060669,"[[0.8766052722930908, ""anp_Deva""], [0.1229468584060669, ""hin_Deva""], [0.0004619692626874894, ""awa_Deva""], [1.9744777091545984e-05, ""new_Deva""], [1.5779589375597425e-05, ""mup_Deva""]]"
L1,93680,hin_Deva,0.9344218969345093,0.9344218969345093,"[[0.9344218969345093, ""hin_Deva""], [0.023781120777130127, ""mai_Deva""], [0.010348627343773842, ""mar_Deva""], [0.010204196907579899, ""bho_Deva""], [0.00695429602637887, ""anp_Deva""]]"
L1,94129,anp_Deva,0.9932785630226135,0.006509525701403618,"[[0.9932785630226135, ""anp_Deva""], [0.006509525701403618, ""hin_Deva""], [0.00022598725627176464, ""awa_Deva""], [1.8852855646400712e-05, ""sck_Deva""], [1.476072156947339e-05, ""bho_Deva""]]"
L1,94350,awa_Deva,0.7790562510490417,0.21123124659061432,"[[0.7790562510490417, ""awa_Deva""], [0.21123124659061432, ""hin_Deva""], [0.009681661613285542, ""anp_Deva""], [4.6787725295871496e-05, ""sck_Deva""], [2.2084628653828986e-05, ""new_Deva""]]"
L1,94391,anp_Deva,0.9599833488464355,0.03785610571503639,"[[0.9599833488464355, ""anp_Deva""], [0.03785610571503639, ""hin_Deva""], [0.0016120574437081814, ""new_Deva""], [0.0004370782698970288, ""awa_Deva""], [9.761923138285056e-05, ""mai_Deva""]]"
L1,94428,anp_Deva,0.9875303506851196,0.005703487433493137,"[[0.9875303506851196, ""anp_Deva""], [0.006074802950024605, ""mag_Deva""], [0.005703487433493137, ""hin_Deva""], [0.0003386078751645982, ""doi_Deva""], [0.0002906120498664677, ""awa_Deva""]]"
L1,94947,hin_Deva,0.610571026802063,0.610571026802063,"[[0.610571026802063, ""hin_Deva""], [0.3868933916091919, ""anp_Deva""], [0.0017485839780420065, ""new_Deva""], [0.0007431095582433045, ""awa_Deva""], [4.1790564864641055e-05, ""mai_Deva""]]"
L1,95033,hin_Deva,0.8593918085098267,0.8593918085098267,"[[0.8593918085098267, ""hin_Deva""], [0.1076294556260109, ""new_Deva""], [0.0112828454002738, ""san_Deva""], [0.009755735285580158, ""mai_Deva""], [0.006911791395395994, ""anp_Deva""]]"
L1,95085,hin_Deva,0.8986844420433044,0.8986844420433044,"[[0.8986844420433044, ""hin_Deva""], [0.06605023145675659, ""anp_Deva""], [0.020075252279639244, ""mag_Deva""], [0.01066909171640873, ""new_Deva""], [0.002679114695638418, ""doi_Deva""]]"
L1,95180,anp_Deva,0.8235384225845337,0.17308160662651062,"[[0.8235384225845337, ""anp_Deva""], [0.17308160662651062, ""hin_Deva""], [0.0027979970909655094, ""awa_Deva""], [0.0004979684599675238, ""new_Deva""], [5.0007169193122536e-05, ""mai_Deva""]]"
L1,95243,hin_Deva,0.8483983278274536,0.8483983278274536,"[[0.8483983278274536, ""hin_Deva""], [0.13963894546031952, ""anp_Deva""], [0.004763597156852484, ""awa_Deva""], [0.00337232300080359, ""new_Deva""], [0.0021269654389470816, ""mai_Deva""]]"
L1,95517,hin_Deva,0.5932050943374634,0.5932050943374634,"[[0.5932050943374634, ""hin_Deva""], [0.3296718895435333, ""anp_Deva""], [0.05164003372192383, ""awa_Deva""], [0.020012086257338524, ""bho_Deva""], [0.002208047080785036, ""mag_Deva""]]"
L1,95540,hin_Deva,0.8905473351478577,0.8905473351478577,"[[0.8905473351478577, ""hin_Deva""], [0.052079446613788605, ""anp_Deva""], [0.05048041790723801, ""new_Deva""], [0.004275040235370398, ""awa_Deva""], [0.0025215521454811096, ""bho_Deva""]]"
L1,95676,anp_Deva,0.9999909400939941,2.168299579352606e-05,"[[0.9999909400939941, ""anp_Deva""], [2.168299579352606e-05, ""hin_Deva""], [1.7326225133729167e-05, ""new_Deva""], [1.0051902791019529e-05, ""awa_Deva""], [1.003253782982938e-05, ""mai_Deva""]]"
L1,95827,anp_Deva,1.0000041723251343,1.5758145309519023e-05,"[[1.0000041723251343, ""anp_Deva""], [1.5758145309519023e-05, ""hin_Deva""], [1.0076358194055501e-05, ""awa_Deva""], [1.0004696378018707e-05, ""new_Deva""], [1.000006068352377e-05, ""mai_Deva""]]"
L1,96591,anp_Deva,0.8358011841773987,0.16118235886096954,"[[0.8358011841773987, ""anp_Deva""], [0.16118235886096954, ""hin_Deva""], [0.0024946220219135284, ""awa_Deva""], [0.0005073519423604012, ""new_Deva""], [2.9237548005767167e-05, ""brx_Deva""]]"
L1,96592,hin_Deva,0.6769706606864929,0.6769706606864929,"[[0.6769706606864929, ""hin_Deva""], [0.24229413270950317, ""awa_Deva""], [0.07676063477993011, ""anp_Deva""], [0.0024763504043221474, ""bho_Deva""], [0.00087796087609604, ""new_Deva""]]"
L1,96656,anp_Deva,0.9906232357025146,0.005777948535978794,"[[0.9906232357025146, ""anp_Deva""], [0.005777948535978794, ""hin_Deva""], [0.003486023051664233, ""new_Deva""], [0.00012261676602065563, ""awa_Deva""], [2.374093674006872e-05, ""brx_Deva""]]"
L1,97318,hin_Deva,0.9835985898971558,0.9835985898971558,"[[0.9835985898971558, ""hin_Deva""], [0.00816929992288351, ""awa_Deva""], [0.0035184877924621105, ""anp_Deva""], [0.00292711122892797, ""mai_Deva""], [0.000661497819237411, ""bho_Deva""]]"
L1,97456,anp_Deva,0.4693341851234436,0.4285964369773865,"[[0.4693341851234436, ""anp_Deva""], [0.4285964369773865, ""hin_Deva""], [0.10142545402050018, ""awa_Deva""], [0.0003468201030045748, ""mag_Deva""], [0.0003086417855229229, ""new_Deva""]]"
L1,97557,hin_Deva,0.5324703454971313,0.5324703454971313,"[[0.5324703454971313, ""hin_Deva""], [0.35750812292099, ""anp_Deva""], [0.10453497618436813, ""awa_Deva""], [0.003574308240786195, ""mai_Deva""], [0.0014509237371385098, ""new_Deva""]]"
L1,97624,hin_Deva,0.9433254599571228,0.9433254599571228,"[[0.9433254599571228, ""hin_Deva""], [0.02262219972908497, ""anp_Deva""], [0.020291084423661232, ""awa_Deva""], [0.008283592760562897, ""mai_Deva""], [0.0022802986204624176, ""mag_Deva""]]"
L1,97645,hin_Deva,0.8512566089630127,0.8512566089630127,"[[0.8512566089630127, ""hin_Deva""], [0.1094922348856926, ""anp_Deva""], [0.03382815048098564, ""awa_Deva""], [0.002782723866403103, ""mag_Deva""], [0.0010348286014050245, ""mai_Deva""]]"
L1,97919,hin_Deva,0.7955107092857361,0.7955107092857361,"[[0.7955107092857361, ""hin_Deva""], [0.1065470427274704, ""awa_Deva""], [0.09455984085798264, ""anp_Deva""], [0.00329024251550436, ""new_Deva""], [4.867381358053535e-05, ""kas_Deva""]]"
L1,98167,hin_Deva,0.49263638257980347,0.49263638257980347,"[[0.49263638257980347, ""hin_Deva""], [0.4550313353538513, ""anp_Deva""], [0.025359084829688072, ""mag_Deva""], [0.00767233083024621, ""hne_Deva""], [0.0073537020944058895, ""mai_Deva""]]"
L1,98211,anp_Deva,0.5413212776184082,0.4388532340526581,"[[0.5413212776184082, ""anp_Deva""], [0.4388532340526581, ""hin_Deva""], [0.008895384147763252, ""new_Deva""], [0.006023023277521133, ""mai_Deva""], [0.00300888204947114, ""awa_Deva""]]"
L1,98238,anp_Deva,0.5252444744110107,0.47214818000793457,"[[0.5252444744110107, ""anp_Deva""], [0.47214818000793457, ""hin_Deva""], [0.0013117050984874368, ""mai_Deva""], [0.0009107091464102268, ""awa_Deva""], [0.00028008269146084785, ""new_Deva""]]"
L1,98243,hin_Deva,0.9942506551742554,0.9942506551742554,"[[0.9942506551742554, ""hin_Deva""], [0.00446999492123723, ""new_Deva""], [0.0009121468174271286, ""anp_Deva""], [0.00023369335394818336, ""awa_Deva""], [0.00010628732707118616, ""bho_Deva""]]"
L1,98382,anp_Deva,0.996749222278595,0.0013821190223097801,"[[0.996749222278595, ""anp_Deva""], [0.001896435278467834, ""new_Deva""], [0.0013821190223097801, ""hin_Deva""], [1.1061702934966888e-05, ""awa_Deva""], [1.0470473171153571e-05, ""bho_Deva""]]"
L1,98645,hin_Deva,0.9973493218421936,0.9973493218421936,"[[0.9973493218421936, ""hin_Deva""], [0.0012699260842055082, ""anp_Deva""], [0.0006142990896478295, ""awa_Deva""], [0.000583141518291086, ""new_Deva""], [0.00014605146134272218, ""mai_Deva""]]"
L1,99200,anp_Deva,0.6344091892242432,0.22484499216079712,"[[0.6344091892242432, ""anp_Deva""], [0.22484499216079712, ""hin_Deva""], [0.13200104236602783, ""awa_Deva""], [0.00871135201305151, ""new_Deva""], [6.883682362968102e-05, ""mai_Deva""]]"
L1,99242,anp_Deva,0.9943793416023254,0.0055755628272891045,"[[0.9943793416023254, ""anp_Deva""], [0.0055755628272891045, ""hin_Deva""], [5.285059887683019e-05, ""new_Deva""], [2.24706091103144e-05, ""awa_Deva""], [1.709212847345043e-05, ""mup_Deva""]]"
L1,99312,hin_Deva,0.984073281288147,0.984073281288147,"[[0.984073281288147, ""hin_Deva""], [0.008229357190430164, ""anp_Deva""], [0.0063967774622142315, ""new_Deva""], [0.0009581806370988488, ""bho_Deva""], [0.00021169371029827744, ""mai_Deva""]]"
L1,99355,anp_Deva,0.9902215600013733,0.009408937767148018,"[[0.9902215600013733, ""anp_Deva""], [0.009408937767148018, ""hin_Deva""], [0.0003044873883482069, ""awa_Deva""], [0.00010477959585841745, ""new_Deva""], [1.0229036888631526e-05, ""mai_Deva""]]"
L1,99440,anp_Deva,0.9965413212776184,0.0033397176302969456,"[[0.9965413212776184, ""anp_Deva""], [0.0033397176302969456, ""hin_Deva""], [8.98897196748294e-05, ""awa_Deva""], [6.507191574200988e-05, ""new_Deva""], [1.1383109267626423e-05, ""bho_Deva""]]"
L1,99455,anp_Deva,0.8728247880935669,0.12642736732959747,"[[0.8728247880935669, ""anp_Deva""], [0.12642736732959747, ""hin_Deva""], [0.0005820109508931637, ""awa_Deva""], [9.399076225236058e-05, ""bho_Deva""], [9.138925815932453e-05, ""mag_Deva""]]"
L1,99586,hin_Deva,0.930640459060669,0.930640459060669,"[[0.930640459060669, ""hin_Deva""], [0.04485500603914261, ""new_Deva""], [0.022214926779270172, ""anp_Deva""], [0.0010232373606413603, ""mai_Deva""], [0.0005928273894824088, ""awa_Deva""]]"
L1,99690,hin_Deva,0.6606734395027161,0.6606734395027161,"[[0.6606734395027161, ""hin_Deva""], [0.3020986020565033, ""anp_Deva""], [0.010512090288102627, ""bho_Deva""], [0.009649058803915977, ""new_Deva""], [0.006902207620441914, ""awa_Deva""]]"
L1,99743,anp_Deva,0.7399687170982361,0.23564106225967407,"[[0.7399687170982361, ""anp_Deva""], [0.23564106225967407, ""hin_Deva""], [0.02320181019604206, ""awa_Deva""], [0.0008211760432459414, ""new_Deva""], [0.00037147701368667185, ""bho_Deva""]]"
L1,99752,anp_Deva,0.9999372959136963,6.808067701058462e-05,"[[0.9999372959136963, ""anp_Deva""], [6.808067701058462e-05, ""hin_Deva""], [2.012113509408664e-05, ""awa_Deva""], [1.188776150229387e-05, ""new_Deva""], [1.0724897947511636e-05, ""gom_Deva""]]"
L1,99996,hin_Deva,0.5309072136878967,0.5309072136878967,"[[0.5309072136878967, ""hin_Deva""], [0.4626553952693939, ""anp_Deva""], [0.006115247029811144, ""new_Deva""], [0.0002888944000005722, ""awa_Deva""], [5.5093096307246014e-05, ""mai_Deva""]]"
L1,100348,anp_Deva,0.6877741813659668,0.31217530369758606,"[[0.6877741813659668, ""anp_Deva""], [0.31217530369758606, ""hin_Deva""], [4.815255670109764e-05, ""new_Deva""], [3.3234278816962615e-05, ""awa_Deva""], [1.6902089555514976e-05, ""sck_Deva""]]"
L1,100408,hin_Deva,0.7219690084457397,0.7219690084457397,"[[0.7219690084457397, ""hin_Deva""], [0.273432195186615, ""anp_Deva""], [0.0020895733032375574, ""mai_Deva""], [0.0014154030941426754, ""new_Deva""], [0.0004673140647355467, ""mag_Deva""]]"
L1,100474,anp_Deva,0.8208873867988586,0.17463693022727966,"[[0.8208873867988586, ""anp_Deva""], [0.17463693022727966, ""hin_Deva""], [0.0024394697975367308, ""mag_Deva""], [0.0007433374412357807, ""awa_Deva""], [0.0006218038033694029, ""bho_Deva""]]"
L1,100496,hin_Deva,0.8560339212417603,0.8560339212417603,"[[0.8560339212417603, ""hin_Deva""], [0.13599728047847748, ""anp_Deva""], [0.006730346474796534, ""new_Deva""], [0.000518650165759027, ""awa_Deva""], [0.00035336147993803024, ""mar_Deva""]]"
L1,100547,hin_Deva,0.730354905128479,0.730354905128479,"[[0.730354905128479, ""hin_Deva""], [0.1739904135465622, ""anp_Deva""], [0.09266849607229233, ""awa_Deva""], [0.001140024745836854, ""new_Deva""], [0.0007620498072355986, ""mup_Deva""]]"
L1,100687,hin_Deva,0.8436955809593201,0.8436955809593201,"[[0.8436955809593201, ""hin_Deva""], [0.15016719698905945, ""anp_Deva""], [0.0037278407253324986, ""new_Deva""], [0.001849222113378346, ""awa_Deva""], [0.0005218873848207295, ""mai_Deva""]]"
L1,100710,anp_Deva,0.8738964200019836,0.00375512451864779,"[[0.8738964200019836, ""anp_Deva""], [0.12195230275392532, ""new_Deva""], [0.00375512451864779, ""hin_Deva""], [0.000436029105912894, ""awa_Deva""], [1.0066004506370518e-05, ""mai_Deva""]]"
L1,100739,anp_Deva,0.9435633420944214,0.054321568459272385,"[[0.9435633420944214, ""anp_Deva""], [0.054321568459272385, ""hin_Deva""], [0.0019039520993828773, ""new_Deva""], [0.0002497734676580876, ""awa_Deva""], [1.125554717873456e-05, ""bho_Deva""]]"
L1,101021,hin_Deva,0.788865864276886,0.788865864276886,"[[0.788865864276886, ""hin_Deva""], [0.2087041586637497, ""anp_Deva""], [0.001980947097763419, ""awa_Deva""], [0.00023467357095796615, ""bho_Deva""], [0.0002080102131003514, ""mai_Deva""]]"
L1,101033,anp_Deva,0.6126157641410828,0.3851219117641449,"[[0.6126157641410828, ""anp_Deva""], [0.3851219117641449, ""hin_Deva""], [0.0011977001558989286, ""mai_Deva""], [0.0005777967744506896, ""awa_Deva""], [0.0005251207621768117, ""new_Deva""]]"
L1,101094,hin_Deva,0.9772301316261292,0.9772301316261292,"[[0.9772301316261292, ""hin_Deva""], [0.007530018221586943, ""anp_Deva""], [0.005135057959705591, ""new_Deva""], [0.003318240400403738, ""mai_Deva""], [0.002422626595944166, ""awa_Deva""]]"
L1,101238,hin_Deva,0.9079492092132568,0.9079492092132568,"[[0.9079492092132568, ""hin_Deva""], [0.06009289622306824, ""new_Deva""], [0.031672243028879166, ""anp_Deva""], [0.0002395608025835827, ""mar_Deva""], [5.072080239187926e-05, ""awa_Deva""]]"
L1,101327,anp_Deva,0.9979939460754395,0.0019316991092637181,"[[0.9979939460754395, ""anp_Deva""], [0.0019316991092637181, ""hin_Deva""], [7.742012530798092e-05, ""new_Deva""], [3.3640433684922755e-05, ""mai_Deva""], [1.163519573310623e-05, ""doi_Deva""]]"
L1,101370,anp_Deva,0.7584510445594788,0.24106673896312714,"[[0.7584510445594788, ""anp_Deva""], [0.24106673896312714, ""hin_Deva""], [0.00033212400740012527, ""awa_Deva""], [9.525218047201633e-05, ""new_Deva""], [6.0885919083375484e-05, ""mai_Deva""]]"
L1,101382,anp_Deva,0.6083164811134338,0.3888489305973053,"[[0.6083164811134338, ""anp_Deva""], [0.3888489305973053, ""hin_Deva""], [0.0011736034648492932, ""awa_Deva""], [0.0005711191915906966, ""new_Deva""], [0.0004183744022157043, ""mag_Deva""]]"
L1,101569,anp_Deva,0.985669732093811,0.006287057884037495,"[[0.985669732093811, ""anp_Deva""], [0.007924419827759266, ""awa_Deva""], [0.006287057884037495, ""hin_Deva""], [0.00015418254770338535, ""new_Deva""], [1.4410417861654423e-05, ""bho_Deva""]]"
L1,101785,hin_Deva,0.7693734169006348,0.7693734169006348,"[[0.7693734169006348, ""hin_Deva""], [0.22938765585422516, ""anp_Deva""], [0.00053497584303841, ""awa_Deva""], [0.0003100723843090236, ""mai_Deva""], [0.0001546322600916028, ""mup_Deva""]]"
L1,101931,hin_Deva,0.9875372052192688,0.9875372052192688,"[[0.9875372052192688, ""hin_Deva""], [0.00704657519236207, ""anp_Deva""], [0.0031476314179599285, ""awa_Deva""], [0.0016626500291749835, ""new_Deva""], [0.0003121292975265533, ""sck_Deva""]]"
L1,102357,hin_Deva,0.9596689343452454,0.9596689343452454,"[[0.9596689343452454, ""hin_Deva""], [0.019450796768069267, ""anp_Deva""], [0.01592892035841942, ""new_Deva""], [0.0037646787241101265, ""awa_Deva""], [0.0004481690702959895, ""mar_Deva""]]"
L1,102773,anp_Deva,0.7637211680412292,0.23410767316818237,"[[0.7637211680412292, ""anp_Deva""], [0.23410767316818237, ""hin_Deva""], [0.001098687294870615, ""bho_Deva""], [0.0003380637208465487, ""awa_Deva""], [0.0003103134804405272, ""mai_Deva""]]"
L1,102894,hin_Deva,0.9613648056983948,0.9613648056983948,"[[0.9613648056983948, ""hin_Deva""], [0.03071933053433895, ""anp_Deva""], [0.003010211046785116, ""awa_Deva""], [0.0029163737781345844, ""new_Deva""], [0.0010384152410551906, ""bho_Deva""]]"
L1,103015,hin_Deva,0.9292253851890564,0.9292253851890564,"[[0.9292253851890564, ""hin_Deva""], [0.05593732371926308, ""anp_Deva""], [0.01157856173813343, ""awa_Deva""], [0.001773002091795206, ""mai_Deva""], [0.000861212785821408, ""bho_Deva""]]"
L1,103036,anp_Deva,0.7633348107337952,0.2350255697965622,"[[0.7633348107337952, ""anp_Deva""], [0.2350255697965622, ""hin_Deva""], [0.0010547518031671643, ""awa_Deva""], [0.0005342501099221408, ""new_Deva""], [9.506732021691278e-05, ""mai_Deva""]]"
L1,103345,anp_Deva,0.9408465027809143,0.05862751230597496,"[[0.9408465027809143, ""anp_Deva""], [0.05862751230597496, ""hin_Deva""], [0.00017711556574795395, ""awa_Deva""], [0.00014194982941262424, ""mai_Deva""], [0.0001383741182507947, ""bho_Deva""]]"
L1,103394,hin_Deva,0.9564825892448425,0.9564825892448425,"[[0.9564825892448425, ""hin_Deva""], [0.024011841043829918, ""awa_Deva""], [0.014734232798218727, ""anp_Deva""], [0.0027544014155864716, ""bho_Deva""], [0.0011852036695927382, ""mai_Deva""]]"
L1,103398,hin_Deva,0.6868197917938232,0.6868197917938232,"[[0.6868197917938232, ""hin_Deva""], [0.3072893023490906, ""anp_Deva""], [0.0035216198302805424, ""new_Deva""], [0.0022077164612710476, ""awa_Deva""], [0.00010665622539818287, ""doi_Deva""]]"
L1,103399,anp_Deva,0.8574439287185669,0.14042960107326508,"[[0.8574439287185669, ""anp_Deva""], [0.14042960107326508, ""hin_Deva""], [0.0010423592757433653, ""awa_Deva""], [0.0005052096676081419, ""mag_Deva""], [0.00046781660057604313, ""new_Deva""]]"
L1,103526,anp_Deva,0.910154402256012,0.08111334592103958,"[[0.910154402256012, ""anp_Deva""], [0.08111334592103958, ""hin_Deva""], [0.00847916305065155, ""awa_Deva""], [0.0002221329923486337, ""new_Deva""], [6.89521330059506e-05, ""doi_Deva""]]"
L1,103534,hin_Deva,0.6115399599075317,0.6115399599075317,"[[0.6115399599075317, ""hin_Deva""], [0.38613802194595337, ""anp_Deva""], [0.0018903824966400862, ""awa_Deva""], [0.000256046827416867, ""new_Deva""], [0.00014493394701275975, ""mai_Deva""]]"
L1,103581,hin_Deva,0.6605884432792664,0.6605884432792664,"[[0.6605884432792664, ""hin_Deva""], [0.33142614364624023, ""anp_Deva""], [0.00516165466979146, ""awa_Deva""], [0.0014157108962535858, ""mai_Deva""], [0.0010890488047152758, ""new_Deva""]]"
L1,103618,hin_Deva,0.6041855812072754,0.6041855812072754,"[[0.6041855812072754, ""hin_Deva""], [0.3875795006752014, ""anp_Deva""], [0.005679726600646973, ""awa_Deva""], [0.0018052440136671066, ""bho_Deva""], [0.0005066745216026902, ""new_Deva""]]"
L1,103851,hin_Deva,0.5994539856910706,0.5994539856910706,"[[0.5994539856910706, ""hin_Deva""], [0.38003963232040405, ""anp_Deva""], [0.019985061138868332, ""awa_Deva""], [0.0004875230370089412, ""new_Deva""], [4.753250323119573e-05, ""bho_Deva""]]"
L1,103948,anp_Deva,0.6690457463264465,0.33020880818367004,"[[0.6690457463264465, ""anp_Deva""], [0.33020880818367004, ""hin_Deva""], [0.0003531397960614413, ""new_Deva""], [0.00031823391327634454, ""awa_Deva""], [0.00011603996972553432, ""bho_Deva""]]"
L1,104004,hin_Deva,0.8884857892990112,0.8884857892990112,"[[0.8884857892990112, ""hin_Deva""], [0.06925787031650543, ""anp_Deva""], [0.0411447249352932, ""new_Deva""], [0.001112590660341084, ""awa_Deva""], [2.628822039696388e-05, ""bho_Deva""]]"
L1,104057,anp_Deva,0.6441071629524231,0.3451598584651947,"[[0.6441071629524231, ""anp_Deva""], [0.3451598584651947, ""hin_Deva""], [0.01010297890752554, ""new_Deva""], [0.0004007855895906687, ""awa_Deva""], [0.0001501983788330108, ""bho_Deva""]]"
L1,104195,hin_Deva,0.9608494639396667,0.9608494639396667,"[[0.9608494639396667, ""hin_Deva""], [0.021800339221954346, ""awa_Deva""], [0.0119571378454566, ""anp_Deva""], [0.00488997483626008, ""new_Deva""], [0.00047524095862172544, ""mai_Deva""]]"
L1,104258,anp_Deva,0.8919627666473389,0.10581929236650467,"[[0.8919627666473389, ""anp_Deva""], [0.10581929236650467, ""hin_Deva""], [0.0020690534729510546, ""new_Deva""], [0.0001564465055707842, ""awa_Deva""], [2.14830524782883e-05, ""mai_Deva""]]"
L1,104336,hin_Deva,0.9424505829811096,0.9424505829811096,"[[0.9424505829811096, ""hin_Deva""], [0.040185313671827316, ""anp_Deva""], [0.009536725468933582, ""bho_Deva""], [0.0034621749073266983, ""doi_Deva""], [0.0016073982696980238, ""new_Deva""]]"
L1,104501,anp_Deva,0.7573215365409851,0.14519944787025452,"[[0.7573215365409851, ""anp_Deva""], [0.14519944787025452, ""hin_Deva""], [0.09689781069755554, ""awa_Deva""], [0.00039930245839059353, ""new_Deva""], [0.0001596240617800504, ""bho_Deva""]]"
L1,104517,anp_Deva,0.9401903748512268,0.0451216995716095,"[[0.9401903748512268, ""anp_Deva""], [0.0451216995716095, ""hin_Deva""], [0.007605556398630142, ""awa_Deva""], [0.007118360139429569, ""new_Deva""], [1.2649232303374447e-05, ""bho_Deva""]]"
L1,104588,anp_Deva,0.9327983856201172,0.059536393731832504,"[[0.9327983856201172, ""anp_Deva""], [0.059536393731832504, ""hin_Deva""], [0.007191085256636143, ""awa_Deva""], [0.0001510278816567734, ""hne_Deva""], [0.00010324292816221714, ""kas_Deva""]]"
L1,104649,hin_Deva,0.6075225472450256,0.6075225472450256,"[[0.6075225472450256, ""hin_Deva""], [0.39193248748779297, ""anp_Deva""], [0.00041413065628148615, ""awa_Deva""], [0.00014187743363436311, ""new_Deva""], [2.6822488507605158e-05, ""sck_Deva""]]"
L1,104656,anp_Deva,0.7810971736907959,0.21750950813293457,"[[0.7810971736907959, ""anp_Deva""], [0.21750950813293457, ""hin_Deva""], [0.0010463016806170344, ""awa_Deva""], [0.00019339635036885738, ""new_Deva""], [0.00013045653759036213, ""mag_Deva""]]"
L1,104907,anp_Deva,0.9689273238182068,0.03014564886689186,"[[0.9689273238182068, ""anp_Deva""], [0.03014564886689186, ""hin_Deva""], [0.0007551840390078723, ""awa_Deva""], [0.00019658132805489004, ""mai_Deva""], [1.9491251805447973e-05, ""bho_Deva""]]"
L1,105113,hin_Deva,0.9779800176620483,0.9779800176620483,"[[0.9779800176620483, ""hin_Deva""], [0.012997627258300781, ""awa_Deva""], [0.003933055326342583, ""anp_Deva""], [0.002524331212043762, ""mai_Deva""], [0.0009034444228745997, ""new_Deva""]]"
L1,105439,hin_Deva,0.7253273725509644,0.7253273725509644,"[[0.7253273725509644, ""hin_Deva""], [0.2534453868865967, ""anp_Deva""], [0.01685652695596218, ""awa_Deva""], [0.002288977848365903, ""mai_Deva""], [0.0010250858031213284, ""new_Deva""]]"
L1,105465,hin_Deva,0.92769455909729,0.92769455909729,"[[0.92769455909729, ""hin_Deva""], [0.039503373205661774, ""mai_Deva""], [0.008754217065870762, ""anp_Deva""], [0.008625846356153488, ""awa_Deva""], [0.004859221167862415, ""npi_Deva""]]"
L1,105480,hin_Deva,0.8083316683769226,0.8083316683769226,"[[0.8083316683769226, ""hin_Deva""], [0.1788489669561386, ""anp_Deva""], [0.00750563433393836, ""awa_Deva""], [0.004492204636335373, ""new_Deva""], [0.000498928246088326, ""bho_Deva""]]"
L1,106080,anp_Deva,0.9142085313796997,0.08491388708353043,"[[0.9142085313796997, ""anp_Deva""], [0.08491388708353043, ""hin_Deva""], [0.0005649520317092538, ""awa_Deva""], [0.00030502010486088693, ""new_Deva""], [3.4633998438948765e-05, ""bho_Deva""]]"
L1,106353,hin_Deva,0.8116343021392822,0.8116343021392822,"[[0.8116343021392822, ""hin_Deva""], [0.1387767642736435, ""anp_Deva""], [0.04680987820029259, ""new_Deva""], [0.0016798080177977681, ""mai_Deva""], [0.0004724753089249134, ""awa_Deva""]]"
L1,106594,anp_Deva,0.9990959167480469,0.0008713204297237098,"[[0.9990959167480469, ""anp_Deva""], [0.0008713204297237098, ""hin_Deva""], [4.3978703615721315e-05, ""mag_Deva""], [2.7240932467975654e-05, ""new_Deva""], [1.0694237062125467e-05, ""bho_Deva""]]"
L1,106721,anp_Deva,0.9999966621398926,1.6562231394345872e-05,"[[0.9999966621398926, ""anp_Deva""], [1.6562231394345872e-05, ""hin_Deva""], [1.3540937288780697e-05, ""awa_Deva""], [1.3258165381557774e-05, ""new_Deva""], [1.0000156180467457e-05, ""mag_Deva""]]"
L1,106753,hin_Deva,0.6000829339027405,0.6000829339027405,"[[0.6000829339027405, ""hin_Deva""], [0.3984871506690979, ""anp_Deva""], [0.0005338556366041303, ""new_Deva""], [0.00045614322880283, ""bho_Deva""], [0.0003967703669331968, ""awa_Deva""]]"
L1,106895,anp_Deva,0.980065643787384,0.01969262771308422,"[[0.980065643787384, ""anp_Deva""], [0.01969262771308422, ""hin_Deva""], [0.00025612107128836215, ""awa_Deva""], [2.524078263377305e-05, ""new_Deva""], [1.01656687547802e-05, ""bho_Deva""]]"
L1,106917,hin_Deva,0.8697386980056763,0.8697386980056763,"[[0.8697386980056763, ""hin_Deva""], [0.1296381950378418, ""anp_Deva""], [0.00046774366637691855, ""new_Deva""], [9.372607746627182e-05, ""mai_Deva""], [8.665939094498754e-05, ""awa_Deva""]]"
L1,106997,anp_Deva,0.49583935737609863,0.4791930615901947,"[[0.49583935737609863, ""anp_Deva""], [0.4791930615901947, ""hin_Deva""], [0.014569359831511974, ""new_Deva""], [0.006091525312513113, ""mag_Deva""], [0.002603406785055995, ""awa_Deva""]]"
L1,107182,anp_Deva,0.8298212289810181,0.13995148241519928,"[[0.8298212289810181, ""anp_Deva""], [0.13995148241519928, ""hin_Deva""], [0.02120310440659523, ""awa_Deva""], [0.0065852561965584755, ""mag_Deva""], [0.001200821832753718, ""hne_Deva""]]"
L1,107369,hin_Deva,0.9894104599952698,0.9894104599952698,"[[0.9894104599952698, ""hin_Deva""], [0.009414161555469036, ""anp_Deva""], [0.001138429855927825, ""awa_Deva""], [4.1011116991285235e-05, ""mai_Deva""], [2.894496537919622e-05, ""sck_Deva""]]"
L1,107408,hin_Deva,0.6796740889549255,0.6796740889549255,"[[0.6796740889549255, ""hin_Deva""], [0.3110274076461792, ""anp_Deva""], [0.006644859444350004, ""new_Deva""], [0.0013710808707401156, ""mag_Deva""], [0.001331886975094676, ""awa_Deva""]]"
L1,107414,anp_Deva,0.998356819152832,0.0016268809558823705,"[[0.998356819152832, ""anp_Deva""], [0.0016268809558823705, ""hin_Deva""], [4.10610118706245e-05, ""awa_Deva""], [1.5164797332545277e-05, ""new_Deva""], [1.0106924491992686e-05, ""mag_Deva""]]"
L1,107496,hin_Deva,0.8518856763839722,0.8518856763839722,"[[0.8518856763839722, ""hin_Deva""], [0.1426861435174942, ""anp_Deva""], [0.0024865216109901667, ""awa_Deva""], [0.0013247214956209064, ""bho_Deva""], [0.0009647476254031062, ""sck_Deva""]]"
L1,107848,anp_Deva,0.999799907207489,0.00021365009888540953,"[[0.999799907207489, ""anp_Deva""], [0.00021365009888540953, ""hin_Deva""], [1.4925005416444037e-05, ""sck_Deva""], [1.1299103789497167e-05, ""new_Deva""], [1.0081222171720583e-05, ""brx_Deva""]]"
L1,107859,anp_Deva,0.9555929899215698,0.04307301342487335,"[[0.9555929899215698, ""anp_Deva""], [0.04307301342487335, ""hin_Deva""], [0.0007119483780115843, ""new_Deva""], [0.0003456210542935878, ""mag_Deva""], [0.0002172871318180114, ""awa_Deva""]]"
L1,107975,hin_Deva,0.9884719848632812,0.9884719848632812,"[[0.9884719848632812, ""hin_Deva""], [0.005638827569782734, ""anp_Deva""], [0.0037707150913774967, ""sck_Deva""], [0.0011936259688809514, ""awa_Deva""], [0.0003541424812283367, ""mag_Deva""]]"
L1,108081,hin_Deva,0.5893498063087463,0.5893498063087463,"[[0.5893498063087463, ""hin_Deva""], [0.30643969774246216, ""anp_Deva""], [0.06947289407253265, ""awa_Deva""], [0.03150841221213341, ""new_Deva""], [0.003154959762468934, ""mai_Deva""]]"
L1,108154,anp_Deva,0.9729261994361877,0.02666318789124489,"[[0.9729261994361877, ""anp_Deva""], [0.02666318789124489, ""hin_Deva""], [0.0002794714237097651, ""awa_Deva""], [0.0001122567628044635, ""new_Deva""], [5.3935247706249356e-05, ""mag_Deva""]]"
L1,108641,anp_Deva,0.9003106355667114,0.0848505049943924,"[[0.9003106355667114, ""anp_Deva""], [0.0848505049943924, ""hin_Deva""], [0.005983177572488785, ""bho_Deva""], [0.005041005555540323, ""new_Deva""], [0.003179060062393546, ""awa_Deva""]]"
L1,109076,anp_Deva,0.9514833688735962,0.04798601567745209,"[[0.9514833688735962, ""anp_Deva""], [0.04798601567745209, ""hin_Deva""], [0.0003123702190350741, ""awa_Deva""], [0.0002242245536763221, ""mai_Deva""], [3.305505379103124e-05, ""new_Deva""]]"
L1,109182,anp_Deva,0.6018055081367493,0.3957361876964569,"[[0.6018055081367493, ""anp_Deva""], [0.3957361876964569, ""hin_Deva""], [0.0013216431252658367, ""awa_Deva""], [0.001008195336908102, ""mai_Deva""], [0.0001323466276517138, ""new_Deva""]]"
L1,109307,anp_Deva,0.8807181715965271,0.11782710999250412,"[[0.8807181715965271, ""anp_Deva""], [0.11782710999250412, ""hin_Deva""], [0.0010257933754473925, ""awa_Deva""], [0.0003917114809155464, ""mai_Deva""], [6.11040522926487e-05, ""new_Deva""]]"
L1,109491,anp_Deva,0.8215591907501221,0.17761097848415375,"[[0.8215591907501221, ""anp_Deva""], [0.17761097848415375, ""hin_Deva""], [0.0004130339657422155, ""awa_Deva""], [0.00034688226878643036, ""mai_Deva""], [8.748845721129328e-05, ""new_Deva""]]"
L1,110163,anp_Deva,0.5148296356201172,0.47738972306251526,"[[0.5148296356201172, ""anp_Deva""], [0.47738972306251526, ""hin_Deva""], [0.004922643769532442, ""awa_Deva""], [0.0028908264357596636, ""new_Deva""], [1.2622263056982774e-05, ""bho_Deva""]]"
L1,110986,anp_Deva,0.9933064579963684,0.006707170512527227,"[[0.9933064579963684, ""anp_Deva""], [0.006707170512527227, ""hin_Deva""], [1.2354940736258868e-05, ""doi_Deva""], [1.2055325896653812e-05, ""new_Deva""], [1.1472607184259687e-05, ""awa_Deva""]]"
L1,111154,anp_Deva,0.9725411534309387,0.025070825591683388,"[[0.9725411534309387, ""anp_Deva""], [0.025070825591683388, ""hin_Deva""], [0.0023750471882522106, ""awa_Deva""], [2.4333970941370353e-05, ""new_Deva""], [1.9262664864072576e-05, ""hne_Deva""]]"
L1,111281,hin_Deva,0.5468987226486206,0.5468987226486206,"[[0.5468987226486206, ""hin_Deva""], [0.4452434778213501, ""anp_Deva""], [0.005834313575178385, ""awa_Deva""], [0.0013300280552357435, ""new_Deva""], [0.00024033791851252317, ""mag_Deva""]]"
L1,111384,anp_Deva,0.9999521970748901,6.57582058920525e-05,"[[0.9999521970748901, ""anp_Deva""], [6.57582058920525e-05, ""hin_Deva""], [1.1350555723765865e-05, ""new_Deva""], [1.036125649989117e-05, ""awa_Deva""], [1.0242732059850823e-05, ""mag_Deva""]]"
L1,111570,anp_Deva,0.7677844762802124,0.18840937316417694,"[[0.7677844762802124, ""anp_Deva""], [0.18840937316417694, ""hin_Deva""], [0.03989291191101074, ""awa_Deva""], [0.003328836290165782, ""mag_Deva""], [0.0003096979344263673, ""new_Deva""]]"
L1,111854,anp_Deva,0.9950911998748779,0.0046583060175180435,"[[0.9950911998748779, ""anp_Deva""], [0.0046583060175180435, ""hin_Deva""], [0.00013256123929750174, ""new_Deva""], [0.00012912851525470614, ""awa_Deva""], [3.7498313758987933e-05, ""bho_Deva""]]"
L1,112107,anp_Deva,0.9999725818634033,4.3857828131876886e-05,"[[0.9999725818634033, ""anp_Deva""], [4.3857828131876886e-05, ""hin_Deva""], [1.280734795727767e-05, ""new_Deva""], [1.0261015631840564e-05, ""npi_Deva""], [1.0234940418740734e-05, ""awa_Deva""]]"
L1,112211,anp_Deva,0.8927901983261108,0.10275597870349884,"[[0.8927901983261108, ""anp_Deva""], [0.10275597870349884, ""hin_Deva""], [0.0035682476591318846, ""awa_Deva""], [0.0005194211262278259, ""bho_Deva""], [0.00017687250510789454, ""mag_Deva""]]"
L1,112531,hin_Deva,0.6823550462722778,0.6823550462722778,"[[0.6823550462722778, ""hin_Deva""], [0.3117769956588745, ""anp_Deva""], [0.002551000565290451, ""mag_Deva""], [0.0019600822124630213, ""sck_Deva""], [0.0009613768779672682, ""awa_Deva""]]"
L1,112934,hin_Deva,0.8780453205108643,0.8780453205108643,"[[0.8780453205108643, ""hin_Deva""], [0.11753945797681808, ""anp_Deva""], [0.0026781619526445866, ""new_Deva""], [0.0008095871307887137, ""awa_Deva""], [0.0005580821307376027, ""mai_Deva""]]"
L1,112941,hin_Deva,0.5699556469917297,0.5699556469917297,"[[0.5699556469917297, ""hin_Deva""], [0.3879370391368866, ""anp_Deva""], [0.04026154428720474, ""new_Deva""], [0.0014952936908230186, ""awa_Deva""], [0.0002882138651330024, ""mai_Deva""]]"
L1,112999,anp_Deva,0.9997074604034424,0.00030348575091920793,"[[0.9997074604034424, ""anp_Deva""], [0.00030348575091920793, ""hin_Deva""], [1.794517447706312e-05, ""new_Deva""], [1.0919679880316835e-05, ""awa_Deva""], [1.0117049896507524e-05, ""mai_Deva""]]"
L1,113167,anp_Deva,0.5743851065635681,0.41487133502960205,"[[0.5743851065635681, ""anp_Deva""], [0.41487133502960205, ""hin_Deva""], [0.006635262630879879, ""mag_Deva""], [0.0033258534967899323, ""hne_Deva""], [0.0006225084071047604, ""new_Deva""]]"
L1,113506,hin_Deva,0.8501533269882202,0.8501533269882202,"[[0.8501533269882202, ""hin_Deva""], [0.09552924335002899, ""anp_Deva""], [0.04398765414953232, ""bho_Deva""], [0.006258382927626371, ""new_Deva""], [0.003533532377332449, ""mai_Deva""]]"
L1,114020,hin_Deva,0.7823964953422546,0.7823964953422546,"[[0.7823964953422546, ""hin_Deva""], [0.19156551361083984, ""anp_Deva""], [0.018097491934895515, ""new_Deva""], [0.0036132987588644028, ""mai_Deva""], [0.002442762954160571, ""mag_Deva""]]"
L1,114139,hin_Deva,0.9991442561149597,0.9991442561149597,"[[0.9991442561149597, ""hin_Deva""], [0.0006077404250390828, ""new_Deva""], [0.00013490133278537542, ""awa_Deva""], [0.0001255965034943074, ""anp_Deva""], [1.8780447135213763e-05, ""mup_Deva""]]"
L1,114607,anp_Deva,0.9668088555335999,0.033107247203588486,"[[0.9668088555335999, ""anp_Deva""], [0.033107247203588486, ""hin_Deva""], [6.021532681188546e-05, ""new_Deva""], [5.762232467532158e-05, ""awa_Deva""], [1.212256211147178e-05, ""brx_Deva""]]"
L1,114766,hin_Deva,0.9810640215873718,0.9810640215873718,"[[0.9810640215873718, ""hin_Deva""], [0.010202295146882534, ""new_Deva""], [0.006769565399736166, ""anp_Deva""], [0.0018236065516248345, ""awa_Deva""], [0.0001220664125867188, ""mai_Deva""]]"
L1,115042,hin_Deva,0.9660543203353882,0.9660543203353882,"[[0.9660543203353882, ""hin_Deva""], [0.027787892147898674, ""anp_Deva""], [0.003715602681040764, ""awa_Deva""], [0.0018803899874910712, ""new_Deva""], [0.0005239322199486196, ""mai_Deva""]]"
L1,115294,hin_Deva,0.6950858235359192,0.6950858235359192,"[[0.6950858235359192, ""hin_Deva""], [0.27263370156288147, ""anp_Deva""], [0.019648926332592964, ""new_Deva""], [0.012664859183132648, ""awa_Deva""], [1.2737892575387377e-05, ""mai_Deva""]]"
L1,115442,hin_Deva,0.45201820135116577,0.45201820135116577,"[[0.45201820135116577, ""hin_Deva""], [0.4014352262020111, ""anp_Deva""], [0.09780596196651459, ""awa_Deva""], [0.04426700994372368, ""new_Deva""], [0.004035511054098606, ""mai_Deva""]]"
L1,115524,anp_Deva,1.0000090599060059,1.074145984603092e-05,"[[1.0000090599060059, ""anp_Deva""], [1.074145984603092e-05, ""hin_Deva""], [1.0148030014534015e-05, ""awa_Deva""], [1.004037676466396e-05, ""new_Deva""], [1.002872159006074e-05, ""mai_Deva""]]"
L1,115636,anp_Deva,0.9759580492973328,0.007874724455177784,"[[0.9759580492973328, ""anp_Deva""], [0.015026336535811424, ""awa_Deva""], [0.007874724455177784, ""hin_Deva""], [0.0006600103224627674, ""doi_Deva""], [0.0004869266413152218, ""new_Deva""]]"
L1,115869,hin_Deva,0.8683079481124878,0.8683079481124878,"[[0.8683079481124878, ""hin_Deva""], [0.12649168074131012, ""anp_Deva""], [0.0036465469747781754, ""awa_Deva""], [0.000849024043418467, ""new_Deva""], [0.0003905300109181553, ""mai_Deva""]]"
L1,116106,anp_Deva,0.9100168943405151,0.08754181861877441,"[[0.9100168943405151, ""anp_Deva""], [0.08754181861877441, ""hin_Deva""], [0.0024086383637040854, ""new_Deva""], [5.6116794439731166e-05, ""awa_Deva""], [1.9939092453569174e-05, ""mag_Deva""]]"
L1,116144,anp_Deva,0.8428264260292053,0.15382885932922363,"[[0.8428264260292053, ""anp_Deva""], [0.15382885932922363, ""hin_Deva""], [0.0025122773367911577, ""awa_Deva""], [0.000825528462883085, ""new_Deva""], [2.9212769732112065e-05, ""mai_Deva""]]"
L1,116414,anp_Deva,0.9982430934906006,0.0017555634258314967,"[[0.9982430934906006, ""anp_Deva""], [0.0017555634258314967, ""hin_Deva""], [1.9511766367941163e-05, ""awa_Deva""], [1.7136115275206976e-05, ""mai_Deva""], [1.4289277714851778e-05, ""new_Deva""]]"
L1,116660,anp_Deva,0.9869903922080994,0.012699322775006294,"[[0.9869903922080994, ""anp_Deva""], [0.012699322775006294, ""hin_Deva""], [0.0003290683380328119, ""awa_Deva""], [2.065321314148605e-05, ""new_Deva""], [1.0263873264193535e-05, ""mag_Deva""]]"
L1,116666,anp_Deva,0.8561757206916809,0.08317776769399643,"[[0.8561757206916809, ""anp_Deva""], [0.08317776769399643, ""hin_Deva""], [0.052161287516355515, ""awa_Deva""], [0.004400471691042185, ""mai_Deva""], [0.0024040155112743378, ""bho_Deva""]]"
L1,117139,anp_Deva,0.8706566691398621,0.12678496539592743,"[[0.8706566691398621, ""anp_Deva""], [0.12678496539592743, ""hin_Deva""], [0.0017002786044031382, ""awa_Deva""], [0.0005889700260013342, ""new_Deva""], [0.00017717875016387552, ""mai_Deva""]]"
L1,117224,hin_Deva,0.7268410921096802,0.7268410921096802,"[[0.7268410921096802, ""hin_Deva""], [0.2717193365097046, ""anp_Deva""], [0.0009114472777582705, ""awa_Deva""], [0.00032931604073382914, ""mag_Deva""], [0.00013047856919001788, ""new_Deva""]]"
L1,117399,anp_Deva,0.9803478717803955,0.018925057724118233,"[[0.9803478717803955, ""anp_Deva""], [0.018925057724118233, ""hin_Deva""], [0.0007440938497893512, ""awa_Deva""], [2.207586840086151e-05, ""new_Deva""], [1.020497984427493e-05, ""bho_Deva""]]"
L1,117431,anp_Deva,0.9985142946243286,0.0013810477685183287,"[[0.9985142946243286, ""anp_Deva""], [0.0013810477685183287, ""hin_Deva""], [0.00012771690671797842, ""awa_Deva""], [1.673909355304204e-05, ""new_Deva""], [1.009961124509573e-05, ""blk_Mymr""]]"
L1,117463,hin_Deva,0.5193232297897339,0.5193232297897339,"[[0.5193232297897339, ""hin_Deva""], [0.4411162734031677, ""anp_Deva""], [0.02779579535126686, ""mai_Deva""], [0.008851797319948673, ""awa_Deva""], [0.001168705872260034, ""new_Deva""]]"
L1,117655,hin_Deva,0.8958837985992432,0.8958837985992432,"[[0.8958837985992432, ""hin_Deva""], [0.09344920516014099, ""anp_Deva""], [0.005298145581036806, ""mai_Deva""], [0.00423957547172904, ""awa_Deva""], [0.00044047521078027785, ""mag_Deva""]]"
L1,117983,anp_Deva,0.5827840566635132,0.2929510772228241,"[[0.5827840566635132, ""anp_Deva""], [0.2929510772228241, ""hin_Deva""], [0.12012528628110886, ""new_Deva""], [0.0040115597657859325, ""awa_Deva""], [8.833303581923246e-05, ""bho_Deva""]]"
L1,117999,anp_Deva,0.7382460832595825,0.26045000553131104,"[[0.7382460832595825, ""anp_Deva""], [0.26045000553131104, ""hin_Deva""], [0.001106849405914545, ""new_Deva""], [0.0001040757997543551, ""bho_Deva""], [0.00010323347669327632, ""awa_Deva""]]"
L1,118029,hin_Deva,0.9756203889846802,0.9756203889846802,"[[0.9756203889846802, ""hin_Deva""], [0.019549494609236717, ""anp_Deva""], [0.0013515966711565852, ""new_Deva""], [0.00122652028221637, ""awa_Deva""], [0.0011921543627977371, ""bho_Deva""]]"
L1,118115,hin_Deva,0.909827470779419,0.909827470779419,"[[0.909827470779419, ""hin_Deva""], [0.07557529211044312, ""anp_Deva""], [0.011237046681344509, ""new_Deva""], [0.0013178458902984858, ""mag_Deva""], [0.0007815942517481744, ""bho_Deva""]]"
L1,118292,anp_Deva,0.7291775345802307,0.2438744306564331,"[[0.7291775345802307, ""anp_Deva""], [0.2438744306564331, ""hin_Deva""], [0.01057958509773016, ""mai_Deva""], [0.006150913890451193, ""awa_Deva""], [0.005714114755392075, ""mag_Deva""]]"
L1,118405,anp_Deva,0.8674491047859192,0.09880854934453964,"[[0.8674491047859192, ""anp_Deva""], [0.09880854934453964, ""hin_Deva""], [0.032207537442445755, ""awa_Deva""], [0.0008966258028522134, ""new_Deva""], [0.0004758716095238924, ""mag_Deva""]]"
L1,118974,hin_Deva,0.6743913888931274,0.6743913888931274,"[[0.6743913888931274, ""hin_Deva""], [0.29090550541877747, ""anp_Deva""], [0.0251634418964386, ""bho_Deva""], [0.006288695149123669, ""new_Deva""], [0.001899187220260501, ""mai_Deva""]]"
L1,119071,hin_Deva,0.5498195886611938,0.5498195886611938,"[[0.5498195886611938, ""hin_Deva""], [0.3386816680431366, ""mup_Deva""], [0.1053725928068161, ""anp_Deva""], [0.0023686515633016825, ""mag_Deva""], [0.0005865740240551531, ""new_Deva""]]"
L1,119295,anp_Deva,0.999492883682251,0.00048373971367254853,"[[0.999492883682251, ""anp_Deva""], [0.00048373971367254853, ""hin_Deva""], [4.578987864078954e-05, ""new_Deva""], [1.7578962797415443e-05, ""awa_Deva""], [1.0011921403929591e-05, ""mup_Deva""]]"
L1,119381,anp_Deva,0.9758131504058838,0.024144114926457405,"[[0.9758131504058838, ""anp_Deva""], [0.024144114926457405, ""hin_Deva""], [6.915272388141602e-05, ""new_Deva""], [1.279290700040292e-05, ""awa_Deva""], [1.0518412636884023e-05, ""sck_Deva""]]"
L1,119402,hin_Deva,0.9846913814544678,0.9846913814544678,"[[0.9846913814544678, ""hin_Deva""], [0.0080337543040514, ""new_Deva""], [0.003394902916625142, ""anp_Deva""], [0.002963852835819125, ""awa_Deva""], [0.0007581455865874887, ""mai_Deva""]]"
L1,119522,hin_Deva,0.9852078557014465,0.9852078557014465,"[[0.9852078557014465, ""hin_Deva""], [0.008160917088389397, ""anp_Deva""], [0.004511646926403046, ""new_Deva""], [0.0010470638517290354, ""mai_Deva""], [0.0007008410757407546, ""awa_Deva""]]"
L1,120288,anp_Deva,0.611005425453186,0.38556140661239624,"[[0.611005425453186, ""anp_Deva""], [0.38556140661239624, ""hin_Deva""], [0.002423517405986786, ""mai_Deva""], [0.0004910518182441592, ""awa_Deva""], [0.0004316200502216816, ""new_Deva""]]"
L1,120416,anp_Deva,0.5320869088172913,0.445261687040329,"[[0.5320869088172913, ""anp_Deva""], [0.445261687040329, ""hin_Deva""], [0.014308732002973557, ""new_Deva""], [0.0061285002157092094, ""awa_Deva""], [0.0019141986267641187, ""mag_Deva""]]"
L1,120936,hin_Deva,0.8838480710983276,0.8838480710983276,"[[0.8838480710983276, ""hin_Deva""], [0.08641472458839417, ""anp_Deva""], [0.02014603093266487, ""awa_Deva""], [0.009461617097258568, ""new_Deva""], [9.56865624175407e-05, ""mup_Deva""]]"
L1,120973,hin_Deva,0.7980201840400696,0.7980201840400696,"[[0.7980201840400696, ""hin_Deva""], [0.0936623141169548, ""awa_Deva""], [0.08259342610836029, ""anp_Deva""], [0.014529176987707615, ""new_Deva""], [0.005876000504940748, ""bho_Deva""]]"
L1,121108,anp_Deva,0.6923583745956421,0.16777928173542023,"[[0.6923583745956421, ""anp_Deva""], [0.16777928173542023, ""hin_Deva""], [0.10387558490037918, ""new_Deva""], [0.031351201236248016, ""awa_Deva""], [0.0021184186916798353, ""sck_Deva""]]"
L1,121228,hin_Deva,0.8394736051559448,0.8394736051559448,"[[0.8394736051559448, ""hin_Deva""], [0.13302865624427795, ""anp_Deva""], [0.018856169655919075, ""awa_Deva""], [0.0075291418470442295, ""new_Deva""], [0.000989304855465889, ""mai_Deva""]]"
L1,121261,hin_Deva,0.94932621717453,0.94932621717453,"[[0.94932621717453, ""hin_Deva""], [0.02706652693450451, ""bho_Deva""], [0.009785346686840057, ""anp_Deva""], [0.0075708674266934395, ""awa_Deva""], [0.0026004042010754347, ""mag_Deva""]]"
L1,121668,hin_Deva,0.6466965079307556,0.6466965079307556,"[[0.6466965079307556, ""hin_Deva""], [0.331157386302948, ""anp_Deva""], [0.019514229148626328, ""new_Deva""], [0.001330310944467783, ""awa_Deva""], [0.001023637130856514, ""bho_Deva""]]"
L1,121682,anp_Deva,0.9997934699058533,0.00021031529468018562,"[[0.9997934699058533, ""anp_Deva""], [0.00021031529468018562, ""hin_Deva""], [2.482875788700767e-05, ""awa_Deva""], [1.1395828551030718e-05, ""new_Deva""], [1.0018273314926773e-05, ""mup_Deva""]]"
L1,121773,anp_Deva,0.9985044002532959,0.0014424917753785849,"[[0.9985044002532959, ""anp_Deva""], [0.0014424917753785849, ""hin_Deva""], [4.7499062930000946e-05, ""awa_Deva""], [3.341240153531544e-05, ""new_Deva""], [1.9787756173172966e-05, ""mai_Deva""]]"
L1,121940,anp_Deva,0.9993034601211548,0.0004869791155215353,"[[0.9993034601211548, ""anp_Deva""], [0.0004869791155215353, ""hin_Deva""], [0.00019025389337912202, ""awa_Deva""], [5.105288801132701e-05, ""new_Deva""], [1.52417578647146e-05, ""mag_Deva""]]"
L1,121944,anp_Deva,1.0000094175338745,1.0088107956107706e-05,"[[1.0000094175338745, ""anp_Deva""], [1.047216028382536e-05, ""awa_Deva""], [1.0088107956107706e-05, ""hin_Deva""], [1.0003494026022963e-05, ""new_Deva""], [1.0000022484746296e-05, ""mar_Deva""]]"
L1,122091,hin_Deva,0.988595187664032,0.988595187664032,"[[0.988595187664032, ""hin_Deva""], [0.010154222138226032, ""anp_Deva""], [0.0004130851593799889, ""awa_Deva""], [0.000277776678558439, ""bho_Deva""], [0.0002750313142314553, ""mai_Deva""]]"
L1,122216,hin_Deva,0.9910212755203247,0.9910212755203247,"[[0.9910212755203247, ""hin_Deva""], [0.00282418355345726, ""new_Deva""], [0.0022383902687579393, ""mai_Deva""], [0.0019217922817915678, ""bho_Deva""], [0.0010580613743513823, ""anp_Deva""]]"
L1,122283,anp_Deva,0.803984522819519,0.19427962601184845,"[[0.803984522819519, ""anp_Deva""], [0.19427962601184845, ""hin_Deva""], [0.0006608476978726685, ""new_Deva""], [0.0004270058707334101, ""mai_Deva""], [0.00031771959038451314, ""bho_Deva""]]"
L1,122313,anp_Deva,0.9046791791915894,0.0944877490401268,"[[0.9046791791915894, ""anp_Deva""], [0.0944877490401268, ""hin_Deva""], [0.0008458769298158586, ""awa_Deva""], [2.02990704565309e-05, ""mai_Deva""], [1.616522786207497e-05, ""new_Deva""]]"
L1,122318,hin_Deva,0.7414886355400085,0.7414886355400085,"[[0.7414886355400085, ""hin_Deva""], [0.24932490289211273, ""anp_Deva""], [0.003210530150681734, ""new_Deva""], [0.0024321710225194693, ""mai_Deva""], [0.0017563429428264499, ""bho_Deva""]]"
L1,122351,anp_Deva,0.9614081978797913,0.03740352764725685,"[[0.9614081978797913, ""anp_Deva""], [0.03740352764725685, ""hin_Deva""], [0.0007997862994670868, ""new_Deva""], [0.00024312132154591382, ""mai_Deva""], [0.00011338703916408122, ""awa_Deva""]]"
L1,122370,hin_Deva,0.9991384148597717,0.9991384148597717,"[[0.9991384148597717, ""hin_Deva""], [0.0004232693463563919, ""mai_Deva""], [0.0001620682014618069, ""bho_Deva""], [0.00014554269728250802, ""awa_Deva""], [0.00010099192877532914, ""anp_Deva""]]"
L1,122764,hin_Deva,0.6346558928489685,0.6346558928489685,"[[0.6346558928489685, ""hin_Deva""], [0.27553868293762207, ""anp_Deva""], [0.05439494922757149, ""new_Deva""], [0.031843192875385284, ""awa_Deva""], [0.0029085050337016582, ""mai_Deva""]]"
L1,122771,hin_Deva,0.9569060206413269,0.9569060206413269,"[[0.9569060206413269, ""hin_Deva""], [0.03273782134056091, ""anp_Deva""], [0.0029874518513679504, ""awa_Deva""], [0.0027604326605796814, ""mai_Deva""], [0.002485037548467517, ""new_Deva""]]"
L1,123209,hin_Deva,0.9337792992591858,0.9337792992591858,"[[0.9337792992591858, ""hin_Deva""], [0.038525618612766266, ""awa_Deva""], [0.024820178747177124, ""anp_Deva""], [0.0023622785229235888, ""new_Deva""], [0.00019917095778509974, ""bho_Deva""]]"
L1,123283,anp_Deva,0.653501570224762,0.32192930579185486,"[[0.653501570224762, ""anp_Deva""], [0.32192930579185486, ""hin_Deva""], [0.008709457702934742, ""bho_Deva""], [0.00503606116399169, ""kas_Deva""], [0.003948543220758438, ""awa_Deva""]]"
L1,123523,awa_Deva,0.4486854672431946,0.12202562391757965,"[[0.4486854672431946, ""awa_Deva""], [0.419809490442276, ""anp_Deva""], [0.12202562391757965, ""hin_Deva""], [0.0070851463824510574, ""new_Deva""], [0.001785735017620027, ""bho_Deva""]]"
L1,123595,hin_Deva,0.6299734115600586,0.6299734115600586,"[[0.6299734115600586, ""hin_Deva""], [0.2743082344532013, ""anp_Deva""], [0.08133774995803833, ""awa_Deva""], [0.009785011410713196, ""mag_Deva""], [0.0020433184690773487, ""bho_Deva""]]"
L1,123899,hin_Deva,0.6797848343849182,0.6797848343849182,"[[0.6797848343849182, ""hin_Deva""], [0.2648957669734955, ""anp_Deva""], [0.0370362214744091, ""awa_Deva""], [0.007052948698401451, ""new_Deva""], [0.004660181235522032, ""bho_Deva""]]"
L1,124173,hin_Deva,0.6874751448631287,0.6874751448631287,"[[0.6874751448631287, ""hin_Deva""], [0.2556944489479065, ""new_Deva""], [0.041923657059669495, ""mai_Deva""], [0.004917832091450691, ""npi_Deva""], [0.0031859285663813353, ""bho_Deva""]]"
L1,124412,anp_Deva,0.6742874979972839,0.09780829399824142,"[[0.6742874979972839, ""anp_Deva""], [0.22420281171798706, ""awa_Deva""], [0.09780829399824142, ""hin_Deva""], [0.0013745410833507776, ""new_Deva""], [0.0010790039086714387, ""bho_Deva""]]"
L1,124580,hin_Deva,0.899535059928894,0.899535059928894,"[[0.899535059928894, ""hin_Deva""], [0.07480386644601822, ""anp_Deva""], [0.024039989337325096, ""awa_Deva""], [0.0014244664926081896, ""sck_Deva""], [0.00018293938774149865, ""doi_Deva""]]"
L1,124725,hin_Deva,0.5895237922668457,0.5895237922668457,"[[0.5895237922668457, ""hin_Deva""], [0.39710044860839844, ""anp_Deva""], [0.00452367402613163, ""new_Deva""], [0.004004289861768484, ""mai_Deva""], [0.0015377190429717302, ""awa_Deva""]]"
L1,124899,anp_Deva,0.7216520309448242,0.25224971771240234,"[[0.7216520309448242, ""anp_Deva""], [0.25224971771240234, ""hin_Deva""], [0.016843445599079132, ""new_Deva""], [0.005879531614482403, ""mai_Deva""], [0.002434181747958064, ""awa_Deva""]]"
L1,124921,hin_Deva,0.9328511953353882,0.9328511953353882,"[[0.9328511953353882, ""hin_Deva""], [0.036952994763851166, ""mai_Deva""], [0.012112925760447979, ""anp_Deva""], [0.010651854798197746, ""bho_Deva""], [0.003335998160764575, ""awa_Deva""]]"
L1,125096,hin_Deva,0.836429238319397,0.836429238319397,"[[0.836429238319397, ""hin_Deva""], [0.11171682178974152, ""anp_Deva""], [0.048780664801597595, ""new_Deva""], [0.0014072092017158866, ""awa_Deva""], [0.0005462649860419333, ""bho_Deva""]]"
L1,125398,anp_Deva,0.6854537129402161,0.3124380111694336,"[[0.6854537129402161, ""anp_Deva""], [0.3124380111694336, ""hin_Deva""], [0.0012806218583136797, ""new_Deva""], [0.0006591881974600255, ""awa_Deva""], [0.00011326080857543275, ""mai_Deva""]]"
L1,125513,anp_Deva,0.8813481330871582,0.11685337871313095,"[[0.8813481330871582, ""anp_Deva""], [0.11685337871313095, ""hin_Deva""], [0.0010346504859626293, ""awa_Deva""], [0.0005779734347015619, ""new_Deva""], [0.0001437826140318066, ""sck_Deva""]]"
L1,126018,hin_Deva,0.9944424033164978,0.9944424033164978,"[[0.9944424033164978, ""hin_Deva""], [0.0036521346773952246, ""anp_Deva""], [0.0009530629613436759, ""new_Deva""], [0.000356689328327775, ""awa_Deva""], [0.0003526529762893915, ""mup_Deva""]]"
L1,126021,hin_Deva,0.9899252653121948,0.9899252653121948,"[[0.9899252653121948, ""hin_Deva""], [0.00521319592371583, ""anp_Deva""], [0.0020993296056985855, ""mai_Deva""], [0.001293800538405776, ""awa_Deva""], [0.0007901881472207606, ""bho_Deva""]]"
L1,126027,anp_Deva,0.6639712452888489,0.22859127819538116,"[[0.6639712452888489, ""anp_Deva""], [0.22859127819538116, ""hin_Deva""], [0.08772975951433182, ""new_Deva""], [0.019473547115921974, ""kas_Deva""], [0.0001244782324647531, ""thl_Deva""]]"
L1,126112,hin_Deva,0.5084972381591797,0.5084972381591797,"[[0.5084972381591797, ""hin_Deva""], [0.29870226979255676, ""awa_Deva""], [0.18369896709918976, ""anp_Deva""], [0.007696925662457943, ""new_Deva""], [0.0009498847648501396, ""mai_Deva""]]"
L1,126327,hin_Deva,0.5294702649116516,0.5294702649116516,"[[0.5294702649116516, ""hin_Deva""], [0.41854405403137207, ""anp_Deva""], [0.039408162236213684, ""new_Deva""], [0.008469242602586746, ""awa_Deva""], [0.0033625795040279627, ""bho_Deva""]]"
L1,126378,anp_Deva,0.5491530299186707,0.43962404131889343,"[[0.5491530299186707, ""anp_Deva""], [0.43962404131889343, ""hin_Deva""], [0.010828190483152866, ""awa_Deva""], [0.00024018761178012937, ""bho_Deva""], [0.00017913123883772641, ""new_Deva""]]"
L1,126648,anp_Deva,0.9853137731552124,0.014574243687093258,"[[0.9853137731552124, ""anp_Deva""], [0.014574243687093258, ""hin_Deva""], [6.714987830491737e-05, ""new_Deva""], [3.578837640816346e-05, ""mai_Deva""], [3.074788037338294e-05, ""awa_Deva""]]"
L1,126800,anp_Deva,0.6470443606376648,0.3287884294986725,"[[0.6470443606376648, ""anp_Deva""], [0.3287884294986725, ""hin_Deva""], [0.013518893159925938, ""new_Deva""], [0.006160016171634197, ""awa_Deva""], [0.001954504754394293, ""bho_Deva""]]"
L1,127113,hin_Deva,0.8904305100440979,0.8904305100440979,"[[0.8904305100440979, ""hin_Deva""], [0.10201813280582428, ""awa_Deva""], [0.0045588514767587185, ""bho_Deva""], [0.0009787259623408318, ""mar_Deva""], [0.0008208671351894736, ""mai_Deva""]]"
L1,127156,anp_Deva,0.5712854862213135,0.33889034390449524,"[[0.5712854862213135, ""anp_Deva""], [0.33889034390449524, ""hin_Deva""], [0.07493603229522705, ""awa_Deva""], [0.014555645175278187, ""new_Deva""], [0.00024283514358103275, ""bho_Deva""]]"
L1,127290,hin_Deva,0.7564073204994202,0.7564073204994202,"[[0.7564073204994202, ""hin_Deva""], [0.11674460768699646, ""mag_Deva""], [0.10916221886873245, ""anp_Deva""], [0.013938800431787968, ""bho_Deva""], [0.0019663148559629917, ""hne_Deva""]]"
L1,127371,anp_Deva,0.9258228540420532,0.06762770563364029,"[[0.9258228540420532, ""anp_Deva""], [0.06762770563364029, ""hin_Deva""], [0.0037473810371011496, ""awa_Deva""], [0.002410195069387555, ""new_Deva""], [0.00034532847348600626, ""bho_Deva""]]"
L1,127524,anp_Deva,0.7011973261833191,0.2957674264907837,"[[0.7011973261833191, ""anp_Deva""], [0.2957674264907837, ""hin_Deva""], [0.001389102078974247, ""new_Deva""], [0.0012668132549151778, ""mai_Deva""], [0.00035842106444761157, ""awa_Deva""]]"
L1,127567,anp_Deva,1.0000041723251343,1.3048384971625637e-05,"[[1.0000041723251343, ""anp_Deva""], [1.3048384971625637e-05, ""hin_Deva""], [1.2574564607348293e-05, ""awa_Deva""], [1.0127881068910938e-05, ""mai_Deva""], [1.005226749839494e-05, ""new_Deva""]]"
L1,127636,hin_Deva,0.9602364301681519,0.9602364301681519,"[[0.9602364301681519, ""hin_Deva""], [0.024695677682757378, ""mag_Deva""], [0.005819837562739849, ""bho_Deva""], [0.004492392763495445, ""mai_Deva""], [0.003638713387772441, ""anp_Deva""]]"
L1,127763,hin_Deva,0.947660505771637,0.947660505771637,"[[0.947660505771637, ""hin_Deva""], [0.04833327978849411, ""anp_Deva""], [0.0019267406314611435, ""awa_Deva""], [0.0009459442226216197, ""bho_Deva""], [0.0006367604364641011, ""new_Deva""]]"
L1,127955,hin_Deva,0.9153093099594116,0.9153093099594116,"[[0.9153093099594116, ""hin_Deva""], [0.04691134765744209, ""anp_Deva""], [0.03646309673786163, ""awa_Deva""], [0.0011023050174117088, ""new_Deva""], [0.00012626302486751229, ""bho_Deva""]]"
L1,127994,hin_Deva,0.9314282536506653,0.9314282536506653,"[[0.9314282536506653, ""hin_Deva""], [0.054003797471523285, ""awa_Deva""], [0.013084573671221733, ""anp_Deva""], [0.0012041371082887053, ""new_Deva""], [8.929990144679323e-05, ""bho_Deva""]]"
L1,128377,hin_Deva,0.6585472226142883,0.6585472226142883,"[[0.6585472226142883, ""hin_Deva""], [0.24488359689712524, ""anp_Deva""], [0.08395795524120331, ""awa_Deva""], [0.0037314456421881914, ""mai_Deva""], [0.002255237428471446, ""doi_Deva""]]"
L1,128537,hin_Deva,0.7145733833312988,0.7145733833312988,"[[0.7145733833312988, ""hin_Deva""], [0.20083236694335938, ""anp_Deva""], [0.07711677253246307, ""awa_Deva""], [0.005078931804746389, ""bho_Deva""], [0.0013314976822584867, ""mai_Deva""]]"
L1,128547,hin_Deva,0.9549190998077393,0.9549190998077393,"[[0.9549190998077393, ""hin_Deva""], [0.04418691247701645, ""anp_Deva""], [0.0004695710085798055, ""awa_Deva""], [0.00020138519175816327, ""new_Deva""], [0.00019159491057507694, ""bho_Deva""]]"
L1,128793,hin_Deva,0.9048416614532471,0.9048416614532471,"[[0.9048416614532471, ""hin_Deva""], [0.04871010780334473, ""awa_Deva""], [0.04182916507124901, ""anp_Deva""], [0.0025326553732156754, ""new_Deva""], [0.001053887652233243, ""mag_Deva""]]"
L1,128804,hin_Deva,0.9927383661270142,0.9927383661270142,"[[0.9927383661270142, ""hin_Deva""], [0.0032420798670500517, ""new_Deva""], [0.0023015730548650026, ""awa_Deva""], [0.0011836623307317495, ""anp_Deva""], [0.0002611322561278939, ""mai_Deva""]]"
L1,128805,hin_Deva,0.7626323103904724,0.7626323103904724,"[[0.7626323103904724, ""hin_Deva""], [0.18844634294509888, ""anp_Deva""], [0.021018072962760925, ""awa_Deva""], [0.018600374460220337, ""mag_Deva""], [0.007477905601263046, ""mai_Deva""]]"
L1,128931,hin_Deva,0.9468690752983093,0.9468690752983093,"[[0.9468690752983093, ""hin_Deva""], [0.0325353629887104, ""anp_Deva""], [0.017266638576984406, ""awa_Deva""], [0.0013697379035875201, ""mai_Deva""], [0.0009238517377525568, ""new_Deva""]]"
L1,129444,hin_Deva,0.9837695360183716,0.9837695360183716,"[[0.9837695360183716, ""hin_Deva""], [0.01575811766088009, ""anp_Deva""], [0.0003508729860186577, ""awa_Deva""], [8.203846664400771e-05, ""mai_Deva""], [7.294954411918297e-05, ""new_Deva""]]"
L1,129653,hin_Deva,0.974693775177002,0.974693775177002,"[[0.974693775177002, ""hin_Deva""], [0.015915626659989357, ""anp_Deva""], [0.008138292469084263, ""mai_Deva""], [0.0003617684415075928, ""new_Deva""], [0.0003290328604634851, ""kas_Deva""]]"
L1,129809,hin_Deva,0.9884910583496094,0.9884910583496094,"[[0.9884910583496094, ""hin_Deva""], [0.00735446996986866, ""bho_Deva""], [0.0024750069715082645, ""mai_Deva""], [0.0005825990228913724, ""awa_Deva""], [0.0004744846955873072, ""new_Deva""]]"
L1,129994,mai_Deva,0.488199919462204,0.17106693983078003,"[[0.488199919462204, ""mai_Deva""], [0.17106693983078003, ""hin_Deva""], [0.1701720654964447, ""npi_Deva""], [0.052430275827646255, ""mar_Deva""], [0.035720448940992355, ""awa_Deva""]]"
L1,130135,anp_Deva,0.9383344054222107,0.01180188450962305,"[[0.9383344054222107, ""anp_Deva""], [0.04973538964986801, ""awa_Deva""], [0.01180188450962305, ""hin_Deva""], [9.394496737513691e-05, ""doi_Deva""], [7.360363815678284e-05, ""new_Deva""]]"
L1,130152,hin_Deva,0.7991786003112793,0.7991786003112793,"[[0.7991786003112793, ""hin_Deva""], [0.1684003323316574, ""anp_Deva""], [0.010750530287623405, ""mai_Deva""], [0.008566518314182758, ""mag_Deva""], [0.006696369033306837, ""awa_Deva""]]"
L1,130275,anp_Deva,0.8696562647819519,0.12894363701343536,"[[0.8696562647819519, ""anp_Deva""], [0.12894363701343536, ""hin_Deva""], [0.0007492371369153261, ""awa_Deva""], [0.0006209703278727829, ""new_Deva""], [3.826135798590258e-05, ""mai_Deva""]]"
L1,130288,anp_Deva,0.9999774694442749,4.0479895687894896e-05,"[[0.9999774694442749, ""anp_Deva""], [4.0479895687894896e-05, ""hin_Deva""], [1.1443038602010347e-05, ""new_Deva""], [1.0321354238840286e-05, ""mai_Deva""], [1.0234041837975383e-05, ""mag_Deva""]]"
L1,130335,hin_Deva,0.7239485383033752,0.7239485383033752,"[[0.7239485383033752, ""hin_Deva""], [0.20708033442497253, ""anp_Deva""], [0.04710874333977699, ""awa_Deva""], [0.019567955285310745, ""new_Deva""], [0.001111891120672226, ""mai_Deva""]]"
L1,130672,hin_Deva,0.5590483546257019,0.5590483546257019,"[[0.5590483546257019, ""hin_Deva""], [0.43505746126174927, ""anp_Deva""], [0.0038302396424114704, ""new_Deva""], [0.0010482482612133026, ""awa_Deva""], [0.000524143863003701, ""bho_Deva""]]"
L1,130678,anp_Deva,0.9996726512908936,0.00011785844981204718,"[[0.9996726512908936, ""anp_Deva""], [0.00022757015540264547, ""awa_Deva""], [0.00011785844981204718, ""hin_Deva""], [2.0872606910415925e-05, ""new_Deva""], [1.033848548104288e-05, ""mag_Deva""]]"
L1,130711,hin_Deva,0.991446316242218,0.991446316242218,"[[0.991446316242218, ""hin_Deva""], [0.0031566948164254427, ""bho_Deva""], [0.0022224741987884045, ""mar_Deva""], [0.002077947836369276, ""kas_Deva""], [0.00042103836312890053, ""new_Deva""]]"
L1,130715,hin_Deva,0.8692689538002014,0.8692689538002014,"[[0.8692689538002014, ""hin_Deva""], [0.11776141822338104, ""anp_Deva""], [0.006180927157402039, ""mai_Deva""], [0.003335221903398633, ""bho_Deva""], [0.0024358886294066906, ""new_Deva""]]"
L1,130999,hin_Deva,0.7121878862380981,0.7121878862380981,"[[0.7121878862380981, ""hin_Deva""], [0.27376121282577515, ""anp_Deva""], [0.009020820260047913, ""awa_Deva""], [0.0031899067107588053, ""new_Deva""], [0.0012452221708372235, ""mag_Deva""]]"
L1,131303,anp_Deva,0.8165539503097534,0.12943635880947113,"[[0.8165539503097534, ""anp_Deva""], [0.12943635880947113, ""hin_Deva""], [0.05244970694184303, ""awa_Deva""], [0.0015853237127885222, ""new_Deva""], [1.6234022041317075e-05, ""bho_Deva""]]"
L1,131304,anp_Deva,0.923703670501709,0.0720219686627388,"[[0.923703670501709, ""anp_Deva""], [0.0720219686627388, ""hin_Deva""], [0.003683396615087986, ""awa_Deva""], [0.0004306807240936905, ""mai_Deva""], [0.00019602700194809586, ""new_Deva""]]"
L1,131357,anp_Deva,0.6015490293502808,0.35686102509498596,"[[0.6015490293502808, ""anp_Deva""], [0.35686102509498596, ""hin_Deva""], [0.04084901139140129, ""awa_Deva""], [0.0002061508857877925, ""new_Deva""], [0.0001891737774712965, ""mai_Deva""]]"
L1,131535,anp_Deva,0.6821565628051758,0.23980234563350677,"[[0.6821565628051758, ""anp_Deva""], [0.23980234563350677, ""hin_Deva""], [0.07759176939725876, ""awa_Deva""], [0.0002728184044826776, ""bho_Deva""], [0.00017017305071931332, ""new_Deva""]]"
L1,131635,hin_Deva,0.8106881380081177,0.8106881380081177,"[[0.8106881380081177, ""hin_Deva""], [0.18278129398822784, ""anp_Deva""], [0.004479996394366026, ""awa_Deva""], [0.001130622928030789, ""mai_Deva""], [0.00033652951242402196, ""hne_Deva""]]"
L1,131661,anp_Deva,0.8467125296592712,0.1484425812959671,"[[0.8467125296592712, ""anp_Deva""], [0.1484425812959671, ""hin_Deva""], [0.004027909599244595, ""mag_Deva""], [0.0006498834700323641, ""mai_Deva""], [7.23029879736714e-05, ""new_Deva""]]"
L1,131966,anp_Deva,0.9132496118545532,0.08521609753370285,"[[0.9132496118545532, ""anp_Deva""], [0.08521609753370285, ""hin_Deva""], [0.000854749174322933, ""new_Deva""], [0.00043117962195537984, ""mai_Deva""], [0.00017332250718027353, ""bho_Deva""]]"
L1,132198,anp_Deva,0.9629544019699097,0.03661985695362091,"[[0.9629544019699097, ""anp_Deva""], [0.03661985695362091, ""hin_Deva""], [0.0001457370090065524, ""hne_Deva""], [0.00010719228157540783, ""mup_Deva""], [9.528579539619386e-05, ""new_Deva""]]"
L1,132639,hin_Deva,0.5906056761741638,0.5906056761741638,"[[0.5906056761741638, ""hin_Deva""], [0.39151671528816223, ""anp_Deva""], [0.015545614995062351, ""awa_Deva""], [0.0019261675188317895, ""new_Deva""], [0.00016081618377938867, ""hne_Deva""]]"
L1,132704,anp_Deva,0.9999614953994751,5.140091889188625e-05,"[[0.9999614953994751, ""anp_Deva""], [5.140091889188625e-05, ""hin_Deva""], [1.6480096746818163e-05, ""new_Deva""], [1.0314289283996914e-05, ""awa_Deva""], [1.0196681614615954e-05, ""bho_Deva""]]"
L1,132775,anp_Deva,0.8033609986305237,0.19278408586978912,"[[0.8033609986305237, ""anp_Deva""], [0.19278408586978912, ""hin_Deva""], [0.0014327759854495525, ""new_Deva""], [0.0013333738315850496, ""awa_Deva""], [0.0010414465796202421, ""bho_Deva""]]"
L1,132887,hin_Deva,0.930283784866333,0.930283784866333,"[[0.930283784866333, ""hin_Deva""], [0.06562501937150955, ""awa_Deva""], [0.0023468767758458853, ""bho_Deva""], [0.001473496318794787, ""new_Deva""], [0.0002248286036774516, ""anp_Deva""]]"
L1,133102,anp_Deva,0.9803224205970764,0.014883509837090969,"[[0.9803224205970764, ""anp_Deva""], [0.014883509837090969, ""hin_Deva""], [0.0037091467529535294, ""awa_Deva""], [0.0009725024574436247, ""mag_Deva""], [6.721593672409654e-05, ""new_Deva""]]"
L1,133279,hin_Deva,0.6978630423545837,0.6978630423545837,"[[0.6978630423545837, ""hin_Deva""], [0.2946452796459198, ""anp_Deva""], [0.004038157872855663, ""new_Deva""], [0.0030038889963179827, ""awa_Deva""], [0.0001192693380289711, ""hne_Deva""]]"
L1,133559,anp_Deva,0.9913285970687866,0.008582201786339283,"[[0.9913285970687866, ""anp_Deva""], [0.008582201786339283, ""hin_Deva""], [7.214016659418121e-05, ""new_Deva""], [3.310000465717167e-05, ""awa_Deva""], [2.5563485905877315e-05, ""mag_Deva""]]"
L1,133595,anp_Deva,0.7334922552108765,0.16862133145332336,"[[0.7334922552108765, ""anp_Deva""], [0.16862133145332336, ""hin_Deva""], [0.050882548093795776, ""mag_Deva""], [0.026082715019583702, ""mai_Deva""], [0.009216693229973316, ""hne_Deva""]]"
L1,133603,anp_Deva,0.7205240726470947,0.2785712480545044,"[[0.7205240726470947, ""anp_Deva""], [0.2785712480545044, ""hin_Deva""], [0.0006070458912290633, ""awa_Deva""], [0.0001319228467764333, ""new_Deva""], [0.0001245149178430438, ""mai_Deva""]]"
L1,133609,hin_Deva,0.7543950080871582,0.7543950080871582,"[[0.7543950080871582, ""hin_Deva""], [0.23757711052894592, ""anp_Deva""], [0.0034333455841988325, ""new_Deva""], [0.0027862517163157463, ""bho_Deva""], [0.000950970163103193, ""mag_Deva""]]"
L1,133621,anp_Deva,0.8220032453536987,0.16195344924926758,"[[0.8220032453536987, ""anp_Deva""], [0.16195344924926758, ""hin_Deva""], [0.013983683660626411, ""new_Deva""], [0.00201159855350852, ""awa_Deva""], [6.282373942667618e-05, ""mup_Deva""]]"
L1,133737,hin_Deva,0.9939384460449219,0.9939384460449219,"[[0.9939384460449219, ""hin_Deva""], [0.004030558746308088, ""anp_Deva""], [0.0013763925526291132, ""awa_Deva""], [0.00035272177774459124, ""new_Deva""], [0.00022085060481913388, ""mai_Deva""]]"
L1,133781,hin_Deva,0.8145121335983276,0.8145121335983276,"[[0.8145121335983276, ""hin_Deva""], [0.17720068991184235, ""anp_Deva""], [0.0033533629029989243, ""awa_Deva""], [0.0029987397138029337, ""new_Deva""], [0.0008329411502927542, ""bho_Deva""]]"
L1,133847,hin_Deva,0.9457964301109314,0.9457964301109314,"[[0.9457964301109314, ""hin_Deva""], [0.030409643426537514, ""anp_Deva""], [0.009890091605484486, ""bho_Deva""], [0.005268920678645372, ""mai_Deva""], [0.0041124229319393635, ""new_Deva""]]"
L1,133976,hin_Deva,0.6781980991363525,0.6781980991363525,"[[0.6781980991363525, ""hin_Deva""], [0.19174811244010925, ""anp_Deva""], [0.1213269829750061, ""awa_Deva""], [0.00656723789870739, ""mai_Deva""], [0.001076964195817709, ""new_Deva""]]"
L1,134072,hin_Deva,0.8753266930580139,0.8753266930580139,"[[0.8753266930580139, ""hin_Deva""], [0.0657687783241272, ""anp_Deva""], [0.03592221811413765, ""mai_Deva""], [0.010848309844732285, ""bho_Deva""], [0.007957312278449535, ""awa_Deva""]]"
L1,134100,hin_Deva,0.5157892107963562,0.5157892107963562,"[[0.5157892107963562, ""hin_Deva""], [0.39758017659187317, ""anp_Deva""], [0.07753468304872513, ""new_Deva""], [0.006725229322910309, ""awa_Deva""], [0.0015706961276009679, ""mag_Deva""]]"
L1,134125,hin_Deva,0.9293383955955505,0.9293383955955505,"[[0.9293383955955505, ""hin_Deva""], [0.03631329536437988, ""anp_Deva""], [0.025272507220506668, ""awa_Deva""], [0.005353075917810202, ""mag_Deva""], [0.0016071407590061426, ""bho_Deva""]]"
L1,134131,anp_Deva,0.5550693869590759,0.4420846402645111,"[[0.5550693869590759, ""anp_Deva""], [0.4420846402645111, ""hin_Deva""], [0.001008116058073938, ""bho_Deva""], [0.0009404263109900057, ""awa_Deva""], [0.0004875320883002132, ""mag_Deva""]]"
L1,134180,anp_Deva,0.9952518939971924,0.004701241850852966,"[[0.9952518939971924, ""anp_Deva""], [0.004701241850852966, ""hin_Deva""], [5.065399454906583e-05, ""awa_Deva""], [2.539918750699144e-05, ""new_Deva""], [1.947486452991143e-05, ""mai_Deva""]]"
L1,134427,anp_Deva,0.62750643491745,0.3661671578884125,"[[0.62750643491745, ""anp_Deva""], [0.3661671578884125, ""hin_Deva""], [0.005199794191867113, ""awa_Deva""], [0.00047803125926293433, ""mag_Deva""], [0.0003586680977605283, ""mai_Deva""]]"
L1,134472,anp_Deva,0.8023806214332581,0.19667014479637146,"[[0.8023806214332581, ""anp_Deva""], [0.19667014479637146, ""hin_Deva""], [0.0007947385311126709, ""awa_Deva""], [0.0001032790751196444, ""new_Deva""], [8.302435162477195e-05, ""mai_Deva""]]"
L1,134619,hin_Deva,0.8620648384094238,0.8620648384094238,"[[0.8620648384094238, ""hin_Deva""], [0.10807006061077118, ""anp_Deva""], [0.020594952628016472, ""awa_Deva""], [0.0037541540805250406, ""bho_Deva""], [0.0032460461370646954, ""mai_Deva""]]"
L1,134821,hin_Deva,0.9642218351364136,0.9642218351364136,"[[0.9642218351364136, ""hin_Deva""], [0.03130809962749481, ""anp_Deva""], [0.002929216716438532, ""awa_Deva""], [0.0009503699839115143, ""bho_Deva""], [0.00034971797140315175, ""mag_Deva""]]"
L1,134932,hin_Deva,0.9829176068305969,0.9829176068305969,"[[0.9829176068305969, ""hin_Deva""], [0.01493676844984293, ""anp_Deva""], [0.0011096025118604302, ""awa_Deva""], [0.00039146331255324185, ""mag_Deva""], [0.0002875864738598466, ""new_Deva""]]"
L1,135065,hin_Deva,0.9854221940040588,0.9854221940040588,"[[0.9854221940040588, ""hin_Deva""], [0.011370069347321987, ""anp_Deva""], [0.0013804605696350336, ""new_Deva""], [0.0006492528482340276, ""awa_Deva""], [0.0006045152549631894, ""bho_Deva""]]"
L1,135406,hin_Deva,0.6849543452262878,0.6849543452262878,"[[0.6849543452262878, ""hin_Deva""], [0.30802398920059204, ""anp_Deva""], [0.0053817047737538815, ""new_Deva""], [0.0008703545900061727, ""bho_Deva""], [0.0003228103742003441, ""mai_Deva""]]"
L1,135434,hin_Deva,0.6302604675292969,0.6302604675292969,"[[0.6302604675292969, ""hin_Deva""], [0.36421486735343933, ""anp_Deva""], [0.0035807155072689056, ""awa_Deva""], [0.0009539086022414267, ""mag_Deva""], [0.00044663602602668107, ""bho_Deva""]]"
L1,135551,anp_Deva,0.7328289151191711,0.26602455973625183,"[[0.7328289151191711, ""anp_Deva""], [0.26602455973625183, ""hin_Deva""], [0.0008999780402518809, ""awa_Deva""], [0.00027137590222992003, ""new_Deva""], [2.3748138119117357e-05, ""bho_Deva""]]"
L1,135865,hin_Deva,0.8216059803962708,0.8216059803962708,"[[0.8216059803962708, ""hin_Deva""], [0.16183319687843323, ""anp_Deva""], [0.01205566618591547, ""awa_Deva""], [0.003864243859425187, ""new_Deva""], [0.0005312522407621145, ""bho_Deva""]]"
L1,135911,hin_Deva,0.9157972931861877,0.9157972931861877,"[[0.9157972931861877, ""hin_Deva""], [0.0817415863275528, ""anp_Deva""], [0.001861823140643537, ""awa_Deva""], [0.00047949940199032426, ""new_Deva""], [0.00010752257367130369, ""kas_Deva""]]"
L1,136025,anp_Deva,0.8203132748603821,0.17774628102779388,"[[0.8203132748603821, ""anp_Deva""], [0.17774628102779388, ""hin_Deva""], [0.0009071240201592445, ""awa_Deva""], [0.0008659747545607388, ""new_Deva""], [8.148415508912876e-05, ""mai_Deva""]]"
L1,136165,anp_Deva,0.9870171546936035,0.012992564588785172,"[[0.9870171546936035, ""anp_Deva""], [0.012992564588785172, ""hin_Deva""], [1.9480659830151126e-05, ""awa_Deva""], [1.0618120541039389e-05, ""new_Deva""], [1.0080692845804151e-05, ""mai_Deva""]]"
L1,136180,hin_Deva,0.9580627083778381,0.9580627083778381,"[[0.9580627083778381, ""hin_Deva""], [0.041685763746500015, ""anp_Deva""], [0.00017114631191361696, ""awa_Deva""], [9.80811528279446e-05, ""new_Deva""], [2.5747696781763807e-05, ""bho_Deva""]]"
L1,136345,anp_Deva,0.6980836987495422,0.2972540557384491,"[[0.6980836987495422, ""anp_Deva""], [0.2972540557384491, ""hin_Deva""], [0.002159571275115013, ""mup_Deva""], [0.001746359164826572, ""awa_Deva""], [0.0003800504782702774, ""new_Deva""]]"
L1,136536,anp_Deva,0.6350846886634827,0.35162168741226196,"[[0.6350846886634827, ""anp_Deva""], [0.35162168741226196, ""hin_Deva""], [0.009621845558285713, ""sck_Deva""], [0.0018132621189579368, ""awa_Deva""], [0.0012884701136499643, ""new_Deva""]]"
L1,136664,awa_Deva,0.6093564629554749,0.3891008496284485,"[[0.6093564629554749, ""awa_Deva""], [0.3891008496284485, ""hin_Deva""], [0.0010604995768517256, ""bho_Deva""], [0.0002703563077375293, ""new_Deva""], [0.00021697486226912588, ""anp_Deva""]]"
L1,136744,hin_Deva,0.7354118227958679,0.7354118227958679,"[[0.7354118227958679, ""hin_Deva""], [0.08482224494218826, ""mag_Deva""], [0.05880223214626312, ""mai_Deva""], [0.04842359200119972, ""anp_Deva""], [0.025115150958299637, ""awa_Deva""]]"
L1,136811,hin_Deva,0.9254555702209473,0.9254555702209473,"[[0.9254555702209473, ""hin_Deva""], [0.05277036130428314, ""anp_Deva""], [0.009318690747022629, ""awa_Deva""], [0.0063451542519032955, ""mai_Deva""], [0.002601183019578457, ""npi_Deva""]]"
L1,137224,hin_Deva,0.9875429272651672,0.9875429272651672,"[[0.9875429272651672, ""hin_Deva""], [0.0038785948418080807, ""new_Deva""], [0.0038529797457158566, ""bho_Deva""], [0.0030262176878750324, ""awa_Deva""], [0.000875595782417804, ""mai_Deva""]]"
L1,137477,hin_Deva,0.7807162404060364,0.7807162404060364,"[[0.7807162404060364, ""hin_Deva""], [0.14231005311012268, ""anp_Deva""], [0.07092168927192688, ""mup_Deva""], [0.0011028549633920193, ""mar_Deva""], [0.0010829130187630653, ""awa_Deva""]]"
L1,137493,anp_Deva,0.9368445873260498,0.05875400826334953,"[[0.9368445873260498, ""anp_Deva""], [0.05875400826334953, ""hin_Deva""], [0.00409908639267087, ""awa_Deva""], [0.00033041517599485815, ""mai_Deva""], [2.0295103240641765e-05, ""new_Deva""]]"
L1,137550,hin_Deva,0.9324451684951782,0.9324451684951782,"[[0.9324451684951782, ""hin_Deva""], [0.06199276074767113, ""anp_Deva""], [0.002558331470936537, ""awa_Deva""], [0.0017472304170951247, ""bho_Deva""], [0.0005181839223951101, ""mai_Deva""]]"
L1,137633,hin_Deva,0.9863759279251099,0.9863759279251099,"[[0.9863759279251099, ""hin_Deva""], [0.012056947685778141, ""anp_Deva""], [0.0013417513109743595, ""awa_Deva""], [9.103339834837243e-05, ""mar_Deva""], [8.40480497572571e-05, ""new_Deva""]]"
L1,137652,anp_Deva,0.9181867837905884,0.08085814118385315,"[[0.9181867837905884, ""anp_Deva""], [0.08085814118385315, ""hin_Deva""], [0.0007972317980602384, ""awa_Deva""], [0.00018069207726512104, ""bho_Deva""], [2.1985755665809847e-05, ""new_Deva""]]"
L1,137676,anp_Deva,0.8234440088272095,0.16603468358516693,"[[0.8234440088272095, ""anp_Deva""], [0.16603468358516693, ""hin_Deva""], [0.008542060852050781, ""new_Deva""], [0.0007324822945520282, ""awa_Deva""], [0.0005679602036252618, ""mai_Deva""]]"
L1,137740,hin_Deva,0.7772366404533386,0.7772366404533386,"[[0.7772366404533386, ""hin_Deva""], [0.21037845313549042, ""anp_Deva""], [0.00840085931122303, ""awa_Deva""], [0.0025697704404592514, ""new_Deva""], [0.0005484935245476663, ""sck_Deva""]]"
L1,137879,anp_Deva,0.8019781112670898,0.1268259882926941,"[[0.8019781112670898, ""anp_Deva""], [0.1268259882926941, ""hin_Deva""], [0.06927142292261124, ""awa_Deva""], [0.0017374037997797132, ""new_Deva""], [0.00016518891789019108, ""mai_Deva""]]"
L1,137882,anp_Deva,0.9337042570114136,0.06419731676578522,"[[0.9337042570114136, ""anp_Deva""], [0.06419731676578522, ""hin_Deva""], [0.0008023528498597443, ""new_Deva""], [0.00047165551222860813, ""bho_Deva""], [0.000445301178842783, ""awa_Deva""]]"
L1,138090,anp_Deva,0.9942922592163086,0.0026556102093309164,"[[0.9942922592163086, ""anp_Deva""], [0.0029981934931129217, ""awa_Deva""], [0.0026556102093309164, ""hin_Deva""], [8.372109732590616e-05, ""new_Deva""], [1.5196386812021956e-05, ""sck_Deva""]]"
L1,138157,anp_Deva,0.9036806225776672,0.09028983861207962,"[[0.9036806225776672, ""anp_Deva""], [0.09028983861207962, ""hin_Deva""], [0.005032287444919348, ""awa_Deva""], [0.0004760962910950184, ""new_Deva""], [0.0003923560434486717, ""bho_Deva""]]"
L1,138286,anp_Deva,0.8169460296630859,0.16059833765029907,"[[0.8169460296630859, ""anp_Deva""], [0.16059833765029907, ""hin_Deva""], [0.018682997673749924, ""awa_Deva""], [0.0020238927099853754, ""new_Deva""], [0.001711080432869494, ""mai_Deva""]]"
L1,138297,anp_Deva,0.961127758026123,0.03359512984752655,"[[0.961127758026123, ""anp_Deva""], [0.03359512984752655, ""hin_Deva""], [0.0028267165180295706, ""awa_Deva""], [0.002322728978469968, ""new_Deva""], [0.00010802270116982982, ""mai_Deva""]]"
L1,138340,hin_Deva,0.8855766654014587,0.8855766654014587,"[[0.8855766654014587, ""hin_Deva""], [0.10751297324895859, ""anp_Deva""], [0.0031641514506191015, ""mag_Deva""], [0.002198524307459593, ""hne_Deva""], [0.000630182505119592, ""new_Deva""]]"
L1,138470,hin_Deva,0.8595552444458008,0.8595552444458008,"[[0.8595552444458008, ""hin_Deva""], [0.10647787153720856, ""anp_Deva""], [0.024653097614645958, ""bho_Deva""], [0.003749704686924815, ""awa_Deva""], [0.001748885028064251, ""brx_Deva""]]"
L1,138507,anp_Deva,0.8204580545425415,0.17503297328948975,"[[0.8204580545425415, ""anp_Deva""], [0.17503297328948975, ""hin_Deva""], [0.002465534256771207, ""kru_Deva""], [0.0010000423062592745, ""new_Deva""], [0.00039629408274777234, ""awa_Deva""]]"
L1,138565,anp_Deva,0.828650712966919,0.16170093417167664,"[[0.828650712966919, ""anp_Deva""], [0.16170093417167664, ""hin_Deva""], [0.0052695563063025475, ""new_Deva""], [0.0015936570707708597, ""mai_Deva""], [0.0006334806093946099, ""mag_Deva""]]"
L1,138816,hin_Deva,0.7267684936523438,0.7267684936523438,"[[0.7267684936523438, ""hin_Deva""], [0.27134987711906433, ""anp_Deva""], [0.0005222473409958184, ""mag_Deva""], [0.0004957629716955125, ""awa_Deva""], [0.0004567765863612294, ""new_Deva""]]"
L1,138995,anp_Deva,0.9868102073669434,0.012774578295648098,"[[0.9868102073669434, ""anp_Deva""], [0.012774578295648098, ""hin_Deva""], [0.00038483820389956236, ""new_Deva""], [6.549646059283987e-05, ""awa_Deva""], [1.4012056453793775e-05, ""mup_Deva""]]"
L1,139023,anp_Deva,0.7303743362426758,0.267530620098114,"[[0.7303743362426758, ""anp_Deva""], [0.267530620098114, ""hin_Deva""], [0.002066461369395256, ""awa_Deva""], [3.2113523047883064e-05, ""new_Deva""], [2.7357775252312422e-05, ""mai_Deva""]]"
L1,139140,hin_Deva,0.902495801448822,0.902495801448822,"[[0.902495801448822, ""hin_Deva""], [0.08887121081352234, ""awa_Deva""], [0.0034366624895483255, ""new_Deva""], [0.0032653678208589554, ""anp_Deva""], [0.0010636652586981654, ""mar_Deva""]]"
L1,139215,anp_Deva,0.9829329252243042,0.011851930059492588,"[[0.9829329252243042, ""anp_Deva""], [0.011851930059492588, ""hin_Deva""], [0.004936667624861002, ""awa_Deva""], [0.00031281172414310277, ""new_Deva""], [1.2701452760666143e-05, ""mag_Deva""]]"
L1,139452,anp_Deva,0.5578683018684387,0.41011273860931396,"[[0.5578683018684387, ""anp_Deva""], [0.41011273860931396, ""hin_Deva""], [0.028183432295918465, ""awa_Deva""], [0.0019188374280929565, ""mai_Deva""], [0.0006965101347304881, ""new_Deva""]]"
L1,139545,anp_Deva,0.9329968690872192,0.05863460153341293,"[[0.9329968690872192, ""anp_Deva""], [0.05863460153341293, ""hin_Deva""], [0.006439285818487406, ""new_Deva""], [0.0016525802202522755, ""mai_Deva""], [0.00028080938500352204, ""awa_Deva""]]"
L1,139557,hin_Deva,0.5143267512321472,0.5143267512321472,"[[0.5143267512321472, ""hin_Deva""], [0.48556506633758545, ""anp_Deva""], [5.2324314310681075e-05, ""kru_Deva""], [5.032210538047366e-05, ""mai_Deva""], [3.700670276884921e-05, ""awa_Deva""]]"
L1,139893,anp_Deva,0.9992365837097168,0.0006060798768885434,"[[0.9992365837097168, ""anp_Deva""], [0.0006060798768885434, ""hin_Deva""], [0.0001493760064477101, ""mag_Deva""], [3.406373434700072e-05, ""new_Deva""], [1.739317667670548e-05, ""pnt_Grek""]]"
L1,140269,hin_Deva,0.6566598415374756,0.6566598415374756,"[[0.6566598415374756, ""hin_Deva""], [0.3427257537841797, ""anp_Deva""], [0.0005680457688868046, ""awa_Deva""], [4.354811608209275e-05, ""new_Deva""], [2.9260867449920624e-05, ""mai_Deva""]]"
L1,140311,anp_Deva,0.5788298845291138,0.42038458585739136,"[[0.5788298845291138, ""anp_Deva""], [0.42038458585739136, ""hin_Deva""], [0.0003416019317228347, ""new_Deva""], [0.00022073248692322522, ""mai_Deva""], [0.00015604136569891125, ""mag_Deva""]]"
L1,140477,hin_Deva,0.9784955978393555,0.9784955978393555,"[[0.9784955978393555, ""hin_Deva""], [0.02123703807592392, ""awa_Deva""], [0.0002529824851080775, ""new_Deva""], [2.540439527365379e-05, ""doi_Deva""], [2.4312723326147534e-05, ""mar_Deva""]]"
L1,140676,anp_Deva,0.7911078929901123,0.2077648639678955,"[[0.7911078929901123, ""anp_Deva""], [0.2077648639678955, ""hin_Deva""], [0.0004742091987282038, ""new_Deva""], [0.0003802883147727698, ""doi_Deva""], [0.00032000240753404796, ""awa_Deva""]]"
L1,140689,anp_Deva,0.9954178929328918,0.00458845030516386,"[[0.9954178929328918, ""anp_Deva""], [0.00458845030516386, ""hin_Deva""], [1.6519372366019525e-05, ""new_Deva""], [1.2834076187573373e-05, ""doi_Deva""], [1.1921355508093257e-05, ""kas_Deva""]]"
L1,140735,anp_Deva,0.6993971467018127,0.2965996563434601,"[[0.6993971467018127, ""anp_Deva""], [0.2965996563434601, ""hin_Deva""], [0.0032284471672028303, ""awa_Deva""], [0.00028767398907803, ""mag_Deva""], [0.00017549959011375904, ""new_Deva""]]"
L1,140843,anp_Deva,1.0000100135803223,1.0039352673629764e-05,"[[1.0000100135803223, ""anp_Deva""], [1.0039352673629764e-05, ""hin_Deva""], [1.0006795491790399e-05, ""new_Deva""], [1.0002167982747778e-05, ""awa_Deva""], [1.0000003385357559e-05, ""otw_Latn""]]"
L1,141193,hin_Deva,0.9431819319725037,0.9431819319725037,"[[0.9431819319725037, ""hin_Deva""], [0.03504897654056549, ""anp_Deva""], [0.017734071239829063, ""mai_Deva""], [0.002490638056769967, ""awa_Deva""], [0.0006416995311155915, ""new_Deva""]]"
L1,141214,hin_Deva,0.974189281463623,0.974189281463623,"[[0.974189281463623, ""hin_Deva""], [0.014167753048241138, ""anp_Deva""], [0.005187671631574631, ""new_Deva""], [0.0031205564737319946, ""mai_Deva""], [0.0020624182652682066, ""awa_Deva""]]"
L1,141262,hin_Deva,0.8580741286277771,0.8580741286277771,"[[0.8580741286277771, ""hin_Deva""], [0.0895804762840271, ""awa_Deva""], [0.038707807660102844, ""anp_Deva""], [0.01208382099866867, ""new_Deva""], [0.0008559931884519756, ""bho_Deva""]]"
L1,141329,anp_Deva,0.7386802434921265,0.24178633093833923,"[[0.7386802434921265, ""anp_Deva""], [0.24178633093833923, ""hin_Deva""], [0.0168449729681015, ""new_Deva""], [0.0020599316339939833, ""awa_Deva""], [0.0005277724121697247, ""mai_Deva""]]"
L1,141334,hin_Deva,0.9671359062194824,0.9671359062194824,"[[0.9671359062194824, ""hin_Deva""], [0.014199336990714073, ""anp_Deva""], [0.012366818264126778, ""awa_Deva""], [0.004263501614332199, ""mag_Deva""], [0.0007886910461820662, ""hne_Deva""]]"
L1,141433,hin_Deva,0.34502556920051575,0.34502556920051575,"[[0.34502556920051575, ""hin_Deva""], [0.2524648904800415, ""bho_Deva""], [0.20080910623073578, ""awa_Deva""], [0.1730535328388214, ""snd_Deva""], [0.009778616018593311, ""doi_Deva""]]"
L1,141592,hin_Deva,0.885358989238739,0.885358989238739,"[[0.885358989238739, ""hin_Deva""], [0.07707492262125015, ""anp_Deva""], [0.021745460107922554, ""awa_Deva""], [0.0112586235627532, ""mai_Deva""], [0.0023146094754338264, ""bho_Deva""]]"
L1,141829,hin_Deva,0.9389057159423828,0.9389057159423828,"[[0.9389057159423828, ""hin_Deva""], [0.022363604977726936, ""bho_Deva""], [0.014695178717374802, ""awa_Deva""], [0.013691620901226997, ""anp_Deva""], [0.005634164437651634, ""new_Deva""]]"
L1,142061,anp_Deva,0.5154914855957031,0.3996932804584503,"[[0.5154914855957031, ""anp_Deva""], [0.3996932804584503, ""hin_Deva""], [0.06823479384183884, ""awa_Deva""], [0.006948352791368961, ""new_Deva""], [0.006318425294011831, ""mai_Deva""]]"
L1,142151,anp_Deva,0.530447244644165,0.4372880458831787,"[[0.530447244644165, ""anp_Deva""], [0.4372880458831787, ""hin_Deva""], [0.01548317726701498, ""new_Deva""], [0.007983315736055374, ""mai_Deva""], [0.005582889076322317, ""awa_Deva""]]"
L1,142530,anp_Deva,0.5030723214149475,0.49439531564712524,"[[0.5030723214149475, ""anp_Deva""], [0.49439531564712524, ""hin_Deva""], [0.0024089657235890627, ""awa_Deva""], [6.599813787033781e-05, ""mar_Deva""], [4.118203651160002e-05, ""mai_Deva""]]"
L1,142869,hin_Deva,0.9431636333465576,0.9431636333465576,"[[0.9431636333465576, ""hin_Deva""], [0.03229457139968872, ""bho_Deva""], [0.021513337269425392, ""awa_Deva""], [0.00233732583001256, ""anp_Deva""], [0.0003801420098170638, ""mai_Deva""]]"
L1,142991,anp_Deva,0.9482746720314026,0.01189489010721445,"[[0.9482746720314026, ""anp_Deva""], [0.039365969598293304, ""mag_Deva""], [0.01189489010721445, ""hin_Deva""], [0.0004522476519923657, ""awa_Deva""], [4.5236909500090405e-05, ""new_Deva""]]"
L1,143005,anp_Deva,0.9999630451202393,1.1254441233177204e-05,"[[0.9999630451202393, ""anp_Deva""], [5.403512477641925e-05, ""awa_Deva""], [1.1636604540399276e-05, ""new_Deva""], [1.1254441233177204e-05, ""hin_Deva""], [1.0000041584135033e-05, ""mai_Deva""]]"
L1,143104,anp_Deva,0.6188004612922668,0.3787577450275421,"[[0.6188004612922668, ""anp_Deva""], [0.3787577450275421, ""hin_Deva""], [0.002370341680943966, ""new_Deva""], [8.984610030893236e-05, ""awa_Deva""], [1.6978779967757873e-05, ""mar_Deva""]]"
L1,143282,anp_Deva,0.708605170249939,0.26095423102378845,"[[0.708605170249939, ""anp_Deva""], [0.26095423102378845, ""hin_Deva""], [0.028108086436986923, ""awa_Deva""], [0.0008617882849648595, ""mai_Deva""], [0.0004571254539769143, ""bho_Deva""]]"
L1,143442,hin_Deva,0.9887341856956482,0.9887341856956482,"[[0.9887341856956482, ""hin_Deva""], [0.004179726354777813, ""bho_Deva""], [0.0028837828431278467, ""mag_Deva""], [0.0018627236131578684, ""awa_Deva""], [0.0011877687647938728, ""kas_Deva""]]"
L1,143828,hin_Deva,0.7665744423866272,0.7665744423866272,"[[0.7665744423866272, ""hin_Deva""], [0.2298322170972824, ""anp_Deva""], [0.0021237649489194155, ""awa_Deva""], [0.0014990245690569282, ""new_Deva""], [1.8932149032480083e-05, ""bho_Deva""]]"
L1,143907,anp_Deva,0.9478488564491272,0.051997214555740356,"[[0.9478488564491272, ""anp_Deva""], [0.051997214555740356, ""hin_Deva""], [8.173366950359195e-05, ""awa_Deva""], [6.486546772066504e-05, ""new_Deva""], [4.129577428102493e-05, ""mai_Deva""]]"
L1,144160,hin_Deva,0.9985269904136658,0.9985269904136658,"[[0.9985269904136658, ""hin_Deva""], [0.0013061147183179855, ""anp_Deva""], [0.00018807682499755174, ""new_Deva""], [1.780007551133167e-05, ""bho_Deva""], [1.0444264262332581e-05, ""hne_Deva""]]"
L1,144266,anp_Deva,0.9985246062278748,0.0014621576992794871,"[[0.9985246062278748, ""anp_Deva""], [0.0014621576992794871, ""hin_Deva""], [2.578999010438565e-05, ""awa_Deva""], [2.3223999960464425e-05, ""new_Deva""], [1.317262740485603e-05, ""mai_Deva""]]"
L1,144761,hin_Deva,0.9484260678291321,0.9484260678291321,"[[0.9484260678291321, ""hin_Deva""], [0.035735834389925, ""awa_Deva""], [0.009944531135261059, ""bho_Deva""], [0.0037354405503720045, ""mai_Deva""], [0.0013922976795583963, ""new_Deva""]]"
L1,144780,hin_Deva,0.9773761034011841,0.9773761034011841,"[[0.9773761034011841, ""hin_Deva""], [0.019342998042702675, ""anp_Deva""], [0.001355896471068263, ""bho_Deva""], [0.0008366749971173704, ""awa_Deva""], [0.0005802906234748662, ""sck_Deva""]]"
L1,144794,anp_Deva,0.9555836319923401,0.043801069259643555,"[[0.9555836319923401, ""anp_Deva""], [0.043801069259643555, ""hin_Deva""], [0.000607768539339304, ""new_Deva""], [3.7676541978726164e-05, ""awa_Deva""], [1.700657230685465e-05, ""mar_Deva""]]"
L1,144951,hin_Deva,0.9832824468612671,0.9832824468612671,"[[0.9832824468612671, ""hin_Deva""], [0.004486050456762314, ""anp_Deva""], [0.0043524098582565784, ""mag_Deva""], [0.002902917331084609, ""bho_Deva""], [0.002364622661843896, ""awa_Deva""]]"
L1,144973,anp_Deva,0.9652562141418457,0.015362049452960491,"[[0.9652562141418457, ""anp_Deva""], [0.018162554129958153, ""awa_Deva""], [0.015362049452960491, ""hin_Deva""], [0.0005442090332508087, ""new_Deva""], [0.00040406404878012836, ""bho_Deva""]]"
L1,144975,hin_Deva,0.6755242943763733,0.6755242943763733,"[[0.6755242943763733, ""hin_Deva""], [0.3089198172092438, ""anp_Deva""], [0.006726836320012808, ""mai_Deva""], [0.003490530652925372, ""mag_Deva""], [0.002297857776284218, ""new_Deva""]]"
L1,144984,hin_Deva,0.6152697205543518,0.6152697205543518,"[[0.6152697205543518, ""hin_Deva""], [0.3839363157749176, ""anp_Deva""], [0.00045595402480103076, ""new_Deva""], [0.00021132499387022108, ""mai_Deva""], [0.00013972431770525873, ""awa_Deva""]]"
L1,145019,hin_Deva,0.9361690878868103,0.9361690878868103,"[[0.9361690878868103, ""hin_Deva""], [0.03617703542113304, ""anp_Deva""], [0.01617330126464367, ""new_Deva""], [0.006653864402323961, ""awa_Deva""], [0.003443609457463026, ""bho_Deva""]]"
L1,145044,hin_Deva,0.707990288734436,0.707990288734436,"[[0.707990288734436, ""hin_Deva""], [0.20890691876411438, ""anp_Deva""], [0.07270871847867966, ""new_Deva""], [0.008030532859265804, ""awa_Deva""], [0.0007419425528496504, ""brx_Deva""]]"
L1,145077,hin_Deva,0.8595559000968933,0.8595559000968933,"[[0.8595559000968933, ""hin_Deva""], [0.1319722682237625, ""anp_Deva""], [0.005659971386194229, ""awa_Deva""], [0.0012792322086170316, ""new_Deva""], [0.0009208052069880068, ""mai_Deva""]]"
L1,145359,hin_Deva,0.7931169271469116,0.7931169271469116,"[[0.7931169271469116, ""hin_Deva""], [0.19370825588703156, ""anp_Deva""], [0.009688680991530418, ""new_Deva""], [0.0022653783671557903, ""mar_Deva""], [0.0009775982471182942, ""mai_Deva""]]"
L1,145591,hin_Deva,0.9995250701904297,0.9995250701904297,"[[0.9995250701904297, ""hin_Deva""], [0.00040647710557095706, ""new_Deva""], [4.6516244765371084e-05, ""anp_Deva""], [4.309691212256439e-05, ""mai_Deva""], [1.9144723410136066e-05, ""awa_Deva""]]"
L1,145727,hin_Deva,0.5901296734809875,0.5901296734809875,"[[0.5901296734809875, ""hin_Deva""], [0.38364872336387634, ""anp_Deva""], [0.02544824592769146, ""awa_Deva""], [0.0004640401457436383, ""new_Deva""], [0.00014308062964119017, ""sck_Deva""]]"
L1,145771,hin_Deva,0.7894060015678406,0.7894060015678406,"[[0.7894060015678406, ""hin_Deva""], [0.19976624846458435, ""anp_Deva""], [0.005598604679107666, ""awa_Deva""], [0.002612741431221366, ""hne_Deva""], [0.0015952932881191373, ""mag_Deva""]]"
L1,145894,hin_Deva,0.9180368781089783,0.9180368781089783,"[[0.9180368781089783, ""hin_Deva""], [0.07558906078338623, ""anp_Deva""], [0.002993181115016341, ""awa_Deva""], [0.0014678461011499166, ""mai_Deva""], [0.0013943207450211048, ""new_Deva""]]"
L1,146236,anp_Deva,0.9403879046440125,0.05731982737779617,"[[0.9403879046440125, ""anp_Deva""], [0.05731982737779617, ""hin_Deva""], [0.001112573780119419, ""bho_Deva""], [0.000652945542242378, ""mag_Deva""], [0.0002854562480933964, ""awa_Deva""]]"
L1,146273,anp_Deva,0.39793020486831665,0.3851192593574524,"[[0.39793020486831665, ""anp_Deva""], [0.3851192593574524, ""hin_Deva""], [0.1568273901939392, ""awa_Deva""], [0.02994374744594097, ""doi_Deva""], [0.028206253424286842, ""new_Deva""]]"
L1,146277,hin_Deva,0.9396829605102539,0.9396829605102539,"[[0.9396829605102539, ""hin_Deva""], [0.05906113609671593, ""anp_Deva""], [0.0012293184408918023, ""awa_Deva""], [4.540330701274797e-05, ""new_Deva""], [1.6575329937040806e-05, ""mai_Deva""]]"
L1,146468,hin_Deva,0.559428870677948,0.559428870677948,"[[0.559428870677948, ""hin_Deva""], [0.43105050921440125, ""anp_Deva""], [0.006705066189169884, ""awa_Deva""], [0.0017124819569289684, ""mai_Deva""], [0.001003412762656808, ""new_Deva""]]"
L1,146546,anp_Deva,0.8243482708930969,0.17009197175502777,"[[0.8243482708930969, ""anp_Deva""], [0.17009197175502777, ""hin_Deva""], [0.005164411850273609, ""awa_Deva""], [0.0002555257815402001, ""new_Deva""], [8.378148049814627e-05, ""mai_Deva""]]"
L1,146733,anp_Deva,0.8781180381774902,0.11935371905565262,"[[0.8781180381774902, ""anp_Deva""], [0.11935371905565262, ""hin_Deva""], [0.0016390170203521848, ""sck_Deva""], [0.0004668844339903444, ""awa_Deva""], [0.00026609504129737616, ""bho_Deva""]]"
L1,146777,hin_Deva,0.7746827602386475,0.7746827602386475,"[[0.7746827602386475, ""hin_Deva""], [0.19571325182914734, ""anp_Deva""], [0.023538585752248764, ""awa_Deva""], [0.005689989309757948, ""mai_Deva""], [0.00027058692649006844, ""bho_Deva""]]"
L1,146881,hin_Deva,0.9836392998695374,0.9836392998695374,"[[0.9836392998695374, ""hin_Deva""], [0.011613978073000908, ""anp_Deva""], [0.0017293442506343126, ""hne_Deva""], [0.001144057372584939, ""mag_Deva""], [0.0007721632136963308, ""bho_Deva""]]"
L1,146985,hin_Deva,0.9551659226417542,0.9551659226417542,"[[0.9551659226417542, ""hin_Deva""], [0.034711286425590515, ""anp_Deva""], [0.007040791679173708, ""new_Deva""], [0.0014201977755874395, ""mag_Deva""], [0.0006546611548401415, ""awa_Deva""]]"
L1,147088,hin_Deva,0.9659350514411926,0.9659350514411926,"[[0.9659350514411926, ""hin_Deva""], [0.03200877085328102, ""anp_Deva""], [0.001410711440257728, ""mag_Deva""], [0.0004549300647340715, ""awa_Deva""], [0.00021738061332143843, ""bho_Deva""]]"
L1,147137,anp_Deva,0.7175215482711792,0.2782975435256958,"[[0.7175215482711792, ""anp_Deva""], [0.2782975435256958, ""hin_Deva""], [0.0017387985717505217, ""new_Deva""], [0.001599193550646305, ""mag_Deva""], [0.00046373976510949433, ""awa_Deva""]]"
L1,147259,hin_Deva,0.9969943165779114,0.9969943165779114,"[[0.9969943165779114, ""hin_Deva""], [0.0017054331256076694, ""awa_Deva""], [0.00047021720092743635, ""anp_Deva""], [0.00034685168066062033, ""new_Deva""], [0.00029318564338609576, ""mai_Deva""]]"
L1,147467,hin_Deva,0.989635169506073,0.989635169506073,"[[0.989635169506073, ""hin_Deva""], [0.004211120773106813, ""awa_Deva""], [0.0034086289815604687, ""anp_Deva""], [0.0018984356429427862, ""mag_Deva""], [0.0004824642091989517, ""mai_Deva""]]"
L1,147898,hin_Deva,0.5424368977546692,0.5424368977546692,"[[0.5424368977546692, ""hin_Deva""], [0.45172640681266785, ""anp_Deva""], [0.0031614715699106455, ""mag_Deva""], [0.0021443977020680904, ""awa_Deva""], [0.0003690835146699101, ""mai_Deva""]]"
L1,147960,hin_Deva,0.9690062403678894,0.9690062403678894,"[[0.9690062403678894, ""hin_Deva""], [0.009291098453104496, ""bho_Deva""], [0.007308418862521648, ""mai_Deva""], [0.0042606135830283165, ""anp_Deva""], [0.003646839177235961, ""kas_Deva""]]"
L1,148124,anp_Deva,0.9542335867881775,0.04501480609178543,"[[0.9542335867881775, ""anp_Deva""], [0.04501480609178543, ""hin_Deva""], [0.00042457011295482516, ""mai_Deva""], [0.00014100053522270173, ""new_Deva""], [0.00012901687296107411, ""mag_Deva""]]"
L1,148352,hin_Deva,0.8219318985939026,0.8219318985939026,"[[0.8219318985939026, ""hin_Deva""], [0.17423991858959198, ""anp_Deva""], [0.001335187116637826, ""bho_Deva""], [0.0011247724760323763, ""awa_Deva""], [0.0008442812249995768, ""mai_Deva""]]"
L1,148533,anp_Deva,0.9664480686187744,0.019113488495349884,"[[0.9664480686187744, ""anp_Deva""], [0.019113488495349884, ""hin_Deva""], [0.014375636354088783, ""awa_Deva""], [9.060691809281707e-05, ""new_Deva""], [1.46927040987066e-05, ""mag_Deva""]]"
L1,148935,anp_Deva,0.9548173546791077,0.003939078189432621,"[[0.9548173546791077, ""anp_Deva""], [0.038186777383089066, ""awa_Deva""], [0.003939078189432621, ""hin_Deva""], [0.0027035505045205355, ""new_Deva""], [0.00021494498651009053, ""mai_Deva""]]"
L1,148945,anp_Deva,0.7775397300720215,0.21993599832057953,"[[0.7775397300720215, ""anp_Deva""], [0.21993599832057953, ""hin_Deva""], [0.0018097913125529885, ""awa_Deva""], [0.00029278354486450553, ""mai_Deva""], [0.0002810807782225311, ""bho_Deva""]]"
L1,148959,hin_Deva,0.9497416019439697,0.9497416019439697,"[[0.9497416019439697, ""hin_Deva""], [0.019416384398937225, ""bho_Deva""], [0.018018290400505066, ""anp_Deva""], [0.007848449051380157, ""mai_Deva""], [0.0027362133841961622, ""new_Deva""]]"
L1,149153,anp_Deva,0.7137135863304138,0.28552207350730896,"[[0.7137135863304138, ""anp_Deva""], [0.28552207350730896, ""hin_Deva""], [0.00046426744665950537, ""new_Deva""], [0.00013904306979384273, ""awa_Deva""], [8.496541704516858e-05, ""bho_Deva""]]"
L1,149302,hin_Deva,0.6784088015556335,0.6784088015556335,"[[0.6784088015556335, ""hin_Deva""], [0.22199903428554535, ""anp_Deva""], [0.09877891838550568, ""awa_Deva""], [0.00025529853883199394, ""san_Deva""], [0.00023263691400643438, ""new_Deva""]]"
L1,149599,anp_Deva,0.4799651503562927,0.4619782269001007,"[[0.4799651503562927, ""anp_Deva""], [0.4619782269001007, ""hin_Deva""], [0.04093114659190178, ""new_Deva""], [0.009676160290837288, ""mai_Deva""], [0.0019056405872106552, ""bho_Deva""]]"
L1,149789,anp_Deva,0.9962725043296814,0.0037026810459792614,"[[0.9962725043296814, ""anp_Deva""], [0.0037026810459792614, ""hin_Deva""], [5.05102907482069e-05, ""new_Deva""], [1.344717475149082e-05, ""awa_Deva""], [1.0247920727124438e-05, ""mup_Deva""]]"
L1,149806,hin_Deva,0.6178746223449707,0.6178746223449707,"[[0.6178746223449707, ""hin_Deva""], [0.19244928658008575, ""anp_Deva""], [0.1721857190132141, ""new_Deva""], [0.009411804378032684, ""awa_Deva""], [0.0036725597456097603, ""mai_Deva""]]"
L1,149875,hin_Deva,0.9595940709114075,0.9595940709114075,"[[0.9595940709114075, ""hin_Deva""], [0.03801259025931358, ""anp_Deva""], [0.0014124460285529494, ""new_Deva""], [0.0007925805984996259, ""awa_Deva""], [0.00011331796122249216, ""mai_Deva""]]"
L1,150013,hin_Deva,0.9855877757072449,0.9855877757072449,"[[0.9855877757072449, ""hin_Deva""], [0.007767038885504007, ""awa_Deva""], [0.0049495394341647625, ""anp_Deva""], [0.001525743631646037, ""new_Deva""], [0.00011829841241706163, ""mai_Deva""]]"
L1,150051,anp_Deva,0.635119616985321,0.3184417188167572,"[[0.635119616985321, ""anp_Deva""], [0.3184417188167572, ""hin_Deva""], [0.0431038960814476, ""new_Deva""], [0.0018964307382702827, ""awa_Deva""], [0.0013441662304103374, ""bho_Deva""]]"
L1,150101,anp_Deva,0.6230307817459106,0.37251126766204834,"[[0.6230307817459106, ""anp_Deva""], [0.37251126766204834, ""hin_Deva""], [0.004181643947958946, ""new_Deva""], [0.0001260785647900775, ""mup_Deva""], [0.00010704773012548685, ""bho_Deva""]]"
L1,150718,anp_Deva,0.9850879907608032,0.014771213755011559,"[[0.9850879907608032, ""anp_Deva""], [0.014771213755011559, ""hin_Deva""], [9.415745444130152e-05, ""awa_Deva""], [6.498323637060821e-05, ""bho_Deva""], [1.7037902580341324e-05, ""sck_Deva""]]"
L1,150951,anp_Deva,1.0000098943710327,1.0002539966080803e-05,"[[1.0000098943710327, ""anp_Deva""], [1.00821544037899e-05, ""awa_Deva""], [1.0018627108365763e-05, ""mag_Deva""], [1.0005641343013849e-05, ""sck_Deva""], [1.0002539966080803e-05, ""hin_Deva""]]"
L1,150970,hin_Deva,0.5240708589553833,0.5240708589553833,"[[0.5240708589553833, ""hin_Deva""], [0.4327712655067444, ""anp_Deva""], [0.0394580103456974, ""new_Deva""], [0.0016228582244366407, ""awa_Deva""], [0.0009602906065993011, ""hne_Deva""]]"
L1,151015,hin_Deva,0.6229724287986755,0.6229724287986755,"[[0.6229724287986755, ""hin_Deva""], [0.3736240267753601, ""anp_Deva""], [0.002129055792465806, ""awa_Deva""], [0.000673512346111238, ""new_Deva""], [0.0003736772923730314, ""bho_Deva""]]"
L1,151038,hin_Deva,0.6736904382705688,0.6736904382705688,"[[0.6736904382705688, ""hin_Deva""], [0.28537631034851074, ""anp_Deva""], [0.025431256741285324, ""awa_Deva""], [0.007135607302188873, ""new_Deva""], [0.0025548997800797224, ""mag_Deva""]]"
L1,151281,hin_Deva,0.6196021437644958,0.6196021437644958,"[[0.6196021437644958, ""hin_Deva""], [0.3689410388469696, ""anp_Deva""], [0.009587039239704609, ""awa_Deva""], [0.001098306500352919, ""new_Deva""], [0.0006288706790655851, ""bho_Deva""]]"
L1,151580,anp_Deva,0.9989456534385681,0.0010688604088500142,"[[0.9989456534385681, ""anp_Deva""], [0.0010688604088500142, ""hin_Deva""], [1.3428156307782046e-05, ""new_Deva""], [1.1935666407225654e-05, ""awa_Deva""], [1.0066676622955129e-05, ""mup_Deva""]]"
L1,151608,hin_Deva,0.9903497099876404,0.9903497099876404,"[[0.9903497099876404, ""hin_Deva""], [0.008308597840368748, ""anp_Deva""], [0.0007395530701614916, ""awa_Deva""], [0.0004541493544820696, ""mai_Deva""], [0.00014112617645878345, ""mag_Deva""]]"
L1,151650,hin_Deva,0.6390359997749329,0.6390359997749329,"[[0.6390359997749329, ""hin_Deva""], [0.12115715444087982, ""new_Deva""], [0.12082234025001526, ""awa_Deva""], [0.11306022852659225, ""anp_Deva""], [0.0024078357964754105, ""mai_Deva""]]"
L1,151686,hin_Deva,0.9106414318084717,0.9106414318084717,"[[0.9106414318084717, ""hin_Deva""], [0.0658549964427948, ""anp_Deva""], [0.01563098467886448, ""awa_Deva""], [0.003530650632455945, ""mai_Deva""], [0.0023831073194742203, ""new_Deva""]]"
L1,151877,hin_Deva,0.9276756644248962,0.9276756644248962,"[[0.9276756644248962, ""hin_Deva""], [0.05840761959552765, ""anp_Deva""], [0.01104721799492836, ""awa_Deva""], [0.001079185982234776, ""new_Deva""], [0.0007901470526121557, ""mag_Deva""]]"
L1,152069,anp_Deva,0.989565908908844,0.010067863389849663,"[[0.989565908908844, ""anp_Deva""], [0.010067863389849663, ""hin_Deva""], [0.00016751319344621152, ""doi_Deva""], [7.69521138863638e-05, ""mag_Deva""], [5.796315599582158e-05, ""bho_Deva""]]"
L1,152077,hin_Deva,0.9730445742607117,0.9730445742607117,"[[0.9730445742607117, ""hin_Deva""], [0.026534464210271835, ""anp_Deva""], [0.0002927612222265452, ""new_Deva""], [7.152745092753321e-05, ""awa_Deva""], [6.933379336260259e-05, ""mag_Deva""]]"
L1,152092,anp_Deva,0.9144189953804016,0.08098071068525314,"[[0.9144189953804016, ""anp_Deva""], [0.08098071068525314, ""hin_Deva""], [0.0036371001042425632, ""awa_Deva""], [0.000748051970731467, ""new_Deva""], [0.00021113321417942643, ""mai_Deva""]]"
L1,152413,anp_Deva,0.8285233974456787,0.16543982923030853,"[[0.8285233974456787, ""anp_Deva""], [0.16543982923030853, ""hin_Deva""], [0.003673482919111848, ""awa_Deva""], [0.001043478725478053, ""bho_Deva""], [0.0010208445601165295, ""mai_Deva""]]"
L1,153051,anp_Deva,0.997176468372345,0.002801842289045453,"[[0.997176468372345, ""anp_Deva""], [0.002801842289045453, ""hin_Deva""], [3.6906185414409265e-05, ""awa_Deva""], [2.353464878979139e-05, ""mai_Deva""], [1.041232007992221e-05, ""mup_Deva""]]"
L1,153360,anp_Deva,0.9879042506217957,0.011578318662941456,"[[0.9879042506217957, ""anp_Deva""], [0.011578318662941456, ""hin_Deva""], [0.00032324998755939305, ""new_Deva""], [0.00023033921024762094, ""awa_Deva""], [1.275503291253699e-05, ""mup_Deva""]]"
L1,153611,hin_Deva,0.9291203022003174,0.9291203022003174,"[[0.9291203022003174, ""hin_Deva""], [0.05693690478801727, ""anp_Deva""], [0.011351552791893482, ""awa_Deva""], [0.001532442169263959, ""new_Deva""], [0.00041297939606010914, ""mai_Deva""]]"
L1,153738,anp_Deva,0.9383628368377686,0.05713776871562004,"[[0.9383628368377686, ""anp_Deva""], [0.05713776871562004, ""hin_Deva""], [0.002011729869991541, ""awa_Deva""], [0.0013606308493763208, ""new_Deva""], [0.0009641106589697301, ""mai_Deva""]]"
L1,153977,hin_Deva,0.5778842568397522,0.5778842568397522,"[[0.5778842568397522, ""hin_Deva""], [0.4106824994087219, ""anp_Deva""], [0.0045591252855956554, ""new_Deva""], [0.003904376644641161, ""mai_Deva""], [0.002132042543962598, ""awa_Deva""]]"
L1,154023,hin_Deva,0.8915809392929077,0.8915809392929077,"[[0.8915809392929077, ""hin_Deva""], [0.0965040996670723, ""anp_Deva""], [0.006908908486366272, ""mai_Deva""], [0.0026746049989014864, ""new_Deva""], [0.0008681995677761734, ""bho_Deva""]]"
L1,154053,anp_Deva,0.9983081221580505,0.0016877325251698494,"[[0.9983081221580505, ""anp_Deva""], [0.0016877325251698494, ""hin_Deva""], [3.211416697013192e-05, ""new_Deva""], [1.0911986464634538e-05, ""mai_Deva""], [1.0494945854588877e-05, ""awa_Deva""]]"
L1,154266,hin_Deva,0.9784703850746155,0.9784703850746155,"[[0.9784703850746155, ""hin_Deva""], [0.020302316173911095, ""anp_Deva""], [0.0009485210757702589, ""new_Deva""], [0.00017940324323717505, ""awa_Deva""], [6.78746509947814e-05, ""hne_Deva""]]"
L1,154278,anp_Deva,0.9697906970977783,0.028027063235640526,"[[0.9697906970977783, ""anp_Deva""], [0.028027063235640526, ""hin_Deva""], [0.0010734173702076077, ""new_Deva""], [0.00033982860622927547, ""mup_Deva""], [0.00024260413192678243, ""mai_Deva""]]"
L1,154333,anp_Deva,0.8282912373542786,0.011958437971770763,"[[0.8282912373542786, ""anp_Deva""], [0.15804049372673035, ""mag_Deva""], [0.011958437971770763, ""hin_Deva""], [0.0016348854405805469, ""awa_Deva""], [4.840772817260586e-05, ""new_Deva""]]"
L1,154557,anp_Deva,0.5016273260116577,0.39427804946899414,"[[0.5016273260116577, ""anp_Deva""], [0.39427804946899414, ""hin_Deva""], [0.06055639684200287, ""awa_Deva""], [0.02484416775405407, ""new_Deva""], [0.009376130998134613, ""bho_Deva""]]"
L1,154583,anp_Deva,0.9845791459083557,0.006413431838154793,"[[0.9845791459083557, ""anp_Deva""], [0.00894318800419569, ""awa_Deva""], [0.006413431838154793, ""hin_Deva""], [6.480004958575591e-05, ""new_Deva""], [3.314868445158936e-05, ""doi_Deva""]]"
L1,154634,hin_Deva,0.9851774573326111,0.9851774573326111,"[[0.9851774573326111, ""hin_Deva""], [0.011569841764867306, ""anp_Deva""], [0.0014335447922348976, ""awa_Deva""], [0.0005492655909620225, ""bho_Deva""], [0.00046428514178842306, ""mai_Deva""]]"
L1,154850,hin_Deva,0.9537985920906067,0.9537985920906067,"[[0.9537985920906067, ""hin_Deva""], [0.03001374937593937, ""anp_Deva""], [0.015024947002530098, ""awa_Deva""], [0.0005549629568122327, ""new_Deva""], [0.00029185551102273166, ""mag_Deva""]]"
L1,155425,hin_Deva,0.588892936706543,0.588892936706543,"[[0.588892936706543, ""hin_Deva""], [0.3963662087917328, ""anp_Deva""], [0.008185180835425854, ""new_Deva""], [0.003425498027354479, ""mai_Deva""], [0.0026547086890786886, ""awa_Deva""]]"
L1,155482,hin_Deva,0.8108256459236145,0.8108256459236145,"[[0.8108256459236145, ""hin_Deva""], [0.11457618325948715, ""anp_Deva""], [0.07277131825685501, ""awa_Deva""], [0.0005677787703461945, ""mag_Deva""], [0.00048467618762515485, ""mai_Deva""]]"
L1,155594,hin_Deva,0.5392494797706604,0.5392494797706604,"[[0.5392494797706604, ""hin_Deva""], [0.4592742621898651, ""anp_Deva""], [0.0005865172133781016, ""awa_Deva""], [0.0002363157254876569, ""bho_Deva""], [0.00020460024825297296, ""sck_Deva""]]"
L1,155598,hin_Deva,0.9861375093460083,0.9861375093460083,"[[0.9861375093460083, ""hin_Deva""], [0.006474165245890617, ""anp_Deva""], [0.006458316929638386, ""awa_Deva""], [0.0004916722537018359, ""new_Deva""], [0.00016776066331658512, ""bho_Deva""]]"
L1,155811,anp_Deva,0.7664625644683838,0.2303124964237213,"[[0.7664625644683838, ""anp_Deva""], [0.2303124964237213, ""hin_Deva""], [0.0026035942137241364, ""awa_Deva""], [0.00033805097336880863, ""new_Deva""], [0.0002075552474707365, ""mag_Deva""]]"
L1,156077,hin_Deva,0.9652894139289856,0.9652894139289856,"[[0.9652894139289856, ""hin_Deva""], [0.022249873727560043, ""anp_Deva""], [0.010760931298136711, ""new_Deva""], [0.0008457067306153476, ""mai_Deva""], [0.0006092666881158948, ""awa_Deva""]]"
L1,156152,anp_Deva,0.9780785441398621,0.018284661695361137,"[[0.9780785441398621, ""anp_Deva""], [0.018284661695361137, ""hin_Deva""], [0.003446622285991907, ""awa_Deva""], [0.00011773454025387764, ""new_Deva""], [5.525526648852974e-05, ""hne_Deva""]]"
L1,156207,anp_Deva,0.9104723930358887,0.08349240571260452,"[[0.9104723930358887, ""anp_Deva""], [0.08349240571260452, ""hin_Deva""], [0.005978149827569723, ""awa_Deva""], [8.639516454422846e-05, ""new_Deva""], [1.5262412489391863e-05, ""mai_Deva""]]"
L1,156524,anp_Deva,0.9655795097351074,0.03418770059943199,"[[0.9655795097351074, ""anp_Deva""], [0.03418770059943199, ""hin_Deva""], [0.00011324547085678205, ""awa_Deva""], [9.617161413189024e-05, ""mag_Deva""], [6.763776036677882e-05, ""new_Deva""]]"
L1,156787,anp_Deva,0.7948406934738159,0.19163398444652557,"[[0.7948406934738159, ""anp_Deva""], [0.19163398444652557, ""hin_Deva""], [0.00756498146802187, ""awa_Deva""], [0.002231001388281584, ""mai_Deva""], [0.001687242416664958, ""mag_Deva""]]"
L1,156884,hin_Deva,0.9832257628440857,0.9832257628440857,"[[0.9832257628440857, ""hin_Deva""], [0.009748880751430988, ""anp_Deva""], [0.005065194796770811, ""new_Deva""], [0.0015352448681369424, ""awa_Deva""], [0.00026569387409836054, ""mag_Deva""]]"
L1,156893,hin_Deva,0.907012939453125,0.907012939453125,"[[0.907012939453125, ""hin_Deva""], [0.07973136007785797, ""anp_Deva""], [0.010650823824107647, ""awa_Deva""], [0.002571241231635213, ""new_Deva""], [7.782557077007368e-05, ""mup_Deva""]]"
L1,156899,anp_Deva,0.5546997785568237,0.43824535608291626,"[[0.5546997785568237, ""anp_Deva""], [0.43824535608291626, ""hin_Deva""], [0.006389052607119083, ""new_Deva""], [0.0005553658702410758, ""mag_Deva""], [8.517757669324055e-05, ""awa_Deva""]]"
L1,157250,hin_Deva,0.9784832000732422,0.9784832000732422,"[[0.9784832000732422, ""hin_Deva""], [0.014591753482818604, ""anp_Deva""], [0.0030517519917339087, ""mag_Deva""], [0.001307446975260973, ""bho_Deva""], [0.0010121605591848493, ""mai_Deva""]]"
L1,157264,hin_Deva,0.8823196291923523,0.8823196291923523,"[[0.8823196291923523, ""hin_Deva""], [0.09701977670192719, ""anp_Deva""], [0.0152655728161335, ""awa_Deva""], [0.004265132360160351, ""new_Deva""], [0.0008899032254703343, ""mai_Deva""]]"
L1,157328,hin_Deva,0.9074997305870056,0.9074997305870056,"[[0.9074997305870056, ""hin_Deva""], [0.07267209887504578, ""anp_Deva""], [0.009745227172970772, ""awa_Deva""], [0.006211249157786369, ""new_Deva""], [0.00334867462515831, ""mai_Deva""]]"
L1,157507,hin_Deva,0.971747100353241,0.971747100353241,"[[0.971747100353241, ""hin_Deva""], [0.02035936713218689, ""awa_Deva""], [0.004813722334802151, ""anp_Deva""], [0.0029838315676897764, ""new_Deva""], [8.196901762858033e-05, ""mai_Deva""]]"
L1,157602,anp_Deva,1.0000046491622925,1.2487553249229677e-05,"[[1.0000046491622925, ""anp_Deva""], [1.2513637557276525e-05, ""awa_Deva""], [1.2487553249229677e-05, ""hin_Deva""], [1.013943983707577e-05, ""mar_Deva""], [1.0101585758093279e-05, ""mai_Deva""]]"
L1,157734,anp_Deva,0.9962950944900513,0.003682002192363143,"[[0.9962950944900513, ""anp_Deva""], [0.003682002192363143, ""hin_Deva""], [3.426561306696385e-05, ""doi_Deva""], [2.33627506531775e-05, ""awa_Deva""], [1.3009233043703716e-05, ""mai_Deva""]]"
L1,157889,hin_Deva,0.9474771618843079,0.9474771618843079,"[[0.9474771618843079, ""hin_Deva""], [0.02684730850160122, ""awa_Deva""], [0.024362638592720032, ""anp_Deva""], [0.0006057248101569712, ""bho_Deva""], [0.0005984598537907004, ""new_Deva""]]"
L1,158335,anp_Deva,0.9881610870361328,0.011559865437448025,"[[0.9881610870361328, ""anp_Deva""], [0.011559865437448025, ""hin_Deva""], [0.00023882559617049992, ""awa_Deva""], [4.09471795137506e-05, ""mai_Deva""], [2.4947717975010164e-05, ""new_Deva""]]"
L1,158400,anp_Deva,0.93294757604599,0.06561628729104996,"[[0.93294757604599, ""anp_Deva""], [0.06561628729104996, ""hin_Deva""], [0.0011071180924773216, ""new_Deva""], [0.0003505151253193617, ""awa_Deva""], [2.3368298570858315e-05, ""mag_Deva""]]"
L1,158664,anp_Deva,0.9918456077575684,0.007728214841336012,"[[0.9918456077575684, ""anp_Deva""], [0.007728214841336012, ""hin_Deva""], [0.0003060040471609682, ""awa_Deva""], [0.0001496038312325254, ""new_Deva""], [1.4002745956531726e-05, ""mup_Deva""]]"
L1,158726,anp_Deva,0.8848901391029358,0.1114693135023117,"[[0.8848901391029358, ""anp_Deva""], [0.1114693135023117, ""hin_Deva""], [0.003058358561247587, ""brx_Deva""], [0.00037281500408425927, ""awa_Deva""], [0.00010578222281765193, ""new_Deva""]]"
L1,159001,hin_Deva,0.922003984451294,0.922003984451294,"[[0.922003984451294, ""hin_Deva""], [0.06600704789161682, ""anp_Deva""], [0.007038347888737917, ""mai_Deva""], [0.0023662548046559095, ""npi_Deva""], [0.001548945321701467, ""awa_Deva""]]"
L1,159017,anp_Deva,0.999627947807312,0.0003811857313849032,"[[0.999627947807312, ""anp_Deva""], [0.0003811857313849032, ""hin_Deva""], [1.989851807593368e-05, ""new_Deva""], [1.0680874765967019e-05, ""awa_Deva""], [1.0202099474554416e-05, ""mar_Deva""]]"
L1,159073,hin_Deva,0.9455283880233765,0.9455283880233765,"[[0.9455283880233765, ""hin_Deva""], [0.030234714969992638, ""mag_Deva""], [0.016940489411354065, ""anp_Deva""], [0.004112714901566505, ""new_Deva""], [0.0015837536193430424, ""awa_Deva""]]"
L1,159419,anp_Deva,0.8116837739944458,0.1810954213142395,"[[0.8116837739944458, ""anp_Deva""], [0.1810954213142395, ""hin_Deva""], [0.0033409472089260817, ""awa_Deva""], [0.0014066731091588736, ""mai_Deva""], [0.001158687868155539, ""new_Deva""]]"
L1,159420,hin_Deva,0.5629565119743347,0.5629565119743347,"[[0.5629565119743347, ""hin_Deva""], [0.3842995762825012, ""anp_Deva""], [0.03767194598913193, ""awa_Deva""], [0.006213364191353321, ""mai_Deva""], [0.0058806054294109344, ""mag_Deva""]]"
L1,159719,anp_Deva,0.9998753070831299,0.0001433213910786435,"[[0.9998753070831299, ""anp_Deva""], [0.0001433213910786435, ""hin_Deva""], [1.0864035175472964e-05, ""new_Deva""], [1.0429503163322806e-05, ""awa_Deva""], [1.0013822247856297e-05, ""mai_Deva""]]"
L1,159769,anp_Deva,0.8223233222961426,0.1573294699192047,"[[0.8223233222961426, ""anp_Deva""], [0.1573294699192047, ""hin_Deva""], [0.011229777708649635, ""brx_Deva""], [0.002992043737322092, ""new_Deva""], [0.0027795794885605574, ""awa_Deva""]]"
L1,159868,anp_Deva,0.7550939917564392,0.24069932103157043,"[[0.7550939917564392, ""anp_Deva""], [0.24069932103157043, ""hin_Deva""], [0.003888157196342945, ""awa_Deva""], [0.00016243229038082063, ""new_Deva""], [0.00010521497461013496, ""bho_Deva""]]"
L1,160596,anp_Deva,0.7779649496078491,0.2022206336259842,"[[0.7779649496078491, ""anp_Deva""], [0.2022206336259842, ""hin_Deva""], [0.01730363816022873, ""awa_Deva""], [0.0015253123128786683, ""new_Deva""], [0.0009272588649764657, ""mai_Deva""]]"
L1,160639,anp_Deva,0.851652979850769,0.1469956934452057,"[[0.851652979850769, ""anp_Deva""], [0.1469956934452057, ""hin_Deva""], [0.0007047929102554917, ""awa_Deva""], [0.0003812784270849079, ""new_Deva""], [0.00026843228260986507, ""mai_Deva""]]"
L1,160685,hin_Deva,0.7979997992515564,0.7979997992515564,"[[0.7979997992515564, ""hin_Deva""], [0.16783283650875092, ""bho_Deva""], [0.012480220757424831, ""mai_Deva""], [0.0045481231063604355, ""mag_Deva""], [0.0034142981749027967, ""snd_Deva""]]"
L1,160761,hin_Deva,0.9260053038597107,0.9260053038597107,"[[0.9260053038597107, ""hin_Deva""], [0.0727759525179863, ""anp_Deva""], [0.0008277902961708605, ""new_Deva""], [0.00014510779874399304, ""mag_Deva""], [0.0001039827402564697, ""awa_Deva""]]"
L1,161042,anp_Deva,0.9939385652542114,0.006044365465641022,"[[0.9939385652542114, ""anp_Deva""], [0.006044365465641022, ""hin_Deva""], [4.179897587164305e-05, ""awa_Deva""], [1.2062202586093917e-05, ""mai_Deva""], [1.1740383342839777e-05, ""new_Deva""]]"
L1,161327,anp_Deva,0.9176599383354187,0.04390581324696541,"[[0.9176599383354187, ""anp_Deva""], [0.04390581324696541, ""hin_Deva""], [0.037142157554626465, ""awa_Deva""], [0.0005963549483567476, ""new_Deva""], [0.0005163843161426485, ""mai_Deva""]]"
L1,161421,anp_Deva,0.9868935942649841,0.012943984940648079,"[[0.9868935942649841, ""anp_Deva""], [0.012943984940648079, ""hin_Deva""], [9.54200149863027e-05, ""doi_Deva""], [5.988774501020089e-05, ""mup_Deva""], [3.1789462809683755e-05, ""awa_Deva""]]"
L1,161728,anp_Deva,0.7637913227081299,0.2222444713115692,"[[0.7637913227081299, ""anp_Deva""], [0.2222444713115692, ""hin_Deva""], [0.013687155209481716, ""awa_Deva""], [0.00014522131823468953, ""new_Deva""], [9.141392365563661e-05, ""mai_Deva""]]"
L1,161908,hin_Deva,0.9682202935218811,0.9682202935218811,"[[0.9682202935218811, ""hin_Deva""], [0.026379507035017014, ""new_Deva""], [0.004413643851876259, ""anp_Deva""], [0.00044226794852875173, ""awa_Deva""], [0.00042124197352677584, ""mai_Deva""]]"
L1,162176,new_Deva,0.6654921174049377,0.23825089633464813,"[[0.6654921174049377, ""new_Deva""], [0.23825089633464813, ""hin_Deva""], [0.04414347931742668, ""mar_Deva""], [0.04221227020025253, ""awa_Deva""], [0.006234623026102781, ""anp_Deva""]]"
L1,162218,hin_Deva,0.9710046648979187,0.9710046648979187,"[[0.9710046648979187, ""hin_Deva""], [0.013583251275122166, ""anp_Deva""], [0.008989418856799603, ""awa_Deva""], [0.004567591939121485, ""bho_Deva""], [0.0010270639322698116, ""new_Deva""]]"
L1,162265,anp_Deva,0.46222788095474243,0.4157984256744385,"[[0.46222788095474243, ""anp_Deva""], [0.4157984256744385, ""hin_Deva""], [0.11601220071315765, ""new_Deva""], [0.005835860967636108, ""awa_Deva""], [7.314585673157126e-05, ""bho_Deva""]]"
L1,162293,anp_Deva,0.9351614713668823,0.06264188885688782,"[[0.9351614713668823, ""anp_Deva""], [0.06264188885688782, ""hin_Deva""], [0.0013617135118693113, ""mag_Deva""], [0.0008129898924380541, ""new_Deva""], [5.175626210984774e-05, ""awa_Deva""]]"
L1,162462,awa_Deva,0.8767021894454956,0.10481766611337662,"[[0.8767021894454956, ""awa_Deva""], [0.10481766611337662, ""hin_Deva""], [0.015379720367491245, ""anp_Deva""], [0.0019545969553291798, ""new_Deva""], [0.0005597493727691472, ""mup_Deva""]]"
L1,162490,anp_Deva,0.9997811913490295,0.00021115435811225325,"[[0.9997811913490295, ""anp_Deva""], [0.00021115435811225325, ""hin_Deva""], [2.993680573126767e-05, ""awa_Deva""], [1.4666118659079075e-05, ""new_Deva""], [1.200030146719655e-05, ""mai_Deva""]]"
L1,162741,anp_Deva,0.941179096698761,0.04516853019595146,"[[0.941179096698761, ""anp_Deva""], [0.04516853019595146, ""hin_Deva""], [0.01266840472817421, ""new_Deva""], [0.0009382034186273813, ""awa_Deva""], [4.8776320909382775e-05, ""bho_Deva""]]"
L1,163295,hin_Deva,0.965840756893158,0.965840756893158,"[[0.965840756893158, ""hin_Deva""], [0.018947675824165344, ""anp_Deva""], [0.008074362762272358, ""awa_Deva""], [0.0025009000673890114, ""new_Deva""], [0.002307519083842635, ""mai_Deva""]]"
L1,163344,anp_Deva,0.8990010023117065,0.10027343034744263,"[[0.8990010023117065, ""anp_Deva""], [0.10027343034744263, ""hin_Deva""], [0.00026950810570269823, ""mai_Deva""], [0.00021642101637553424, ""awa_Deva""], [8.875313505996019e-05, ""bho_Deva""]]"
L1,163397,hin_Deva,0.8375768661499023,0.8375768661499023,"[[0.8375768661499023, ""hin_Deva""], [0.1599377542734146, ""anp_Deva""], [0.0018788339802995324, ""awa_Deva""], [0.00022973700833972543, ""new_Deva""], [0.00012656176113523543, ""mar_Deva""]]"
L1,163928,hin_Deva,0.8961526155471802,0.8961526155471802,"[[0.8961526155471802, ""hin_Deva""], [0.05038171261548996, ""awa_Deva""], [0.03785277530550957, ""anp_Deva""], [0.01055351085960865, ""mai_Deva""], [0.0037304351571947336, ""new_Deva""]]"
L1,164006,hin_Deva,0.7438395023345947,0.7438395023345947,"[[0.7438395023345947, ""hin_Deva""], [0.2512417733669281, ""anp_Deva""], [0.002261917805299163, ""awa_Deva""], [0.0011981421848759055, ""mag_Deva""], [0.0011301724007353187, ""new_Deva""]]"
L1,164052,anp_Deva,0.964813768863678,0.03507022559642792,"[[0.964813768863678, ""anp_Deva""], [0.03507022559642792, ""hin_Deva""], [6.010734796291217e-05, ""new_Deva""], [5.449420496006496e-05, ""mai_Deva""], [4.2884577851509675e-05, ""awa_Deva""]]"
L1,164072,hin_Deva,0.9595984816551208,0.9595984816551208,"[[0.9595984816551208, ""hin_Deva""], [0.03594132885336876, ""anp_Deva""], [0.002098002703860402, ""mai_Deva""], [0.001080639660358429, ""awa_Deva""], [0.0010641756234690547, ""new_Deva""]]"
L1,164457,hin_Deva,0.944009006023407,0.944009006023407,"[[0.944009006023407, ""hin_Deva""], [0.053062085062265396, ""anp_Deva""], [0.0014666392235085368, ""awa_Deva""], [0.0014540605479851365, ""new_Deva""], [2.7422660423326306e-05, ""sck_Deva""]]"
L1,164478,hin_Deva,0.8858475089073181,0.8858475089073181,"[[0.8858475089073181, ""hin_Deva""], [0.11048617213964462, ""anp_Deva""], [0.003242741571739316, ""new_Deva""], [0.00038343126652762294, ""awa_Deva""], [8.664749475428835e-05, ""bho_Deva""]]"
L1,164661,hin_Deva,0.9832761287689209,0.9832761287689209,"[[0.9832761287689209, ""hin_Deva""], [0.012365131638944149, ""anp_Deva""], [0.0019393140682950616, ""bho_Deva""], [0.0010243470314890146, ""new_Deva""], [0.0006631577271036804, ""mar_Deva""]]"
L1,164746,anp_Deva,0.9256529808044434,0.07298895716667175,"[[0.9256529808044434, ""anp_Deva""], [0.07298895716667175, ""hin_Deva""], [0.0012726442655548453, ""awa_Deva""], [0.00010298617416992784, ""new_Deva""], [2.2686708689434454e-05, ""mai_Deva""]]"
L1,164787,hin_Deva,0.7433549165725708,0.7433549165725708,"[[0.7433549165725708, ""hin_Deva""], [0.23271594941616058, ""anp_Deva""], [0.009686561301350594, ""mai_Deva""], [0.00923215877264738, ""new_Deva""], [0.002337154233828187, ""mag_Deva""]]"
L1,164849,anp_Deva,0.7321287989616394,0.2541668713092804,"[[0.7321287989616394, ""anp_Deva""], [0.2541668713092804, ""hin_Deva""], [0.013391269370913506, ""awa_Deva""], [0.00032997591188177466, ""new_Deva""], [2.303964356542565e-05, ""mai_Deva""]]"
L1,164875,anp_Deva,0.8349962830543518,0.1623859852552414,"[[0.8349962830543518, ""anp_Deva""], [0.1623859852552414, ""hin_Deva""], [0.0019121933728456497, ""awa_Deva""], [0.0006881559384055436, ""new_Deva""], [5.26642361364793e-05, ""mai_Deva""]]"
L1,164968,anp_Deva,0.8982622623443604,0.0953352302312851,"[[0.8982622623443604, ""anp_Deva""], [0.0953352302312851, ""hin_Deva""], [0.004932359326630831, ""new_Deva""], [0.0009262835374101996, ""awa_Deva""], [0.00033425932633690536, ""mai_Deva""]]"
L1,164989,hin_Deva,0.5411259531974792,0.5411259531974792,"[[0.5411259531974792, ""hin_Deva""], [0.458297997713089, ""anp_Deva""], [0.00029099200037308037, ""new_Deva""], [0.00014642997120972723, ""doi_Deva""], [9.093699918594211e-05, ""san_Deva""]]"
L1,165146,hin_Deva,0.9989665746688843,0.9989665746688843,"[[0.9989665746688843, ""hin_Deva""], [0.0005643884651362896, ""awa_Deva""], [0.00026834270101971924, ""bho_Deva""], [0.0001644256990402937, ""anp_Deva""], [5.9584443079074845e-05, ""new_Deva""]]"
L1,165179,hin_Deva,0.6513151526451111,0.6513151526451111,"[[0.6513151526451111, ""hin_Deva""], [0.34538358449935913, ""anp_Deva""], [0.002457082737237215, ""new_Deva""], [0.0007771706441417336, ""awa_Deva""], [6.571951962541789e-05, ""mai_Deva""]]"
L1,165257,hin_Deva,0.5187746286392212,0.5187746286392212,"[[0.5187746286392212, ""hin_Deva""], [0.47622227668762207, ""anp_Deva""], [0.0035701843444257975, ""new_Deva""], [0.0008161496953107417, ""bho_Deva""], [0.00045460500405170023, ""mag_Deva""]]"
L1,165457,hin_Deva,0.9587123394012451,0.9587123394012451,"[[0.9587123394012451, ""hin_Deva""], [0.03904937952756882, ""anp_Deva""], [0.0009566248045302927, ""mar_Deva""], [0.0005493232165463269, ""awa_Deva""], [0.0003928645164705813, ""mai_Deva""]]"
L1,165527,anp_Deva,0.9149108529090881,0.07210007309913635,"[[0.9149108529090881, ""anp_Deva""], [0.07210007309913635, ""hin_Deva""], [0.006282520946115255, ""awa_Deva""], [0.003374861553311348, ""mag_Deva""], [0.0012385701993480325, ""mai_Deva""]]"
L1,165672,hin_Deva,0.887697696685791,0.887697696685791,"[[0.887697696685791, ""hin_Deva""], [0.052097294479608536, ""bho_Deva""], [0.017398884519934654, ""anp_Deva""], [0.014216342009603977, ""awa_Deva""], [0.011696107685565948, ""mag_Deva""]]"
L1,165821,anp_Deva,0.8971662521362305,0.09999897330999374,"[[0.8971662521362305, ""anp_Deva""], [0.09999897330999374, ""hin_Deva""], [0.0009045643382705748, ""mup_Deva""], [0.0005328627303242683, ""mai_Deva""], [0.000462947238702327, ""awa_Deva""]]"
L1,165863,hin_Deva,0.6845526099205017,0.6845526099205017,"[[0.6845526099205017, ""hin_Deva""], [0.28178340196609497, ""anp_Deva""], [0.01158913318067789, ""mai_Deva""], [0.011513210833072662, ""mar_Deva""], [0.005013175308704376, ""awa_Deva""]]"
L1,165883,anp_Deva,0.9673241376876831,0.03243895620107651,"[[0.9673241376876831, ""anp_Deva""], [0.03243895620107651, ""hin_Deva""], [0.00017880149243865162, ""new_Deva""], [5.558909469982609e-05, ""mai_Deva""], [4.772395550389774e-05, ""awa_Deva""]]"
L1,166264,hin_Deva,0.9016034007072449,0.9016034007072449,"[[0.9016034007072449, ""hin_Deva""], [0.09256032109260559, ""anp_Deva""], [0.003622181247919798, ""awa_Deva""], [0.0011481052497401834, ""new_Deva""], [0.0005400671507231891, ""bho_Deva""]]"
L1,166327,hin_Deva,0.6003390550613403,0.6003390550613403,"[[0.6003390550613403, ""hin_Deva""], [0.3840278685092926, ""anp_Deva""], [0.008323333226144314, ""awa_Deva""], [0.005901237949728966, ""bho_Deva""], [0.0010695273522287607, ""mai_Deva""]]"
L1,166539,anp_Deva,0.8588477373123169,0.041307397186756134,"[[0.8588477373123169, ""anp_Deva""], [0.09924390912055969, ""awa_Deva""], [0.041307397186756134, ""hin_Deva""], [0.0006225710385479033, ""mai_Deva""], [2.374095856794156e-05, ""new_Deva""]]"
L1,166596,hin_Deva,0.8589169979095459,0.8589169979095459,"[[0.8589169979095459, ""hin_Deva""], [0.1393546462059021, ""anp_Deva""], [0.0011428692378103733, ""awa_Deva""], [0.0005595068214461207, ""new_Deva""], [6.667530396953225e-05, ""mai_Deva""]]"
L1,166611,hin_Deva,0.8939700126647949,0.8939700126647949,"[[0.8939700126647949, ""hin_Deva""], [0.10346594452857971, ""anp_Deva""], [0.0014218124561011791, ""awa_Deva""], [0.0010173714254051447, ""new_Deva""], [9.896935807773843e-05, ""mai_Deva""]]"
L1,166808,anp_Deva,0.956456184387207,0.04145122691988945,"[[0.956456184387207, ""anp_Deva""], [0.04145122691988945, ""hin_Deva""], [0.0017803326481953263, ""awa_Deva""], [0.0001782724866643548, ""doi_Deva""], [0.00016368862998206168, ""mai_Deva""]]"
L1,166828,hin_Deva,0.8010628819465637,0.8010628819465637,"[[0.8010628819465637, ""hin_Deva""], [0.19267968833446503, ""anp_Deva""], [0.0045599318109452724, ""doi_Deva""], [0.0009155662264674902, ""sck_Deva""], [0.0004008469404652715, ""awa_Deva""]]"
L1,166838,anp_Deva,0.9989769458770752,0.0010424467036500573,"[[0.9989769458770752, ""anp_Deva""], [0.0010424467036500573, ""hin_Deva""], [1.0405976354377344e-05, ""new_Deva""], [1.0212495908490382e-05, ""awa_Deva""], [1.0039285371021833e-05, ""doi_Deva""]]"
L1,167091,hin_Deva,0.616209089756012,0.616209089756012,"[[0.616209089756012, ""hin_Deva""], [0.38155055046081543, ""anp_Deva""], [0.001818272634409368, ""new_Deva""], [0.0003045350022148341, ""awa_Deva""], [8.641197928227484e-05, ""bho_Deva""]]"
L1,167173,hin_Deva,0.6810534000396729,0.6810534000396729,"[[0.6810534000396729, ""hin_Deva""], [0.31817710399627686, ""anp_Deva""], [0.0005738065810874104, ""awa_Deva""], [0.00020247342763468623, ""new_Deva""], [3.349666076246649e-05, ""mai_Deva""]]"
L1,167268,anp_Deva,0.981921374797821,0.018027503043413162,"[[0.981921374797821, ""anp_Deva""], [0.018027503043413162, ""hin_Deva""], [5.013495319872163e-05, ""new_Deva""], [3.3381347748218104e-05, ""awa_Deva""], [1.4695394384034444e-05, ""mai_Deva""]]"
L1,167554,hin_Deva,0.8862608671188354,0.8862608671188354,"[[0.8862608671188354, ""hin_Deva""], [0.10661329329013824, ""anp_Deva""], [0.002574032172560692, ""awa_Deva""], [0.0018494381802156568, ""bho_Deva""], [0.0014265818754211068, ""new_Deva""]]"
L1,167646,hin_Deva,0.6579926609992981,0.6579926609992981,"[[0.6579926609992981, ""hin_Deva""], [0.3408620357513428, ""anp_Deva""], [0.0005683066556230187, ""mai_Deva""], [0.0003066169156227261, ""new_Deva""], [0.0002647415967658162, ""mag_Deva""]]"
L1,167790,anp_Deva,0.5335055589675903,0.43984362483024597,"[[0.5335055589675903, ""anp_Deva""], [0.43984362483024597, ""hin_Deva""], [0.015909837558865547, ""new_Deva""], [0.005710328463464975, ""awa_Deva""], [0.002971930895000696, ""bho_Deva""]]"
L1,168153,hin_Deva,0.9795303344726562,0.9795303344726562,"[[0.9795303344726562, ""hin_Deva""], [0.02015894092619419, ""awa_Deva""], [0.0002728881372604519, ""new_Deva""], [3.1807900086278096e-05, ""bho_Deva""], [2.2768248527427204e-05, ""kas_Deva""]]"
L1,168228,anp_Deva,0.6498469710350037,0.031044142320752144,"[[0.6498469710350037, ""anp_Deva""], [0.3188055455684662, ""awa_Deva""], [0.031044142320752144, ""hin_Deva""], [0.00021122947509866208, ""mai_Deva""], [0.00012216702452860773, ""new_Deva""]]"
L1,168241,hin_Deva,0.7231124043464661,0.7231124043464661,"[[0.7231124043464661, ""hin_Deva""], [0.24953408539295197, ""anp_Deva""], [0.013242869637906551, ""mai_Deva""], [0.008067493326961994, ""awa_Deva""], [0.0046118395403027534, ""new_Deva""]]"
L1,168438,anp_Deva,0.9997170567512512,0.00011252901458647102,"[[0.9997170567512512, ""anp_Deva""], [0.00019518568296916783, ""mup_Deva""], [0.00011252901458647102, ""hin_Deva""], [1.5148420061450452e-05, ""awa_Deva""], [1.002513545245165e-05, ""new_Deva""]]"
L1,168555,hin_Deva,0.5774946808815002,0.5774946808815002,"[[0.5774946808815002, ""hin_Deva""], [0.4185565710067749, ""anp_Deva""], [0.00280374544672668, ""mai_Deva""], [0.001157583435997367, ""awa_Deva""], [2.6831006834981963e-05, ""new_Deva""]]"
L1,168896,hin_Deva,0.729817807674408,0.729817807674408,"[[0.729817807674408, ""hin_Deva""], [0.22374825179576874, ""bho_Deva""], [0.030018586665391922, ""anp_Deva""], [0.007252159528434277, ""mai_Deva""], [0.0062583619728684425, ""awa_Deva""]]"
L1,168899,hin_Deva,0.9789701104164124,0.9789701104164124,"[[0.9789701104164124, ""hin_Deva""], [0.01020178385078907, ""bho_Deva""], [0.007244268897920847, ""anp_Deva""], [0.0012301616370677948, ""hne_Deva""], [0.0008670167881064117, ""awa_Deva""]]"
L1,168965,hin_Deva,0.6459594964981079,0.6459594964981079,"[[0.6459594964981079, ""hin_Deva""], [0.33867430686950684, ""anp_Deva""], [0.01273378822952509, ""awa_Deva""], [0.0011002296814695, ""bho_Deva""], [0.0008555973181501031, ""new_Deva""]]"
L1,169092,hin_Deva,0.8559898138046265,0.8559898138046265,"[[0.8559898138046265, ""hin_Deva""], [0.06620683521032333, ""anp_Deva""], [0.061910491436719894, ""awa_Deva""], [0.014314252883195877, ""new_Deva""], [0.0008555867243558168, ""mai_Deva""]]"
L1,169134,anp_Deva,0.8601729273796082,0.13726499676704407,"[[0.8601729273796082, ""anp_Deva""], [0.13726499676704407, ""hin_Deva""], [0.002454732544720173, ""awa_Deva""], [0.00013715607929043472, ""new_Deva""], [1.4433125215873588e-05, ""bho_Deva""]]"
L1,169424,hin_Deva,0.9629263877868652,0.9629263877868652,"[[0.9629263877868652, ""hin_Deva""], [0.031492460519075394, ""anp_Deva""], [0.0018856588285416365, ""new_Deva""], [0.0013386767823249102, ""bho_Deva""], [0.0009613810107111931, ""awa_Deva""]]"
L1,169527,anp_Deva,0.8570430874824524,0.14020422101020813,"[[0.8570430874824524, ""anp_Deva""], [0.14020422101020813, ""hin_Deva""], [0.0014642913592979312, ""awa_Deva""], [0.0007700849673710763, ""mai_Deva""], [0.0002627367211971432, ""mag_Deva""]]"
L1,169533,anp_Deva,0.9415805339813232,0.03989417478442192,"[[0.9415805339813232, ""anp_Deva""], [0.03989417478442192, ""hin_Deva""], [0.01823989301919937, ""awa_Deva""], [0.0001822223566705361, ""new_Deva""], [8.299228647956625e-05, ""mai_Deva""]]"
L1,169609,hin_Deva,0.7270355820655823,0.7270355820655823,"[[0.7270355820655823, ""hin_Deva""], [0.25399574637413025, ""anp_Deva""], [0.009710798971354961, ""mai_Deva""], [0.007074978202581406, ""awa_Deva""], [0.0016904717776924372, ""new_Deva""]]"
L1,169613,hin_Deva,0.9848259687423706,0.9848259687423706,"[[0.9848259687423706, ""hin_Deva""], [0.00845970120280981, ""anp_Deva""], [0.002944493666291237, ""awa_Deva""], [0.0012704258551821113, ""mai_Deva""], [0.0011618414428085089, ""new_Deva""]]"
L1,169622,hin_Deva,0.5922596454620361,0.5922596454620361,"[[0.5922596454620361, ""hin_Deva""], [0.3098598122596741, ""anp_Deva""], [0.050937194377183914, ""mag_Deva""], [0.025537481531500816, ""bho_Deva""], [0.013649893924593925, ""mai_Deva""]]"
L1,170238,anp_Deva,0.9259076714515686,0.0740116685628891,"[[0.9259076714515686, ""anp_Deva""], [0.0740116685628891, ""hin_Deva""], [9.817454701988026e-05, ""new_Deva""], [1.5497778804274276e-05, ""awa_Deva""], [1.3147689969628118e-05, ""mai_Deva""]]"
L1,170255,hin_Deva,0.8971091508865356,0.8971091508865356,"[[0.8971091508865356, ""hin_Deva""], [0.08162962645292282, ""anp_Deva""], [0.019603341817855835, ""awa_Deva""], [0.0010811695829033852, ""new_Deva""], [0.000303660926874727, ""bho_Deva""]]"
L1,170274,hin_Deva,0.9270125031471252,0.9270125031471252,"[[0.9270125031471252, ""hin_Deva""], [0.0589233860373497, ""anp_Deva""], [0.009745761752128601, ""awa_Deva""], [0.0021850287448614836, ""new_Deva""], [0.0017373599112033844, ""mai_Deva""]]"
L1,170512,hin_Deva,0.8341066241264343,0.8341066241264343,"[[0.8341066241264343, ""hin_Deva""], [0.15552672743797302, ""anp_Deva""], [0.009038309566676617, ""awa_Deva""], [0.001108291675336659, ""new_Deva""], [0.00018967833602800965, ""mup_Deva""]]"
L1,170684,anp_Deva,0.9878584146499634,0.012111464515328407,"[[0.9878584146499634, ""anp_Deva""], [0.012111464515328407, ""hin_Deva""], [5.714430517400615e-05, ""awa_Deva""], [1.281822278542677e-05, ""new_Deva""], [1.0192335139436182e-05, ""mai_Deva""]]"
L1,170697,hin_Deva,0.874289333820343,0.874289333820343,"[[0.874289333820343, ""hin_Deva""], [0.10744685679674149, ""anp_Deva""], [0.017790088430047035, ""awa_Deva""], [0.0002953938383143395, ""new_Deva""], [0.00015662878286093473, ""mai_Deva""]]"
L1,170723,hin_Deva,0.9069636464118958,0.9069636464118958,"[[0.9069636464118958, ""hin_Deva""], [0.08423653244972229, ""anp_Deva""], [0.007109744008630514, ""awa_Deva""], [0.0009833609219640493, ""mai_Deva""], [0.00036822777474299073, ""bho_Deva""]]"
L1,170761,hin_Deva,0.9456955194473267,0.9456955194473267,"[[0.9456955194473267, ""hin_Deva""], [0.0537225566804409, ""anp_Deva""], [0.000446963676949963, ""new_Deva""], [0.00010527278936933726, ""san_Deva""], [7.331982487812638e-05, ""awa_Deva""]]"
L1,170853,anp_Deva,1.0000051259994507,1.4312545317807235e-05,"[[1.0000051259994507, ""anp_Deva""], [1.4312545317807235e-05, ""hin_Deva""], [1.0492193723621313e-05, ""mai_Deva""], [1.009529751172522e-05, ""new_Deva""], [1.0003608622355387e-05, ""awa_Deva""]]"
L1,170871,anp_Deva,0.9720240831375122,0.026879997923970222,"[[0.9720240831375122, ""anp_Deva""], [0.026879997923970222, ""hin_Deva""], [0.00095219851937145, ""awa_Deva""], [0.00015780726971570402, ""doi_Deva""], [3.1002844480099156e-05, ""new_Deva""]]"
L1,171214,anp_Deva,0.6269117593765259,0.3585272431373596,"[[0.6269117593765259, ""anp_Deva""], [0.3585272431373596, ""hin_Deva""], [0.00830470398068428, ""new_Deva""], [0.0027260619681328535, ""mai_Deva""], [0.0016668954631313682, ""awa_Deva""]]"
L1,171218,anp_Deva,0.9353449940681458,0.06359809637069702,"[[0.9353449940681458, ""anp_Deva""], [0.06359809637069702, ""hin_Deva""], [0.0008599304128438234, ""awa_Deva""], [8.666765643283725e-05, ""mai_Deva""], [6.325497088255361e-05, ""new_Deva""]]"
L1,171444,hin_Deva,0.8329108953475952,0.8329108953475952,"[[0.8329108953475952, ""hin_Deva""], [0.1191142201423645, ""anp_Deva""], [0.04019298031926155, ""new_Deva""], [0.0038775943685323, ""awa_Deva""], [0.0014581833966076374, ""mai_Deva""]]"
L1,171761,hin_Deva,0.9630744457244873,0.9630744457244873,"[[0.9630744457244873, ""hin_Deva""], [0.012887410819530487, ""awa_Deva""], [0.011466789059340954, ""new_Deva""], [0.006816760636866093, ""bho_Deva""], [0.002815889660269022, ""anp_Deva""]]"
L1,171768,anp_Deva,0.9564604759216309,0.042222123593091965,"[[0.9564604759216309, ""anp_Deva""], [0.042222123593091965, ""hin_Deva""], [0.0006835443782620132, ""new_Deva""], [0.00030502010486088693, ""mag_Deva""], [0.00023545886506326497, ""awa_Deva""]]"
L1,171816,hin_Deva,0.47829025983810425,0.47829025983810425,"[[0.47829025983810425, ""hin_Deva""], [0.45599839091300964, ""awa_Deva""], [0.030672915279865265, ""mai_Deva""], [0.023724857717752457, ""new_Deva""], [0.009813429787755013, ""anp_Deva""]]"
L1,171864,anp_Deva,0.9018797874450684,0.09392184019088745,"[[0.9018797874450684, ""anp_Deva""], [0.09392184019088745, ""hin_Deva""], [0.003823382081463933, ""awa_Deva""], [0.0002210754610132426, ""mai_Deva""], [0.00016052489809226245, ""new_Deva""]]"
L1,172008,anp_Deva,0.9907848238945007,0.008997214958071709,"[[0.9907848238945007, ""anp_Deva""], [0.008997214958071709, ""hin_Deva""], [0.0001606098812771961, ""new_Deva""], [7.710976205999032e-05, ""awa_Deva""], [1.402514499204699e-05, ""mup_Deva""]]"
L1,172473,anp_Deva,0.5646533370018005,0.424465537071228,"[[0.5646533370018005, ""anp_Deva""], [0.424465537071228, ""hin_Deva""], [0.005543943028897047, ""hne_Deva""], [0.0020904999691993, ""mag_Deva""], [0.0011482600821182132, ""awa_Deva""]]"
L1,172993,hin_Deva,0.997478723526001,0.997478723526001,"[[0.997478723526001, ""hin_Deva""], [0.0014400568325072527, ""awa_Deva""], [0.0005352685111574829, ""mag_Deva""], [0.0002364471583859995, ""anp_Deva""], [0.00015333147894125432, ""new_Deva""]]"
L1,173081,hin_Deva,0.9757356643676758,0.9757356643676758,"[[0.9757356643676758, ""hin_Deva""], [0.013029733672738075, ""anp_Deva""], [0.010413488373160362, ""new_Deva""], [0.00035025383112952113, ""awa_Deva""], [0.0002957441902253777, ""mar_Deva""]]"
L1,173233,hin_Deva,0.9405518770217896,0.9405518770217896,"[[0.9405518770217896, ""hin_Deva""], [0.05336005240678787, ""anp_Deva""], [0.004264269955456257, ""new_Deva""], [0.0011822752421721816, ""awa_Deva""], [0.00042611276148818433, ""mai_Deva""]]"
L1,173288,anp_Deva,0.7252846956253052,0.25805145502090454,"[[0.7252846956253052, ""anp_Deva""], [0.25805145502090454, ""hin_Deva""], [0.009391071274876595, ""new_Deva""], [0.0058919223956763744, ""awa_Deva""], [0.0005166288465261459, ""bho_Deva""]]"
L1,173371,anp_Deva,0.9783362150192261,0.021540718153119087,"[[0.9783362150192261, ""anp_Deva""], [0.021540718153119087, ""hin_Deva""], [7.792271208018064e-05, ""awa_Deva""], [4.854642247664742e-05, ""new_Deva""], [4.204882134217769e-05, ""mai_Deva""]]"
L1,173381,anp_Deva,0.504970133304596,0.4907034635543823,"[[0.504970133304596, ""anp_Deva""], [0.4907034635543823, ""hin_Deva""], [0.002471066080033779, ""bho_Deva""], [0.0011471016332507133, ""awa_Deva""], [0.00023302415502257645, ""kas_Deva""]]"
L1,173463,anp_Deva,0.9756358861923218,0.022227901965379715,"[[0.9756358861923218, ""anp_Deva""], [0.022227901965379715, ""hin_Deva""], [0.001903605298139155, ""awa_Deva""], [0.0001720703294267878, ""mai_Deva""], [0.00010445434600114822, ""new_Deva""]]"
L1,173628,hin_Deva,0.9807016849517822,0.9807016849517822,"[[0.9807016849517822, ""hin_Deva""], [0.01570439338684082, ""anp_Deva""], [0.0024767909198999405, ""awa_Deva""], [0.0008803524542599916, ""new_Deva""], [0.0001801968173822388, ""san_Deva""]]"
L1,173686,anp_Deva,0.7496147751808167,0.24211637675762177,"[[0.7496147751808167, ""anp_Deva""], [0.24211637675762177, ""hin_Deva""], [0.006590197328478098, ""awa_Deva""], [0.001205364242196083, ""new_Deva""], [0.00037690720637328923, ""mai_Deva""]]"
L1,173729,new_Deva,0.8346083760261536,0.029607290402054787,"[[0.8346083760261536, ""new_Deva""], [0.09102161973714828, ""anp_Deva""], [0.030708104372024536, ""mai_Deva""], [0.029607290402054787, ""hin_Deva""], [0.009401475079357624, ""awa_Deva""]]"
L1,173740,hin_Deva,0.9704947471618652,0.9704947471618652,"[[0.9704947471618652, ""hin_Deva""], [0.02521476522088051, ""anp_Deva""], [0.0018988004885613918, ""awa_Deva""], [0.0009149403776973486, ""new_Deva""], [0.0009098523296415806, ""mag_Deva""]]"
L1,174264,anp_Deva,0.9954108595848083,0.004587588366121054,"[[0.9954108595848083, ""anp_Deva""], [0.004587588366121054, ""hin_Deva""], [2.0158358893240802e-05, ""new_Deva""], [1.5103658370207995e-05, ""mup_Deva""], [1.4286239093053155e-05, ""mag_Deva""]]"
L1,174346,hin_Deva,0.7272554039955139,0.7272554039955139,"[[0.7272554039955139, ""hin_Deva""], [0.1958836168050766, ""awa_Deva""], [0.07290170341730118, ""anp_Deva""], [0.0012209167471155524, ""sck_Deva""], [0.0009741700487211347, ""mai_Deva""]]"
L1,174460,hin_Deva,0.9684811234474182,0.9684811234474182,"[[0.9684811234474182, ""hin_Deva""], [0.021936409175395966, ""anp_Deva""], [0.006455952301621437, ""awa_Deva""], [0.002022974193096161, ""new_Deva""], [0.0005602220189757645, ""bho_Deva""]]"
L1,174493,hin_Deva,0.4927912950515747,0.4927912950515747,"[[0.4927912950515747, ""hin_Deva""], [0.48589685559272766, ""anp_Deva""], [0.013406731188297272, ""awa_Deva""], [0.002302758628502488, ""bho_Deva""], [0.0018349678721278906, ""mar_Deva""]]"
L1,174575,hin_Deva,0.800525426864624,0.800525426864624,"[[0.800525426864624, ""hin_Deva""], [0.17400389909744263, ""anp_Deva""], [0.021717429161071777, ""new_Deva""], [0.0019437968730926514, ""mup_Deva""], [0.0014968253672122955, ""awa_Deva""]]"
L1,175037,anp_Deva,0.9999483823776245,6.914085679454729e-05,"[[0.9999483823776245, ""anp_Deva""], [6.914085679454729e-05, ""hin_Deva""], [1.2473687093006447e-05, ""new_Deva""], [1.0003866009355988e-05, ""mai_Deva""], [1.0003083843912464e-05, ""awa_Deva""]]"
L1,175300,anp_Deva,0.9994122982025146,0.0005848321015946567,"[[0.9994122982025146, ""anp_Deva""], [0.0005848321015946567, ""hin_Deva""], [2.4315273549291305e-05, ""awa_Deva""], [1.573242298036348e-05, ""doi_Deva""], [1.183621134259738e-05, ""mai_Deva""]]"
L1,175324,anp_Deva,0.8122642636299133,0.1631346195936203,"[[0.8122642636299133, ""anp_Deva""], [0.1631346195936203, ""hin_Deva""], [0.020557379350066185, ""awa_Deva""], [0.002758776070550084, ""mag_Deva""], [0.0006247460842132568, ""mai_Deva""]]"
L1,175354,hin_Deva,0.5317299962043762,0.5317299962043762,"[[0.5317299962043762, ""hin_Deva""], [0.4612314999103546, ""anp_Deva""], [0.004098000004887581, ""awa_Deva""], [0.0013305837055668235, ""mai_Deva""], [0.0010658235987648368, ""new_Deva""]]"
L1,175399,hin_Deva,0.9671992063522339,0.9671992063522339,"[[0.9671992063522339, ""hin_Deva""], [0.017475612461566925, ""awa_Deva""], [0.010282635688781738, ""new_Deva""], [0.002519301138818264, ""mai_Deva""], [0.0013154363259673119, ""anp_Deva""]]"
L1,175467,anp_Deva,0.9980986714363098,0.0013864709762856364,"[[0.9980986714363098, ""anp_Deva""], [0.0013864709762856364, ""hin_Deva""], [0.0005019384552724659, ""awa_Deva""], [3.431639925111085e-05, ""mai_Deva""], [2.724449041124899e-05, ""new_Deva""]]"
L1,175625,hin_Deva,0.8417848944664001,0.8417848944664001,"[[0.8417848944664001, ""hin_Deva""], [0.14600172638893127, ""anp_Deva""], [0.0058298418298363686, ""new_Deva""], [0.005115645471960306, ""awa_Deva""], [0.0009447149932384491, ""mag_Deva""]]"
L1,176034,hin_Deva,0.8993397951126099,0.8993397951126099,"[[0.8993397951126099, ""hin_Deva""], [0.09648603945970535, ""anp_Deva""], [0.0016711086500436068, ""mai_Deva""], [0.0012525212951004505, ""new_Deva""], [0.0006142783095128834, ""awa_Deva""]]"
L1,176296,hin_Deva,0.9542950391769409,0.9542950391769409,"[[0.9542950391769409, ""hin_Deva""], [0.03691579028964043, ""anp_Deva""], [0.004834881518036127, ""bho_Deva""], [0.0018203937215730548, ""new_Deva""], [0.0013882789062336087, ""mag_Deva""]]"
L1,176510,anp_Deva,0.751835286617279,0.24470911920070648,"[[0.751835286617279, ""anp_Deva""], [0.24470911920070648, ""hin_Deva""], [0.002275885082781315, ""awa_Deva""], [0.0008629331132397056, ""new_Deva""], [0.00020614222739823163, ""bho_Deva""]]"
L1,177157,anp_Deva,0.9867504239082336,0.013239693827927113,"[[0.9867504239082336, ""anp_Deva""], [0.013239693827927113, ""hin_Deva""], [3.225541877327487e-05, ""awa_Deva""], [1.69992108567385e-05, ""new_Deva""], [1.0384889719716739e-05, ""mag_Deva""]]"
L1,177177,hin_Deva,0.7512325048446655,0.7512325048446655,"[[0.7512325048446655, ""hin_Deva""], [0.2477373331785202, ""anp_Deva""], [0.0007196134538389742, ""awa_Deva""], [0.00011069622996728867, ""bho_Deva""], [9.045893239090219e-05, ""hne_Deva""]]"
L1,177390,anp_Deva,0.8078246116638184,0.17962221801280975,"[[0.8078246116638184, ""anp_Deva""], [0.17962221801280975, ""hin_Deva""], [0.00770374434068799, ""bho_Deva""], [0.0026896593626588583, ""new_Deva""], [0.0011103700380772352, ""awa_Deva""]]"
L1,177631,anp_Deva,0.8406273722648621,0.15041711926460266,"[[0.8406273722648621, ""anp_Deva""], [0.15041711926460266, ""hin_Deva""], [0.0041718133725225925, ""sck_Deva""], [0.0027768504805862904, ""awa_Deva""], [0.0007945528486743569, ""doi_Deva""]]"
L1,177829,hin_Deva,0.5642797946929932,0.5642797946929932,"[[0.5642797946929932, ""hin_Deva""], [0.4082648456096649, ""anp_Deva""], [0.026565100997686386, ""awa_Deva""], [0.000659091689158231, ""bho_Deva""], [0.00018226962129119784, ""new_Deva""]]"
L1,177964,hin_Deva,0.9125888347625732,0.9125888347625732,"[[0.9125888347625732, ""hin_Deva""], [0.04458599165081978, ""anp_Deva""], [0.03568592295050621, ""awa_Deva""], [0.0025784189347177744, ""new_Deva""], [0.002272350015118718, ""sck_Deva""]]"
L1,178182,new_Deva,0.5708531141281128,0.253967821598053,"[[0.5708531141281128, ""new_Deva""], [0.253967821598053, ""hin_Deva""], [0.1459144502878189, ""anp_Deva""], [0.027820466086268425, ""awa_Deva""], [0.000521945592481643, ""san_Deva""]]"
L1,178414,anp_Deva,0.5254070162773132,0.46038690209388733,"[[0.5254070162773132, ""anp_Deva""], [0.46038690209388733, ""hin_Deva""], [0.013642762787640095, ""awa_Deva""], [0.0005347090773284435, ""mup_Deva""], [6.83024336467497e-05, ""new_Deva""]]"
L1,178480,hin_Deva,0.553187906742096,0.553187906742096,"[[0.553187906742096, ""hin_Deva""], [0.42294979095458984, ""anp_Deva""], [0.009270532988011837, ""awa_Deva""], [0.004654531367123127, ""mai_Deva""], [0.0037960875779390335, ""new_Deva""]]"
L1,178650,anp_Deva,0.85591721534729,0.0469638891518116,"[[0.85591721534729, ""anp_Deva""], [0.04926908388733864, ""bho_Deva""], [0.0469638891518116, ""hin_Deva""], [0.02493632212281227, ""hne_Deva""], [0.012295148335397243, ""mai_Deva""]]"
L1,178691,anp_Deva,0.9640060663223267,0.03145918622612953,"[[0.9640060663223267, ""anp_Deva""], [0.03145918622612953, ""hin_Deva""], [0.003872681176289916, ""awa_Deva""], [0.00035722379107028246, ""mai_Deva""], [0.0001990146847674623, ""new_Deva""]]"
L1,178711,anp_Deva,0.8411144614219666,0.09130330383777618,"[[0.8411144614219666, ""anp_Deva""], [0.09130330383777618, ""hin_Deva""], [0.02639853209257126, ""new_Deva""], [0.01608079858124256, ""mag_Deva""], [0.012022181414067745, ""awa_Deva""]]"
L1,178772,anp_Deva,0.9997517466545105,0.0001355255808448419,"[[0.9997517466545105, ""anp_Deva""], [0.0001355255808448419, ""hin_Deva""], [8.269854151876643e-05, ""new_Deva""], [6.951162504265085e-05, ""awa_Deva""], [1.04060563899111e-05, ""mai_Deva""]]"
L1,178800,anp_Deva,0.975128173828125,0.023912712931632996,"[[0.975128173828125, ""anp_Deva""], [0.023912712931632996, ""hin_Deva""], [0.000713896588422358, ""awa_Deva""], [0.00014389262651093304, ""new_Deva""], [0.00010896975436480716, ""mai_Deva""]]"
L1,178872,anp_Deva,0.6252251863479614,0.3704341948032379,"[[0.6252251863479614, ""anp_Deva""], [0.3704341948032379, ""hin_Deva""], [0.0014988631010055542, ""awa_Deva""], [0.001233465620316565, ""mai_Deva""], [0.0010196409421041608, ""bho_Deva""]]"
L1,178873,hin_Deva,0.986230731010437,0.986230731010437,"[[0.986230731010437, ""hin_Deva""], [0.006043264642357826, ""anp_Deva""], [0.005017058923840523, ""awa_Deva""], [0.0013227231102064252, ""new_Deva""], [0.0006509339436888695, ""bho_Deva""]]"
L1,178877,hin_Deva,0.6225842833518982,0.6225842833518982,"[[0.6225842833518982, ""hin_Deva""], [0.18647919595241547, ""mag_Deva""], [0.10539934784173965, ""anp_Deva""], [0.0745200663805008, ""new_Deva""], [0.003148784162476659, ""san_Deva""]]"
L1,179018,anp_Deva,0.9859634041786194,0.013738595880568027,"[[0.9859634041786194, ""anp_Deva""], [0.013738595880568027, ""hin_Deva""], [0.00022578993230126798, ""awa_Deva""], [8.017802610993385e-05, ""new_Deva""], [4.100571823073551e-05, ""mai_Deva""]]"
L1,179135,anp_Deva,0.5762286186218262,0.3908207416534424,"[[0.5762286186218262, ""anp_Deva""], [0.3908207416534424, ""hin_Deva""], [0.030569909140467644, ""awa_Deva""], [0.001099413726478815, ""bho_Deva""], [0.0005923986900597811, ""mai_Deva""]]"
L1,179139,hin_Deva,0.9057065844535828,0.9057065844535828,"[[0.9057065844535828, ""hin_Deva""], [0.06912890821695328, ""anp_Deva""], [0.009721598587930202, ""mai_Deva""], [0.008813722990453243, ""awa_Deva""], [0.005936332978308201, ""new_Deva""]]"
L1,179178,anp_Deva,0.8380184769630432,0.15775389969348907,"[[0.8380184769630432, ""anp_Deva""], [0.15775389969348907, ""hin_Deva""], [0.002239794237539172, ""awa_Deva""], [0.0015370049513876438, ""mag_Deva""], [0.00032902188831940293, ""new_Deva""]]"
L1,179243,hin_Deva,0.9066508412361145,0.9066508412361145,"[[0.9066508412361145, ""hin_Deva""], [0.03705500811338425, ""mai_Deva""], [0.030832532793283463, ""anp_Deva""], [0.013258899562060833, ""bho_Deva""], [0.0065194289200007915, ""awa_Deva""]]"
L1,179408,anp_Deva,0.9997788071632385,0.0002397315256530419,"[[0.9997788071632385, ""anp_Deva""], [0.0002397315256530419, ""hin_Deva""], [1.089555644284701e-05, ""mup_Deva""], [1.0466998901392799e-05, ""new_Deva""], [1.0137940989807248e-05, ""awa_Deva""]]"
L1,179534,anp_Deva,0.9683223366737366,0.03028741106390953,"[[0.9683223366737366, ""anp_Deva""], [0.03028741106390953, ""hin_Deva""], [0.0009574690484441817, ""mag_Deva""], [0.00028987356927245855, ""awa_Deva""], [8.653419354232028e-05, ""bho_Deva""]]"
L1,179691,anp_Deva,0.7333720922470093,0.2646230459213257,"[[0.7333720922470093, ""anp_Deva""], [0.2646230459213257, ""hin_Deva""], [0.00104384939186275, ""awa_Deva""], [0.000399132288293913, ""bho_Deva""], [0.0003086417855229229, ""mag_Deva""]]"
L1,179808,hin_Deva,0.9744828343391418,0.9744828343391418,"[[0.9744828343391418, ""hin_Deva""], [0.017272410914301872, ""anp_Deva""], [0.002273821970447898, ""new_Deva""], [0.002048513386398554, ""mai_Deva""], [0.0016762570012360811, ""bho_Deva""]]"
L1,179957,hin_Deva,0.48683634400367737,0.48683634400367737,"[[0.48683634400367737, ""hin_Deva""], [0.37414371967315674, ""anp_Deva""], [0.059102535247802734, ""mai_Deva""], [0.048812542110681534, ""bho_Deva""], [0.014448420144617558, ""mag_Deva""]]"
L1,180002,hin_Deva,0.6751768589019775,0.6751768589019775,"[[0.6751768589019775, ""hin_Deva""], [0.297767698764801, ""anp_Deva""], [0.01946362294256687, ""new_Deva""], [0.0047216229140758514, ""awa_Deva""], [0.0017075903015211225, ""bho_Deva""]]"
L1,180305,hin_Deva,0.6321253776550293,0.6321253776550293,"[[0.6321253776550293, ""hin_Deva""], [0.3646005690097809, ""anp_Deva""], [0.0025895535945892334, ""new_Deva""], [0.0003136801242362708, ""mai_Deva""], [0.00023555454390589148, ""awa_Deva""]]"
L1,180344,anp_Deva,0.9306275844573975,0.06830063462257385,"[[0.9306275844573975, ""anp_Deva""], [0.06830063462257385, ""hin_Deva""], [0.0009306341526098549, ""awa_Deva""], [0.00011684874334605411, ""new_Deva""], [6.198621122166514e-05, ""mai_Deva""]]"
L1,180489,anp_Deva,0.728457510471344,0.2633620798587799,"[[0.728457510471344, ""anp_Deva""], [0.2633620798587799, ""hin_Deva""], [0.0051911803893744946, ""awa_Deva""], [0.0015015879180282354, ""mag_Deva""], [0.0006534563726745546, ""bho_Deva""]]"
L1,180494,anp_Deva,0.6566537618637085,0.330467164516449,"[[0.6566537618637085, ""anp_Deva""], [0.330467164516449, ""hin_Deva""], [0.006136088166385889, ""awa_Deva""], [0.0052651334553956985, ""mai_Deva""], [0.0012661211658269167, ""new_Deva""]]"
L1,180503,anp_Deva,0.8220733404159546,0.17490923404693604,"[[0.8220733404159546, ""anp_Deva""], [0.17490923404693604, ""hin_Deva""], [0.0017500004032626748, ""mai_Deva""], [0.0007009634282439947, ""mag_Deva""], [0.00039673500577919185, ""new_Deva""]]"
L1,180861,anp_Deva,0.9624669551849365,0.037347372621297836,"[[0.9624669551849365, ""anp_Deva""], [0.037347372621297836, ""hin_Deva""], [0.00020497874356806278, ""mai_Deva""], [1.4912001461198088e-05, ""awa_Deva""], [1.2819641597161535e-05, ""mar_Deva""]]"
L1,180894,hin_Deva,0.9282242655754089,0.9282242655754089,"[[0.9282242655754089, ""hin_Deva""], [0.05508545786142349, ""anp_Deva""], [0.007237263489514589, ""mag_Deva""], [0.004375760443508625, ""bho_Deva""], [0.0023844328243285418, ""mai_Deva""]]"
L1,181191,anp_Deva,0.6590279936790466,0.3382987380027771,"[[0.6590279936790466, ""anp_Deva""], [0.3382987380027771, ""hin_Deva""], [0.0008029831806197762, ""mag_Deva""], [0.0007096412591636181, ""new_Deva""], [0.0005573008093051612, ""awa_Deva""]]"
L1,181540,hin_Deva,0.9920217394828796,0.9920217394828796,"[[0.9920217394828796, ""hin_Deva""], [0.0037967029493302107, ""anp_Deva""], [0.002724981866776943, ""new_Deva""], [0.0006445343024097383, ""awa_Deva""], [0.0003887358179781586, ""mag_Deva""]]"
L1,181847,hin_Deva,0.9755358099937439,0.9755358099937439,"[[0.9755358099937439, ""hin_Deva""], [0.01098236907273531, ""mai_Deva""], [0.008368506096303463, ""awa_Deva""], [0.0019876393489539623, ""bho_Deva""], [0.0010331113589927554, ""anp_Deva""]]"
L1,181910,hin_Deva,0.9278225302696228,0.9278225302696228,"[[0.9278225302696228, ""hin_Deva""], [0.03400378301739693, ""anp_Deva""], [0.03217257186770439, ""awa_Deva""], [0.0035689163487404585, ""new_Deva""], [0.001953527331352234, ""bho_Deva""]]"
L1,181935,hin_Deva,0.964053750038147,0.964053750038147,"[[0.964053750038147, ""hin_Deva""], [0.022328166291117668, ""anp_Deva""], [0.006238720845431089, ""hne_Deva""], [0.003905605524778366, ""mai_Deva""], [0.0020024378318339586, ""mag_Deva""]]"
L1,181959,hin_Deva,0.9548682570457458,0.9548682570457458,"[[0.9548682570457458, ""hin_Deva""], [0.015095466747879982, ""mai_Deva""], [0.012820834293961525, ""new_Deva""], [0.006897542160004377, ""san_Deva""], [0.004724811762571335, ""npi_Deva""]]"
L1,182008,hin_Deva,0.9926263689994812,0.9926263689994812,"[[0.9926263689994812, ""hin_Deva""], [0.004398034419864416, ""bho_Deva""], [0.0010042614303529263, ""mag_Deva""], [0.0005569291533902287, ""awa_Deva""], [0.00042651849798858166, ""mai_Deva""]]"
L1,182158,hin_Deva,0.9694194197654724,0.9694194197654724,"[[0.9694194197654724, ""hin_Deva""], [0.027559801936149597, ""anp_Deva""], [0.001668376848101616, ""awa_Deva""], [0.0007609601016156375, ""bho_Deva""], [0.0004819769528694451, ""new_Deva""]]"
L1,182181,anp_Deva,0.6325281262397766,0.36566537618637085,"[[0.6325281262397766, ""anp_Deva""], [0.36566537618637085, ""hin_Deva""], [0.0006999013130553067, ""awa_Deva""], [0.0005172404344193637, ""new_Deva""], [0.0003975566942244768, ""bho_Deva""]]"
L1,182245,anp_Deva,0.8456588983535767,0.14952777326107025,"[[0.8456588983535767, ""anp_Deva""], [0.14952777326107025, ""hin_Deva""], [0.0016574976034462452, ""mai_Deva""], [0.0012754857307299972, ""awa_Deva""], [0.0011899179080501199, ""mag_Deva""]]"
L1,182267,anp_Deva,0.6224201917648315,0.37530389428138733,"[[0.6224201917648315, ""anp_Deva""], [0.37530389428138733, ""hin_Deva""], [0.0020167147740721703, ""new_Deva""], [0.0002713148423936218, ""awa_Deva""], [2.5372024538228288e-05, ""mai_Deva""]]"
L1,182749,hin_Deva,0.8220067024230957,0.8220067024230957,"[[0.8220067024230957, ""hin_Deva""], [0.17709194123744965, ""anp_Deva""], [0.000496090913657099, ""new_Deva""], [0.000378547323634848, ""awa_Deva""], [6.173394649522379e-05, ""mai_Deva""]]"
L1,182910,hin_Deva,0.6730750799179077,0.6730750799179077,"[[0.6730750799179077, ""hin_Deva""], [0.26226770877838135, ""awa_Deva""], [0.059438690543174744, ""anp_Deva""], [0.0018181313062086701, ""new_Deva""], [0.0013606036081910133, ""hne_Deva""]]"
L1,182972,anp_Deva,0.8985700607299805,0.06902267038822174,"[[0.8985700607299805, ""anp_Deva""], [0.06902267038822174, ""hin_Deva""], [0.016502579674124718, ""mai_Deva""], [0.008875605650246143, ""awa_Deva""], [0.005983765237033367, ""new_Deva""]]"
L1,183049,hin_Deva,0.9382216930389404,0.9382216930389404,"[[0.9382216930389404, ""hin_Deva""], [0.05922615900635719, ""anp_Deva""], [0.0013906151289120317, ""awa_Deva""], [0.0006256490596570075, ""new_Deva""], [0.0003677825734484941, ""bho_Deva""]]"
L1,183126,anp_Deva,0.7157576084136963,0.1757560670375824,"[[0.7157576084136963, ""anp_Deva""], [0.1757560670375824, ""hin_Deva""], [0.09925512969493866, ""new_Deva""], [0.007790243253111839, ""awa_Deva""], [0.000401060504373163, ""mag_Deva""]]"
L1,183180,anp_Deva,0.998530924320221,0.0014183474704623222,"[[0.998530924320221, ""anp_Deva""], [0.0014183474704623222, ""hin_Deva""], [5.76905622438062e-05, ""new_Deva""], [3.1381492590298876e-05, ""awa_Deva""], [1.1103217730124015e-05, ""sck_Deva""]]"
L1,183394,hin_Deva,0.9722986817359924,0.9722986817359924,"[[0.9722986817359924, ""hin_Deva""], [0.014272336848080158, ""anp_Deva""], [0.006379417609423399, ""awa_Deva""], [0.0037791067734360695, ""mai_Deva""], [0.0022257862146943808, ""bho_Deva""]]"
L1,183478,hin_Deva,0.5861592888832092,0.5861592888832092,"[[0.5861592888832092, ""hin_Deva""], [0.4031016528606415, ""anp_Deva""], [0.009491793811321259, ""awa_Deva""], [0.0007223441498354077, ""mag_Deva""], [0.0003205265093129128, ""new_Deva""]]"
L1,183850,anp_Deva,0.9849369525909424,0.013243191875517368,"[[0.9849369525909424, ""anp_Deva""], [0.013243191875517368, ""hin_Deva""], [0.0015682511730119586, ""new_Deva""], [0.00015940485172905028, ""bho_Deva""], [7.365363126154989e-05, ""awa_Deva""]]"
L1,183859,anp_Deva,0.9908357262611389,0.008098586462438107,"[[0.9908357262611389, ""anp_Deva""], [0.008098586462438107, ""hin_Deva""], [0.0008867605938576162, ""awa_Deva""], [0.000203354109544307, ""mag_Deva""], [1.7203479728777893e-05, ""bho_Deva""]]"
L1,184052,anp_Deva,0.9634770750999451,0.033909447491168976,"[[0.9634770750999451, ""anp_Deva""], [0.033909447491168976, ""hin_Deva""], [0.002485301811248064, ""awa_Deva""], [7.900999480625615e-05, ""mag_Deva""], [5.41495464858599e-05, ""bho_Deva""]]"
L1,184455,anp_Deva,0.984090268611908,0.0062832310795784,"[[0.984090268611908, ""anp_Deva""], [0.009638207033276558, ""new_Deva""], [0.0062832310795784, ""hin_Deva""], [2.604536530270707e-05, ""mar_Deva""], [1.0569080586719792e-05, ""mup_Deva""]]"
L1,184612,anp_Deva,0.8181750178337097,0.1774250715970993,"[[0.8181750178337097, ""anp_Deva""], [0.1774250715970993, ""hin_Deva""], [0.002124776830896735, ""new_Deva""], [0.0011304558720439672, ""awa_Deva""], [0.0006768212770111859, ""mai_Deva""]]"
L1,184626,hin_Deva,0.7898355722427368,0.7898355722427368,"[[0.7898355722427368, ""hin_Deva""], [0.19954240322113037, ""anp_Deva""], [0.008547223173081875, ""new_Deva""], [0.0013041257625445724, ""awa_Deva""], [0.0003893864341080189, ""bho_Deva""]]"
L1,185077,anp_Deva,0.6164305806159973,0.33539825677871704,"[[0.6164305806159973, ""anp_Deva""], [0.33539825677871704, ""hin_Deva""], [0.0399659164249897, ""new_Deva""], [0.007092823274433613, ""awa_Deva""], [0.0010055983439087868, ""bho_Deva""]]"
L1,185129,hin_Deva,0.76301109790802,0.76301109790802,"[[0.76301109790802, ""hin_Deva""], [0.235746368765831, ""anp_Deva""], [0.0005002050311304629, ""mai_Deva""], [0.00026991809136234224, ""new_Deva""], [0.00019433278066571802, ""mar_Deva""]]"
L1,185470,hin_Deva,0.657108724117279,0.657108724117279,"[[0.657108724117279, ""hin_Deva""], [0.33291932940483093, ""anp_Deva""], [0.007910186424851418, ""awa_Deva""], [0.0007174710044637322, ""sck_Deva""], [0.0005175053956918418, ""mup_Deva""]]"
L1,185750,hin_Deva,0.9943143725395203,0.9943143725395203,"[[0.9943143725395203, ""hin_Deva""], [0.004107225686311722, ""anp_Deva""], [0.0008416604250669479, ""awa_Deva""], [0.0006147304666228592, ""new_Deva""], [7.512766751460731e-05, ""mai_Deva""]]"
L1,185763,anp_Deva,0.7736338973045349,0.20553196966648102,"[[0.7736338973045349, ""anp_Deva""], [0.20553196966648102, ""hin_Deva""], [0.01820468343794346, ""awa_Deva""], [0.0017321675550192595, ""mag_Deva""], [0.0004861026245635003, ""new_Deva""]]"
L1,185892,hin_Deva,0.9264559149742126,0.9264559149742126,"[[0.9264559149742126, ""hin_Deva""], [0.027581578120589256, ""anp_Deva""], [0.013242396526038647, ""hne_Deva""], [0.010065717622637749, ""kas_Deva""], [0.00914301909506321, ""awa_Deva""]]"
L1,185919,anp_Deva,0.6209194660186768,0.37842798233032227,"[[0.6209194660186768, ""anp_Deva""], [0.37842798233032227, ""hin_Deva""], [0.0003999175678472966, ""new_Deva""], [0.00014305101649370044, ""awa_Deva""], [0.00010171628673560917, ""bho_Deva""]]"
L1,186104,hin_Deva,0.9583903551101685,0.9583903551101685,"[[0.9583903551101685, ""hin_Deva""], [0.023836085572838783, ""anp_Deva""], [0.015307281166315079, ""awa_Deva""], [0.0017839332576841116, ""new_Deva""], [0.0002870061725843698, ""bho_Deva""]]"
L1,186178,hin_Deva,0.9352512359619141,0.9352512359619141,"[[0.9352512359619141, ""hin_Deva""], [0.05251700058579445, ""anp_Deva""], [0.0047979215160012245, ""mag_Deva""], [0.0021495893597602844, ""awa_Deva""], [0.001788090099580586, ""mai_Deva""]]"
L1,186480,anp_Deva,0.9350866675376892,0.0646461769938469,"[[0.9350866675376892, ""anp_Deva""], [0.0646461769938469, ""hin_Deva""], [0.00026459846412763, ""awa_Deva""], [2.3099331883713603e-05, ""mag_Deva""], [1.6117337509058416e-05, ""mai_Deva""]]"
L1,186536,anp_Deva,0.9632225036621094,0.0366424135863781,"[[0.9632225036621094, ""anp_Deva""], [0.0366424135863781, ""hin_Deva""], [8.73261597007513e-05, ""awa_Deva""], [3.847292100545019e-05, ""mai_Deva""], [2.707982093852479e-05, ""mar_Deva""]]"
L1,186570,hin_Deva,0.9951562285423279,0.9951562285423279,"[[0.9951562285423279, ""hin_Deva""], [0.003178898012265563, ""anp_Deva""], [0.0013024689396843314, ""awa_Deva""], [0.0001457222824683413, ""new_Deva""], [0.00013327096530701965, ""bho_Deva""]]"
L1,186591,hin_Deva,0.9860831499099731,0.9860831499099731,"[[0.9860831499099731, ""hin_Deva""], [0.007732074242085218, ""mai_Deva""], [0.004054778255522251, ""anp_Deva""], [0.0005402005626820028, ""rjs_Deva""], [0.00047910562716424465, ""new_Deva""]]"
L1,186863,anp_Deva,0.989112138748169,0.009541233070194721,"[[0.989112138748169, ""anp_Deva""], [0.009541233070194721, ""hin_Deva""], [0.001369267818517983, ""awa_Deva""], [1.707197770883795e-05, ""sck_Deva""], [1.0200600627285894e-05, ""new_Deva""]]"
L1,186954,anp_Deva,0.9966040253639221,0.0033560728188604116,"[[0.9966040253639221, ""anp_Deva""], [0.0033560728188604116, ""hin_Deva""], [5.3621522965840995e-05, ""awa_Deva""], [1.7069714886019938e-05, ""bho_Deva""], [1.691965189820621e-05, ""new_Deva""]]"
L1,187150,anp_Deva,0.6124258041381836,0.37571921944618225,"[[0.6124258041381836, ""anp_Deva""], [0.37571921944618225, ""hin_Deva""], [0.011767690069973469, ""awa_Deva""], [7.698249828536063e-05, ""mag_Deva""], [3.423889211262576e-05, ""new_Deva""]]"
L1,187206,hin_Deva,0.9054197669029236,0.9054197669029236,"[[0.9054197669029236, ""hin_Deva""], [0.07631145417690277, ""anp_Deva""], [0.0148503752425313, ""awa_Deva""], [0.0012173393042758107, ""mai_Deva""], [0.000886155292391777, ""sck_Deva""]]"
L1,187219,anp_Deva,0.9766384959220886,0.022460514679551125,"[[0.9766384959220886, ""anp_Deva""], [0.022460514679551125, ""hin_Deva""], [0.0009194972808472812, ""awa_Deva""], [1.76240318978671e-05, ""new_Deva""], [1.1901816833415069e-05, ""bho_Deva""]]"
L1,187264,anp_Deva,0.9087099432945251,0.06892745196819305,"[[0.9087099432945251, ""anp_Deva""], [0.06892745196819305, ""hin_Deva""], [0.00972767360508442, ""mag_Deva""], [0.007707613054662943, ""bho_Deva""], [0.0022694554645568132, ""doi_Deva""]]"
L1,187558,hin_Deva,0.9927213191986084,0.9927213191986084,"[[0.9927213191986084, ""hin_Deva""], [0.004003394395112991, ""mag_Deva""], [0.000985066406428814, ""anp_Deva""], [0.0008576372056268156, ""awa_Deva""], [0.0007529935101047158, ""new_Deva""]]"
L1,187650,anp_Deva,0.9133337140083313,0.08458870649337769,"[[0.9133337140083313, ""anp_Deva""], [0.08458870649337769, ""hin_Deva""], [0.0013925719540566206, ""mup_Deva""], [0.00027506359037943184, ""bho_Deva""], [0.0001678632543189451, ""sck_Deva""]]"
L1,187670,hin_Deva,0.7217444777488708,0.7217444777488708,"[[0.7217444777488708, ""hin_Deva""], [0.26827266812324524, ""anp_Deva""], [0.007781882304698229, ""new_Deva""], [0.0015960496384650469, ""doi_Deva""], [0.0002569369680713862, ""awa_Deva""]]"
L1,187945,hin_Deva,0.9078730344772339,0.9078730344772339,"[[0.9078730344772339, ""hin_Deva""], [0.06008200719952583, ""anp_Deva""], [0.01349007710814476, ""bho_Deva""], [0.006105515640228987, ""mar_Deva""], [0.003640570444986224, ""doi_Deva""]]"
L1,188018,hin_Deva,0.8678163290023804,0.8678163290023804,"[[0.8678163290023804, ""hin_Deva""], [0.11125732958316803, ""anp_Deva""], [0.018123475834727287, ""awa_Deva""], [0.0022314004600048065, ""new_Deva""], [0.0004154687048867345, ""bho_Deva""]]"
L1,188276,hin_Deva,0.9164865612983704,0.9164865612983704,"[[0.9164865612983704, ""hin_Deva""], [0.08130926638841629, ""anp_Deva""], [0.0009300272795371711, ""bho_Deva""], [0.0006486017955467105, ""awa_Deva""], [0.0004433268040884286, ""mag_Deva""]]"
L1,188362,anp_Deva,0.9666115641593933,0.026588818058371544,"[[0.9666115641593933, ""anp_Deva""], [0.026588818058371544, ""hin_Deva""], [0.0067428164184093475, ""new_Deva""], [6.883997411932796e-05, ""awa_Deva""], [2.0129791664658114e-05, ""mai_Deva""]]"
L1,188392,hin_Deva,0.5068418979644775,0.5068418979644775,"[[0.5068418979644775, ""hin_Deva""], [0.483765184879303, ""anp_Deva""], [0.004070838447660208, ""awa_Deva""], [0.0030930007342249155, ""bho_Deva""], [0.0021310443989932537, ""mai_Deva""]]"
L1,188600,hin_Deva,0.9838172197341919,0.9838172197341919,"[[0.9838172197341919, ""hin_Deva""], [0.01121329702436924, ""awa_Deva""], [0.00287627917714417, ""anp_Deva""], [0.0018198443576693535, ""mag_Deva""], [0.00017216027481481433, ""sck_Deva""]]"
L1,188614,hin_Deva,0.7410877346992493,0.7410877346992493,"[[0.7410877346992493, ""hin_Deva""], [0.2558647692203522, ""anp_Deva""], [0.002773103304207325, ""awa_Deva""], [0.00017749280959833413, ""mag_Deva""], [7.234230724861845e-05, ""new_Deva""]]"
L1,188816,hin_Deva,0.8877700567245483,0.8877700567245483,"[[0.8877700567245483, ""hin_Deva""], [0.08856425434350967, ""anp_Deva""], [0.007332619745284319, ""bho_Deva""], [0.005287838168442249, ""mai_Deva""], [0.004196635447442532, ""mag_Deva""]]"
L1,188844,anp_Deva,0.6816411018371582,0.31272634863853455,"[[0.6816411018371582, ""anp_Deva""], [0.31272634863853455, ""hin_Deva""], [0.0022528190165758133, ""mag_Deva""], [0.0010172802722081542, ""mar_Deva""], [0.0008338650804944336, ""awa_Deva""]]"
L1,189246,hin_Deva,0.6058056354522705,0.6058056354522705,"[[0.6058056354522705, ""hin_Deva""], [0.3866955637931824, ""anp_Deva""], [0.0031785902101546526, ""awa_Deva""], [0.0019517517648637295, ""mai_Deva""], [0.0010877829045057297, ""bho_Deva""]]"
L1,189262,hin_Deva,0.4983478784561157,0.4983478784561157,"[[0.4983478784561157, ""hin_Deva""], [0.48553818464279175, ""anp_Deva""], [0.006773627363145351, ""mai_Deva""], [0.005899245850741863, ""bho_Deva""], [0.001850782660767436, ""new_Deva""]]"
L1,189292,hin_Deva,0.9910356402397156,0.9910356402397156,"[[0.9910356402397156, ""hin_Deva""], [0.007954023778438568, ""anp_Deva""], [0.0005921253468841314, ""awa_Deva""], [0.0004461681528482586, ""new_Deva""], [1.3402198419498745e-05, ""bho_Deva""]]"
L1,189611,hin_Deva,0.9702854156494141,0.9702854156494141,"[[0.9702854156494141, ""hin_Deva""], [0.019354891031980515, ""anp_Deva""], [0.005124439485371113, ""new_Deva""], [0.00503839086741209, ""awa_Deva""], [0.00012235929898452014, ""bho_Deva""]]"
L1,190102,anp_Deva,0.9952236413955688,0.0032122330740094185,"[[0.9952236413955688, ""anp_Deva""], [0.0032122330740094185, ""hin_Deva""], [0.0014412562595680356, ""new_Deva""], [5.006495848647319e-05, ""mai_Deva""], [3.9962647861102596e-05, ""brx_Deva""]]"
L1,190114,anp_Deva,0.9672049880027771,0.03035549633204937,"[[0.9672049880027771, ""anp_Deva""], [0.03035549633204937, ""hin_Deva""], [0.0009719776571728289, ""awa_Deva""], [0.0007745982729829848, ""bho_Deva""], [0.0006767631857655942, ""new_Deva""]]"
L1,190156,anp_Deva,0.9989990592002869,0.0010162775870412588,"[[0.9989990592002869, ""anp_Deva""], [0.0010162775870412588, ""hin_Deva""], [1.3978835340822116e-05, ""awa_Deva""], [1.0292200386174954e-05, ""new_Deva""], [1.0285704775014892e-05, ""mup_Deva""]]"
L1,190276,anp_Deva,0.9457858800888062,0.04302692040801048,"[[0.9457858800888062, ""anp_Deva""], [0.04302692040801048, ""hin_Deva""], [0.011182194575667381, ""awa_Deva""], [3.623359225457534e-05, ""new_Deva""], [1.470512415835401e-05, ""mai_Deva""]]"
L1,190774,anp_Deva,0.9735209941864014,0.026331041008234024,"[[0.9735209941864014, ""anp_Deva""], [0.026331041008234024, ""hin_Deva""], [0.00012004382006125525, ""awa_Deva""], [6.0752747231163085e-05, ""mai_Deva""], [1.3734986168856267e-05, ""new_Deva""]]"
L1,190992,hin_Deva,0.8329612016677856,0.8329612016677856,"[[0.8329612016677856, ""hin_Deva""], [0.11143011599779129, ""anp_Deva""], [0.045335803180933, ""new_Deva""], [0.00763170188292861, ""awa_Deva""], [0.0023926582653075457, ""mai_Deva""]]"
L1,191047,anp_Deva,0.9534005522727966,0.046241842210292816,"[[0.9534005522727966, ""anp_Deva""], [0.046241842210292816, ""hin_Deva""], [0.0002578127314336598, ""new_Deva""], [8.250962855527177e-05, ""awa_Deva""], [5.581236109719612e-05, ""mai_Deva""]]"
L1,191114,anp_Deva,0.9249741435050964,0.07338397949934006,"[[0.9249741435050964, ""anp_Deva""], [0.07338397949934006, ""hin_Deva""], [0.0010766459163278341, ""new_Deva""], [0.0003326514852233231, ""mai_Deva""], [0.00011250240640947595, ""awa_Deva""]]"
L1,191187,anp_Deva,0.9773299694061279,0.022323524579405785,"[[0.9773299694061279, ""anp_Deva""], [0.022323524579405785, ""hin_Deva""], [0.00015615807205904275, ""mag_Deva""], [0.00011254790297243744, ""awa_Deva""], [9.45672727539204e-05, ""bho_Deva""]]"
L1,191214,hin_Deva,0.80191570520401,0.80191570520401,"[[0.80191570520401, ""hin_Deva""], [0.15486665070056915, ""awa_Deva""], [0.022264476865530014, ""anp_Deva""], [0.014498227275907993, ""kas_Deva""], [0.001986090326681733, ""doi_Deva""]]"
L1,191379,hin_Deva,0.8306843638420105,0.8306843638420105,"[[0.8306843638420105, ""hin_Deva""], [0.08977281302213669, ""anp_Deva""], [0.06273958832025528, ""awa_Deva""], [0.012260361574590206, ""new_Deva""], [0.0021833113860338926, ""mag_Deva""]]"
L1,191489,anp_Deva,0.8928663730621338,0.10354992747306824,"[[0.8928663730621338, ""anp_Deva""], [0.10354992747306824, ""hin_Deva""], [0.002048233989626169, ""awa_Deva""], [0.0006840344285592437, ""doi_Deva""], [0.0005054759094491601, ""new_Deva""]]"
L1,191770,anp_Deva,0.8878719210624695,0.11159027367830276,"[[0.8878719210624695, ""anp_Deva""], [0.11159027367830276, ""hin_Deva""], [0.00032063870457932353, ""new_Deva""], [0.00012772153422702104, ""awa_Deva""], [5.892447734368034e-05, ""mag_Deva""]]"
L1,191966,anp_Deva,0.7490955591201782,0.25014907121658325,"[[0.7490955591201782, ""anp_Deva""], [0.25014907121658325, ""hin_Deva""], [0.0005223972839303315, ""awa_Deva""], [0.00013888934336137027, ""mag_Deva""], [0.00012638940825127065, ""new_Deva""]]"
L1,192001,anp_Deva,0.9995927214622498,0.0003933042171411216,"[[0.9995927214622498, ""anp_Deva""], [0.0003933042171411216, ""hin_Deva""], [3.413557351450436e-05, ""new_Deva""], [1.8230552086606622e-05, ""awa_Deva""], [1.104324655898381e-05, ""mai_Deva""]]"
L1,192185,anp_Deva,0.8846908211708069,0.11421632766723633,"[[0.8846908211708069, ""anp_Deva""], [0.11421632766723633, ""hin_Deva""], [0.0003816839016508311, ""new_Deva""], [0.00028456689324229956, ""doi_Deva""], [0.0001355148560833186, ""mai_Deva""]]"
L1,192229,hin_Deva,0.7753709554672241,0.7753709554672241,"[[0.7753709554672241, ""hin_Deva""], [0.21442900598049164, ""anp_Deva""], [0.006773287896066904, ""awa_Deva""], [0.0021027650218456984, ""mai_Deva""], [0.0007528807618655264, ""bho_Deva""]]"
L1,192406,hin_Deva,0.8605083227157593,0.8605083227157593,"[[0.8605083227157593, ""hin_Deva""], [0.1341756284236908, ""anp_Deva""], [0.005126446019858122, ""awa_Deva""], [0.00012096064892830327, ""mai_Deva""], [5.5593707656953484e-05, ""new_Deva""]]"
L1,192429,awa_Deva,0.4492280185222626,0.20317278802394867,"[[0.4492280185222626, ""awa_Deva""], [0.3150506019592285, ""anp_Deva""], [0.20317278802394867, ""hin_Deva""], [0.024097999557852745, ""bho_Deva""], [0.007043538615107536, ""new_Deva""]]"
L1,192680,hin_Deva,0.6347332000732422,0.6347332000732422,"[[0.6347332000732422, ""hin_Deva""], [0.3602454662322998, ""anp_Deva""], [0.00405482854694128, ""awa_Deva""], [0.0008317691390402615, ""mai_Deva""], [0.0001240727724507451, ""new_Deva""]]"
L1,192729,hin_Deva,0.7270879149436951,0.7270879149436951,"[[0.7270879149436951, ""hin_Deva""], [0.2556953728199005, ""anp_Deva""], [0.009773329831659794, ""awa_Deva""], [0.004634035751223564, ""mag_Deva""], [0.001494642929174006, ""new_Deva""]]"
L1,192732,anp_Deva,1.0000075101852417,1.2436389624781441e-05,"[[1.0000075101852417, ""anp_Deva""], [1.2436389624781441e-05, ""hin_Deva""], [1.0042023859568872e-05, ""new_Deva""], [1.0000098882301245e-05, ""awa_Deva""], [1.0000003385357559e-05, ""otw_Latn""]]"
L1,192920,anp_Deva,0.5216017961502075,0.47712916135787964,"[[0.5216017961502075, ""anp_Deva""], [0.47712916135787964, ""hin_Deva""], [0.0005773230805061758, ""awa_Deva""], [0.00029334393911994994, ""kas_Deva""], [0.0002445029385853559, ""mup_Deva""]]"
L1,192969,hin_Deva,0.9694057703018188,0.9694057703018188,"[[0.9694057703018188, ""hin_Deva""], [0.028508946299552917, ""anp_Deva""], [0.0013177182991057634, ""mup_Deva""], [0.00040877144783735275, ""awa_Deva""], [0.0002011744218179956, ""bho_Deva""]]"
L1,193122,anp_Deva,0.6918533444404602,0.2696174681186676,"[[0.6918533444404602, ""anp_Deva""], [0.2696174681186676, ""hin_Deva""], [0.03703716769814491, ""awa_Deva""], [0.0005871051107533276, ""new_Deva""], [0.0002803526003845036, ""brx_Deva""]]"
L1,193271,hin_Deva,0.9890222549438477,0.9890222549438477,"[[0.9890222549438477, ""hin_Deva""], [0.010791171342134476, ""anp_Deva""], [9.101013711187989e-05, ""awa_Deva""], [8.401367085753009e-05, ""new_Deva""], [5.614682595478371e-05, ""bho_Deva""]]"
L1,193283,anp_Deva,0.8877094388008118,0.11211100220680237,"[[0.8877094388008118, ""anp_Deva""], [0.11211100220680237, ""hin_Deva""], [0.00020767601381521672, ""new_Deva""], [1.115586292144144e-05, ""awa_Deva""], [1.0547421879891772e-05, ""mai_Deva""]]"
L1,193440,anp_Deva,0.5426545739173889,0.4566236138343811,"[[0.5426545739173889, ""anp_Deva""], [0.4566236138343811, ""hin_Deva""], [0.0006288020522333682, ""new_Deva""], [7.835686119506136e-05, ""awa_Deva""], [3.6415320209925994e-05, ""mup_Deva""]]"
L1,193724,anp_Deva,0.9997407793998718,0.0002582406741566956,"[[0.9997407793998718, ""anp_Deva""], [0.0002582406741566956, ""hin_Deva""], [2.3237382265506312e-05, ""awa_Deva""], [1.6466286979266442e-05, ""new_Deva""], [1.0861807822948322e-05, ""mag_Deva""]]"
L1,193732,anp_Deva,0.6633812189102173,0.3033170998096466,"[[0.6633812189102173, ""anp_Deva""], [0.3033170998096466, ""hin_Deva""], [0.021238423883914948, ""bho_Deva""], [0.003638376947492361, ""new_Deva""], [0.003324952907860279, ""awa_Deva""]]"
L1,193812,anp_Deva,0.9444514513015747,0.05514152720570564,"[[0.9444514513015747, ""anp_Deva""], [0.05514152720570564, ""hin_Deva""], [0.0003544825594872236, ""new_Deva""], [9.050285734701902e-05, ""awa_Deva""], [1.1047038242395502e-05, ""mai_Deva""]]"
L1,193864,hin_Deva,0.8841978907585144,0.8841978907585144,"[[0.8841978907585144, ""hin_Deva""], [0.10169049352407455, ""anp_Deva""], [0.004408190026879311, ""awa_Deva""], [0.0026232474483549595, ""bho_Deva""], [0.0024732209276407957, ""new_Deva""]]"
L1,194111,hin_Deva,0.9950948357582092,0.9950948357582092,"[[0.9950948357582092, ""hin_Deva""], [0.0036317675840109587, ""new_Deva""], [0.0007104839896783233, ""anp_Deva""], [0.0005077749956399202, ""awa_Deva""], [5.47156814718619e-05, ""mar_Deva""]]"
L1,194386,anp_Deva,0.9923467040061951,0.007226084358990192,"[[0.9923467040061951, ""anp_Deva""], [0.007226084358990192, ""hin_Deva""], [0.0003533850540407002, ""mai_Deva""], [5.800496364827268e-05, ""new_Deva""], [4.329398871050216e-05, ""doi_Deva""]]"
L1,194455,anp_Deva,0.9974327087402344,0.0024146849755197763,"[[0.9974327087402344, ""anp_Deva""], [0.0024146849755197763, ""hin_Deva""], [0.00013568814028985798, ""mup_Deva""], [3.985026341979392e-05, ""new_Deva""], [2.1613606804748997e-05, ""sck_Deva""]]"
L1,194635,anp_Deva,0.9087587594985962,0.06738483905792236,"[[0.9087587594985962, ""anp_Deva""], [0.06738483905792236, ""hin_Deva""], [0.014848612248897552, ""new_Deva""], [0.008762435987591743, ""mai_Deva""], [0.00018694701429922134, ""awa_Deva""]]"
L1,194650,anp_Deva,0.7924523949623108,0.20242427289485931,"[[0.7924523949623108, ""anp_Deva""], [0.20242427289485931, ""hin_Deva""], [0.003048502840101719, ""awa_Deva""], [0.0012295254273340106, ""mag_Deva""], [0.0005751971038989723, ""mai_Deva""]]"
L1,194766,anp_Deva,0.6501891613006592,0.34269702434539795,"[[0.6501891613006592, ""anp_Deva""], [0.34269702434539795, ""hin_Deva""], [0.003276547882705927, ""new_Deva""], [0.0024770412128418684, ""awa_Deva""], [0.0013601677492260933, ""mag_Deva""]]"
L1,194794,hin_Deva,0.9275632500648499,0.9275632500648499,"[[0.9275632500648499, ""hin_Deva""], [0.07005461305379868, ""anp_Deva""], [0.0008232889231294394, ""bho_Deva""], [0.000741377065423876, ""awa_Deva""], [0.0006562829948961735, ""new_Deva""]]"
L1,194918,hin_Deva,0.8094455599784851,0.8094455599784851,"[[0.8094455599784851, ""hin_Deva""], [0.18535269796848297, ""anp_Deva""], [0.002274829428642988, ""awa_Deva""], [0.0010677631944417953, ""sck_Deva""], [0.001013736124150455, ""mai_Deva""]]"
L1,195069,hin_Deva,0.833948016166687,0.833948016166687,"[[0.833948016166687, ""hin_Deva""], [0.096171535551548, ""anp_Deva""], [0.06613912433385849, ""new_Deva""], [0.00213249190710485, ""awa_Deva""], [0.0008476478978991508, ""mai_Deva""]]"
L1,195079,hin_Deva,0.8488538265228271,0.8488538265228271,"[[0.8488538265228271, ""hin_Deva""], [0.1372675895690918, ""bho_Deva""], [0.011159300804138184, ""awa_Deva""], [0.001054687425494194, ""mai_Deva""], [0.0008398467325605452, ""mar_Deva""]]"
L1,195201,hin_Deva,0.812981903553009,0.812981903553009,"[[0.812981903553009, ""hin_Deva""], [0.10140152275562286, ""mag_Deva""], [0.046663861721754074, ""anp_Deva""], [0.037024956196546555, ""awa_Deva""], [0.001745973713696003, ""bho_Deva""]]"
L1,195314,hin_Deva,0.9035549759864807,0.9035549759864807,"[[0.9035549759864807, ""hin_Deva""], [0.09404245764017105, ""anp_Deva""], [0.0008396998164243996, ""awa_Deva""], [0.0005663842894136906, ""new_Deva""], [0.0005221654428169131, ""mai_Deva""]]"
L1,195316,anp_Deva,0.916581928730011,0.0828290581703186,"[[0.916581928730011, ""anp_Deva""], [0.0828290581703186, ""hin_Deva""], [0.00023092053015716374, ""new_Deva""], [0.00021171673142816871, ""mai_Deva""], [0.00019136263290420175, ""awa_Deva""]]"
L1,195367,hin_Deva,0.9732833504676819,0.9732833504676819,"[[0.9732833504676819, ""hin_Deva""], [0.02195420302450657, ""anp_Deva""], [0.0028549940325319767, ""mai_Deva""], [0.0012992923147976398, ""mag_Deva""], [0.00023247500939760357, ""awa_Deva""]]"
L1,195640,anp_Deva,0.6289374828338623,0.3182283341884613,"[[0.6289374828338623, ""anp_Deva""], [0.3182283341884613, ""hin_Deva""], [0.049638260155916214, ""mag_Deva""], [0.002300398889929056, ""awa_Deva""], [0.00045862735714763403, ""bho_Deva""]]"
L1,195772,hin_Deva,0.9053955674171448,0.9053955674171448,"[[0.9053955674171448, ""hin_Deva""], [0.08699057251214981, ""anp_Deva""], [0.004015881102532148, ""bho_Deva""], [0.0023083884734660387, ""awa_Deva""], [0.0007090503349900246, ""mai_Deva""]]"
L1,196359,anp_Deva,0.85378098487854,0.11337193846702576,"[[0.85378098487854, ""anp_Deva""], [0.11337193846702576, ""hin_Deva""], [0.014457420445978642, ""bho_Deva""], [0.00715402839705348, ""awa_Deva""], [0.005971480160951614, ""new_Deva""]]"
L1,196528,hin_Deva,0.6349765062332153,0.6349765062332153,"[[0.6349765062332153, ""hin_Deva""], [0.34129855036735535, ""anp_Deva""], [0.023203104734420776, ""awa_Deva""], [0.0003192945441696793, ""bho_Deva""], [0.00010571414895821363, ""mai_Deva""]]"
L1,196546,hin_Deva,0.6661826372146606,0.6661826372146606,"[[0.6661826372146606, ""hin_Deva""], [0.31476810574531555, ""anp_Deva""], [0.009178856387734413, ""awa_Deva""], [0.004452835768461227, ""mag_Deva""], [0.0026387060061097145, ""bho_Deva""]]"
L1,196613,anp_Deva,0.8998894095420837,0.09372083842754364,"[[0.8998894095420837, ""anp_Deva""], [0.09372083842754364, ""hin_Deva""], [0.0057436940260231495, ""awa_Deva""], [0.0005559161654673517, ""new_Deva""], [6.292416946962476e-05, ""mai_Deva""]]"
L1,196788,anp_Deva,0.9470176696777344,0.04815711826086044,"[[0.9470176696777344, ""anp_Deva""], [0.04815711826086044, ""hin_Deva""], [0.004567136522382498, ""awa_Deva""], [0.0001916042238008231, ""new_Deva""], [7.09281230228953e-05, ""bho_Deva""]]"
L1,197053,hin_Deva,0.8982016444206238,0.8982016444206238,"[[0.8982016444206238, ""hin_Deva""], [0.033569563180208206, ""san_Deva""], [0.02191002480685711, ""new_Deva""], [0.021112944930791855, ""mai_Deva""], [0.013586107641458511, ""npi_Deva""]]"
L1,197182,hin_Deva,0.9353836178779602,0.9353836178779602,"[[0.9353836178779602, ""hin_Deva""], [0.038638025522232056, ""bho_Deva""], [0.011846652254462242, ""anp_Deva""], [0.009409242309629917, ""mag_Deva""], [0.0038979104720056057, ""awa_Deva""]]"
L1,197372,hin_Deva,0.556503415107727,0.556503415107727,"[[0.556503415107727, ""hin_Deva""], [0.4196344316005707, ""anp_Deva""], [0.013836258091032505, ""awa_Deva""], [0.007078906055539846, ""new_Deva""], [0.002318542916327715, ""mai_Deva""]]"
L1,197497,hin_Deva,0.6260558366775513,0.6260558366775513,"[[0.6260558366775513, ""hin_Deva""], [0.37136590480804443, ""anp_Deva""], [0.00115406874101609, ""awa_Deva""], [0.0006836121901869774, ""mag_Deva""], [0.0005910057225264609, ""new_Deva""]]"
L1,197724,hin_Deva,0.6541153788566589,0.6541153788566589,"[[0.6541153788566589, ""hin_Deva""], [0.2687678337097168, ""anp_Deva""], [0.07190132141113281, ""awa_Deva""], [0.0034978401381522417, ""mai_Deva""], [0.0005743025685660541, ""new_Deva""]]"
L1,197778,hin_Deva,0.5276283621788025,0.5276283621788025,"[[0.5276283621788025, ""hin_Deva""], [0.45147982239723206, ""anp_Deva""], [0.01121637225151062, ""new_Deva""], [0.007027009967714548, ""awa_Deva""], [0.0024052353110164404, ""mai_Deva""]]"
L1,197855,anp_Deva,0.7647582292556763,0.2330600470304489,"[[0.7647582292556763, ""anp_Deva""], [0.2330600470304489, ""hin_Deva""], [0.0011656137648969889, ""new_Deva""], [0.0004221323470119387, ""awa_Deva""], [0.00041709482320584357, ""mai_Deva""]]"
L1,198007,hin_Deva,0.5494486093521118,0.5494486093521118,"[[0.5494486093521118, ""hin_Deva""], [0.4370841681957245, ""anp_Deva""], [0.00802082009613514, ""new_Deva""], [0.0031654161866754293, ""bho_Deva""], [0.0014800606295466423, ""awa_Deva""]]"
L1,198019,anp_Deva,0.6250896453857422,0.29978519678115845,"[[0.6250896453857422, ""anp_Deva""], [0.29978519678115845, ""hin_Deva""], [0.07006378471851349, ""awa_Deva""], [0.002637536032125354, ""bho_Deva""], [0.0011591145303100348, ""new_Deva""]]"
L1,198022,anp_Deva,0.9934934973716736,0.0032253835815936327,"[[0.9934934973716736, ""anp_Deva""], [0.0032253835815936327, ""hin_Deva""], [0.003161887638270855, ""new_Deva""], [0.0001547700521769002, ""awa_Deva""], [1.2445454558474012e-05, ""mai_Deva""]]"
L1,198055,hin_Deva,0.8204342126846313,0.8204342126846313,"[[0.8204342126846313, ""hin_Deva""], [0.15972435474395752, ""anp_Deva""], [0.010342051275074482, ""new_Deva""], [0.0054785022512078285, ""awa_Deva""], [0.002098867204040289, ""bho_Deva""]]"
L1,198503,hin_Deva,0.6227039098739624,0.6227039098739624,"[[0.6227039098739624, ""hin_Deva""], [0.3745687007904053, ""anp_Deva""], [0.0016182843828573823, ""new_Deva""], [0.0008464446291327477, ""awa_Deva""], [0.00022971094585955143, ""mai_Deva""]]"
L1,198796,anp_Deva,0.5762937068939209,0.4225185215473175,"[[0.5762937068939209, ""anp_Deva""], [0.4225185215473175, ""hin_Deva""], [0.0007415502914227545, ""awa_Deva""], [0.0004022268403787166, ""new_Deva""], [3.645312608568929e-05, ""mai_Deva""]]"
L1,198802,hin_Deva,0.8510299324989319,0.8510299324989319,"[[0.8510299324989319, ""hin_Deva""], [0.1409233659505844, ""anp_Deva""], [0.004659212194383144, ""awa_Deva""], [0.001417858642525971, ""new_Deva""], [0.0010309810750186443, ""bho_Deva""]]"
L1,199025,hin_Deva,0.9287366271018982,0.9287366271018982,"[[0.9287366271018982, ""hin_Deva""], [0.03723360598087311, ""anp_Deva""], [0.02555486559867859, ""bho_Deva""], [0.004547830205410719, ""new_Deva""], [0.002337048528715968, ""awa_Deva""]]"
L1,199083,hin_Deva,0.5983873605728149,0.5983873605728149,"[[0.5983873605728149, ""hin_Deva""], [0.3445723354816437, ""anp_Deva""], [0.04336623474955559, ""new_Deva""], [0.012632416561245918, ""awa_Deva""], [0.0008881473331712186, ""bho_Deva""]]"
L1,199174,hin_Deva,0.9978592395782471,0.9978592395782471,"[[0.9978592395782471, ""hin_Deva""], [0.001866171252913773, ""anp_Deva""], [0.0001766868808772415, ""doi_Deva""], [7.234037184389308e-05, ""new_Deva""], [3.765463043237105e-05, ""bho_Deva""]]"
L1,199427,anp_Deva,0.9998443126678467,4.1904546378646046e-05,"[[0.9998443126678467, ""anp_Deva""], [0.00010192330955760553, ""new_Deva""], [5.1832772442139685e-05, ""awa_Deva""], [4.1904546378646046e-05, ""hin_Deva""], [1.0006432603404392e-05, ""mai_Deva""]]"
L1,199530,anp_Deva,0.9645962119102478,0.028567563742399216,"[[0.9645962119102478, ""anp_Deva""], [0.028567563742399216, ""hin_Deva""], [0.0045227957889437675, ""awa_Deva""], [0.002145275240764022, ""new_Deva""], [7.374591223197058e-05, ""bho_Deva""]]"
L1,199574,new_Deva,0.8116127252578735,0.11639667302370071,"[[0.8116127252578735, ""new_Deva""], [0.11639667302370071, ""hin_Deva""], [0.052290186285972595, ""anp_Deva""], [0.01162196695804596, ""snd_Deva""], [0.007480698172003031, ""awa_Deva""]]"
L1,199583,hin_Deva,0.5532041192054749,0.5532041192054749,"[[0.5532041192054749, ""hin_Deva""], [0.2974027991294861, ""awa_Deva""], [0.14256435632705688, ""anp_Deva""], [0.0032723508775234222, ""bho_Deva""], [0.0017677529249340296, ""new_Deva""]]"
L1,199733,anp_Deva,0.9920665621757507,0.00767615856602788,"[[0.9920665621757507, ""anp_Deva""], [0.00767615856602788, ""hin_Deva""], [0.0002824364055413753, ""awa_Deva""], [1.1601268852245994e-05, ""bho_Deva""], [1.146218528447207e-05, ""mai_Deva""]]"
L1,199787,anp_Deva,0.4965110421180725,0.4244096875190735,"[[0.4965110421180725, ""anp_Deva""], [0.4244096875190735, ""hin_Deva""], [0.04706673324108124, ""new_Deva""], [0.031773749738931656, ""awa_Deva""], [0.0001391550322296098, ""bho_Deva""]]"
L1,199826,hin_Deva,0.9623900651931763,0.9623900651931763,"[[0.9623900651931763, ""hin_Deva""], [0.02706744335591793, ""new_Deva""], [0.004032273776829243, ""bho_Deva""], [0.0031934161670506, ""awa_Deva""], [0.0013201874680817127, ""anp_Deva""]]"
L1,199940,anp_Deva,0.8995768427848816,0.0972132533788681,"[[0.8995768427848816, ""anp_Deva""], [0.0972132533788681, ""hin_Deva""], [0.0019001292530447245, ""awa_Deva""], [0.0006643874221481383, ""bho_Deva""], [0.0006141459452919662, ""new_Deva""]]"
L1,200028,hin_Deva,0.926860511302948,0.926860511302948,"[[0.926860511302948, ""hin_Deva""], [0.05829881131649017, ""anp_Deva""], [0.005516083911061287, ""new_Deva""], [0.004785400815308094, ""mai_Deva""], [0.0022092529106885195, ""awa_Deva""]]"
L1,200084,anp_Deva,0.9922969341278076,0.007208113092929125,"[[0.9922969341278076, ""anp_Deva""], [0.007208113092929125, ""hin_Deva""], [0.000462104071630165, ""awa_Deva""], [3.4498087188694626e-05, ""new_Deva""], [2.7594731363933533e-05, ""mai_Deva""]]"
L1,200226,anp_Deva,0.9877604842185974,0.006404893007129431,"[[0.9877604842185974, ""anp_Deva""], [0.006404893007129431, ""hin_Deva""], [0.004763324744999409, ""bho_Deva""], [0.0008223280310630798, ""awa_Deva""], [0.00012402604625094682, ""mai_Deva""]]"
L1,200319,anp_Deva,0.9869768023490906,0.010548228397965431,"[[0.9869768023490906, ""anp_Deva""], [0.010548228397965431, ""hin_Deva""], [0.0023348485119640827, ""awa_Deva""], [0.0001745318586472422, ""new_Deva""], [1.3146561286703218e-05, ""mai_Deva""]]"
L1,200396,hin_Deva,0.9566228985786438,0.9566228985786438,"[[0.9566228985786438, ""hin_Deva""], [0.015567787922918797, ""bho_Deva""], [0.014995143748819828, ""anp_Deva""], [0.007289408706128597, ""mai_Deva""], [0.0028365422040224075, ""awa_Deva""]]"
L1,200572,hin_Deva,0.5282835364341736,0.5282835364341736,"[[0.5282835364341736, ""hin_Deva""], [0.4590826630592346, ""anp_Deva""], [0.007746466435492039, ""awa_Deva""], [0.0027472893707454205, ""new_Deva""], [0.0017249759985134006, ""bho_Deva""]]"
L1,200803,anp_Deva,0.9962862730026245,0.0019657823722809553,"[[0.9962862730026245, ""anp_Deva""], [0.0019657823722809553, ""hin_Deva""], [0.0016994632314890623, ""mai_Deva""], [3.293733243481256e-05, ""gom_Deva""], [3.028209539479576e-05, ""bho_Deva""]]"
L1,200989,anp_Deva,0.9951726198196411,0.004414982628077269,"[[0.9951726198196411, ""anp_Deva""], [0.004414982628077269, ""hin_Deva""], [0.0002672447881195694, ""awa_Deva""], [0.00017826363909989595, ""new_Deva""], [1.2727401554002427e-05, ""brx_Deva""]]"
L1,201621,hin_Deva,0.7692264914512634,0.7692264914512634,"[[0.7692264914512634, ""hin_Deva""], [0.22067685425281525, ""anp_Deva""], [0.0034396429546177387, ""mag_Deva""], [0.002550777979195118, ""awa_Deva""], [0.002298228209838271, ""bho_Deva""]]"
L1,201670,hin_Deva,0.8395004272460938,0.8395004272460938,"[[0.8395004272460938, ""hin_Deva""], [0.13695532083511353, ""anp_Deva""], [0.01668306067585945, ""new_Deva""], [0.003714741673320532, ""mai_Deva""], [0.001011123415082693, ""awa_Deva""]]"
L1,201833,hin_Deva,0.8613805174827576,0.8613805174827576,"[[0.8613805174827576, ""hin_Deva""], [0.1382954716682434, ""anp_Deva""], [0.0001163171764346771, ""awa_Deva""], [0.00011090238695032895, ""new_Deva""], [8.536770474165678e-05, ""mai_Deva""]]"
L1,201912,hin_Deva,0.6849462389945984,0.6849462389945984,"[[0.6849462389945984, ""hin_Deva""], [0.21277368068695068, ""anp_Deva""], [0.0787428468465805, ""new_Deva""], [0.02027486450970173, ""awa_Deva""], [0.0017583095468580723, ""mai_Deva""]]"
L1,202099,hin_Deva,0.6910057067871094,0.6910057067871094,"[[0.6910057067871094, ""hin_Deva""], [0.30292990803718567, ""anp_Deva""], [0.003915383946150541, ""awa_Deva""], [0.0011580305872485042, ""new_Deva""], [0.0003550782275851816, ""mag_Deva""]]"
L1,202208,hin_Deva,0.8985815048217773,0.8985815048217773,"[[0.8985815048217773, ""hin_Deva""], [0.09878760576248169, ""anp_Deva""], [0.002385613275691867, ""awa_Deva""], [0.00021413191279862076, ""mag_Deva""], [3.853839371004142e-05, ""bho_Deva""]]"
L1,202465,anp_Deva,0.9643071889877319,0.03407353535294533,"[[0.9643071889877319, ""anp_Deva""], [0.03407353535294533, ""hin_Deva""], [0.0009717515204101801, ""awa_Deva""], [0.0006694099283777177, ""new_Deva""], [1.7713946363073774e-05, ""san_Deva""]]"
L1,202776,hin_Deva,0.9555105566978455,0.9555105566978455,"[[0.9555105566978455, ""hin_Deva""], [0.028243055567145348, ""awa_Deva""], [0.013765284791588783, ""anp_Deva""], [0.0009573891293257475, ""bho_Deva""], [0.0007756446138955653, ""new_Deva""]]"
L1,202788,hin_Deva,0.9631937742233276,0.9631937742233276,"[[0.9631937742233276, ""hin_Deva""], [0.03129895031452179, ""anp_Deva""], [0.0027207466773688793, ""new_Deva""], [0.0021789877209812403, ""awa_Deva""], [0.0005905383732169867, ""mai_Deva""]]"
L1,203108,anp_Deva,0.9905186891555786,0.009287913329899311,"[[0.9905186891555786, ""anp_Deva""], [0.009287913329899311, ""hin_Deva""], [0.00021585500508081168, ""awa_Deva""], [1.3582297469838522e-05, ""new_Deva""], [1.1270595678070094e-05, ""doi_Deva""]]"
L1,203558,hin_Deva,0.9452010989189148,0.9452010989189148,"[[0.9452010989189148, ""hin_Deva""], [0.05202709883451462, ""anp_Deva""], [0.002178274095058441, ""mai_Deva""], [0.00026532873744145036, ""bho_Deva""], [0.00011844776599900797, ""mar_Deva""]]"
L1,203910,hin_Deva,0.6927547454833984,0.6927547454833984,"[[0.6927547454833984, ""hin_Deva""], [0.30454763770103455, ""anp_Deva""], [0.0018952003447338939, ""awa_Deva""], [0.0007870207773521543, ""new_Deva""], [4.6828394260955974e-05, ""mag_Deva""]]"
L1,203961,anp_Deva,0.9995967745780945,0.00037621715455316007,"[[0.9995967745780945, ""anp_Deva""], [0.00037621715455316007, ""hin_Deva""], [5.439928645500913e-05, ""awa_Deva""], [1.1125285709567834e-05, ""mai_Deva""], [1.0473399015609175e-05, ""kas_Deva""]]"
L1,203996,anp_Deva,0.5542765259742737,0.4370948076248169,"[[0.5542765259742737, ""anp_Deva""], [0.4370948076248169, ""hin_Deva""], [0.006098860874772072, ""awa_Deva""], [0.0015188216930255294, ""bho_Deva""], [0.0005198534927330911, ""new_Deva""]]"
L1,204044,hin_Deva,0.6932525038719177,0.6932525038719177,"[[0.6932525038719177, ""hin_Deva""], [0.2191927582025528, ""anp_Deva""], [0.037696465849876404, ""mai_Deva""], [0.02109888568520546, ""awa_Deva""], [0.013597417622804642, ""mag_Deva""]]"
L1,204090,hin_Deva,0.9716607928276062,0.9716607928276062,"[[0.9716607928276062, ""hin_Deva""], [0.020861037075519562, ""anp_Deva""], [0.0052766017615795135, ""new_Deva""], [0.001677880296483636, ""bho_Deva""], [0.00031998316990211606, ""mag_Deva""]]"
L1,204506,anp_Deva,0.9938473105430603,0.005832428112626076,"[[0.9938473105430603, ""anp_Deva""], [0.005832428112626076, ""hin_Deva""], [0.0003304996353108436, ""awa_Deva""], [2.1280548025970347e-05, ""new_Deva""], [1.7119797121267766e-05, ""mup_Deva""]]"
L1,204566,hin_Deva,0.577377438545227,0.577377438545227,"[[0.577377438545227, ""hin_Deva""], [0.3759194612503052, ""anp_Deva""], [0.035900384187698364, ""awa_Deva""], [0.005271147470921278, ""mup_Deva""], [0.002542823553085327, ""kru_Deva""]]"
L1,204697,anp_Deva,0.9990469217300415,0.0009118615416809916,"[[0.9990469217300415, ""anp_Deva""], [0.0009118615416809916, ""hin_Deva""], [5.567053085542284e-05, ""awa_Deva""], [2.1994543203618377e-05, ""new_Deva""], [1.1646686289168429e-05, ""mai_Deva""]]"
L1,204774,anp_Deva,0.6312565207481384,0.35988515615463257,"[[0.6312565207481384, ""anp_Deva""], [0.35988515615463257, ""hin_Deva""], [0.008540626615285873, ""new_Deva""], [0.000237514337641187, ""awa_Deva""], [0.00012078508734703064, ""mai_Deva""]]"
L1,204831,hin_Deva,0.89549320936203,0.89549320936203,"[[0.89549320936203, ""hin_Deva""], [0.08894211053848267, ""anp_Deva""], [0.009504289366304874, ""bho_Deva""], [0.003078922862187028, ""awa_Deva""], [0.0014097592793405056, ""mai_Deva""]]"
L1,204843,anp_Deva,0.5102003216743469,0.4880232512950897,"[[0.5102003216743469, ""anp_Deva""], [0.4880232512950897, ""hin_Deva""], [0.0016738352132961154, ""awa_Deva""], [7.820867176633328e-05, ""mai_Deva""], [4.172211265540682e-05, ""new_Deva""]]"
L1,204885,anp_Deva,0.9991181492805481,0.0006331734475679696,"[[0.9991181492805481, ""anp_Deva""], [0.0006331734475679696, ""hin_Deva""], [0.00011854924377985299, ""new_Deva""], [5.687122029485181e-05, ""bho_Deva""], [5.577006231760606e-05, ""awa_Deva""]]"
L1,205104,anp_Deva,0.9843854308128357,0.014784841798245907,"[[0.9843854308128357, ""anp_Deva""], [0.014784841798245907, ""hin_Deva""], [0.00038419023621827364, ""new_Deva""], [0.00032154173823073506, ""awa_Deva""], [0.0001555817580083385, ""bho_Deva""]]"
L1,205336,hin_Deva,0.8737195730209351,0.8737195730209351,"[[0.8737195730209351, ""hin_Deva""], [0.12244006246328354, ""awa_Deva""], [0.0018226441461592913, ""anp_Deva""], [0.0011708823731169105, ""doi_Deva""], [0.0001634727232158184, ""san_Deva""]]"
L1,205376,anp_Deva,0.7094218730926514,0.2610114514827728,"[[0.7094218730926514, ""anp_Deva""], [0.2610114514827728, ""hin_Deva""], [0.02620244212448597, ""new_Deva""], [0.001837518415413797, ""mag_Deva""], [0.0013807673240080476, ""sck_Deva""]]"
L1,205401,hin_Deva,0.7491397261619568,0.7491397261619568,"[[0.7491397261619568, ""hin_Deva""], [0.1438232958316803, ""anp_Deva""], [0.08075183629989624, ""awa_Deva""], [0.01809062249958515, ""new_Deva""], [0.003018842777237296, ""mai_Deva""]]"
L1,205646,anp_Deva,0.9967277646064758,0.003060745308175683,"[[0.9967277646064758, ""anp_Deva""], [0.003060745308175683, ""hin_Deva""], [0.00013197140651755035, ""mup_Deva""], [7.51173502067104e-05, ""awa_Deva""], [4.562010508379899e-05, ""mai_Deva""]]"
L1,205944,anp_Deva,0.9417299032211304,0.0566539503633976,"[[0.9417299032211304, ""anp_Deva""], [0.0566539503633976, ""hin_Deva""], [0.0016055437736213207, ""awa_Deva""], [2.073100404231809e-05, ""new_Deva""], [1.7403330275556073e-05, ""bho_Deva""]]"
L1,206021,anp_Deva,0.5883582234382629,0.41060933470726013,"[[0.5883582234382629, ""anp_Deva""], [0.41060933470726013, ""hin_Deva""], [0.00038738426519557834, ""mag_Deva""], [0.00036997688584960997, ""new_Deva""], [0.0001774904376361519, ""awa_Deva""]]"
L1,206034,anp_Deva,0.5495649576187134,0.4312216341495514,"[[0.5495649576187134, ""anp_Deva""], [0.4312216341495514, ""hin_Deva""], [0.01645500957965851, ""new_Deva""], [0.002419206080958247, ""awa_Deva""], [0.000137383074616082, ""mar_Deva""]]"
L1,206138,hin_Deva,0.7231302261352539,0.7231302261352539,"[[0.7231302261352539, ""hin_Deva""], [0.2663031816482544, ""anp_Deva""], [0.004710736218839884, ""mag_Deva""], [0.002134903334081173, ""new_Deva""], [0.0018184694927185774, ""awa_Deva""]]"
L1,206168,anp_Deva,0.851702868938446,0.14708450436592102,"[[0.851702868938446, ""anp_Deva""], [0.14708450436592102, ""hin_Deva""], [0.0008214830886572599, ""new_Deva""], [0.000271969212917611, ""awa_Deva""], [6.246236443985254e-05, ""hne_Deva""]]"
L1,206302,anp_Deva,0.6283682584762573,0.3689781725406647,"[[0.6283682584762573, ""anp_Deva""], [0.3689781725406647, ""hin_Deva""], [0.002018960425630212, ""awa_Deva""], [0.00030853025964461267, ""new_Deva""], [0.0002422141405986622, ""bho_Deva""]]"
L1,206312,anp_Deva,0.9614612460136414,0.03791465610265732,"[[0.9614612460136414, ""anp_Deva""], [0.03791465610265732, ""hin_Deva""], [0.0006126948283053935, ""awa_Deva""], [3.483802720438689e-05, ""new_Deva""], [1.5832030840101652e-05, ""mag_Deva""]]"
L1,206889,hin_Deva,0.9954467415809631,0.9954467415809631,"[[0.9954467415809631, ""hin_Deva""], [0.004072267562150955, ""anp_Deva""], [0.00017030358139891177, ""bho_Deva""], [0.00013145527918823063, ""awa_Deva""], [0.00011597170669119805, ""new_Deva""]]"
L1,207159,hin_Deva,0.514808714389801,0.514808714389801,"[[0.514808714389801, ""hin_Deva""], [0.4810501039028168, ""anp_Deva""], [0.0016752621158957481, ""new_Deva""], [0.0006917270948179066, ""mai_Deva""], [0.0006298265070654452, ""awa_Deva""]]"
L1,207184,anp_Deva,0.9775249361991882,0.021643636748194695,"[[0.9775249361991882, ""anp_Deva""], [0.021643636748194695, ""hin_Deva""], [0.0007593883783556521, ""awa_Deva""], [0.00010753241804195568, ""new_Deva""], [1.1780737622757442e-05, ""mai_Deva""]]"
L1,207306,anp_Deva,0.9689322710037231,0.030442584306001663,"[[0.9689322710037231, ""anp_Deva""], [0.030442584306001663, ""hin_Deva""], [0.0003245498228352517, ""mai_Deva""], [0.0002152945671696216, ""awa_Deva""], [6.98043149895966e-05, ""new_Deva""]]"
L1,207884,anp_Deva,0.9970571398735046,0.002833735663443804,"[[0.9970571398735046, ""anp_Deva""], [0.002833735663443804, ""hin_Deva""], [9.942894394043833e-05, ""new_Deva""], [4.708413689513691e-05, ""awa_Deva""], [1.1890982023032848e-05, ""mai_Deva""]]"
L1,207986,hin_Deva,0.5595251321792603,0.5595251321792603,"[[0.5595251321792603, ""hin_Deva""], [0.43188267946243286, ""anp_Deva""], [0.006553995423018932, ""new_Deva""], [0.0008088482427410781, ""bho_Deva""], [0.0006516699795611203, ""awa_Deva""]]"
L1,208057,anp_Deva,0.9966893196105957,0.00296587310731411,"[[0.9966893196105957, ""anp_Deva""], [0.00296587310731411, ""hin_Deva""], [0.0003358685353305191, ""awa_Deva""], [2.8948996259714477e-05, ""new_Deva""], [2.4648275939398445e-05, ""mag_Deva""]]"
L1,208104,anp_Deva,0.999861478805542,0.00015815092774573714,"[[0.999861478805542, ""anp_Deva""], [0.00015815092774573714, ""hin_Deva""], [1.01884970717947e-05, ""new_Deva""], [1.0100844519911334e-05, ""awa_Deva""], [1.0023060895036906e-05, ""mai_Deva""]]"
L1,208262,hin_Deva,0.8036527633666992,0.8036527633666992,"[[0.8036527633666992, ""hin_Deva""], [0.1767810583114624, ""anp_Deva""], [0.012286275625228882, ""mai_Deva""], [0.005013849586248398, ""awa_Deva""], [0.0006817322573624551, ""new_Deva""]]"
L1,208328,hin_Deva,0.6801878809928894,0.6801878809928894,"[[0.6801878809928894, ""hin_Deva""], [0.31237590312957764, ""anp_Deva""], [0.004727448336780071, ""awa_Deva""], [0.0022956947796046734, ""new_Deva""], [0.00016559097275603563, ""mai_Deva""]]"
L1,208652,anp_Deva,0.8707430362701416,0.06821876019239426,"[[0.8707430362701416, ""anp_Deva""], [0.06821876019239426, ""hin_Deva""], [0.030500303953886032, ""bho_Deva""], [0.0098138228058815, ""mai_Deva""], [0.008427978493273258, ""new_Deva""]]"
L1,208800,anp_Deva,0.8389381170272827,0.15384164452552795,"[[0.8389381170272827, ""anp_Deva""], [0.15384164452552795, ""hin_Deva""], [0.003948277793824673, ""awa_Deva""], [0.0011466214200481772, ""new_Deva""], [0.0009874639799818397, ""bho_Deva""]]"
L1,208839,hin_Deva,0.8633416891098022,0.8633416891098022,"[[0.8633416891098022, ""hin_Deva""], [0.11638906598091125, ""anp_Deva""], [0.011061207391321659, ""awa_Deva""], [0.0076282271184027195, ""mai_Deva""], [0.0011725183576345444, ""new_Deva""]]"
L1,208928,hin_Deva,0.8850215077400208,0.8850215077400208,"[[0.8850215077400208, ""hin_Deva""], [0.05480825528502464, ""anp_Deva""], [0.038841474801301956, ""awa_Deva""], [0.015915732830762863, ""mai_Deva""], [0.002303654793649912, ""bho_Deva""]]"
L1,209201,anp_Deva,0.9939608573913574,0.006025195121765137,"[[0.9939608573913574, ""anp_Deva""], [0.006025195121765137, ""hin_Deva""], [2.708284227992408e-05, ""awa_Deva""], [2.0356763343443163e-05, ""mai_Deva""], [1.1914433343918063e-05, ""mup_Deva""]]"
L1,209290,hin_Deva,0.9676242470741272,0.9676242470741272,"[[0.9676242470741272, ""hin_Deva""], [0.009862499311566353, ""anp_Deva""], [0.006417668890208006, ""awa_Deva""], [0.005677847191691399, ""new_Deva""], [0.004027143120765686, ""kru_Deva""]]"
L1,209519,hin_Deva,0.5316550731658936,0.5316550731658936,"[[0.5316550731658936, ""hin_Deva""], [0.46341487765312195, ""anp_Deva""], [0.0012280159862712026, ""bho_Deva""], [0.0012107531074434519, ""awa_Deva""], [0.0010157055221498013, ""new_Deva""]]"
L1,209675,anp_Deva,0.906853199005127,0.09176865965127945,"[[0.906853199005127, ""anp_Deva""], [0.09176865965127945, ""hin_Deva""], [0.0013201257679611444, ""new_Deva""], [6.82463069097139e-05, ""awa_Deva""], [1.81365103344433e-05, ""bho_Deva""]]"
L1,209908,hin_Deva,0.777385950088501,0.777385950088501,"[[0.777385950088501, ""hin_Deva""], [0.2156420350074768, ""anp_Deva""], [0.0030158357694745064, ""new_Deva""], [0.0021306907292455435, ""mai_Deva""], [0.00101669249124825, ""awa_Deva""]]"
L1,210034,hin_Deva,0.6668096780776978,0.6668096780776978,"[[0.6668096780776978, ""hin_Deva""], [0.3234560489654541, ""anp_Deva""], [0.0035540058743208647, ""awa_Deva""], [0.002618424827232957, ""mag_Deva""], [0.0023475573398172855, ""mai_Deva""]]"
L1,210130,anp_Deva,0.9840465188026428,0.015495246276259422,"[[0.9840465188026428, ""anp_Deva""], [0.015495246276259422, ""hin_Deva""], [0.00038061069790273905, ""awa_Deva""], [9.172944555757567e-05, ""sck_Deva""], [3.3396408980479464e-05, ""new_Deva""]]"
L1,210176,hin_Deva,0.8411322832107544,0.8411322832107544,"[[0.8411322832107544, ""hin_Deva""], [0.15350094437599182, ""anp_Deva""], [0.0027066899929195642, ""awa_Deva""], [0.001864106161519885, ""new_Deva""], [0.0003650934959296137, ""mai_Deva""]]"
L1,210315,hin_Deva,0.9772789478302002,0.9772789478302002,"[[0.9772789478302002, ""hin_Deva""], [0.018792763352394104, ""anp_Deva""], [0.002841411391273141, ""mai_Deva""], [0.000549636606592685, ""new_Deva""], [0.00023337041784543544, ""mup_Deva""]]"
L1,210452,hin_Deva,0.8361315727233887,0.8361315727233887,"[[0.8361315727233887, ""hin_Deva""], [0.13956548273563385, ""anp_Deva""], [0.012909626588225365, ""new_Deva""], [0.00904898252338171, ""awa_Deva""], [0.0009794393554329872, ""mag_Deva""]]"
L1,210896,hin_Deva,0.6189650297164917,0.6189650297164917,"[[0.6189650297164917, ""hin_Deva""], [0.35079678893089294, ""anp_Deva""], [0.012820889241993427, ""bho_Deva""], [0.0058927289210259914, ""new_Deva""], [0.004478981718420982, ""mar_Deva""]]"
L1,210980,anp_Deva,0.9030314087867737,0.09399298578500748,"[[0.9030314087867737, ""anp_Deva""], [0.09399298578500748, ""hin_Deva""], [0.0028662215918302536, ""awa_Deva""], [6.047049100743607e-05, ""kas_Deva""], [5.140582288731821e-05, ""new_Deva""]]"
L1,211346,anp_Deva,0.5932289958000183,0.4064450263977051,"[[0.5932289958000183, ""anp_Deva""], [0.4064450263977051, ""hin_Deva""], [0.00028383321478031576, ""snd_Deva""], [6.488533108495176e-05, ""awa_Deva""], [1.9223374692955986e-05, ""mag_Deva""]]"
L1,211356,hin_Deva,0.9588279724121094,0.9588279724121094,"[[0.9588279724121094, ""hin_Deva""], [0.03177127242088318, ""anp_Deva""], [0.005738022271543741, ""awa_Deva""], [0.003692283993586898, ""new_Deva""], [1.5937574062263593e-05, ""bho_Deva""]]"
L1,211372,anp_Deva,1.0000030994415283,1.0024408766184933e-05,"[[1.0000030994415283, ""anp_Deva""], [1.672479629633017e-05, ""awa_Deva""], [1.013400742522208e-05, ""mar_Deva""], [1.0024408766184933e-05, ""hin_Deva""], [1.0006147022068035e-05, ""mai_Deva""]]"
L1,211429,hin_Deva,0.8882594108581543,0.8882594108581543,"[[0.8882594108581543, ""hin_Deva""], [0.10396502912044525, ""anp_Deva""], [0.004145422019064426, ""awa_Deva""], [0.0033059390261769295, ""new_Deva""], [0.00020367687102407217, ""bho_Deva""]]"
L1,211692,anp_Deva,0.9978342056274414,0.0008717318414710462,"[[0.9978342056274414, ""anp_Deva""], [0.0011728006647899747, ""awa_Deva""], [0.0008717318414710462, ""hin_Deva""], [0.0001487655536038801, ""new_Deva""], [1.689905911916867e-05, ""doi_Deva""]]"
L1,212402,anp_Deva,0.99772047996521,0.0022866029758006334,"[[0.99772047996521, ""anp_Deva""], [0.0022866029758006334, ""hin_Deva""], [2.0274461348890327e-05, ""awa_Deva""], [1.1272572919551749e-05, ""mag_Deva""], [1.088403951143846e-05, ""bho_Deva""]]"
L1,212425,anp_Deva,0.9999220371246338,9.248346032109112e-05,"[[0.9999220371246338, ""anp_Deva""], [9.248346032109112e-05, ""hin_Deva""], [1.4158188605506439e-05, ""doi_Deva""], [1.109763888962334e-05, ""awa_Deva""], [1.0146317436010577e-05, ""new_Deva""]]"
L1,212558,hin_Deva,0.7334545850753784,0.7334545850753784,"[[0.7334545850753784, ""hin_Deva""], [0.21790944039821625, ""new_Deva""], [0.046806320548057556, ""anp_Deva""], [0.0012822754215449095, ""awa_Deva""], [0.0004980216617695987, ""brx_Deva""]]"
L1,212607,anp_Deva,0.939396321773529,0.05850546061992645,"[[0.939396321773529, ""anp_Deva""], [0.05850546061992645, ""hin_Deva""], [0.0018410704797133803, ""awa_Deva""], [0.0002833436883520335, ""new_Deva""], [1.702848203422036e-05, ""bho_Deva""]]"
L1,212809,anp_Deva,0.9145707488059998,0.08222522586584091,"[[0.9145707488059998, ""anp_Deva""], [0.08222522586584091, ""hin_Deva""], [0.002727899234741926, ""awa_Deva""], [0.0002828151045832783, ""mag_Deva""], [9.09903465071693e-05, ""new_Deva""]]"
L1,212834,hin_Deva,0.8232450485229492,0.8232450485229492,"[[0.8232450485229492, ""hin_Deva""], [0.13156376779079437, ""awa_Deva""], [0.044715676456689835, ""anp_Deva""], [0.0002791592269204557, ""new_Deva""], [0.00010071847646031529, ""bho_Deva""]]"
L1,213064,hin_Deva,0.8712594509124756,0.8712594509124756,"[[0.8712594509124756, ""hin_Deva""], [0.11945047974586487, ""anp_Deva""], [0.00779280299320817, ""new_Deva""], [0.0004309771757107228, ""awa_Deva""], [0.0003393923689145595, ""mag_Deva""]]"
L1,213663,anp_Deva,0.9932043552398682,0.0054277353920042515,"[[0.9932043552398682, ""anp_Deva""], [0.0054277353920042515, ""hin_Deva""], [0.001035510329529643, ""mai_Deva""], [0.00023611793585587293, ""new_Deva""], [4.6092012780718505e-05, ""npi_Deva""]]"
L1,213778,anp_Deva,0.9601787328720093,0.03883199021220207,"[[0.9601787328720093, ""anp_Deva""], [0.03883199021220207, ""hin_Deva""], [0.0006422140868380666, ""awa_Deva""], [0.00021793732594233006, ""new_Deva""], [8.667683141538873e-05, ""mai_Deva""]]"
L1,213897,hin_Deva,0.6570469737052917,0.6570469737052917,"[[0.6570469737052917, ""hin_Deva""], [0.3407755196094513, ""anp_Deva""], [0.0011633432004600763, ""awa_Deva""], [0.0006738685769960284, ""new_Deva""], [0.00021566385112237185, ""bho_Deva""]]"
L1,214177,anp_Deva,0.8184271454811096,0.18025866150856018,"[[0.8184271454811096, ""anp_Deva""], [0.18025866150856018, ""hin_Deva""], [0.0004715383402071893, ""awa_Deva""], [0.0003553309361450374, ""sck_Deva""], [0.00018307691789232194, ""mag_Deva""]]"
L1,214384,hin_Deva,0.5742126703262329,0.5742126703262329,"[[0.5742126703262329, ""hin_Deva""], [0.3828011751174927, ""anp_Deva""], [0.03013175167143345, ""new_Deva""], [0.004556473810225725, ""awa_Deva""], [0.0045131659135222435, ""mup_Deva""]]"
L1,214389,anp_Deva,0.9043903946876526,0.09415795654058456,"[[0.9043903946876526, ""anp_Deva""], [0.09415795654058456, ""hin_Deva""], [0.0009403752046637237, ""new_Deva""], [0.0004022997454740107, ""awa_Deva""], [5.817348210257478e-05, ""mai_Deva""]]"
L1,214558,hin_Deva,0.8521659970283508,0.8521659970283508,"[[0.8521659970283508, ""hin_Deva""], [0.05122411996126175, ""mai_Deva""], [0.03963460773229599, ""anp_Deva""], [0.03053237497806549, ""new_Deva""], [0.007786741014569998, ""bho_Deva""]]"
L1,214610,anp_Deva,0.8372676968574524,0.16170799732208252,"[[0.8372676968574524, ""anp_Deva""], [0.16170799732208252, ""hin_Deva""], [0.0007032447028905153, ""bho_Deva""], [0.00010237259266432375, ""awa_Deva""], [0.00010189094609813765, ""new_Deva""]]"
L1,214679,hin_Deva,0.9483200311660767,0.9483200311660767,"[[0.9483200311660767, ""hin_Deva""], [0.02654927782714367, ""awa_Deva""], [0.014311584644019604, ""new_Deva""], [0.005418219603598118, ""mai_Deva""], [0.002748918253928423, ""anp_Deva""]]"
L1,215320,awa_Deva,0.6945624351501465,0.09334588050842285,"[[0.6945624351501465, ""awa_Deva""], [0.21199291944503784, ""anp_Deva""], [0.09334588050842285, ""hin_Deva""], [6.190598651301116e-05, ""new_Deva""], [5.93946133449208e-05, ""bho_Deva""]]"
L1,215697,anp_Deva,0.9948616623878479,0.004824619274586439,"[[0.9948616623878479, ""anp_Deva""], [0.004824619274586439, ""hin_Deva""], [0.00022298857220448554, ""awa_Deva""], [0.00011352142610121518, ""mai_Deva""], [1.7261063476325944e-05, ""doi_Deva""]]"
L1,215732,hin_Deva,0.8578625321388245,0.8578625321388245,"[[0.8578625321388245, ""hin_Deva""], [0.11687374114990234, ""anp_Deva""], [0.011248776689171791, ""awa_Deva""], [0.008715469390153885, ""new_Deva""], [0.0025278134271502495, ""bho_Deva""]]"
L1,215829,hin_Deva,0.5827049612998962,0.5827049612998962,"[[0.5827049612998962, ""hin_Deva""], [0.34441134333610535, ""anp_Deva""], [0.07254189997911453, ""new_Deva""], [0.00037692481419071555, ""awa_Deva""], [1.375176270812517e-05, ""doi_Deva""]]"
L1,215977,hin_Deva,0.9733700752258301,0.9733700752258301,"[[0.9733700752258301, ""hin_Deva""], [0.026526084169745445, ""anp_Deva""], [6.935654528206214e-05, ""new_Deva""], [3.3299951610388234e-05, ""mai_Deva""], [3.233478855690919e-05, ""sck_Deva""]]"
L1,215982,anp_Deva,0.9940084218978882,0.004812854807823896,"[[0.9940084218978882, ""anp_Deva""], [0.004812854807823896, ""hin_Deva""], [0.001170704374089837, ""new_Deva""], [2.8560478313011117e-05, ""awa_Deva""], [1.7451762687414885e-05, ""mag_Deva""]]"
L1,216233,hin_Deva,0.9842758178710938,0.9842758178710938,"[[0.9842758178710938, ""hin_Deva""], [0.01523619331419468, ""anp_Deva""], [0.00021429166372399777, ""bho_Deva""], [0.00016391623648814857, ""new_Deva""], [0.00013784885231871158, ""awa_Deva""]]"
L1,216582,anp_Deva,0.9871365427970886,0.012718277983367443,"[[0.9871365427970886, ""anp_Deva""], [0.012718277983367443, ""hin_Deva""], [9.42852275329642e-05, ""awa_Deva""], [3.8259608118096367e-05, ""snd_Deva""], [2.6179541237070225e-05, ""bho_Deva""]]"
L1,216669,hin_Deva,0.8529111742973328,0.8529111742973328,"[[0.8529111742973328, ""hin_Deva""], [0.1453700065612793, ""anp_Deva""], [0.0011415391927585006, ""awa_Deva""], [0.0005505223525688052, ""new_Deva""], [6.070496601751074e-05, ""mai_Deva""]]"
L1,217231,anp_Deva,0.9935680031776428,0.006336452905088663,"[[0.9935680031776428, ""anp_Deva""], [0.006336452905088663, ""hin_Deva""], [0.00012394742225296795, ""new_Deva""], [1.1592122064030264e-05, ""awa_Deva""], [1.0022602509707212e-05, ""mai_Deva""]]"
L1,217395,hin_Deva,0.8112013936042786,0.8112013936042786,"[[0.8112013936042786, ""hin_Deva""], [0.11081245541572571, ""awa_Deva""], [0.07577115297317505, ""anp_Deva""], [0.0022122531663626432, ""new_Deva""], [2.5651132091297768e-05, ""mup_Deva""]]"
L1,217515,anp_Deva,0.9946517944335938,0.0052977995947003365,"[[0.9946517944335938, ""anp_Deva""], [0.0052977995947003365, ""hin_Deva""], [5.422866524895653e-05, ""new_Deva""], [2.6878284188569523e-05, ""sck_Deva""], [1.8869241102947854e-05, ""awa_Deva""]]"
L1,217522,anp_Deva,0.895677924156189,0.10190179198980331,"[[0.895677924156189, ""anp_Deva""], [0.10190179198980331, ""hin_Deva""], [0.0009691411978565156, ""bho_Deva""], [0.000930579612031579, ""awa_Deva""], [0.00041486136615276337, ""sck_Deva""]]"
L1,217624,anp_Deva,0.8500235080718994,0.14741258323192596,"[[0.8500235080718994, ""anp_Deva""], [0.14741258323192596, ""hin_Deva""], [0.002534006955102086, ""new_Deva""], [3.6761004594154656e-05, ""awa_Deva""], [1.7847498384071514e-05, ""mag_Deva""]]"
L1,217723,anp_Deva,0.9992510080337524,0.0006781173287890851,"[[0.9992510080337524, ""anp_Deva""], [0.0006781173287890851, ""hin_Deva""], [6.943205517018214e-05, ""awa_Deva""], [3.5917073546443135e-05, ""new_Deva""], [1.402265752403764e-05, ""doi_Deva""]]"
L1,217799,anp_Deva,0.8580256104469299,0.1411857157945633,"[[0.8580256104469299, ""anp_Deva""], [0.1411857157945633, ""hin_Deva""], [0.0006879597203806043, ""awa_Deva""], [7.708182238275185e-05, ""doi_Deva""], [5.0562583055580035e-05, ""new_Deva""]]"
L1,217902,hin_Deva,0.6269066333770752,0.6269066333770752,"[[0.6269066333770752, ""hin_Deva""], [0.3656539022922516, ""anp_Deva""], [0.006043446250259876, ""awa_Deva""], [0.0008978887926787138, ""new_Deva""], [0.0002795425825752318, ""bho_Deva""]]"
L1,218333,hin_Deva,0.9744310975074768,0.9744310975074768,"[[0.9744310975074768, ""hin_Deva""], [0.008494403213262558, ""anp_Deva""], [0.004534746520221233, ""awa_Deva""], [0.0036069913767278194, ""mai_Deva""], [0.003323805285617709, ""hne_Deva""]]"
L1,218454,hin_Deva,0.8020021915435791,0.8020021915435791,"[[0.8020021915435791, ""hin_Deva""], [0.17717163264751434, ""anp_Deva""], [0.019772516563534737, ""awa_Deva""], [0.0006698381039313972, ""new_Deva""], [0.00018016759713646024, ""bho_Deva""]]"
L1,218542,hin_Deva,0.983785092830658,0.983785092830658,"[[0.983785092830658, ""hin_Deva""], [0.014475935138761997, ""anp_Deva""], [0.0013314278330653906, ""hne_Deva""], [0.00028573814779520035, ""new_Deva""], [0.00012331674224697053, ""awa_Deva""]]"
L1,218949,hin_Deva,0.9991728067398071,0.9991728067398071,"[[0.9991728067398071, ""hin_Deva""], [0.0006948044174350798, ""anp_Deva""], [0.0001266063190996647, ""awa_Deva""], [2.807479177135974e-05, ""new_Deva""], [2.0709563614218496e-05, ""bho_Deva""]]"
L1,218988,anp_Deva,0.7007167339324951,0.29897165298461914,"[[0.7007167339324951, ""anp_Deva""], [0.29897165298461914, ""hin_Deva""], [0.00014205479237716645, ""mag_Deva""], [0.0001248136832145974, ""awa_Deva""], [3.9447604649467394e-05, ""npi_Deva""]]"
L1,219064,hin_Deva,0.959407389163971,0.959407389163971,"[[0.959407389163971, ""hin_Deva""], [0.04030613973736763, ""anp_Deva""], [0.00015196582535281777, ""new_Deva""], [6.54913455946371e-05, ""mai_Deva""], [5.788256385130808e-05, ""mar_Deva""]]"
L1,219073,hin_Deva,0.9548322558403015,0.9548322558403015,"[[0.9548322558403015, ""hin_Deva""], [0.04517698660492897, ""mar_Deva""], [1.8714956240728498e-05, ""new_Deva""], [1.0980854312947486e-05, ""san_Deva""], [1.0906441275437828e-05, ""mup_Deva""]]"
L1,219805,hin_Deva,0.9237285852432251,0.9237285852432251,"[[0.9237285852432251, ""hin_Deva""], [0.05076179280877113, ""awa_Deva""], [0.0152430459856987, ""bho_Deva""], [0.005506749264895916, ""mai_Deva""], [0.0035285165067762136, ""new_Deva""]]"
L1,219859,hin_Deva,0.8316513895988464,0.8316513895988464,"[[0.8316513895988464, ""hin_Deva""], [0.16511096060276031, ""anp_Deva""], [0.00242370693013072, ""new_Deva""], [0.0008385970140807331, ""awa_Deva""], [2.1353287593228742e-05, ""bho_Deva""]]"
L1,219959,anp_Deva,0.9630271196365356,0.029269585385918617,"[[0.9630271196365356, ""anp_Deva""], [0.029269585385918617, ""hin_Deva""], [0.004679355304688215, ""new_Deva""], [0.0016505932435393333, ""bho_Deva""], [0.0006704190163873136, ""mag_Deva""]]"
L1,219994,hin_Deva,0.706620991230011,0.706620991230011,"[[0.706620991230011, ""hin_Deva""], [0.22519490122795105, ""anp_Deva""], [0.05644969642162323, ""awa_Deva""], [0.004809190984815359, ""bho_Deva""], [0.002952209208160639, ""mai_Deva""]]"
L1,220020,hin_Deva,0.6684792041778564,0.6684792041778564,"[[0.6684792041778564, ""hin_Deva""], [0.3107656240463257, ""anp_Deva""], [0.014302210882306099, ""awa_Deva""], [0.0026693290565162897, ""new_Deva""], [0.0013854195130988955, ""mai_Deva""]]"
L1,220371,hin_Deva,0.9247767329216003,0.9247767329216003,"[[0.9247767329216003, ""hin_Deva""], [0.06148067116737366, ""new_Deva""], [0.00853706430643797, ""mar_Deva""], [0.0024317733477801085, ""awa_Deva""], [0.0018108142539858818, ""mai_Deva""]]"
L1,220545,hin_Deva,0.7016124725341797,0.7016124725341797,"[[0.7016124725341797, ""hin_Deva""], [0.13370798528194427, ""new_Deva""], [0.12883034348487854, ""anp_Deva""], [0.034686751663684845, ""awa_Deva""], [0.0007436763262376189, ""bho_Deva""]]"
L1,220795,hin_Deva,0.8107494115829468,0.8107494115829468,"[[0.8107494115829468, ""hin_Deva""], [0.11175516247749329, ""anp_Deva""], [0.0351877398788929, ""awa_Deva""], [0.015906333923339844, ""mai_Deva""], [0.010400808416306973, ""npi_Deva""]]"
L1,220943,hin_Deva,0.9873419404029846,0.9873419404029846,"[[0.9873419404029846, ""hin_Deva""], [0.010036553256213665, ""awa_Deva""], [0.0019432278349995613, ""sck_Deva""], [0.00023158766271080822, ""anp_Deva""], [0.00017536991799715906, ""new_Deva""]]"
L1,221149,hin_Deva,0.8537264466285706,0.8537264466285706,"[[0.8537264466285706, ""hin_Deva""], [0.12465759366750717, ""anp_Deva""], [0.01301835011690855, ""awa_Deva""], [0.00808726716786623, ""new_Deva""], [0.00027133320691064, ""bho_Deva""]]"
L1,221248,hin_Deva,0.9755695462226868,0.9755695462226868,"[[0.9755695462226868, ""hin_Deva""], [0.006505039054900408, ""mag_Deva""], [0.005529675632715225, ""hne_Deva""], [0.004594532307237387, ""anp_Deva""], [0.0031939460895955563, ""sck_Deva""]]"
L1,221255,hin_Deva,0.9886049628257751,0.9886049628257751,"[[0.9886049628257751, ""hin_Deva""], [0.006607953924685717, ""anp_Deva""], [0.0025250029284507036, ""awa_Deva""], [0.0007342531462199986, ""new_Deva""], [0.0006923352484591305, ""mar_Deva""]]"
L1,221311,hin_Deva,0.8195310235023499,0.8195310235023499,"[[0.8195310235023499, ""hin_Deva""], [0.17852218449115753, ""anp_Deva""], [0.0017883612308651209, ""awa_Deva""], [0.00017907812434714288, ""new_Deva""], [1.6077699910965748e-05, ""sck_Deva""]]"
L1,221344,hin_Deva,0.5540701746940613,0.5540701746940613,"[[0.5540701746940613, ""hin_Deva""], [0.43684542179107666, ""anp_Deva""], [0.004508197773247957, ""awa_Deva""], [0.0021689378190785646, ""new_Deva""], [0.00182733207475394, ""kas_Deva""]]"
L1,221369,hin_Deva,0.9737734794616699,0.9737734794616699,"[[0.9737734794616699, ""hin_Deva""], [0.024839594960212708, ""anp_Deva""], [0.000431163382017985, ""mai_Deva""], [0.0004200807888992131, ""awa_Deva""], [0.00040195899782702327, ""new_Deva""]]"
L1,221392,anp_Deva,0.775927722454071,0.21806763112545013,"[[0.775927722454071, ""anp_Deva""], [0.21806763112545013, ""hin_Deva""], [0.0054884725250303745, ""new_Deva""], [0.00045621523167937994, ""mai_Deva""], [5.568550477619283e-05, ""awa_Deva""]]"
L1,221414,hin_Deva,0.8616602420806885,0.8616602420806885,"[[0.8616602420806885, ""hin_Deva""], [0.13679659366607666, ""anp_Deva""], [0.0011298307217657566, ""awa_Deva""], [0.0001964377734111622, ""new_Deva""], [0.00016003315977286547, ""bho_Deva""]]"
L1,221735,anp_Deva,0.9617610573768616,0.03818430379033089,"[[0.9617610573768616, ""anp_Deva""], [0.03818430379033089, ""hin_Deva""], [6.323410343611613e-05, ""awa_Deva""], [2.991574365296401e-05, ""new_Deva""], [1.1170032848895062e-05, ""san_Deva""]]"
L1,221935,anp_Deva,0.6831001043319702,0.3161984086036682,"[[0.6831001043319702, ""anp_Deva""], [0.3161984086036682, ""hin_Deva""], [0.0005933516658842564, ""new_Deva""], [4.927857298753224e-05, ""mai_Deva""], [4.122545578866266e-05, ""awa_Deva""]]"
L1,222000,hin_Deva,0.552699089050293,0.552699089050293,"[[0.552699089050293, ""hin_Deva""], [0.4362858831882477, ""anp_Deva""], [0.005529878661036491, ""san_Deva""], [0.004713095258921385, ""new_Deva""], [0.0003422953886911273, ""mai_Deva""]]"
L1,222057,anp_Deva,0.8813161849975586,0.10974802076816559,"[[0.8813161849975586, ""anp_Deva""], [0.10974802076816559, ""hin_Deva""], [0.002988011809065938, ""new_Deva""], [0.0020446341950446367, ""mai_Deva""], [0.0019445347134023905, ""awa_Deva""]]"
L1,222118,hin_Deva,0.8110908269882202,0.8110908269882202,"[[0.8110908269882202, ""hin_Deva""], [0.17572690546512604, ""anp_Deva""], [0.005267222877591848, ""mai_Deva""], [0.003956656903028488, ""awa_Deva""], [0.0030790152959525585, ""mag_Deva""]]"
L1,222675,anp_Deva,0.9234673380851746,0.07516974210739136,"[[0.9234673380851746, ""anp_Deva""], [0.07516974210739136, ""hin_Deva""], [0.0007920694188214839, ""awa_Deva""], [0.000337177945766598, ""bho_Deva""], [0.00019128143321722746, ""mag_Deva""]]"
L1,222694,anp_Deva,0.7974327206611633,0.19829457998275757,"[[0.7974327206611633, ""anp_Deva""], [0.19829457998275757, ""hin_Deva""], [0.0019323182059451938, ""mai_Deva""], [0.0017139475094154477, ""new_Deva""], [0.0003559653414413333, ""awa_Deva""]]"
L1,223039,hin_Deva,0.9729142785072327,0.9729142785072327,"[[0.9729142785072327, ""hin_Deva""], [0.02198244072496891, ""anp_Deva""], [0.0049791885539889336, ""awa_Deva""], [9.013978706207126e-05, ""bho_Deva""], [5.4180640290724114e-05, ""new_Deva""]]"
L1,223056,anp_Deva,0.9998318552970886,0.00017273900448344648,"[[0.9998318552970886, ""anp_Deva""], [0.00017273900448344648, ""hin_Deva""], [1.9899485778296366e-05, ""awa_Deva""], [1.5092240573721938e-05, ""new_Deva""], [1.038804020936368e-05, ""ory_Orya""]]"
L1,223568,anp_Deva,0.7817746996879578,0.21272115409374237,"[[0.7817746996879578, ""anp_Deva""], [0.21272115409374237, ""hin_Deva""], [0.005173802841454744, ""awa_Deva""], [0.00025244985590688884, ""mai_Deva""], [8.160243305610493e-05, ""new_Deva""]]"
L1,223578,anp_Deva,0.8319442868232727,0.02150893025100231,"[[0.8319442868232727, ""anp_Deva""], [0.1465183049440384, ""new_Deva""], [0.02150893025100231, ""hin_Deva""], [6.696314085274935e-05, ""awa_Deva""], [1.0838319212780334e-05, ""mar_Deva""]]"
L1,223615,anp_Deva,0.9226498007774353,0.07710469514131546,"[[0.9226498007774353, ""anp_Deva""], [0.07710469514131546, ""hin_Deva""], [0.00019095408788416535, ""awa_Deva""], [5.2512525144265965e-05, ""new_Deva""], [4.512797750066966e-05, ""mai_Deva""]]"
L1,223632,hin_Deva,0.9919191002845764,0.9919191002845764,"[[0.9919191002845764, ""hin_Deva""], [0.0071764481253921986, ""anp_Deva""], [0.0004463262448552996, ""awa_Deva""], [0.00027694294112734497, ""new_Deva""], [0.00021371754701249301, ""mai_Deva""]]"
L1,223654,hin_Deva,0.47045156359672546,0.47045156359672546,"[[0.47045156359672546, ""hin_Deva""], [0.32550013065338135, ""anp_Deva""], [0.2027469128370285, ""awa_Deva""], [0.0006243458483368158, ""new_Deva""], [0.0005953111103735864, ""bho_Deva""]]"
L1,223691,anp_Deva,0.9999219179153442,9.313337795902044e-05,"[[0.9999219179153442, ""anp_Deva""], [9.313337795902044e-05, ""hin_Deva""], [1.410128334100591e-05, ""new_Deva""], [1.0874214240175206e-05, ""awa_Deva""], [1.0017480235546827e-05, ""sck_Deva""]]"
L1,224266,anp_Deva,0.7688230276107788,0.2089901715517044,"[[0.7688230276107788, ""anp_Deva""], [0.2089901715517044, ""hin_Deva""], [0.018473295494914055, ""awa_Deva""], [0.002272371668368578, ""new_Deva""], [0.0010132495081052184, ""mai_Deva""]]"
L1,224277,hin_Deva,0.978215754032135,0.978215754032135,"[[0.978215754032135, ""hin_Deva""], [0.019958408549427986, ""anp_Deva""], [0.0007806976791471243, ""new_Deva""], [0.0006094006239436567, ""mag_Deva""], [0.00017234425467904657, ""mai_Deva""]]"
L1,224304,hin_Deva,0.8811009526252747,0.8811009526252747,"[[0.8811009526252747, ""hin_Deva""], [0.09284742921590805, ""anp_Deva""], [0.014331839047372341, ""mag_Deva""], [0.007152162492275238, ""bho_Deva""], [0.0023345567751675844, ""mai_Deva""]]"
L1,224479,anp_Deva,0.5523609519004822,0.44214490056037903,"[[0.5523609519004822, ""anp_Deva""], [0.44214490056037903, ""hin_Deva""], [0.001986823510378599, ""mag_Deva""], [0.0018673898885026574, ""new_Deva""], [0.0011669723317027092, ""awa_Deva""]]"
L1,224826,hin_Deva,0.6330356597900391,0.6330356597900391,"[[0.6330356597900391, ""hin_Deva""], [0.35912108421325684, ""anp_Deva""], [0.003012079047039151, ""mai_Deva""], [0.0013779528671875596, ""bho_Deva""], [0.0012648804113268852, ""awa_Deva""]]"
L1,224902,anp_Deva,0.9916333556175232,0.007979962974786758,"[[0.9916333556175232, ""anp_Deva""], [0.007979962974786758, ""hin_Deva""], [0.00020376410975586623, ""awa_Deva""], [0.00010797171853482723, ""sck_Deva""], [6.9099260144867e-05, ""new_Deva""]]"
L1,225214,hin_Deva,0.8456843495368958,0.8456843495368958,"[[0.8456843495368958, ""hin_Deva""], [0.15047121047973633, ""anp_Deva""], [0.0021046227775514126, ""awa_Deva""], [0.0008982091094367206, ""bho_Deva""], [0.00039025896694511175, ""kas_Deva""]]"
L1,225251,hin_Deva,0.9750571250915527,0.9750571250915527,"[[0.9750571250915527, ""hin_Deva""], [0.015723103657364845, ""anp_Deva""], [0.0026789805851876736, ""mag_Deva""], [0.002414714777842164, ""npi_Deva""], [0.0016993805766105652, ""san_Deva""]]"
L1,225639,anp_Deva,0.5553585290908813,0.44311127066612244,"[[0.5553585290908813, ""anp_Deva""], [0.44311127066612244, ""hin_Deva""], [0.00077706208685413, ""new_Deva""], [0.0005759274354204535, ""awa_Deva""], [0.0001152987897512503, ""mag_Deva""]]"
L1,225769,anp_Deva,0.8909748792648315,0.09578138589859009,"[[0.8909748792648315, ""anp_Deva""], [0.09578138589859009, ""hin_Deva""], [0.01228331122547388, ""awa_Deva""], [0.0008639760199002922, ""new_Deva""], [7.282484148163348e-05, ""mai_Deva""]]"
L1,225991,hin_Deva,0.757087767124176,0.757087767124176,"[[0.757087767124176, ""hin_Deva""], [0.15257149934768677, ""awa_Deva""], [0.06869529187679291, ""new_Deva""], [0.0190337672829628, ""anp_Deva""], [0.0020600417628884315, ""mai_Deva""]]"
L1,226086,anp_Deva,0.810537576675415,0.0009896544506773353,"[[0.810537576675415, ""anp_Deva""], [0.1874140501022339, ""awa_Deva""], [0.0010749289067462087, ""new_Deva""], [0.0009896544506773353, ""hin_Deva""], [3.2470041332999244e-05, ""mai_Deva""]]"
L1,226178,anp_Deva,1.0000030994415283,1.627480742172338e-05,"[[1.0000030994415283, ""anp_Deva""], [1.627480742172338e-05, ""hin_Deva""], [1.03714291981305e-05, ""mup_Deva""], [1.0247354111925233e-05, ""awa_Deva""], [1.0047158866655082e-05, ""kas_Deva""]]"
L1,226486,anp_Deva,0.666414201259613,0.3225153386592865,"[[0.666414201259613, ""anp_Deva""], [0.3225153386592865, ""hin_Deva""], [0.010914110578596592, ""awa_Deva""], [0.0001115267732529901, ""new_Deva""], [4.581053872243501e-05, ""bho_Deva""]]"
L1,226728,anp_Deva,0.8986505270004272,0.09009452909231186,"[[0.8986505270004272, ""anp_Deva""], [0.09009452909231186, ""hin_Deva""], [0.003831662703305483, ""awa_Deva""], [0.0033674268051981926, ""new_Deva""], [0.0016937274485826492, ""mai_Deva""]]"
L1,226995,anp_Deva,0.7962966561317444,0.2013358771800995,"[[0.7962966561317444, ""anp_Deva""], [0.2013358771800995, ""hin_Deva""], [0.001013564644381404, ""new_Deva""], [0.0008087282767519355, ""awa_Deva""], [0.000406676612328738, ""mag_Deva""]]"
L1,227121,anp_Deva,0.9973916411399841,0.002287419745698571,"[[0.9973916411399841, ""anp_Deva""], [0.002287419745698571, ""hin_Deva""], [0.00034286698792129755, ""awa_Deva""], [1.7418407878722064e-05, ""new_Deva""], [1.0198577911069151e-05, ""thl_Deva""]]"
L1,227307,anp_Deva,0.44769302010536194,0.28465718030929565,"[[0.44769302010536194, ""anp_Deva""], [0.28465718030929565, ""hin_Deva""], [0.25064215064048767, ""awa_Deva""], [0.016656432300806046, ""new_Deva""], [0.0002754460438154638, ""mai_Deva""]]"
L1,227358,anp_Deva,0.8774899244308472,0.1211887076497078,"[[0.8774899244308472, ""anp_Deva""], [0.1211887076497078, ""hin_Deva""], [0.001180678722448647, ""awa_Deva""], [0.00016108402633108199, ""new_Deva""], [2.0034281988046132e-05, ""mai_Deva""]]"
L1,227500,anp_Deva,0.5538158416748047,0.44472551345825195,"[[0.5538158416748047, ""anp_Deva""], [0.44472551345825195, ""hin_Deva""], [0.000554807367734611, ""new_Deva""], [0.0005547399050556123, ""mai_Deva""], [0.0003484050394035876, ""awa_Deva""]]"
L1,227632,anp_Deva,0.9436947703361511,0.05610046535730362,"[[0.9436947703361511, ""anp_Deva""], [0.05610046535730362, ""hin_Deva""], [0.00017476986977271736, ""mag_Deva""], [4.573362457449548e-05, ""awa_Deva""], [1.964830153156072e-05, ""new_Deva""]]"
L1,227738,anp_Deva,0.9512204527854919,0.04819457232952118,"[[0.9512204527854919, ""anp_Deva""], [0.04819457232952118, ""hin_Deva""], [0.00045941091957502067, ""awa_Deva""], [6.635907629970461e-05, ""mag_Deva""], [6.603515794267878e-05, ""mai_Deva""]]"
L1,227872,hin_Deva,0.7383204102516174,0.7383204102516174,"[[0.7383204102516174, ""hin_Deva""], [0.24894997477531433, ""anp_Deva""], [0.0084949666634202, ""new_Deva""], [0.0029416154138743877, ""awa_Deva""], [0.0007007218082435429, ""mag_Deva""]]"
L1,228046,anp_Deva,0.8953837752342224,0.100436732172966,"[[0.8953837752342224, ""anp_Deva""], [0.100436732172966, ""hin_Deva""], [0.0021427737083286047, ""bho_Deva""], [0.0010605106363072991, ""mai_Deva""], [0.0005741303320974112, ""awa_Deva""]]"
L1,228100,hin_Deva,0.9902272820472717,0.9902272820472717,"[[0.9902272820472717, ""hin_Deva""], [0.006618628744035959, ""anp_Deva""], [0.0016199172241613269, ""new_Deva""], [0.000778974499553442, ""awa_Deva""], [0.0006358438404276967, ""bho_Deva""]]"
L1,228135,hin_Deva,0.6191470623016357,0.6191470623016357,"[[0.6191470623016357, ""hin_Deva""], [0.3794812858104706, ""anp_Deva""], [0.0006961727631278336, ""new_Deva""], [0.0003565078950487077, ""mai_Deva""], [0.00032519950764253736, ""awa_Deva""]]"
L1,228586,hin_Deva,0.8460679650306702,0.8460679650306702,"[[0.8460679650306702, ""hin_Deva""], [0.15050329267978668, ""anp_Deva""], [0.0011623379541561007, ""new_Deva""], [0.0008847484714351594, ""mag_Deva""], [0.0006033005774952471, ""mai_Deva""]]"
L1,228588,hin_Deva,0.9708084464073181,0.9708084464073181,"[[0.9708084464073181, ""hin_Deva""], [0.011539669707417488, ""anp_Deva""], [0.007744161877781153, ""bho_Deva""], [0.005338039714843035, ""mai_Deva""], [0.001586269703693688, ""mag_Deva""]]"
L1,228930,anp_Deva,0.8736603856086731,0.08961702138185501,"[[0.8736603856086731, ""anp_Deva""], [0.08961702138185501, ""hin_Deva""], [0.03658738359808922, ""awa_Deva""], [8.507301390636712e-05, ""bho_Deva""], [4.1751049138838425e-05, ""new_Deva""]]"
L1,228977,hin_Deva,0.5921598672866821,0.5921598672866821,"[[0.5921598672866821, ""hin_Deva""], [0.40225908160209656, ""anp_Deva""], [0.0025317773688584566, ""new_Deva""], [0.001584216603077948, ""mai_Deva""], [0.0005931341438554227, ""bho_Deva""]]"
L1,229238,anp_Deva,0.8912822604179382,0.10739187151193619,"[[0.8912822604179382, ""anp_Deva""], [0.10739187151193619, ""hin_Deva""], [0.0006919365841895342, ""awa_Deva""], [0.0002709998516365886, ""new_Deva""], [0.00020335100998636335, ""bho_Deva""]]"
L1,229454,anp_Deva,0.9272781610488892,0.07196567207574844,"[[0.9272781610488892, ""anp_Deva""], [0.07196567207574844, ""hin_Deva""], [0.0005098956171423197, ""new_Deva""], [0.00014906378055457026, ""awa_Deva""], [6.779235991416499e-05, ""mai_Deva""]]"
L1,229567,hin_Deva,0.8070583939552307,0.8070583939552307,"[[0.8070583939552307, ""hin_Deva""], [0.11693126708269119, ""awa_Deva""], [0.06167549267411232, ""anp_Deva""], [0.013999555259943008, ""sck_Deva""], [0.0002935644588433206, ""thl_Deva""]]"
L1,229629,hin_Deva,0.9943945407867432,0.9943945407867432,"[[0.9943945407867432, ""hin_Deva""], [0.0024496647529304028, ""bho_Deva""], [0.001036840956658125, ""awa_Deva""], [0.0006690068985335529, ""mai_Deva""], [0.0006329340976662934, ""new_Deva""]]"
L1,229685,anp_Deva,0.8418920636177063,0.1534559726715088,"[[0.8418920636177063, ""anp_Deva""], [0.1534559726715088, ""hin_Deva""], [0.0024067957419902086, ""awa_Deva""], [0.0010325125185772777, ""new_Deva""], [0.0009880248690024018, ""mai_Deva""]]"
L1,229752,anp_Deva,0.9341295957565308,0.04941663146018982,"[[0.9341295957565308, ""anp_Deva""], [0.04941663146018982, ""hin_Deva""], [0.015263731591403484, ""awa_Deva""], [0.0011686350917443633, ""new_Deva""], [4.4233900553081185e-05, ""mai_Deva""]]"
L1,229781,hin_Deva,0.8430575728416443,0.8430575728416443,"[[0.8430575728416443, ""hin_Deva""], [0.14976488053798676, ""anp_Deva""], [0.0024559441953897476, ""awa_Deva""], [0.0020162530709058046, ""mag_Deva""], [0.0018541065510362387, ""mai_Deva""]]"
L1,229945,anp_Deva,0.9887973666191101,0.00754107441753149,"[[0.9887973666191101, ""anp_Deva""], [0.00754107441753149, ""hin_Deva""], [0.0036060884594917297, ""awa_Deva""], [9.020497236633673e-05, ""new_Deva""], [1.4369974451255985e-05, ""bho_Deva""]]"
L1,230028,hin_Deva,0.7903924584388733,0.7903924584388733,"[[0.7903924584388733, ""hin_Deva""], [0.18974339962005615, ""anp_Deva""], [0.009471110068261623, ""mai_Deva""], [0.004634108394384384, ""mag_Deva""], [0.0019584146793931723, ""bho_Deva""]]"
L1,230254,anp_Deva,0.7219854593276978,0.2748601734638214,"[[0.7219854593276978, ""anp_Deva""], [0.2748601734638214, ""hin_Deva""], [0.0024128640070557594, ""new_Deva""], [0.0005054930225014687, ""awa_Deva""], [0.000214833504287526, ""mai_Deva""]]"
L1,230525,hin_Deva,0.9972593188285828,0.9972593188285828,"[[0.9972593188285828, ""hin_Deva""], [0.0010867486707866192, ""anp_Deva""], [0.0007947745034471154, ""mai_Deva""], [0.0006021911976858974, ""mag_Deva""], [0.00018228197586722672, ""bho_Deva""]]"
L1,230613,anp_Deva,0.9580312967300415,0.03871030732989311,"[[0.9580312967300415, ""anp_Deva""], [0.03871030732989311, ""hin_Deva""], [0.002759065479040146, ""new_Deva""], [0.00034700619289651513, ""awa_Deva""], [0.00011613794777076691, ""bho_Deva""]]"
L1,230907,awa_Deva,0.695518434047699,0.16773371398448944,"[[0.695518434047699, ""awa_Deva""], [0.16773371398448944, ""hin_Deva""], [0.08281879127025604, ""anp_Deva""], [0.05219920724630356, ""bho_Deva""], [0.001292556757107377, ""new_Deva""]]"
L1,230919,anp_Deva,0.9707549810409546,0.027611594647169113,"[[0.9707549810409546, ""anp_Deva""], [0.027611594647169113, ""hin_Deva""], [0.0015806913143023849, ""new_Deva""], [8.092995994957164e-05, ""awa_Deva""], [1.3653779205924366e-05, ""mai_Deva""]]"
L1,230971,hin_Deva,0.5495338439941406,0.5495338439941406,"[[0.5495338439941406, ""hin_Deva""], [0.44659680128097534, ""anp_Deva""], [0.002410762943327427, ""new_Deva""], [0.0010250741615891457, ""awa_Deva""], [0.00032857380574569106, ""bho_Deva""]]"
L1,231104,anp_Deva,0.6400140523910522,0.27000850439071655,"[[0.6400140523910522, ""anp_Deva""], [0.27000850439071655, ""hin_Deva""], [0.08882454037666321, ""awa_Deva""], [0.000983764766715467, ""mai_Deva""], [0.00014612766972277313, ""bho_Deva""]]"
L1,231157,hin_Deva,0.8746340870857239,0.8746340870857239,"[[0.8746340870857239, ""hin_Deva""], [0.06929575651884079, ""anp_Deva""], [0.045883070677518845, ""awa_Deva""], [0.006653537508100271, ""new_Deva""], [0.0026878900825977325, ""bho_Deva""]]"
L1,231210,hin_Deva,0.9506744742393494,0.9506744742393494,"[[0.9506744742393494, ""hin_Deva""], [0.030955355614423752, ""awa_Deva""], [0.014600641094148159, ""anp_Deva""], [0.0035608792677521706, ""new_Deva""], [0.00016999721992760897, ""mai_Deva""]]"
L1,231340,anp_Deva,0.9983590841293335,0.00013228833267930895,"[[0.9983590841293335, ""anp_Deva""], [0.0015377490781247616, ""awa_Deva""], [0.00013228833267930895, ""hin_Deva""], [1.0875821317313239e-05, ""new_Deva""], [1.0001901500800159e-05, ""mai_Deva""]]"
L1,231353,anp_Deva,0.671486496925354,0.32095393538475037,"[[0.671486496925354, ""anp_Deva""], [0.32095393538475037, ""hin_Deva""], [0.004686628468334675, ""awa_Deva""], [0.00174676813185215, ""mai_Deva""], [0.0006144458893686533, ""new_Deva""]]"
L1,231359,anp_Deva,1.0000097751617432,1.0248272701574024e-05,"[[1.0000097751617432, ""anp_Deva""], [1.0248272701574024e-05, ""hin_Deva""], [1.0008819117501844e-05, ""awa_Deva""], [1.0000050679082051e-05, ""kas_Deva""], [1.0000012480304576e-05, ""doi_Deva""]]"
L1,231423,anp_Deva,0.9951133728027344,0.0011961385607719421,"[[0.9951133728027344, ""anp_Deva""], [0.0033252446446567774, ""awa_Deva""], [0.0011961385607719421, ""hin_Deva""], [0.0003717222425621003, ""new_Deva""], [4.1434672311879694e-05, ""bho_Deva""]]"
L1,231433,anp_Deva,0.8896629810333252,0.10753319412469864,"[[0.8896629810333252, ""anp_Deva""], [0.10753319412469864, ""hin_Deva""], [0.001176693243905902, ""new_Deva""], [0.0010392341064289212, ""awa_Deva""], [0.0005392136517912149, ""bho_Deva""]]"
L1,231474,anp_Deva,1.0000004768371582,1.3012756426178385e-05,"[[1.0000004768371582, ""anp_Deva""], [1.6514521121280268e-05, ""awa_Deva""], [1.3012756426178385e-05, ""hin_Deva""], [1.0014156032411847e-05, ""new_Deva""], [1.0001719601859804e-05, ""mai_Deva""]]"
L1,231618,anp_Deva,0.8757214546203613,0.12416443228721619,"[[0.8757214546203613, ""anp_Deva""], [0.12416443228721619, ""hin_Deva""], [8.05806994321756e-05, ""awa_Deva""], [4.504228490986861e-05, ""mai_Deva""], [3.5880646464647725e-05, ""new_Deva""]]"
L1,231728,hin_Deva,0.7010077834129333,0.7010077834129333,"[[0.7010077834129333, ""hin_Deva""], [0.2975691556930542, ""anp_Deva""], [0.0010232217609882355, ""new_Deva""], [0.0004156129725743085, ""awa_Deva""], [2.1839994587935507e-05, ""bho_Deva""]]"
L1,231750,anp_Deva,0.48322194814682007,0.4710085391998291,"[[0.48322194814682007, ""anp_Deva""], [0.4710085391998291, ""hin_Deva""], [0.03807985037565231, ""awa_Deva""], [0.004397405311465263, ""new_Deva""], [0.0022932132706046104, ""mai_Deva""]]"
L1,231772,anp_Deva,0.9577973484992981,0.042083095759153366,"[[0.9577973484992981, ""anp_Deva""], [0.042083095759153366, ""hin_Deva""], [9.84072030405514e-05, ""mag_Deva""], [4.058136255480349e-05, ""mai_Deva""], [2.155335823772475e-05, ""new_Deva""]]"
L1,231792,hin_Deva,0.8270589709281921,0.8270589709281921,"[[0.8270589709281921, ""hin_Deva""], [0.1598159223794937, ""anp_Deva""], [0.012187739834189415, ""awa_Deva""], [0.0005980752757750452, ""bho_Deva""], [0.0001571578613948077, ""mai_Deva""]]"
L1,232657,hin_Deva,0.9556838870048523,0.9556838870048523,"[[0.9556838870048523, ""hin_Deva""], [0.03207702562212944, ""anp_Deva""], [0.011820194311439991, ""awa_Deva""], [0.0003555668517947197, ""new_Deva""], [6.356549420161173e-05, ""sck_Deva""]]"
L1,232752,anp_Deva,0.9914780855178833,0.008535293862223625,"[[0.9914780855178833, ""anp_Deva""], [0.008535293862223625, ""hin_Deva""], [1.3097481314616743e-05, ""new_Deva""], [1.2555895409605e-05, ""awa_Deva""], [1.0946882866846863e-05, ""mai_Deva""]]"
L1,232808,anp_Deva,0.9960789680480957,0.0031498970929533243,"[[0.9960789680480957, ""anp_Deva""], [0.0031498970929533243, ""hin_Deva""], [0.000521566194947809, ""awa_Deva""], [0.00025819288566708565, ""new_Deva""], [3.986957381130196e-05, ""mai_Deva""]]"
L1,233047,anp_Deva,0.4968133866786957,0.4408280551433563,"[[0.4968133866786957, ""anp_Deva""], [0.4408280551433563, ""hin_Deva""], [0.05455005541443825, ""new_Deva""], [0.007017620839178562, ""awa_Deva""], [0.0004716309776995331, ""mai_Deva""]]"
L1,233097,anp_Deva,0.8542221784591675,0.12742052972316742,"[[0.8542221784591675, ""anp_Deva""], [0.12742052972316742, ""hin_Deva""], [0.012305084615945816, ""kas_Deva""], [0.0031926045194268227, ""awa_Deva""], [0.0014269641833379865, ""mai_Deva""]]"
L1,233117,anp_Deva,0.992057204246521,0.004440675489604473,"[[0.992057204246521, ""anp_Deva""], [0.004440675489604473, ""hin_Deva""], [0.0035105959977954626, ""awa_Deva""], [2.0694440536317416e-05, ""mai_Deva""], [2.0652702005463652e-05, ""new_Deva""]]"
L1,233264,hin_Deva,0.667887270450592,0.667887270450592,"[[0.667887270450592, ""hin_Deva""], [0.3085482120513916, ""anp_Deva""], [0.009210213087499142, ""mai_Deva""], [0.007638553623110056, ""new_Deva""], [0.002753104083240032, ""awa_Deva""]]"
L1,233291,hin_Deva,0.7398415803909302,0.7398415803909302,"[[0.7398415803909302, ""hin_Deva""], [0.25893330574035645, ""anp_Deva""], [0.0007573842303827405, ""new_Deva""], [0.00031238034716807306, ""awa_Deva""], [0.00014846352860331535, ""mai_Deva""]]"
L1,233315,anp_Deva,0.9970899224281311,0.002379227662459016,"[[0.9970899224281311, ""anp_Deva""], [0.002379227662459016, ""hin_Deva""], [0.00031556052272208035, ""awa_Deva""], [0.00024623313220217824, ""new_Deva""], [1.7973658032133244e-05, ""mai_Deva""]]"
L1,233553,anp_Deva,0.7541501522064209,0.23510503768920898,"[[0.7541501522064209, ""anp_Deva""], [0.23510503768920898, ""hin_Deva""], [0.008615775033831596, ""new_Deva""], [0.0020959528628736734, ""awa_Deva""], [6.971171387704089e-05, ""mai_Deva""]]"
L1,233554,anp_Deva,0.759584367275238,0.07851393520832062,"[[0.759584367275238, ""anp_Deva""], [0.14864568412303925, ""awa_Deva""], [0.07851393520832062, ""hin_Deva""], [0.010149821639060974, ""new_Deva""], [0.0018073930405080318, ""kas_Deva""]]"
L1,233734,hin_Deva,0.9770370721817017,0.9770370721817017,"[[0.9770370721817017, ""hin_Deva""], [0.012717653065919876, ""anp_Deva""], [0.00647743558511138, ""new_Deva""], [0.0028955501038581133, ""kas_Deva""], [0.0004515288455877453, ""mar_Deva""]]"
L1,233782,anp_Deva,0.9918608069419861,0.006576262880116701,"[[0.9918608069419861, ""anp_Deva""], [0.006576262880116701, ""hin_Deva""], [0.0015122381737455726, ""awa_Deva""], [8.672586409375072e-05, ""new_Deva""], [1.2018500456179027e-05, ""mup_Deva""]]"
L1,233881,anp_Deva,0.9986523985862732,0.0003753717173822224,"[[0.9986523985862732, ""anp_Deva""], [0.0009967051446437836, ""awa_Deva""], [0.0003753717173822224, ""hin_Deva""], [1.253464688488748e-05, ""new_Deva""], [1.2309813428146299e-05, ""mar_Deva""]]"
L1,234046,anp_Deva,0.9944303631782532,0.0014942139387130737,"[[0.9944303631782532, ""anp_Deva""], [0.004092436283826828, ""awa_Deva""], [0.0014942139387130737, ""hin_Deva""], [1.7202593880938366e-05, ""new_Deva""], [1.4838333299849182e-05, ""mai_Deva""]]"
L1,234249,hin_Deva,0.8081746697425842,0.8081746697425842,"[[0.8081746697425842, ""hin_Deva""], [0.10777197033166885, ""awa_Deva""], [0.052850011736154556, ""anp_Deva""], [0.023354442790150642, ""new_Deva""], [0.006649411283433437, ""mai_Deva""]]"
L1,234818,anp_Deva,0.9906613826751709,0.007922915741801262,"[[0.9906613826751709, ""anp_Deva""], [0.007922915741801262, ""hin_Deva""], [0.0011345291277393699, ""new_Deva""], [0.0003069533559028059, ""awa_Deva""], [1.3843753549735993e-05, ""mai_Deva""]]"
L1,235135,anp_Deva,0.9558982849121094,0.04058021306991577,"[[0.9558982849121094, ""anp_Deva""], [0.04058021306991577, ""hin_Deva""], [0.0018064185278490186, ""new_Deva""], [0.0017078329110518098, ""awa_Deva""], [2.866012255253736e-05, ""mai_Deva""]]"
L1,235174,anp_Deva,0.900761067867279,0.09777232259511948,"[[0.900761067867279, ""anp_Deva""], [0.09777232259511948, ""hin_Deva""], [0.0011944514699280262, ""awa_Deva""], [0.0001955309126060456, ""new_Deva""], [9.134577703662217e-05, ""mai_Deva""]]"
L1,235202,anp_Deva,0.5166213512420654,0.46947038173675537,"[[0.5166213512420654, ""anp_Deva""], [0.46947038173675537, ""hin_Deva""], [0.011848296038806438, ""awa_Deva""], [0.002082064049318433, ""new_Deva""], [2.4418357497779652e-05, ""mai_Deva""]]"
L1,235231,hin_Deva,0.5390028357505798,0.5390028357505798,"[[0.5390028357505798, ""hin_Deva""], [0.4201560616493225, ""anp_Deva""], [0.011580013670027256, ""awa_Deva""], [0.00939141120761633, ""new_Deva""], [0.007358500733971596, ""mai_Deva""]]"
L1,235277,anp_Deva,0.6455293297767639,0.33705025911331177,"[[0.6455293297767639, ""anp_Deva""], [0.33705025911331177, ""hin_Deva""], [0.0164570901542902, ""awa_Deva""], [0.0005634822300635278, ""new_Deva""], [0.00021725791157223284, ""mai_Deva""]]"
L1,235348,anp_Deva,0.5754971504211426,0.4238913655281067,"[[0.5754971504211426, ""anp_Deva""], [0.4238913655281067, ""hin_Deva""], [0.0005363019299693406, ""awa_Deva""], [8.021649409784004e-05, ""new_Deva""], [2.6744888600660488e-05, ""bho_Deva""]]"
L1,235387,anp_Deva,0.9522911906242371,0.005509530659765005,"[[0.9522911906242371, ""anp_Deva""], [0.03333093225955963, ""awa_Deva""], [0.008907604031264782, ""new_Deva""], [0.005509530659765005, ""hin_Deva""], [1.0294193089066539e-05, ""bho_Deva""]]"
L1,235773,anp_Deva,0.976614773273468,0.01762288250029087,"[[0.976614773273468, ""anp_Deva""], [0.01762288250029087, ""hin_Deva""], [0.00573675287887454, ""new_Deva""], [3.603265940910205e-05, ""awa_Deva""], [2.695436887734104e-05, ""npi_Deva""]]"
L1,235872,hin_Deva,0.9955927729606628,0.9955927729606628,"[[0.9955927729606628, ""hin_Deva""], [0.0020312394481152296, ""anp_Deva""], [0.0010444907238706946, ""new_Deva""], [0.0008927478338591754, ""bho_Deva""], [0.0003222819068469107, ""mai_Deva""]]"
L1,236253,anp_Deva,0.8119175434112549,0.17628756165504456,"[[0.8119175434112549, ""anp_Deva""], [0.17628756165504456, ""hin_Deva""], [0.009672875516116619, ""awa_Deva""], [0.001662136404775083, ""mai_Deva""], [0.00022879814787302166, ""bho_Deva""]]"
L1,236359,anp_Deva,0.974716067314148,0.023240286856889725,"[[0.974716067314148, ""anp_Deva""], [0.023240286856889725, ""hin_Deva""], [0.0019279179396107793, ""awa_Deva""], [9.443280578125268e-05, ""new_Deva""], [5.433608384919353e-05, ""bho_Deva""]]"
L1,236385,awa_Deva,0.5222108364105225,0.057939812541007996,"[[0.5222108364105225, ""awa_Deva""], [0.41819989681243896, ""anp_Deva""], [0.057939812541007996, ""hin_Deva""], [0.0015281536616384983, ""new_Deva""], [0.00011097157403128222, ""mai_Deva""]]"
L1,236497,anp_Deva,0.9989443421363831,0.0006963962223380804,"[[0.9989443421363831, ""anp_Deva""], [0.0006963962223380804, ""hin_Deva""], [0.0003370479098521173, ""new_Deva""], [4.4690015783999115e-05, ""mar_Deva""], [1.5673540474381298e-05, ""npi_Deva""]]"
L1,236562,hin_Deva,0.8966038227081299,0.8966038227081299,"[[0.8966038227081299, ""hin_Deva""], [0.10154031217098236, ""anp_Deva""], [0.0011379772331565619, ""new_Deva""], [0.0007542559178546071, ""awa_Deva""], [1.3344614671950694e-05, ""mai_Deva""]]"
L1,237030,hin_Deva,0.6381688117980957,0.6381688117980957,"[[0.6381688117980957, ""hin_Deva""], [0.3596998453140259, ""anp_Deva""], [0.0012132376432418823, ""new_Deva""], [0.0009427673649042845, ""awa_Deva""], [1.5963310943334363e-05, ""bho_Deva""]]"
L1,237049,anp_Deva,0.9994631409645081,0.0004879367770627141,"[[0.9994631409645081, ""anp_Deva""], [0.0004879367770627141, ""hin_Deva""], [7.866947271395475e-05, ""awa_Deva""], [1.0199793905485421e-05, ""new_Deva""], [1.0016266969614662e-05, ""mai_Deva""]]"
L1,237086,hin_Deva,0.9128522276878357,0.9128522276878357,"[[0.9128522276878357, ""hin_Deva""], [0.08448446542024612, ""anp_Deva""], [0.0013298948761075735, ""awa_Deva""], [0.0007359707378782332, ""mar_Deva""], [0.00025284162256866693, ""new_Deva""]]"
L1,237453,hin_Deva,0.9631151556968689,0.9631151556968689,"[[0.9631151556968689, ""hin_Deva""], [0.028436290100216866, ""anp_Deva""], [0.005557280033826828, ""mar_Deva""], [0.0011419273214414716, ""mai_Deva""], [0.0008324440568685532, ""awa_Deva""]]"
L1,237480,hin_Deva,0.9818312525749207,0.9818312525749207,"[[0.9818312525749207, ""hin_Deva""], [0.007001970894634724, ""hne_Deva""], [0.004673746880143881, ""new_Deva""], [0.003122566035017371, ""bho_Deva""], [0.0019581064116209745, ""anp_Deva""]]"
L1,237609,anp_Deva,0.7288959622383118,0.2685262858867645,"[[0.7288959622383118, ""anp_Deva""], [0.2685262858867645, ""hin_Deva""], [0.0019307367037981749, ""awa_Deva""], [0.0005007859435863793, ""new_Deva""], [0.00016955228056758642, ""mar_Deva""]]"
L1,237632,hin_Deva,0.672494113445282,0.672494113445282,"[[0.672494113445282, ""hin_Deva""], [0.32592979073524475, ""anp_Deva""], [0.0009661084040999413, ""sck_Deva""], [0.000430029584094882, ""new_Deva""], [0.00017027872672770172, ""awa_Deva""]]"
L1,237723,anp_Deva,0.783929705619812,0.21593669056892395,"[[0.783929705619812, ""anp_Deva""], [0.21593669056892395, ""hin_Deva""], [0.0001315108238486573, ""new_Deva""], [3.5799301258521155e-05, ""awa_Deva""], [1.2781260920746718e-05, ""mai_Deva""]]"
L1,237839,hin_Deva,0.5031664371490479,0.5031664371490479,"[[0.5031664371490479, ""hin_Deva""], [0.4766252636909485, ""anp_Deva""], [0.014620956964790821, ""awa_Deva""], [0.0027261555660516024, ""mai_Deva""], [0.001957082422450185, ""new_Deva""]]"
L1,237944,hin_Deva,0.7904902696609497,0.7904902696609497,"[[0.7904902696609497, ""hin_Deva""], [0.2055460661649704, ""anp_Deva""], [0.0027041486464440823, ""awa_Deva""], [0.0011667953804135323, ""new_Deva""], [9.254301403416321e-05, ""bho_Deva""]]"
L1,238057,anp_Deva,0.9908463954925537,0.009115676395595074,"[[0.9908463954925537, ""anp_Deva""], [0.009115676395595074, ""hin_Deva""], [4.2940318962791935e-05, ""awa_Deva""], [2.8795519028790295e-05, ""new_Deva""], [1.4427689166041091e-05, ""mai_Deva""]]"
L1,238098,anp_Deva,0.7614962458610535,0.2383815050125122,"[[0.7614962458610535, ""anp_Deva""], [0.2383815050125122, ""hin_Deva""], [0.00011400377843528986, ""awa_Deva""], [2.2901262127561495e-05, ""bho_Deva""], [2.0396504623931833e-05, ""sck_Deva""]]"
L1,238247,anp_Deva,0.6288755536079407,0.344309538602829,"[[0.6288755536079407, ""anp_Deva""], [0.344309538602829, ""hin_Deva""], [0.011727123521268368, ""mag_Deva""], [0.011117607355117798, ""bho_Deva""], [0.0023606312461197376, ""mai_Deva""]]"
L1,238323,anp_Deva,0.968136727809906,0.02525516040623188,"[[0.968136727809906, ""anp_Deva""], [0.02525516040623188, ""hin_Deva""], [0.0064992099069058895, ""new_Deva""], [0.00011975396046182141, ""awa_Deva""], [2.1283187379594892e-05, ""doi_Deva""]]"
L1,238491,hin_Deva,0.8427096605300903,0.8427096605300903,"[[0.8427096605300903, ""hin_Deva""], [0.1418149769306183, ""anp_Deva""], [0.006817404180765152, ""awa_Deva""], [0.006129973102360964, ""mag_Deva""], [0.001690281555056572, ""bho_Deva""]]"
L1,238584,anp_Deva,0.9499347805976868,0.0456237755715847,"[[0.9499347805976868, ""anp_Deva""], [0.0456237755715847, ""hin_Deva""], [0.003959282301366329, ""awa_Deva""], [0.0001885482488432899, ""mai_Deva""], [0.0001644453004701063, ""bho_Deva""]]"
L1,238635,hin_Deva,0.8837586045265198,0.8837586045265198,"[[0.8837586045265198, ""hin_Deva""], [0.10993487387895584, ""anp_Deva""], [0.003670117584988475, ""awa_Deva""], [0.0010056213941425085, ""bho_Deva""], [0.0008391386363655329, ""new_Deva""]]"
L1,238721,hin_Deva,0.9588981866836548,0.9588981866836548,"[[0.9588981866836548, ""hin_Deva""], [0.022953439503908157, ""anp_Deva""], [0.01267344318330288, ""new_Deva""], [0.003423902438953519, ""bho_Deva""], [0.0010336992563679814, ""awa_Deva""]]"
L1,239308,hin_Deva,0.7414658069610596,0.7414658069610596,"[[0.7414658069610596, ""hin_Deva""], [0.25655052065849304, ""anp_Deva""], [0.0015410860069096088, ""new_Deva""], [0.0001419744803570211, ""mai_Deva""], [0.0001114714759751223, ""doi_Deva""]]"
L1,239360,hin_Deva,0.971735954284668,0.971735954284668,"[[0.971735954284668, ""hin_Deva""], [0.02576012723147869, ""anp_Deva""], [0.0021248164121061563, ""awa_Deva""], [0.00032830130658112466, ""new_Deva""], [6.324610149022192e-05, ""mai_Deva""]]"
L1,239470,hin_Deva,0.976332426071167,0.976332426071167,"[[0.976332426071167, ""hin_Deva""], [0.020796658471226692, ""anp_Deva""], [0.0019456524169072509, ""awa_Deva""], [0.00042989201028831303, ""bho_Deva""], [0.0004025455564260483, ""new_Deva""]]"
L1,239482,hin_Deva,0.6592909097671509,0.6592909097671509,"[[0.6592909097671509, ""hin_Deva""], [0.33894211053848267, ""anp_Deva""], [0.0008523880969733, ""mai_Deva""], [0.0006912905373610556, ""awa_Deva""], [0.00017809269775170833, ""new_Deva""]]"
L1,239681,anp_Deva,0.5028873682022095,0.4940335750579834,"[[0.5028873682022095, ""anp_Deva""], [0.4940335750579834, ""hin_Deva""], [0.001618312089703977, ""mai_Deva""], [0.0004348779621068388, ""awa_Deva""], [0.0003827621403615922, ""mar_Deva""]]"
L1,239825,anp_Deva,0.9472243785858154,0.050033699721097946,"[[0.9472243785858154, ""anp_Deva""], [0.050033699721097946, ""hin_Deva""], [0.0021270972210913897, ""awa_Deva""], [0.00036107460618950427, ""new_Deva""], [0.00010491418652236462, ""doi_Deva""]]"
L1,239868,anp_Deva,0.8573814034461975,0.13035255670547485,"[[0.8573814034461975, ""anp_Deva""], [0.13035255670547485, ""hin_Deva""], [0.010554049164056778, ""awa_Deva""], [0.0006694469484500587, ""hne_Deva""], [0.0005616613198071718, ""mai_Deva""]]"
L1,240144,hin_Deva,0.6816955208778381,0.6816955208778381,"[[0.6816955208778381, ""hin_Deva""], [0.31251221895217896, ""anp_Deva""], [0.0038445761892944574, ""new_Deva""], [0.0011209003860130906, ""awa_Deva""], [0.000635117175988853, ""bho_Deva""]]"
L1,240269,hin_Deva,0.8808032870292664,0.8808032870292664,"[[0.8808032870292664, ""hin_Deva""], [0.11387678980827332, ""anp_Deva""], [0.0032138600945472717, ""awa_Deva""], [0.0012356325751170516, ""mar_Deva""], [0.00047617554082535207, ""new_Deva""]]"
L1,240458,anp_Deva,0.9672619104385376,0.02124687284231186,"[[0.9672619104385376, ""anp_Deva""], [0.02124687284231186, ""hin_Deva""], [0.0072044022381305695, ""awa_Deva""], [0.0019772194791585207, ""hne_Deva""], [0.0018936647102236748, ""new_Deva""]]"
L1,240604,anp_Deva,0.4904782474040985,0.4332903027534485,"[[0.4904782474040985, ""anp_Deva""], [0.4332903027534485, ""hin_Deva""], [0.03139587864279747, ""new_Deva""], [0.019502246752381325, ""awa_Deva""], [0.01707521080970764, ""mag_Deva""]]"
L1,240645,anp_Deva,0.9779441952705383,0.014530694112181664,"[[0.9779441952705383, ""anp_Deva""], [0.014530694112181664, ""hin_Deva""], [0.006878606975078583, ""new_Deva""], [0.0005453491467051208, ""awa_Deva""], [6.006236435496248e-05, ""mai_Deva""]]"
L1,240797,anp_Deva,0.7484458684921265,0.24980823695659637,"[[0.7484458684921265, ""anp_Deva""], [0.24980823695659637, ""hin_Deva""], [0.0014151682844385505, ""awa_Deva""], [0.0002538767294026911, ""new_Deva""], [9.383026917930692e-05, ""mai_Deva""]]"
L1,241046,hin_Deva,0.36110004782676697,0.36110004782676697,"[[0.36110004782676697, ""hin_Deva""], [0.3284183144569397, ""new_Deva""], [0.22730615735054016, ""anp_Deva""], [0.04496576637029648, ""mup_Deva""], [0.016730517148971558, ""brx_Deva""]]"
L1,241209,anp_Deva,0.5188919305801392,0.4703005254268646,"[[0.5188919305801392, ""anp_Deva""], [0.4703005254268646, ""hin_Deva""], [0.009119306690990925, ""awa_Deva""], [0.0013286760076880455, ""mag_Deva""], [0.00021046939946245402, ""new_Deva""]]"
L1,241453,hin_Deva,0.6466197371482849,0.6466197371482849,"[[0.6466197371482849, ""hin_Deva""], [0.34906336665153503, ""anp_Deva""], [0.0019015957368537784, ""new_Deva""], [0.0013806079514324665, ""awa_Deva""], [0.0007186844595707953, ""bho_Deva""]]"
L1,241783,hin_Deva,0.9030494689941406,0.9030494689941406,"[[0.9030494689941406, ""hin_Deva""], [0.08130649477243423, ""anp_Deva""], [0.0091556366533041, ""awa_Deva""], [0.003193426877260208, ""new_Deva""], [0.0018699320498853922, ""mag_Deva""]]"
L1,241872,hin_Deva,0.7558849453926086,0.7558849453926086,"[[0.7558849453926086, ""hin_Deva""], [0.23791787028312683, ""anp_Deva""], [0.004022425971925259, ""sck_Deva""], [0.0006441297009587288, ""new_Deva""], [0.00036851392360404134, ""awa_Deva""]]"
L1,241954,hin_Deva,0.9693559408187866,0.9693559408187866,"[[0.9693559408187866, ""hin_Deva""], [0.020224176347255707, ""anp_Deva""], [0.005574132315814495, ""awa_Deva""], [0.003730997210368514, ""new_Deva""], [0.0006612738943658769, ""mai_Deva""]]"
L1,242010,anp_Deva,0.5532580614089966,0.4429415762424469,"[[0.5532580614089966, ""anp_Deva""], [0.4429415762424469, ""hin_Deva""], [0.0034957292955368757, ""awa_Deva""], [0.00014990703493822366, ""new_Deva""], [0.00014881649985909462, ""mai_Deva""]]"
L1,242026,anp_Deva,0.9853488206863403,0.010339620523154736,"[[0.9853488206863403, ""anp_Deva""], [0.010339620523154736, ""hin_Deva""], [0.0032285626512020826, ""new_Deva""], [0.0008417242206633091, ""awa_Deva""], [0.00020508081070147455, ""mai_Deva""]]"
L1,242242,anp_Deva,0.5966094732284546,0.3987094759941101,"[[0.5966094732284546, ""anp_Deva""], [0.3987094759941101, ""hin_Deva""], [0.0017446588026359677, ""new_Deva""], [0.0010713530937209725, ""mai_Deva""], [0.0010315913241356611, ""awa_Deva""]]"
L1,242249,anp_Deva,0.8859796524047852,0.10665511339902878,"[[0.8859796524047852, ""anp_Deva""], [0.10665511339902878, ""hin_Deva""], [0.0029213454108685255, ""awa_Deva""], [0.0024251705035567284, ""new_Deva""], [0.0008342914516106248, ""mai_Deva""]]"
L1,242268,anp_Deva,0.9996224045753479,0.00039362130337394774,"[[0.9996224045753479, ""anp_Deva""], [0.00039362130337394774, ""hin_Deva""], [1.3357053830986843e-05, ""awa_Deva""], [1.060790782503318e-05, ""new_Deva""], [1.0043010661320295e-05, ""sck_Deva""]]"
L1,242569,hin_Deva,0.8956910371780396,0.8956910371780396,"[[0.8956910371780396, ""hin_Deva""], [0.07485590875148773, ""awa_Deva""], [0.029001986607909203, ""anp_Deva""], [0.00036117550916969776, ""new_Deva""], [0.00011844278924399987, ""mai_Deva""]]"
L1,242674,anp_Deva,0.9887527227401733,0.0069569190964102745,"[[0.9887527227401733, ""anp_Deva""], [0.0069569190964102745, ""hin_Deva""], [0.00399421714246273, ""awa_Deva""], [0.00026203907327726483, ""new_Deva""], [6.817963003413752e-05, ""bho_Deva""]]"
L1,242809,hin_Deva,0.9829699993133545,0.9829699993133545,"[[0.9829699993133545, ""hin_Deva""], [0.008280638605356216, ""anp_Deva""], [0.005537451710551977, ""new_Deva""], [0.0017816702602431178, ""bho_Deva""], [0.0010701955761760473, ""awa_Deva""]]"
L1,242966,anp_Deva,0.9808078408241272,0.01918133907020092,"[[0.9808078408241272, ""anp_Deva""], [0.01918133907020092, ""hin_Deva""], [3.1659306841902435e-05, ""awa_Deva""], [1.611721563676838e-05, ""new_Deva""], [1.2455784599296749e-05, ""mai_Deva""]]"
L1,243155,anp_Deva,0.46352237462997437,0.425429105758667,"[[0.46352237462997437, ""anp_Deva""], [0.425429105758667, ""hin_Deva""], [0.10492189973592758, ""new_Deva""], [0.004431503359228373, ""awa_Deva""], [0.0008830368751659989, ""mai_Deva""]]"
L1,243424,hin_Deva,0.7603821158409119,0.7603821158409119,"[[0.7603821158409119, ""hin_Deva""], [0.2184790074825287, ""anp_Deva""], [0.015087061561644077, ""new_Deva""], [0.0023302938789129257, ""doi_Deva""], [0.002117680385708809, ""mai_Deva""]]"
L1,243450,anp_Deva,0.9912923574447632,0.008225222118198872,"[[0.9912923574447632, ""anp_Deva""], [0.008225222118198872, ""hin_Deva""], [0.00028162734815850854, ""awa_Deva""], [0.000153072876855731, ""new_Deva""], [6.603912333957851e-05, ""bho_Deva""]]"
L1,243668,hin_Deva,0.9247229099273682,0.9247229099273682,"[[0.9247229099273682, ""hin_Deva""], [0.046126700937747955, ""awa_Deva""], [0.01010685320943594, ""bho_Deva""], [0.0072152214124798775, ""mag_Deva""], [0.004248074721544981, ""sck_Deva""]]"
L1,243857,hin_Deva,0.7940554618835449,0.7940554618835449,"[[0.7940554618835449, ""hin_Deva""], [0.17250318825244904, ""anp_Deva""], [0.030916862189769745, ""new_Deva""], [0.0024005926679819822, ""awa_Deva""], [9.691767627373338e-05, ""mag_Deva""]]"
L1,243940,hin_Deva,0.9917841553688049,0.9917841553688049,"[[0.9917841553688049, ""hin_Deva""], [0.0033892402425408363, ""anp_Deva""], [0.002596084028482437, ""mai_Deva""], [0.0009894444374367595, ""new_Deva""], [0.0008873688639141619, ""bho_Deva""]]"
L1,243964,hin_Deva,0.44276800751686096,0.44276800751686096,"[[0.44276800751686096, ""hin_Deva""], [0.34939906001091003, ""awa_Deva""], [0.2015274316072464, ""anp_Deva""], [0.004382147919386625, ""bho_Deva""], [0.0016096241306513548, ""new_Deva""]]"
L1,244256,anp_Deva,0.524624228477478,0.3901379704475403,"[[0.524624228477478, ""anp_Deva""], [0.3901379704475403, ""hin_Deva""], [0.08506309986114502, ""awa_Deva""], [0.00017513810598757118, ""new_Deva""], [2.8474973078118637e-05, ""sck_Deva""]]"
L1,244332,anp_Deva,0.4926736354827881,0.4923363924026489,"[[0.4926736354827881, ""anp_Deva""], [0.4923363924026489, ""hin_Deva""], [0.009262703359127045, ""new_Deva""], [0.004163532517850399, ""awa_Deva""], [0.0006808649050071836, ""mai_Deva""]]"
L1,244384,hin_Deva,0.7183917760848999,0.7183917760848999,"[[0.7183917760848999, ""hin_Deva""], [0.23589494824409485, ""anp_Deva""], [0.03144720196723938, ""new_Deva""], [0.010675778612494469, ""bho_Deva""], [0.001651441096328199, ""awa_Deva""]]"
L1,244430,anp_Deva,0.9340044856071472,0.06397373974323273,"[[0.9340044856071472, ""anp_Deva""], [0.06397373974323273, ""hin_Deva""], [0.0015332374023273587, ""awa_Deva""], [0.00031959492480382323, ""mai_Deva""], [8.318190521094948e-05, ""doi_Deva""]]"
L1,244596,hin_Deva,0.8488421440124512,0.8488421440124512,"[[0.8488421440124512, ""hin_Deva""], [0.12734095752239227, ""anp_Deva""], [0.013611435890197754, ""new_Deva""], [0.005444800015538931, ""awa_Deva""], [0.0025059806648641825, ""mai_Deva""]]"
L1,244742,anp_Deva,0.9325043559074402,0.06616058945655823,"[[0.9325043559074402, ""anp_Deva""], [0.06616058945655823, ""hin_Deva""], [0.0010461381170898676, ""awa_Deva""], [0.00010699200356611982, ""mai_Deva""], [0.00010441650374559686, ""new_Deva""]]"
L1,244832,anp_Deva,0.6704568862915039,0.27257320284843445,"[[0.6704568862915039, ""anp_Deva""], [0.27257320284843445, ""hin_Deva""], [0.03724953532218933, ""mai_Deva""], [0.010265386663377285, ""mag_Deva""], [0.006088107358664274, ""awa_Deva""]]"
L1,245063,hin_Deva,0.9210779666900635,0.9210779666900635,"[[0.9210779666900635, ""hin_Deva""], [0.06405774503946304, ""anp_Deva""], [0.01033654436469078, ""mai_Deva""], [0.0030193827114999294, ""mag_Deva""], [0.0007268746267072856, ""awa_Deva""]]"
L1,245107,anp_Deva,0.7810376882553101,0.20794574916362762,"[[0.7810376882553101, ""anp_Deva""], [0.20794574916362762, ""hin_Deva""], [0.006291655357927084, ""awa_Deva""], [0.0028320092242211103, ""mag_Deva""], [0.0009571965201757848, ""new_Deva""]]"
L1,245129,anp_Deva,0.9783312678337097,0.021124577149748802,"[[0.9783312678337097, ""anp_Deva""], [0.021124577149748802, ""hin_Deva""], [0.00020861931261606514, ""new_Deva""], [0.00018934416584670544, ""mai_Deva""], [0.00017386418767273426, ""awa_Deva""]]"
L1,245577,anp_Deva,0.8656861782073975,0.08570490032434464,"[[0.8656861782073975, ""anp_Deva""], [0.08570490032434464, ""hin_Deva""], [0.04150630161166191, ""mai_Deva""], [0.004724545869976282, ""doi_Deva""], [0.0010794145055115223, ""gom_Deva""]]"
L1,245606,anp_Deva,0.5556725859642029,0.4177582561969757,"[[0.5556725859642029, ""anp_Deva""], [0.4177582561969757, ""hin_Deva""], [0.013203505426645279, ""mai_Deva""], [0.00905150268226862, ""bho_Deva""], [0.00216129282489419, ""new_Deva""]]"
L1,245706,anp_Deva,0.9754418134689331,0.024140724912285805,"[[0.9754418134689331, ""anp_Deva""], [0.024140724912285805, ""hin_Deva""], [0.0003092215920332819, ""mai_Deva""], [5.670052269124426e-05, ""bho_Deva""], [3.381602800800465e-05, ""new_Deva""]]"
L1,245968,anp_Deva,0.7329433560371399,0.2598072588443756,"[[0.7329433560371399, ""anp_Deva""], [0.2598072588443756, ""hin_Deva""], [0.004970518406480551, ""new_Deva""], [0.0019262657733634114, ""awa_Deva""], [0.00012020168651361018, ""mai_Deva""]]"
L1,246083,anp_Deva,0.9802125692367554,0.01811685785651207,"[[0.9802125692367554, ""anp_Deva""], [0.01811685785651207, ""hin_Deva""], [0.0016050798585638404, ""awa_Deva""], [6.174048758111894e-05, ""mai_Deva""], [2.3567035896121524e-05, ""new_Deva""]]"
L1,246257,anp_Deva,0.8778784871101379,0.1179349422454834,"[[0.8778784871101379, ""anp_Deva""], [0.1179349422454834, ""hin_Deva""], [0.0015442623989656568, ""mai_Deva""], [0.0009243117528967559, ""bho_Deva""], [0.0006272480823099613, ""mag_Deva""]]"
L1,246272,hin_Deva,0.5226330757141113,0.5226330757141113,"[[0.5226330757141113, ""hin_Deva""], [0.444743812084198, ""doi_Deva""], [0.014875315129756927, ""awa_Deva""], [0.012978434562683105, ""anp_Deva""], [0.004795263987034559, ""new_Deva""]]"
L1,246368,hin_Deva,0.9538472890853882,0.9538472890853882,"[[0.9538472890853882, ""hin_Deva""], [0.01756705716252327, ""anp_Deva""], [0.009613755159080029, ""awa_Deva""], [0.009503750130534172, ""new_Deva""], [0.0037308994214981794, ""bho_Deva""]]"
L1,246683,anp_Deva,0.9963750839233398,0.0035879556089639664,"[[0.9963750839233398, ""anp_Deva""], [0.0035879556089639664, ""hin_Deva""], [4.137181167607196e-05, ""new_Deva""], [3.0068566047702916e-05, ""awa_Deva""], [1.2946791684953496e-05, ""bho_Deva""]]"
L1,246793,hin_Deva,0.836977481842041,0.836977481842041,"[[0.836977481842041, ""hin_Deva""], [0.15109124779701233, ""anp_Deva""], [0.01130770705640316, ""new_Deva""], [0.0002685219224076718, ""bho_Deva""], [0.00010624800779623911, ""mai_Deva""]]"
L1,246892,anp_Deva,0.9674399495124817,0.03184380754828453,"[[0.9674399495124817, ""anp_Deva""], [0.03184380754828453, ""hin_Deva""], [0.0007092501618899405, ""new_Deva""], [3.332711276016198e-05, ""awa_Deva""], [2.3267517462954856e-05, ""mag_Deva""]]"
L1,247144,hin_Deva,0.9831535220146179,0.9831535220146179,"[[0.9831535220146179, ""hin_Deva""], [0.01228682603687048, ""anp_Deva""], [0.002560824854299426, ""new_Deva""], [0.0011313667055219412, ""bho_Deva""], [0.0005619535804726183, ""mai_Deva""]]"
L1,247215,hin_Deva,0.7378600835800171,0.7378600835800171,"[[0.7378600835800171, ""hin_Deva""], [0.23645268380641937, ""anp_Deva""], [0.024345556274056435, ""awa_Deva""], [0.0013105691177770495, ""new_Deva""], [2.6067555154440925e-05, ""hne_Deva""]]"
L1,247332,anp_Deva,0.8204234838485718,0.16766659915447235,"[[0.8204234838485718, ""anp_Deva""], [0.16766659915447235, ""hin_Deva""], [0.010541696101427078, ""new_Deva""], [0.0007753081154078245, ""awa_Deva""], [0.0005086369928903878, ""mai_Deva""]]"
L1,247363,anp_Deva,0.9856777191162109,0.014228773303329945,"[[0.9856777191162109, ""anp_Deva""], [0.014228773303329945, ""hin_Deva""], [5.076130400993861e-05, ""new_Deva""], [3.5761662729782984e-05, ""awa_Deva""], [3.521938560879789e-05, ""mai_Deva""]]"
L1,247400,anp_Deva,0.9890419840812683,0.010862709954380989,"[[0.9890419840812683, ""anp_Deva""], [0.010862709954380989, ""hin_Deva""], [7.680518319830298e-05, ""awa_Deva""], [5.31491132278461e-05, ""mai_Deva""], [1.238674667547457e-05, ""doi_Deva""]]"
L1,247459,anp_Deva,0.9819789528846741,0.01495477743446827,"[[0.9819789528846741, ""anp_Deva""], [0.01495477743446827, ""hin_Deva""], [0.0029601298738271, ""awa_Deva""], [0.00013792248500976712, ""new_Deva""], [1.3912908798374701e-05, ""bho_Deva""]]"
L1,247593,hin_Deva,0.6338472366333008,0.6338472366333008,"[[0.6338472366333008, ""hin_Deva""], [0.36050090193748474, ""anp_Deva""], [0.0035546463914215565, ""awa_Deva""], [0.0010862647322937846, ""new_Deva""], [0.00047326405183412135, ""mai_Deva""]]"
L1,247815,anp_Deva,0.9604599475860596,0.039114877581596375,"[[0.9604599475860596, ""anp_Deva""], [0.039114877581596375, ""hin_Deva""], [0.00028079436742700636, ""mai_Deva""], [9.074925765162334e-05, ""sck_Deva""], [7.262225699378178e-05, ""awa_Deva""]]"
L1,248013,hin_Deva,0.8217528462409973,0.8217528462409973,"[[0.8217528462409973, ""hin_Deva""], [0.08106392621994019, ""anp_Deva""], [0.07606559246778488, ""awa_Deva""], [0.015198939479887486, ""bho_Deva""], [0.005471623037010431, ""new_Deva""]]"
L1,248047,hin_Deva,0.8049237132072449,0.8049237132072449,"[[0.8049237132072449, ""hin_Deva""], [0.19212518632411957, ""anp_Deva""], [0.0013257976388558745, ""new_Deva""], [0.0005488035385496914, ""bho_Deva""], [0.00037141074426472187, ""awa_Deva""]]"
L1,248076,hin_Deva,0.9539491534233093,0.9539491534233093,"[[0.9539491534233093, ""hin_Deva""], [0.03606223687529564, ""anp_Deva""], [0.004114574287086725, ""new_Deva""], [0.002828712109476328, ""mai_Deva""], [0.0024175443686544895, ""awa_Deva""]]"
L1,248128,hin_Deva,0.7385454177856445,0.7385454177856445,"[[0.7385454177856445, ""hin_Deva""], [0.2411293387413025, ""anp_Deva""], [0.012290259823203087, ""new_Deva""], [0.006558685097843409, ""awa_Deva""], [0.0007357556605711579, ""mag_Deva""]]"
L1,248145,anp_Deva,0.882841169834137,0.08268746733665466,"[[0.882841169834137, ""anp_Deva""], [0.08268746733665466, ""hin_Deva""], [0.029170457273721695, ""mag_Deva""], [0.004072395619004965, ""bho_Deva""], [0.00047845495282672346, ""snd_Deva""]]"
L1,248342,hin_Deva,0.8015313148498535,0.8015313148498535,"[[0.8015313148498535, ""hin_Deva""], [0.16327157616615295, ""anp_Deva""], [0.020104914903640747, ""mai_Deva""], [0.010503152385354042, ""new_Deva""], [0.002819462213665247, ""bho_Deva""]]"
L1,248515,anp_Deva,0.9296857118606567,0.0688287764787674,"[[0.9296857118606567, ""anp_Deva""], [0.0688287764787674, ""hin_Deva""], [0.0008786682155914605, ""awa_Deva""], [0.0006449546199291945, ""new_Deva""], [1.1759319932025392e-05, ""bho_Deva""]]"
L1,248526,anp_Deva,1.000003695487976,1.4998559890955221e-05,"[[1.000003695487976, ""anp_Deva""], [1.4998559890955221e-05, ""hin_Deva""], [1.0843922609637957e-05, ""new_Deva""], [1.045029148372123e-05, ""awa_Deva""], [1.0031983038061298e-05, ""sck_Deva""]]"
L1,248552,hin_Deva,0.9805101156234741,0.9805101156234741,"[[0.9805101156234741, ""hin_Deva""], [0.011423603631556034, ""anp_Deva""], [0.003777766367420554, ""awa_Deva""], [0.001846563653089106, ""mai_Deva""], [0.0012627501273527741, ""new_Deva""]]"
L1,248785,hin_Deva,0.6855153441429138,0.6855153441429138,"[[0.6855153441429138, ""hin_Deva""], [0.24993744492530823, ""anp_Deva""], [0.03679851442575455, ""mai_Deva""], [0.007824772968888283, ""new_Deva""], [0.00764745706692338, ""awa_Deva""]]"
L1,249109,anp_Deva,0.9987267255783081,0.0008844641852192581,"[[0.9987267255783081, ""anp_Deva""], [0.0008844641852192581, ""hin_Deva""], [0.00029008372803218663, ""awa_Deva""], [0.00011293561692582443, ""bho_Deva""], [2.4499484425177798e-05, ""new_Deva""]]"
L1,249214,anp_Deva,0.9873475432395935,0.012465108186006546,"[[0.9873475432395935, ""anp_Deva""], [0.012465108186006546, ""hin_Deva""], [0.00015983625780791044, ""awa_Deva""], [2.7484109523356892e-05, ""mai_Deva""], [2.3599694031872787e-05, ""new_Deva""]]"
L1,249377,hin_Deva,0.983492374420166,0.983492374420166,"[[0.983492374420166, ""hin_Deva""], [0.009002579376101494, ""anp_Deva""], [0.0050968145951628685, ""awa_Deva""], [0.000998074421659112, ""new_Deva""], [0.000981361255981028, ""bho_Deva""]]"
L1,249391,anp_Deva,0.9364800453186035,0.043644849210977554,"[[0.9364800453186035, ""anp_Deva""], [0.043644849210977554, ""hin_Deva""], [0.01748267188668251, ""awa_Deva""], [0.001219612779095769, ""new_Deva""], [0.0009767739102244377, ""mai_Deva""]]"
L1,249452,hin_Deva,0.8470045924186707,0.8470045924186707,"[[0.8470045924186707, ""hin_Deva""], [0.12091446667909622, ""anp_Deva""], [0.030052050948143005, ""awa_Deva""], [0.0018241135403513908, ""new_Deva""], [0.0001554838672745973, ""mai_Deva""]]"
L1,249551,hin_Deva,0.5163282752037048,0.5163282752037048,"[[0.5163282752037048, ""hin_Deva""], [0.4776110053062439, ""anp_Deva""], [0.004963592626154423, ""awa_Deva""], [0.0005753252189606428, ""sck_Deva""], [0.000218592380406335, ""new_Deva""]]"
L1,249622,hin_Deva,0.8993849158287048,0.8993849158287048,"[[0.8993849158287048, ""hin_Deva""], [0.054260265082120895, ""anp_Deva""], [0.03194762021303177, ""awa_Deva""], [0.013699927367269993, ""new_Deva""], [0.000548750685993582, ""mai_Deva""]]"
L1,249690,anp_Deva,0.9955435991287231,0.001808286877349019,"[[0.9955435991287231, ""anp_Deva""], [0.002416181145235896, ""new_Deva""], [0.001808286877349019, ""hin_Deva""], [0.00024200194457080215, ""awa_Deva""], [3.957726585213095e-05, ""sck_Deva""]]"
L1,249711,anp_Deva,0.7736070156097412,0.22471098601818085,"[[0.7736070156097412, ""anp_Deva""], [0.22471098601818085, ""hin_Deva""], [0.00129011832177639, ""awa_Deva""], [0.00019347826309967786, ""new_Deva""], [0.0001528804423287511, ""mup_Deva""]]"
L1,249714,hin_Deva,0.7774968147277832,0.7774968147277832,"[[0.7774968147277832, ""hin_Deva""], [0.2139422744512558, ""anp_Deva""], [0.0026809012051671743, ""kas_Deva""], [0.0022014575079083443, ""awa_Deva""], [0.0011714743450284004, ""mai_Deva""]]"
L1,249792,anp_Deva,0.9884783625602722,0.010898332111537457,"[[0.9884783625602722, ""anp_Deva""], [0.010898332111537457, ""hin_Deva""], [0.0006110997055657208, ""awa_Deva""], [3.102837217738852e-05, ""new_Deva""], [2.5495995942037553e-05, ""sck_Deva""]]"
L1,249921,hin_Deva,0.8007696866989136,0.8007696866989136,"[[0.8007696866989136, ""hin_Deva""], [0.10361816734075546, ""anp_Deva""], [0.04971785470843315, ""sck_Deva""], [0.02339579537510872, ""awa_Deva""], [0.011645626276731491, ""new_Deva""]]"
L1,249944,anp_Deva,0.6330587267875671,0.3593616485595703,"[[0.6330587267875671, ""anp_Deva""], [0.3593616485595703, ""hin_Deva""], [0.004103741142898798, ""mag_Deva""], [0.0028624299447983503, ""awa_Deva""], [0.00038578439853154123, ""bho_Deva""]]"
L1,250288,anp_Deva,0.8326094746589661,0.16590061783790588,"[[0.8326094746589661, ""anp_Deva""], [0.16590061783790588, ""hin_Deva""], [0.0009656717884354293, ""awa_Deva""], [0.00041866677929647267, ""new_Deva""], [0.0001081131849787198, ""mai_Deva""]]"
L1,250595,hin_Deva,0.8527107238769531,0.8527107238769531,"[[0.8527107238769531, ""hin_Deva""], [0.13285265862941742, ""anp_Deva""], [0.010757540352642536, ""awa_Deva""], [0.000840426015201956, ""mai_Deva""], [0.0007954042521305382, ""new_Deva""]]"
L1,250608,hin_Deva,0.9821516275405884,0.9821516275405884,"[[0.9821516275405884, ""hin_Deva""], [0.010663838125765324, ""awa_Deva""], [0.005701505113393068, ""anp_Deva""], [0.00062030297704041, ""mag_Deva""], [0.00046223169192671776, ""bho_Deva""]]"
L1,250892,hin_Deva,0.92435222864151,0.92435222864151,"[[0.92435222864151, ""hin_Deva""], [0.060488101094961166, ""anp_Deva""], [0.011964523233473301, ""awa_Deva""], [0.0010296549880877137, ""mag_Deva""], [0.0008824614924378693, ""hne_Deva""]]"
L1,250914,anp_Deva,0.9963104724884033,0.002595913363620639,"[[0.9963104724884033, ""anp_Deva""], [0.002595913363620639, ""hin_Deva""], [0.0010434846626594663, ""awa_Deva""], [5.923368007643148e-05, ""bho_Deva""], [2.3617165425093845e-05, ""mai_Deva""]]"
L1,251035,anp_Deva,0.8787526488304138,0.120616115629673,"[[0.8787526488304138, ""anp_Deva""], [0.120616115629673, ""hin_Deva""], [0.00033707651891745627, ""new_Deva""], [0.00020516924269031733, ""mai_Deva""], [7.671389903407544e-05, ""awa_Deva""]]"
L1,251228,hin_Deva,0.728411078453064,0.728411078453064,"[[0.728411078453064, ""hin_Deva""], [0.24616079032421112, ""anp_Deva""], [0.022981876507401466, ""awa_Deva""], [0.001935465494170785, ""new_Deva""], [0.00035164429573342204, ""bho_Deva""]]"
L1,251477,hin_Deva,0.813609778881073,0.813609778881073,"[[0.813609778881073, ""hin_Deva""], [0.18490968644618988, ""anp_Deva""], [0.0012884989846497774, ""new_Deva""], [0.00013286410830914974, ""awa_Deva""], [4.977559729013592e-05, ""sck_Deva""]]"
L1,251564,anp_Deva,0.9448248147964478,0.052713122218847275,"[[0.9448248147964478, ""anp_Deva""], [0.052713122218847275, ""hin_Deva""], [0.0024298271164298058, ""new_Deva""], [4.5044907892588526e-05, ""awa_Deva""], [3.126412775600329e-05, ""mai_Deva""]]"
L1,251834,awa_Deva,0.8863229155540466,0.0684737116098404,"[[0.8863229155540466, ""awa_Deva""], [0.0684737116098404, ""hin_Deva""], [0.04344392940402031, ""anp_Deva""], [0.0009888482745736837, ""mag_Deva""], [0.00027434498770162463, ""mai_Deva""]]"
L1,251864,anp_Deva,0.9951516389846802,0.0047357832081615925,"[[0.9951516389846802, ""anp_Deva""], [0.0047357832081615925, ""hin_Deva""], [9.833111835177988e-05, ""new_Deva""], [2.6290879759471864e-05, ""mar_Deva""], [2.607461647130549e-05, ""awa_Deva""]]"
L1,251958,anp_Deva,0.8595063090324402,0.13906435668468475,"[[0.8595063090324402, ""anp_Deva""], [0.13906435668468475, ""hin_Deva""], [0.0007622845587320626, ""awa_Deva""], [0.0004198042443022132, ""new_Deva""], [0.0002018220111494884, ""mai_Deva""]]"
L1,252032,anp_Deva,0.9475086331367493,0.05195991322398186,"[[0.9475086331367493, ""anp_Deva""], [0.05195991322398186, ""hin_Deva""], [0.0005207689828239381, ""awa_Deva""], [3.010538057424128e-05, ""new_Deva""], [1.7172777006635442e-05, ""doi_Deva""]]"
L1,252172,anp_Deva,0.9998760223388672,0.0001360479654977098,"[[0.9998760223388672, ""anp_Deva""], [0.0001360479654977098, ""hin_Deva""], [1.6723584849387407e-05, ""new_Deva""], [1.0660633961379062e-05, ""awa_Deva""], [1.0493734407646116e-05, ""mai_Deva""]]"
L1,252338,anp_Deva,0.9071767330169678,0.014769339933991432,"[[0.9071767330169678, ""anp_Deva""], [0.07609089463949203, ""awa_Deva""], [0.014769339933991432, ""hin_Deva""], [0.0019475589506328106, ""new_Deva""], [3.9698308683000505e-05, ""mai_Deva""]]"
L1,252381,anp_Deva,1.0000098943710327,1.0169354027311783e-05,"[[1.0000098943710327, ""anp_Deva""], [1.0169354027311783e-05, ""hin_Deva""], [1.0000756446970627e-05, ""new_Deva""], [1.0000146176025737e-05, ""awa_Deva""], [1.0000107977248263e-05, ""mai_Deva""]]"
L1,252384,hin_Deva,0.931591808795929,0.931591808795929,"[[0.931591808795929, ""hin_Deva""], [0.06814255565404892, ""anp_Deva""], [0.00012003718438791111, ""new_Deva""], [0.00010757098061731085, ""mai_Deva""], [8.105384767986834e-05, ""bho_Deva""]]"
L1,252406,anp_Deva,0.9995802044868469,0.000433786102803424,"[[0.9995802044868469, ""anp_Deva""], [0.000433786102803424, ""hin_Deva""], [1.3101353943056893e-05, ""awa_Deva""], [1.1457671462267172e-05, ""new_Deva""], [1.1355233255017083e-05, ""mai_Deva""]]"
L1,252486,anp_Deva,0.9483306407928467,0.04626588523387909,"[[0.9483306407928467, ""anp_Deva""], [0.04626588523387909, ""hin_Deva""], [0.005361239891499281, ""new_Deva""], [7.39469105610624e-05, ""awa_Deva""], [1.4624330106016714e-05, ""mai_Deva""]]"
L1,252530,anp_Deva,0.8725478053092957,0.12508726119995117,"[[0.8725478053092957, ""anp_Deva""], [0.12508726119995117, ""hin_Deva""], [0.002056984230875969, ""awa_Deva""], [0.0003446241025812924, ""new_Deva""], [1.0874991858145222e-05, ""mar_Deva""]]"
L1,253444,hin_Deva,0.9895920753479004,0.9895920753479004,"[[0.9895920753479004, ""hin_Deva""], [0.00655865715816617, ""mai_Deva""], [0.00123938440810889, ""bho_Deva""], [0.000813891354482621, ""anp_Deva""], [0.0006035158294253051, ""new_Deva""]]"
L1,253453,hin_Deva,0.5535539984703064,0.5535539984703064,"[[0.5535539984703064, ""hin_Deva""], [0.43807142972946167, ""anp_Deva""], [0.006103172432631254, ""awa_Deva""], [0.0007470556884072721, ""mai_Deva""], [0.0005866884021088481, ""bho_Deva""]]"
L1,253473,hin_Deva,0.8469108939170837,0.8469108939170837,"[[0.8469108939170837, ""hin_Deva""], [0.15068800747394562, ""anp_Deva""], [0.0010400000028312206, ""new_Deva""], [0.0007710870122537017, ""awa_Deva""], [0.0005768641130998731, ""mai_Deva""]]"
L1,253514,hin_Deva,0.8126755356788635,0.8126755356788635,"[[0.8126755356788635, ""hin_Deva""], [0.16447089612483978, ""anp_Deva""], [0.01920144073665142, ""awa_Deva""], [0.00263072713278234, ""mag_Deva""], [0.0004576894862111658, ""bho_Deva""]]"
L1,253599,anp_Deva,0.8599783778190613,0.13609933853149414,"[[0.8599783778190613, ""anp_Deva""], [0.13609933853149414, ""hin_Deva""], [0.0031565953977406025, ""awa_Deva""], [0.000423113553551957, ""new_Deva""], [0.0002480775292497128, ""mai_Deva""]]"
L1,253658,hin_Deva,0.705939531326294,0.705939531326294,"[[0.705939531326294, ""hin_Deva""], [0.23676234483718872, ""anp_Deva""], [0.03631513938307762, ""awa_Deva""], [0.008878983557224274, ""bho_Deva""], [0.006290170829743147, ""new_Deva""]]"
L1,253711,anp_Deva,0.9302618503570557,0.06620533764362335,"[[0.9302618503570557, ""anp_Deva""], [0.06620533764362335, ""hin_Deva""], [0.0032392041757702827, ""awa_Deva""], [0.00024297738855239004, ""new_Deva""], [9.669010614743456e-05, ""mai_Deva""]]"
L1,253733,hin_Deva,0.5966089367866516,0.5966089367866516,"[[0.5966089367866516, ""hin_Deva""], [0.23969431221485138, ""awa_Deva""], [0.14898133277893066, ""anp_Deva""], [0.009543503634631634, ""mai_Deva""], [0.0037761887069791555, ""bho_Deva""]]"
L1,253975,anp_Deva,0.6274760365486145,0.33867883682250977,"[[0.6274760365486145, ""anp_Deva""], [0.33867883682250977, ""hin_Deva""], [0.01623626984655857, ""new_Deva""], [0.013618415221571922, ""awa_Deva""], [0.0025998649653047323, ""bho_Deva""]]"
L1,254452,anp_Deva,0.7362252473831177,0.2624835968017578,"[[0.7362252473831177, ""anp_Deva""], [0.2624835968017578, ""hin_Deva""], [0.0009953136323019862, ""awa_Deva""], [0.00024693721206858754, ""new_Deva""], [8.927205635700375e-05, ""doi_Deva""]]"
L1,254495,hin_Deva,0.8915722370147705,0.8915722370147705,"[[0.8915722370147705, ""hin_Deva""], [0.09714928269386292, ""anp_Deva""], [0.0052759177051484585, ""awa_Deva""], [0.002754472428932786, ""bho_Deva""], [0.002636958844959736, ""mag_Deva""]]"
L1,255183,hin_Deva,0.7461435794830322,0.7461435794830322,"[[0.7461435794830322, ""hin_Deva""], [0.24517428874969482, ""anp_Deva""], [0.008085872046649456, ""awa_Deva""], [0.0006095514399930835, ""new_Deva""], [2.199387199652847e-05, ""bho_Deva""]]"
L1,255244,hin_Deva,0.9998941421508789,0.9998941421508789,"[[0.9998941421508789, ""hin_Deva""], [9.509506344329566e-05, ""anp_Deva""], [2.8187334464746527e-05, ""bho_Deva""], [1.4085812836128753e-05, ""awa_Deva""], [1.3410995052254293e-05, ""new_Deva""]]"
L1,255331,anp_Deva,0.9999722242355347,4.7519766667392105e-05,"[[0.9999722242355347, ""anp_Deva""], [4.7519766667392105e-05, ""hin_Deva""], [1.0126182132808026e-05, ""awa_Deva""], [1.0095952347910497e-05, ""new_Deva""], [1.0000288966693915e-05, ""kas_Deva""]]"
L1,255396,hin_Deva,0.6483021974563599,0.6483021974563599,"[[0.6483021974563599, ""hin_Deva""], [0.13617832958698273, ""new_Deva""], [0.1017325222492218, ""awa_Deva""], [0.0606694370508194, ""bho_Deva""], [0.04411918297410011, ""mai_Deva""]]"
L1,255650,anp_Deva,0.9998630285263062,0.00015587151574436575,"[[0.9998630285263062, ""anp_Deva""], [0.00015587151574436575, ""hin_Deva""], [1.1016297321475577e-05, ""awa_Deva""], [1.0037763786385767e-05, ""new_Deva""], [1.0013440260081552e-05, ""mai_Deva""]]"
L1,255767,hin_Deva,0.9604883193969727,0.9604883193969727,"[[0.9604883193969727, ""hin_Deva""], [0.039172906428575516, ""anp_Deva""], [0.0001470837160013616, ""awa_Deva""], [0.00011731412814697251, ""mag_Deva""], [4.692549191531725e-05, ""new_Deva""]]"
L1,255875,hin_Deva,0.6851900219917297,0.6851900219917297,"[[0.6851900219917297, ""hin_Deva""], [0.2829083204269409, ""anp_Deva""], [0.03058680146932602, ""awa_Deva""], [0.0010313556995242834, ""new_Deva""], [0.00013588121510110795, ""mag_Deva""]]"
L1,256158,anp_Deva,0.8479161262512207,0.15068654716014862,"[[0.8479161262512207, ""anp_Deva""], [0.15068654716014862, ""hin_Deva""], [0.0005710244295187294, ""new_Deva""], [0.0004470570420380682, ""awa_Deva""], [0.00019402889302000403, ""brx_Deva""]]"
L1,256273,anp_Deva,0.9990105032920837,0.0009971644030883908,"[[0.9990105032920837, ""anp_Deva""], [0.0009971644030883908, ""hin_Deva""], [2.1901440049987286e-05, ""sck_Deva""], [1.0409589776827488e-05, ""awa_Deva""], [1.0025202755059581e-05, ""new_Deva""]]"
L1,256389,hin_Deva,0.9993277788162231,0.9993277788162231,"[[0.9993277788162231, ""hin_Deva""], [0.0004641209088731557, ""anp_Deva""], [0.00011104843724751845, ""awa_Deva""], [7.313134847208858e-05, ""new_Deva""], [5.988774501020089e-05, ""mai_Deva""]]"
L1,256422,anp_Deva,0.9452791810035706,0.05374716967344284,"[[0.9452791810035706, ""anp_Deva""], [0.05374716967344284, ""hin_Deva""], [0.0003656164917629212, ""sck_Deva""], [0.00023702399630565196, ""awa_Deva""], [0.0002178650174755603, ""bho_Deva""]]"
L1,256575,anp_Deva,0.851114809513092,0.1401151567697525,"[[0.851114809513092, ""anp_Deva""], [0.1401151567697525, ""hin_Deva""], [0.002794185420498252, ""new_Deva""], [0.0021925203036516905, ""bho_Deva""], [0.0015646001556888223, ""mai_Deva""]]"
L1,256753,anp_Deva,0.9505816102027893,0.04785368964076042,"[[0.9505816102027893, ""anp_Deva""], [0.04785368964076042, ""hin_Deva""], [0.0015099274460226297, ""new_Deva""], [7.632414781255648e-05, ""awa_Deva""], [1.964884540939238e-05, ""mai_Deva""]]"
L1,257027,hin_Deva,0.8920692801475525,0.8920692801475525,"[[0.8920692801475525, ""hin_Deva""], [0.08640273660421371, ""anp_Deva""], [0.02143583633005619, ""awa_Deva""], [0.0001174040007754229, ""new_Deva""], [1.7972750356420875e-05, ""mai_Deva""]]"
L1,257063,hin_Deva,0.6519293785095215,0.6519293785095215,"[[0.6519293785095215, ""hin_Deva""], [0.34103912115097046, ""anp_Deva""], [0.0035822680220007896, ""awa_Deva""], [0.0012000364949926734, ""new_Deva""], [0.0010259528644382954, ""mai_Deva""]]"
L1,257119,hin_Deva,0.9989746809005737,0.9989746809005737,"[[0.9989746809005737, ""hin_Deva""], [0.0006972684059292078, ""awa_Deva""], [0.00029213842935860157, ""anp_Deva""], [6.218147609615698e-05, ""new_Deva""], [1.772782161424402e-05, ""kas_Deva""]]"
L1,257242,anp_Deva,0.5194970965385437,0.47280633449554443,"[[0.5194970965385437, ""anp_Deva""], [0.47280633449554443, ""hin_Deva""], [0.0073216138407588005, ""awa_Deva""], [0.00024966939236037433, ""mai_Deva""], [0.00011243268818361685, ""bho_Deva""]]"
L1,257420,anp_Deva,0.9413643479347229,0.05763046443462372,"[[0.9413643479347229, ""anp_Deva""], [0.05763046443462372, ""hin_Deva""], [0.0005990734207443893, ""new_Deva""], [0.00044240313582122326, ""awa_Deva""], [1.2088586117897648e-05, ""bho_Deva""]]"
L1,257448,hin_Deva,0.969853401184082,0.969853401184082,"[[0.969853401184082, ""hin_Deva""], [0.024073833599686623, ""anp_Deva""], [0.0031964126974344254, ""awa_Deva""], [0.00130610226187855, ""new_Deva""], [0.0011600826401263475, ""bho_Deva""]]"
L1,257559,anp_Deva,0.9982753396034241,0.0015284648397937417,"[[0.9982753396034241, ""anp_Deva""], [0.0015284648397937417, ""hin_Deva""], [0.00020635740656871349, ""new_Deva""], [2.6955936846206896e-05, ""awa_Deva""], [1.1782782166847028e-05, ""doi_Deva""]]"
L1,257578,hin_Deva,0.9798882007598877,0.9798882007598877,"[[0.9798882007598877, ""hin_Deva""], [0.017382806167006493, ""anp_Deva""], [0.0025106524117290974, ""awa_Deva""], [0.00015758303925395012, ""new_Deva""], [8.458502998109907e-05, ""bho_Deva""]]"
L1,257613,hin_Deva,0.9836671948432922,0.9836671948432922,"[[0.9836671948432922, ""hin_Deva""], [0.015712661668658257, ""anp_Deva""], [0.0006249972502700984, ""new_Deva""], [2.2472044292953797e-05, ""awa_Deva""], [1.5965260899974965e-05, ""bho_Deva""]]"
L1,257878,hin_Deva,0.7255869507789612,0.7255869507789612,"[[0.7255869507789612, ""hin_Deva""], [0.26146918535232544, ""anp_Deva""], [0.009022597223520279, ""new_Deva""], [0.003387771314010024, ""awa_Deva""], [0.00032923344406299293, ""mai_Deva""]]"
L1,257995,anp_Deva,0.9223133325576782,0.07505293190479279,"[[0.9223133325576782, ""anp_Deva""], [0.07505293190479279, ""hin_Deva""], [0.002439788542687893, ""awa_Deva""], [7.584293780382723e-05, ""sck_Deva""], [6.324133573798463e-05, ""bho_Deva""]]"
L1,258015,anp_Deva,0.9419340491294861,0.01679208315908909,"[[0.9419340491294861, ""anp_Deva""], [0.04106544330716133, ""awa_Deva""], [0.01679208315908909, ""hin_Deva""], [0.00020486344874370843, ""new_Deva""], [4.8473742936039343e-05, ""sck_Deva""]]"
L1,258156,hin_Deva,0.66534823179245,0.66534823179245,"[[0.66534823179245, ""hin_Deva""], [0.33160772919654846, ""anp_Deva""], [0.0017160058487206697, ""new_Deva""], [0.0007667755126021802, ""awa_Deva""], [0.0004944814136251807, ""bho_Deva""]]"
L1,258215,anp_Deva,0.6436790227890015,0.3509446382522583,"[[0.6436790227890015, ""anp_Deva""], [0.3509446382522583, ""hin_Deva""], [0.004856501705944538, ""new_Deva""], [0.00049361283890903, ""awa_Deva""], [4.135520430281758e-05, ""mai_Deva""]]"
L1,258370,hin_Deva,0.9724920988082886,0.9724920988082886,"[[0.9724920988082886, ""hin_Deva""], [0.026074282824993134, ""anp_Deva""], [0.0014272037660703063, ""awa_Deva""], [4.420307232066989e-05, ""new_Deva""], [1.1392547094146721e-05, ""sck_Deva""]]"
L1,258403,hin_Deva,0.7567424774169922,0.7567424774169922,"[[0.7567424774169922, ""hin_Deva""], [0.17862330377101898, ""awa_Deva""], [0.022519728168845177, ""anp_Deva""], [0.01801590994000435, ""doi_Deva""], [0.01613583415746689, ""mai_Deva""]]"
L1,258606,anp_Deva,0.9976367354393005,0.002166558289900422,"[[0.9976367354393005, ""anp_Deva""], [0.002166558289900422, ""hin_Deva""], [9.356746886624023e-05, ""bho_Deva""], [7.615967479068786e-05, ""awa_Deva""], [6.171523273224011e-05, ""new_Deva""]]"
L1,258625,hin_Deva,0.6568523645401001,0.6568523645401001,"[[0.6568523645401001, ""hin_Deva""], [0.3402687609195709, ""anp_Deva""], [0.0012974393321201205, ""new_Deva""], [0.0006376656237989664, ""mag_Deva""], [0.00045795339974574745, ""mai_Deva""]]"
L1,258937,anp_Deva,0.974163830280304,0.02539764530956745,"[[0.974163830280304, ""anp_Deva""], [0.02539764530956745, ""hin_Deva""], [0.00026029907166957855, ""new_Deva""], [0.0001844637154135853, ""awa_Deva""], [2.0407653209986165e-05, ""mai_Deva""]]"
L1,258955,hin_Deva,0.9999842643737793,0.9999842643737793,"[[0.9999842643737793, ""hin_Deva""], [1.629205871722661e-05, ""mar_Deva""], [1.616291410755366e-05, ""anp_Deva""], [1.3231967386673205e-05, ""doi_Deva""], [1.2858897207479458e-05, ""new_Deva""]]"
L1,258980,anp_Deva,0.9967926740646362,0.0009722993709146976,"[[0.9967926740646362, ""anp_Deva""], [0.0022576949559152126, ""awa_Deva""], [0.0009722993709146976, ""hin_Deva""], [1.6544345271540806e-05, ""new_Deva""], [1.0608099728415255e-05, ""mai_Deva""]]"
L1,259030,anp_Deva,0.687577486038208,0.2882820963859558,"[[0.687577486038208, ""anp_Deva""], [0.2882820963859558, ""hin_Deva""], [0.008498438633978367, ""mai_Deva""], [0.007705169729888439, ""new_Deva""], [0.003290984546765685, ""mar_Deva""]]"
L1,259229,anp_Deva,0.9906693696975708,0.008945610374212265,"[[0.9906693696975708, ""anp_Deva""], [0.008945610374212265, ""hin_Deva""], [0.00019734865054488182, ""awa_Deva""], [0.00012232920562382787, ""mai_Deva""], [6.610610580537468e-05, ""mag_Deva""]]"
L1,259444,anp_Deva,0.9933825731277466,0.003204797627404332,"[[0.9933825731277466, ""anp_Deva""], [0.0033126992639154196, ""awa_Deva""], [0.003204797627404332, ""hin_Deva""], [8.325690578203648e-05, ""mai_Deva""], [3.6490411730483174e-05, ""bho_Deva""]]"
L1,259522,hin_Deva,0.9525184035301208,0.9525184035301208,"[[0.9525184035301208, ""hin_Deva""], [0.044169407337903976, ""anp_Deva""], [0.0014328955439850688, ""awa_Deva""], [0.0010347580537199974, ""bho_Deva""], [0.0004453198635019362, ""new_Deva""]]"
L1,259684,hin_Deva,0.9236771464347839,0.9236771464347839,"[[0.9236771464347839, ""hin_Deva""], [0.03923719748854637, ""bho_Deva""], [0.012089503929018974, ""anp_Deva""], [0.00996936671435833, ""awa_Deva""], [0.006209807004779577, ""mai_Deva""]]"
L1,259696,anp_Deva,0.9523671269416809,0.03980998322367668,"[[0.9523671269416809, ""anp_Deva""], [0.03980998322367668, ""hin_Deva""], [0.007239282596856356, ""awa_Deva""], [0.0006124836509115994, ""new_Deva""], [1.9058121324633248e-05, ""mai_Deva""]]"
L1,259720,new_Deva,0.8778899312019348,0.0016669494798406959,"[[0.8778899312019348, ""new_Deva""], [0.11952110379934311, ""anp_Deva""], [0.0016669494798406959, ""hin_Deva""], [0.0009010467911139131, ""awa_Deva""], [4.012847057310864e-05, ""san_Deva""]]"
L1,259839,anp_Deva,0.8909786939620972,0.10592734813690186,"[[0.8909786939620972, ""anp_Deva""], [0.10592734813690186, ""hin_Deva""], [0.0020674557890743017, ""new_Deva""], [0.0006215563043951988, ""awa_Deva""], [0.0003944073978345841, ""mai_Deva""]]"
L1,260163,hin_Deva,0.6616546511650085,0.6616546511650085,"[[0.6616546511650085, ""hin_Deva""], [0.2890258729457855, ""anp_Deva""], [0.03884461149573326, ""awa_Deva""], [0.005553002003580332, ""new_Deva""], [0.0037848344072699547, ""mai_Deva""]]"
L1,260501,anp_Deva,0.8406488299369812,0.1543256640434265,"[[0.8406488299369812, ""anp_Deva""], [0.1543256640434265, ""hin_Deva""], [0.0031702967826277018, ""new_Deva""], [0.0013586444547399879, ""mai_Deva""], [0.0005253406707197428, ""awa_Deva""]]"
L1,260799,hin_Deva,0.955845832824707,0.955845832824707,"[[0.955845832824707, ""hin_Deva""], [0.03947191685438156, ""anp_Deva""], [0.0028199905063956976, ""new_Deva""], [0.0011120656272396445, ""awa_Deva""], [0.00040464961784891784, ""bho_Deva""]]"
L1,260847,anp_Deva,0.9583385586738586,0.04088973253965378,"[[0.9583385586738586, ""anp_Deva""], [0.04088973253965378, ""hin_Deva""], [0.0006736150826327503, ""awa_Deva""], [0.00011241027823416516, ""new_Deva""], [2.056280936812982e-05, ""sck_Deva""]]"
L1,260869,hin_Deva,0.8429006934165955,0.8429006934165955,"[[0.8429006934165955, ""hin_Deva""], [0.14974357187747955, ""anp_Deva""], [0.002105115447193384, ""awa_Deva""], [0.0020339619368314743, ""new_Deva""], [0.0013698894763365388, ""bho_Deva""]]"
L1,260929,anp_Deva,0.6144025325775146,0.38135600090026855,"[[0.6144025325775146, ""anp_Deva""], [0.38135600090026855, ""hin_Deva""], [0.001961143221706152, ""awa_Deva""], [0.0009317428921349347, ""mag_Deva""], [0.000697852170560509, ""new_Deva""]]"
L1,261070,anp_Deva,0.9157089591026306,0.0840441882610321,"[[0.9157089591026306, ""anp_Deva""], [0.0840441882610321, ""hin_Deva""], [0.0002482169074937701, ""awa_Deva""], [2.38783577515278e-05, ""doi_Deva""], [1.923468880704604e-05, ""new_Deva""]]"
L1,261116,anp_Deva,0.9266560673713684,0.07109592854976654,"[[0.9266560673713684, ""anp_Deva""], [0.07109592854976654, ""hin_Deva""], [0.0012031557271257043, ""mai_Deva""], [0.0004918826161883771, ""bho_Deva""], [0.00017642875900492072, ""new_Deva""]]"
L1,261166,anp_Deva,0.588257372379303,0.4097284972667694,"[[0.588257372379303, ""anp_Deva""], [0.4097284972667694, ""hin_Deva""], [0.0016335069667547941, ""awa_Deva""], [0.00039033469511196017, ""new_Deva""], [2.1088297216920182e-05, ""mai_Deva""]]"
L1,261302,anp_Deva,0.9923049211502075,0.006575858220458031,"[[0.9923049211502075, ""anp_Deva""], [0.006575858220458031, ""hin_Deva""], [0.0010184752754867077, ""awa_Deva""], [5.748614785261452e-05, ""san_Deva""], [5.294574293657206e-05, ""kas_Deva""]]"
L1,261439,anp_Deva,0.9041629433631897,0.08764714002609253,"[[0.9041629433631897, ""anp_Deva""], [0.08764714002609253, ""hin_Deva""], [0.003694719634950161, ""mai_Deva""], [0.0021182429045438766, ""new_Deva""], [0.001682171830907464, ""awa_Deva""]]"
L1,261606,anp_Deva,0.6006739139556885,0.3924187421798706,"[[0.6006739139556885, ""anp_Deva""], [0.3924187421798706, ""hin_Deva""], [0.00481523759663105, ""awa_Deva""], [0.0011621816083788872, ""new_Deva""], [0.0006547432858496904, ""bho_Deva""]]"
L1,261972,hin_Deva,0.675903856754303,0.675903856754303,"[[0.675903856754303, ""hin_Deva""], [0.3216947615146637, ""anp_Deva""], [0.0011841608211398125, ""mai_Deva""], [0.000991271110251546, ""awa_Deva""], [0.00016979743668343872, ""new_Deva""]]"
L1,262084,hin_Deva,0.8259206414222717,0.8259206414222717,"[[0.8259206414222717, ""hin_Deva""], [0.1723570078611374, ""anp_Deva""], [0.0007368728402070701, ""mag_Deva""], [0.00047318259021267295, ""awa_Deva""], [0.00033314101165160537, ""new_Deva""]]"
L1,262085,anp_Deva,0.522814154624939,0.43879157304763794,"[[0.522814154624939, ""anp_Deva""], [0.43879157304763794, ""hin_Deva""], [0.030769040808081627, ""awa_Deva""], [0.004498165566474199, ""kas_Deva""], [0.002649559173732996, ""new_Deva""]]"
L1,262209,hin_Deva,0.947896420955658,0.947896420955658,"[[0.947896420955658, ""hin_Deva""], [0.019309241324663162, ""anp_Deva""], [0.0130965206772089, ""mai_Deva""], [0.010704421438276768, ""awa_Deva""], [0.0054815178737044334, ""bho_Deva""]]"
L1,262246,anp_Deva,0.9103710055351257,0.06758048385381699,"[[0.9103710055351257, ""anp_Deva""], [0.06758048385381699, ""hin_Deva""], [0.01092892698943615, ""awa_Deva""], [0.010613919235765934, ""new_Deva""], [0.00042164893238805234, ""mai_Deva""]]"
L1,262364,anp_Deva,0.9984056353569031,0.0009046510676853359,"[[0.9984056353569031, ""anp_Deva""], [0.0009046510676853359, ""hin_Deva""], [0.0007143671973608434, ""awa_Deva""], [1.1466087926237378e-05, ""mag_Deva""], [1.1182449270563666e-05, ""san_Deva""]]"
L1,262668,hin_Deva,0.962182343006134,0.962182343006134,"[[0.962182343006134, ""hin_Deva""], [0.023009903728961945, ""anp_Deva""], [0.004530672449618578, ""bho_Deva""], [0.003816627897322178, ""mai_Deva""], [0.0031583451200276613, ""new_Deva""]]"
L1,263169,hin_Deva,0.9861665964126587,0.9861665964126587,"[[0.9861665964126587, ""hin_Deva""], [0.01067191082984209, ""anp_Deva""], [0.0031729508191347122, ""awa_Deva""], [2.05801898118807e-05, ""san_Deva""], [1.409521973982919e-05, ""new_Deva""]]"
L1,263205,hin_Deva,0.8533082008361816,0.8533082008361816,"[[0.8533082008361816, ""hin_Deva""], [0.1442660540342331, ""anp_Deva""], [0.001833784393966198, ""new_Deva""], [0.0003656196058727801, ""awa_Deva""], [0.00018427576287649572, ""snd_Deva""]]"
L1,263390,hin_Deva,0.8981562852859497,0.8981562852859497,"[[0.8981562852859497, ""hin_Deva""], [0.09462372958660126, ""anp_Deva""], [0.0033193277195096016, ""new_Deva""], [0.0009378840331919491, ""awa_Deva""], [0.000922253995668143, ""mag_Deva""]]"
L1,263644,hin_Deva,0.8945239782333374,0.8945239782333374,"[[0.8945239782333374, ""hin_Deva""], [0.041000619530677795, ""anp_Deva""], [0.037257857620716095, ""mai_Deva""], [0.0067776949144899845, ""bho_Deva""], [0.005178430583328009, ""mar_Deva""]]"
L1,263684,hin_Deva,0.9475114345550537,0.9475114345550537,"[[0.9475114345550537, ""hin_Deva""], [0.04831407219171524, ""anp_Deva""], [0.002428067848086357, ""new_Deva""], [0.0012055884581059217, ""awa_Deva""], [0.00020695081911981106, ""mag_Deva""]]"
L1,263751,hin_Deva,0.6581273078918457,0.6581273078918457,"[[0.6581273078918457, ""hin_Deva""], [0.34019649028778076, ""anp_Deva""], [0.0008497328381054103, ""awa_Deva""], [0.00044001906644552946, ""new_Deva""], [0.00040353048825636506, ""mai_Deva""]]"
L1,263950,anp_Deva,0.6566331386566162,0.3391801714897156,"[[0.6566331386566162, ""anp_Deva""], [0.3391801714897156, ""hin_Deva""], [0.003309042891487479, ""awa_Deva""], [0.0006460109143517911, ""new_Deva""], [0.00016960420180112123, ""mag_Deva""]]"
L1,263975,hin_Deva,0.7833391427993774,0.7833391427993774,"[[0.7833391427993774, ""hin_Deva""], [0.1506843864917755, ""awa_Deva""], [0.05570877715945244, ""anp_Deva""], [0.005686902906745672, ""new_Deva""], [0.0018413838697597384, ""bho_Deva""]]"
L1,264216,hin_Deva,0.4951172173023224,0.4951172173023224,"[[0.4951172173023224, ""hin_Deva""], [0.4946868121623993, ""anp_Deva""], [0.007209268398582935, ""awa_Deva""], [0.0025341943837702274, ""new_Deva""], [0.0003427965275477618, ""bho_Deva""]]"
L1,264537,anp_Deva,0.9999921321868896,2.7545091143110767e-05,"[[0.9999921321868896, ""anp_Deva""], [2.7545091143110767e-05, ""hin_Deva""], [1.0313619895896409e-05, ""mup_Deva""], [1.0076905709865969e-05, ""new_Deva""], [1.000169140752405e-05, ""awa_Deva""]]"
L1,264572,hin_Deva,0.734140932559967,0.734140932559967,"[[0.734140932559967, ""hin_Deva""], [0.1519283652305603, ""anp_Deva""], [0.10434362292289734, ""awa_Deva""], [0.007988018915057182, ""new_Deva""], [0.0010081434156745672, ""mag_Deva""]]"
L1,264575,hin_Deva,0.8864836692810059,0.8864836692810059,"[[0.8864836692810059, ""hin_Deva""], [0.11307720839977264, ""anp_Deva""], [0.0002907182206399739, ""awa_Deva""], [0.00012013842206215486, ""mai_Deva""], [4.5463835704140365e-05, ""new_Deva""]]"
L1,264670,anp_Deva,0.866008996963501,0.13328444957733154,"[[0.866008996963501, ""anp_Deva""], [0.13328444957733154, ""hin_Deva""], [0.0004422938800416887, ""new_Deva""], [0.00011126405297545716, ""awa_Deva""], [0.000107869207568001, ""mag_Deva""]]"
L1,264830,anp_Deva,0.9789814949035645,0.014464923180639744,"[[0.9789814949035645, ""anp_Deva""], [0.014464923180639744, ""hin_Deva""], [0.006474764086306095, ""new_Deva""], [5.122108632349409e-05, ""mup_Deva""], [5.07477016071789e-05, ""awa_Deva""]]"
L1,264996,hin_Deva,0.975855827331543,0.975855827331543,"[[0.975855827331543, ""hin_Deva""], [0.021620994433760643, ""anp_Deva""], [0.002140733180567622, ""new_Deva""], [0.00032552811899222434, ""awa_Deva""], [8.931796037359163e-05, ""mai_Deva""]]"
L1,265209,anp_Deva,1.0000100135803223,1.0003895113186445e-05,"[[1.0000100135803223, ""anp_Deva""], [1.0003895113186445e-05, ""hin_Deva""], [1.0000041584135033e-05, ""new_Deva""], [1.0000003385357559e-05, ""por_Latn""], [1.0000003385357559e-05, ""otw_Latn""]]"
L1,265308,anp_Deva,0.9686967134475708,0.02900887466967106,"[[0.9686967134475708, ""anp_Deva""], [0.02900887466967106, ""hin_Deva""], [0.0021752920001745224, ""awa_Deva""], [7.722862210357562e-05, ""mai_Deva""], [6.091054456192069e-05, ""new_Deva""]]"
L1,266424,hin_Deva,0.9064881801605225,0.9064881801605225,"[[0.9064881801605225, ""hin_Deva""], [0.043239526450634, ""anp_Deva""], [0.033999089151620865, ""new_Deva""], [0.0070822653360664845, ""mar_Deva""], [0.003883191617205739, ""mai_Deva""]]"
L1,266927,hin_Deva,0.8292877078056335,0.8292877078056335,"[[0.8292877078056335, ""hin_Deva""], [0.1678830087184906, ""anp_Deva""], [0.001485327840782702, ""new_Deva""], [0.001145717455074191, ""awa_Deva""], [0.00021030125208199024, ""mai_Deva""]]"
L1,267069,anp_Deva,0.8164900541305542,0.18296612799167633,"[[0.8164900541305542, ""anp_Deva""], [0.18296612799167633, ""hin_Deva""], [0.0003357742098160088, ""awa_Deva""], [0.00010510165157029405, ""mag_Deva""], [7.875632581999525e-05, ""new_Deva""]]"
L1,267543,anp_Deva,0.9436196684837341,0.05520150810480118,"[[0.9436196684837341, ""anp_Deva""], [0.05520150810480118, ""hin_Deva""], [0.0008362306980416179, ""awa_Deva""], [0.00016800258890725672, ""mai_Deva""], [0.0001635132502997294, ""new_Deva""]]"
L1,267639,anp_Deva,0.999805748462677,0.00020007694547530264,"[[0.999805748462677, ""anp_Deva""], [0.00020007694547530264, ""hin_Deva""], [2.384842991887126e-05, ""new_Deva""], [1.0259938790113665e-05, ""doi_Deva""], [1.0062549335998483e-05, ""awa_Deva""]]"
L1,267899,anp_Deva,0.6724045872688293,0.32230618596076965,"[[0.6724045872688293, ""anp_Deva""], [0.32230618596076965, ""hin_Deva""], [0.003793309908360243, ""awa_Deva""], [0.0007070762221701443, ""mai_Deva""], [0.0005685565993189812, ""bho_Deva""]]"
L1,268081,hin_Deva,0.9927364587783813,0.9927364587783813,"[[0.9927364587783813, ""hin_Deva""], [0.0049741268157958984, ""awa_Deva""], [0.0010001963237300515, ""anp_Deva""], [0.0003990266704931855, ""new_Deva""], [0.0003703609691001475, ""mai_Deva""]]"
L1,268392,anp_Deva,0.9891061186790466,0.009902856312692165,"[[0.9891061186790466, ""anp_Deva""], [0.009902856312692165, ""hin_Deva""], [0.0004856258456129581, ""awa_Deva""], [0.0004447231476660818, ""new_Deva""], [6.546705117216334e-05, ""brx_Deva""]]"
L1,268452,anp_Deva,0.9981526136398315,0.0017252572579309344,"[[0.9981526136398315, ""anp_Deva""], [0.0017252572579309344, ""hin_Deva""], [7.152486068662256e-05, ""awa_Deva""], [3.8525828131241724e-05, ""mai_Deva""], [3.34820979333017e-05, ""new_Deva""]]"
L1,268650,anp_Deva,0.9999876022338867,2.5694493160699494e-05,"[[0.9999876022338867, ""anp_Deva""], [2.5694493160699494e-05, ""hin_Deva""], [1.537660318717826e-05, ""brx_Deva""], [1.0680569175747223e-05, ""awa_Deva""], [1.0531491170695517e-05, ""sck_Deva""]]"
L1,268839,anp_Deva,0.5647963881492615,0.39950254559516907,"[[0.5647963881492615, ""anp_Deva""], [0.39950254559516907, ""hin_Deva""], [0.027214378118515015, ""awa_Deva""], [0.007390158250927925, ""new_Deva""], [0.0006234770989976823, ""mai_Deva""]]"
L1,268855,hin_Deva,0.7794948816299438,0.7794948816299438,"[[0.7794948816299438, ""hin_Deva""], [0.21642303466796875, ""anp_Deva""], [0.002458123490214348, ""new_Deva""], [0.0016450436087325215, ""awa_Deva""], [1.750475166772958e-05, ""mai_Deva""]]"
L1,268862,anp_Deva,0.9997237324714661,0.00019699176482390612,"[[0.9997237324714661, ""anp_Deva""], [0.00019699176482390612, ""hin_Deva""], [7.085510878823698e-05, ""new_Deva""], [4.808688390767202e-05, ""mag_Deva""], [1.0245057637803257e-05, ""awa_Deva""]]"
L1,269159,anp_Deva,0.7861902117729187,0.2129959911108017,"[[0.7861902117729187, ""anp_Deva""], [0.2129959911108017, ""hin_Deva""], [0.00033738702768459916, ""bho_Deva""], [0.00032363864011131227, ""new_Deva""], [0.00010000628390116617, ""mup_Deva""]]"
L1,269175,hin_Deva,0.8575965762138367,0.8575965762138367,"[[0.8575965762138367, ""hin_Deva""], [0.09234271943569183, ""anp_Deva""], [0.020858049392700195, ""new_Deva""], [0.0117813004180789, ""mai_Deva""], [0.0083169499412179, ""mag_Deva""]]"
L1,269292,hin_Deva,0.9240162372589111,0.9240162372589111,"[[0.9240162372589111, ""hin_Deva""], [0.06849461048841476, ""anp_Deva""], [0.006483362056314945, ""awa_Deva""], [0.0009386835736222565, ""new_Deva""], [8.55054022395052e-05, ""bho_Deva""]]"
L1,269308,anp_Deva,1.0000040531158447,1.1537847967701964e-05,"[[1.0000040531158447, ""anp_Deva""], [1.2873437299276702e-05, ""awa_Deva""], [1.1537847967701964e-05, ""hin_Deva""], [1.0955373909382615e-05, ""mag_Deva""], [1.052004790835781e-05, ""new_Deva""]]"
L1,269414,hin_Deva,0.9121102690696716,0.9121102690696716,"[[0.9121102690696716, ""hin_Deva""], [0.07586117088794708, ""anp_Deva""], [0.004120674915611744, ""mai_Deva""], [0.0033492224756628275, ""new_Deva""], [0.0028320348355919123, ""awa_Deva""]]"
L1,269614,anp_Deva,0.9999675750732422,4.8512541980016977e-05,"[[0.9999675750732422, ""anp_Deva""], [4.8512541980016977e-05, ""hin_Deva""], [1.3852549272996839e-05, ""awa_Deva""], [1.0077818842546549e-05, ""new_Deva""], [1.0004839168686885e-05, ""sck_Deva""]]"
L1,269698,hin_Deva,0.9270114302635193,0.9270114302635193,"[[0.9270114302635193, ""hin_Deva""], [0.0599500946700573, ""anp_Deva""], [0.007664775941520929, ""awa_Deva""], [0.002336392179131508, ""new_Deva""], [0.00196386082097888, ""mag_Deva""]]"
L1,269834,hin_Deva,0.5238812565803528,0.5238812565803528,"[[0.5238812565803528, ""hin_Deva""], [0.4702182114124298, ""anp_Deva""], [0.0027351398020982742, ""mag_Deva""], [0.001888694940134883, ""awa_Deva""], [0.0008019726374186575, ""mai_Deva""]]"
L1,270213,anp_Deva,0.9605149030685425,0.03876404091715813,"[[0.9605149030685425, ""anp_Deva""], [0.03876404091715813, ""hin_Deva""], [0.0005043888231739402, ""awa_Deva""], [0.0002271941484650597, ""new_Deva""], [2.8583121093106456e-05, ""mai_Deva""]]"
L1,270294,hin_Deva,0.7129762768745422,0.7129762768745422,"[[0.7129762768745422, ""hin_Deva""], [0.28085020184516907, ""anp_Deva""], [0.005582814570516348, ""awa_Deva""], [0.000265516311628744, ""sck_Deva""], [0.00013882947678212076, ""mai_Deva""]]"
L1,270368,hin_Deva,0.9224367737770081,0.9224367737770081,"[[0.9224367737770081, ""hin_Deva""], [0.07325881719589233, ""anp_Deva""], [0.0018152561970055103, ""awa_Deva""], [0.0016757854027673602, ""new_Deva""], [0.00040880285087041557, ""mai_Deva""]]"
L1,270811,anp_Deva,1.0000085830688477,1.1202313544345088e-05,"[[1.0000085830688477, ""anp_Deva""], [1.1202313544345088e-05, ""hin_Deva""], [1.0140957783733029e-05, ""new_Deva""], [1.0081317668664269e-05, ""awa_Deva""], [1.0000975635193754e-05, ""bho_Deva""]]"
L1,271089,hin_Deva,0.6086536049842834,0.6086536049842834,"[[0.6086536049842834, ""hin_Deva""], [0.31788936257362366, ""anp_Deva""], [0.07111876457929611, ""awa_Deva""], [0.0009685872355476022, ""new_Deva""], [0.0008517302921973169, ""mai_Deva""]]"
L1,271333,hin_Deva,0.9797201156616211,0.9797201156616211,"[[0.9797201156616211, ""hin_Deva""], [0.013393759727478027, ""anp_Deva""], [0.006352377589792013, ""awa_Deva""], [0.00021041279251221567, ""mag_Deva""], [0.00012154715659562498, ""bho_Deva""]]"
L1,271514,anp_Deva,0.5254650115966797,0.44769129157066345,"[[0.5254650115966797, ""anp_Deva""], [0.44769129157066345, ""hin_Deva""], [0.025417199358344078, ""new_Deva""], [0.0009395330562256277, ""awa_Deva""], [0.0003691539168357849, ""mai_Deva""]]"
L1,271673,hin_Deva,0.7127165198326111,0.7127165198326111,"[[0.7127165198326111, ""hin_Deva""], [0.28022950887680054, ""anp_Deva""], [0.00385234784334898, ""awa_Deva""], [0.0013514864258468151, ""bho_Deva""], [0.0009346111910417676, ""new_Deva""]]"
L1,271784,hin_Deva,0.8515810370445251,0.8515810370445251,"[[0.8515810370445251, ""hin_Deva""], [0.05859057977795601, ""new_Deva""], [0.041001420468091965, ""anp_Deva""], [0.0353359654545784, ""awa_Deva""], [0.009465678595006466, ""mai_Deva""]]"
L1,271835,anp_Deva,0.7689286470413208,0.20896346867084503,"[[0.7689286470413208, ""anp_Deva""], [0.20896346867084503, ""hin_Deva""], [0.019465135410428047, ""new_Deva""], [0.0013771429657936096, ""awa_Deva""], [0.0008572655497118831, ""mai_Deva""]]"
L1,271967,anp_Deva,0.9987238645553589,0.00046229714644141495,"[[0.9987238645553589, ""anp_Deva""], [0.0007208522292785347, ""awa_Deva""], [0.00046229714644141495, ""hin_Deva""], [0.00010981823288602754, ""new_Deva""], [3.1742201827000827e-05, ""mai_Deva""]]"
L1,272270,hin_Deva,0.7439804077148438,0.7439804077148438,"[[0.7439804077148438, ""hin_Deva""], [0.2458888292312622, ""anp_Deva""], [0.006416034884750843, ""awa_Deva""], [0.0030247634276747704, ""new_Deva""], [0.0005615638219751418, ""mai_Deva""]]"
L1,272604,anp_Deva,0.8917306661605835,0.09833560883998871,"[[0.8917306661605835, ""anp_Deva""], [0.09833560883998871, ""hin_Deva""], [0.00511079141870141, ""awa_Deva""], [0.002523839008063078, ""mag_Deva""], [0.001631686114706099, ""new_Deva""]]"
L1,272692,hin_Deva,0.989733099937439,0.989733099937439,"[[0.989733099937439, ""hin_Deva""], [0.008855065330862999, ""anp_Deva""], [0.0007152435136958957, ""mag_Deva""], [0.0003847269981633872, ""new_Deva""], [0.00023137309472076595, ""awa_Deva""]]"
L1,272827,anp_Deva,0.9847593903541565,0.014665449038147926,"[[0.9847593903541565, ""anp_Deva""], [0.014665449038147926, ""hin_Deva""], [0.0003736461221706122, ""awa_Deva""], [0.00023860590590629727, ""mai_Deva""], [1.1424251169955824e-05, ""bho_Deva""]]"
L1,273431,anp_Deva,0.4782084822654724,0.2765178084373474,"[[0.4782084822654724, ""anp_Deva""], [0.2765178084373474, ""hin_Deva""], [0.2440994679927826, ""awa_Deva""], [0.0008097253739833832, ""mai_Deva""], [0.0003068743390031159, ""new_Deva""]]"
L1,273514,anp_Deva,0.6748887300491333,0.31696489453315735,"[[0.6748887300491333, ""anp_Deva""], [0.31696489453315735, ""hin_Deva""], [0.006860050838440657, ""awa_Deva""], [0.0007981184171512723, ""mai_Deva""], [0.0003885764454025775, ""new_Deva""]]"
L1,273794,anp_Deva,0.8437419533729553,0.14882197976112366,"[[0.8437419533729553, ""anp_Deva""], [0.14882197976112366, ""hin_Deva""], [0.003120741108432412, ""awa_Deva""], [0.0022108610719442368, ""bho_Deva""], [0.0013084523379802704, ""new_Deva""]]"
L1,273853,hin_Deva,0.672490119934082,0.672490119934082,"[[0.672490119934082, ""hin_Deva""], [0.1559370756149292, ""anp_Deva""], [0.08088184148073196, ""new_Deva""], [0.060605522245168686, ""awa_Deva""], [0.013456027023494244, ""npi_Deva""]]"
L1,273882,anp_Deva,0.6782832145690918,0.3193054795265198,"[[0.6782832145690918, ""anp_Deva""], [0.3193054795265198, ""hin_Deva""], [0.0020963416900485754, ""new_Deva""], [0.0002975312527269125, ""mai_Deva""], [3.166407623211853e-05, ""bho_Deva""]]"
L1,273961,anp_Deva,0.9308978319168091,0.06765249371528625,"[[0.9308978319168091, ""anp_Deva""], [0.06765249371528625, ""hin_Deva""], [0.001217815326526761, ""new_Deva""], [0.0001183603671961464, ""mai_Deva""], [8.498503302689642e-05, ""awa_Deva""]]"
L1,274041,hin_Deva,0.8449758887290955,0.8449758887290955,"[[0.8449758887290955, ""hin_Deva""], [0.13341543078422546, ""new_Deva""], [0.01927875354886055, ""anp_Deva""], [0.0017813729355111718, ""awa_Deva""], [0.00020165886962786317, ""mai_Deva""]]"
L1,274440,anp_Deva,0.9784950613975525,0.005509149748831987,"[[0.9784950613975525, ""anp_Deva""], [0.007108709774911404, ""bho_Deva""], [0.005509149748831987, ""hin_Deva""], [0.005448204930871725, ""new_Deva""], [0.002552485093474388, ""awa_Deva""]]"
L1,274704,anp_Deva,0.8860741853713989,0.11343961954116821,"[[0.8860741853713989, ""anp_Deva""], [0.11343961954116821, ""hin_Deva""], [0.00031008507357910275, ""awa_Deva""], [0.00020017466158606112, ""new_Deva""], [1.74803444679128e-05, ""mai_Deva""]]"
L1,274814,anp_Deva,0.9998239874839783,0.0001949548168340698,"[[0.9998239874839783, ""anp_Deva""], [0.0001949548168340698, ""hin_Deva""], [1.0599373126751743e-05, ""awa_Deva""], [1.0148669389309362e-05, ""sck_Deva""], [1.0114570613950491e-05, ""mag_Deva""]]"
L1,274996,anp_Deva,0.9665709137916565,0.014319099485874176,"[[0.9665709137916565, ""anp_Deva""], [0.015536337159574032, ""new_Deva""], [0.014319099485874176, ""hin_Deva""], [0.0035077915526926517, ""awa_Deva""], [5.5433240049751475e-05, ""mag_Deva""]]"
L1,275097,hin_Deva,0.9797084331512451,0.9797084331512451,"[[0.9797084331512451, ""hin_Deva""], [0.007861637510359287, ""awa_Deva""], [0.005569071508944035, ""mai_Deva""], [0.005159897729754448, ""anp_Deva""], [0.0016573561588302255, ""new_Deva""]]"
L1,275199,anp_Deva,0.90645432472229,0.08331253379583359,"[[0.90645432472229, ""anp_Deva""], [0.08331253379583359, ""hin_Deva""], [0.009922642260789871, ""new_Deva""], [0.00032114426721818745, ""awa_Deva""], [2.849678639904596e-05, ""bho_Deva""]]"
L1,275242,anp_Deva,0.902015209197998,0.0956968143582344,"[[0.902015209197998, ""anp_Deva""], [0.0956968143582344, ""hin_Deva""], [0.0021883747540414333, ""awa_Deva""], [9.395732922712341e-05, ""mai_Deva""], [4.781443203683011e-05, ""new_Deva""]]"
L1,275406,hin_Deva,0.9245316982269287,0.9245316982269287,"[[0.9245316982269287, ""hin_Deva""], [0.07306742668151855, ""anp_Deva""], [0.002122892066836357, ""new_Deva""], [0.00021264633687678725, ""awa_Deva""], [9.112773113884032e-05, ""mai_Deva""]]"
L1,275613,hin_Deva,0.7243012189865112,0.7243012189865112,"[[0.7243012189865112, ""hin_Deva""], [0.26496225595474243, ""anp_Deva""], [0.00329580414108932, ""mag_Deva""], [0.002516123466193676, ""awa_Deva""], [0.0024098677095025778, ""new_Deva""]]"
L1,275669,anp_Deva,0.968450129032135,0.030990181490778923,"[[0.968450129032135, ""anp_Deva""], [0.030990181490778923, ""hin_Deva""], [0.00045111519284546375, ""mai_Deva""], [9.298197255702689e-05, ""awa_Deva""], [4.202925629215315e-05, ""new_Deva""]]"
L1,275711,anp_Deva,0.7661392688751221,0.23324190080165863,"[[0.7661392688751221, ""anp_Deva""], [0.23324190080165863, ""hin_Deva""], [0.000564318208489567, ""awa_Deva""], [4.5221422624308616e-05, ""bho_Deva""], [3.675465995911509e-05, ""new_Deva""]]"
L1,275727,anp_Deva,0.7087695598602295,0.28066137433052063,"[[0.7087695598602295, ""anp_Deva""], [0.28066137433052063, ""hin_Deva""], [0.009380102157592773, ""awa_Deva""], [0.0008280492620542645, ""new_Deva""], [0.0002776201581582427, ""mai_Deva""]]"
L1,275799,anp_Deva,0.9573224186897278,0.04257967323064804,"[[0.9573224186897278, ""anp_Deva""], [0.04257967323064804, ""hin_Deva""], [4.050708230352029e-05, ""mai_Deva""], [3.623462907853536e-05, ""new_Deva""], [3.424378883210011e-05, ""awa_Deva""]]"
L1,275883,anp_Deva,0.9743310809135437,0.025379056110978127,"[[0.9743310809135437, ""anp_Deva""], [0.025379056110978127, ""hin_Deva""], [0.000125555059639737, ""awa_Deva""], [9.568829409545287e-05, ""mai_Deva""], [6.596258754143491e-05, ""new_Deva""]]"
L1,276286,anp_Deva,0.7271913886070251,0.25055137276649475,"[[0.7271913886070251, ""anp_Deva""], [0.25055137276649475, ""hin_Deva""], [0.013107203878462315, ""new_Deva""], [0.004641534760594368, ""awa_Deva""], [0.0023584463633596897, ""bho_Deva""]]"
L1,276415,hin_Deva,0.8834400177001953,0.8834400177001953,"[[0.8834400177001953, ""hin_Deva""], [0.10984833538532257, ""anp_Deva""], [0.002973573748022318, ""bho_Deva""], [0.0016507790423929691, ""mag_Deva""], [0.0007463058573193848, ""mai_Deva""]]"
L1,276459,hin_Deva,0.979835569858551,0.979835569858551,"[[0.979835569858551, ""hin_Deva""], [0.010385455563664436, ""anp_Deva""], [0.005861012730747461, ""new_Deva""], [0.002996802795678377, ""awa_Deva""], [0.0007886609528213739, ""mup_Deva""]]"
L1,276472,anp_Deva,0.9900678992271423,0.008359241299331188,"[[0.9900678992271423, ""anp_Deva""], [0.008359241299331188, ""hin_Deva""], [0.001336459768936038, ""new_Deva""], [0.00021625679801218212, ""awa_Deva""], [4.319595609558746e-05, ""mai_Deva""]]"
L1,276641,anp_Deva,0.9892054796218872,0.010723507963120937,"[[0.9892054796218872, ""anp_Deva""], [0.010723507963120937, ""hin_Deva""], [8.229006925830618e-05, ""new_Deva""], [1.8960789020638913e-05, ""mup_Deva""], [1.488459383836016e-05, ""sck_Deva""]]"
L1,276678,anp_Deva,0.7679956555366516,0.2310488075017929,"[[0.7679956555366516, ""anp_Deva""], [0.2310488075017929, ""hin_Deva""], [0.0006200616480782628, ""mag_Deva""], [0.00016432929260190576, ""bho_Deva""], [0.00014653013204224408, ""new_Deva""]]"
L1,276679,hin_Deva,0.9104555249214172,0.9104555249214172,"[[0.9104555249214172, ""hin_Deva""], [0.08471690863370895, ""anp_Deva""], [0.0015613425057381392, ""new_Deva""], [0.0014124764129519463, ""mag_Deva""], [0.0011132986983284354, ""awa_Deva""]]"
L1,276760,anp_Deva,0.9997110962867737,0.00021207157988101244,"[[0.9997110962867737, ""anp_Deva""], [0.00021207157988101244, ""hin_Deva""], [5.8605426602298394e-05, ""awa_Deva""], [5.487574526341632e-05, ""new_Deva""], [1.2605926713149529e-05, ""mai_Deva""]]"
L1,277273,anp_Deva,0.9156351685523987,0.08291271328926086,"[[0.9156351685523987, ""anp_Deva""], [0.08291271328926086, ""hin_Deva""], [0.0010639671236276627, ""new_Deva""], [0.0003252156311646104, ""awa_Deva""], [9.246193803846836e-05, ""mai_Deva""]]"
L1,277558,hin_Deva,0.7048537135124207,0.7048537135124207,"[[0.7048537135124207, ""hin_Deva""], [0.1865624338388443, ""anp_Deva""], [0.10633377730846405, ""awa_Deva""], [0.0019518727203831077, ""new_Deva""], [0.00027376762591302395, ""doi_Deva""]]"
L1,277686,anp_Deva,0.986103892326355,0.007217698730528355,"[[0.986103892326355, ""anp_Deva""], [0.007217698730528355, ""hin_Deva""], [0.006599297747015953, ""new_Deva""], [7.887997344369069e-05, ""awa_Deva""], [2.6921048629446886e-05, ""mup_Deva""]]"
L1,277731,hin_Deva,0.9794276356697083,0.9794276356697083,"[[0.9794276356697083, ""hin_Deva""], [0.014400273561477661, ""anp_Deva""], [0.0023302293848246336, ""new_Deva""], [0.002048869850113988, ""mag_Deva""], [0.0010139034129679203, ""bho_Deva""]]"
L1,277849,hin_Deva,0.8675183057785034,0.8675183057785034,"[[0.8675183057785034, ""hin_Deva""], [0.08354202657938004, ""bho_Deva""], [0.012643866240978241, ""new_Deva""], [0.010784869082272053, ""awa_Deva""], [0.010420804843306541, ""mar_Deva""]]"
L1,278038,hin_Deva,0.6295472383499146,0.6295472383499146,"[[0.6295472383499146, ""hin_Deva""], [0.3247510492801666, ""anp_Deva""], [0.03082994557917118, ""bho_Deva""], [0.0075431279838085175, ""mai_Deva""], [0.005646899808198214, ""awa_Deva""]]"
L1,278070,hin_Deva,0.7968512177467346,0.7968512177467346,"[[0.7968512177467346, ""hin_Deva""], [0.18928250670433044, ""anp_Deva""], [0.0066561270505189896, ""new_Deva""], [0.0029605235904455185, ""mup_Deva""], [0.0020304617937654257, ""awa_Deva""]]"
L1,278146,anp_Deva,0.5543469190597534,0.4399298131465912,"[[0.5543469190597534, ""anp_Deva""], [0.4399298131465912, ""hin_Deva""], [0.0017069593304768205, ""mag_Deva""], [0.0016071952413767576, ""hne_Deva""], [0.0013596068602055311, ""bho_Deva""]]"
L1,278198,hin_Deva,0.7492492198944092,0.7492492198944092,"[[0.7492492198944092, ""hin_Deva""], [0.21752393245697021, ""anp_Deva""], [0.017151346430182457, ""mai_Deva""], [0.006444455124437809, ""new_Deva""], [0.005358492489904165, ""bho_Deva""]]"
L1,278308,anp_Deva,0.9966445565223694,0.0030922957230359316,"[[0.9966445565223694, ""anp_Deva""], [0.0030922957230359316, ""hin_Deva""], [0.00015837233513593674, ""new_Deva""], [0.00014437330537475646, ""awa_Deva""], [1.0180192475672811e-05, ""blk_Mymr""]]"
L1,278641,hin_Deva,0.769661009311676,0.769661009311676,"[[0.769661009311676, ""hin_Deva""], [0.2173428237438202, ""anp_Deva""], [0.009153135120868683, ""awa_Deva""], [0.003368820995092392, ""mai_Deva""], [0.00043957403977401555, ""new_Deva""]]"
L1,278664,hin_Deva,0.9870284199714661,0.9870284199714661,"[[0.9870284199714661, ""hin_Deva""], [0.00617343932390213, ""mai_Deva""], [0.002571406774222851, ""mar_Deva""], [0.002071472117677331, ""awa_Deva""], [0.0011251817923039198, ""bho_Deva""]]"
L1,278710,anp_Deva,0.5735551714897156,0.4227849841117859,"[[0.5735551714897156, ""anp_Deva""], [0.4227849841117859, ""hin_Deva""], [0.0017896578647196293, ""awa_Deva""], [0.0009316398063674569, ""mag_Deva""], [0.0005084541626274586, ""new_Deva""]]"
L1,278918,hin_Deva,0.9232783317565918,0.9232783317565918,"[[0.9232783317565918, ""hin_Deva""], [0.06919676810503006, ""anp_Deva""], [0.002738913055509329, ""mag_Deva""], [0.002383377868682146, ""bho_Deva""], [0.0016708392649888992, ""awa_Deva""]]"
L1,279123,hin_Deva,0.5904696583747864,0.5904696583747864,"[[0.5904696583747864, ""hin_Deva""], [0.4053616523742676, ""anp_Deva""], [0.0026853473391383886, ""new_Deva""], [0.0008867821888998151, ""awa_Deva""], [0.0002630252856761217, ""mai_Deva""]]"
L1,279778,anp_Deva,0.5252188444137573,0.4734308421611786,"[[0.5252188444137573, ""anp_Deva""], [0.4734308421611786, ""hin_Deva""], [0.0009421238210052252, ""awa_Deva""], [0.00018231118156109005, ""bho_Deva""], [0.0001229346526088193, ""new_Deva""]]"
L1,279798,hin_Deva,0.8614067435264587,0.8614067435264587,"[[0.8614067435264587, ""hin_Deva""], [0.12922129034996033, ""anp_Deva""], [0.004273592960089445, ""new_Deva""], [0.0037260635290294886, ""bho_Deva""], [0.0011586956679821014, ""awa_Deva""]]"
L1,280039,anp_Deva,0.9014350175857544,0.0978018119931221,"[[0.9014350175857544, ""anp_Deva""], [0.0978018119931221, ""hin_Deva""], [0.000494150270242244, ""awa_Deva""], [0.00029162931605242193, ""new_Deva""], [2.4782862965366803e-05, ""sck_Deva""]]"
L1,280194,hin_Deva,0.9658989310264587,0.9658989310264587,"[[0.9658989310264587, ""hin_Deva""], [0.029784319922327995, ""awa_Deva""], [0.001746540772728622, ""new_Deva""], [0.0009551803232170641, ""mai_Deva""], [0.0005533753428608179, ""brx_Deva""]]"
L1,280456,hin_Deva,0.6735395193099976,0.6735395193099976,"[[0.6735395193099976, ""hin_Deva""], [0.2193312793970108, ""anp_Deva""], [0.05365028977394104, ""mag_Deva""], [0.05268176272511482, ""awa_Deva""], [0.0006807054742239416, ""new_Deva""]]"
L1,280543,hin_Deva,0.7250714302062988,0.7250714302062988,"[[0.7250714302062988, ""hin_Deva""], [0.14952048659324646, ""anp_Deva""], [0.08770090341567993, ""awa_Deva""], [0.02187073975801468, ""new_Deva""], [0.010581123642623425, ""kas_Deva""]]"
L1,280852,anp_Deva,0.9844666123390198,0.015016344375908375,"[[0.9844666123390198, ""anp_Deva""], [0.015016344375908375, ""hin_Deva""], [0.0002780979557428509, ""new_Deva""], [0.00021388597087934613, ""awa_Deva""], [6.300097447820008e-05, ""mai_Deva""]]"
L1,281038,anp_Deva,0.8584174513816833,0.13633327186107635,"[[0.8584174513816833, ""anp_Deva""], [0.13633327186107635, ""hin_Deva""], [0.0036780540831387043, ""awa_Deva""], [0.0014298527967184782, ""new_Deva""], [0.00014192465459927917, ""mai_Deva""]]"
L1,281137,anp_Deva,0.5708101391792297,0.4276680052280426,"[[0.5708101391792297, ""anp_Deva""], [0.4276680052280426, ""hin_Deva""], [0.0007858953904360533, ""mai_Deva""], [0.00035649328492581844, ""awa_Deva""], [0.00023392972070723772, ""new_Deva""]]"
L1,281255,hin_Deva,0.9639827013015747,0.9639827013015747,"[[0.9639827013015747, ""hin_Deva""], [0.01961420103907585, ""awa_Deva""], [0.00531467329710722, ""mag_Deva""], [0.004572294652462006, ""anp_Deva""], [0.002422695979475975, ""bho_Deva""]]"
L1,281309,hin_Deva,0.8160368204116821,0.8160368204116821,"[[0.8160368204116821, ""hin_Deva""], [0.1773039847612381, ""anp_Deva""], [0.0031452008988708258, ""awa_Deva""], [0.0029832154978066683, ""new_Deva""], [0.00045309466077014804, ""mai_Deva""]]"
L1,281324,hin_Deva,0.7695645689964294,0.7695645689964294,"[[0.7695645689964294, ""hin_Deva""], [0.1836538314819336, ""anp_Deva""], [0.03576476871967316, ""new_Deva""], [0.00937759317457676, ""bho_Deva""], [0.0006712766480632126, ""mai_Deva""]]"
L1,281340,hin_Deva,0.9262075424194336,0.9262075424194336,"[[0.9262075424194336, ""hin_Deva""], [0.06887273490428925, ""anp_Deva""], [0.0024972965475171804, ""mai_Deva""], [0.0010226588929072022, ""mag_Deva""], [0.0007523026433773339, ""new_Deva""]]"
L1,281401,hin_Deva,0.652951180934906,0.652951180934906,"[[0.652951180934906, ""hin_Deva""], [0.33114561438560486, ""anp_Deva""], [0.005753329023718834, ""mai_Deva""], [0.005053301341831684, ""awa_Deva""], [0.00467339251190424, ""new_Deva""]]"
L1,281769,hin_Deva,0.9682311415672302,0.9682311415672302,"[[0.9682311415672302, ""hin_Deva""], [0.029694244265556335, ""anp_Deva""], [0.0010357927531003952, ""mag_Deva""], [0.0007384166237898171, ""awa_Deva""], [0.0001381987240165472, ""new_Deva""]]"
L1,282064,anp_Deva,0.9410330653190613,0.057823602110147476,"[[0.9410330653190613, ""anp_Deva""], [0.057823602110147476, ""hin_Deva""], [0.0008525518933311105, ""awa_Deva""], [0.00020865711849182844, ""new_Deva""], [6.616835889872164e-05, ""mup_Deva""]]"
L1,282289,hin_Deva,0.5843189358711243,0.5843189358711243,"[[0.5843189358711243, ""hin_Deva""], [0.3424745202064514, ""anp_Deva""], [0.03506823256611824, ""mai_Deva""], [0.03439178317785263, ""new_Deva""], [0.001959650544449687, ""awa_Deva""]]"
L1,282672,anp_Deva,0.9336219429969788,0.05618264898657799,"[[0.9336219429969788, ""anp_Deva""], [0.05618264898657799, ""hin_Deva""], [0.0074599739164114, ""mai_Deva""], [0.002323106862604618, ""new_Deva""], [0.00018849089974537492, ""npi_Deva""]]"
L1,282720,anp_Deva,0.599069356918335,0.3355996012687683,"[[0.599069356918335, ""anp_Deva""], [0.3355996012687683, ""hin_Deva""], [0.04691512882709503, ""mag_Deva""], [0.015663014724850655, ""awa_Deva""], [0.001007468206807971, ""new_Deva""]]"
L1,282774,anp_Deva,0.9350482821464539,0.060740094631910324,"[[0.9350482821464539, ""anp_Deva""], [0.060740094631910324, ""hin_Deva""], [0.00253091799095273, ""new_Deva""], [0.0016952076693996787, ""awa_Deva""], [2.677071279322263e-05, ""mai_Deva""]]"
L1,282946,anp_Deva,0.5751363635063171,0.2863607406616211,"[[0.5751363635063171, ""anp_Deva""], [0.2863607406616211, ""hin_Deva""], [0.12492113560438156, ""awa_Deva""], [0.008161360397934914, ""new_Deva""], [0.004398397170007229, ""mai_Deva""]]"
L1,283211,anp_Deva,0.9994055032730103,,"[[0.9994055032730103, ""anp_Deva""], [0.0003439126303419471, ""rjs_Deva""], [0.00020560857956297696, ""awa_Deva""], [4.152157998760231e-05, ""bho_Deva""], [2.4398035748163238e-05, ""npi_Deva""]]"
L1,283222,hin_Deva,0.511459469795227,0.511459469795227,"[[0.511459469795227, ""hin_Deva""], [0.45429909229278564, ""anp_Deva""], [0.027195151895284653, ""awa_Deva""], [0.005971816368401051, ""mai_Deva""], [0.00047432861174456775, ""bho_Deva""]]"
L1,283238,anp_Deva,0.5079541206359863,0.48075219988822937,"[[0.5079541206359863, ""anp_Deva""], [0.48075219988822937, ""hin_Deva""], [0.010836552828550339, ""awa_Deva""], [0.0002445896971039474, ""new_Deva""], [0.00019252978381700814, ""bho_Deva""]]"
L1,283397,hin_Deva,0.9478480219841003,0.9478480219841003,"[[0.9478480219841003, ""hin_Deva""], [0.049402084201574326, ""anp_Deva""], [0.0012003530282527208, ""awa_Deva""], [0.0010043212678283453, ""mai_Deva""], [0.0003986932570114732, ""new_Deva""]]"
L1,283630,hin_Deva,0.9745323061943054,0.9745323061943054,"[[0.9745323061943054, ""hin_Deva""], [0.02373713068664074, ""anp_Deva""], [0.0014382663648575544, ""awa_Deva""], [0.00019746783073060215, ""new_Deva""], [4.6911667595850304e-05, ""bho_Deva""]]"
L1,283762,hin_Deva,0.9911825060844421,0.9911825060844421,"[[0.9911825060844421, ""hin_Deva""], [0.006608092691749334, ""anp_Deva""], [0.0008201746386475861, ""mai_Deva""], [0.0007475655875168741, ""awa_Deva""], [0.0003083423071075231, ""new_Deva""]]"
L1,284233,hin_Deva,0.8609780669212341,0.8609780669212341,"[[0.8609780669212341, ""hin_Deva""], [0.1092735081911087, ""new_Deva""], [0.028290096670389175, ""anp_Deva""], [0.0010330709628760815, ""bho_Deva""], [0.0004445817321538925, ""mup_Deva""]]"
L1,284457,hin_Deva,0.8839466571807861,0.8839466571807861,"[[0.8839466571807861, ""hin_Deva""], [0.11272609233856201, ""anp_Deva""], [0.0030761361122131348, ""awa_Deva""], [0.00013508093252312392, ""mai_Deva""], [9.836807294050232e-05, ""bho_Deva""]]"
L1,284570,hin_Deva,0.9738901257514954,0.9738901257514954,"[[0.9738901257514954, ""hin_Deva""], [0.01853947527706623, ""anp_Deva""], [0.005408416036516428, ""bho_Deva""], [0.0017632809467613697, ""awa_Deva""], [0.00030193320708349347, ""mai_Deva""]]"
L1,284721,hin_Deva,0.9778096079826355,0.9778096079826355,"[[0.9778096079826355, ""hin_Deva""], [0.010856512002646923, ""sck_Deva""], [0.010706417262554169, ""new_Deva""], [0.00028837964055128396, ""anp_Deva""], [0.0002637514553498477, ""mup_Deva""]]"
L1,284929,hin_Deva,0.5455361008644104,0.5455361008644104,"[[0.5455361008644104, ""hin_Deva""], [0.2694624960422516, ""anp_Deva""], [0.18305650353431702, ""new_Deva""], [0.001046422403305769, ""bho_Deva""], [0.0004942711675539613, ""awa_Deva""]]"
L1,285845,hin_Deva,0.9712364673614502,0.9712364673614502,"[[0.9712364673614502, ""hin_Deva""], [0.024628153070807457, ""anp_Deva""], [0.0011927041923627257, ""new_Deva""], [0.0008024534326978028, ""bho_Deva""], [0.0007196978549472988, ""awa_Deva""]]"
L1,285951,anp_Deva,0.9941462278366089,0.0056115915067493916,"[[0.9941462278366089, ""anp_Deva""], [0.0056115915067493916, ""hin_Deva""], [0.0001712602679617703, ""new_Deva""], [0.00010188608575845137, ""awa_Deva""], [1.8845665181288496e-05, ""mai_Deva""]]"
L1,286105,anp_Deva,0.9039876461029053,0.07915748655796051,"[[0.9039876461029053, ""anp_Deva""], [0.07915748655796051, ""hin_Deva""], [0.005574355833232403, ""mar_Deva""], [0.0037155780009925365, ""mai_Deva""], [0.003144887275993824, ""new_Deva""]]"
L1,286357,anp_Deva,0.9986136555671692,0.0013811920071020722,"[[0.9986136555671692, ""anp_Deva""], [0.0013811920071020722, ""hin_Deva""], [2.6515457648201846e-05, ""awa_Deva""], [1.805183637770824e-05, ""new_Deva""], [1.0444821782584768e-05, ""mai_Deva""]]"
L1,286371,hin_Deva,0.8119008541107178,0.8119008541107178,"[[0.8119008541107178, ""hin_Deva""], [0.1805175244808197, ""anp_Deva""], [0.006262069568037987, ""awa_Deva""], [0.0007705132593400776, ""new_Deva""], [0.00023014818725641817, ""mag_Deva""]]"
L1,286764,hin_Deva,0.8965948224067688,0.8965948224067688,"[[0.8965948224067688, ""hin_Deva""], [0.07152384519577026, ""anp_Deva""], [0.017556730657815933, ""new_Deva""], [0.007922054268419743, ""awa_Deva""], [0.0017050517490133643, ""bho_Deva""]]"
L1,287047,anp_Deva,0.9913594722747803,0.00818635243922472,"[[0.9913594722747803, ""anp_Deva""], [0.00818635243922472, ""hin_Deva""], [0.00034078877069987357, ""new_Deva""], [7.325280603254214e-05, ""awa_Deva""], [4.088899731868878e-05, ""mai_Deva""]]"
L1,287161,anp_Deva,0.675639808177948,0.310067743062973,"[[0.675639808177948, ""anp_Deva""], [0.310067743062973, ""hin_Deva""], [0.00402409490197897, ""bho_Deva""], [0.003470537019893527, ""hne_Deva""], [0.002934879157692194, ""new_Deva""]]"
L1,287640,anp_Deva,0.9214640855789185,0.07754825055599213,"[[0.9214640855789185, ""anp_Deva""], [0.07754825055599213, ""hin_Deva""], [0.00044505175901576877, ""new_Deva""], [0.0004234500229358673, ""awa_Deva""], [7.260570419020951e-05, ""bho_Deva""]]"
L1,287782,anp_Deva,0.7971827983856201,0.2000734657049179,"[[0.7971827983856201, ""anp_Deva""], [0.2000734657049179, ""hin_Deva""], [0.0026971290353685617, ""awa_Deva""], [6.553888670168817e-05, ""new_Deva""], [2.3398917619488202e-05, ""mai_Deva""]]"
L1,287953,hin_Deva,0.9232146143913269,0.9232146143913269,"[[0.9232146143913269, ""hin_Deva""], [0.07617176324129105, ""anp_Deva""], [0.00036958049167878926, ""mai_Deva""], [0.00019785652693826705, ""awa_Deva""], [7.875985465943813e-05, ""new_Deva""]]"
L1,288614,anp_Deva,0.9657431244850159,0.026752442121505737,"[[0.9657431244850159, ""anp_Deva""], [0.026752442121505737, ""hin_Deva""], [0.005501096136868, ""awa_Deva""], [0.001447739778086543, ""mai_Deva""], [0.00048089982010424137, ""mag_Deva""]]"
L1,288693,anp_Deva,0.6318709850311279,0.3494609594345093,"[[0.6318709850311279, ""anp_Deva""], [0.3494609594345093, ""hin_Deva""], [0.017309729009866714, ""awa_Deva""], [0.000981904217042029, ""new_Deva""], [0.00027386346482671797, ""bho_Deva""]]"
L1,288901,anp_Deva,0.7639045715332031,0.2353634089231491,"[[0.7639045715332031, ""anp_Deva""], [0.2353634089231491, ""hin_Deva""], [0.0005241191247478127, ""mai_Deva""], [0.0001443391665816307, ""awa_Deva""], [0.00010095677862409502, ""new_Deva""]]"
L1,288963,hin_Deva,0.5728366374969482,0.5728366374969482,"[[0.5728366374969482, ""hin_Deva""], [0.4059717655181885, ""anp_Deva""], [0.015012414194643497, ""awa_Deva""], [0.002862761728465557, ""new_Deva""], [0.0013077437179163098, ""mag_Deva""]]"
L1,289043,anp_Deva,0.8063058853149414,0.19253399968147278,"[[0.8063058853149414, ""anp_Deva""], [0.19253399968147278, ""hin_Deva""], [0.0004642709973268211, ""mag_Deva""], [0.00039265642408281565, ""new_Deva""], [0.00021008656767662615, ""awa_Deva""]]"
L1,289490,anp_Deva,0.9974967241287231,0.002338175429031253,"[[0.9974967241287231, ""anp_Deva""], [0.002338175429031253, ""hin_Deva""], [7.460801862180233e-05, ""new_Deva""], [5.6768913054838777e-05, ""mag_Deva""], [5.3709962230641395e-05, ""awa_Deva""]]"
L1,289646,hin_Deva,0.7439287900924683,0.7439287900924683,"[[0.7439287900924683, ""hin_Deva""], [0.1775372177362442, ""anp_Deva""], [0.07381376624107361, ""awa_Deva""], [0.0037556670140475035, ""bho_Deva""], [0.0004867005627602339, ""new_Deva""]]"
L1,290305,hin_Deva,0.9119086265563965,0.9119086265563965,"[[0.9119086265563965, ""hin_Deva""], [0.08456052094697952, ""anp_Deva""], [0.00245715887285769, ""mag_Deva""], [0.0004479680210351944, ""new_Deva""], [0.0003918314178008586, ""mai_Deva""]]"
L1,290311,hin_Deva,0.8674427270889282,0.8674427270889282,"[[0.8674427270889282, ""hin_Deva""], [0.1295136660337448, ""anp_Deva""], [0.0014958756510168314, ""awa_Deva""], [0.0013352507958188653, ""mai_Deva""], [0.00017560874402988702, ""new_Deva""]]"
L1,290360,hin_Deva,0.7837416529655457,0.7837416529655457,"[[0.7837416529655457, ""hin_Deva""], [0.07855881750583649, ""npi_Deva""], [0.05567747727036476, ""hne_Deva""], [0.023185137659311295, ""mar_Deva""], [0.022523626685142517, ""mai_Deva""]]"
L1,290434,hin_Deva,0.8949849605560303,0.8949849605560303,"[[0.8949849605560303, ""hin_Deva""], [0.0805317685008049, ""new_Deva""], [0.013558040373027325, ""anp_Deva""], [0.01008681021630764, ""awa_Deva""], [0.0002508797333575785, ""doi_Deva""]]"
L1,290557,hin_Deva,0.9203558564186096,0.9203558564186096,"[[0.9203558564186096, ""hin_Deva""], [0.055200785398483276, ""anp_Deva""], [0.01545586995780468, ""new_Deva""], [0.008884502574801445, ""awa_Deva""], [7.109587750164792e-05, ""bho_Deva""]]"
L1,290695,anp_Deva,0.9467636942863464,0.05162299796938896,"[[0.9467636942863464, ""anp_Deva""], [0.05162299796938896, ""hin_Deva""], [0.0014271615073084831, ""awa_Deva""], [0.0001320807059528306, ""sck_Deva""], [3.306555299786851e-05, ""mai_Deva""]]"
L1,291136,anp_Deva,0.9012068510055542,0.09742210060358047,"[[0.9012068510055542, ""anp_Deva""], [0.09742210060358047, ""hin_Deva""], [0.0005983582232147455, ""mai_Deva""], [0.00033196661388501525, ""awa_Deva""], [0.0002558022679295391, ""mag_Deva""]]"
L1,291246,hin_Deva,0.9940341114997864,0.9940341114997864,"[[0.9940341114997864, ""hin_Deva""], [0.0017455233028158545, ""awa_Deva""], [0.0014963386347517371, ""mag_Deva""], [0.001226179301738739, ""bho_Deva""], [0.0008823546231724322, ""mai_Deva""]]"
L1,291356,anp_Deva,0.5094953179359436,0.4896969497203827,"[[0.5094953179359436, ""anp_Deva""], [0.4896969497203827, ""hin_Deva""], [0.0006319801905192435, ""new_Deva""], [0.000155566624016501, ""awa_Deva""], [5.166251503396779e-05, ""bho_Deva""]]"
L1,291456,hin_Deva,0.9920220971107483,0.9920220971107483,"[[0.9920220971107483, ""hin_Deva""], [0.0030701924115419388, ""anp_Deva""], [0.002137104282155633, ""mag_Deva""], [0.0007928088889457285, ""bho_Deva""], [0.0006736863870173693, ""awa_Deva""]]"
L1,291696,anp_Deva,0.9831626415252686,0.016636358574032784,"[[0.9831626415252686, ""anp_Deva""], [0.016636358574032784, ""hin_Deva""], [0.00011427939898567274, ""awa_Deva""], [9.15088239707984e-05, ""new_Deva""], [3.529894456733018e-05, ""mag_Deva""]]"
L1,291804,hin_Deva,0.8626419305801392,0.8626419305801392,"[[0.8626419305801392, ""hin_Deva""], [0.11691250652074814, ""anp_Deva""], [0.018242597579956055, ""new_Deva""], [0.0022028982639312744, ""awa_Deva""], [3.221213410142809e-05, ""mai_Deva""]]"
L1,291812,anp_Deva,0.6901112794876099,0.30939382314682007,"[[0.6901112794876099, ""anp_Deva""], [0.30939382314682007, ""hin_Deva""], [0.00034335567033849657, ""new_Deva""], [0.0001696598483249545, ""awa_Deva""], [2.2747673938283697e-05, ""mai_Deva""]]"
L1,291889,hin_Deva,0.5888596177101135,0.5888596177101135,"[[0.5888596177101135, ""hin_Deva""], [0.3987070918083191, ""anp_Deva""], [0.0046822368167340755, ""awa_Deva""], [0.004612697288393974, ""mai_Deva""], [0.001003087847493589, ""new_Deva""]]"
L1,292023,anp_Deva,0.9504728317260742,0.03008236549794674,"[[0.9504728317260742, ""anp_Deva""], [0.03008236549794674, ""hin_Deva""], [0.019449299201369286, ""new_Deva""], [2.6529825845500454e-05, ""awa_Deva""], [1.4074399587116204e-05, ""mai_Deva""]]"
L1,292223,anp_Deva,0.5820537209510803,0.4120352566242218,"[[0.5820537209510803, ""anp_Deva""], [0.4120352566242218, ""hin_Deva""], [0.002294932957738638, ""mai_Deva""], [0.0019997518975287676, ""new_Deva""], [0.001453688950277865, ""awa_Deva""]]"
L1,292414,new_Deva,0.38754716515541077,0.18204142153263092,"[[0.38754716515541077, ""new_Deva""], [0.19337789714336395, ""bho_Deva""], [0.18204142153263092, ""hin_Deva""], [0.12686681747436523, ""npi_Deva""], [0.054271236062049866, ""mag_Deva""]]"
L1,292428,anp_Deva,0.9405712485313416,0.0590609535574913,"[[0.9405712485313416, ""anp_Deva""], [0.0590609535574913, ""hin_Deva""], [0.00031487271189689636, ""awa_Deva""], [4.549211371340789e-05, ""new_Deva""], [3.23477725032717e-05, ""mag_Deva""]]"
L1,292816,hin_Deva,0.6858773827552795,0.6858773827552795,"[[0.6858773827552795, ""hin_Deva""], [0.31329551339149475, ""anp_Deva""], [0.0007522251689806581, ""awa_Deva""], [8.47076516947709e-05, ""new_Deva""], [3.154327714582905e-05, ""mai_Deva""]]"
L1,293361,anp_Deva,0.7864124178886414,0.2078191041946411,"[[0.7864124178886414, ""anp_Deva""], [0.2078191041946411, ""hin_Deva""], [0.004978388547897339, ""new_Deva""], [0.0003892559325322509, ""mai_Deva""], [0.00027498725103214383, ""awa_Deva""]]"
L1,293426,anp_Deva,0.8067235350608826,0.1645769476890564,"[[0.8067235350608826, ""anp_Deva""], [0.1645769476890564, ""hin_Deva""], [0.015420019626617432, ""bho_Deva""], [0.006834941916167736, ""new_Deva""], [0.006230643484741449, ""awa_Deva""]]"
L1,293435,hin_Deva,0.5031663179397583,0.5031663179397583,"[[0.5031663179397583, ""hin_Deva""], [0.2387838065624237, ""awa_Deva""], [0.16804072260856628, ""anp_Deva""], [0.06600067764520645, ""bho_Deva""], [0.02254268154501915, ""mai_Deva""]]"
L1,293482,hin_Deva,0.9377313256263733,0.9377313256263733,"[[0.9377313256263733, ""hin_Deva""], [0.058473218232393265, ""anp_Deva""], [0.001200895756483078, ""doi_Deva""], [0.0011277025332674384, ""bho_Deva""], [0.0004300041764508933, ""mai_Deva""]]"
L1,293505,anp_Deva,0.7350401878356934,0.2516344487667084,"[[0.7350401878356934, ""anp_Deva""], [0.2516344487667084, ""hin_Deva""], [0.009552240371704102, ""awa_Deva""], [0.0011318334145471454, ""bho_Deva""], [0.0010721124708652496, ""mai_Deva""]]"
L1,293515,hin_Deva,0.9719452857971191,0.9719452857971191,"[[0.9719452857971191, ""hin_Deva""], [0.014671009965240955, ""awa_Deva""], [0.0058166636154055595, ""new_Deva""], [0.004930819384753704, ""anp_Deva""], [0.0009815390221774578, ""bho_Deva""]]"
L1,293538,hin_Deva,0.5287328362464905,0.5287328362464905,"[[0.5287328362464905, ""hin_Deva""], [0.4272764325141907, ""anp_Deva""], [0.014506353065371513, ""npi_Deva""], [0.009078055620193481, ""mai_Deva""], [0.00831775926053524, ""new_Deva""]]"
L1,293805,hin_Deva,0.9496647715568542,0.9496647715568542,"[[0.9496647715568542, ""hin_Deva""], [0.04838443547487259, ""anp_Deva""], [0.0008387765847146511, ""new_Deva""], [0.0006415854441002011, ""mag_Deva""], [0.000363215891411528, ""awa_Deva""]]"
L1,294024,hin_Deva,0.8677201867103577,0.8677201867103577,"[[0.8677201867103577, ""hin_Deva""], [0.1153973639011383, ""bho_Deva""], [0.005810157395899296, ""mai_Deva""], [0.004446621052920818, ""mag_Deva""], [0.003399570006877184, ""anp_Deva""]]"
L1,294069,hin_Deva,0.5929043292999268,0.5929043292999268,"[[0.5929043292999268, ""hin_Deva""], [0.3752727210521698, ""anp_Deva""], [0.02306874468922615, ""new_Deva""], [0.007122512441128492, ""mai_Deva""], [0.0005524025182239711, ""mag_Deva""]]"
L1,294294,anp_Deva,0.9235485792160034,0.044592030346393585,"[[0.9235485792160034, ""anp_Deva""], [0.044592030346393585, ""hin_Deva""], [0.021569445729255676, ""new_Deva""], [0.007557979319244623, ""awa_Deva""], [0.0019404824124649167, ""mag_Deva""]]"
L1,294352,hin_Deva,0.9655338525772095,0.9655338525772095,"[[0.9655338525772095, ""hin_Deva""], [0.022132042795419693, ""anp_Deva""], [0.006300319917500019, ""mag_Deva""], [0.0022628812585026026, ""hne_Deva""], [0.0018187217647209764, ""new_Deva""]]"
L1,294654,hin_Deva,0.7462081909179688,0.7462081909179688,"[[0.7462081909179688, ""hin_Deva""], [0.24657712876796722, ""anp_Deva""], [0.004494019318372011, ""awa_Deva""], [0.0015825774753466249, ""new_Deva""], [0.00062785972841084, ""mai_Deva""]]"
L1,294747,hin_Deva,0.9667195081710815,0.9667195081710815,"[[0.9667195081710815, ""hin_Deva""], [0.029031824320554733, ""anp_Deva""], [0.001188146648928523, ""awa_Deva""], [0.0011475665960460901, ""mai_Deva""], [0.0006627078983001411, ""new_Deva""]]"
L1,295315,hin_Deva,0.9892463088035583,0.9892463088035583,"[[0.9892463088035583, ""hin_Deva""], [0.008118579164147377, ""anp_Deva""], [0.001233948627486825, ""awa_Deva""], [0.0005670971586368978, ""mag_Deva""], [0.00039638555608689785, ""mai_Deva""]]"
L1,295316,anp_Deva,0.8489817380905151,0.14965133368968964,"[[0.8489817380905151, ""anp_Deva""], [0.14965133368968964, ""hin_Deva""], [0.000494691077619791, ""new_Deva""], [0.00030702303047291934, ""mai_Deva""], [0.00022650251048617065, ""awa_Deva""]]"
L1,295918,hin_Deva,0.9382862448692322,0.9382862448692322,"[[0.9382862448692322, ""hin_Deva""], [0.05653202906250954, ""anp_Deva""], [0.002939868252724409, ""mag_Deva""], [0.001336254645138979, ""awa_Deva""], [0.0006334506906569004, ""mai_Deva""]]"
L1,296414,hin_Deva,0.5639140009880066,0.5639140009880066,"[[0.5639140009880066, ""hin_Deva""], [0.42737704515457153, ""anp_Deva""], [0.004336814396083355, ""awa_Deva""], [0.002413165522739291, ""mai_Deva""], [0.0012351942714303732, ""new_Deva""]]"
L1,296502,hin_Deva,0.7584474086761475,0.7584474086761475,"[[0.7584474086761475, ""hin_Deva""], [0.23771615326404572, ""anp_Deva""], [0.002142209792509675, ""awa_Deva""], [0.0007647015736438334, ""new_Deva""], [0.00038728953222744167, ""mai_Deva""]]"
L1,296583,anp_Deva,0.9715644717216492,0.02064352296292782,"[[0.9715644717216492, ""anp_Deva""], [0.02064352296292782, ""hin_Deva""], [0.003017202252522111, ""mag_Deva""], [0.002689792774617672, ""awa_Deva""], [0.0006839372217655182, ""mai_Deva""]]"
L1,296677,anp_Deva,0.9955159425735474,0.0033279587514698505,"[[0.9955159425735474, ""anp_Deva""], [0.0033279587514698505, ""hin_Deva""], [0.0006239666836336255, ""sck_Deva""], [0.00018750874733086675, ""rjs_Deva""], [0.00013248527830000967, ""bho_Deva""]]"
L1,297064,hin_Deva,0.6978488564491272,0.6978488564491272,"[[0.6978488564491272, ""hin_Deva""], [0.29345703125, ""anp_Deva""], [0.002652054186910391, ""bho_Deva""], [0.002133091911673546, ""new_Deva""], [0.001773650641553104, ""awa_Deva""]]"
L1,297071,anp_Deva,0.999083399772644,0.0009090673993341625,"[[0.999083399772644, ""anp_Deva""], [0.0009090673993341625, ""hin_Deva""], [3.7363915907917544e-05, ""awa_Deva""], [1.0093101991515141e-05, ""new_Deva""], [1.0025326446339022e-05, ""mai_Deva""]]"
L1,297250,hin_Deva,0.900019645690918,0.900019645690918,"[[0.900019645690918, ""hin_Deva""], [0.04281577840447426, ""mai_Deva""], [0.03545346483588219, ""npi_Deva""], [0.012237180024385452, ""san_Deva""], [0.002902274951338768, ""mar_Deva""]]"
L1,297505,anp_Deva,0.9699373841285706,0.027556542307138443,"[[0.9699373841285706, ""anp_Deva""], [0.027556542307138443, ""hin_Deva""], [0.0017340285703539848, ""awa_Deva""], [0.0008116663084365427, ""new_Deva""], [1.0178066077060066e-05, ""bho_Deva""]]"
L1,297586,hin_Deva,0.906114935874939,0.906114935874939,"[[0.906114935874939, ""hin_Deva""], [0.07892102748155594, ""anp_Deva""], [0.007738100830465555, ""new_Deva""], [0.005397484637796879, ""awa_Deva""], [0.0007049760897643864, ""mag_Deva""]]"
L1,297625,anp_Deva,0.9786620736122131,0.02131938934326172,"[[0.9786620736122131, ""anp_Deva""], [0.02131938934326172, ""hin_Deva""], [4.068296402692795e-05, ""awa_Deva""], [1.3496805877366569e-05, ""new_Deva""], [1.3052766007604077e-05, ""bho_Deva""]]"
L1,297652,anp_Deva,0.9979873299598694,0.0019515851745381951,"[[0.9979873299598694, ""anp_Deva""], [0.0019515851745381951, ""hin_Deva""], [8.116353274090216e-05, ""awa_Deva""], [1.6196274373214692e-05, ""new_Deva""], [1.0985735571011901e-05, ""bho_Deva""]]"
L1,297842,anp_Deva,0.7533565163612366,0.2249939888715744,"[[0.7533565163612366, ""anp_Deva""], [0.2249939888715744, ""hin_Deva""], [0.009778229519724846, ""mag_Deva""], [0.005055014975368977, ""awa_Deva""], [0.0037157125771045685, ""bho_Deva""]]"
L1,297854,anp_Deva,0.9371634125709534,0.058819182217121124,"[[0.9371634125709534, ""anp_Deva""], [0.058819182217121124, ""hin_Deva""], [0.0013951846631243825, ""mag_Deva""], [0.0010495807509869337, ""awa_Deva""], [0.0009015320101752877, ""mai_Deva""]]"
L1,298034,anp_Deva,0.9952431321144104,0.004199698567390442,"[[0.9952431321144104, ""anp_Deva""], [0.004199698567390442, ""hin_Deva""], [0.0005136742838658392, ""awa_Deva""], [3.9257967728190124e-05, ""new_Deva""], [3.462148379185237e-05, ""mag_Deva""]]"
L1,298136,hin_Deva,0.9511591792106628,0.9511591792106628,"[[0.9511591792106628, ""hin_Deva""], [0.03418854996562004, ""awa_Deva""], [0.008161819539964199, ""anp_Deva""], [0.005363766569644213, ""sck_Deva""], [0.000899904640391469, ""new_Deva""]]"
L1,298289,anp_Deva,0.8201603293418884,0.17691843211650848,"[[0.8201603293418884, ""anp_Deva""], [0.17691843211650848, ""hin_Deva""], [0.0014838476199656725, ""awa_Deva""], [0.0005247595836408436, ""mag_Deva""], [0.00032688200008124113, ""new_Deva""]]"
L1,298358,anp_Deva,0.9800404906272888,0.017449449747800827,"[[0.9800404906272888, ""anp_Deva""], [0.017449449747800827, ""hin_Deva""], [0.0022348365746438503, ""awa_Deva""], [0.00022919058392290026, ""new_Deva""], [5.0979469961021096e-05, ""mup_Deva""]]"
L1,298557,hin_Deva,0.691577672958374,0.691577672958374,"[[0.691577672958374, ""hin_Deva""], [0.3036274313926697, ""anp_Deva""], [0.0035763115156441927, ""new_Deva""], [0.0010726683540269732, ""awa_Deva""], [0.0001327592326560989, ""mai_Deva""]]"
L1,298677,hin_Deva,0.5072187781333923,0.5072187781333923,"[[0.5072187781333923, ""hin_Deva""], [0.411916583776474, ""awa_Deva""], [0.0787007138133049, ""anp_Deva""], [0.0011912701884284616, ""new_Deva""], [0.0007615274516865611, ""mai_Deva""]]"
L1,299065,anp_Deva,0.9989153146743774,0.0007213074713945389,"[[0.9989153146743774, ""anp_Deva""], [0.0007213074713945389, ""hin_Deva""], [0.00034066318767145276, ""awa_Deva""], [3.0969247745815665e-05, ""new_Deva""], [1.9094817616860382e-05, ""mar_Deva""]]"
L1,299077,anp_Deva,0.9503130316734314,0.04803213104605675,"[[0.9503130316734314, ""anp_Deva""], [0.04803213104605675, ""hin_Deva""], [0.00167440518271178, ""awa_Deva""], [1.9101045836578123e-05, ""new_Deva""], [1.031709325616248e-05, ""bho_Deva""]]"
L1,299135,hin_Deva,0.6060016751289368,0.6060016751289368,"[[0.6060016751289368, ""hin_Deva""], [0.38611236214637756, ""anp_Deva""], [0.004324851557612419, ""awa_Deva""], [0.0023939236998558044, ""new_Deva""], [0.0009620909113436937, ""mai_Deva""]]"
L1,299560,hin_Deva,0.8778432607650757,0.8778432607650757,"[[0.8778432607650757, ""hin_Deva""], [0.08090642839670181, ""awa_Deva""], [0.03814537450671196, ""new_Deva""], [0.0021231279242783785, ""anp_Deva""], [0.0005193542456254363, ""mai_Deva""]]"
L1,299668,hin_Deva,0.8202359080314636,0.8202359080314636,"[[0.8202359080314636, ""hin_Deva""], [0.16772165894508362, ""anp_Deva""], [0.008683026768267155, ""awa_Deva""], [0.0022972519509494305, ""new_Deva""], [0.0005719408509321511, ""mai_Deva""]]"
L1,299685,anp_Deva,0.7649321556091309,0.2324027419090271,"[[0.7649321556091309, ""anp_Deva""], [0.2324027419090271, ""hin_Deva""], [0.0012433164520189166, ""mai_Deva""], [0.0009496008278802037, ""awa_Deva""], [0.0001882313226815313, ""mag_Deva""]]"
L1,299748,hin_Deva,0.9686263799667358,0.9686263799667358,"[[0.9686263799667358, ""hin_Deva""], [0.021752983331680298, ""anp_Deva""], [0.004052551928907633, ""awa_Deva""], [0.002796352608129382, ""bho_Deva""], [0.0012914404505863786, ""mai_Deva""]]"
L1,299845,anp_Deva,0.9836627244949341,0.016261737793684006,"[[0.9836627244949341, ""anp_Deva""], [0.016261737793684006, ""hin_Deva""], [0.00010062487126560882, ""awa_Deva""], [1.321014224231476e-05, ""new_Deva""], [1.1619239558058325e-05, ""doi_Deva""]]"
L1,299888,anp_Deva,0.7288374304771423,0.2526862323284149,"[[0.7288374304771423, ""anp_Deva""], [0.2526862323284149, ""hin_Deva""], [0.010671981610357761, ""mai_Deva""], [0.0074117137119174, ""awa_Deva""], [0.00034202521783299744, ""mup_Deva""]]"
L1,299922,anp_Deva,0.7373928427696228,0.16244879364967346,"[[0.7373928427696228, ""anp_Deva""], [0.16244879364967346, ""hin_Deva""], [0.08363206684589386, ""awa_Deva""], [0.013526025228202343, ""mai_Deva""], [0.001963607035577297, ""bho_Deva""]]"
L5,6,hin_Deva,0.7231217622756958,0.7231217622756958,"[[0.7231217622756958, ""hin_Deva""], [0.2731093466281891, ""anp_Deva""], [0.001625619363039732, ""mai_Deva""], [0.0009489929070696235, ""awa_Deva""], [0.0007103149546310306, ""new_Deva""]]"
L5,16,anp_Deva,0.820285975933075,0.1773773431777954,"[[0.820285975933075, ""anp_Deva""], [0.1773773431777954, ""hin_Deva""], [0.001681366702541709, ""awa_Deva""], [0.000667251122649759, ""new_Deva""], [2.8964488592464477e-05, ""mai_Deva""]]"
L5,17,hin_Deva,0.6444262862205505,0.6444262862205505,"[[0.6444262862205505, ""hin_Deva""], [0.3389018177986145, ""anp_Deva""], [0.01518129464238882, ""awa_Deva""], [0.0007368609076365829, ""mai_Deva""], [0.0005283041973598301, ""new_Deva""]]"
L5,20,hin_Deva,0.593691885471344,0.593691885471344,"[[0.593691885471344, ""hin_Deva""], [0.40133005380630493, ""anp_Deva""], [0.004041002597659826, ""awa_Deva""], [0.0007157617365010083, ""new_Deva""], [0.0001617798989173025, ""mai_Deva""]]"
L5,28,anp_Deva,0.6917867660522461,0.303769052028656,"[[0.6917867660522461, ""anp_Deva""], [0.303769052028656, ""hin_Deva""], [0.001865947968326509, ""new_Deva""], [0.0011256835423409939, ""awa_Deva""], [0.0008243153570219874, ""mai_Deva""]]"
L5,29,hin_Deva,0.8890343904495239,0.8890343904495239,"[[0.8890343904495239, ""hin_Deva""], [0.10359573364257812, ""anp_Deva""], [0.002964647253975272, ""new_Deva""], [0.0021531551610678434, ""awa_Deva""], [0.0012831579660996795, ""mai_Deva""]]"
L5,37,hin_Deva,0.8715782165527344,0.8715782165527344,"[[0.8715782165527344, ""hin_Deva""], [0.12444455921649933, ""anp_Deva""], [0.001906671328470111, ""new_Deva""], [0.001096156658604741, ""awa_Deva""], [0.0006927490467205644, ""mai_Deva""]]"
L5,59,hin_Deva,0.9462230205535889,0.9462230205535889,"[[0.9462230205535889, ""hin_Deva""], [0.050251659005880356, ""anp_Deva""], [0.0030051942449063063, ""awa_Deva""], [0.00016793546092230827, ""new_Deva""], [0.00014000548981130123, ""mai_Deva""]]"
L5,65,hin_Deva,0.8658050298690796,0.8658050298690796,"[[0.8658050298690796, ""hin_Deva""], [0.11170390993356705, ""anp_Deva""], [0.01653621532022953, ""awa_Deva""], [0.0021943736355751753, ""mai_Deva""], [0.002000773325562477, ""new_Deva""]]"
L5,98,anp_Deva,0.6228154301643372,0.3688657879829407,"[[0.6228154301643372, ""anp_Deva""], [0.3688657879829407, ""hin_Deva""], [0.005834578070789576, ""new_Deva""], [0.002283449750393629, ""awa_Deva""], [0.00016975306789390743, ""mai_Deva""]]"
L5,122,anp_Deva,0.7472936511039734,0.24803748726844788,"[[0.7472936511039734, ""anp_Deva""], [0.24803748726844788, ""hin_Deva""], [0.002766866236925125, ""awa_Deva""], [0.001498429337516427, ""new_Deva""], [0.00017884481349028647, ""mai_Deva""]]"
L5,129,anp_Deva,0.9281195998191833,0.05555766075849533,"[[0.9281195998191833, ""anp_Deva""], [0.05555766075849533, ""hin_Deva""], [0.01590774394571781, ""awa_Deva""], [0.0002007742295973003, ""new_Deva""], [0.00014377864135894924, ""mai_Deva""]]"
L5,137,hin_Deva,0.5345417261123657,0.5345417261123657,"[[0.5345417261123657, ""hin_Deva""], [0.4550738036632538, ""anp_Deva""], [0.004741495009511709, ""awa_Deva""], [0.002859473926946521, ""new_Deva""], [0.0018690887372940779, ""mai_Deva""]]"
L5,152,hin_Deva,0.9412543773651123,0.9412543773651123,"[[0.9412543773651123, ""hin_Deva""], [0.05564383789896965, ""anp_Deva""], [0.0009577443706803024, ""new_Deva""], [0.0008468459127470851, ""awa_Deva""], [0.0006271114107221365, ""mai_Deva""]]"
L5,153,anp_Deva,0.6445986032485962,0.35345393419265747,"[[0.6445986032485962, ""anp_Deva""], [0.35345393419265747, ""hin_Deva""], [0.0010395983699709177, ""new_Deva""], [0.0006209738785400987, ""awa_Deva""], [0.00020396124455146492, ""mai_Deva""]]"
L5,164,anp_Deva,0.8095219731330872,0.1893952637910843,"[[0.8095219731330872, ""anp_Deva""], [0.1893952637910843, ""hin_Deva""], [0.000696089118719101, ""awa_Deva""], [0.00037805683678016067, ""new_Deva""], [3.1748408218845725e-05, ""mai_Deva""]]"
L5,179,anp_Deva,0.5317056179046631,0.4662652015686035,"[[0.5317056179046631, ""anp_Deva""], [0.4662652015686035, ""hin_Deva""], [0.0008671465911902487, ""new_Deva""], [0.0008013636688701808, ""awa_Deva""], [0.0001886345853563398, ""mai_Deva""]]"
L5,185,anp_Deva,0.9985363483428955,0.0014154220698401332,"[[0.9985363483428955, ""anp_Deva""], [0.0014154220698401332, ""hin_Deva""], [7.021975034149364e-05, ""awa_Deva""], [1.6718704500817694e-05, ""new_Deva""], [1.0456233212607913e-05, ""mai_Deva""]]"
L5,194,hin_Deva,0.6968850493431091,0.6968850493431091,"[[0.6968850493431091, ""hin_Deva""], [0.2944967746734619, ""anp_Deva""], [0.0070069641806185246, ""awa_Deva""], [0.000544671609532088, ""new_Deva""], [0.0004934521275572479, ""mai_Deva""]]"
L5,198,hin_Deva,0.9183937311172485,0.9183937311172485,"[[0.9183937311172485, ""hin_Deva""], [0.039946503937244415, ""anp_Deva""], [0.034284960478544235, ""awa_Deva""], [0.00393522996455431, ""new_Deva""], [0.002322479849681258, ""mai_Deva""]]"
L5,203,hin_Deva,0.7186912298202515,0.7186912298202515,"[[0.7186912298202515, ""hin_Deva""], [0.27685755491256714, ""anp_Deva""], [0.001600882736966014, ""awa_Deva""], [0.0011566944885998964, ""bho_Deva""], [0.000949813227634877, ""new_Deva""]]"
L5,204,anp_Deva,0.9763429760932922,0.023152165114879608,"[[0.9763429760932922, ""anp_Deva""], [0.023152165114879608, ""hin_Deva""], [0.0002882432600017637, ""awa_Deva""], [0.00023520704417023808, ""new_Deva""], [2.3914637495181523e-05, ""mai_Deva""]]"
L5,205,anp_Deva,0.5284168124198914,0.46443140506744385,"[[0.5284168124198914, ""anp_Deva""], [0.46443140506744385, ""hin_Deva""], [0.0027107354253530502, ""awa_Deva""], [0.0013829463860020041, ""mai_Deva""], [0.0010012279963120818, ""bho_Deva""]]"
L5,218,anp_Deva,0.918532133102417,0.07999829947948456,"[[0.918532133102417, ""anp_Deva""], [0.07999829947948456, ""hin_Deva""], [0.0012608537217602134, ""awa_Deva""], [0.00012947613140568137, ""mag_Deva""], [7.037213072180748e-05, ""new_Deva""]]"
L5,219,anp_Deva,0.9961411952972412,0.003492621937766671,"[[0.9961411952972412, ""anp_Deva""], [0.003492621937766671, ""hin_Deva""], [0.00035413773730397224, ""awa_Deva""], [4.4406137021724135e-05, ""new_Deva""], [1.6082361980807036e-05, ""mai_Deva""]]"
L5,227,anp_Deva,0.5723470449447632,0.42455020546913147,"[[0.5723470449447632, ""anp_Deva""], [0.42455020546913147, ""hin_Deva""], [0.0015857138205319643, ""awa_Deva""], [0.0012167601380497217, ""new_Deva""], [0.00025100275524891913, ""mai_Deva""]]"
L5,232,hin_Deva,0.666319727897644,0.666319727897644,"[[0.666319727897644, ""hin_Deva""], [0.32422786951065063, ""anp_Deva""], [0.007458387408405542, ""awa_Deva""], [0.0018535911804065108, ""new_Deva""], [9.453607344767079e-05, ""bho_Deva""]]"
L5,239,hin_Deva,0.8983606696128845,0.8983606696128845,"[[0.8983606696128845, ""hin_Deva""], [0.08798671513795853, ""anp_Deva""], [0.004416894167661667, ""mai_Deva""], [0.002753508510068059, ""awa_Deva""], [0.0024448370095342398, ""bho_Deva""]]"
L5,243,hin_Deva,0.6965887546539307,0.6965887546539307,"[[0.6965887546539307, ""hin_Deva""], [0.30117690563201904, ""anp_Deva""], [0.0008980793645605445, ""new_Deva""], [0.00038736857823096216, ""awa_Deva""], [0.000358599703758955, ""mai_Deva""]]"
L5,261,anp_Deva,0.6178199648857117,0.3752971589565277,"[[0.6178199648857117, ""anp_Deva""], [0.3752971589565277, ""hin_Deva""], [0.0035503115504980087, ""awa_Deva""], [0.002407967811450362, ""new_Deva""], [0.00045588662032969296, ""mai_Deva""]]"
L5,276,hin_Deva,0.8595901131629944,0.8595901131629944,"[[0.8595901131629944, ""hin_Deva""], [0.13708385825157166, ""anp_Deva""], [0.0015931343659758568, ""new_Deva""], [0.0008034930215217173, ""mai_Deva""], [0.0006993262213654816, ""awa_Deva""]]"
L5,280,anp_Deva,0.62216717004776,0.37179484963417053,"[[0.62216717004776, ""anp_Deva""], [0.37179484963417053, ""hin_Deva""], [0.001993512036278844, ""awa_Deva""], [0.0015428006881847978, ""mag_Deva""], [0.001235582516528666, ""new_Deva""]]"
L5,291,hin_Deva,0.7033050656318665,0.7033050656318665,"[[0.7033050656318665, ""hin_Deva""], [0.2890361547470093, ""anp_Deva""], [0.0026141332928091288, ""awa_Deva""], [0.001984337344765663, ""new_Deva""], [0.0011725652730092406, ""mai_Deva""]]"
L5,316,anp_Deva,0.9591246247291565,0.03881733864545822,"[[0.9591246247291565, ""anp_Deva""], [0.03881733864545822, ""hin_Deva""], [0.0013348835054785013, ""new_Deva""], [0.0006116107106208801, ""awa_Deva""], [0.00010197921801591292, ""mai_Deva""]]"
L5,324,hin_Deva,0.6225661635398865,0.6225661635398865,"[[0.6225661635398865, ""hin_Deva""], [0.36619433760643005, ""anp_Deva""], [0.005230660550296307, ""mai_Deva""], [0.0019132085144519806, ""new_Deva""], [0.0018354062922298908, ""awa_Deva""]]"
L5,326,hin_Deva,0.9903172254562378,0.9903172254562378,"[[0.9903172254562378, ""hin_Deva""], [0.006228065118193626, ""anp_Deva""], [0.0027809941675513983, ""new_Deva""], [0.0003356743254698813, ""awa_Deva""], [0.00020280852913856506, ""mai_Deva""]]"
L5,328,hin_Deva,0.8964313864707947,0.8964313864707947,"[[0.8964313864707947, ""hin_Deva""], [0.09726138412952423, ""anp_Deva""], [0.005525790620595217, ""awa_Deva""], [0.0005514976801350713, ""new_Deva""], [0.00011654080299194902, ""mag_Deva""]]"
L5,332,hin_Deva,0.836154580116272,0.836154580116272,"[[0.836154580116272, ""hin_Deva""], [0.15919305384159088, ""anp_Deva""], [0.0014935806393623352, ""awa_Deva""], [0.0010258848778903484, ""mai_Deva""], [0.0007799973827786744, ""mag_Deva""]]"
L5,335,anp_Deva,0.535805344581604,0.44636473059654236,"[[0.535805344581604, ""anp_Deva""], [0.44636473059654236, ""hin_Deva""], [0.01286319736391306, ""awa_Deva""], [0.001897684414871037, ""mai_Deva""], [0.0014337499160319567, ""new_Deva""]]"
L5,378,hin_Deva,0.6951844692230225,0.6951844692230225,"[[0.6951844692230225, ""hin_Deva""], [0.2962968349456787, ""anp_Deva""], [0.005863100755959749, ""new_Deva""], [0.001174474018625915, ""awa_Deva""], [0.0005304801743477583, ""mai_Deva""]]"
L5,399,anp_Deva,0.6630464792251587,0.3145028054714203,"[[0.6630464792251587, ""anp_Deva""], [0.3145028054714203, ""hin_Deva""], [0.01091100461781025, ""awa_Deva""], [0.005308063235133886, ""mai_Deva""], [0.003251804504543543, ""mag_Deva""]]"
L5,405,hin_Deva,0.798464834690094,0.798464834690094,"[[0.798464834690094, ""hin_Deva""], [0.19190214574337006, ""anp_Deva""], [0.004188469145447016, ""new_Deva""], [0.003467070171609521, ""awa_Deva""], [0.001108387834392488, ""bho_Deva""]]"
L5,407,hin_Deva,0.8741660714149475,0.8741660714149475,"[[0.8741660714149475, ""hin_Deva""], [0.12046308815479279, ""anp_Deva""], [0.002230257960036397, ""mag_Deva""], [0.0012773566413670778, ""awa_Deva""], [0.0012260536896064878, ""new_Deva""]]"
L5,421,hin_Deva,0.916797399520874,0.916797399520874,"[[0.916797399520874, ""hin_Deva""], [0.06980270892381668, ""anp_Deva""], [0.00926912296563387, ""awa_Deva""], [0.002226305427029729, ""mai_Deva""], [0.0009954473935067654, ""new_Deva""]]"
L5,422,hin_Deva,0.9122138023376465,0.9122138023376465,"[[0.9122138023376465, ""hin_Deva""], [0.0778493881225586, ""anp_Deva""], [0.00395773071795702, ""awa_Deva""], [0.0022841717582195997, ""new_Deva""], [0.002008984563872218, ""mai_Deva""]]"
L5,426,hin_Deva,0.8605802655220032,0.8605802655220032,"[[0.8605802655220032, ""hin_Deva""], [0.1356310397386551, ""anp_Deva""], [0.0017238626023754478, ""awa_Deva""], [0.0009414915111847222, ""new_Deva""], [0.0005458223749883473, ""mai_Deva""]]"
L5,427,hin_Deva,0.9530980587005615,0.9530980587005615,"[[0.9530980587005615, ""hin_Deva""], [0.04150579497218132, ""anp_Deva""], [0.002056590747088194, ""mai_Deva""], [0.00178294419310987, ""awa_Deva""], [0.0010315007530152798, ""bho_Deva""]]"
L5,429,hin_Deva,0.5718417167663574,0.5718417167663574,"[[0.5718417167663574, ""hin_Deva""], [0.4265386462211609, ""anp_Deva""], [0.0008900882676243782, ""awa_Deva""], [0.0006215571775101125, ""new_Deva""], [6.344860594253987e-05, ""mai_Deva""]]"
L5,439,hin_Deva,0.5745207071304321,0.5745207071304321,"[[0.5745207071304321, ""hin_Deva""], [0.4160264730453491, ""anp_Deva""], [0.0076818158850073814, ""awa_Deva""], [0.0005596092669293284, ""mai_Deva""], [0.0003593636502046138, ""mag_Deva""]]"
L5,441,hin_Deva,0.7527220249176025,0.7527220249176025,"[[0.7527220249176025, ""hin_Deva""], [0.24140843749046326, ""anp_Deva""], [0.004004921764135361, ""awa_Deva""], [0.0007716272957623005, ""mai_Deva""], [0.0003543894272297621, ""new_Deva""]]"
L5,455,hin_Deva,0.979962944984436,0.979962944984436,"[[0.979962944984436, ""hin_Deva""], [0.015090400353074074, ""anp_Deva""], [0.002262369729578495, ""awa_Deva""], [0.0021351801697164774, ""new_Deva""], [0.00032238304265774786, ""bho_Deva""]]"
L5,457,anp_Deva,0.6316733360290527,0.3634307086467743,"[[0.6316733360290527, ""anp_Deva""], [0.3634307086467743, ""hin_Deva""], [0.001927868346683681, ""mai_Deva""], [0.0015169637044891715, ""awa_Deva""], [0.0011986828176304698, ""new_Deva""]]"
L5,463,hin_Deva,0.7631245851516724,0.7631245851516724,"[[0.7631245851516724, ""hin_Deva""], [0.2328898012638092, ""anp_Deva""], [0.0017885573906823993, ""new_Deva""], [0.0010167143773287535, ""awa_Deva""], [0.0006087393267080188, ""mai_Deva""]]"
L5,470,anp_Deva,0.675147294998169,0.3209022879600525,"[[0.675147294998169, ""anp_Deva""], [0.3209022879600525, ""hin_Deva""], [0.0020159233827143908, ""awa_Deva""], [0.0016524794045835733, ""new_Deva""], [0.0002694212307687849, ""mai_Deva""]]"
L5,482,anp_Deva,0.6156415343284607,0.3790603280067444,"[[0.6156415343284607, ""anp_Deva""], [0.3790603280067444, ""hin_Deva""], [0.004256663843989372, ""awa_Deva""], [0.000584124238230288, ""new_Deva""], [0.00029120853287167847, ""mag_Deva""]]"
L5,486,hin_Deva,0.9020717740058899,0.9020717740058899,"[[0.9020717740058899, ""hin_Deva""], [0.09044628590345383, ""anp_Deva""], [0.0031643672846257687, ""awa_Deva""], [0.00266740913502872, ""mai_Deva""], [0.0009256998309865594, ""new_Deva""]]"
L5,493,anp_Deva,0.9662193059921265,0.033341143280267715,"[[0.9662193059921265, ""anp_Deva""], [0.033341143280267715, ""hin_Deva""], [0.00017617185949347913, ""new_Deva""], [0.00017582190048415214, ""awa_Deva""], [5.2026411140104756e-05, ""mag_Deva""]]"
L5,510,hin_Deva,0.9041182994842529,0.9041182994842529,"[[0.9041182994842529, ""hin_Deva""], [0.09373730421066284, ""anp_Deva""], [0.0008202337194234133, ""awa_Deva""], [0.0006375275552272797, ""new_Deva""], [0.000453335844213143, ""mai_Deva""]]"
L5,516,anp_Deva,0.5496051907539368,0.43541374802589417,"[[0.5496051907539368, ""anp_Deva""], [0.43541374802589417, ""hin_Deva""], [0.010233789682388306, ""awa_Deva""], [0.0024759832303971052, ""new_Deva""], [0.00185869459528476, ""mai_Deva""]]"
L5,518,hin_Deva,0.8254835605621338,0.8254835605621338,"[[0.8254835605621338, ""hin_Deva""], [0.15586718916893005, ""anp_Deva""], [0.0171310193836689, ""awa_Deva""], [0.0014611881924793124, ""new_Deva""], [5.073845750303008e-05, ""bho_Deva""]]"
L5,542,anp_Deva,0.9349286556243896,0.05815235525369644,"[[0.9349286556243896, ""anp_Deva""], [0.05815235525369644, ""hin_Deva""], [0.006106252316385508, ""awa_Deva""], [0.0004698330594692379, ""new_Deva""], [0.0003092853003181517, ""mai_Deva""]]"
L5,543,anp_Deva,0.7167220711708069,0.2687227129936218,"[[0.7167220711708069, ""anp_Deva""], [0.2687227129936218, ""hin_Deva""], [0.009603895246982574, ""new_Deva""], [0.003927296493202448, ""awa_Deva""], [0.0005993840168230236, ""mai_Deva""]]"
L5,565,hin_Deva,0.6046668887138367,0.6046668887138367,"[[0.6046668887138367, ""hin_Deva""], [0.39377254247665405, ""anp_Deva""], [0.0006241452065296471, ""new_Deva""], [0.00045393177424557507, ""awa_Deva""], [0.00026820891071110964, ""mai_Deva""]]"
L5,581,hin_Deva,0.6292266249656677,0.6292266249656677,"[[0.6292266249656677, ""hin_Deva""], [0.36647334694862366, ""anp_Deva""], [0.0022160359658300877, ""awa_Deva""], [0.0017742274794727564, ""new_Deva""], [0.0002447777660563588, ""mai_Deva""]]"
L5,588,anp_Deva,0.8591436147689819,0.1388586014509201,"[[0.8591436147689819, ""anp_Deva""], [0.1388586014509201, ""hin_Deva""], [0.0012809070758521557, ""awa_Deva""], [0.000539578846655786, ""new_Deva""], [8.829572470858693e-05, ""bho_Deva""]]"
L5,593,anp_Deva,0.6758095026016235,0.3215480148792267,"[[0.6758095026016235, ""anp_Deva""], [0.3215480148792267, ""hin_Deva""], [0.0010939615312963724, ""awa_Deva""], [0.0008192740497179329, ""new_Deva""], [0.0006371680647134781, ""mai_Deva""]]"
L5,594,hin_Deva,0.7545998096466064,0.7545998096466064,"[[0.7545998096466064, ""hin_Deva""], [0.2425207942724228, ""anp_Deva""], [0.0013902902137488127, ""awa_Deva""], [0.0006744758575223386, ""new_Deva""], [0.0004090680449735373, ""bho_Deva""]]"
L5,603,anp_Deva,0.854812741279602,0.13641488552093506,"[[0.854812741279602, ""anp_Deva""], [0.13641488552093506, ""hin_Deva""], [0.007012459449470043, ""awa_Deva""], [0.001290326239541173, ""new_Deva""], [0.0004370997194200754, ""mai_Deva""]]"
L5,609,anp_Deva,0.9210727214813232,0.07829517126083374,"[[0.9210727214813232, ""anp_Deva""], [0.07829517126083374, ""hin_Deva""], [0.00039762284723110497, ""awa_Deva""], [0.0001751344243530184, ""new_Deva""], [7.440842455253005e-05, ""mai_Deva""]]"
L5,614,anp_Deva,0.8481747508049011,0.1494375467300415,"[[0.8481747508049011, ""anp_Deva""], [0.1494375467300415, ""hin_Deva""], [0.0008370804716832936, ""awa_Deva""], [0.000633211515378207, ""mag_Deva""], [0.0005967398174107075, ""new_Deva""]]"
L5,622,hin_Deva,0.8070245385169983,0.8070245385169983,"[[0.8070245385169983, ""hin_Deva""], [0.18854938447475433, ""anp_Deva""], [0.001903883065097034, ""new_Deva""], [0.0011519306572154164, ""mai_Deva""], [0.0005097115645185113, ""bho_Deva""]]"
L5,624,hin_Deva,0.7193665504455566,0.7193665504455566,"[[0.7193665504455566, ""hin_Deva""], [0.278004914522171, ""anp_Deva""], [0.0008532025967724621, ""awa_Deva""], [0.0005655800341628492, ""mai_Deva""], [0.0005063062417320907, ""new_Deva""]]"
L5,632,hin_Deva,0.6303792595863342,0.6303792595863342,"[[0.6303792595863342, ""hin_Deva""], [0.3602820634841919, ""anp_Deva""], [0.003625816898420453, ""awa_Deva""], [0.00332662439905107, ""mai_Deva""], [0.0012552106054499745, ""new_Deva""]]"
L5,636,anp_Deva,0.9046863913536072,0.0951603502035141,"[[0.9046863913536072, ""anp_Deva""], [0.0951603502035141, ""hin_Deva""], [9.173548460239545e-05, ""awa_Deva""], [8.535891538485885e-05, ""new_Deva""], [1.6575693734921515e-05, ""mup_Deva""]]"
L5,638,hin_Deva,0.8249684572219849,0.8249684572219849,"[[0.8249684572219849, ""hin_Deva""], [0.17207691073417664, ""anp_Deva""], [0.001865283353254199, ""new_Deva""], [0.000703801866620779, ""awa_Deva""], [0.0001802115875761956, ""bho_Deva""]]"
L5,641,anp_Deva,0.6375922560691833,0.3482605218887329,"[[0.6375922560691833, ""anp_Deva""], [0.3482605218887329, ""hin_Deva""], [0.010549429804086685, ""awa_Deva""], [0.0034608496353030205, ""new_Deva""], [7.425423973472789e-05, ""bho_Deva""]]"
L5,650,anp_Deva,0.8764414191246033,0.11260844022035599,"[[0.8764414191246033, ""anp_Deva""], [0.11260844022035599, ""hin_Deva""], [0.00785656739026308, ""awa_Deva""], [0.002928907983005047, ""new_Deva""], [0.0001413488353136927, ""mai_Deva""]]"
L5,672,hin_Deva,0.6555111408233643,0.6555111408233643,"[[0.6555111408233643, ""hin_Deva""], [0.3371049761772156, ""anp_Deva""], [0.0032589512411504984, ""awa_Deva""], [0.0021868497133255005, ""new_Deva""], [0.0019047530367970467, ""mai_Deva""]]"
L5,694,hin_Deva,0.9140622019767761,0.9140622019767761,"[[0.9140622019767761, ""hin_Deva""], [0.0800386443734169, ""anp_Deva""], [0.0026478907093405724, ""new_Deva""], [0.0023326172959059477, ""awa_Deva""], [0.00037547413376159966, ""bho_Deva""]]"
L5,701,hin_Deva,0.7201484441757202,0.7201484441757202,"[[0.7201484441757202, ""hin_Deva""], [0.2713061273097992, ""anp_Deva""], [0.004389417357742786, ""awa_Deva""], [0.001970862038433552, ""mag_Deva""], [0.0010439559118822217, ""new_Deva""]]"
L5,703,anp_Deva,0.9862629771232605,0.010730868205428123,"[[0.9862629771232605, ""anp_Deva""], [0.010730868205428123, ""hin_Deva""], [0.002956127980723977, ""awa_Deva""], [7.898942567408085e-05, ""new_Deva""], [1.4578669834008906e-05, ""mai_Deva""]]"
L5,710,hin_Deva,0.6133981943130493,0.6133981943130493,"[[0.6133981943130493, ""hin_Deva""], [0.3821476697921753, ""anp_Deva""], [0.0016719646519050002, ""awa_Deva""], [0.0010668567847460508, ""mai_Deva""], [0.000940510188229382, ""bho_Deva""]]"
L5,711,hin_Deva,0.6443610191345215,0.6443610191345215,"[[0.6443610191345215, ""hin_Deva""], [0.34110400080680847, ""anp_Deva""], [0.010159263387322426, ""awa_Deva""], [0.0027404441498219967, ""new_Deva""], [0.0007019026088528335, ""bho_Deva""]]"
L5,713,hin_Deva,0.5626608729362488,0.5626608729362488,"[[0.5626608729362488, ""hin_Deva""], [0.4166526794433594, ""anp_Deva""], [0.0195306409150362, ""awa_Deva""], [0.0005230732494965196, ""new_Deva""], [0.0003951274266000837, ""bho_Deva""]]"
L5,718,hin_Deva,0.4139079451560974,0.4139079451560974,"[[0.4139079451560974, ""hin_Deva""], [0.3159879446029663, ""anp_Deva""], [0.24652227759361267, ""new_Deva""], [0.016588354483246803, ""awa_Deva""], [0.004522455390542746, ""mai_Deva""]]"
L5,746,hin_Deva,0.8399373292922974,0.8399373292922974,"[[0.8399373292922974, ""hin_Deva""], [0.15467073023319244, ""anp_Deva""], [0.0026509605813771486, ""new_Deva""], [0.001421214547008276, ""awa_Deva""], [0.0007192881894297898, ""mai_Deva""]]"
L5,754,hin_Deva,0.6307883262634277,0.6307883262634277,"[[0.6307883262634277, ""hin_Deva""], [0.34996646642684937, ""anp_Deva""], [0.014546382240951061, ""awa_Deva""], [0.004155697766691446, ""new_Deva""], [0.00039600656600669026, ""mai_Deva""]]"
L5,756,anp_Deva,0.9724851846694946,0.026477329432964325,"[[0.9724851846694946, ""anp_Deva""], [0.026477329432964325, ""hin_Deva""], [0.0006562410853803158, ""awa_Deva""], [0.00037178039201535285, ""new_Deva""], [3.488161019049585e-05, ""mai_Deva""]]"
L5,759,hin_Deva,0.7948538064956665,0.7948538064956665,"[[0.7948538064956665, ""hin_Deva""], [0.20088869333267212, ""anp_Deva""], [0.002288741059601307, ""mag_Deva""], [0.0007420115289278328, ""awa_Deva""], [0.0005314584705047309, ""mai_Deva""]]"
L5,762,hin_Deva,0.847407341003418,0.847407341003418,"[[0.847407341003418, ""hin_Deva""], [0.15004108846187592, ""anp_Deva""], [0.0012800120748579502, ""new_Deva""], [0.0007223021239042282, ""awa_Deva""], [0.0002916320809163153, ""mai_Deva""]]"
L5,767,hin_Deva,0.8162159323692322,0.8162159323692322,"[[0.8162159323692322, ""hin_Deva""], [0.178291454911232, ""anp_Deva""], [0.0033452913630753756, ""awa_Deva""], [0.0009547864319756627, ""new_Deva""], [0.0005778725608251989, ""mai_Deva""]]"
L5,770,hin_Deva,0.6470974087715149,0.6470974087715149,"[[0.6470974087715149, ""hin_Deva""], [0.3500756323337555, ""anp_Deva""], [0.002009689575061202, ""awa_Deva""], [0.0004090227885171771, ""mai_Deva""], [0.00028890513931401074, ""new_Deva""]]"
L5,772,hin_Deva,0.579006552696228,0.579006552696228,"[[0.579006552696228, ""hin_Deva""], [0.41290923953056335, ""anp_Deva""], [0.0050897495821118355, ""awa_Deva""], [0.0012421869905665517, ""new_Deva""], [0.0012194935698062181, ""mai_Deva""]]"
L5,785,hin_Deva,0.7469663023948669,0.7469663023948669,"[[0.7469663023948669, ""hin_Deva""], [0.2416178286075592, ""anp_Deva""], [0.0053339023143053055, ""awa_Deva""], [0.003951445687562227, ""new_Deva""], [0.0011355553288012743, ""mai_Deva""]]"
L5,806,hin_Deva,0.9360039830207825,0.9360039830207825,"[[0.9360039830207825, ""hin_Deva""], [0.060655783861875534, ""anp_Deva""], [0.0017748249229043722, ""awa_Deva""], [0.0006970932008698583, ""mai_Deva""], [0.0006711569149047136, ""new_Deva""]]"
L5,813,hin_Deva,0.4974198341369629,0.4974198341369629,"[[0.4974198341369629, ""hin_Deva""], [0.49669361114501953, ""anp_Deva""], [0.004446741659194231, ""awa_Deva""], [0.0005935276858508587, ""new_Deva""], [0.0005222127074375749, ""mai_Deva""]]"
L5,819,hin_Deva,0.9088090062141418,0.9088090062141418,"[[0.9088090062141418, ""hin_Deva""], [0.08515004813671112, ""anp_Deva""], [0.0022128766868263483, ""mai_Deva""], [0.001823554397560656, ""awa_Deva""], [0.0006494104745797813, ""bho_Deva""]]"
L5,824,hin_Deva,0.9826001524925232,0.9826001524925232,"[[0.9826001524925232, ""hin_Deva""], [0.014963030815124512, ""anp_Deva""], [0.0015131549444049597, ""awa_Deva""], [0.00027250376297160983, ""mai_Deva""], [0.0002528563200030476, ""mag_Deva""]]"
L5,825,hin_Deva,0.845020055770874,0.845020055770874,"[[0.845020055770874, ""hin_Deva""], [0.1523229330778122, ""anp_Deva""], [0.0009908424690365791, ""new_Deva""], [0.0009241270599886775, ""awa_Deva""], [0.0004912052536383271, ""mai_Deva""]]"
L5,828,hin_Deva,0.8522695302963257,0.8522695302963257,"[[0.8522695302963257, ""hin_Deva""], [0.1452091485261917, ""anp_Deva""], [0.0013279152335599065, ""awa_Deva""], [0.0005860215751454234, ""new_Deva""], [0.0004033523437101394, ""bho_Deva""]]"
L5,830,hin_Deva,0.8493843078613281,0.8493843078613281,"[[0.8493843078613281, ""hin_Deva""], [0.14601896703243256, ""anp_Deva""], [0.002832230646163225, ""awa_Deva""], [0.0012450244976207614, ""new_Deva""], [0.00028095240122638643, ""mai_Deva""]]"
L5,859,hin_Deva,0.8539955019950867,0.8539955019950867,"[[0.8539955019950867, ""hin_Deva""], [0.13382339477539062, ""anp_Deva""], [0.006092327181249857, ""new_Deva""], [0.003273463575169444, ""mai_Deva""], [0.0011612039525061846, ""awa_Deva""]]"
L5,860,hin_Deva,0.6275867223739624,0.6275867223739624,"[[0.6275867223739624, ""hin_Deva""], [0.3705173134803772, ""anp_Deva""], [0.0013129804283380508, ""awa_Deva""], [0.0002805783587973565, ""mai_Deva""], [0.0002217585570178926, ""new_Deva""]]"
L5,862,hin_Deva,0.9536402225494385,0.9536402225494385,"[[0.9536402225494385, ""hin_Deva""], [0.04116388037800789, ""anp_Deva""], [0.0022749898489564657, ""awa_Deva""], [0.0013078023912385106, ""mai_Deva""], [0.0011116403620690107, ""new_Deva""]]"
L5,879,anp_Deva,0.8944219350814819,0.1038530245423317,"[[0.8944219350814819, ""anp_Deva""], [0.1038530245423317, ""hin_Deva""], [0.0013517346233129501, ""awa_Deva""], [0.0002156099653802812, ""bho_Deva""], [0.00013141064846422523, ""new_Deva""]]"
L5,887,anp_Deva,0.7189472913742065,0.27623555064201355,"[[0.7189472913742065, ""anp_Deva""], [0.27623555064201355, ""hin_Deva""], [0.0037111991550773382, ""awa_Deva""], [0.0009320481913164258, ""new_Deva""], [0.0001392936537740752, ""bho_Deva""]]"
L5,896,hin_Deva,0.6841421127319336,0.6841421127319336,"[[0.6841421127319336, ""hin_Deva""], [0.3102846145629883, ""anp_Deva""], [0.0028863567858934402, ""awa_Deva""], [0.002240810077637434, ""new_Deva""], [0.00026105158030986786, ""mai_Deva""]]"
L5,915,hin_Deva,0.4989195168018341,0.4989195168018341,"[[0.4989195168018341, ""hin_Deva""], [0.49577969312667847, ""anp_Deva""], [0.0022229913156479597, ""awa_Deva""], [0.001524677500128746, ""new_Deva""], [0.0010767948115244508, ""mai_Deva""]]"
L5,918,anp_Deva,0.8263502717018127,0.17106039822101593,"[[0.8263502717018127, ""anp_Deva""], [0.17106039822101593, ""hin_Deva""], [0.0018209180561825633, ""awa_Deva""], [0.0003960148897022009, ""new_Deva""], [0.00015748088480904698, ""bho_Deva""]]"
L5,929,hin_Deva,0.6469746828079224,0.6469746828079224,"[[0.6469746828079224, ""hin_Deva""], [0.3500332236289978, ""anp_Deva""], [0.0016636056825518608, ""awa_Deva""], [0.000636404671240598, ""new_Deva""], [0.0003425630275160074, ""mag_Deva""]]"
L5,930,hin_Deva,0.7993083596229553,0.7993083596229553,"[[0.7993083596229553, ""hin_Deva""], [0.1982891708612442, ""anp_Deva""], [0.0011461387621238828, ""awa_Deva""], [0.0005992782535031438, ""new_Deva""], [0.00025253123021684587, ""bho_Deva""]]"
L5,933,hin_Deva,0.8906998634338379,0.8906998634338379,"[[0.8906998634338379, ""hin_Deva""], [0.10192742198705673, ""anp_Deva""], [0.004529693629592657, ""awa_Deva""], [0.0014959205873310566, ""new_Deva""], [0.0011316979071125388, ""mag_Deva""]]"
L5,937,anp_Deva,0.8248173594474792,0.15240079164505005,"[[0.8248173594474792, ""anp_Deva""], [0.15240079164505005, ""hin_Deva""], [0.016408953815698624, ""awa_Deva""], [0.0031448183581233025, ""bho_Deva""], [0.0027873320505023003, ""new_Deva""]]"
L5,938,anp_Deva,0.5788304209709167,0.4076511561870575,"[[0.5788304209709167, ""anp_Deva""], [0.4076511561870575, ""hin_Deva""], [0.011967667378485203, ""new_Deva""], [0.0011985284509137273, ""awa_Deva""], [0.00016086603864096105, ""bho_Deva""]]"
L5,940,anp_Deva,0.6188638806343079,0.3798253536224365,"[[0.6188638806343079, ""anp_Deva""], [0.3798253536224365, ""hin_Deva""], [0.0009488322539255023, ""awa_Deva""], [0.0001844742801040411, ""new_Deva""], [9.193622099701315e-05, ""mai_Deva""]]"
L5,945,anp_Deva,0.5278903245925903,0.46808314323425293,"[[0.5278903245925903, ""anp_Deva""], [0.46808314323425293, ""hin_Deva""], [0.0027346820570528507, ""new_Deva""], [0.0010578373912721872, ""awa_Deva""], [0.00013665054575540125, ""mar_Deva""]]"
L5,968,hin_Deva,0.9607970714569092,0.9607970714569092,"[[0.9607970714569092, ""hin_Deva""], [0.03637683764100075, ""anp_Deva""], [0.0020629444625228643, ""awa_Deva""], [0.00024057664268184453, ""new_Deva""], [0.00022263158462010324, ""mag_Deva""]]"
L5,970,hin_Deva,0.6582970023155212,0.6582970023155212,"[[0.6582970023155212, ""hin_Deva""], [0.3345707058906555, ""anp_Deva""], [0.004915975034236908, ""awa_Deva""], [0.0013591265305876732, ""mai_Deva""], [0.00040540978079661727, ""bho_Deva""]]"
L5,971,hin_Deva,0.861745297908783,0.861745297908783,"[[0.861745297908783, ""hin_Deva""], [0.13644921779632568, ""anp_Deva""], [0.0007215238292701542, ""mai_Deva""], [0.0005031176842749119, ""new_Deva""], [0.0003538906166795641, ""awa_Deva""]]"
L5,973,hin_Deva,0.9341272115707397,0.9341272115707397,"[[0.9341272115707397, ""hin_Deva""], [0.059939488768577576, ""anp_Deva""], [0.0047151814214885235, ""awa_Deva""], [0.000792228092905134, ""new_Deva""], [0.0002091238711727783, ""mai_Deva""]]"
L5,977,hin_Deva,0.787892758846283,0.787892758846283,"[[0.787892758846283, ""hin_Deva""], [0.20904392004013062, ""anp_Deva""], [0.0009180699125863612, ""mai_Deva""], [0.000846965063828975, ""awa_Deva""], [0.000707300438079983, ""new_Deva""]]"
L5,985,hin_Deva,0.9302727580070496,0.9302727580070496,"[[0.9302727580070496, ""hin_Deva""], [0.04183373227715492, ""awa_Deva""], [0.02533870004117489, ""anp_Deva""], [0.0015897195553407073, ""mai_Deva""], [0.0007093966123647988, ""new_Deva""]]"
L5,1001,hin_Deva,0.7326911091804504,0.7326911091804504,"[[0.7326911091804504, ""hin_Deva""], [0.2647239863872528, ""anp_Deva""], [0.0020279267337173223, ""awa_Deva""], [0.00039063894655555487, ""new_Deva""], [0.00010294326057191938, ""bho_Deva""]]"
L5,1010,hin_Deva,0.8941680788993835,0.8941680788993835,"[[0.8941680788993835, ""hin_Deva""], [0.09691507369279861, ""anp_Deva""], [0.005211980082094669, ""awa_Deva""], [0.0030558861326426268, ""new_Deva""], [0.00019676025840453804, ""mag_Deva""]]"
L5,1013,anp_Deva,0.7551436424255371,0.2436082512140274,"[[0.7551436424255371, ""anp_Deva""], [0.2436082512140274, ""hin_Deva""], [0.0005360404029488564, ""new_Deva""], [0.0003740962711162865, ""awa_Deva""], [0.0001917042100103572, ""bho_Deva""]]"
L5,1015,hin_Deva,0.7128728032112122,0.7128728032112122,"[[0.7128728032112122, ""hin_Deva""], [0.2818068861961365, ""anp_Deva""], [0.0015722030075266957, ""new_Deva""], [0.0013151728780940175, ""awa_Deva""], [0.0012745724525302649, ""mag_Deva""]]"
L5,1016,anp_Deva,0.9900323748588562,0.00943093840032816,"[[0.9900323748588562, ""anp_Deva""], [0.00943093840032816, ""hin_Deva""], [0.0004945191903971136, ""awa_Deva""], [6.60219302517362e-05, ""new_Deva""], [2.30794266826706e-05, ""mai_Deva""]]"
L5,1039,anp_Deva,0.5063955187797546,0.48523643612861633,"[[0.5063955187797546, ""anp_Deva""], [0.48523643612861633, ""hin_Deva""], [0.003968454897403717, ""awa_Deva""], [0.0037032566033303738, ""new_Deva""], [0.00024972439859993756, ""bho_Deva""]]"
L5,1040,anp_Deva,0.8232150077819824,0.17472106218338013,"[[0.8232150077819824, ""anp_Deva""], [0.17472106218338013, ""hin_Deva""], [0.0008557576802559197, ""awa_Deva""], [0.000548921583686024, ""mai_Deva""], [0.00029307129443623126, ""mag_Deva""]]"
L5,1069,anp_Deva,0.7895034551620483,0.20818953216075897,"[[0.7895034551620483, ""anp_Deva""], [0.20818953216075897, ""hin_Deva""], [0.0013135384069755673, ""new_Deva""], [0.0004191403859294951, ""mag_Deva""], [0.00031550123821944, ""mai_Deva""]]"
L5,1092,anp_Deva,0.5258782505989075,0.4612632095813751,"[[0.5258782505989075, ""anp_Deva""], [0.4612632095813751, ""hin_Deva""], [0.007711770944297314, ""new_Deva""], [0.004833968356251717, ""awa_Deva""], [0.00020366813987493515, ""mai_Deva""]]"
L5,1094,anp_Deva,0.6435927748680115,0.3511560559272766,"[[0.6435927748680115, ""anp_Deva""], [0.3511560559272766, ""hin_Deva""], [0.0029190576169639826, ""new_Deva""], [0.0013890040572732687, ""awa_Deva""], [0.0005035820649936795, ""mai_Deva""]]"
L5,1119,hin_Deva,0.9733437895774841,0.9733437895774841,"[[0.9733437895774841, ""hin_Deva""], [0.022214338183403015, ""anp_Deva""], [0.00157429079990834, ""new_Deva""], [0.0011091624619439244, ""awa_Deva""], [0.0010890462435781956, ""bho_Deva""]]"
L5,1145,anp_Deva,0.7649584412574768,0.23058679699897766,"[[0.7649584412574768, ""anp_Deva""], [0.23058679699897766, ""hin_Deva""], [0.002150251530110836, ""awa_Deva""], [0.0012470410438254476, ""mag_Deva""], [0.0006907254573889077, ""new_Deva""]]"
L5,1151,anp_Deva,0.983020544052124,0.016739942133426666,"[[0.983020544052124, ""anp_Deva""], [0.016739942133426666, ""hin_Deva""], [0.0002186142810387537, ""new_Deva""], [4.471346255741082e-05, ""awa_Deva""], [1.7834023310570046e-05, ""bho_Deva""]]"
L5,1155,anp_Deva,0.7047942280769348,0.2909676134586334,"[[0.7047942280769348, ""anp_Deva""], [0.2909676134586334, ""hin_Deva""], [0.0024712816812098026, ""awa_Deva""], [0.0015601897612214088, ""new_Deva""], [0.0001498973142588511, ""mai_Deva""]]"
L5,1159,hin_Deva,0.5952794551849365,0.5952794551849365,"[[0.5952794551849365, ""hin_Deva""], [0.40334296226501465, ""anp_Deva""], [0.0007897319737821817, ""awa_Deva""], [0.00032779446337372065, ""new_Deva""], [0.0002656553697306663, ""mai_Deva""]]"
L5,1173,anp_Deva,0.8321731686592102,0.162999227643013,"[[0.8321731686592102, ""anp_Deva""], [0.162999227643013, ""hin_Deva""], [0.002467451384291053, ""awa_Deva""], [0.0016889916732907295, ""new_Deva""], [0.0005719820037484169, ""mai_Deva""]]"
L5,1180,anp_Deva,0.9654302597045898,0.034415315836668015,"[[0.9654302597045898, ""anp_Deva""], [0.034415315836668015, ""hin_Deva""], [0.00011124559387098998, ""awa_Deva""], [7.871885463828221e-05, ""new_Deva""], [1.2370149306661915e-05, ""mai_Deva""]]"
L5,1195,hin_Deva,0.9846897721290588,0.9846897721290588,"[[0.9846897721290588, ""hin_Deva""], [0.013034935109317303, ""anp_Deva""], [0.0011580984573811293, ""awa_Deva""], [0.0004664075677283108, ""bho_Deva""], [0.0003826249158009887, ""mai_Deva""]]"
L5,1197,hin_Deva,0.634583055973053,0.634583055973053,"[[0.634583055973053, ""hin_Deva""], [0.3593232035636902, ""anp_Deva""], [0.004404212813824415, ""awa_Deva""], [0.0008373239543288946, ""new_Deva""], [0.0007143471157178283, ""mai_Deva""]]"
L5,1201,anp_Deva,0.6638349294662476,0.3330053389072418,"[[0.6638349294662476, ""anp_Deva""], [0.3330053389072418, ""hin_Deva""], [0.001685991883277893, ""awa_Deva""], [0.0008724966319277883, ""new_Deva""], [0.00030463695293292403, ""mag_Deva""]]"
L5,1203,hin_Deva,0.8397368788719177,0.8397368788719177,"[[0.8397368788719177, ""hin_Deva""], [0.15409301221370697, ""anp_Deva""], [0.002055205637589097, ""new_Deva""], [0.001847691135481, ""awa_Deva""], [0.0012873383238911629, ""mai_Deva""]]"
L5,1224,anp_Deva,0.6310024857521057,0.36204904317855835,"[[0.6310024857521057, ""anp_Deva""], [0.36204904317855835, ""hin_Deva""], [0.004064447712153196, ""awa_Deva""], [0.0013411168474704027, ""new_Deva""], [0.0007382698240689933, ""mai_Deva""]]"
L5,1232,anp_Deva,0.8673854470252991,0.1310010850429535,"[[0.8673854470252991, ""anp_Deva""], [0.1310010850429535, ""hin_Deva""], [0.0007766079506836832, ""new_Deva""], [0.0006520880269818008, ""awa_Deva""], [0.00017667104839347303, ""mai_Deva""]]"
L5,1234,anp_Deva,0.8624742031097412,0.13640685379505157,"[[0.8624742031097412, ""anp_Deva""], [0.13640685379505157, ""hin_Deva""], [0.000636541866697371, ""new_Deva""], [0.0004234788939356804, ""awa_Deva""], [8.756007446208969e-05, ""mai_Deva""]]"
L5,1244,hin_Deva,0.5452491044998169,0.5452491044998169,"[[0.5452491044998169, ""hin_Deva""], [0.45072484016418457, ""anp_Deva""], [0.0022466217633336782, ""new_Deva""], [0.0008015409694053233, ""awa_Deva""], [0.0004143613623455167, ""bho_Deva""]]"
L5,1252,hin_Deva,0.906934380531311,0.906934380531311,"[[0.906934380531311, ""hin_Deva""], [0.08696823567152023, ""anp_Deva""], [0.004065339453518391, ""awa_Deva""], [0.001185439876280725, ""new_Deva""], [0.0006257042987272143, ""mai_Deva""]]"
L5,1259,anp_Deva,0.5001108050346375,0.4595949053764343,"[[0.5001108050346375, ""anp_Deva""], [0.4595949053764343, ""hin_Deva""], [0.03274858742952347, ""awa_Deva""], [0.00648321071639657, ""new_Deva""], [0.0007747637573629618, ""mai_Deva""]]"
L5,1260,hin_Deva,0.6251260042190552,0.6251260042190552,"[[0.6251260042190552, ""hin_Deva""], [0.35229262709617615, ""anp_Deva""], [0.016559042036533356, ""new_Deva""], [0.0057564545422792435, ""awa_Deva""], [0.00017441021918784827, ""bho_Deva""]]"
L5,1264,hin_Deva,0.9167113900184631,0.9167113900184631,"[[0.9167113900184631, ""hin_Deva""], [0.08129740506410599, ""anp_Deva""], [0.0008215520065277815, ""awa_Deva""], [0.0007267318433150649, ""new_Deva""], [0.00035588949685916305, ""mai_Deva""]]"
L5,1265,hin_Deva,0.7876246571540833,0.7876246571540833,"[[0.7876246571540833, ""hin_Deva""], [0.21098075807094574, ""anp_Deva""], [0.0007094324682839215, ""awa_Deva""], [0.0005787158152088523, ""new_Deva""], [8.961880666902289e-05, ""mai_Deva""]]"
L5,1267,anp_Deva,0.8678992986679077,0.13075657188892365,"[[0.8678992986679077, ""anp_Deva""], [0.13075657188892365, ""hin_Deva""], [0.0007337022689171135, ""awa_Deva""], [0.00020157272228971124, ""mai_Deva""], [0.00017250655218958855, ""mag_Deva""]]"
L5,1273,hin_Deva,0.7186211943626404,0.7186211943626404,"[[0.7186211943626404, ""hin_Deva""], [0.2779548168182373, ""anp_Deva""], [0.0019842900801450014, ""awa_Deva""], [0.0011049224995076656, ""new_Deva""], [0.00021779790404252708, ""mai_Deva""]]"
L5,1288,hin_Deva,0.9787356853485107,0.9787356853485107,"[[0.9787356853485107, ""hin_Deva""], [0.019353317096829414, ""anp_Deva""], [0.0008732778951525688, ""awa_Deva""], [0.000610040791798383, ""mai_Deva""], [0.0001644313451834023, ""new_Deva""]]"
L5,1291,hin_Deva,0.6069387793540955,0.6069387793540955,"[[0.6069387793540955, ""hin_Deva""], [0.3881629705429077, ""anp_Deva""], [0.0031274789944291115, ""new_Deva""], [0.001134502119384706, ""awa_Deva""], [0.000342673622071743, ""mai_Deva""]]"
L5,1307,hin_Deva,0.6204909682273865,0.6204909682273865,"[[0.6204909682273865, ""hin_Deva""], [0.3766932785511017, ""anp_Deva""], [0.0021011203061789274, ""awa_Deva""], [0.0005149964126758277, ""new_Deva""], [0.00011812434968305752, ""mai_Deva""]]"
L5,1314,anp_Deva,0.9784992933273315,0.020106932148337364,"[[0.9784992933273315, ""anp_Deva""], [0.020106932148337364, ""hin_Deva""], [0.0013014606665819883, ""awa_Deva""], [0.0001058380221365951, ""new_Deva""], [2.5630934032960795e-05, ""mai_Deva""]]"
L5,1320,hin_Deva,0.5096896290779114,0.5096896290779114,"[[0.5096896290779114, ""hin_Deva""], [0.4859296381473541, ""anp_Deva""], [0.0015379133401438594, ""mag_Deva""], [0.001181284082122147, ""awa_Deva""], [0.0007775301928631961, ""new_Deva""]]"
L5,1322,hin_Deva,0.9506915807723999,0.9506915807723999,"[[0.9506915807723999, ""hin_Deva""], [0.0476188063621521, ""anp_Deva""], [0.0007522667874582112, ""awa_Deva""], [0.0006074185948818922, ""new_Deva""], [0.00021043187007308006, ""bho_Deva""]]"
L5,1328,anp_Deva,0.8720771074295044,0.1272774338722229,"[[0.8720771074295044, ""anp_Deva""], [0.1272774338722229, ""hin_Deva""], [0.0005771665018983185, ""awa_Deva""], [5.1739629270741716e-05, ""new_Deva""], [4.913703742204234e-05, ""mai_Deva""]]"
L5,1336,hin_Deva,0.9744651913642883,0.9744651913642883,"[[0.9744651913642883, ""hin_Deva""], [0.023324361070990562, ""anp_Deva""], [0.0006006471812725067, ""bho_Deva""], [0.0005045983707532287, ""new_Deva""], [0.0003969276149291545, ""awa_Deva""]]"
L5,1346,hin_Deva,0.95224928855896,0.95224928855896,"[[0.95224928855896, ""hin_Deva""], [0.044878583401441574, ""anp_Deva""], [0.0013732609804719687, ""new_Deva""], [0.0007633466739207506, ""awa_Deva""], [0.0004139018419664353, ""mai_Deva""]]"
L5,1349,hin_Deva,0.6553395390510559,0.6553395390510559,"[[0.6553395390510559, ""hin_Deva""], [0.33690813183784485, ""anp_Deva""], [0.0031037726439535618, ""mai_Deva""], [0.0017677891300991178, ""new_Deva""], [0.0017557500395923853, ""mag_Deva""]]"
L5,1350,hin_Deva,0.8669341802597046,0.8669341802597046,"[[0.8669341802597046, ""hin_Deva""], [0.130695179104805, ""anp_Deva""], [0.0008135653915815055, ""new_Deva""], [0.0005536199896596372, ""mai_Deva""], [0.0005243593477644026, ""awa_Deva""]]"
L5,1354,anp_Deva,0.6358125805854797,0.35980039834976196,"[[0.6358125805854797, ""anp_Deva""], [0.35980039834976196, ""hin_Deva""], [0.0017982959980145097, ""new_Deva""], [0.0016333714593201876, ""awa_Deva""], [0.0007909835549071431, ""mai_Deva""]]"
L5,1355,anp_Deva,0.9346685409545898,0.06442005187273026,"[[0.9346685409545898, ""anp_Deva""], [0.06442005187273026, ""hin_Deva""], [0.0005585402832366526, ""awa_Deva""], [0.0003109349636361003, ""new_Deva""], [6.068320362828672e-05, ""mai_Deva""]]"
L5,1356,hin_Deva,0.9674482941627502,0.9674482941627502,"[[0.9674482941627502, ""hin_Deva""], [0.026871655136346817, ""anp_Deva""], [0.004108138382434845, ""awa_Deva""], [0.0009803141001611948, ""mai_Deva""], [0.0005333353183232248, ""new_Deva""]]"
L5,1359,hin_Deva,0.8732632994651794,0.8732632994651794,"[[0.8732632994651794, ""hin_Deva""], [0.12402085214853287, ""anp_Deva""], [0.001366619486361742, ""awa_Deva""], [0.000667280750349164, ""new_Deva""], [0.000534864142537117, ""bho_Deva""]]"
L5,1360,hin_Deva,0.9554446339607239,0.9554446339607239,"[[0.9554446339607239, ""hin_Deva""], [0.01834987662732601, ""bho_Deva""], [0.013243898749351501, ""anp_Deva""], [0.008952353149652481, ""new_Deva""], [0.001845165970735252, ""awa_Deva""]]"
L5,1371,hin_Deva,0.8085184097290039,0.8085184097290039,"[[0.8085184097290039, ""hin_Deva""], [0.18424881994724274, ""anp_Deva""], [0.004086824133992195, ""awa_Deva""], [0.002366385655477643, ""new_Deva""], [0.0005235049757175148, ""mai_Deva""]]"
L5,1383,anp_Deva,0.8657914400100708,0.13312724232673645,"[[0.8657914400100708, ""anp_Deva""], [0.13312724232673645, ""hin_Deva""], [0.0006098320009186864, ""new_Deva""], [0.0003805352025665343, ""awa_Deva""], [7.102092786226422e-05, ""mai_Deva""]]"
L5,1391,hin_Deva,0.7198991179466248,0.7198991179466248,"[[0.7198991179466248, ""hin_Deva""], [0.27399536967277527, ""anp_Deva""], [0.004396677482873201, ""awa_Deva""], [0.0009207442053593695, ""new_Deva""], [0.0004623507265932858, ""bho_Deva""]]"
L5,1392,anp_Deva,0.7930557727813721,0.201662078499794,"[[0.7930557727813721, ""anp_Deva""], [0.201662078499794, ""hin_Deva""], [0.003122755093500018, ""awa_Deva""], [0.002115447772666812, ""new_Deva""], [5.901327313040383e-05, ""mai_Deva""]]"
L5,1397,hin_Deva,0.590770423412323,0.590770423412323,"[[0.590770423412323, ""hin_Deva""], [0.395969420671463, ""anp_Deva""], [0.010584383271634579, ""new_Deva""], [0.001970528392121196, ""mai_Deva""], [0.0005369086284190416, ""awa_Deva""]]"
L5,1407,hin_Deva,0.748710572719574,0.748710572719574,"[[0.748710572719574, ""hin_Deva""], [0.2488577961921692, ""anp_Deva""], [0.0016392607940360904, ""awa_Deva""], [0.00040196493500843644, ""mai_Deva""], [0.0003247123386245221, ""new_Deva""]]"
L5,1410,hin_Deva,0.9313402771949768,0.9313402771949768,"[[0.9313402771949768, ""hin_Deva""], [0.06403395533561707, ""anp_Deva""], [0.0038897371850907803, ""awa_Deva""], [0.00030520313885062933, ""mai_Deva""], [0.00027888701879419386, ""new_Deva""]]"
L5,1414,hin_Deva,0.9680771827697754,0.9680771827697754,"[[0.9680771827697754, ""hin_Deva""], [0.03057837300002575, ""anp_Deva""], [0.0006320922984741628, ""awa_Deva""], [0.0004911563009954989, ""new_Deva""], [0.00010763727186713368, ""bho_Deva""]]"
L5,1420,anp_Deva,0.7846585512161255,0.21356286108493805,"[[0.7846585512161255, ""anp_Deva""], [0.21356286108493805, ""hin_Deva""], [0.0007483827066607773, ""awa_Deva""], [0.0005586359184235334, ""new_Deva""], [0.00023808992409612983, ""mai_Deva""]]"
L5,1421,anp_Deva,0.8656238317489624,0.13257630169391632,"[[0.8656238317489624, ""anp_Deva""], [0.13257630169391632, ""hin_Deva""], [0.0010466310195624828, ""new_Deva""], [0.0006729832384735346, ""awa_Deva""], [7.06793725839816e-05, ""bho_Deva""]]"
L5,1436,hin_Deva,0.7081701159477234,0.7081701159477234,"[[0.7081701159477234, ""hin_Deva""], [0.28475841879844666, ""anp_Deva""], [0.003819994395598769, ""mai_Deva""], [0.0014475472271442413, ""new_Deva""], [0.0007405615760944784, ""awa_Deva""]]"
L5,1444,hin_Deva,0.6689093112945557,0.6689093112945557,"[[0.6689093112945557, ""hin_Deva""], [0.31772032380104065, ""anp_Deva""], [0.008702442049980164, ""new_Deva""], [0.003329414175823331, ""awa_Deva""], [0.0005846720887348056, ""mai_Deva""]]"
L5,1454,hin_Deva,0.8399845957756042,0.8399845957756042,"[[0.8399845957756042, ""hin_Deva""], [0.14396125078201294, ""anp_Deva""], [0.015412168577313423, ""awa_Deva""], [0.00038801541086286306, ""new_Deva""], [0.00010810339153977111, ""mai_Deva""]]"
L5,1498,hin_Deva,0.7192450165748596,0.7192450165748596,"[[0.7192450165748596, ""hin_Deva""], [0.2769762873649597, ""anp_Deva""], [0.0025251463521271944, ""awa_Deva""], [0.0004921730724163353, ""mai_Deva""], [0.000416866154409945, ""new_Deva""]]"
L5,1510,hin_Deva,0.9804970622062683,0.9804970622062683,"[[0.9804970622062683, ""hin_Deva""], [0.017965398728847504, ""anp_Deva""], [0.0009092620457522571, ""awa_Deva""], [0.000313719327095896, ""new_Deva""], [0.0002705502847675234, ""bho_Deva""]]"
L5,1517,hin_Deva,0.9193335771560669,0.9193335771560669,"[[0.9193335771560669, ""hin_Deva""], [0.0775456428527832, ""anp_Deva""], [0.0018699854845181108, ""awa_Deva""], [0.0007741448353044689, ""new_Deva""], [0.00020451247110031545, ""mai_Deva""]]"
L5,1523,hin_Deva,0.605910062789917,0.605910062789917,"[[0.605910062789917, ""hin_Deva""], [0.3900409936904907, ""anp_Deva""], [0.0027240479830652475, ""awa_Deva""], [0.0006302368710748851, ""new_Deva""], [0.0005230600363574922, ""bho_Deva""]]"
L5,1524,hin_Deva,0.593073844909668,0.593073844909668,"[[0.593073844909668, ""hin_Deva""], [0.39901506900787354, ""anp_Deva""], [0.003001064294949174, ""awa_Deva""], [0.002144785365089774, ""bho_Deva""], [0.001745753106661141, ""mai_Deva""]]"
L5,1536,anp_Deva,0.9815192222595215,0.01646530069410801,"[[0.9815192222595215, ""anp_Deva""], [0.01646530069410801, ""hin_Deva""], [0.0019360653823241591, ""awa_Deva""], [8.456607611151412e-05, ""new_Deva""], [2.7815589419333264e-05, ""mai_Deva""]]"
L5,1537,anp_Deva,0.9515284299850464,0.04806073382496834,"[[0.9515284299850464, ""anp_Deva""], [0.04806073382496834, ""hin_Deva""], [0.00023208136553876102, ""new_Deva""], [0.00012083370529580861, ""awa_Deva""], [5.672659244737588e-05, ""mai_Deva""]]"
L5,1539,anp_Deva,0.6656782627105713,0.3321881890296936,"[[0.6656782627105713, ""anp_Deva""], [0.3321881890296936, ""hin_Deva""], [0.0011862536193802953, ""new_Deva""], [0.0006319416570477188, ""awa_Deva""], [0.00022823827748652548, ""mai_Deva""]]"
L5,1554,hin_Deva,0.7145973443984985,0.7145973443984985,"[[0.7145973443984985, ""hin_Deva""], [0.25568753480911255, ""anp_Deva""], [0.013933151960372925, ""new_Deva""], [0.013303648680448532, ""awa_Deva""], [0.0020494640339165926, ""mai_Deva""]]"
L5,1560,hin_Deva,0.8784483075141907,0.8784483075141907,"[[0.8784483075141907, ""hin_Deva""], [0.11291255801916122, ""anp_Deva""], [0.005334589164704084, ""awa_Deva""], [0.0026951092295348644, ""new_Deva""], [0.00046726816799491644, ""bho_Deva""]]"
L5,1568,anp_Deva,0.6826363205909729,0.3128522038459778,"[[0.6826363205909729, ""anp_Deva""], [0.3128522038459778, ""hin_Deva""], [0.003754241857677698, ""new_Deva""], [0.0005244368803687394, ""awa_Deva""], [0.00020343887445051223, ""mai_Deva""]]"
L5,1585,anp_Deva,0.5265796184539795,0.47103020548820496,"[[0.5265796184539795, ""anp_Deva""], [0.47103020548820496, ""hin_Deva""], [0.0014478061348199844, ""awa_Deva""], [0.0004598898231051862, ""new_Deva""], [0.00026560190599411726, ""mai_Deva""]]"
L5,1634,hin_Deva,0.6992896199226379,0.6992896199226379,"[[0.6992896199226379, ""hin_Deva""], [0.29694801568984985, ""anp_Deva""], [0.003111546393483877, ""awa_Deva""], [0.00046372227370738983, ""new_Deva""], [0.00014560170529875904, ""bho_Deva""]]"
L5,1637,hin_Deva,0.7118468284606934,0.7118468284606934,"[[0.7118468284606934, ""hin_Deva""], [0.2614658772945404, ""anp_Deva""], [0.023183109238743782, ""awa_Deva""], [0.001826526247896254, ""new_Deva""], [0.0008918126695789397, ""mai_Deva""]]"
L5,1642,hin_Deva,0.8027619123458862,0.8027619123458862,"[[0.8027619123458862, ""hin_Deva""], [0.19519445300102234, ""anp_Deva""], [0.0012426467146724463, ""awa_Deva""], [0.0006180714699439704, ""new_Deva""], [0.00017994419613387436, ""mai_Deva""]]"
L5,1646,hin_Deva,0.5251726508140564,0.5251726508140564,"[[0.5251726508140564, ""hin_Deva""], [0.4676547050476074, ""anp_Deva""], [0.0034519166219979525, ""new_Deva""], [0.0015742172254249454, ""awa_Deva""], [0.0012903958559036255, ""mai_Deva""]]"
L5,1654,hin_Deva,0.5204978585243225,0.5204978585243225,"[[0.5204978585243225, ""hin_Deva""], [0.47137826681137085, ""anp_Deva""], [0.004427378531545401, ""new_Deva""], [0.0025189132429659367, ""awa_Deva""], [0.0008884747512638569, ""mai_Deva""]]"
L5,1657,anp_Deva,0.841595470905304,0.157075434923172,"[[0.841595470905304, ""anp_Deva""], [0.157075434923172, ""hin_Deva""], [0.000732045155018568, ""awa_Deva""], [0.0005795846227556467, ""new_Deva""], [5.7477649534121156e-05, ""mai_Deva""]]"
L5,1662,hin_Deva,0.9900542497634888,0.9900542497634888,"[[0.9900542497634888, ""hin_Deva""], [0.006849957164376974, ""new_Deva""], [0.0012558841845020652, ""bho_Deva""], [0.0011345259845256805, ""awa_Deva""], [0.00029423349769786, ""anp_Deva""]]"
L5,1687,hin_Deva,0.8093317151069641,0.8093317151069641,"[[0.8093317151069641, ""hin_Deva""], [0.1825353503227234, ""anp_Deva""], [0.004873624537140131, ""awa_Deva""], [0.0012258104979991913, ""new_Deva""], [0.0010255102533847094, ""bho_Deva""]]"
L5,1700,hin_Deva,0.9142336249351501,0.9142336249351501,"[[0.9142336249351501, ""hin_Deva""], [0.07857976108789444, ""anp_Deva""], [0.004412581212818623, ""awa_Deva""], [0.0012245572870597243, ""mai_Deva""], [0.0010636551305651665, ""new_Deva""]]"
L5,1701,hin_Deva,0.9193920493125916,0.9193920493125916,"[[0.9193920493125916, ""hin_Deva""], [0.07526502013206482, ""anp_Deva""], [0.0027278719935566187, ""awa_Deva""], [0.0013110453728586435, ""mai_Deva""], [0.0006763747660443187, ""new_Deva""]]"
L5,1707,hin_Deva,0.62047278881073,0.62047278881073,"[[0.62047278881073, ""hin_Deva""], [0.37670233845710754, ""anp_Deva""], [0.001256375340744853, ""awa_Deva""], [0.0009746188879944384, ""new_Deva""], [0.00022115706815384328, ""mag_Deva""]]"
L5,1745,hin_Deva,0.7328830361366272,0.7328830361366272,"[[0.7328830361366272, ""hin_Deva""], [0.26447784900665283, ""anp_Deva""], [0.0011292495764791965, ""new_Deva""], [0.0008584583993069828, ""awa_Deva""], [0.0005357197369448841, ""mai_Deva""]]"
L5,1747,hin_Deva,0.6817330121994019,0.6817330121994019,"[[0.6817330121994019, ""hin_Deva""], [0.3160402476787567, ""anp_Deva""], [0.0013622174737975001, ""new_Deva""], [0.0004899065243080258, ""awa_Deva""], [0.00022036713198758662, ""bho_Deva""]]"
L5,1749,hin_Deva,0.8797639608383179,0.8797639608383179,"[[0.8797639608383179, ""hin_Deva""], [0.10798794776201248, ""anp_Deva""], [0.0062288520857691765, ""mai_Deva""], [0.0032728032674640417, ""new_Deva""], [0.00116680096834898, ""mar_Deva""]]"
L5,1755,anp_Deva,0.7889522314071655,0.20976778864860535,"[[0.7889522314071655, ""anp_Deva""], [0.20976778864860535, ""hin_Deva""], [0.0007171874167397618, ""awa_Deva""], [0.0003581772616598755, ""new_Deva""], [0.00017083891725633293, ""mai_Deva""]]"
L5,1767,hin_Deva,0.7502000331878662,0.7502000331878662,"[[0.7502000331878662, ""hin_Deva""], [0.24414192140102386, ""anp_Deva""], [0.0024135683197528124, ""awa_Deva""], [0.0015595180448144674, ""mai_Deva""], [0.000897421850822866, ""new_Deva""]]"
L5,1779,hin_Deva,0.6232711672782898,0.6232711672782898,"[[0.6232711672782898, ""hin_Deva""], [0.36698195338249207, ""anp_Deva""], [0.005233801901340485, ""new_Deva""], [0.003767765825614333, ""awa_Deva""], [0.0007379843736998737, ""mai_Deva""]]"
L5,1782,anp_Deva,0.9092311859130859,0.08728709816932678,"[[0.9092311859130859, ""anp_Deva""], [0.08728709816932678, ""hin_Deva""], [0.002860062988474965, ""awa_Deva""], [0.0002515289525035769, ""bho_Deva""], [0.0002145368343917653, ""mai_Deva""]]"
L5,1799,anp_Deva,0.8020009398460388,0.19587497413158417,"[[0.8020009398460388, ""anp_Deva""], [0.19587497413158417, ""hin_Deva""], [0.0015367704909294844, ""awa_Deva""], [0.0003820077981799841, ""new_Deva""], [0.00015040335711091757, ""bho_Deva""]]"
L5,1806,hin_Deva,0.5040280222892761,0.5040280222892761,"[[0.5040280222892761, ""hin_Deva""], [0.4816202223300934, ""anp_Deva""], [0.012703591957688332, ""awa_Deva""], [0.0008910080068744719, ""new_Deva""], [0.0006685106782242656, ""mai_Deva""]]"
L5,1822,hin_Deva,0.9153370261192322,0.9153370261192322,"[[0.9153370261192322, ""hin_Deva""], [0.0782180055975914, ""anp_Deva""], [0.0044681113213300705, ""awa_Deva""], [0.0010273264488205314, ""new_Deva""], [0.00045422191033139825, ""mai_Deva""]]"
L5,1824,anp_Deva,0.6854138374328613,0.3058343529701233,"[[0.6854138374328613, ""anp_Deva""], [0.3058343529701233, ""hin_Deva""], [0.007461002096533775, ""awa_Deva""], [0.0006168975378386676, ""new_Deva""], [0.0002961463760584593, ""mai_Deva""]]"
L5,1834,anp_Deva,0.8236494660377502,0.1753498762845993,"[[0.8236494660377502, ""anp_Deva""], [0.1753498762845993, ""hin_Deva""], [0.00033190648537129164, ""new_Deva""], [0.0003296786453574896, ""awa_Deva""], [0.0002136517286999151, ""mai_Deva""]]"
L5,1842,hin_Deva,0.7590539455413818,0.7590539455413818,"[[0.7590539455413818, ""hin_Deva""], [0.2056424468755722, ""anp_Deva""], [0.018948936834931374, ""awa_Deva""], [0.01454506441950798, ""new_Deva""], [0.0006682388484477997, ""mai_Deva""]]"
L5,1843,anp_Deva,0.5588867664337158,0.4392216205596924,"[[0.5588867664337158, ""anp_Deva""], [0.4392216205596924, ""hin_Deva""], [0.0006801088456995785, ""new_Deva""], [0.0005361061193980277, ""mai_Deva""], [0.00044357188744470477, ""awa_Deva""]]"
L5,1850,hin_Deva,0.9531934261322021,0.9531934261322021,"[[0.9531934261322021, ""hin_Deva""], [0.043121080845594406, ""anp_Deva""], [0.002543599810451269, ""awa_Deva""], [0.0008454095805063844, ""new_Deva""], [0.00014818613999523222, ""mai_Deva""]]"
L5,1854,anp_Deva,0.7028363943099976,0.2939162254333496,"[[0.7028363943099976, ""anp_Deva""], [0.2939162254333496, ""hin_Deva""], [0.001519174431450665, ""new_Deva""], [0.0014013882027938962, ""awa_Deva""], [0.00028117516194470227, ""mai_Deva""]]"
L5,1867,hin_Deva,0.9526640772819519,0.9526640772819519,"[[0.9526640772819519, ""hin_Deva""], [0.02205229364335537, ""anp_Deva""], [0.016490286216139793, ""new_Deva""], [0.00828674528747797, ""awa_Deva""], [0.0004565743147395551, ""mai_Deva""]]"
L5,1877,anp_Deva,0.6286770105361938,0.3657275438308716,"[[0.6286770105361938, ""anp_Deva""], [0.3657275438308716, ""hin_Deva""], [0.0036646616645157337, ""awa_Deva""], [0.0014177024131640792, ""new_Deva""], [0.00029633878148160875, ""mai_Deva""]]"
L5,1884,anp_Deva,0.6060802936553955,0.37588071823120117,"[[0.6060802936553955, ""anp_Deva""], [0.37588071823120117, ""hin_Deva""], [0.016522273421287537, ""awa_Deva""], [0.0011753804283216596, ""new_Deva""], [0.0002237612206954509, ""bho_Deva""]]"
L5,1886,hin_Deva,0.6426447629928589,0.6426447629928589,"[[0.6426447629928589, ""hin_Deva""], [0.35320761799812317, ""anp_Deva""], [0.0020069670863449574, ""awa_Deva""], [0.0008640740416012704, ""new_Deva""], [0.0005108980694785714, ""mai_Deva""]]"
L5,1887,anp_Deva,0.8396770358085632,0.15911445021629333,"[[0.8396770358085632, ""anp_Deva""], [0.15911445021629333, ""hin_Deva""], [0.0010622470872476697, ""awa_Deva""], [9.646105172578245e-05, ""mai_Deva""], [5.565391620621085e-05, ""new_Deva""]]"
L5,1890,hin_Deva,0.9242188930511475,0.9242188930511475,"[[0.9242188930511475, ""hin_Deva""], [0.06692296266555786, ""anp_Deva""], [0.007139204535633326, ""awa_Deva""], [0.0006253063911572099, ""new_Deva""], [0.000575994432438165, ""mai_Deva""]]"
L5,1937,hin_Deva,0.5564713478088379,0.5564713478088379,"[[0.5564713478088379, ""hin_Deva""], [0.4380621016025543, ""anp_Deva""], [0.003407537005841732, ""awa_Deva""], [0.0008774172165431082, ""mai_Deva""], [0.0004601998080033809, ""new_Deva""]]"
L5,1949,anp_Deva,0.5182403922080994,0.4642210304737091,"[[0.5182403922080994, ""anp_Deva""], [0.4642210304737091, ""hin_Deva""], [0.008106645196676254, ""new_Deva""], [0.004507189616560936, ""awa_Deva""], [0.002821398666128516, ""mai_Deva""]]"
L5,1950,anp_Deva,0.8473773002624512,0.1522870659828186,"[[0.8473773002624512, ""anp_Deva""], [0.1522870659828186, ""hin_Deva""], [0.0002709179534576833, ""awa_Deva""], [7.870466652093455e-05, ""new_Deva""], [2.9541790354414843e-05, ""mai_Deva""]]"
L5,1954,anp_Deva,0.962916374206543,0.03530067205429077,"[[0.962916374206543, ""anp_Deva""], [0.03530067205429077, ""hin_Deva""], [0.001548303640447557, ""awa_Deva""], [0.00022560569050256163, ""new_Deva""], [4.957378769177012e-05, ""bho_Deva""]]"
L5,1965,anp_Deva,0.9569041728973389,0.041097089648246765,"[[0.9569041728973389, ""anp_Deva""], [0.041097089648246765, ""hin_Deva""], [0.0019070031121373177, ""awa_Deva""], [8.157955744536594e-05, ""new_Deva""], [4.171586624579504e-05, ""mai_Deva""]]"
L5,1967,anp_Deva,0.5683077573776245,0.4267711937427521,"[[0.5683077573776245, ""anp_Deva""], [0.4267711937427521, ""hin_Deva""], [0.0028983016964048147, ""awa_Deva""], [0.0013810754753649235, ""mai_Deva""], [0.0003088272933382541, ""new_Deva""]]"
L5,1970,hin_Deva,0.628318190574646,0.628318190574646,"[[0.628318190574646, ""hin_Deva""], [0.35340607166290283, ""anp_Deva""], [0.017065109685063362, ""awa_Deva""], [0.000930682523176074, ""new_Deva""], [0.0002547520271036774, ""mai_Deva""]]"
L5,1971,anp_Deva,0.7783336639404297,0.2194482982158661,"[[0.7783336639404297, ""anp_Deva""], [0.2194482982158661, ""hin_Deva""], [0.0011995398672297597, ""new_Deva""], [0.0007543523097410798, ""awa_Deva""], [0.0002004187845159322, ""mai_Deva""]]"
L5,1972,anp_Deva,0.9920890927314758,0.007700644433498383,"[[0.9920890927314758, ""anp_Deva""], [0.007700644433498383, ""hin_Deva""], [0.0001860937336459756, ""awa_Deva""], [3.637460758909583e-05, ""new_Deva""], [2.4504368411726318e-05, ""mai_Deva""]]"
L5,1974,hin_Deva,0.5355193614959717,0.5355193614959717,"[[0.5355193614959717, ""hin_Deva""], [0.46329474449157715, ""anp_Deva""], [0.0007479574414901435, ""awa_Deva""], [0.00023650082584936172, ""mai_Deva""], [0.00013931038847658783, ""bho_Deva""]]"
L5,1975,anp_Deva,0.956750214099884,0.038897763937711716,"[[0.956750214099884, ""anp_Deva""], [0.038897763937711716, ""hin_Deva""], [0.0032930944580584764, ""awa_Deva""], [0.0008974397787824273, ""new_Deva""], [0.00017070487956516445, ""mai_Deva""]]"
L5,1994,hin_Deva,0.9368759989738464,0.9368759989738464,"[[0.9368759989738464, ""hin_Deva""], [0.059499260038137436, ""anp_Deva""], [0.0028160291258245707, ""awa_Deva""], [0.0004695251118391752, ""new_Deva""], [0.00026381059433333576, ""mai_Deva""]]"
L5,1995,hin_Deva,0.734757661819458,0.734757661819458,"[[0.734757661819458, ""hin_Deva""], [0.2601326107978821, ""anp_Deva""], [0.002902850741520524, ""new_Deva""], [0.0009956572903320193, ""awa_Deva""], [0.0006146545056253672, ""mag_Deva""]]"
L5,2016,hin_Deva,0.9429319500923157,0.9429319500923157,"[[0.9429319500923157, ""hin_Deva""], [0.05052737519145012, ""anp_Deva""], [0.0024032120127230883, ""mai_Deva""], [0.001908672507852316, ""new_Deva""], [0.0009109792881645262, ""bho_Deva""]]"
L5,2030,hin_Deva,0.8453707098960876,0.8453707098960876,"[[0.8453707098960876, ""hin_Deva""], [0.14652074873447418, ""anp_Deva""], [0.005890596657991409, ""awa_Deva""], [0.0009267960558645427, ""mai_Deva""], [0.0006473698886111379, ""new_Deva""]]"
L5,2045,anp_Deva,0.7911644577980042,0.19809401035308838,"[[0.7911644577980042, ""anp_Deva""], [0.19809401035308838, ""hin_Deva""], [0.007987328805029392, ""awa_Deva""], [0.002257501007989049, ""new_Deva""], [0.0003951223334297538, ""bho_Deva""]]"
L5,2057,anp_Deva,0.6418846249580383,0.3500778377056122,"[[0.6418846249580383, ""anp_Deva""], [0.3500778377056122, ""hin_Deva""], [0.006495774257928133, ""new_Deva""], [0.0013913115253672004, ""awa_Deva""], [0.00010661015403456986, ""mai_Deva""]]"
L5,2071,hin_Deva,0.8540310263633728,0.8540310263633728,"[[0.8540310263633728, ""hin_Deva""], [0.14144591987133026, ""anp_Deva""], [0.0033331343438476324, ""awa_Deva""], [0.0008511578198522329, ""new_Deva""], [0.00024109640798997134, ""mai_Deva""]]"
L5,2074,anp_Deva,0.7660236358642578,0.23195131123065948,"[[0.7660236358642578, ""anp_Deva""], [0.23195131123065948, ""hin_Deva""], [0.001553664798848331, ""awa_Deva""], [0.0003231267037335783, ""new_Deva""], [8.643554610898718e-05, ""bho_Deva""]]"
L5,2076,hin_Deva,0.6382626295089722,0.6382626295089722,"[[0.6382626295089722, ""hin_Deva""], [0.35341349244117737, ""anp_Deva""], [0.005539302714169025, ""new_Deva""], [0.0020937772933393717, ""awa_Deva""], [0.0004885008675046265, ""mai_Deva""]]"
L5,2078,hin_Deva,0.9174898266792297,0.9174898266792297,"[[0.9174898266792297, ""hin_Deva""], [0.0777844712138176, ""anp_Deva""], [0.0019073087023571134, ""awa_Deva""], [0.0018038810230791569, ""new_Deva""], [0.0006295631756074727, ""mai_Deva""]]"
L5,2083,hin_Deva,0.8825969696044922,0.8825969696044922,"[[0.8825969696044922, ""hin_Deva""], [0.11035741120576859, ""anp_Deva""], [0.0033918318804353476, ""awa_Deva""], [0.0030025672167539597, ""new_Deva""], [0.0005439692758955061, ""mai_Deva""]]"
L5,2087,hin_Deva,0.8001655340194702,0.8001655340194702,"[[0.8001655340194702, ""hin_Deva""], [0.19790641963481903, ""anp_Deva""], [0.0013800656888633966, ""awa_Deva""], [0.0003980386827606708, ""new_Deva""], [0.0001385374489473179, ""mai_Deva""]]"
L5,2090,hin_Deva,0.4932264983654022,0.4932264983654022,"[[0.4932264983654022, ""hin_Deva""], [0.4134414494037628, ""anp_Deva""], [0.08894510567188263, ""awa_Deva""], [0.0020749240648001432, ""new_Deva""], [0.0010231524938717484, ""mai_Deva""]]"
L5,2094,hin_Deva,0.9552740454673767,0.9552740454673767,"[[0.9552740454673767, ""hin_Deva""], [0.04239180311560631, ""anp_Deva""], [0.0016773667884990573, ""awa_Deva""], [0.0005583916790783405, ""new_Deva""], [0.00010817992006195709, ""bho_Deva""]]"
L5,2118,anp_Deva,0.778944194316864,0.21737922728061676,"[[0.778944194316864, ""anp_Deva""], [0.21737922728061676, ""hin_Deva""], [0.0026438257191330194, ""awa_Deva""], [0.000874456251040101, ""new_Deva""], [0.00016028793470468372, ""mai_Deva""]]"
L5,2124,hin_Deva,0.6666167378425598,0.6666167378425598,"[[0.6666167378425598, ""hin_Deva""], [0.3314101994037628, ""anp_Deva""], [0.0010216597001999617, ""new_Deva""], [0.0005263810162432492, ""awa_Deva""], [0.00021762018150184304, ""mag_Deva""]]"
L5,2137,anp_Deva,0.7995239496231079,0.19007498025894165,"[[0.7995239496231079, ""anp_Deva""], [0.19007498025894165, ""hin_Deva""], [0.008660227060317993, ""awa_Deva""], [0.0008974492084234953, ""mai_Deva""], [0.0008764667436480522, ""new_Deva""]]"
L5,2145,hin_Deva,0.7606812119483948,0.7606812119483948,"[[0.7606812119483948, ""hin_Deva""], [0.1582561731338501, ""awa_Deva""], [0.07020733505487442, ""anp_Deva""], [0.005207305308431387, ""new_Deva""], [0.0032901749946177006, ""bho_Deva""]]"
L5,2163,hin_Deva,0.6900514364242554,0.6900514364242554,"[[0.6900514364242554, ""hin_Deva""], [0.30792537331581116, ""anp_Deva""], [0.001143227331340313, ""awa_Deva""], [0.0007264113519340754, ""new_Deva""], [0.00010566103446763009, ""mai_Deva""]]"
L5,2170,hin_Deva,0.506592869758606,0.506592869758606,"[[0.506592869758606, ""hin_Deva""], [0.48972374200820923, ""anp_Deva""], [0.0031765871681272984, ""awa_Deva""], [0.0002944412117358297, ""new_Deva""], [0.00013267379836179316, ""mai_Deva""]]"
L5,2177,anp_Deva,0.6811137795448303,0.3179183900356293,"[[0.6811137795448303, ""anp_Deva""], [0.3179183900356293, ""hin_Deva""], [0.0005441021057777107, ""new_Deva""], [0.0001980742090381682, ""awa_Deva""], [0.00019688189786393195, ""mai_Deva""]]"
L5,2186,anp_Deva,0.7252932190895081,0.27300313115119934,"[[0.7252932190895081, ""anp_Deva""], [0.27300313115119934, ""hin_Deva""], [0.0007333217072300613, ""awa_Deva""], [0.0006391140050254762, ""new_Deva""], [0.00031782081350684166, ""mai_Deva""]]"
L5,2197,anp_Deva,0.7308284640312195,0.26477667689323425,"[[0.7308284640312195, ""anp_Deva""], [0.26477667689323425, ""hin_Deva""], [0.0031434991396963596, ""new_Deva""], [0.000694947550073266, ""awa_Deva""], [0.0004857696476392448, ""mai_Deva""]]"
L5,2205,hin_Deva,0.6385672092437744,0.6385672092437744,"[[0.6385672092437744, ""hin_Deva""], [0.3513476252555847, ""anp_Deva""], [0.004370993468910456, ""awa_Deva""], [0.0031475669238716364, ""new_Deva""], [0.001360218389891088, ""mai_Deva""]]"
L5,2210,anp_Deva,0.845995306968689,0.15344251692295074,"[[0.845995306968689, ""anp_Deva""], [0.15344251692295074, ""hin_Deva""], [0.00029052060563117266, ""awa_Deva""], [0.000226016782107763, ""new_Deva""], [5.073212014394812e-05, ""bho_Deva""]]"
L5,2214,anp_Deva,0.8405960202217102,0.15387630462646484,"[[0.8405960202217102, ""anp_Deva""], [0.15387630462646484, ""hin_Deva""], [0.0052327560260891914, ""awa_Deva""], [0.00019178118964191526, ""new_Deva""], [7.245312008308247e-05, ""mai_Deva""]]"
L5,2243,anp_Deva,0.6662186980247498,0.32946017384529114,"[[0.6662186980247498, ""anp_Deva""], [0.32946017384529114, ""hin_Deva""], [0.002767858561128378, ""awa_Deva""], [0.0008676756406202912, ""new_Deva""], [0.0003972828562837094, ""bho_Deva""]]"
L5,2246,anp_Deva,0.6317217946052551,0.3671674132347107,"[[0.6317217946052551, ""anp_Deva""], [0.3671674132347107, ""hin_Deva""], [0.0006279675289988518, ""new_Deva""], [0.0004724489408545196, ""awa_Deva""], [4.416986848809756e-05, ""mai_Deva""]]"
L5,2247,anp_Deva,0.8077959418296814,0.19145740568637848,"[[0.8077959418296814, ""anp_Deva""], [0.19145740568637848, ""hin_Deva""], [0.0004413874994497746, ""awa_Deva""], [0.00017833590391092002, ""mag_Deva""], [8.799520583124831e-05, ""new_Deva""]]"
L5,2248,anp_Deva,0.5131784677505493,0.4800538718700409,"[[0.5131784677505493, ""anp_Deva""], [0.4800538718700409, ""hin_Deva""], [0.005313178524374962, ""new_Deva""], [0.0009060264565050602, ""awa_Deva""], [0.00037097869790159166, ""mai_Deva""]]"
L5,2267,anp_Deva,0.5575374364852905,0.4392363727092743,"[[0.5575374364852905, ""anp_Deva""], [0.4392363727092743, ""hin_Deva""], [0.0022315962705761194, ""awa_Deva""], [0.0003633919113781303, ""bho_Deva""], [0.0003258968354202807, ""mai_Deva""]]"
L5,2272,hin_Deva,0.9612197279930115,0.9612197279930115,"[[0.9612197279930115, ""hin_Deva""], [0.03203974664211273, ""anp_Deva""], [0.001851447275839746, ""mag_Deva""], [0.0015171539271250367, ""awa_Deva""], [0.00133684859611094, ""bho_Deva""]]"
L5,2283,hin_Deva,0.9514284729957581,0.9514284729957581,"[[0.9514284729957581, ""hin_Deva""], [0.03792494535446167, ""anp_Deva""], [0.0027854505460709333, ""mai_Deva""], [0.0021666057873517275, ""awa_Deva""], [0.002033452969044447, ""new_Deva""]]"
L5,2320,anp_Deva,0.9476807713508606,0.044669367372989655,"[[0.9476807713508606, ""anp_Deva""], [0.044669367372989655, ""hin_Deva""], [0.006776195485144854, ""awa_Deva""], [0.0005697303568013012, ""new_Deva""], [0.00031734592630527914, ""mai_Deva""]]"
L5,2334,hin_Deva,0.7209808826446533,0.7209808826446533,"[[0.7209808826446533, ""hin_Deva""], [0.27532923221588135, ""anp_Deva""], [0.0023737531155347824, ""awa_Deva""], [0.0007964331307448447, ""new_Deva""], [0.00023420696379616857, ""mai_Deva""]]"
L5,2335,anp_Deva,0.8209484815597534,0.17528128623962402,"[[0.8209484815597534, ""anp_Deva""], [0.17528128623962402, ""hin_Deva""], [0.002334136050194502, ""awa_Deva""], [0.0010610949248075485, ""new_Deva""], [0.00038647744804620743, ""mai_Deva""]]"
L5,2351,hin_Deva,0.5419472455978394,0.5419472455978394,"[[0.5419472455978394, ""hin_Deva""], [0.45430952310562134, ""anp_Deva""], [0.0017508475575596094, ""awa_Deva""], [0.001206612098030746, ""new_Deva""], [0.000564142013899982, ""mai_Deva""]]"
L5,2368,anp_Deva,0.8138009905815125,0.18151478469371796,"[[0.8138009905815125, ""anp_Deva""], [0.18151478469371796, ""hin_Deva""], [0.0027686082758009434, ""awa_Deva""], [0.001410949626006186, ""new_Deva""], [0.0003789874608628452, ""mai_Deva""]]"
L5,2375,anp_Deva,0.5431269407272339,0.4534507691860199,"[[0.5431269407272339, ""anp_Deva""], [0.4534507691860199, ""hin_Deva""], [0.002264569280669093, ""awa_Deva""], [0.0007486314862035215, ""bho_Deva""], [0.0003113420680165291, ""new_Deva""]]"
L5,2413,anp_Deva,0.9202966690063477,0.07879039645195007,"[[0.9202966690063477, ""anp_Deva""], [0.07879039645195007, ""hin_Deva""], [0.00034499107277952135, ""awa_Deva""], [0.00028512594872154295, ""mag_Deva""], [0.00017079053213819861, ""mai_Deva""]]"
L5,2419,hin_Deva,0.6444724798202515,0.6444724798202515,"[[0.6444724798202515, ""hin_Deva""], [0.34105953574180603, ""anp_Deva""], [0.005826620850712061, ""new_Deva""], [0.004808514378964901, ""awa_Deva""], [0.0016092733712866902, ""mai_Deva""]]"
L5,2420,hin_Deva,0.9538838863372803,0.9538838863372803,"[[0.9538838863372803, ""hin_Deva""], [0.04430616274476051, ""anp_Deva""], [0.0006753389607183635, ""new_Deva""], [0.00040316564263775945, ""mai_Deva""], [0.00030270012211985886, ""mag_Deva""]]"
L5,2423,anp_Deva,0.7589618563652039,0.23902758955955505,"[[0.7589618563652039, ""anp_Deva""], [0.23902758955955505, ""hin_Deva""], [0.0011304887011647224, ""new_Deva""], [0.0007624830468557775, ""awa_Deva""], [8.949078619480133e-05, ""mai_Deva""]]"
L5,2442,hin_Deva,0.9701810479164124,0.9701810479164124,"[[0.9701810479164124, ""hin_Deva""], [0.020425274968147278, ""anp_Deva""], [0.003403478767722845, ""awa_Deva""], [0.0028621938545256853, ""new_Deva""], [0.0027116804849356413, ""bho_Deva""]]"
L5,2450,hin_Deva,0.9084357619285583,0.9084357619285583,"[[0.9084357619285583, ""hin_Deva""], [0.08911196142435074, ""anp_Deva""], [0.0009083221084438264, ""new_Deva""], [0.0005847453721798956, ""awa_Deva""], [0.0003993856953456998, ""bho_Deva""]]"
L5,2452,hin_Deva,0.6397654414176941,0.6397654414176941,"[[0.6397654414176941, ""hin_Deva""], [0.3578720688819885, ""anp_Deva""], [0.0012586071388795972, ""new_Deva""], [0.0007483894587494433, ""awa_Deva""], [0.0002397875505266711, ""mai_Deva""]]"
L5,2454,hin_Deva,0.9740175604820251,0.9740175604820251,"[[0.9740175604820251, ""hin_Deva""], [0.02082897163927555, ""anp_Deva""], [0.0030511249788105488, ""new_Deva""], [0.0010863880161195993, ""awa_Deva""], [0.0007672326755709946, ""mai_Deva""]]"
L5,2461,anp_Deva,0.9702740907669067,0.028457267209887505,"[[0.9702740907669067, ""anp_Deva""], [0.028457267209887505, ""hin_Deva""], [0.0008319257758557796, ""new_Deva""], [0.00043458110303618014, ""awa_Deva""], [3.510065289447084e-05, ""bho_Deva""]]"
L5,2475,hin_Deva,0.6699060201644897,0.6699060201644897,"[[0.6699060201644897, ""hin_Deva""], [0.3291403353214264, ""anp_Deva""], [0.0004690209461841732, ""awa_Deva""], [0.00033161285682581365, ""new_Deva""], [0.00010184499114984646, ""mai_Deva""]]"
L5,2482,hin_Deva,0.6434284448623657,0.6434284448623657,"[[0.6434284448623657, ""hin_Deva""], [0.35056862235069275, ""anp_Deva""], [0.003871602937579155, ""awa_Deva""], [0.002013392047956586, ""new_Deva""], [7.595440547447652e-05, ""mai_Deva""]]"
L5,2490,anp_Deva,0.8624430894851685,0.1321110725402832,"[[0.8624430894851685, ""anp_Deva""], [0.1321110725402832, ""hin_Deva""], [0.004467832390218973, ""new_Deva""], [0.000470698403660208, ""awa_Deva""], [0.00041631152271293104, ""mai_Deva""]]"
L5,2512,anp_Deva,0.7752282619476318,0.22130778431892395,"[[0.7752282619476318, ""anp_Deva""], [0.22130778431892395, ""hin_Deva""], [0.002236213767901063, ""new_Deva""], [0.0011360254138708115, ""awa_Deva""], [8.560462447348982e-05, ""bho_Deva""]]"
L5,2513,hin_Deva,0.6083917021751404,0.6083917021751404,"[[0.6083917021751404, ""hin_Deva""], [0.3875020742416382, ""anp_Deva""], [0.00219983933493495, ""new_Deva""], [0.0016704665031284094, ""awa_Deva""], [0.00016224388673435897, ""bho_Deva""]]"
L5,2520,anp_Deva,0.6458277106285095,0.3449622094631195,"[[0.6458277106285095, ""anp_Deva""], [0.3449622094631195, ""hin_Deva""], [0.00665890472009778, ""awa_Deva""], [0.0008894327329471707, ""new_Deva""], [0.0007775027770549059, ""bho_Deva""]]"
L5,2521,hin_Deva,0.7944626808166504,0.7944626808166504,"[[0.7944626808166504, ""hin_Deva""], [0.19850897789001465, ""anp_Deva""], [0.00407092971727252, ""awa_Deva""], [0.002193186432123184, ""new_Deva""], [0.00032078305957838893, ""mai_Deva""]]"
L5,2533,anp_Deva,0.8406736254692078,0.15493449568748474,"[[0.8406736254692078, ""anp_Deva""], [0.15493449568748474, ""hin_Deva""], [0.002587168011814356, ""awa_Deva""], [0.0010570574086159468, ""new_Deva""], [0.0002939939731732011, ""mai_Deva""]]"
L5,2539,anp_Deva,0.8994058966636658,0.10010722279548645,"[[0.8994058966636658, ""anp_Deva""], [0.10010722279548645, ""hin_Deva""], [0.0004326977941673249, ""awa_Deva""], [5.1854774937964976e-05, ""new_Deva""], [3.503614061628468e-05, ""mai_Deva""]]"
L5,2542,anp_Deva,0.7515081167221069,0.2314588874578476,"[[0.7515081167221069, ""anp_Deva""], [0.2314588874578476, ""hin_Deva""], [0.016862347722053528, ""new_Deva""], [0.00017360621131956577, ""awa_Deva""], [2.325837704120204e-05, ""mai_Deva""]]"
L5,2544,hin_Deva,0.6207685470581055,0.6207685470581055,"[[0.6207685470581055, ""hin_Deva""], [0.370643675327301, ""anp_Deva""], [0.003488219575956464, ""awa_Deva""], [0.0024395000655204058, ""new_Deva""], [0.0013318945420905948, ""bho_Deva""]]"
L5,2545,anp_Deva,0.9622398614883423,0.03714454919099808,"[[0.9622398614883423, ""anp_Deva""], [0.03714454919099808, ""hin_Deva""], [0.0003924465854652226, ""new_Deva""], [0.00015497904678341, ""awa_Deva""], [9.099199814954773e-05, ""mai_Deva""]]"
L5,2551,anp_Deva,0.5388055443763733,0.45917725563049316,"[[0.5388055443763733, ""anp_Deva""], [0.45917725563049316, ""hin_Deva""], [0.0010417759185656905, ""awa_Deva""], [0.0007029473199509084, ""new_Deva""], [0.0002734208828769624, ""mai_Deva""]]"
L5,2554,anp_Deva,0.5622634291648865,0.43641340732574463,"[[0.5622634291648865, ""anp_Deva""], [0.43641340732574463, ""hin_Deva""], [0.0008859761874191463, ""awa_Deva""], [0.00041555886855348945, ""new_Deva""], [5.46849551028572e-05, ""mai_Deva""]]"
L5,2555,anp_Deva,0.5711784958839417,0.4247887134552002,"[[0.5711784958839417, ""anp_Deva""], [0.4247887134552002, ""hin_Deva""], [0.002109181834384799, ""mai_Deva""], [0.0007109204889275134, ""new_Deva""], [0.0004093876632396132, ""awa_Deva""]]"
L5,2566,anp_Deva,0.9910908341407776,0.0076329391449689865,"[[0.9910908341407776, ""anp_Deva""], [0.0076329391449689865, ""hin_Deva""], [0.0007372429245151579, ""new_Deva""], [0.0005651831743307412, ""awa_Deva""], [1.7332191418972798e-05, ""mai_Deva""]]"
L5,2567,anp_Deva,0.9209233522415161,0.07841590791940689,"[[0.9209233522415161, ""anp_Deva""], [0.07841590791940689, ""hin_Deva""], [0.0003262640966568142, ""new_Deva""], [0.0001901847863337025, ""awa_Deva""], [0.00011190840450581163, ""mai_Deva""]]"
L5,2573,hin_Deva,0.6936706304550171,0.6936706304550171,"[[0.6936706304550171, ""hin_Deva""], [0.30177950859069824, ""anp_Deva""], [0.0028085638768970966, ""awa_Deva""], [0.0012150711845606565, ""new_Deva""], [0.00030319966026581824, ""mai_Deva""]]"
L5,2588,hin_Deva,0.5213574767112732,0.5213574767112732,"[[0.5213574767112732, ""hin_Deva""], [0.47647109627723694, ""anp_Deva""], [0.0010775041300803423, ""awa_Deva""], [0.0006219609640538692, ""mai_Deva""], [0.00040048928349278867, ""new_Deva""]]"
L5,2591,anp_Deva,0.6479944586753845,0.3476763367652893,"[[0.6479944586753845, ""anp_Deva""], [0.3476763367652893, ""hin_Deva""], [0.0027841785922646523, ""awa_Deva""], [0.001483936794102192, ""new_Deva""], [7.025853847153485e-05, ""bho_Deva""]]"
L5,2593,anp_Deva,0.5825214385986328,0.411234587430954,"[[0.5825214385986328, ""anp_Deva""], [0.411234587430954, ""hin_Deva""], [0.0037440750747919083, ""awa_Deva""], [0.0016300103161484003, ""new_Deva""], [0.0007108869031071663, ""bho_Deva""]]"
L5,2602,anp_Deva,0.8679140210151672,0.1311141401529312,"[[0.8679140210151672, ""anp_Deva""], [0.1311141401529312, ""hin_Deva""], [0.0005503194988705218, ""awa_Deva""], [0.0003150228876620531, ""new_Deva""], [6.542498158523813e-05, ""mai_Deva""]]"
L5,2605,anp_Deva,0.623763382434845,0.3662497401237488,"[[0.623763382434845, ""anp_Deva""], [0.3662497401237488, ""hin_Deva""], [0.008100655861198902, ""awa_Deva""], [0.0017678523436188698, ""new_Deva""], [7.913215813459828e-05, ""sck_Deva""]]"
L5,2613,hin_Deva,0.5115712285041809,0.5115712285041809,"[[0.5115712285041809, ""hin_Deva""], [0.4157595932483673, ""anp_Deva""], [0.06938914954662323, ""awa_Deva""], [0.0019927164539694786, ""new_Deva""], [0.0010341464076191187, ""bho_Deva""]]"
L5,2632,hin_Deva,0.9271842241287231,0.9271842241287231,"[[0.9271842241287231, ""hin_Deva""], [0.06500884145498276, ""anp_Deva""], [0.005802704021334648, ""awa_Deva""], [0.0014977599494159222, ""new_Deva""], [0.00011193103273399174, ""mag_Deva""]]"
L5,2635,anp_Deva,0.8830960392951965,0.11397761851549149,"[[0.8830960392951965, ""anp_Deva""], [0.11397761851549149, ""hin_Deva""], [0.0019078481709584594, ""new_Deva""], [0.0006863113376311958, ""awa_Deva""], [0.0003256473573856056, ""mai_Deva""]]"
L5,2637,hin_Deva,0.8937629461288452,0.8937629461288452,"[[0.8937629461288452, ""hin_Deva""], [0.08581212162971497, ""anp_Deva""], [0.01123186107724905, ""awa_Deva""], [0.008798643946647644, ""new_Deva""], [0.00023185616009868681, ""mai_Deva""]]"
L5,2638,anp_Deva,0.9894618391990662,0.01032199990004301,"[[0.9894618391990662, ""anp_Deva""], [0.01032199990004301, ""hin_Deva""], [0.00012514610716607422, ""awa_Deva""], [9.435736865270883e-05, ""new_Deva""], [3.778841710300185e-05, ""mai_Deva""]]"
L5,2639,anp_Deva,0.6159626841545105,0.381453275680542,"[[0.6159626841545105, ""anp_Deva""], [0.381453275680542, ""hin_Deva""], [0.0010896669700741768, ""new_Deva""], [0.0007235034136101604, ""awa_Deva""], [0.0004367980291135609, ""mai_Deva""]]"
L5,2640,hin_Deva,0.8258761167526245,0.8258761167526245,"[[0.8258761167526245, ""hin_Deva""], [0.16941526532173157, ""anp_Deva""], [0.004048480186611414, ""awa_Deva""], [0.000317068217555061, ""new_Deva""], [0.0001913405576488003, ""bho_Deva""]]"
L5,2643,anp_Deva,0.8098858594894409,0.187386617064476,"[[0.8098858594894409, ""anp_Deva""], [0.187386617064476, ""hin_Deva""], [0.0013033001450821757, ""awa_Deva""], [0.0005205204943194985, ""bho_Deva""], [0.00041694409446790814, ""new_Deva""]]"
L5,2644,hin_Deva,0.7716696262359619,0.7716696262359619,"[[0.7716696262359619, ""hin_Deva""], [0.2240610420703888, ""anp_Deva""], [0.0021569635719060898, ""awa_Deva""], [0.0013573513133451343, ""new_Deva""], [0.0004971952293999493, ""bho_Deva""]]"
L5,2649,anp_Deva,0.7720341086387634,0.22531048953533173,"[[0.7720341086387634, ""anp_Deva""], [0.22531048953533173, ""hin_Deva""], [0.0011837932979688048, ""awa_Deva""], [0.0008489633328281343, ""new_Deva""], [0.00024248570844065398, ""mai_Deva""]]"
L5,2658,anp_Deva,0.5759990811347961,0.4199610948562622,"[[0.5759990811347961, ""anp_Deva""], [0.4199610948562622, ""hin_Deva""], [0.0030252120923250914, ""awa_Deva""], [0.00037988615804351866, ""new_Deva""], [0.00034879648592323065, ""bho_Deva""]]"
L5,2676,anp_Deva,0.5361547470092773,0.4548947513103485,"[[0.5361547470092773, ""anp_Deva""], [0.4548947513103485, ""hin_Deva""], [0.006128812674432993, ""awa_Deva""], [0.002802039962261915, ""new_Deva""], [3.112124977633357e-05, ""mai_Deva""]]"
L5,2681,anp_Deva,0.9387969970703125,0.058815717697143555,"[[0.9387969970703125, ""anp_Deva""], [0.058815717697143555, ""hin_Deva""], [0.0016135178739205003, ""awa_Deva""], [0.0007416206644847989, ""new_Deva""], [7.307383202714846e-05, ""mai_Deva""]]"
L5,2688,hin_Deva,0.678390622138977,0.678390622138977,"[[0.678390622138977, ""hin_Deva""], [0.3184181749820709, ""anp_Deva""], [0.0014230937231332064, ""awa_Deva""], [0.001139891566708684, ""new_Deva""], [0.0005482129636220634, ""mai_Deva""]]"
L5,2689,hin_Deva,0.88478022813797,0.88478022813797,"[[0.88478022813797, ""hin_Deva""], [0.09825751930475235, ""anp_Deva""], [0.010271859355270863, ""awa_Deva""], [0.004551364108920097, ""new_Deva""], [0.0019044659566134214, ""mai_Deva""]]"
L5,2703,hin_Deva,0.9480353593826294,0.9480353593826294,"[[0.9480353593826294, ""hin_Deva""], [0.04852041229605675, ""anp_Deva""], [0.0019404009217396379, ""new_Deva""], [0.0011894748313352466, ""mai_Deva""], [0.0002011017204495147, ""awa_Deva""]]"
L5,2708,hin_Deva,0.5203345417976379,0.5203345417976379,"[[0.5203345417976379, ""hin_Deva""], [0.465464323759079, ""anp_Deva""], [0.008617241866886616, ""awa_Deva""], [0.0029694957192987204, ""new_Deva""], [0.002148233586922288, ""mai_Deva""]]"
L5,2722,hin_Deva,0.7337397933006287,0.7337397933006287,"[[0.7337397933006287, ""hin_Deva""], [0.2569272220134735, ""anp_Deva""], [0.004726420622318983, ""new_Deva""], [0.002882491797208786, ""mai_Deva""], [0.0010516657494008541, ""awa_Deva""]]"
L5,2736,anp_Deva,0.577815592288971,0.41992732882499695,"[[0.577815592288971, ""anp_Deva""], [0.41992732882499695, ""hin_Deva""], [0.0008893712656572461, ""awa_Deva""], [0.0007220851839520037, ""new_Deva""], [0.00037935306318104267, ""mai_Deva""]]"
L5,2746,anp_Deva,0.8738093376159668,0.12540240585803986,"[[0.8738093376159668, ""anp_Deva""], [0.12540240585803986, ""hin_Deva""], [0.00030528815113939345, ""awa_Deva""], [0.00029976016958244145, ""new_Deva""], [0.0001564776903251186, ""bho_Deva""]]"
L5,2755,hin_Deva,0.7854580879211426,0.7854580879211426,"[[0.7854580879211426, ""hin_Deva""], [0.21268360316753387, ""anp_Deva""], [0.0007403151248581707, ""awa_Deva""], [0.0005864411941729486, ""new_Deva""], [0.00031621786183677614, ""bho_Deva""]]"
L5,2763,anp_Deva,0.5130968689918518,0.48077186942100525,"[[0.5130968689918518, ""anp_Deva""], [0.48077186942100525, ""hin_Deva""], [0.004507200326770544, ""new_Deva""], [0.0012615410378202796, ""awa_Deva""], [0.00032608149922452867, ""mai_Deva""]]"
L5,2772,anp_Deva,0.6626012921333313,0.3321545720100403,"[[0.6626012921333313, ""anp_Deva""], [0.3321545720100403, ""hin_Deva""], [0.00452686520293355, ""awa_Deva""], [0.0006559304310940206, ""new_Deva""], [6.029721407685429e-05, ""mai_Deva""]]"
L5,2786,anp_Deva,0.6846812963485718,0.31170937418937683,"[[0.6846812963485718, ""anp_Deva""], [0.31170937418937683, ""hin_Deva""], [0.0025518983602523804, ""awa_Deva""], [0.0004929970600642264, ""new_Deva""], [0.00032270047813653946, ""bho_Deva""]]"
L5,2790,anp_Deva,0.8812678456306458,0.11816762387752533,"[[0.8812678456306458, ""anp_Deva""], [0.11816762387752533, ""hin_Deva""], [0.00030640585464425385, ""awa_Deva""], [0.00023735901049803942, ""new_Deva""], [3.234990072087385e-05, ""bho_Deva""]]"
L5,2795,hin_Deva,0.9237124919891357,0.9237124919891357,"[[0.9237124919891357, ""hin_Deva""], [0.0732678472995758, ""anp_Deva""], [0.0011966691818088293, ""new_Deva""], [0.0010410449467599392, ""awa_Deva""], [0.0006346473819576204, ""mai_Deva""]]"
L5,2798,anp_Deva,0.5884794592857361,0.40258312225341797,"[[0.5884794592857361, ""anp_Deva""], [0.40258312225341797, ""hin_Deva""], [0.007016272284090519, ""awa_Deva""], [0.0014631717931479216, ""new_Deva""], [0.000350884220097214, ""mai_Deva""]]"
L5,2809,anp_Deva,0.9285503625869751,0.0709797814488411,"[[0.9285503625869751, ""anp_Deva""], [0.0709797814488411, ""hin_Deva""], [0.00026996340602636337, ""awa_Deva""], [0.0001658313412917778, ""new_Deva""], [6.915516132721677e-05, ""mai_Deva""]]"
L5,2831,anp_Deva,0.7931760549545288,0.204570010304451,"[[0.7931760549545288, ""anp_Deva""], [0.204570010304451, ""hin_Deva""], [0.0013807429932057858, ""new_Deva""], [0.0007065878016874194, ""awa_Deva""], [0.0001635003136470914, ""mai_Deva""]]"
L5,2835,hin_Deva,0.9081618189811707,0.9081618189811707,"[[0.9081618189811707, ""hin_Deva""], [0.08472862839698792, ""anp_Deva""], [0.004625136964023113, ""awa_Deva""], [0.0009166517411358654, ""new_Deva""], [0.000728018581867218, ""mai_Deva""]]"
L5,2838,hin_Deva,0.6945375800132751,0.6945375800132751,"[[0.6945375800132751, ""hin_Deva""], [0.29949840903282166, ""anp_Deva""], [0.0032514710910618305, ""awa_Deva""], [0.0018960436573252082, ""new_Deva""], [0.0006616103928536177, ""mai_Deva""]]"
L5,2840,hin_Deva,0.9377140998840332,0.9377140998840332,"[[0.9377140998840332, ""hin_Deva""], [0.04562563821673393, ""anp_Deva""], [0.011622615158557892, ""awa_Deva""], [0.004492693115025759, ""new_Deva""], [0.00044735835399478674, ""bho_Deva""]]"
L5,2845,hin_Deva,0.5572273135185242,0.5572273135185242,"[[0.5572273135185242, ""hin_Deva""], [0.4400617182254791, ""anp_Deva""], [0.0019654768984764814, ""new_Deva""], [0.0004859802720602602, ""awa_Deva""], [0.00028298344113864005, ""mai_Deva""]]"
L5,2852,anp_Deva,0.8128111958503723,0.18517301976680756,"[[0.8128111958503723, ""anp_Deva""], [0.18517301976680756, ""hin_Deva""], [0.0016384246991947293, ""awa_Deva""], [0.00020090887846890837, ""new_Deva""], [0.00015071076632011682, ""mai_Deva""]]"
L5,2857,anp_Deva,0.5261228084564209,0.47204285860061646,"[[0.5261228084564209, ""anp_Deva""], [0.47204285860061646, ""hin_Deva""], [0.0006575127481482923, ""awa_Deva""], [0.00059718475677073, ""mai_Deva""], [0.00036258826730772853, ""new_Deva""]]"
L5,2861,anp_Deva,0.8351573348045349,0.1610366851091385,"[[0.8351573348045349, ""anp_Deva""], [0.1610366851091385, ""hin_Deva""], [0.003231299575418234, ""awa_Deva""], [0.00044178799726068974, ""new_Deva""], [0.00015413211076520383, ""mai_Deva""]]"
L5,2870,anp_Deva,0.8301109075546265,0.16813622415065765,"[[0.8301109075546265, ""anp_Deva""], [0.16813622415065765, ""hin_Deva""], [0.0007017563912086189, ""awa_Deva""], [0.00044484809041023254, ""new_Deva""], [0.00036541378358379006, ""mai_Deva""]]"
L5,2883,anp_Deva,0.9368554949760437,0.06289001554250717,"[[0.9368554949760437, ""anp_Deva""], [0.06289001554250717, ""hin_Deva""], [0.00017155124805867672, ""awa_Deva""], [5.471229087561369e-05, ""new_Deva""], [5.338390474207699e-05, ""mai_Deva""]]"
L5,2898,hin_Deva,0.9702228903770447,0.9702228903770447,"[[0.9702228903770447, ""hin_Deva""], [0.023075053468346596, ""anp_Deva""], [0.005150711163878441, ""awa_Deva""], [0.0005506005836650729, ""mai_Deva""], [0.0004756864800583571, ""new_Deva""]]"
L5,2920,hin_Deva,0.7806706428527832,0.7806706428527832,"[[0.7806706428527832, ""hin_Deva""], [0.20878766477108002, ""anp_Deva""], [0.007964498363435268, ""awa_Deva""], [0.0008314482984133065, ""new_Deva""], [0.0007880610064603388, ""mai_Deva""]]"
L5,2923,anp_Deva,0.8739948868751526,0.12273844331502914,"[[0.8739948868751526, ""anp_Deva""], [0.12273844331502914, ""hin_Deva""], [0.0020708704832941294, ""awa_Deva""], [0.0007959468057379127, ""new_Deva""], [0.0003215886536054313, ""mai_Deva""]]"
L5,2928,hin_Deva,0.7347974181175232,0.7347974181175232,"[[0.7347974181175232, ""hin_Deva""], [0.25345557928085327, ""anp_Deva""], [0.0036974602844566107, ""awa_Deva""], [0.0036879905965179205, ""new_Deva""], [0.0024430681951344013, ""mai_Deva""]]"
L5,2936,anp_Deva,0.6191530823707581,0.3646135628223419,"[[0.6191530823707581, ""anp_Deva""], [0.3646135628223419, ""hin_Deva""], [0.010801971890032291, ""new_Deva""], [0.005266338586807251, ""awa_Deva""], [0.00012104973575333133, ""mai_Deva""]]"
L5,2943,anp_Deva,0.6957331299781799,0.3020908236503601,"[[0.6957331299781799, ""anp_Deva""], [0.3020908236503601, ""hin_Deva""], [0.001263730227947235, ""awa_Deva""], [0.0006171229179017246, ""new_Deva""], [0.0001810568937798962, ""mai_Deva""]]"
L5,2951,hin_Deva,0.7742833495140076,0.7742833495140076,"[[0.7742833495140076, ""hin_Deva""], [0.222197026014328, ""anp_Deva""], [0.001773680211044848, ""new_Deva""], [0.0010082077933475375, ""awa_Deva""], [0.00031903735361993313, ""mai_Deva""]]"
L5,2952,anp_Deva,0.9689770340919495,0.03071342036128044,"[[0.9689770340919495, ""anp_Deva""], [0.03071342036128044, ""hin_Deva""], [0.00021764177654404193, ""new_Deva""], [0.00011704491771524772, ""awa_Deva""], [2.3383992811432108e-05, ""mai_Deva""]]"
L5,2956,anp_Deva,0.8935573101043701,0.09922933578491211,"[[0.8935573101043701, ""anp_Deva""], [0.09922933578491211, ""hin_Deva""], [0.0037730748299509287, ""awa_Deva""], [0.0020146924071013927, ""new_Deva""], [0.0007383525371551514, ""bho_Deva""]]"
L5,2966,hin_Deva,0.7274455428123474,0.7274455428123474,"[[0.7274455428123474, ""hin_Deva""], [0.2686634063720703, ""anp_Deva""], [0.0028131422586739063, ""awa_Deva""], [0.0009228179114870727, ""new_Deva""], [0.00010070177086163312, ""mai_Deva""]]"
L5,2978,anp_Deva,0.869174599647522,0.12864360213279724,"[[0.869174599647522, ""anp_Deva""], [0.12864360213279724, ""hin_Deva""], [0.0020542102865874767, ""awa_Deva""], [0.0001242597500095144, ""new_Deva""], [4.1347120713908225e-05, ""mai_Deva""]]"
L5,2980,hin_Deva,0.6507591009140015,0.6507591009140015,"[[0.6507591009140015, ""hin_Deva""], [0.3455905318260193, ""anp_Deva""], [0.002195324981585145, ""awa_Deva""], [0.0009585608495399356, ""new_Deva""], [0.00030163704650476575, ""bho_Deva""]]"
L5,2988,anp_Deva,0.6493048667907715,0.34295690059661865,"[[0.6493048667907715, ""anp_Deva""], [0.34295690059661865, ""hin_Deva""], [0.006763473618775606, ""awa_Deva""], [0.000859469233546406, ""new_Deva""], [0.00010217995441053063, ""mag_Deva""]]"
L5,2996,hin_Deva,0.7270609140396118,0.7270609140396118,"[[0.7270609140396118, ""hin_Deva""], [0.2618294656276703, ""anp_Deva""], [0.006809846963733435, ""new_Deva""], [0.0024880124256014824, ""awa_Deva""], [0.001023031072691083, ""bho_Deva""]]"
L5,3001,anp_Deva,0.6763879656791687,0.31880706548690796,"[[0.6763879656791687, ""anp_Deva""], [0.31880706548690796, ""hin_Deva""], [0.0031960713677108288, ""awa_Deva""], [0.0008081535343080759, ""new_Deva""], [0.0006432328373193741, ""mai_Deva""]]"
L5,3009,anp_Deva,0.9134547710418701,0.08453992009162903,"[[0.9134547710418701, ""anp_Deva""], [0.08453992009162903, ""hin_Deva""], [0.0009526585345156491, ""awa_Deva""], [0.0006226746481843293, ""mai_Deva""], [0.0004358476435299963, ""new_Deva""]]"
L5,3010,anp_Deva,0.9780997037887573,0.020330054685473442,"[[0.9780997037887573, ""anp_Deva""], [0.020330054685473442, ""hin_Deva""], [0.001514738891273737, ""awa_Deva""], [8.936959056882188e-05, ""new_Deva""], [1.4383904272108339e-05, ""mai_Deva""]]"
L5,3013,hin_Deva,0.8527502417564392,0.8527502417564392,"[[0.8527502417564392, ""hin_Deva""], [0.13908438384532928, ""anp_Deva""], [0.004873315338045359, ""awa_Deva""], [0.0016214813804253936, ""new_Deva""], [0.0007965079275891185, ""bho_Deva""]]"
L5,3027,anp_Deva,0.887371301651001,0.11168190836906433,"[[0.887371301651001, ""anp_Deva""], [0.11168190836906433, ""hin_Deva""], [0.0006690477021038532, ""new_Deva""], [0.00019201745453756303, ""awa_Deva""], [9.259086073143408e-05, ""mai_Deva""]]"
L5,3032,anp_Deva,0.9861301183700562,0.013341759331524372,"[[0.9861301183700562, ""anp_Deva""], [0.013341759331524372, ""hin_Deva""], [0.0003770461480598897, ""awa_Deva""], [0.00015693290333729237, ""new_Deva""], [3.6630612157750875e-05, ""mai_Deva""]]"
L5,3046,anp_Deva,0.6152416467666626,0.37600675225257874,"[[0.6152416467666626, ""anp_Deva""], [0.37600675225257874, ""hin_Deva""], [0.006663322914391756, ""new_Deva""], [0.0020427904091775417, ""awa_Deva""], [5.937671448918991e-05, ""mai_Deva""]]"
L5,3057,anp_Deva,0.6741878986358643,0.31235599517822266,"[[0.6741878986358643, ""anp_Deva""], [0.31235599517822266, ""hin_Deva""], [0.011981857009232044, ""awa_Deva""], [0.0011069654719904065, ""new_Deva""], [0.0002498780668247491, ""bho_Deva""]]"
L5,3063,anp_Deva,0.5807512402534485,0.39944037795066833,"[[0.5807512402534485, ""anp_Deva""], [0.39944037795066833, ""hin_Deva""], [0.017308177426457405, ""new_Deva""], [0.002026640111580491, ""awa_Deva""], [0.0003013748209923506, ""mai_Deva""]]"
L5,3069,anp_Deva,0.9480610489845276,0.051527589559555054,"[[0.9480610489845276, ""anp_Deva""], [0.051527589559555054, ""hin_Deva""], [0.00025908061070367694, ""new_Deva""], [0.0001313810789724812, ""awa_Deva""], [5.3227126045385376e-05, ""mai_Deva""]]"
L5,3079,hin_Deva,0.6947553157806396,0.6947553157806396,"[[0.6947553157806396, ""hin_Deva""], [0.29943355917930603, ""anp_Deva""], [0.0025313198566436768, ""new_Deva""], [0.0018898679409176111, ""awa_Deva""], [0.0007303997408598661, ""bho_Deva""]]"
L5,3097,anp_Deva,0.5508491396903992,0.4449739158153534,"[[0.5508491396903992, ""anp_Deva""], [0.4449739158153534, ""hin_Deva""], [0.002318140584975481, ""awa_Deva""], [0.000815151259303093, ""new_Deva""], [0.0005270038964226842, ""bho_Deva""]]"
L5,3099,hin_Deva,0.7460848689079285,0.7460848689079285,"[[0.7460848689079285, ""hin_Deva""], [0.24616049230098724, ""anp_Deva""], [0.0024717554915696383, ""awa_Deva""], [0.0014366693794727325, ""bho_Deva""], [0.0014185855397954583, ""mag_Deva""]]"
L5,3109,hin_Deva,0.8100872039794922,0.8100872039794922,"[[0.8100872039794922, ""hin_Deva""], [0.18652848899364471, ""anp_Deva""], [0.0021975936833769083, ""new_Deva""], [0.000459536473499611, ""awa_Deva""], [0.0003261141537223011, ""mai_Deva""]]"
L5,3113,anp_Deva,0.9073359966278076,0.09011445939540863,"[[0.9073359966278076, ""anp_Deva""], [0.09011445939540863, ""hin_Deva""], [0.002172443550080061, ""awa_Deva""], [0.00040095800068229437, ""new_Deva""], [2.2363821699400432e-05, ""mai_Deva""]]"
L5,3117,anp_Deva,0.9450157284736633,0.054038919508457184,"[[0.9450157284736633, ""anp_Deva""], [0.054038919508457184, ""hin_Deva""], [0.0005052881897427142, ""new_Deva""], [0.00032806122908368707, ""awa_Deva""], [0.00011585198808461428, ""mai_Deva""]]"
L5,3126,hin_Deva,0.9415347576141357,0.9415347576141357,"[[0.9415347576141357, ""hin_Deva""], [0.03902265056967735, ""anp_Deva""], [0.007231296040117741, ""new_Deva""], [0.0038435771130025387, ""bho_Deva""], [0.0028091692365705967, ""awa_Deva""]]"
L5,3128,hin_Deva,0.9186592698097229,0.9186592698097229,"[[0.9186592698097229, ""hin_Deva""], [0.07788612693548203, ""anp_Deva""], [0.0023227911442518234, ""awa_Deva""], [0.000863135966937989, ""new_Deva""], [0.00018188015383202583, ""bho_Deva""]]"
L5,3134,hin_Deva,0.5277954936027527,0.5277954936027527,"[[0.5277954936027527, ""hin_Deva""], [0.463229238986969, ""anp_Deva""], [0.006845660042017698, ""awa_Deva""], [0.001201061182655394, ""new_Deva""], [0.0007399929454550147, ""mai_Deva""]]"
L5,3135,hin_Deva,0.5052760243415833,0.5052760243415833,"[[0.5052760243415833, ""hin_Deva""], [0.4862208664417267, ""anp_Deva""], [0.00753565039485693, ""awa_Deva""], [0.00035362038761377335, ""mai_Deva""], [0.0003414034144952893, ""new_Deva""]]"
L5,3137,anp_Deva,0.5544968843460083,0.4446774125099182,"[[0.5544968843460083, ""anp_Deva""], [0.4446774125099182, ""hin_Deva""], [0.0005043746205046773, ""new_Deva""], [0.00020533913630060852, ""awa_Deva""], [9.074311674339697e-05, ""bho_Deva""]]"
L5,3151,hin_Deva,0.7719458937644958,0.7719458937644958,"[[0.7719458937644958, ""hin_Deva""], [0.220818430185318, ""anp_Deva""], [0.006446413230150938, ""awa_Deva""], [0.00044945525587536395, ""new_Deva""], [0.00018833762442227453, ""bho_Deva""]]"
L5,3152,hin_Deva,0.5318745374679565,0.5318745374679565,"[[0.5318745374679565, ""hin_Deva""], [0.46258869767189026, ""anp_Deva""], [0.0030265250243246555, ""awa_Deva""], [0.001401261193677783, ""new_Deva""], [0.00039440157706849277, ""bho_Deva""]]"
L5,3164,anp_Deva,0.9056399464607239,0.09385654330253601,"[[0.9056399464607239, ""anp_Deva""], [0.09385654330253601, ""hin_Deva""], [0.0003735397767741233, ""awa_Deva""], [0.00010046943498309702, ""new_Deva""], [6.520385795738548e-05, ""mai_Deva""]]"
L5,3176,hin_Deva,0.5771443247795105,0.5771443247795105,"[[0.5771443247795105, ""hin_Deva""], [0.42153751850128174, ""anp_Deva""], [0.00048492816858924925, ""new_Deva""], [0.00029804641962982714, ""mai_Deva""], [0.0002687271044123918, ""awa_Deva""]]"
L5,3177,anp_Deva,0.7099632620811462,0.2885834276676178,"[[0.7099632620811462, ""anp_Deva""], [0.2885834276676178, ""hin_Deva""], [0.001024387078359723, ""awa_Deva""], [0.00044341752072796226, ""new_Deva""], [2.3262591639650054e-05, ""mai_Deva""]]"
L5,3187,anp_Deva,0.9616711139678955,0.03824908658862114,"[[0.9616711139678955, ""anp_Deva""], [0.03824908658862114, ""hin_Deva""], [4.584340422297828e-05, ""new_Deva""], [4.312968303565867e-05, ""mai_Deva""], [2.826728450600058e-05, ""awa_Deva""]]"
L5,3189,hin_Deva,0.8287800550460815,0.8287800550460815,"[[0.8287800550460815, ""hin_Deva""], [0.15247604250907898, ""anp_Deva""], [0.0073563395999372005, ""mai_Deva""], [0.004889849107712507, ""awa_Deva""], [0.0028869996313005686, ""new_Deva""]]"
L5,3197,hin_Deva,0.7913031578063965,0.7913031578063965,"[[0.7913031578063965, ""hin_Deva""], [0.2034081220626831, ""anp_Deva""], [0.003104953793808818, ""awa_Deva""], [0.0008660820894874632, ""new_Deva""], [0.0006892126984894276, ""mai_Deva""]]"
L5,3199,hin_Deva,0.9684169292449951,0.9684169292449951,"[[0.9684169292449951, ""hin_Deva""], [0.029013223946094513, ""anp_Deva""], [0.0011957234237343073, ""awa_Deva""], [0.0008185438346117735, ""new_Deva""], [0.0002199950540671125, ""mag_Deva""]]"
L5,3200,anp_Deva,0.8919483423233032,0.10700660198926926,"[[0.8919483423233032, ""anp_Deva""], [0.10700660198926926, ""hin_Deva""], [0.0005008795415051281, ""new_Deva""], [0.00045971223153173923, ""awa_Deva""], [0.00010500867938390002, ""mai_Deva""]]"
L5,3204,hin_Deva,0.5834453105926514,0.5834453105926514,"[[0.5834453105926514, ""hin_Deva""], [0.41240638494491577, ""anp_Deva""], [0.0034465023782104254, ""new_Deva""], [0.00048660681932233274, ""awa_Deva""], [0.0001959486835403368, ""bho_Deva""]]"
L5,3208,anp_Deva,0.60655277967453,0.38364410400390625,"[[0.60655277967453, ""anp_Deva""], [0.38364410400390625, ""hin_Deva""], [0.0043845283798873425, ""new_Deva""], [0.003917153924703598, ""awa_Deva""], [0.0008521978743374348, ""mai_Deva""]]"
L5,3211,anp_Deva,0.7793070673942566,0.21870216727256775,"[[0.7793070673942566, ""anp_Deva""], [0.21870216727256775, ""hin_Deva""], [0.0013714287197217345, ""new_Deva""], [0.00024345217389054596, ""awa_Deva""], [0.0002087440952891484, ""mai_Deva""]]"
L5,3218,hin_Deva,0.5666161775588989,0.5666161775588989,"[[0.5666161775588989, ""hin_Deva""], [0.42753878235816956, ""anp_Deva""], [0.003767490852624178, ""new_Deva""], [0.0019617045763880014, ""awa_Deva""], [7.47195299481973e-05, ""mai_Deva""]]"
L5,3219,hin_Deva,0.8194648027420044,0.8194648027420044,"[[0.8194648027420044, ""hin_Deva""], [0.17668749392032623, ""anp_Deva""], [0.0022141337394714355, ""awa_Deva""], [0.0015692519955337048, ""new_Deva""], [7.508153794333339e-05, ""mai_Deva""]]"
L5,3242,anp_Deva,0.6135762929916382,0.38494083285331726,"[[0.6135762929916382, ""anp_Deva""], [0.38494083285331726, ""hin_Deva""], [0.0011479782406240702, ""new_Deva""], [0.0002765011740848422, ""awa_Deva""], [7.433515565935522e-05, ""mai_Deva""]]"
L5,3250,anp_Deva,0.9916861057281494,0.00814305990934372,"[[0.9916861057281494, ""anp_Deva""], [0.00814305990934372, ""hin_Deva""], [0.0001683793670963496, ""new_Deva""], [3.857247793348506e-05, ""awa_Deva""], [1.2304402844165452e-05, ""mag_Deva""]]"
L5,3254,hin_Deva,0.9250507354736328,0.9250507354736328,"[[0.9250507354736328, ""hin_Deva""], [0.07303278893232346, ""anp_Deva""], [0.0010355903068557382, ""awa_Deva""], [0.0005684627685695887, ""new_Deva""], [0.0002122362784575671, ""mai_Deva""]]"
L5,3259,anp_Deva,0.9418846964836121,0.05749640613794327,"[[0.9418846964836121, ""anp_Deva""], [0.05749640613794327, ""hin_Deva""], [0.000471754465252161, ""awa_Deva""], [8.189760410459712e-05, ""mai_Deva""], [7.91778220445849e-05, ""new_Deva""]]"
L5,3260,anp_Deva,0.6633802056312561,0.32953518629074097,"[[0.6633802056312561, ""anp_Deva""], [0.32953518629074097, ""hin_Deva""], [0.006856359075754881, ""awa_Deva""], [0.00014150609786156565, ""mai_Deva""], [0.00011223374895052984, ""new_Deva""]]"
L5,3263,anp_Deva,0.8188165426254272,0.17098508775234222,"[[0.8188165426254272, ""anp_Deva""], [0.17098508775234222, ""hin_Deva""], [0.009111205115914345, ""awa_Deva""], [0.0009428712073713541, ""new_Deva""], [9.056967974174768e-05, ""mai_Deva""]]"
L5,3270,hin_Deva,0.6580718755722046,0.6580718755722046,"[[0.6580718755722046, ""hin_Deva""], [0.3254115581512451, ""anp_Deva""], [0.014105238951742649, ""awa_Deva""], [0.0018536212155595422, ""new_Deva""], [0.00036336781340651214, ""bho_Deva""]]"
L5,3280,anp_Deva,0.707901120185852,0.29085278511047363,"[[0.707901120185852, ""anp_Deva""], [0.29085278511047363, ""hin_Deva""], [0.0008743987418711185, ""new_Deva""], [0.00034876621793955564, ""awa_Deva""], [4.8128040361916646e-05, ""mai_Deva""]]"
L5,3283,anp_Deva,0.7753682732582092,0.22233909368515015,"[[0.7753682732582092, ""anp_Deva""], [0.22233909368515015, ""hin_Deva""], [0.001718179672025144, ""awa_Deva""], [0.00047254899982362986, ""new_Deva""], [0.00011792624718509614, ""mai_Deva""]]"
L5,3284,anp_Deva,0.955947995185852,0.042957011610269547,"[[0.955947995185852, ""anp_Deva""], [0.042957011610269547, ""hin_Deva""], [0.0005930097540840507, ""awa_Deva""], [0.0002810306614264846, ""mai_Deva""], [0.00024574188864789903, ""new_Deva""]]"
L5,3287,hin_Deva,0.7302889227867126,0.7302889227867126,"[[0.7302889227867126, ""hin_Deva""], [0.2601507604122162, ""anp_Deva""], [0.007425010669976473, ""awa_Deva""], [0.0012606173986569047, ""new_Deva""], [0.00040681121754460037, ""mai_Deva""]]"
L5,3288,anp_Deva,0.9928667545318604,0.006805682089179754,"[[0.9928667545318604, ""anp_Deva""], [0.006805682089179754, ""hin_Deva""], [0.00034482759656384587, ""awa_Deva""], [1.6199348465306684e-05, ""new_Deva""], [1.272410008823499e-05, ""mai_Deva""]]"
L5,3300,anp_Deva,0.8868416547775269,0.11117080599069595,"[[0.8868416547775269, ""anp_Deva""], [0.11117080599069595, ""hin_Deva""], [0.0014985871966928244, ""new_Deva""], [0.0004902100772596896, ""awa_Deva""], [3.1828778446651995e-05, ""mai_Deva""]]"
L5,3305,hin_Deva,0.5185196399688721,0.5185196399688721,"[[0.5185196399688721, ""hin_Deva""], [0.4762742519378662, ""anp_Deva""], [0.004880496300756931, ""new_Deva""], [0.0001985958660952747, ""awa_Deva""], [0.00011773577716667205, ""mai_Deva""]]"
L5,3320,anp_Deva,0.9588905572891235,0.04066244885325432,"[[0.9588905572891235, ""anp_Deva""], [0.04066244885325432, ""hin_Deva""], [0.00030438517569564283, ""new_Deva""], [0.00017288354865740985, ""awa_Deva""], [1.7975680748349987e-05, ""mai_Deva""]]"
L5,3321,anp_Deva,0.7864876389503479,0.20977087318897247,"[[0.7864876389503479, ""anp_Deva""], [0.20977087318897247, ""hin_Deva""], [0.0021681818179786205, ""awa_Deva""], [0.0013310476206243038, ""new_Deva""], [0.0001797666773200035, ""mai_Deva""]]"
L5,3322,anp_Deva,0.8723278045654297,0.12623877823352814,"[[0.8723278045654297, ""anp_Deva""], [0.12623877823352814, ""hin_Deva""], [0.0010351439705118537, ""awa_Deva""], [0.00040845718467608094, ""new_Deva""], [3.2887302950257435e-05, ""mai_Deva""]]"
L5,3332,anp_Deva,0.8469571471214294,0.15015113353729248,"[[0.8469571471214294, ""anp_Deva""], [0.15015113353729248, ""hin_Deva""], [0.0025824743788689375, ""awa_Deva""], [0.0002973125665448606, ""new_Deva""], [4.326662019593641e-05, ""mai_Deva""]]"
L5,3336,hin_Deva,0.9855960011482239,0.9855960011482239,"[[0.9855960011482239, ""hin_Deva""], [0.006324267014861107, ""anp_Deva""], [0.003449272597208619, ""new_Deva""], [0.0032565761357545853, ""awa_Deva""], [0.0005970204365439713, ""bho_Deva""]]"
L5,3337,hin_Deva,0.8617542386054993,0.8617542386054993,"[[0.8617542386054993, ""hin_Deva""], [0.12862415611743927, ""anp_Deva""], [0.00463882414624095, ""awa_Deva""], [0.0020296003203839064, ""new_Deva""], [0.0017980696866288781, ""mai_Deva""]]"
L5,3344,anp_Deva,0.6717043519020081,0.32541605830192566,"[[0.6717043519020081, ""anp_Deva""], [0.32541605830192566, ""hin_Deva""], [0.0012618761975318193, ""awa_Deva""], [0.0009739508386701345, ""new_Deva""], [0.00045222954940982163, ""bho_Deva""]]"
L5,3345,hin_Deva,0.6675580143928528,0.6675580143928528,"[[0.6675580143928528, ""hin_Deva""], [0.33083099126815796, ""anp_Deva""], [0.0006978288874961436, ""awa_Deva""], [0.0004637191887013614, ""new_Deva""], [0.00023004680406302214, ""mai_Deva""]]"
L5,3356,hin_Deva,0.903094470500946,0.903094470500946,"[[0.903094470500946, ""hin_Deva""], [0.09266708046197891, ""anp_Deva""], [0.002253972925245762, ""new_Deva""], [0.0015955984126776457, ""awa_Deva""], [0.0002913057687692344, ""bho_Deva""]]"
L5,3369,hin_Deva,0.8240192532539368,0.8240192532539368,"[[0.8240192532539368, ""hin_Deva""], [0.15938901901245117, ""anp_Deva""], [0.005979178939014673, ""new_Deva""], [0.004045354202389717, ""bho_Deva""], [0.0038976874202489853, ""mai_Deva""]]"
L5,3379,anp_Deva,0.8440515398979187,0.15293678641319275,"[[0.8440515398979187, ""anp_Deva""], [0.15293678641319275, ""hin_Deva""], [0.0024754414334893227, ""new_Deva""], [0.0005240261671133339, ""awa_Deva""], [4.420189361553639e-05, ""mai_Deva""]]"
L5,3385,hin_Deva,0.8714852333068848,0.8714852333068848,"[[0.8714852333068848, ""hin_Deva""], [0.12637859582901, ""anp_Deva""], [0.0010798232397064567, ""awa_Deva""], [0.0008352475706487894, ""new_Deva""], [0.00012305147538427263, ""mai_Deva""]]"
L5,3398,hin_Deva,0.816186249256134,0.816186249256134,"[[0.816186249256134, ""hin_Deva""], [0.17633642256259918, ""anp_Deva""], [0.006015245337039232, ""awa_Deva""], [0.000997362658381462, ""new_Deva""], [0.00025994557654485106, ""mag_Deva""]]"
L5,3425,hin_Deva,0.8695321679115295,0.8695321679115295,"[[0.8695321679115295, ""hin_Deva""], [0.12685908377170563, ""anp_Deva""], [0.0013463542563840747, ""awa_Deva""], [0.0011856761993840337, ""mai_Deva""], [0.0006934063858352602, ""new_Deva""]]"
L5,3428,hin_Deva,0.6997303366661072,0.6997303366661072,"[[0.6997303366661072, ""hin_Deva""], [0.2975519597530365, ""anp_Deva""], [0.0013489555567502975, ""awa_Deva""], [0.0009933970868587494, ""new_Deva""], [0.00033165779314003885, ""mai_Deva""]]"
L5,3451,anp_Deva,0.752973198890686,0.24404999613761902,"[[0.752973198890686, ""anp_Deva""], [0.24404999613761902, ""hin_Deva""], [0.0012127113295719028, ""bho_Deva""], [0.0006319786771200597, ""mai_Deva""], [0.000520345289260149, ""mag_Deva""]]"
L5,3466,hin_Deva,0.9340564012527466,0.9340564012527466,"[[0.9340564012527466, ""hin_Deva""], [0.06150292605161667, ""anp_Deva""], [0.0017574302619323134, ""awa_Deva""], [0.0007913351873867214, ""mai_Deva""], [0.0005258562159724534, ""mag_Deva""]]"
L5,3474,anp_Deva,0.8986021280288696,0.09769400209188461,"[[0.8986021280288696, ""anp_Deva""], [0.09769400209188461, ""hin_Deva""], [0.003118334338068962, ""awa_Deva""], [0.000539566739462316, ""new_Deva""], [7.821837061783299e-05, ""mai_Deva""]]"
L5,3483,hin_Deva,0.8401329517364502,0.8401329517364502,"[[0.8401329517364502, ""hin_Deva""], [0.158092200756073, ""anp_Deva""], [0.0008172455127350986, ""new_Deva""], [0.0005767021211795509, ""awa_Deva""], [0.0003369508485775441, ""mai_Deva""]]"
L5,3492,hin_Deva,0.7603168487548828,0.7603168487548828,"[[0.7603168487548828, ""hin_Deva""], [0.23864729702472687, ""anp_Deva""], [0.00044650761992670596, ""awa_Deva""], [0.00037853955291211605, ""new_Deva""], [0.00023283666814677417, ""mai_Deva""]]"
L5,3503,hin_Deva,0.9461511969566345,0.9461511969566345,"[[0.9461511969566345, ""hin_Deva""], [0.047371722757816315, ""anp_Deva""], [0.003340913914144039, ""new_Deva""], [0.0023017737548798323, ""awa_Deva""], [0.00040578574407845736, ""bho_Deva""]]"
L5,3515,anp_Deva,0.5727981328964233,0.41923782229423523,"[[0.5727981328964233, ""anp_Deva""], [0.41923782229423523, ""hin_Deva""], [0.002702889032661915, ""awa_Deva""], [0.0023341039195656776, ""mai_Deva""], [0.00092974619474262, ""bho_Deva""]]"
L5,3520,hin_Deva,0.9369614720344543,0.9369614720344543,"[[0.9369614720344543, ""hin_Deva""], [0.05632362142205238, ""anp_Deva""], [0.0037399621214717627, ""awa_Deva""], [0.0016379208536818624, ""new_Deva""], [0.0011286353692412376, ""mai_Deva""]]"
L5,3526,anp_Deva,0.6156002283096313,0.37264302372932434,"[[0.6156002283096313, ""anp_Deva""], [0.37264302372932434, ""hin_Deva""], [0.006675779819488525, ""awa_Deva""], [0.002382313134148717, ""new_Deva""], [0.002058052457869053, ""mai_Deva""]]"
L5,3547,anp_Deva,0.6825222969055176,0.3153722584247589,"[[0.6825222969055176, ""anp_Deva""], [0.3153722584247589, ""hin_Deva""], [0.0011575458338484168, ""awa_Deva""], [0.0007739170687273145, ""new_Deva""], [0.00010957427730318159, ""mai_Deva""]]"
L5,3567,anp_Deva,0.7829749584197998,0.21667559444904327,"[[0.7829749584197998, ""anp_Deva""], [0.21667559444904327, ""hin_Deva""], [0.0002967426262330264, ""new_Deva""], [4.5632030378328636e-05, ""mup_Deva""], [3.8807444070698693e-05, ""awa_Deva""]]"
L5,3598,anp_Deva,0.8202002644538879,0.17486487329006195,"[[0.8202002644538879, ""anp_Deva""], [0.17486487329006195, ""hin_Deva""], [0.003472687443718314, ""awa_Deva""], [0.0012946706265211105, ""new_Deva""], [0.00011209982039872557, ""bho_Deva""]]"
L5,3599,anp_Deva,0.5192258954048157,0.4786955416202545,"[[0.5192258954048157, ""anp_Deva""], [0.4786955416202545, ""hin_Deva""], [0.00111883704084903, ""awa_Deva""], [0.0006219075876288116, ""new_Deva""], [0.00019771656661760062, ""mai_Deva""]]"
L5,3606,hin_Deva,0.8485519886016846,0.8485519886016846,"[[0.8485519886016846, ""hin_Deva""], [0.14474380016326904, ""anp_Deva""], [0.003988929558545351, ""new_Deva""], [0.001058519585058093, ""mai_Deva""], [0.0008617353159934282, ""awa_Deva""]]"
L5,3616,hin_Deva,0.8596993684768677,0.8596993684768677,"[[0.8596993684768677, ""hin_Deva""], [0.13589024543762207, ""anp_Deva""], [0.002342857187613845, ""new_Deva""], [0.001337620778940618, ""awa_Deva""], [0.00031207542633637786, ""mai_Deva""]]"
L5,3619,anp_Deva,0.5209002494812012,0.47419100999832153,"[[0.5209002494812012, ""anp_Deva""], [0.47419100999832153, ""hin_Deva""], [0.0034026189241558313, ""awa_Deva""], [0.0005378375062718987, ""mai_Deva""], [0.0004410500405356288, ""new_Deva""]]"
L5,3623,anp_Deva,0.6348839998245239,0.3609873354434967,"[[0.6348839998245239, ""anp_Deva""], [0.3609873354434967, ""hin_Deva""], [0.0019398643635213375, ""awa_Deva""], [0.0018932331586256623, ""new_Deva""], [0.00022968508710619062, ""mai_Deva""]]"
L5,3631,hin_Deva,0.713060736656189,0.713060736656189,"[[0.713060736656189, ""hin_Deva""], [0.2841135561466217, ""anp_Deva""], [0.001266825944185257, ""awa_Deva""], [0.0008904868736863136, ""new_Deva""], [0.00028743239818140864, ""mai_Deva""]]"
L5,3649,hin_Deva,0.6644167304039001,0.6644167304039001,"[[0.6644167304039001, ""hin_Deva""], [0.3297373652458191, ""anp_Deva""], [0.0018549925880506635, ""mag_Deva""], [0.0017131459899246693, ""awa_Deva""], [0.0013251510681584477, ""mai_Deva""]]"
L5,3663,hin_Deva,0.9157041311264038,0.9157041311264038,"[[0.9157041311264038, ""hin_Deva""], [0.0808437392115593, ""anp_Deva""], [0.0020648420322686434, ""new_Deva""], [0.0006184688536450267, ""awa_Deva""], [0.00047875827294774354, ""mai_Deva""]]"
L5,3666,hin_Deva,0.9164783358573914,0.9164783358573914,"[[0.9164783358573914, ""hin_Deva""], [0.06994843482971191, ""anp_Deva""], [0.007737916428595781, ""awa_Deva""], [0.003292207373306155, ""new_Deva""], [0.0016081748763099313, ""bho_Deva""]]"
L5,3683,hin_Deva,0.9610705375671387,0.9610705375671387,"[[0.9610705375671387, ""hin_Deva""], [0.034360628575086594, ""anp_Deva""], [0.002721692668274045, ""awa_Deva""], [0.0011427607387304306, ""new_Deva""], [0.0004457687900867313, ""bho_Deva""]]"
L5,3685,anp_Deva,0.860160768032074,0.13798564672470093,"[[0.860160768032074, ""anp_Deva""], [0.13798564672470093, ""hin_Deva""], [0.0013800781453028321, ""new_Deva""], [0.0004676636017393321, ""awa_Deva""], [3.207140980521217e-05, ""mai_Deva""]]"
L5,3697,anp_Deva,0.5516500473022461,0.44353580474853516,"[[0.5516500473022461, ""anp_Deva""], [0.44353580474853516, ""hin_Deva""], [0.002968852873891592, ""awa_Deva""], [0.0009962680051103234, ""mai_Deva""], [0.00043189944699406624, ""new_Deva""]]"
L5,3702,anp_Deva,0.895969033241272,0.10157568752765656,"[[0.895969033241272, ""anp_Deva""], [0.10157568752765656, ""hin_Deva""], [0.0018151644617319107, ""awa_Deva""], [0.00031434284755960107, ""new_Deva""], [0.0002653396222740412, ""mai_Deva""]]"
L5,3705,hin_Deva,0.9405838251113892,0.9405838251113892,"[[0.9405838251113892, ""hin_Deva""], [0.05585629492998123, ""anp_Deva""], [0.0015073621179908514, ""bho_Deva""], [0.0012558087473735213, ""awa_Deva""], [0.0004568682925309986, ""new_Deva""]]"
L5,3708,hin_Deva,0.9494655728340149,0.9494655728340149,"[[0.9494655728340149, ""hin_Deva""], [0.04651092737913132, ""anp_Deva""], [0.002395021030679345, ""awa_Deva""], [0.0012550503015518188, ""new_Deva""], [0.000272995384875685, ""mai_Deva""]]"
L5,3721,hin_Deva,0.9219648241996765,0.9219648241996765,"[[0.9219648241996765, ""hin_Deva""], [0.07503573596477509, ""anp_Deva""], [0.0012173120630905032, ""new_Deva""], [0.0008383399108424783, ""awa_Deva""], [0.00044819043250754476, ""mai_Deva""]]"
L5,3724,anp_Deva,0.8314658403396606,0.16447418928146362,"[[0.8314658403396606, ""anp_Deva""], [0.16447418928146362, ""hin_Deva""], [0.002306342124938965, ""awa_Deva""], [0.0014734991127625108, ""new_Deva""], [0.00015920901205390692, ""mai_Deva""]]"
L5,3734,anp_Deva,0.5607974529266357,0.42817777395248413,"[[0.5607974529266357, ""anp_Deva""], [0.42817777395248413, ""hin_Deva""], [0.004807249177247286, ""awa_Deva""], [0.002118079224601388, ""new_Deva""], [0.0016257565002888441, ""bho_Deva""]]"
L5,3738,anp_Deva,0.9060263633728027,0.08568669855594635,"[[0.9060263633728027, ""anp_Deva""], [0.08568669855594635, ""hin_Deva""], [0.005590244196355343, ""awa_Deva""], [0.0015405967133119702, ""mai_Deva""], [0.000992526882328093, ""new_Deva""]]"
L5,3748,hin_Deva,0.983014702796936,0.983014702796936,"[[0.983014702796936, ""hin_Deva""], [0.012795940041542053, ""anp_Deva""], [0.0029081543907523155, ""awa_Deva""], [0.0008727828972041607, ""new_Deva""], [0.0002661808393895626, ""mai_Deva""]]"
L5,3749,hin_Deva,0.9517028331756592,0.9517028331756592,"[[0.9517028331756592, ""hin_Deva""], [0.03710215538740158, ""anp_Deva""], [0.00749340420588851, ""new_Deva""], [0.002602142048999667, ""awa_Deva""], [0.0007091013831086457, ""bho_Deva""]]"
L5,3758,anp_Deva,0.9379286170005798,0.06146645173430443,"[[0.9379286170005798, ""anp_Deva""], [0.06146645173430443, ""hin_Deva""], [0.00024581103934906423, ""new_Deva""], [0.00021881618886254728, ""awa_Deva""], [0.00016458822938147932, ""mai_Deva""]]"
L5,3770,anp_Deva,0.6635507941246033,0.3344716429710388,"[[0.6635507941246033, ""anp_Deva""], [0.3344716429710388, ""hin_Deva""], [0.0010454609291628003, ""awa_Deva""], [0.0005853817565366626, ""new_Deva""], [0.00017659086734056473, ""mai_Deva""]]"
L5,3774,hin_Deva,0.9547456502914429,0.9547456502914429,"[[0.9547456502914429, ""hin_Deva""], [0.035690609365701675, ""anp_Deva""], [0.0038321176543831825, ""new_Deva""], [0.003277366515249014, ""awa_Deva""], [0.001911386614665389, ""mai_Deva""]]"
L5,3778,anp_Deva,0.967700719833374,0.03210335969924927,"[[0.967700719833374, ""anp_Deva""], [0.03210335969924927, ""hin_Deva""], [0.00014043206465430558, ""awa_Deva""], [5.749908814323135e-05, ""new_Deva""], [2.883093839045614e-05, ""mup_Deva""]]"
L5,3787,hin_Deva,0.996334969997406,0.996334969997406,"[[0.996334969997406, ""hin_Deva""], [0.0013589593581855297, ""anp_Deva""], [0.0009109688689932227, ""awa_Deva""], [0.0007655294029973447, ""mai_Deva""], [0.0003719784435816109, ""mag_Deva""]]"
L5,3793,hin_Deva,0.6723185777664185,0.6723185777664185,"[[0.6723185777664185, ""hin_Deva""], [0.2806604206562042, ""anp_Deva""], [0.0313241071999073, ""awa_Deva""], [0.009836883284151554, ""new_Deva""], [0.004125666804611683, ""mai_Deva""]]"
L5,3795,anp_Deva,0.8136787414550781,0.16242344677448273,"[[0.8136787414550781, ""anp_Deva""], [0.16242344677448273, ""hin_Deva""], [0.014365878887474537, ""awa_Deva""], [0.009463503025472164, ""new_Deva""], [8.878471271600574e-05, ""mai_Deva""]]"
L5,3803,hin_Deva,0.812258780002594,0.812258780002594,"[[0.812258780002594, ""hin_Deva""], [0.18078148365020752, ""anp_Deva""], [0.005242516286671162, ""new_Deva""], [0.0010986753040924668, ""awa_Deva""], [0.00032989942701533437, ""bho_Deva""]]"
L5,3811,anp_Deva,0.7290174961090088,0.2668493092060089,"[[0.7290174961090088, ""anp_Deva""], [0.2668493092060089, ""hin_Deva""], [0.002569122239947319, ""new_Deva""], [0.0014639869332313538, ""awa_Deva""], [0.00010781613673316315, ""mai_Deva""]]"
L5,3816,anp_Deva,0.7176398038864136,0.2789035439491272,"[[0.7176398038864136, ""anp_Deva""], [0.2789035439491272, ""hin_Deva""], [0.003202565712854266, ""awa_Deva""], [0.00020319728355389088, ""new_Deva""], [8.549081394448876e-05, ""mai_Deva""]]"
L5,3818,hin_Deva,0.9696741700172424,0.9696741700172424,"[[0.9696741700172424, ""hin_Deva""], [0.02325623854994774, ""anp_Deva""], [0.0027687575202435255, ""bho_Deva""], [0.002309377072378993, ""awa_Deva""], [0.001449986593797803, ""new_Deva""]]"
L5,3825,hin_Deva,0.7248449921607971,0.7248449921607971,"[[0.7248449921607971, ""hin_Deva""], [0.2677049934864044, ""anp_Deva""], [0.0027447636239230633, ""new_Deva""], [0.0021406125742942095, ""mai_Deva""], [0.0021189136896282434, ""awa_Deva""]]"
L5,3844,hin_Deva,0.6691118478775024,0.6691118478775024,"[[0.6691118478775024, ""hin_Deva""], [0.3234320282936096, ""anp_Deva""], [0.002534114522859454, ""new_Deva""], [0.00233032600954175, ""awa_Deva""], [0.0010893790749832988, ""bho_Deva""]]"
L5,3845,anp_Deva,0.9221664071083069,0.07641933113336563,"[[0.9221664071083069, ""anp_Deva""], [0.07641933113336563, ""hin_Deva""], [0.000817130203358829, ""awa_Deva""], [0.0005716125597245991, ""new_Deva""], [4.336001802585088e-05, ""bho_Deva""]]"
L5,3848,anp_Deva,0.9211694002151489,0.07752286642789841,"[[0.9211694002151489, ""anp_Deva""], [0.07752286642789841, ""hin_Deva""], [0.0010125106200575829, ""awa_Deva""], [0.00032977614318951964, ""new_Deva""], [1.2817245078622364e-05, ""mai_Deva""]]"
L5,3853,anp_Deva,0.8684294819831848,0.12842623889446259,"[[0.8684294819831848, ""anp_Deva""], [0.12842623889446259, ""hin_Deva""], [0.0029204192105680704, ""awa_Deva""], [0.00015983640332706273, ""new_Deva""], [0.00010536830814089626, ""mai_Deva""]]"
L5,3862,anp_Deva,0.7802782654762268,0.21802999079227448,"[[0.7802782654762268, ""anp_Deva""], [0.21802999079227448, ""hin_Deva""], [0.000751282786950469, ""new_Deva""], [0.0007051257416605949, ""awa_Deva""], [0.00020421446242835373, ""bho_Deva""]]"
L5,3873,anp_Deva,0.9973694682121277,0.00250275619328022,"[[0.9973694682121277, ""anp_Deva""], [0.00250275619328022, ""hin_Deva""], [0.00011678456939989701, ""new_Deva""], [4.8123540182132274e-05, ""awa_Deva""], [1.2363745554466732e-05, ""mai_Deva""]]"
L5,3876,hin_Deva,0.9769514203071594,0.9769514203071594,"[[0.9769514203071594, ""hin_Deva""], [0.012678569182753563, ""anp_Deva""], [0.004841236863285303, ""awa_Deva""], [0.0023061782121658325, ""new_Deva""], [0.0015630819834768772, ""mai_Deva""]]"
L5,3883,hin_Deva,0.6355846524238586,0.6355846524238586,"[[0.6355846524238586, ""hin_Deva""], [0.35608384013175964, ""anp_Deva""], [0.007732929661870003, ""awa_Deva""], [0.0003236939082853496, ""bho_Deva""], [0.00026130364858545363, ""new_Deva""]]"
L5,3884,hin_Deva,0.8982995748519897,0.8982995748519897,"[[0.8982995748519897, ""hin_Deva""], [0.09258225560188293, ""anp_Deva""], [0.005082791205495596, ""new_Deva""], [0.003108350560069084, ""awa_Deva""], [0.0004226681194268167, ""mai_Deva""]]"
L5,3888,anp_Deva,0.7419917583465576,0.25395023822784424,"[[0.7419917583465576, ""anp_Deva""], [0.25395023822784424, ""hin_Deva""], [0.003137968247756362, ""awa_Deva""], [0.0008664237102493644, ""new_Deva""], [7.459016342181712e-05, ""mai_Deva""]]"
L5,3940,hin_Deva,0.7133141756057739,0.7133141756057739,"[[0.7133141756057739, ""hin_Deva""], [0.28200283646583557, ""anp_Deva""], [0.003030442865565419, ""awa_Deva""], [0.001228915760293603, ""new_Deva""], [0.00024569762172177434, ""mai_Deva""]]"
L5,3941,anp_Deva,0.6219008564949036,0.37158188223838806,"[[0.6219008564949036, ""anp_Deva""], [0.37158188223838806, ""hin_Deva""], [0.0054124584421515465, ""awa_Deva""], [0.0004969013389199972, ""new_Deva""], [0.00048404751578345895, ""mai_Deva""]]"
L5,3946,hin_Deva,0.6677911281585693,0.6677911281585693,"[[0.6677911281585693, ""hin_Deva""], [0.32688450813293457, ""anp_Deva""], [0.003105791984125972, ""awa_Deva""], [0.0016826812643557787, ""new_Deva""], [0.0003182056825608015, ""mai_Deva""]]"
L5,3947,hin_Deva,0.895733118057251,0.895733118057251,"[[0.895733118057251, ""hin_Deva""], [0.1019294410943985, ""anp_Deva""], [0.0013140903320163488, ""new_Deva""], [0.0009751683683134615, ""awa_Deva""], [6.840021524112672e-05, ""mai_Deva""]]"
L5,3971,hin_Deva,0.8964385390281677,0.8964385390281677,"[[0.8964385390281677, ""hin_Deva""], [0.10006243735551834, ""anp_Deva""], [0.0019003702327609062, ""new_Deva""], [0.0007974660256877542, ""mai_Deva""], [0.000357087206793949, ""awa_Deva""]]"
L5,3979,anp_Deva,0.8357492685317993,0.1613944172859192,"[[0.8357492685317993, ""anp_Deva""], [0.1613944172859192, ""hin_Deva""], [0.00207837694324553, ""awa_Deva""], [0.0003309487656224519, ""mai_Deva""], [0.0002140557480743155, ""mag_Deva""]]"
L5,4001,anp_Deva,0.7684398293495178,0.2298305779695511,"[[0.7684398293495178, ""anp_Deva""], [0.2298305779695511, ""hin_Deva""], [0.0013154720654711127, ""awa_Deva""], [0.00035253309761174023, ""new_Deva""], [6.6719701862894e-05, ""mai_Deva""]]"
L5,4013,hin_Deva,0.8638157844543457,0.8638157844543457,"[[0.8638157844543457, ""hin_Deva""], [0.12727150321006775, ""anp_Deva""], [0.007124374154955149, ""awa_Deva""], [0.0013913034927099943, ""new_Deva""], [0.0003636807086877525, ""mai_Deva""]]"
L5,4019,hin_Deva,0.9324579238891602,0.9324579238891602,"[[0.9324579238891602, ""hin_Deva""], [0.05857425183057785, ""anp_Deva""], [0.004055376164615154, ""awa_Deva""], [0.001652940409258008, ""bho_Deva""], [0.001570258755236864, ""mag_Deva""]]"
L5,4022,hin_Deva,0.5759139657020569,0.5759139657020569,"[[0.5759139657020569, ""hin_Deva""], [0.4209037125110626, ""anp_Deva""], [0.0015561723848804832, ""awa_Deva""], [0.0013893027789890766, ""new_Deva""], [0.00021593838755507022, ""mai_Deva""]]"
L5,4029,anp_Deva,0.5237762928009033,0.46893203258514404,"[[0.5237762928009033, ""anp_Deva""], [0.46893203258514404, ""hin_Deva""], [0.004308693110942841, ""new_Deva""], [0.0017569359624758363, ""awa_Deva""], [0.0009757604566402733, ""mai_Deva""]]"
L5,4033,hin_Deva,0.9223569631576538,0.9223569631576538,"[[0.9223569631576538, ""hin_Deva""], [0.06965374201536179, ""anp_Deva""], [0.004013849887996912, ""new_Deva""], [0.0011083080898970366, ""awa_Deva""], [0.0011000875383615494, ""mag_Deva""]]"
L5,4038,hin_Deva,0.9530335068702698,0.9530335068702698,"[[0.9530335068702698, ""hin_Deva""], [0.04391547664999962, ""anp_Deva""], [0.00245514209382236, ""awa_Deva""], [0.00032404199009761214, ""new_Deva""], [0.00014417174679692835, ""mai_Deva""]]"
L5,4041,anp_Deva,0.7434568405151367,0.25480133295059204,"[[0.7434568405151367, ""anp_Deva""], [0.25480133295059204, ""hin_Deva""], [0.0011270918184891343, ""mag_Deva""], [0.00037993668229319155, ""new_Deva""], [0.00019038422033190727, ""awa_Deva""]]"
L5,4056,anp_Deva,0.9534137845039368,0.04627609997987747,"[[0.9534137845039368, ""anp_Deva""], [0.04627609997987747, ""hin_Deva""], [0.0002307805116288364, ""awa_Deva""], [9.667286212788895e-05, ""new_Deva""], [1.922095543704927e-05, ""mag_Deva""]]"
L5,4063,hin_Deva,0.7025041580200195,0.7025041580200195,"[[0.7025041580200195, ""hin_Deva""], [0.2935487627983093, ""anp_Deva""], [0.0019259295659139752, ""awa_Deva""], [0.001286303740926087, ""new_Deva""], [0.0003232857561670244, ""mai_Deva""]]"
L5,4069,hin_Deva,0.9231684803962708,0.9231684803962708,"[[0.9231684803962708, ""hin_Deva""], [0.07557111233472824, ""anp_Deva""], [0.00046911713434383273, ""awa_Deva""], [0.0003322193515487015, ""new_Deva""], [0.0002845636336132884, ""mag_Deva""]]"
L5,4077,hin_Deva,0.5695530772209167,0.5695530772209167,"[[0.5695530772209167, ""hin_Deva""], [0.42919445037841797, ""anp_Deva""], [0.0006338598323054612, ""new_Deva""], [0.0005087934550829232, ""awa_Deva""], [9.122581104747951e-05, ""mag_Deva""]]"
L5,4079,hin_Deva,0.8566393852233887,0.8566393852233887,"[[0.8566393852233887, ""hin_Deva""], [0.13634364306926727, ""anp_Deva""], [0.0031320860143750906, ""awa_Deva""], [0.002060222439467907, ""new_Deva""], [0.0012689419090747833, ""mai_Deva""]]"
L5,4092,anp_Deva,0.9969514012336731,0.0029373655561357737,"[[0.9969514012336731, ""anp_Deva""], [0.0029373655561357737, ""hin_Deva""], [0.00012816640082746744, ""awa_Deva""], [2.102883081533946e-05, ""new_Deva""], [1.0965837645926513e-05, ""mai_Deva""]]"
L5,4103,hin_Deva,0.6501522064208984,0.6501522064208984,"[[0.6501522064208984, ""hin_Deva""], [0.33129143714904785, ""anp_Deva""], [0.014754347503185272, ""awa_Deva""], [0.0031914357095956802, ""new_Deva""], [0.00035570457112044096, ""mai_Deva""]]"
L5,4120,hin_Deva,0.9749966859817505,0.9749966859817505,"[[0.9749966859817505, ""hin_Deva""], [0.02264038845896721, ""anp_Deva""], [0.0014440175145864487, ""new_Deva""], [0.0006673793541267514, ""awa_Deva""], [0.0002403149992460385, ""mai_Deva""]]"
L5,4126,hin_Deva,0.7755038738250732,0.7755038738250732,"[[0.7755038738250732, ""hin_Deva""], [0.21897266805171967, ""anp_Deva""], [0.003361667273566127, ""awa_Deva""], [0.001029626582749188, ""new_Deva""], [0.0006888292846269906, ""bho_Deva""]]"
L5,4132,hin_Deva,0.7109541296958923,0.7109541296958923,"[[0.7109541296958923, ""hin_Deva""], [0.271881639957428, ""anp_Deva""], [0.011609421111643314, ""new_Deva""], [0.0037525452207773924, ""awa_Deva""], [0.0013267291942611337, ""mai_Deva""]]"
L5,4140,hin_Deva,0.8507773280143738,0.8507773280143738,"[[0.8507773280143738, ""hin_Deva""], [0.13834114372730255, ""anp_Deva""], [0.007389161270111799, ""new_Deva""], [0.0024824035353958607, ""awa_Deva""], [0.0004771817766595632, ""bho_Deva""]]"
L5,4142,hin_Deva,0.9649186730384827,0.9649186730384827,"[[0.9649186730384827, ""hin_Deva""], [0.02869992144405842, ""anp_Deva""], [0.0051082526333630085, ""awa_Deva""], [0.0006169237312860787, ""mai_Deva""], [0.0003688804863486439, ""new_Deva""]]"
L5,4143,anp_Deva,0.7111693620681763,0.2870052754878998,"[[0.7111693620681763, ""anp_Deva""], [0.2870052754878998, ""hin_Deva""], [0.001332078711129725, ""awa_Deva""], [0.00032600935082882643, ""new_Deva""], [0.00011598729906836525, ""mai_Deva""]]"
L5,4144,anp_Deva,0.5174232125282288,0.47805190086364746,"[[0.5174232125282288, ""anp_Deva""], [0.47805190086364746, ""hin_Deva""], [0.0023590638302266598, ""awa_Deva""], [0.0016919217305257916, ""new_Deva""], [0.00024026389291975647, ""bho_Deva""]]"
L5,4145,hin_Deva,0.6607925891876221,0.6607925891876221,"[[0.6607925891876221, ""hin_Deva""], [0.3187929689884186, ""anp_Deva""], [0.018134834244847298, ""awa_Deva""], [0.0013697020476683974, ""mai_Deva""], [0.0008971189381554723, ""new_Deva""]]"
L5,4146,anp_Deva,0.7452766299247742,0.2540573477745056,"[[0.7452766299247742, ""anp_Deva""], [0.2540573477745056, ""hin_Deva""], [0.0004200201074127108, ""awa_Deva""], [0.0002233288687421009, ""new_Deva""], [5.3318068239605054e-05, ""mai_Deva""]]"
L5,4159,hin_Deva,0.8488768935203552,0.8488768935203552,"[[0.8488768935203552, ""hin_Deva""], [0.12340348958969116, ""anp_Deva""], [0.023780696094036102, ""awa_Deva""], [0.0028619319200515747, ""new_Deva""], [0.0006314485217444599, ""mai_Deva""]]"
L5,4174,anp_Deva,0.8733784556388855,0.12477962672710419,"[[0.8733784556388855, ""anp_Deva""], [0.12477962672710419, ""hin_Deva""], [0.0016302675940096378, ""awa_Deva""], [0.00018942687893286347, ""new_Deva""], [3.222755913157016e-05, ""mai_Deva""]]"
L5,4190,hin_Deva,0.5944049954414368,0.5944049954414368,"[[0.5944049954414368, ""hin_Deva""], [0.4021149277687073, ""anp_Deva""], [0.002037863712757826, ""new_Deva""], [0.0010017500026151538, ""awa_Deva""], [0.00044612560304813087, ""mai_Deva""]]"
L5,4194,anp_Deva,0.9080541729927063,0.0905684158205986,"[[0.9080541729927063, ""anp_Deva""], [0.0905684158205986, ""hin_Deva""], [0.000836671853903681, ""new_Deva""], [0.000430704967584461, ""awa_Deva""], [0.00012045999756082892, ""mai_Deva""]]"
L5,4213,hin_Deva,0.5223252773284912,0.5223252773284912,"[[0.5223252773284912, ""hin_Deva""], [0.47414520382881165, ""anp_Deva""], [0.0028751175850629807, ""new_Deva""], [0.0004195426881778985, ""awa_Deva""], [0.00016881783085409552, ""mai_Deva""]]"
L5,4237,hin_Deva,0.5284910202026367,0.5284910202026367,"[[0.5284910202026367, ""hin_Deva""], [0.4608995318412781, ""anp_Deva""], [0.004164757672697306, ""new_Deva""], [0.003823048435151577, ""awa_Deva""], [0.0021972290705889463, ""mai_Deva""]]"
L5,4244,anp_Deva,0.938392162322998,0.0585513673722744,"[[0.938392162322998, ""anp_Deva""], [0.0585513673722744, ""hin_Deva""], [0.002122303005307913, ""awa_Deva""], [0.000887753558345139, ""new_Deva""], [8.443995466222987e-05, ""mai_Deva""]]"
L5,4252,anp_Deva,0.9734140634536743,0.026115918532013893,"[[0.9734140634536743, ""anp_Deva""], [0.026115918532013893, ""hin_Deva""], [0.0003818863187916577, ""new_Deva""], [0.00012771763431373984, ""awa_Deva""], [1.0348843716201372e-05, ""mai_Deva""]]"
L5,4262,anp_Deva,0.5424309968948364,0.44540345668792725,"[[0.5424309968948364, ""anp_Deva""], [0.44540345668792725, ""hin_Deva""], [0.00900226179510355, ""awa_Deva""], [0.0029092554468661547, ""new_Deva""], [0.00017616244440432638, ""mai_Deva""]]"
L5,4264,hin_Deva,0.9303181767463684,0.9303181767463684,"[[0.9303181767463684, ""hin_Deva""], [0.0663362443447113, ""anp_Deva""], [0.0019760667346417904, ""new_Deva""], [0.0009649601415731013, ""awa_Deva""], [0.00017876381753012538, ""mai_Deva""]]"
L5,4276,hin_Deva,0.9479864239692688,0.9479864239692688,"[[0.9479864239692688, ""hin_Deva""], [0.049232013523578644, ""anp_Deva""], [0.0011085215955972672, ""awa_Deva""], [0.0010391330579295754, ""new_Deva""], [0.00029553528293035924, ""mai_Deva""]]"
L5,4283,hin_Deva,0.7327950596809387,0.7327950596809387,"[[0.7327950596809387, ""hin_Deva""], [0.25595948100090027, ""anp_Deva""], [0.0076002199202775955, ""awa_Deva""], [0.002186746569350362, ""new_Deva""], [0.000940348778385669, ""mai_Deva""]]"
L5,4285,anp_Deva,0.8965548872947693,0.10183478146791458,"[[0.8965548872947693, ""anp_Deva""], [0.10183478146791458, ""hin_Deva""], [0.0011197790736332536, ""awa_Deva""], [0.0005111973150633276, ""new_Deva""], [2.2266289306571707e-05, ""mai_Deva""]]"
L5,4287,hin_Deva,0.5969631671905518,0.5969631671905518,"[[0.5969631671905518, ""hin_Deva""], [0.40116164088249207, ""anp_Deva""], [0.0016085392562672496, ""awa_Deva""], [0.00019435946887824684, ""new_Deva""], [7.551822636742145e-05, ""bho_Deva""]]"
L5,4293,anp_Deva,0.8224734663963318,0.1739286184310913,"[[0.8224734663963318, ""anp_Deva""], [0.1739286184310913, ""hin_Deva""], [0.003350417362526059, ""awa_Deva""], [0.0001839249744080007, ""new_Deva""], [8.41924556880258e-05, ""bho_Deva""]]"
L5,4294,hin_Deva,0.5354824066162109,0.5354824066162109,"[[0.5354824066162109, ""hin_Deva""], [0.4128355383872986, ""anp_Deva""], [0.04362461343407631, ""awa_Deva""], [0.0044123707339167595, ""new_Deva""], [0.002720410702750087, ""mai_Deva""]]"
L5,4301,anp_Deva,0.7032815217971802,0.23479193449020386,"[[0.7032815217971802, ""anp_Deva""], [0.23479193449020386, ""hin_Deva""], [0.050769079476594925, ""awa_Deva""], [0.01042208168655634, ""new_Deva""], [0.00033463345607742667, ""bho_Deva""]]"
L5,4317,anp_Deva,0.8694659471511841,0.12985362112522125,"[[0.8694659471511841, ""anp_Deva""], [0.12985362112522125, ""hin_Deva""], [0.00031670829048380256, ""new_Deva""], [0.0002835050690919161, ""awa_Deva""], [0.00010150813614018261, ""mag_Deva""]]"
L5,4322,anp_Deva,0.7723374366760254,0.2247508019208908,"[[0.7723374366760254, ""anp_Deva""], [0.2247508019208908, ""hin_Deva""], [0.0026263264007866383, ""awa_Deva""], [0.0001933886087499559, ""new_Deva""], [7.707829354330897e-05, ""bho_Deva""]]"
L5,4328,anp_Deva,0.6501301527023315,0.34867388010025024,"[[0.6501301527023315, ""anp_Deva""], [0.34867388010025024, ""hin_Deva""], [0.0007475039456039667, ""awa_Deva""], [0.00028501477208919823, ""new_Deva""], [9.186575334751979e-05, ""mai_Deva""]]"
L5,4332,hin_Deva,0.7679955959320068,0.7679955959320068,"[[0.7679955959320068, ""hin_Deva""], [0.22746776044368744, ""anp_Deva""], [0.0023047863505780697, ""awa_Deva""], [0.001738821854814887, ""new_Deva""], [0.0002590838121250272, ""mai_Deva""]]"
L5,4335,hin_Deva,0.7214059829711914,0.7214059829711914,"[[0.7214059829711914, ""hin_Deva""], [0.27526623010635376, ""anp_Deva""], [0.0011239988962188363, ""new_Deva""], [0.0009059529984369874, ""mai_Deva""], [0.0006772993947379291, ""awa_Deva""]]"
L5,4344,anp_Deva,0.5835702419281006,0.41152969002723694,"[[0.5835702419281006, ""anp_Deva""], [0.41152969002723694, ""hin_Deva""], [0.002932386239990592, ""awa_Deva""], [0.0011665006168186665, ""mag_Deva""], [0.00046212656889110804, ""new_Deva""]]"
L5,4346,hin_Deva,0.5761291980743408,0.5761291980743408,"[[0.5761291980743408, ""hin_Deva""], [0.41962355375289917, ""anp_Deva""], [0.002653974574059248, ""awa_Deva""], [0.0012629693374037743, ""new_Deva""], [0.0002593104727566242, ""mai_Deva""]]"
L5,4351,hin_Deva,0.9503793716430664,0.9503793716430664,"[[0.9503793716430664, ""hin_Deva""], [0.04283823072910309, ""anp_Deva""], [0.004732340574264526, ""awa_Deva""], [0.0007277860422618687, ""new_Deva""], [0.0007202763226814568, ""bho_Deva""]]"
L5,4355,anp_Deva,0.5339911580085754,0.4641019403934479,"[[0.5339911580085754, ""anp_Deva""], [0.4641019403934479, ""hin_Deva""], [0.0009405030286870897, ""new_Deva""], [0.0005899231764487922, ""awa_Deva""], [0.00021677011682186276, ""mag_Deva""]]"
L5,4357,hin_Deva,0.7016446590423584,0.7016446590423584,"[[0.7016446590423584, ""hin_Deva""], [0.15798254311084747, ""awa_Deva""], [0.08335687965154648, ""anp_Deva""], [0.03261308744549751, ""new_Deva""], [0.01443110965192318, ""bho_Deva""]]"
L5,4364,hin_Deva,0.9745181798934937,0.9745181798934937,"[[0.9745181798934937, ""hin_Deva""], [0.018083948642015457, ""anp_Deva""], [0.0031498835887759924, ""mag_Deva""], [0.0018146798247471452, ""mai_Deva""], [0.0012649939162656665, ""awa_Deva""]]"
L5,4366,anp_Deva,0.5790483355522156,0.4088037610054016,"[[0.5790483355522156, ""anp_Deva""], [0.4088037610054016, ""hin_Deva""], [0.010470588691532612, ""awa_Deva""], [0.001643375144340098, ""new_Deva""], [3.5333163395989686e-05, ""mai_Deva""]]"
L5,4368,anp_Deva,0.5198853611946106,0.47603920102119446,"[[0.5198853611946106, ""anp_Deva""], [0.47603920102119446, ""hin_Deva""], [0.0022637834772467613, ""awa_Deva""], [0.0010724980384111404, ""new_Deva""], [0.00038494408363476396, ""bho_Deva""]]"
L5,4388,hin_Deva,0.7722010612487793,0.7722010612487793,"[[0.7722010612487793, ""hin_Deva""], [0.22183631360530853, ""anp_Deva""], [0.00320305279456079, ""awa_Deva""], [0.0022685369476675987, ""new_Deva""], [0.00045882619451731443, ""mai_Deva""]]"
L5,4392,anp_Deva,0.9573542475700378,0.04186836630105972,"[[0.9573542475700378, ""anp_Deva""], [0.04186836630105972, ""hin_Deva""], [0.0004528952995315194, ""awa_Deva""], [0.0002236899599665776, ""new_Deva""], [7.738366548437625e-05, ""mai_Deva""]]"
L5,4398,anp_Deva,0.8105964064598083,0.18493245542049408,"[[0.8105964064598083, ""anp_Deva""], [0.18493245542049408, ""hin_Deva""], [0.003600933589041233, ""awa_Deva""], [0.00047482780064456165, ""new_Deva""], [0.0004016714228782803, ""mai_Deva""]]"
L5,4400,hin_Deva,0.9653294086456299,0.9653294086456299,"[[0.9653294086456299, ""hin_Deva""], [0.02660403773188591, ""anp_Deva""], [0.005892198067158461, ""awa_Deva""], [0.0007685153395868838, ""bho_Deva""], [0.0007629169267602265, ""new_Deva""]]"
L5,4405,anp_Deva,0.848741888999939,0.14923374354839325,"[[0.848741888999939, ""anp_Deva""], [0.14923374354839325, ""hin_Deva""], [0.0014789862325415015, ""awa_Deva""], [0.0003179478517267853, ""mai_Deva""], [0.00021322509564924985, ""new_Deva""]]"
L5,4429,anp_Deva,0.9517111778259277,0.04775356501340866,"[[0.9517111778259277, ""anp_Deva""], [0.04775356501340866, ""hin_Deva""], [0.000388023181585595, ""awa_Deva""], [0.00015908987552393228, ""new_Deva""], [3.423236194066703e-05, ""mai_Deva""]]"
L5,4436,anp_Deva,0.9657494425773621,0.0337848998606205,"[[0.9657494425773621, ""anp_Deva""], [0.0337848998606205, ""hin_Deva""], [0.0003725629940163344, ""awa_Deva""], [0.00010142385144717991, ""new_Deva""], [3.444338290137239e-05, ""mai_Deva""]]"
L5,4440,hin_Deva,0.7288028597831726,0.7288028597831726,"[[0.7288028597831726, ""hin_Deva""], [0.268540620803833, ""anp_Deva""], [0.001664718147367239, ""new_Deva""], [0.0007835458964109421, ""awa_Deva""], [0.00014818317140452564, ""mai_Deva""]]"
L5,4476,hin_Deva,0.8516416549682617,0.8516416549682617,"[[0.8516416549682617, ""hin_Deva""], [0.13955122232437134, ""anp_Deva""], [0.007328683510422707, ""awa_Deva""], [0.001272072782739997, ""new_Deva""], [0.00018151626863982528, ""bho_Deva""]]"
L5,4481,anp_Deva,0.5144782662391663,0.47801846265792847,"[[0.5144782662391663, ""anp_Deva""], [0.47801846265792847, ""hin_Deva""], [0.00674540176987648, ""awa_Deva""], [0.0007057783077470958, ""new_Deva""], [6.136093725217506e-05, ""mai_Deva""]]"
L5,4482,anp_Deva,0.5009996294975281,0.49548882246017456,"[[0.5009996294975281, ""anp_Deva""], [0.49548882246017456, ""hin_Deva""], [0.002136595780029893, ""awa_Deva""], [0.0007199466926977038, ""new_Deva""], [0.00031691615004092455, ""mag_Deva""]]"
L5,4483,anp_Deva,0.9752804040908813,0.023190604522824287,"[[0.9752804040908813, ""anp_Deva""], [0.023190604522824287, ""hin_Deva""], [0.0011565599124878645, ""awa_Deva""], [0.00038860627682879567, ""new_Deva""], [2.5474559151916765e-05, ""mai_Deva""]]"
L5,4519,anp_Deva,0.8568809628486633,0.1417950689792633,"[[0.8568809628486633, ""anp_Deva""], [0.1417950689792633, ""hin_Deva""], [0.0009034164249897003, ""new_Deva""], [0.00037349469494074583, ""awa_Deva""], [8.949753100750968e-05, ""mai_Deva""]]"
L5,4530,anp_Deva,0.8083598613739014,0.188024640083313,"[[0.8083598613739014, ""anp_Deva""], [0.188024640083313, ""hin_Deva""], [0.0033312435261905193, ""awa_Deva""], [0.00015165180957410485, ""new_Deva""], [0.00010119882790604606, ""bho_Deva""]]"
L5,4531,anp_Deva,0.9059845805168152,0.08950410783290863,"[[0.9059845805168152, ""anp_Deva""], [0.08950410783290863, ""hin_Deva""], [0.0041864123195409775, ""awa_Deva""], [0.0003236620977986604, ""new_Deva""], [3.879700670950115e-05, ""bho_Deva""]]"
L5,4546,anp_Deva,0.8817466497421265,0.11561839282512665,"[[0.8817466497421265, ""anp_Deva""], [0.11561839282512665, ""hin_Deva""], [0.0013479447225108743, ""awa_Deva""], [0.0010582233080640435, ""new_Deva""], [0.00010536338959354907, ""bho_Deva""]]"
L5,4549,anp_Deva,0.9792601466178894,0.0204208642244339,"[[0.9792601466178894, ""anp_Deva""], [0.0204208642244339, ""hin_Deva""], [0.00015790255565661937, ""awa_Deva""], [0.00012876071559730917, ""new_Deva""], [4.490606443141587e-05, ""bho_Deva""]]"
L5,4556,hin_Deva,0.7364158034324646,0.7364158034324646,"[[0.7364158034324646, ""hin_Deva""], [0.2618134319782257, ""anp_Deva""], [0.0014264654600992799, ""awa_Deva""], [0.0003746419679373503, ""new_Deva""], [1.613650056242477e-05, ""mai_Deva""]]"
L5,4567,hin_Deva,0.8920769691467285,0.8920769691467285,"[[0.8920769691467285, ""hin_Deva""], [0.09481670707464218, ""anp_Deva""], [0.005204231943935156, ""new_Deva""], [0.004837927874177694, ""awa_Deva""], [0.0021879032719880342, ""bho_Deva""]]"
L5,4579,anp_Deva,0.7138614058494568,0.27732720971107483,"[[0.7138614058494568, ""anp_Deva""], [0.27732720971107483, ""hin_Deva""], [0.005507660564035177, ""awa_Deva""], [0.002377136377617717, ""new_Deva""], [0.0007963579264469445, ""mai_Deva""]]"
L5,4581,hin_Deva,0.783366858959198,0.783366858959198,"[[0.783366858959198, ""hin_Deva""], [0.19755220413208008, ""anp_Deva""], [0.009447983466088772, ""awa_Deva""], [0.009107252582907677, ""new_Deva""], [0.00041698821587488055, ""mai_Deva""]]"
L5,4589,hin_Deva,0.984712541103363,0.984712541103363,"[[0.984712541103363, ""hin_Deva""], [0.013692077249288559, ""anp_Deva""], [0.0009322891128249466, ""awa_Deva""], [0.00032777321757748723, ""new_Deva""], [0.0002845242852345109, ""mai_Deva""]]"
L5,4591,anp_Deva,0.8798168301582336,0.1185176894068718,"[[0.8798168301582336, ""anp_Deva""], [0.1185176894068718, ""hin_Deva""], [0.0010030008852481842, ""awa_Deva""], [0.00045389929437078536, ""new_Deva""], [0.0001323992619290948, ""mag_Deva""]]"
L5,4608,anp_Deva,0.67356938123703,0.2798924744129181,"[[0.67356938123703, ""anp_Deva""], [0.2798924744129181, ""hin_Deva""], [0.04248621687293053, ""awa_Deva""], [0.004000344779342413, ""new_Deva""], [4.8873916966840625e-05, ""bho_Deva""]]"
L5,4613,hin_Deva,0.5187796354293823,0.5187796354293823,"[[0.5187796354293823, ""hin_Deva""], [0.4761596620082855, ""anp_Deva""], [0.0031993757002055645, ""awa_Deva""], [0.001375906402245164, ""new_Deva""], [0.00030404661083593965, ""bho_Deva""]]"
L5,4620,hin_Deva,0.7469643950462341,0.7469643950462341,"[[0.7469643950462341, ""hin_Deva""], [0.2456786334514618, ""anp_Deva""], [0.0031174705363810062, ""awa_Deva""], [0.0015630647540092468, ""mag_Deva""], [0.0014662505127489567, ""new_Deva""]]"
L5,4622,anp_Deva,0.8027682304382324,0.19666945934295654,"[[0.8027682304382324, ""anp_Deva""], [0.19666945934295654, ""hin_Deva""], [0.00043340420234017074, ""new_Deva""], [0.00015252060256898403, ""awa_Deva""], [1.688414158707019e-05, ""mai_Deva""]]"
L5,4629,hin_Deva,0.8906447291374207,0.8906447291374207,"[[0.8906447291374207, ""hin_Deva""], [0.10615577548742294, ""anp_Deva""], [0.001716054044663906, ""awa_Deva""], [0.0007423452916555107, ""new_Deva""], [0.00029804810765199363, ""bho_Deva""]]"
L5,4639,hin_Deva,0.6362531185150146,0.6362531185150146,"[[0.6362531185150146, ""hin_Deva""], [0.3600565195083618, ""anp_Deva""], [0.0018550704699009657, ""awa_Deva""], [0.0006516273715533316, ""bho_Deva""], [0.0005985951283946633, ""mai_Deva""]]"
L5,4640,anp_Deva,0.8541046380996704,0.1445685178041458,"[[0.8541046380996704, ""anp_Deva""], [0.1445685178041458, ""hin_Deva""], [0.0004877897445112467, ""new_Deva""], [0.00038610518095083535, ""awa_Deva""], [0.0002693906717468053, ""mai_Deva""]]"
L5,4649,anp_Deva,0.6334707140922546,0.36308756470680237,"[[0.6334707140922546, ""anp_Deva""], [0.36308756470680237, ""hin_Deva""], [0.0026734676212072372, ""awa_Deva""], [0.00025804052711464465, ""new_Deva""], [0.00018446864851284772, ""mai_Deva""]]"
L5,4661,anp_Deva,0.9477882385253906,0.0518018938601017,"[[0.9477882385253906, ""anp_Deva""], [0.0518018938601017, ""hin_Deva""], [0.0002087421016767621, ""mag_Deva""], [9.475305705564097e-05, ""awa_Deva""], [8.024932321859524e-05, ""mai_Deva""]]"
L5,4663,anp_Deva,0.7233733534812927,0.2746310830116272,"[[0.7233733534812927, ""anp_Deva""], [0.2746310830116272, ""hin_Deva""], [0.0013148699654266238, ""awa_Deva""], [0.0005924286087974906, ""new_Deva""], [6.269463483477011e-05, ""mai_Deva""]]"
L5,4674,hin_Deva,0.7959392666816711,0.7959392666816711,"[[0.7959392666816711, ""hin_Deva""], [0.19980940222740173, ""anp_Deva""], [0.0023221964947879314, ""new_Deva""], [0.0008526823949068785, ""mai_Deva""], [0.0008073289063759148, ""awa_Deva""]]"
L5,4675,anp_Deva,0.6687717437744141,0.32825174927711487,"[[0.6687717437744141, ""anp_Deva""], [0.32825174927711487, ""hin_Deva""], [0.001376360422000289, ""awa_Deva""], [0.0007739979191683233, ""new_Deva""], [0.0005111441714689136, ""mai_Deva""]]"
L5,4679,hin_Deva,0.7695643901824951,0.7695643901824951,"[[0.7695643901824951, ""hin_Deva""], [0.2256382256746292, ""anp_Deva""], [0.0025419604498893023, ""awa_Deva""], [0.0017286096699535847, ""new_Deva""], [0.0004699430719483644, ""mai_Deva""]]"
L5,4685,anp_Deva,0.5963357090950012,0.3987135589122772,"[[0.5963357090950012, ""anp_Deva""], [0.3987135589122772, ""hin_Deva""], [0.0030535818077623844, ""awa_Deva""], [0.0015257879858836532, ""new_Deva""], [0.00017900794045999646, ""bho_Deva""]]"
L5,4686,hin_Deva,0.645205020904541,0.645205020904541,"[[0.645205020904541, ""hin_Deva""], [0.3399636745452881, ""anp_Deva""], [0.012411035597324371, ""awa_Deva""], [0.0013158635701984167, ""new_Deva""], [0.0006200678762979805, ""mai_Deva""]]"
L5,4687,hin_Deva,0.5288567543029785,0.5288567543029785,"[[0.5288567543029785, ""hin_Deva""], [0.46652960777282715, ""anp_Deva""], [0.0017201987793669105, ""awa_Deva""], [0.0011982296127825975, ""new_Deva""], [0.0009023259044624865, ""bho_Deva""]]"
L5,4710,hin_Deva,0.677702009677887,0.677702009677887,"[[0.677702009677887, ""hin_Deva""], [0.31945323944091797, ""anp_Deva""], [0.001319321570917964, ""new_Deva""], [0.0008882057736627758, ""awa_Deva""], [0.00041273352690041065, ""mai_Deva""]]"
L5,4711,anp_Deva,0.8004410862922668,0.19605784118175507,"[[0.8004410862922668, ""anp_Deva""], [0.19605784118175507, ""hin_Deva""], [0.002695108065381646, ""awa_Deva""], [0.0007844490464776754, ""new_Deva""], [4.55559347756207e-05, ""mai_Deva""]]"
L5,4715,hin_Deva,0.9441286325454712,0.9441286325454712,"[[0.9441286325454712, ""hin_Deva""], [0.049722738564014435, ""anp_Deva""], [0.003337853355333209, ""new_Deva""], [0.002197485649958253, ""awa_Deva""], [0.0003561276535037905, ""mai_Deva""]]"
L5,4720,hin_Deva,0.5250794291496277,0.5250794291496277,"[[0.5250794291496277, ""hin_Deva""], [0.4602007567882538, ""anp_Deva""], [0.007564952597022057, ""awa_Deva""], [0.005056736059486866, ""mai_Deva""], [0.001511288806796074, ""new_Deva""]]"
L5,4728,hin_Deva,0.7756845355033875,0.7756845355033875,"[[0.7756845355033875, ""hin_Deva""], [0.22123833000659943, ""anp_Deva""], [0.0019906642846763134, ""awa_Deva""], [0.00041756086284294724, ""mai_Deva""], [0.000369424931704998, ""new_Deva""]]"
L5,4738,hin_Deva,0.9515237808227539,0.9515237808227539,"[[0.9515237808227539, ""hin_Deva""], [0.046434029936790466, ""anp_Deva""], [0.0012263460084795952, ""awa_Deva""], [0.0005983302835375071, ""new_Deva""], [0.00012886783224530518, ""mai_Deva""]]"
L5,4769,hin_Deva,0.6407966017723083,0.6407966017723083,"[[0.6407966017723083, ""hin_Deva""], [0.3567621409893036, ""anp_Deva""], [0.0016266816528514028, ""new_Deva""], [0.00045941598364152014, ""awa_Deva""], [0.00022545749379787594, ""bho_Deva""]]"
L5,4778,anp_Deva,0.6054306030273438,0.3838849663734436,"[[0.6054306030273438, ""anp_Deva""], [0.3838849663734436, ""hin_Deva""], [0.005872403737157583, ""awa_Deva""], [0.003418830456212163, ""new_Deva""], [0.001285838894546032, ""mai_Deva""]]"
L5,4788,hin_Deva,0.610146164894104,0.610146164894104,"[[0.610146164894104, ""hin_Deva""], [0.3714035451412201, ""anp_Deva""], [0.013216973282396793, ""awa_Deva""], [0.005101604852825403, ""new_Deva""], [0.00013765021867584437, ""mai_Deva""]]"
L5,4822,anp_Deva,0.8608815670013428,0.13741031289100647,"[[0.8608815670013428, ""anp_Deva""], [0.13741031289100647, ""hin_Deva""], [0.0011466481955721974, ""awa_Deva""], [0.0004875662853009999, ""new_Deva""], [8.516506932210177e-05, ""mai_Deva""]]"
L5,4823,hin_Deva,0.7001107931137085,0.7001107931137085,"[[0.7001107931137085, ""hin_Deva""], [0.29177969694137573, ""anp_Deva""], [0.005526939406991005, ""awa_Deva""], [0.0016199612291529775, ""new_Deva""], [0.0005648036021739244, ""mai_Deva""]]"
L5,4828,anp_Deva,0.8272308111190796,0.17072676122188568,"[[0.8272308111190796, ""anp_Deva""], [0.17072676122188568, ""hin_Deva""], [0.0012551238760352135, ""awa_Deva""], [0.0005445537390187383, ""new_Deva""], [0.00015724121476523578, ""mag_Deva""]]"
L5,4834,anp_Deva,0.869641125202179,0.11904798448085785,"[[0.869641125202179, ""anp_Deva""], [0.11904798448085785, ""hin_Deva""], [0.00774828065186739, ""new_Deva""], [0.0030032331123948097, ""awa_Deva""], [0.0003233252209611237, ""mai_Deva""]]"
L5,4837,anp_Deva,0.5737447142601013,0.42288196086883545,"[[0.5737447142601013, ""anp_Deva""], [0.42288196086883545, ""hin_Deva""], [0.0011906948639079928, ""awa_Deva""], [0.0007953056483529508, ""mai_Deva""], [0.0007721643196418881, ""new_Deva""]]"
L5,4846,anp_Deva,0.9417919516563416,0.05780405551195145,"[[0.9417919516563416, ""anp_Deva""], [0.05780405551195145, ""hin_Deva""], [0.00034600458457134664, ""awa_Deva""], [8.271423575934023e-05, ""new_Deva""], [1.9284574591438286e-05, ""mai_Deva""]]"
L5,4853,anp_Deva,0.5490565299987793,0.44697800278663635,"[[0.5490565299987793, ""anp_Deva""], [0.44697800278663635, ""hin_Deva""], [0.003133802441880107, ""awa_Deva""], [0.0008165517938323319, ""new_Deva""], [3.448565257713199e-05, ""mai_Deva""]]"
L5,4855,hin_Deva,0.9616935849189758,0.9616935849189758,"[[0.9616935849189758, ""hin_Deva""], [0.02454018034040928, ""anp_Deva""], [0.004596668761223555, ""mag_Deva""], [0.004551314283162355, ""bho_Deva""], [0.001829405315220356, ""awa_Deva""]]"
L5,4865,hin_Deva,0.8369091153144836,0.8369091153144836,"[[0.8369091153144836, ""hin_Deva""], [0.15803469717502594, ""anp_Deva""], [0.003556930460035801, ""new_Deva""], [0.0012781675904989243, ""awa_Deva""], [0.00014069709868635982, ""mai_Deva""]]"
L5,4870,hin_Deva,0.8923095464706421,0.8923095464706421,"[[0.8923095464706421, ""hin_Deva""], [0.09143368154764175, ""anp_Deva""], [0.00873428676277399, ""new_Deva""], [0.0037087772507220507, ""awa_Deva""], [0.002783925039693713, ""mai_Deva""]]"
L5,4888,hin_Deva,0.6785295605659485,0.6785295605659485,"[[0.6785295605659485, ""hin_Deva""], [0.3047480285167694, ""anp_Deva""], [0.013115162029862404, ""awa_Deva""], [0.0029489744920283556, ""new_Deva""], [0.0006358011160045862, ""mai_Deva""]]"
L5,4897,hin_Deva,0.947340190410614,0.947340190410614,"[[0.947340190410614, ""hin_Deva""], [0.050916627049446106, ""anp_Deva""], [0.0008843730902299285, ""mai_Deva""], [0.0003806199529208243, ""new_Deva""], [0.0002985806786455214, ""bho_Deva""]]"
L5,4899,anp_Deva,0.974166214466095,0.025142502039670944,"[[0.974166214466095, ""anp_Deva""], [0.025142502039670944, ""hin_Deva""], [0.00047451071441173553, ""awa_Deva""], [0.000158822163939476, ""new_Deva""], [5.619026705971919e-05, ""mai_Deva""]]"
L5,4904,anp_Deva,0.6850769519805908,0.3113635182380676,"[[0.6850769519805908, ""anp_Deva""], [0.3113635182380676, ""hin_Deva""], [0.0023008971475064754, ""awa_Deva""], [0.00120417564176023, ""new_Deva""], [4.257049295119941e-05, ""mag_Deva""]]"
L5,4909,hin_Deva,0.5957133769989014,0.5957133769989014,"[[0.5957133769989014, ""hin_Deva""], [0.36993226408958435, ""anp_Deva""], [0.027220139279961586, ""awa_Deva""], [0.004170888569205999, ""bho_Deva""], [0.0018234187737107277, ""new_Deva""]]"
L5,4929,anp_Deva,0.6661733388900757,0.31843507289886475,"[[0.6661733388900757, ""anp_Deva""], [0.31843507289886475, ""hin_Deva""], [0.013470683246850967, ""awa_Deva""], [0.0013190077152103186, ""new_Deva""], [0.0003065248019993305, ""bho_Deva""]]"
L5,4936,hin_Deva,0.903205931186676,0.903205931186676,"[[0.903205931186676, ""hin_Deva""], [0.09401761740446091, ""anp_Deva""], [0.0011572373332455754, ""new_Deva""], [0.0009127933881245553, ""awa_Deva""], [0.0003812944341916591, ""mai_Deva""]]"
L5,4940,anp_Deva,0.6506977081298828,0.3379404842853546,"[[0.6506977081298828, ""anp_Deva""], [0.3379404842853546, ""hin_Deva""], [0.008005226962268353, ""awa_Deva""], [0.002723734825849533, ""new_Deva""], [0.00046626102994196117, ""mai_Deva""]]"
L5,4947,anp_Deva,0.8827077746391296,0.11446677148342133,"[[0.8827077746391296, ""anp_Deva""], [0.11446677148342133, ""hin_Deva""], [0.0016744962194934487, ""awa_Deva""], [0.0004597379011102021, ""bho_Deva""], [0.0004376419819891453, ""mai_Deva""]]"
L5,4967,hin_Deva,0.7849627733230591,0.7849627733230591,"[[0.7849627733230591, ""hin_Deva""], [0.21381685137748718, ""anp_Deva""], [0.0008465733844786882, ""new_Deva""], [0.0003448881034273654, ""awa_Deva""], [4.303863170207478e-05, ""bho_Deva""]]"
L5,4972,anp_Deva,0.9846813082695007,0.015171019360423088,"[[0.9846813082695007, ""anp_Deva""], [0.015171019360423088, ""hin_Deva""], [0.00015376727969851345, ""new_Deva""], [3.0366249120561406e-05, ""awa_Deva""], [1.1580166756175458e-05, ""bho_Deva""]]"
L5,4984,hin_Deva,0.7463856935501099,0.7463856935501099,"[[0.7463856935501099, ""hin_Deva""], [0.2498934417963028, ""anp_Deva""], [0.0027170039247721434, ""awa_Deva""], [0.0008528096950612962, ""new_Deva""], [0.00016859258175827563, ""bho_Deva""]]"
L5,4986,hin_Deva,0.6476070880889893,0.6476070880889893,"[[0.6476070880889893, ""hin_Deva""], [0.34543925523757935, ""anp_Deva""], [0.0038453314919024706, ""awa_Deva""], [0.0009452994563616812, ""mag_Deva""], [0.0008902627159841359, ""new_Deva""]]"
L5,4993,hin_Deva,0.6873357892036438,0.6873357892036438,"[[0.6873357892036438, ""hin_Deva""], [0.30930542945861816, ""anp_Deva""], [0.0022072922438383102, ""new_Deva""], [0.0005994191160425544, ""awa_Deva""], [0.0003096364962402731, ""mai_Deva""]]"
L5,4994,anp_Deva,0.6380617618560791,0.34622061252593994,"[[0.6380617618560791, ""anp_Deva""], [0.34622061252593994, ""hin_Deva""], [0.015218766406178474, ""new_Deva""], [0.000479308539070189, ""awa_Deva""], [3.414097591303289e-05, ""mar_Deva""]]"
L5,4999,anp_Deva,0.9900317788124084,0.009762631729245186,"[[0.9900317788124084, ""anp_Deva""], [0.009762631729245186, ""hin_Deva""], [0.0001508321292931214, ""awa_Deva""], [8.963941218098626e-05, ""new_Deva""], [1.3755802683590446e-05, ""mag_Deva""]]"
L5,5027,anp_Deva,0.8594003319740295,0.13575182855129242,"[[0.8594003319740295, ""anp_Deva""], [0.13575182855129242, ""hin_Deva""], [0.0028970735147595406, ""awa_Deva""], [0.0014642669120803475, ""new_Deva""], [0.00024469048366881907, ""mai_Deva""]]"
L5,5041,anp_Deva,0.6966983079910278,0.3024551272392273,"[[0.6966983079910278, ""anp_Deva""], [0.3024551272392273, ""hin_Deva""], [0.000596244353801012, ""awa_Deva""], [0.00018847112369257957, ""new_Deva""], [8.920593245420605e-05, ""mai_Deva""]]"
L5,5049,hin_Deva,0.9091517329216003,0.9091517329216003,"[[0.9091517329216003, ""hin_Deva""], [0.0886162519454956, ""anp_Deva""], [0.0014742581406608224, ""awa_Deva""], [0.0003786123124882579, ""mai_Deva""], [0.0003119632601737976, ""new_Deva""]]"
L5,5061,anp_Deva,0.9543611407279968,0.04536901041865349,"[[0.9543611407279968, ""anp_Deva""], [0.04536901041865349, ""hin_Deva""], [0.00016433258133474737, ""awa_Deva""], [0.00011643748439382762, ""new_Deva""], [2.623027285153512e-05, ""mag_Deva""]]"
L5,5064,anp_Deva,0.928485631942749,0.07038967311382294,"[[0.928485631942749, ""anp_Deva""], [0.07038967311382294, ""hin_Deva""], [0.0009855470852926373, ""awa_Deva""], [0.00014786272367928177, ""new_Deva""], [3.361503695487045e-05, ""mai_Deva""]]"
L5,5071,hin_Deva,0.594527006149292,0.594527006149292,"[[0.594527006149292, ""hin_Deva""], [0.39251381158828735, ""anp_Deva""], [0.007098162081092596, ""awa_Deva""], [0.005217278841882944, ""new_Deva""], [0.0005281605990603566, ""mai_Deva""]]"
L5,5078,hin_Deva,0.6747372150421143,0.6747372150421143,"[[0.6747372150421143, ""hin_Deva""], [0.3225131928920746, ""anp_Deva""], [0.0007949204300530255, ""bho_Deva""], [0.000716507202014327, ""new_Deva""], [0.0006979380268603563, ""mai_Deva""]]"
L5,5086,hin_Deva,0.9620006084442139,0.9620006084442139,"[[0.9620006084442139, ""hin_Deva""], [0.035007018595933914, ""anp_Deva""], [0.0012378334067761898, ""new_Deva""], [0.0011492614867165685, ""awa_Deva""], [0.0005022655241191387, ""mai_Deva""]]"
L5,5094,hin_Deva,0.8119352459907532,0.8119352459907532,"[[0.8119352459907532, ""hin_Deva""], [0.18199405074119568, ""anp_Deva""], [0.002995592774823308, ""awa_Deva""], [0.0026991681661456823, ""new_Deva""], [0.00010596810898277909, ""mai_Deva""]]"
L5,5095,hin_Deva,0.7222156524658203,0.7222156524658203,"[[0.7222156524658203, ""hin_Deva""], [0.27432864904403687, ""anp_Deva""], [0.003152616787701845, ""awa_Deva""], [0.00019940681522712111, ""mai_Deva""], [9.945341298589483e-05, ""new_Deva""]]"
L5,5111,hin_Deva,0.8293205499649048,0.8293205499649048,"[[0.8293205499649048, ""hin_Deva""], [0.15844285488128662, ""anp_Deva""], [0.005331377498805523, ""awa_Deva""], [0.002858137944713235, ""new_Deva""], [0.0022315867245197296, ""mag_Deva""]]"
L5,5127,anp_Deva,0.591996967792511,0.39670976996421814,"[[0.591996967792511, ""anp_Deva""], [0.39670976996421814, ""hin_Deva""], [0.007107808254659176, ""awa_Deva""], [0.002013625344261527, ""new_Deva""], [0.001191432704217732, ""mai_Deva""]]"
L5,5128,anp_Deva,0.9047781825065613,0.09288816899061203,"[[0.9047781825065613, ""anp_Deva""], [0.09288816899061203, ""hin_Deva""], [0.0009641745709814131, ""awa_Deva""], [0.0007187629817053676, ""mag_Deva""], [0.0006214863387867808, ""new_Deva""]]"
L5,5134,hin_Deva,0.8213316798210144,0.8213316798210144,"[[0.8213316798210144, ""hin_Deva""], [0.17641174793243408, ""anp_Deva""], [0.0015263723907992244, ""awa_Deva""], [0.0004520376678556204, ""new_Deva""], [0.00015111346147023141, ""mai_Deva""]]"
L5,5136,hin_Deva,0.7839886546134949,0.7839886546134949,"[[0.7839886546134949, ""hin_Deva""], [0.21400734782218933, ""anp_Deva""], [0.0015633428702130914, ""awa_Deva""], [0.0003664374817162752, ""new_Deva""], [7.806507346685976e-05, ""bho_Deva""]]"
L5,5139,hin_Deva,0.7441032528877258,0.7441032528877258,"[[0.7441032528877258, ""hin_Deva""], [0.23897914588451385, ""anp_Deva""], [0.01607475057244301, ""awa_Deva""], [0.00043989738333038986, ""new_Deva""], [0.00028520618798211217, ""mai_Deva""]]"
L5,5141,anp_Deva,0.9031537771224976,0.09475216269493103,"[[0.9031537771224976, ""anp_Deva""], [0.09475216269493103, ""hin_Deva""], [0.0014035977656021714, ""awa_Deva""], [0.0004313723184168339, ""new_Deva""], [0.0002335527678951621, ""mai_Deva""]]"
L5,5143,hin_Deva,0.987280011177063,0.987280011177063,"[[0.987280011177063, ""hin_Deva""], [0.011949191801249981, ""anp_Deva""], [0.00042142218444496393, ""awa_Deva""], [0.0001870064006652683, ""new_Deva""], [0.00017208492499776185, ""mai_Deva""]]"
L5,5160,hin_Deva,0.8594967722892761,0.8594967722892761,"[[0.8594967722892761, ""hin_Deva""], [0.13583464920520782, ""anp_Deva""], [0.0034411391243338585, ""awa_Deva""], [0.0008741702768020332, ""new_Deva""], [0.0003022273594979197, ""mai_Deva""]]"
L5,5193,hin_Deva,0.7373970150947571,0.7373970150947571,"[[0.7373970150947571, ""hin_Deva""], [0.25931572914123535, ""anp_Deva""], [0.0015059892321005464, ""awa_Deva""], [0.0010144615080207586, ""new_Deva""], [0.0006826111930422485, ""mai_Deva""]]"
L5,5221,anp_Deva,0.7925334572792053,0.20476599037647247,"[[0.7925334572792053, ""anp_Deva""], [0.20476599037647247, ""hin_Deva""], [0.0016119683859869838, ""new_Deva""], [0.0009766500443220139, ""awa_Deva""], [0.00010925695823971182, ""mai_Deva""]]"
L5,5222,anp_Deva,0.8423911929130554,0.1553514450788498,"[[0.8423911929130554, ""anp_Deva""], [0.1553514450788498, ""hin_Deva""], [0.0015042416052892804, ""awa_Deva""], [0.0004985046689398587, ""new_Deva""], [0.00024275618488900363, ""mai_Deva""]]"
L5,5225,hin_Deva,0.9151552319526672,0.9151552319526672,"[[0.9151552319526672, ""hin_Deva""], [0.08000348508358002, ""anp_Deva""], [0.004521004389971495, ""new_Deva""], [0.0002728108665905893, ""awa_Deva""], [6.888844654895365e-05, ""bho_Deva""]]"
L5,5230,hin_Deva,0.787331759929657,0.787331759929657,"[[0.787331759929657, ""hin_Deva""], [0.21109628677368164, ""anp_Deva""], [0.0010528117418289185, ""awa_Deva""], [0.00042436286457814276, ""new_Deva""], [5.4596526751993224e-05, ""mai_Deva""]]"
L5,5232,hin_Deva,0.6539352536201477,0.6539352536201477,"[[0.6539352536201477, ""hin_Deva""], [0.33832627534866333, ""anp_Deva""], [0.004023365676403046, ""awa_Deva""], [0.0018379653338342905, ""new_Deva""], [0.0013829219387844205, ""mai_Deva""]]"
L5,5234,hin_Deva,0.8888383507728577,0.8888383507728577,"[[0.8888383507728577, ""hin_Deva""], [0.09928854554891586, ""anp_Deva""], [0.010573326610028744, ""awa_Deva""], [0.0005303542129695415, ""mai_Deva""], [0.00041420708294026554, ""new_Deva""]]"
L5,5238,hin_Deva,0.7697343230247498,0.7697343230247498,"[[0.7697343230247498, ""hin_Deva""], [0.22631564736366272, ""anp_Deva""], [0.001871765241958201, ""new_Deva""], [0.0017381354700773954, ""awa_Deva""], [0.00028504602960310876, ""mai_Deva""]]"
L5,5241,hin_Deva,0.8840627670288086,0.8840627670288086,"[[0.8840627670288086, ""hin_Deva""], [0.10982704162597656, ""anp_Deva""], [0.003766844281926751, ""mai_Deva""], [0.0010373522527515888, ""new_Deva""], [0.000982171157374978, ""awa_Deva""]]"
L5,5248,hin_Deva,0.7127403616905212,0.7127403616905212,"[[0.7127403616905212, ""hin_Deva""], [0.2843804955482483, ""anp_Deva""], [0.0018926257034763694, ""awa_Deva""], [0.0004959057550877333, ""new_Deva""], [0.0002656761498656124, ""mai_Deva""]]"
L5,5249,hin_Deva,0.6413606405258179,0.6413606405258179,"[[0.6413606405258179, ""hin_Deva""], [0.34052735567092896, ""anp_Deva""], [0.009355748072266579, ""awa_Deva""], [0.003916990011930466, ""bho_Deva""], [0.001584474230185151, ""mai_Deva""]]"
L5,5254,anp_Deva,0.6111056208610535,0.380359411239624,"[[0.6111056208610535, ""anp_Deva""], [0.380359411239624, ""hin_Deva""], [0.005747968330979347, ""awa_Deva""], [0.001072580344043672, ""new_Deva""], [0.0007805108325555921, ""bho_Deva""]]"
L5,5257,hin_Deva,0.584977924823761,0.584977924823761,"[[0.584977924823761, ""hin_Deva""], [0.3945904076099396, ""anp_Deva""], [0.013100636191666126, ""awa_Deva""], [0.004490371327847242, ""new_Deva""], [0.0013442713534459472, ""bho_Deva""]]"
L5,5260,hin_Deva,0.9082019925117493,0.9082019925117493,"[[0.9082019925117493, ""hin_Deva""], [0.08964790403842926, ""anp_Deva""], [0.0013822990003973246, ""new_Deva""], [0.000520335859619081, ""awa_Deva""], [0.00016001546464394778, ""bho_Deva""]]"
L5,5284,hin_Deva,0.5700533986091614,0.5700533986091614,"[[0.5700533986091614, ""hin_Deva""], [0.42122289538383484, ""anp_Deva""], [0.006673408672213554, ""awa_Deva""], [0.0007263285806402564, ""new_Deva""], [0.000642231258098036, ""mai_Deva""]]"
L5,5296,anp_Deva,0.8725231885910034,0.12310002744197845,"[[0.8725231885910034, ""anp_Deva""], [0.12310002744197845, ""hin_Deva""], [0.002467797137796879, ""new_Deva""], [0.001112859696149826, ""awa_Deva""], [0.00039819738594815135, ""mai_Deva""]]"
L5,5302,anp_Deva,0.9978880882263184,0.002079015364870429,"[[0.9978880882263184, ""anp_Deva""], [0.002079015364870429, ""hin_Deva""], [5.6258471886394545e-05, ""awa_Deva""], [1.5834793885005638e-05, ""new_Deva""], [1.0676475540094543e-05, ""mai_Deva""]]"
L5,5314,anp_Deva,0.9268099665641785,0.07231391221284866,"[[0.9268099665641785, ""anp_Deva""], [0.07231391221284866, ""hin_Deva""], [0.0006033512181602418, ""new_Deva""], [0.00029349615215323865, ""awa_Deva""], [2.1322315660654567e-05, ""mai_Deva""]]"
L5,5323,hin_Deva,0.7338189482688904,0.7338189482688904,"[[0.7338189482688904, ""hin_Deva""], [0.2215775102376938, ""anp_Deva""], [0.0405542328953743, ""awa_Deva""], [0.0025902760680764914, ""new_Deva""], [0.001110232318751514, ""mai_Deva""]]"
L5,5324,anp_Deva,0.6645079851150513,0.32344749569892883,"[[0.6645079851150513, ""anp_Deva""], [0.32344749569892883, ""hin_Deva""], [0.010202056728303432, ""awa_Deva""], [0.0018007097532972693, ""new_Deva""], [4.8532208893448114e-05, ""bho_Deva""]]"
L5,5326,hin_Deva,0.7149536609649658,0.7149536609649658,"[[0.7149536609649658, ""hin_Deva""], [0.2797926962375641, ""anp_Deva""], [0.0018211551941931248, ""new_Deva""], [0.0015724152326583862, ""mai_Deva""], [0.0012005104217678308, ""awa_Deva""]]"
L5,5333,anp_Deva,0.9848679304122925,0.014954956248402596,"[[0.9848679304122925, ""anp_Deva""], [0.014954956248402596, ""hin_Deva""], [0.00015262521628756076, ""awa_Deva""], [6.17714031250216e-05, ""new_Deva""], [1.2456141121219844e-05, ""mai_Deva""]]"
L5,5340,anp_Deva,0.6466583013534546,0.3517623543739319,"[[0.6466583013534546, ""anp_Deva""], [0.3517623543739319, ""hin_Deva""], [0.001484548905864358, ""awa_Deva""], [7.740602450212464e-05, ""new_Deva""], [4.598461964633316e-05, ""mai_Deva""]]"
L5,5341,hin_Deva,0.4999302923679352,0.4999302923679352,"[[0.4999302923679352, ""hin_Deva""], [0.49517878890037537, ""anp_Deva""], [0.0016219879034906626, ""awa_Deva""], [0.0014445966808125377, ""new_Deva""], [0.001145690679550171, ""mai_Deva""]]"
L5,5356,anp_Deva,0.8476188778877258,0.1513158679008484,"[[0.8476188778877258, ""anp_Deva""], [0.1513158679008484, ""hin_Deva""], [0.0007698283297941089, ""awa_Deva""], [0.00020481499086599797, ""new_Deva""], [0.00011746503878384829, ""mai_Deva""]]"
L5,5367,hin_Deva,0.9397355914115906,0.9397355914115906,"[[0.9397355914115906, ""hin_Deva""], [0.05129919946193695, ""anp_Deva""], [0.004713668487966061, ""awa_Deva""], [0.004203428979963064, ""new_Deva""], [5.192880780668929e-05, ""bho_Deva""]]"
L5,5368,anp_Deva,0.9352164268493652,0.055750470608472824,"[[0.9352164268493652, ""anp_Deva""], [0.055750470608472824, ""hin_Deva""], [0.00824305135756731, ""awa_Deva""], [0.0008165245526470244, ""new_Deva""], [1.778846672095824e-05, ""bho_Deva""]]"
L5,5383,hin_Deva,0.9520295858383179,0.9520295858383179,"[[0.9520295858383179, ""hin_Deva""], [0.03999336063861847, ""anp_Deva""], [0.00423771608620882, ""awa_Deva""], [0.002003622241318226, ""bho_Deva""], [0.0007926486432552338, ""mai_Deva""]]"
L5,5386,hin_Deva,0.785851001739502,0.785851001739502,"[[0.785851001739502, ""hin_Deva""], [0.20189186930656433, ""anp_Deva""], [0.009189555421471596, ""awa_Deva""], [0.002521945396438241, ""new_Deva""], [0.00046963259228505194, ""mai_Deva""]]"
L5,5388,hin_Deva,0.9275051951408386,0.9275051951408386,"[[0.9275051951408386, ""hin_Deva""], [0.062344878911972046, ""anp_Deva""], [0.004380939994007349, ""new_Deva""], [0.0037619348149746656, ""awa_Deva""], [0.0016344372415915132, ""bho_Deva""]]"
L5,5392,hin_Deva,0.5601253509521484,0.5601253509521484,"[[0.5601253509521484, ""hin_Deva""], [0.43165385723114014, ""anp_Deva""], [0.007043847348541021, ""awa_Deva""], [0.0007340998272411525, ""new_Deva""], [0.000332355935825035, ""mai_Deva""]]"
L5,5406,anp_Deva,0.8937349915504456,0.10012378543615341,"[[0.8937349915504456, ""anp_Deva""], [0.10012378543615341, ""hin_Deva""], [0.004082870204001665, ""awa_Deva""], [0.0017917805816978216, ""new_Deva""], [0.0001470953575335443, ""mai_Deva""]]"
L5,5413,hin_Deva,0.7163169980049133,0.7163169980049133,"[[0.7163169980049133, ""hin_Deva""], [0.2744423449039459, ""anp_Deva""], [0.005507234949618578, ""awa_Deva""], [0.0028656243812292814, ""new_Deva""], [0.0005241488688625395, ""bho_Deva""]]"
L5,5418,anp_Deva,0.9352225661277771,0.06426295638084412,"[[0.9352225661277771, ""anp_Deva""], [0.06426295638084412, ""hin_Deva""], [0.00034099488402716815, ""awa_Deva""], [0.00013154921180102974, ""new_Deva""], [4.213785723550245e-05, ""mai_Deva""]]"
L5,5423,anp_Deva,0.626993715763092,0.37164145708084106,"[[0.626993715763092, ""anp_Deva""], [0.37164145708084106, ""hin_Deva""], [0.0012281332165002823, ""new_Deva""], [8.549162885174155e-05, ""awa_Deva""], [4.6768185711698607e-05, ""mai_Deva""]]"
L5,5428,anp_Deva,0.9805057644844055,0.01830877549946308,"[[0.9805057644844055, ""anp_Deva""], [0.01830877549946308, ""hin_Deva""], [0.000994921661913395, ""awa_Deva""], [0.00015540144522674382, ""new_Deva""], [5.850223169545643e-05, ""mai_Deva""]]"
L5,5438,anp_Deva,0.8825839757919312,0.11611907184123993,"[[0.8825839757919312, ""anp_Deva""], [0.11611907184123993, ""hin_Deva""], [0.0006198494229465723, ""awa_Deva""], [0.00043954869033768773, ""new_Deva""], [7.809523231117055e-05, ""hne_Deva""]]"
L5,5447,hin_Deva,0.8940249085426331,0.8940249085426331,"[[0.8940249085426331, ""hin_Deva""], [0.10117261111736298, ""anp_Deva""], [0.00303063215687871, ""awa_Deva""], [0.0009121602633967996, ""new_Deva""], [0.0005699781468138099, ""bho_Deva""]]"
L5,5474,hin_Deva,0.7397418022155762,0.7397418022155762,"[[0.7397418022155762, ""hin_Deva""], [0.2565860450267792, ""anp_Deva""], [0.0027646308299154043, ""awa_Deva""], [0.0004406918305903673, ""bho_Deva""], [0.00028513683355413377, ""new_Deva""]]"
L5,5485,anp_Deva,0.5701662302017212,0.42842578887939453,"[[0.5701662302017212, ""anp_Deva""], [0.42842578887939453, ""hin_Deva""], [0.0009161042398773134, ""awa_Deva""], [0.00044913796591572464, ""new_Deva""], [5.8815614465856925e-05, ""mai_Deva""]]"
L5,5524,hin_Deva,0.8690502047538757,0.8690502047538757,"[[0.8690502047538757, ""hin_Deva""], [0.12860754132270813, ""anp_Deva""], [0.0013640199322253466, ""new_Deva""], [0.0004940602811984718, ""awa_Deva""], [0.00033927473123185337, ""mai_Deva""]]"
L5,5538,anp_Deva,0.7700973749160767,0.22761136293411255,"[[0.7700973749160767, ""anp_Deva""], [0.22761136293411255, ""hin_Deva""], [0.0014028402511030436, ""awa_Deva""], [0.0006695280317217112, ""new_Deva""], [0.00018467530026100576, ""mai_Deva""]]"
L5,5543,hin_Deva,0.9437839388847351,0.9437839388847351,"[[0.9437839388847351, ""hin_Deva""], [0.051348891109228134, ""anp_Deva""], [0.0025451357942074537, ""awa_Deva""], [0.0016759253339841962, ""new_Deva""], [0.0003863416495732963, ""mai_Deva""]]"
L5,5544,hin_Deva,0.9429364204406738,0.9429364204406738,"[[0.9429364204406738, ""hin_Deva""], [0.053935881704092026, ""anp_Deva""], [0.002311162883415818, ""new_Deva""], [0.00038099492667242885, ""awa_Deva""], [0.000289962044917047, ""mai_Deva""]]"
L5,5556,hin_Deva,0.8267509341239929,0.8267509341239929,"[[0.8267509341239929, ""hin_Deva""], [0.16053098440170288, ""anp_Deva""], [0.010043864138424397, ""awa_Deva""], [0.001670290483161807, ""mai_Deva""], [0.00046678425860591233, ""new_Deva""]]"
L5,5564,anp_Deva,0.6959132552146912,0.279217392206192,"[[0.6959132552146912, ""anp_Deva""], [0.279217392206192, ""hin_Deva""], [0.02067842334508896, ""new_Deva""], [0.0028648017905652523, ""awa_Deva""], [0.000748134043533355, ""mai_Deva""]]"
L5,5569,hin_Deva,0.5229061245918274,0.5229061245918274,"[[0.5229061245918274, ""hin_Deva""], [0.4751543402671814, ""anp_Deva""], [0.0008178871939890087, ""awa_Deva""], [0.0006479103467427194, ""new_Deva""], [0.0003052919346373528, ""bho_Deva""]]"
L5,5572,hin_Deva,0.9546088576316833,0.9546088576316833,"[[0.9546088576316833, ""hin_Deva""], [0.043891023844480515, ""anp_Deva""], [0.0009940960444509983, ""awa_Deva""], [0.00041639432311058044, ""new_Deva""], [5.379803405958228e-05, ""mag_Deva""]]"
L5,5573,anp_Deva,0.7373133301734924,0.25088781118392944,"[[0.7373133301734924, ""anp_Deva""], [0.25088781118392944, ""hin_Deva""], [0.007912185974419117, ""new_Deva""], [0.003435649909079075, ""awa_Deva""], [0.0004112230380997062, ""mai_Deva""]]"
L5,5575,hin_Deva,0.5566738247871399,0.5566738247871399,"[[0.5566738247871399, ""hin_Deva""], [0.4385986626148224, ""anp_Deva""], [0.0024128940422087908, ""awa_Deva""], [0.001999415224418044, ""new_Deva""], [0.0002746394893620163, ""mai_Deva""]]"
L5,5580,hin_Deva,0.6304870843887329,0.6304870843887329,"[[0.6304870843887329, ""hin_Deva""], [0.3667602241039276, ""anp_Deva""], [0.0013497810577973723, ""awa_Deva""], [0.0005844613187946379, ""new_Deva""], [0.0004920033970847726, ""mai_Deva""]]"
L5,5582,hin_Deva,0.8125360608100891,0.8125360608100891,"[[0.8125360608100891, ""hin_Deva""], [0.18360191583633423, ""anp_Deva""], [0.001307438244111836, ""new_Deva""], [0.0011525658192113042, ""awa_Deva""], [0.0006943033658899367, ""bho_Deva""]]"
L5,5590,hin_Deva,0.9519106149673462,0.9519106149673462,"[[0.9519106149673462, ""hin_Deva""], [0.03503025323152542, ""anp_Deva""], [0.011622044257819653, ""awa_Deva""], [0.0007547923596575856, ""mai_Deva""], [0.00027551173116080463, ""new_Deva""]]"
L5,5600,hin_Deva,0.788550078868866,0.788550078868866,"[[0.788550078868866, ""hin_Deva""], [0.2029983252286911, ""anp_Deva""], [0.00471688574180007, ""awa_Deva""], [0.001938639092259109, ""new_Deva""], [0.0009320041863247752, ""mai_Deva""]]"
L5,5601,anp_Deva,0.9099804759025574,0.08858782052993774,"[[0.9099804759025574, ""anp_Deva""], [0.08858782052993774, ""hin_Deva""], [0.0007509421557188034, ""awa_Deva""], [0.0005592923844233155, ""new_Deva""], [8.104434527922422e-05, ""mai_Deva""]]"
L5,5630,hin_Deva,0.5400884747505188,0.5400884747505188,"[[0.5400884747505188, ""hin_Deva""], [0.4472505748271942, ""anp_Deva""], [0.005738892126828432, ""awa_Deva""], [0.004986872896552086, ""new_Deva""], [0.001258951029740274, ""bho_Deva""]]"
L5,5633,hin_Deva,0.8519428968429565,0.8519428968429565,"[[0.8519428968429565, ""hin_Deva""], [0.14445532858371735, ""anp_Deva""], [0.0020418507046997547, ""new_Deva""], [0.0010787044884636998, ""awa_Deva""], [0.00036805978743359447, ""mai_Deva""]]"
L5,5637,hin_Deva,0.6057941317558289,0.6057941317558289,"[[0.6057941317558289, ""hin_Deva""], [0.3765210211277008, ""anp_Deva""], [0.013033163733780384, ""awa_Deva""], [0.0036979750730097294, ""new_Deva""], [0.0004355580313131213, ""bho_Deva""]]"
L5,5640,hin_Deva,0.7734201550483704,0.7734201550483704,"[[0.7734201550483704, ""hin_Deva""], [0.22380779683589935, ""anp_Deva""], [0.001610611448995769, ""new_Deva""], [0.0009737813379615545, ""awa_Deva""], [0.00014393022865988314, ""mai_Deva""]]"
L5,5655,hin_Deva,0.5203865766525269,0.5203865766525269,"[[0.5203865766525269, ""hin_Deva""], [0.4711184501647949, ""anp_Deva""], [0.004328818991780281, ""new_Deva""], [0.003980305511504412, ""awa_Deva""], [0.00012362973939161748, ""bho_Deva""]]"
L5,5666,hin_Deva,0.7514204382896423,0.7514204382896423,"[[0.7514204382896423, ""hin_Deva""], [0.24368475377559662, ""anp_Deva""], [0.002240898786112666, ""awa_Deva""], [0.0010558422654867172, ""new_Deva""], [0.0006736302166245878, ""mag_Deva""]]"
L5,5668,anp_Deva,0.5180791020393372,0.4746929705142975,"[[0.5180791020393372, ""anp_Deva""], [0.4746929705142975, ""hin_Deva""], [0.003467820817604661, ""mai_Deva""], [0.0014829202555119991, ""new_Deva""], [0.0010915505699813366, ""bho_Deva""]]"
L5,5677,anp_Deva,0.9512380361557007,0.04777617007493973,"[[0.9512380361557007, ""anp_Deva""], [0.04777617007493973, ""hin_Deva""], [0.00039384097908623517, ""mai_Deva""], [0.0002829883014783263, ""awa_Deva""], [0.00021040135470684618, ""new_Deva""]]"
L5,5680,hin_Deva,0.8945512771606445,0.8945512771606445,"[[0.8945512771606445, ""hin_Deva""], [0.08295433223247528, ""anp_Deva""], [0.017217235639691353, ""new_Deva""], [0.002937750890851021, ""mai_Deva""], [0.0009918848518282175, ""awa_Deva""]]"
L5,5717,hin_Deva,0.8577627539634705,0.8577627539634705,"[[0.8577627539634705, ""hin_Deva""], [0.13768577575683594, ""anp_Deva""], [0.0027952860109508038, ""new_Deva""], [0.0015900463331490755, ""awa_Deva""], [9.976556611945853e-05, ""mai_Deva""]]"
L5,5765,hin_Deva,0.9305888414382935,0.9305888414382935,"[[0.9305888414382935, ""hin_Deva""], [0.06585870683193207, ""anp_Deva""], [0.0024119035806506872, ""new_Deva""], [0.0005267355591058731, ""awa_Deva""], [0.0003573183494154364, ""mai_Deva""]]"
L5,5783,anp_Deva,0.8329511284828186,0.16279073059558868,"[[0.8329511284828186, ""anp_Deva""], [0.16279073059558868, ""hin_Deva""], [0.0032332122791558504, ""awa_Deva""], [0.0006876609404571354, ""new_Deva""], [0.00021461930009536445, ""mai_Deva""]]"
L5,5791,hin_Deva,0.9538772702217102,0.9538772702217102,"[[0.9538772702217102, ""hin_Deva""], [0.041200894862413406, ""anp_Deva""], [0.0020033156033605337, ""awa_Deva""], [0.00163506087847054, ""mai_Deva""], [0.0011715671280398965, ""new_Deva""]]"
L5,5803,anp_Deva,0.8131037950515747,0.18196319043636322,"[[0.8131037950515747, ""anp_Deva""], [0.18196319043636322, ""hin_Deva""], [0.0037720981054008007, ""awa_Deva""], [0.00047032482689246535, ""new_Deva""], [0.0003572454152163118, ""mai_Deva""]]"
L5,5811,anp_Deva,0.9530410766601562,0.044871799647808075,"[[0.9530410766601562, ""anp_Deva""], [0.044871799647808075, ""hin_Deva""], [0.0016434519784525037, ""awa_Deva""], [0.00046854460379108787, ""new_Deva""], [2.2283433281700127e-05, ""mai_Deva""]]"
L5,5813,hin_Deva,0.9500147104263306,0.9500147104263306,"[[0.9500147104263306, ""hin_Deva""], [0.04258507490158081, ""anp_Deva""], [0.004409571178257465, ""awa_Deva""], [0.0012398271355777979, ""new_Deva""], [0.0009344507707282901, ""mai_Deva""]]"
L5,5814,anp_Deva,0.6559454202651978,0.3351510763168335,"[[0.6559454202651978, ""anp_Deva""], [0.3351510763168335, ""hin_Deva""], [0.002278778934851289, ""bho_Deva""], [0.0021607920061796904, ""mai_Deva""], [0.0014889606973156333, ""mag_Deva""]]"
L5,5819,anp_Deva,0.5808973908424377,0.3822513222694397,"[[0.5808973908424377, ""anp_Deva""], [0.3822513222694397, ""hin_Deva""], [0.03345469385385513, ""awa_Deva""], [0.0021273631136864424, ""new_Deva""], [0.000712823064532131, ""mai_Deva""]]"
L5,5826,hin_Deva,0.7934015989303589,0.7934015989303589,"[[0.7934015989303589, ""hin_Deva""], [0.20192517340183258, ""anp_Deva""], [0.002116956515237689, ""awa_Deva""], [0.001462673069909215, ""new_Deva""], [0.00043549988185986876, ""mai_Deva""]]"
L5,5835,anp_Deva,0.939685583114624,0.04308581352233887,"[[0.939685583114624, ""anp_Deva""], [0.04308581352233887, ""hin_Deva""], [0.013990879990160465, ""awa_Deva""], [0.0030586356297135353, ""new_Deva""], [0.00013547841808758676, ""mai_Deva""]]"
L5,5840,hin_Deva,0.786300539970398,0.786300539970398,"[[0.786300539970398, ""hin_Deva""], [0.2072903960943222, ""anp_Deva""], [0.0030068482737988234, ""new_Deva""], [0.003006448270753026, ""awa_Deva""], [0.0003180685453116894, ""bho_Deva""]]"
L5,5849,hin_Deva,0.9802436232566833,0.9802436232566833,"[[0.9802436232566833, ""hin_Deva""], [0.017495639622211456, ""anp_Deva""], [0.0008892728947103024, ""awa_Deva""], [0.000799339497461915, ""mai_Deva""], [0.00034250045428052545, ""new_Deva""]]"
L5,5856,hin_Deva,0.9057787656784058,0.9057787656784058,"[[0.9057787656784058, ""hin_Deva""], [0.09207780659198761, ""anp_Deva""], [0.0010148407891392708, ""awa_Deva""], [0.000876519363373518, ""new_Deva""], [0.0002138376294169575, ""mai_Deva""]]"
L5,5859,anp_Deva,0.7997762560844421,0.19746674597263336,"[[0.7997762560844421, ""anp_Deva""], [0.19746674597263336, ""hin_Deva""], [0.001519888755865395, ""awa_Deva""], [0.0011101227719336748, ""new_Deva""], [0.0001487715053372085, ""bho_Deva""]]"
L5,5879,hin_Deva,0.7973844408988953,0.7973844408988953,"[[0.7973844408988953, ""hin_Deva""], [0.20059984922409058, ""anp_Deva""], [0.0016384543851017952, ""awa_Deva""], [0.00024476213729940355, ""new_Deva""], [8.118474943330511e-05, ""bho_Deva""]]"
L5,5884,anp_Deva,0.6042961478233337,0.39260223507881165,"[[0.6042961478233337, ""anp_Deva""], [0.39260223507881165, ""hin_Deva""], [0.0014953180216252804, ""awa_Deva""], [0.0014518974348902702, ""new_Deva""], [0.00013048466644249856, ""mai_Deva""]]"
L5,5888,anp_Deva,0.963554859161377,0.03597486764192581,"[[0.963554859161377, ""anp_Deva""], [0.03597486764192581, ""hin_Deva""], [0.0002974583476316184, ""new_Deva""], [0.00018129464297089726, ""awa_Deva""], [3.581849159672856e-05, ""mai_Deva""]]"
L5,5896,anp_Deva,0.9768760800361633,0.022758904844522476,"[[0.9768760800361633, ""anp_Deva""], [0.022758904844522476, ""hin_Deva""], [0.00029189782799221575, ""awa_Deva""], [5.172492819838226e-05, ""mag_Deva""], [3.5515120544005185e-05, ""bho_Deva""]]"
L5,5897,anp_Deva,0.6095941662788391,0.38636723160743713,"[[0.6095941662788391, ""anp_Deva""], [0.38636723160743713, ""hin_Deva""], [0.0023374708835035563, ""new_Deva""], [0.0015017733676359057, ""awa_Deva""], [0.00014654926781076938, ""mai_Deva""]]"
L5,5898,hin_Deva,0.6629434823989868,0.6629434823989868,"[[0.6629434823989868, ""hin_Deva""], [0.31544753909111023, ""anp_Deva""], [0.011978291906416416, ""awa_Deva""], [0.006508836522698402, ""new_Deva""], [0.0016630211612209678, ""mai_Deva""]]"
L5,5900,anp_Deva,0.8984613418579102,0.0984809547662735,"[[0.8984613418579102, ""anp_Deva""], [0.0984809547662735, ""hin_Deva""], [0.0017144739395007491, ""awa_Deva""], [0.0006887603085488081, ""bho_Deva""], [0.0005563799641095102, ""mai_Deva""]]"
L5,5912,hin_Deva,0.5222931504249573,0.5222931504249573,"[[0.5222931504249573, ""hin_Deva""], [0.4727732539176941, ""anp_Deva""], [0.002443629549816251, ""awa_Deva""], [0.0015924971085041761, ""mai_Deva""], [0.0004917203332297504, ""new_Deva""]]"
L5,5918,hin_Deva,0.9501320123672485,0.9501320123672485,"[[0.9501320123672485, ""hin_Deva""], [0.023031506687402725, ""anp_Deva""], [0.012776539660990238, ""awa_Deva""], [0.011441457085311413, ""new_Deva""], [0.002430468099191785, ""mai_Deva""]]"
L5,5921,anp_Deva,0.6501091718673706,0.3440667986869812,"[[0.6501091718673706, ""anp_Deva""], [0.3440667986869812, ""hin_Deva""], [0.0028340977150946856, ""awa_Deva""], [0.002690403489395976, ""new_Deva""], [0.00023842234804760665, ""mai_Deva""]]"
L5,5924,anp_Deva,0.8107349276542664,0.18570247292518616,"[[0.8107349276542664, ""anp_Deva""], [0.18570247292518616, ""hin_Deva""], [0.0018183420179411769, ""new_Deva""], [0.001500239479355514, ""awa_Deva""], [0.00016373436665162444, ""mai_Deva""]]"
L5,5927,anp_Deva,0.783259928226471,0.21580858528614044,"[[0.783259928226471, ""anp_Deva""], [0.21580858528614044, ""hin_Deva""], [0.0004558757646009326, ""new_Deva""], [0.00034423681790940464, ""awa_Deva""], [0.0001146601716754958, ""mai_Deva""]]"
L5,5937,anp_Deva,0.7126387357711792,0.2846655547618866,"[[0.7126387357711792, ""anp_Deva""], [0.2846655547618866, ""hin_Deva""], [0.001757810008712113, ""awa_Deva""], [0.0009360669646412134, ""new_Deva""], [2.60631313722115e-05, ""mai_Deva""]]"
L5,6010,hin_Deva,0.5405341386795044,0.5405341386795044,"[[0.5405341386795044, ""hin_Deva""], [0.4482758045196533, ""anp_Deva""], [0.009117711335420609, ""awa_Deva""], [0.0016289240447804332, ""new_Deva""], [0.0004462270881049335, ""bho_Deva""]]"
L5,6031,hin_Deva,0.7968582510948181,0.7968582510948181,"[[0.7968582510948181, ""hin_Deva""], [0.17819279432296753, ""anp_Deva""], [0.019587159156799316, ""awa_Deva""], [0.004781598225235939, ""new_Deva""], [0.0003173286677338183, ""bho_Deva""]]"
L5,6033,hin_Deva,0.9244413375854492,0.9244413375854492,"[[0.9244413375854492, ""hin_Deva""], [0.07287813723087311, ""anp_Deva""], [0.0011829097056761384, ""new_Deva""], [0.0007919840863905847, ""awa_Deva""], [0.0005315060843713582, ""mai_Deva""]]"
L5,6050,anp_Deva,0.5868533849716187,0.4076707363128662,"[[0.5868533849716187, ""anp_Deva""], [0.4076707363128662, ""hin_Deva""], [0.0027966005727648735, ""awa_Deva""], [0.0010345563059672713, ""bho_Deva""], [0.0008179227006621659, ""mai_Deva""]]"
L5,6059,anp_Deva,0.5743979811668396,0.4241199493408203,"[[0.5743979811668396, ""anp_Deva""], [0.4241199493408203, ""hin_Deva""], [0.0005372671876102686, ""awa_Deva""], [0.00044486630940809846, ""new_Deva""], [0.00028885004576295614, ""mai_Deva""]]"
L5,6066,anp_Deva,0.7007002234458923,0.287852019071579,"[[0.7007002234458923, ""anp_Deva""], [0.287852019071579, ""hin_Deva""], [0.011165373958647251, ""awa_Deva""], [0.00027850453625433147, ""new_Deva""], [2.6495210477150977e-05, ""bho_Deva""]]"
L5,6073,hin_Deva,0.8089564442634583,0.8089564442634583,"[[0.8089564442634583, ""hin_Deva""], [0.1836804300546646, ""anp_Deva""], [0.003675420768558979, ""awa_Deva""], [0.0016218355158343911, ""new_Deva""], [0.0011379929492250085, ""bho_Deva""]]"
L5,6098,hin_Deva,0.8888883590698242,0.8888883590698242,"[[0.8888883590698242, ""hin_Deva""], [0.10073518007993698, ""anp_Deva""], [0.0098520927131176, ""awa_Deva""], [0.0003382030117791146, ""new_Deva""], [0.0001223599974764511, ""bho_Deva""]]"
L5,6100,hin_Deva,0.9031038284301758,0.9031038284301758,"[[0.9031038284301758, ""hin_Deva""], [0.0825979933142662, ""anp_Deva""], [0.009101001545786858, ""awa_Deva""], [0.00505446782335639, ""new_Deva""], [8.64714165800251e-05, ""mai_Deva""]]"
L5,6103,anp_Deva,0.7197809815406799,0.27837949991226196,"[[0.7197809815406799, ""anp_Deva""], [0.27837949991226196, ""hin_Deva""], [0.0010033289436250925, ""awa_Deva""], [0.0005564505700021982, ""new_Deva""], [0.00024586659856140614, ""mai_Deva""]]"
L5,6109,anp_Deva,0.6477173566818237,0.3434258699417114,"[[0.6477173566818237, ""anp_Deva""], [0.3434258699417114, ""hin_Deva""], [0.00776949105784297, ""new_Deva""], [0.0009451268124394119, ""awa_Deva""], [9.315744682680815e-05, ""mai_Deva""]]"
L5,6123,hin_Deva,0.6643756628036499,0.6643756628036499,"[[0.6643756628036499, ""hin_Deva""], [0.3118602931499481, ""anp_Deva""], [0.020671986043453217, ""awa_Deva""], [0.0019107232801616192, ""new_Deva""], [0.0009414910455234349, ""mai_Deva""]]"
L5,6128,hin_Deva,0.8788425922393799,0.8788425922393799,"[[0.8788425922393799, ""hin_Deva""], [0.11766254156827927, ""anp_Deva""], [0.0025480256881564856, ""awa_Deva""], [0.0006110303802415729, ""new_Deva""], [0.00027204572688788176, ""mai_Deva""]]"
L5,6145,hin_Deva,0.5581059455871582,0.5581059455871582,"[[0.5581059455871582, ""hin_Deva""], [0.4396724998950958, ""anp_Deva""], [0.001381121575832367, ""awa_Deva""], [0.0006182807264849544, ""new_Deva""], [0.00015441961295437068, ""mai_Deva""]]"
L5,6148,anp_Deva,0.8629345893859863,0.1300223022699356,"[[0.8629345893859863, ""anp_Deva""], [0.1300223022699356, ""hin_Deva""], [0.004624795168638229, ""awa_Deva""], [0.0016923090443015099, ""mai_Deva""], [0.0004457171307876706, ""new_Deva""]]"
L5,6150,hin_Deva,0.8521063327789307,0.8521063327789307,"[[0.8521063327789307, ""hin_Deva""], [0.14386709034442902, ""anp_Deva""], [0.001549343578517437, ""new_Deva""], [0.0014989273622632027, ""awa_Deva""], [0.000613176787737757, ""mai_Deva""]]"
L5,6164,hin_Deva,0.5216212868690491,0.5216212868690491,"[[0.5216212868690491, ""hin_Deva""], [0.4493652284145355, ""anp_Deva""], [0.02675703540444374, ""awa_Deva""], [0.0008943967986851931, ""new_Deva""], [0.0008706546504981816, ""mai_Deva""]]"
L5,6174,hin_Deva,0.788272500038147,0.788272500038147,"[[0.788272500038147, ""hin_Deva""], [0.20527806878089905, ""anp_Deva""], [0.0022335464600473642, ""awa_Deva""], [0.002090547000989318, ""new_Deva""], [0.0017776978202164173, ""bho_Deva""]]"
L5,6176,hin_Deva,0.5985448360443115,0.5985448360443115,"[[0.5985448360443115, ""hin_Deva""], [0.40020740032196045, ""anp_Deva""], [0.0003952847619075328, ""new_Deva""], [0.00037477276055142283, ""mai_Deva""], [0.00027381200925447047, ""awa_Deva""]]"
L5,6181,hin_Deva,0.8246623873710632,0.8246623873710632,"[[0.8246623873710632, ""hin_Deva""], [0.16687284409999847, ""anp_Deva""], [0.0032247607596218586, ""awa_Deva""], [0.002396202180534601, ""mai_Deva""], [0.0020844500977545977, ""new_Deva""]]"
L5,6182,hin_Deva,0.7333112359046936,0.7333112359046936,"[[0.7333112359046936, ""hin_Deva""], [0.24277536571025848, ""anp_Deva""], [0.01126493327319622, ""new_Deva""], [0.011019697412848473, ""awa_Deva""], [0.0010478635085746646, ""mai_Deva""]]"
L5,6186,hin_Deva,0.7309144735336304,0.7309144735336304,"[[0.7309144735336304, ""hin_Deva""], [0.2603532373905182, ""anp_Deva""], [0.00691655557602644, ""awa_Deva""], [0.0014013426844030619, ""new_Deva""], [0.00036505729076452553, ""bho_Deva""]]"
L5,6193,hin_Deva,0.9046270847320557,0.9046270847320557,"[[0.9046270847320557, ""hin_Deva""], [0.08525775372982025, ""anp_Deva""], [0.006135939154773951, ""awa_Deva""], [0.0017964867874979973, ""new_Deva""], [0.0010156517382711172, ""mai_Deva""]]"
L5,6201,hin_Deva,0.9318912029266357,0.9318912029266357,"[[0.9318912029266357, ""hin_Deva""], [0.056728072464466095, ""anp_Deva""], [0.008399901911616325, ""awa_Deva""], [0.0012286779237911105, ""new_Deva""], [0.0011785962851718068, ""bho_Deva""]]"
L5,6204,anp_Deva,0.8414177298545837,0.15434224903583527,"[[0.8414177298545837, ""anp_Deva""], [0.15434224903583527, ""hin_Deva""], [0.002367574255913496, ""new_Deva""], [0.0017363717779517174, ""awa_Deva""], [0.00010732423834269866, ""bho_Deva""]]"
L5,6209,anp_Deva,0.8631901144981384,0.13508136570453644,"[[0.8631901144981384, ""anp_Deva""], [0.13508136570453644, ""hin_Deva""], [0.0008413309697061777, ""new_Deva""], [0.00043252596515230834, ""awa_Deva""], [0.00024501458392478526, ""bho_Deva""]]"
L5,6214,hin_Deva,0.9503214359283447,0.9503214359283447,"[[0.9503214359283447, ""hin_Deva""], [0.03535962104797363, ""anp_Deva""], [0.00704280287027359, ""awa_Deva""], [0.005284163169562817, ""new_Deva""], [0.0009807217866182327, ""bho_Deva""]]"
L5,6218,anp_Deva,0.6213822364807129,0.33653995394706726,"[[0.6213822364807129, ""anp_Deva""], [0.33653995394706726, ""hin_Deva""], [0.0382193960249424, ""awa_Deva""], [0.0017557592364028096, ""mai_Deva""], [0.0010419775499030948, ""new_Deva""]]"
L5,6229,hin_Deva,0.5054716467857361,0.5054716467857361,"[[0.5054716467857361, ""hin_Deva""], [0.45612552762031555, ""anp_Deva""], [0.03518077731132507, ""awa_Deva""], [0.0032297158613801003, ""new_Deva""], [2.1255234969430603e-05, ""bho_Deva""]]"
L5,6233,anp_Deva,0.9223281741142273,0.0765901654958725,"[[0.9223281741142273, ""anp_Deva""], [0.0765901654958725, ""hin_Deva""], [0.0008150774519890547, ""new_Deva""], [0.0002349954011151567, ""awa_Deva""], [3.779238249990158e-05, ""mup_Deva""]]"
L5,6234,anp_Deva,0.8091892004013062,0.1859198659658432,"[[0.8091892004013062, ""anp_Deva""], [0.1859198659658432, ""hin_Deva""], [0.0024242387153208256, ""new_Deva""], [0.002402770798653364, ""awa_Deva""], [8.220002928283066e-05, ""mai_Deva""]]"
L5,6236,hin_Deva,0.9213961362838745,0.9213961362838745,"[[0.9213961362838745, ""hin_Deva""], [0.06602533906698227, ""anp_Deva""], [0.008456031791865826, ""awa_Deva""], [0.003651826409623027, ""new_Deva""], [0.00031387165654450655, ""bho_Deva""]]"
L5,6244,anp_Deva,0.9819232821464539,0.018067441880702972,"[[0.9819232821464539, ""anp_Deva""], [0.018067441880702972, ""hin_Deva""], [2.6247138521284796e-05, ""awa_Deva""], [1.8618362446432002e-05, ""new_Deva""], [1.2632511243282352e-05, ""mai_Deva""]]"
L5,6250,anp_Deva,0.8201924562454224,0.1759672611951828,"[[0.8201924562454224, ""anp_Deva""], [0.1759672611951828, ""hin_Deva""], [0.002988420659676194, ""new_Deva""], [0.0004109209985472262, ""awa_Deva""], [0.00020507788576651365, ""sck_Deva""]]"
L5,6261,hin_Deva,0.757370114326477,0.757370114326477,"[[0.757370114326477, ""hin_Deva""], [0.23729704320430756, ""anp_Deva""], [0.00290700769983232, ""awa_Deva""], [0.0011080254334956408, ""new_Deva""], [0.0006814501830376685, ""mai_Deva""]]"
L5,6264,hin_Deva,0.5454698204994202,0.5454698204994202,"[[0.5454698204994202, ""hin_Deva""], [0.4465705156326294, ""anp_Deva""], [0.005209768656641245, ""new_Deva""], [0.0025327205657958984, ""awa_Deva""], [0.00010909754928434268, ""mai_Deva""]]"
L5,6274,hin_Deva,0.9861346483230591,0.9861346483230591,"[[0.9861346483230591, ""hin_Deva""], [0.010777091607451439, ""anp_Deva""], [0.0015464420430362225, ""mag_Deva""], [0.0007566525600850582, ""new_Deva""], [0.0005988902994431555, ""awa_Deva""]]"
L5,6276,anp_Deva,0.5172432065010071,0.4796525239944458,"[[0.5172432065010071, ""anp_Deva""], [0.4796525239944458, ""hin_Deva""], [0.001970627112314105, ""awa_Deva""], [0.0011130050988867879, ""new_Deva""], [3.942612966056913e-05, ""bho_Deva""]]"
L5,6277,hin_Deva,0.9234381914138794,0.9234381914138794,"[[0.9234381914138794, ""hin_Deva""], [0.07040083408355713, ""anp_Deva""], [0.0033028130419552326, ""awa_Deva""], [0.0015486403135582805, ""mai_Deva""], [0.0008185856277123094, ""mag_Deva""]]"
L5,6285,hin_Deva,0.9734079241752625,0.9734079241752625,"[[0.9734079241752625, ""hin_Deva""], [0.01822485215961933, ""anp_Deva""], [0.003469201736152172, ""awa_Deva""], [0.002734330017119646, ""new_Deva""], [0.001492597395554185, ""mai_Deva""]]"
L5,6289,hin_Deva,0.5272705554962158,0.5272705554962158,"[[0.5272705554962158, ""hin_Deva""], [0.46581751108169556, ""anp_Deva""], [0.004877195227891207, ""awa_Deva""], [0.001156690064817667, ""new_Deva""], [0.0004133643815293908, ""mai_Deva""]]"
L5,6300,anp_Deva,0.5688669681549072,0.4243748188018799,"[[0.5688669681549072, ""anp_Deva""], [0.4243748188018799, ""hin_Deva""], [0.004040166735649109, ""awa_Deva""], [0.002223945688456297, ""new_Deva""], [0.00033297648769803345, ""mai_Deva""]]"
L5,6302,anp_Deva,0.5474495887756348,0.449077844619751,"[[0.5474495887756348, ""anp_Deva""], [0.449077844619751, ""hin_Deva""], [0.002274971455335617, ""awa_Deva""], [0.000887779810000211, ""new_Deva""], [0.00019611245079431683, ""mai_Deva""]]"
L5,6309,hin_Deva,0.5741393566131592,0.5741393566131592,"[[0.5741393566131592, ""hin_Deva""], [0.3898957371711731, ""anp_Deva""], [0.023246055468916893, ""new_Deva""], [0.0124636460095644, ""awa_Deva""], [0.0002405463601462543, ""mai_Deva""]]"
L5,6312,anp_Deva,0.9641361832618713,0.035244833678007126,"[[0.9641361832618713, ""anp_Deva""], [0.035244833678007126, ""hin_Deva""], [0.00035715397098101676, ""awa_Deva""], [0.0002958466066047549, ""new_Deva""], [1.420215266989544e-05, ""mai_Deva""]]"
L5,6318,hin_Deva,0.9569004774093628,0.9569004774093628,"[[0.9569004774093628, ""hin_Deva""], [0.023087942972779274, ""anp_Deva""], [0.014226608909666538, ""awa_Deva""], [0.004310552962124348, ""mai_Deva""], [0.0010460637276992202, ""new_Deva""]]"
L5,6326,hin_Deva,0.6803348064422607,0.6803348064422607,"[[0.6803348064422607, ""hin_Deva""], [0.31782016158103943, ""anp_Deva""], [0.0008928155293688178, ""awa_Deva""], [0.0005168501520529389, ""new_Deva""], [0.00031082172063179314, ""mai_Deva""]]"
L5,6329,hin_Deva,0.8672344088554382,0.8672344088554382,"[[0.8672344088554382, ""hin_Deva""], [0.12419454753398895, ""anp_Deva""], [0.005908000748604536, ""awa_Deva""], [0.0017516408115625381, ""new_Deva""], [0.0004453101137187332, ""mai_Deva""]]"
L5,6330,hin_Deva,0.7837151288986206,0.7837151288986206,"[[0.7837151288986206, ""hin_Deva""], [0.20488186180591583, ""anp_Deva""], [0.010442457161843777, ""awa_Deva""], [0.0004391150432638824, ""new_Deva""], [0.00038365658838301897, ""bho_Deva""]]"
L5,6351,anp_Deva,0.683695912361145,0.3109178841114044,"[[0.683695912361145, ""anp_Deva""], [0.3109178841114044, ""hin_Deva""], [0.004646787419915199, ""awa_Deva""], [0.0007113226456567645, ""new_Deva""], [3.650962753454223e-05, ""mag_Deva""]]"
L5,6360,hin_Deva,0.6115062236785889,0.6115062236785889,"[[0.6115062236785889, ""hin_Deva""], [0.3861100971698761, ""anp_Deva""], [0.0009555465658195317, ""awa_Deva""], [0.0006996517186053097, ""new_Deva""], [0.00038981853867881, ""mai_Deva""]]"
L5,6362,hin_Deva,0.8951655626296997,0.8951655626296997,"[[0.8951655626296997, ""hin_Deva""], [0.10330814123153687, ""anp_Deva""], [0.00096455670427531, ""new_Deva""], [0.00026232286472804844, ""awa_Deva""], [0.00018812167400028557, ""mai_Deva""]]"
L5,6395,anp_Deva,0.5078231692314148,0.488136351108551,"[[0.5078231692314148, ""anp_Deva""], [0.488136351108551, ""hin_Deva""], [0.0032541484106332064, ""awa_Deva""], [0.0007754068356007338, ""new_Deva""], [5.512173811439425e-05, ""mai_Deva""]]"
L5,6398,hin_Deva,0.7418439984321594,0.7418439984321594,"[[0.7418439984321594, ""hin_Deva""], [0.23126518726348877, ""anp_Deva""], [0.019866347312927246, ""new_Deva""], [0.006738557480275631, ""awa_Deva""], [0.00015728666039649397, ""mai_Deva""]]"
L5,6399,hin_Deva,0.667934000492096,0.667934000492096,"[[0.667934000492096, ""hin_Deva""], [0.32642731070518494, ""anp_Deva""], [0.0025097019970417023, ""new_Deva""], [0.0022239796817302704, ""awa_Deva""], [0.00038849416887387633, ""bho_Deva""]]"
L5,6403,anp_Deva,0.6059788465499878,0.38873130083084106,"[[0.6059788465499878, ""anp_Deva""], [0.38873130083084106, ""hin_Deva""], [0.0030681376811116934, ""awa_Deva""], [0.0015542679466307163, ""new_Deva""], [0.0005543247680179775, ""mai_Deva""]]"
L5,6421,anp_Deva,0.5261528491973877,0.46878764033317566,"[[0.5261528491973877, ""anp_Deva""], [0.46878764033317566, ""hin_Deva""], [0.0021427685860544443, ""new_Deva""], [0.0019854663405567408, ""awa_Deva""], [0.0009232906741090119, ""mai_Deva""]]"
L5,6427,anp_Deva,0.6017897129058838,0.3956156075000763,"[[0.6017897129058838, ""anp_Deva""], [0.3956156075000763, ""hin_Deva""], [0.0014542997814714909, ""new_Deva""], [0.000989514752291143, ""awa_Deva""], [0.00017508232849650085, ""mai_Deva""]]"
L5,6429,anp_Deva,0.8751024603843689,0.12318234890699387,"[[0.8751024603843689, ""anp_Deva""], [0.12318234890699387, ""hin_Deva""], [0.0007872171117924154, ""new_Deva""], [0.0006700623198412359, ""awa_Deva""], [0.00026027351850643754, ""mai_Deva""]]"
L5,6449,anp_Deva,0.7718101143836975,0.2274324595928192,"[[0.7718101143836975, ""anp_Deva""], [0.2274324595928192, ""hin_Deva""], [0.00037560879718512297, ""new_Deva""], [0.00023925006098579615, ""awa_Deva""], [0.00012136588338762522, ""mag_Deva""]]"
L5,6455,hin_Deva,0.631931483745575,0.631931483745575,"[[0.631931483745575, ""hin_Deva""], [0.3301318287849426, ""anp_Deva""], [0.02335207723081112, ""awa_Deva""], [0.01162819191813469, ""new_Deva""], [0.002538972068578005, ""mai_Deva""]]"
L5,6482,hin_Deva,0.6956301927566528,0.6956301927566528,"[[0.6956301927566528, ""hin_Deva""], [0.2995430827140808, ""anp_Deva""], [0.0036260054912418127, ""new_Deva""], [0.0009918635478243232, ""awa_Deva""], [0.00014566253230441362, ""mai_Deva""]]"
L5,6483,hin_Deva,0.9266999959945679,0.9266999959945679,"[[0.9266999959945679, ""hin_Deva""], [0.07032027840614319, ""anp_Deva""], [0.001758568687364459, ""awa_Deva""], [0.0007585368002764881, ""new_Deva""], [0.0004441147611942142, ""mai_Deva""]]"
L5,6493,hin_Deva,0.6112802624702454,0.6112802624702454,"[[0.6112802624702454, ""hin_Deva""], [0.3845309019088745, ""anp_Deva""], [0.002066235523670912, ""new_Deva""], [0.0015338999219238758, ""awa_Deva""], [0.0004464388475753367, ""mai_Deva""]]"
L5,6501,hin_Deva,0.8191083669662476,0.8191083669662476,"[[0.8191083669662476, ""hin_Deva""], [0.17702306807041168, ""anp_Deva""], [0.0017859793733805418, ""new_Deva""], [0.001446266658604145, ""mai_Deva""], [0.0003948936646338552, ""awa_Deva""]]"
L5,6508,anp_Deva,0.9031102061271667,0.09630706906318665,"[[0.9031102061271667, ""anp_Deva""], [0.09630706906318665, ""hin_Deva""], [0.0003165790403727442, ""awa_Deva""], [0.0002619743754621595, ""new_Deva""], [2.9071641620248556e-05, ""mai_Deva""]]"
L5,6522,anp_Deva,0.7242666482925415,0.27170103788375854,"[[0.7242666482925415, ""anp_Deva""], [0.27170103788375854, ""hin_Deva""], [0.002397181699052453, ""awa_Deva""], [0.0010590506717562675, ""new_Deva""], [0.00028323291917331517, ""mag_Deva""]]"
L5,6523,anp_Deva,0.629073441028595,0.3695719540119171,"[[0.629073441028595, ""anp_Deva""], [0.3695719540119171, ""hin_Deva""], [0.000881729181855917, ""awa_Deva""], [0.00031755876261740923, ""new_Deva""], [9.329970635008067e-05, ""mag_Deva""]]"
L5,6525,anp_Deva,0.8780573606491089,0.12111727148294449,"[[0.8780573606491089, ""anp_Deva""], [0.12111727148294449, ""hin_Deva""], [0.0004013451689388603, ""awa_Deva""], [0.0003501259197946638, ""new_Deva""], [6.346742884488776e-05, ""mai_Deva""]]"
L5,6527,anp_Deva,0.6343486309051514,0.3606347143650055,"[[0.6343486309051514, ""anp_Deva""], [0.3606347143650055, ""hin_Deva""], [0.0036733830347657204, ""awa_Deva""], [0.0007329029613174498, ""new_Deva""], [0.00039937920519150794, ""bho_Deva""]]"
L5,6528,anp_Deva,0.7625529170036316,0.23670291900634766,"[[0.7625529170036316, ""anp_Deva""], [0.23670291900634766, ""hin_Deva""], [0.0004826986987609416, ""awa_Deva""], [0.00027663016226142645, ""new_Deva""], [2.865678834496066e-05, ""mai_Deva""]]"
L5,6533,hin_Deva,0.6036475300788879,0.6036475300788879,"[[0.6036475300788879, ""hin_Deva""], [0.33871811628341675, ""anp_Deva""], [0.045625537633895874, ""awa_Deva""], [0.009218455292284489, ""mai_Deva""], [0.002030670177191496, ""new_Deva""]]"
L5,6536,anp_Deva,0.5966472029685974,0.38743627071380615,"[[0.5966472029685974, ""anp_Deva""], [0.38743627071380615, ""hin_Deva""], [0.005396946799010038, ""awa_Deva""], [0.004311864264309406, ""mai_Deva""], [0.004147474188357592, ""new_Deva""]]"
L5,6542,hin_Deva,0.9526008367538452,0.9526008367538452,"[[0.9526008367538452, ""hin_Deva""], [0.04015900567173958, ""anp_Deva""], [0.004625719040632248, ""new_Deva""], [0.001580596319399774, ""mai_Deva""], [0.0009494590922258794, ""awa_Deva""]]"
L5,6544,anp_Deva,0.7405427098274231,0.25791582465171814,"[[0.7405427098274231, ""anp_Deva""], [0.25791582465171814, ""hin_Deva""], [0.0006338183884508908, ""new_Deva""], [0.0005847543361596763, ""awa_Deva""], [0.00029479945078492165, ""mai_Deva""]]"
L5,6549,anp_Deva,0.9702874422073364,0.028469977900385857,"[[0.9702874422073364, ""anp_Deva""], [0.028469977900385857, ""hin_Deva""], [0.0005263692582957447, ""awa_Deva""], [0.0004504735697992146, ""mag_Deva""], [0.0002475460059940815, ""new_Deva""]]"
L5,6556,anp_Deva,0.5962401032447815,0.4012003540992737,"[[0.5962401032447815, ""anp_Deva""], [0.4012003540992737, ""hin_Deva""], [0.002104024635627866, ""awa_Deva""], [0.0002877576625905931, ""new_Deva""], [0.00014341081259772182, ""mai_Deva""]]"
L5,6569,hin_Deva,0.6797375679016113,0.6797375679016113,"[[0.6797375679016113, ""hin_Deva""], [0.3167910873889923, ""anp_Deva""], [0.00154113897588104, ""new_Deva""], [0.0014351787976920605, ""awa_Deva""], [0.000366418797057122, ""bho_Deva""]]"
L5,6574,anp_Deva,0.6964681148529053,0.2999599575996399,"[[0.6964681148529053, ""anp_Deva""], [0.2999599575996399, ""hin_Deva""], [0.002768389182165265, ""awa_Deva""], [0.00037948566023260355, ""bho_Deva""], [0.000306295114569366, ""new_Deva""]]"
L5,6609,anp_Deva,0.834391713142395,0.16321197152137756,"[[0.834391713142395, ""anp_Deva""], [0.16321197152137756, ""hin_Deva""], [0.001341783325187862, ""awa_Deva""], [0.0006607178947888315, ""new_Deva""], [0.00022009220265317708, ""mai_Deva""]]"
L5,6615,anp_Deva,0.6893763542175293,0.30957940220832825,"[[0.6893763542175293, ""anp_Deva""], [0.30957940220832825, ""hin_Deva""], [0.0006896426784805954, ""awa_Deva""], [0.00019076424359809607, ""new_Deva""], [0.00011136437387904152, ""mag_Deva""]]"
L5,6645,hin_Deva,0.8339113593101501,0.8339113593101501,"[[0.8339113593101501, ""hin_Deva""], [0.15426211059093475, ""anp_Deva""], [0.007074353750795126, ""awa_Deva""], [0.004338495898991823, ""new_Deva""], [0.0003018566349055618, ""mai_Deva""]]"
L5,6649,anp_Deva,0.9089050889015198,0.09027354419231415,"[[0.9089050889015198, ""anp_Deva""], [0.09027354419231415, ""hin_Deva""], [0.00044955837074667215, ""awa_Deva""], [0.0003395576204638928, ""new_Deva""], [7.092068699421361e-05, ""mai_Deva""]]"
L5,6650,anp_Deva,0.8355385661125183,0.1609673798084259,"[[0.8355385661125183, ""anp_Deva""], [0.1609673798084259, ""hin_Deva""], [0.003163409186527133, ""awa_Deva""], [0.0002538466942496598, ""new_Deva""], [8.315184823004529e-05, ""mai_Deva""]]"
L5,6663,anp_Deva,0.813789427280426,0.18193191289901733,"[[0.813789427280426, ""anp_Deva""], [0.18193191289901733, ""hin_Deva""], [0.0023010331206023693, ""awa_Deva""], [0.0018895984394475818, ""new_Deva""], [0.00012630481796804816, ""mai_Deva""]]"
L5,6665,anp_Deva,0.54425448179245,0.45392873883247375,"[[0.54425448179245, ""anp_Deva""], [0.45392873883247375, ""hin_Deva""], [0.0008865568088367581, ""awa_Deva""], [0.0008037025691010058, ""new_Deva""], [0.0001270606298930943, ""mai_Deva""]]"
L5,6666,hin_Deva,0.9857619404792786,0.9857619404792786,"[[0.9857619404792786, ""hin_Deva""], [0.00977255217730999, ""anp_Deva""], [0.0030425575096160173, ""new_Deva""], [0.0006409090710803866, ""awa_Deva""], [0.0005470401956699789, ""bho_Deva""]]"
L5,6668,hin_Deva,0.9455210566520691,0.9455210566520691,"[[0.9455210566520691, ""hin_Deva""], [0.04917014762759209, ""anp_Deva""], [0.004632652271538973, ""awa_Deva""], [0.0005817265482619405, ""new_Deva""], [0.00010096640471601859, ""bho_Deva""]]"
L5,6676,anp_Deva,0.8239965438842773,0.17245076596736908,"[[0.8239965438842773, ""anp_Deva""], [0.17245076596736908, ""hin_Deva""], [0.0027851450722664595, ""awa_Deva""], [0.00048579121357761323, ""new_Deva""], [0.00024297460913658142, ""mai_Deva""]]"
L5,6682,hin_Deva,0.8972345590591431,0.8972345590591431,"[[0.8972345590591431, ""hin_Deva""], [0.09890327602624893, ""anp_Deva""], [0.001230741385370493, ""bho_Deva""], [0.0009630511049181223, ""awa_Deva""], [0.0007766923517920077, ""mag_Deva""]]"
L5,6683,anp_Deva,0.8976609110832214,0.09841030836105347,"[[0.8976609110832214, ""anp_Deva""], [0.09841030836105347, ""hin_Deva""], [0.0021303566172719, ""awa_Deva""], [0.0016338871791958809, ""new_Deva""], [0.00019629769667517394, ""mai_Deva""]]"
L5,6688,hin_Deva,0.8768563270568848,0.8768563270568848,"[[0.8768563270568848, ""hin_Deva""], [0.09982800483703613, ""anp_Deva""], [0.012515559792518616, ""awa_Deva""], [0.005410368554294109, ""new_Deva""], [0.0042074513621628284, ""mai_Deva""]]"
L5,6691,hin_Deva,0.5369649529457092,0.5369649529457092,"[[0.5369649529457092, ""hin_Deva""], [0.4514647126197815, ""anp_Deva""], [0.009509583935141563, ""awa_Deva""], [0.0016694392543286085, ""new_Deva""], [0.00021150887187104672, ""mai_Deva""]]"
L5,6692,hin_Deva,0.9607296586036682,0.9607296586036682,"[[0.9607296586036682, ""hin_Deva""], [0.03832665830850601, ""anp_Deva""], [0.0004938659258186817, ""awa_Deva""], [0.0003494217526167631, ""new_Deva""], [6.849943747511134e-05, ""bho_Deva""]]"
L5,6696,hin_Deva,0.8815539479255676,0.8815539479255676,"[[0.8815539479255676, ""hin_Deva""], [0.10764364898204803, ""anp_Deva""], [0.004556847270578146, ""awa_Deva""], [0.0031635374762117863, ""mai_Deva""], [0.00207274267449975, ""new_Deva""]]"
L5,6701,hin_Deva,0.9400054812431335,0.9400054812431335,"[[0.9400054812431335, ""hin_Deva""], [0.05395674332976341, ""anp_Deva""], [0.004924266133457422, ""awa_Deva""], [0.0004187306622043252, ""new_Deva""], [0.0003978185704909265, ""bho_Deva""]]"
L5,6703,anp_Deva,0.9213952422142029,0.07774827629327774,"[[0.9213952422142029, ""anp_Deva""], [0.07774827629327774, ""hin_Deva""], [0.0007480955100618303, ""new_Deva""], [0.0001221354614244774, ""awa_Deva""], [2.8408627258613706e-05, ""mag_Deva""]]"
L5,6705,anp_Deva,0.864928126335144,0.1337229609489441,"[[0.864928126335144, ""anp_Deva""], [0.1337229609489441, ""hin_Deva""], [0.0010050652781501412, ""new_Deva""], [0.0002127625630237162, ""mai_Deva""], [0.0001285175676457584, ""awa_Deva""]]"
L5,6710,anp_Deva,0.9581958055496216,0.04153253138065338,"[[0.9581958055496216, ""anp_Deva""], [0.04153253138065338, ""hin_Deva""], [0.00019771883671637625, ""new_Deva""], [0.00011255036952206865, ""awa_Deva""], [1.0412657502456568e-05, ""mai_Deva""]]"
L5,6714,anp_Deva,0.5315833687782288,0.4091079533100128,"[[0.5315833687782288, ""anp_Deva""], [0.4091079533100128, ""hin_Deva""], [0.054507046937942505, ""awa_Deva""], [0.002002185909077525, ""mai_Deva""], [0.0017047078581526875, ""new_Deva""]]"
L5,6722,anp_Deva,0.9508620500564575,0.03519395738840103,"[[0.9508620500564575, ""anp_Deva""], [0.03519395738840103, ""hin_Deva""], [0.01279400009661913, ""awa_Deva""], [0.0010831458494067192, ""new_Deva""], [0.00010762547026388347, ""mai_Deva""]]"
L5,6724,anp_Deva,0.9153881072998047,0.07790332287549973,"[[0.9153881072998047, ""anp_Deva""], [0.07790332287549973, ""hin_Deva""], [0.00461547402665019, ""new_Deva""], [0.002011071890592575, ""awa_Deva""], [0.00010855713480850682, ""mai_Deva""]]"
L5,6743,anp_Deva,0.9679873585700989,0.02997656911611557,"[[0.9679873585700989, ""anp_Deva""], [0.02997656911611557, ""hin_Deva""], [0.0015308805741369724, ""new_Deva""], [0.0005242096376605332, ""awa_Deva""], [2.8672671760432422e-05, ""mai_Deva""]]"
L5,6752,hin_Deva,0.5587788224220276,0.5587788224220276,"[[0.5587788224220276, ""hin_Deva""], [0.4368945062160492, ""anp_Deva""], [0.0017298333114013076, ""new_Deva""], [0.0016529711429029703, ""mai_Deva""], [0.0006110286340117455, ""awa_Deva""]]"
L5,6766,hin_Deva,0.6601850390434265,0.6601850390434265,"[[0.6601850390434265, ""hin_Deva""], [0.33831074833869934, ""anp_Deva""], [0.0011381953954696655, ""awa_Deva""], [0.0003290774184279144, ""new_Deva""], [6.684172694804147e-05, ""mai_Deva""]]"
L5,6780,hin_Deva,0.6536750793457031,0.6536750793457031,"[[0.6536750793457031, ""hin_Deva""], [0.33349838852882385, ""anp_Deva""], [0.009999212808907032, ""awa_Deva""], [0.002123876241967082, ""new_Deva""], [0.0005488074384629726, ""mai_Deva""]]"
L5,6794,anp_Deva,0.9776095747947693,0.020436575636267662,"[[0.9776095747947693, ""anp_Deva""], [0.020436575636267662, ""hin_Deva""], [0.0015854439698159695, ""awa_Deva""], [0.00032429053680971265, ""new_Deva""], [4.6988097892608494e-05, ""bho_Deva""]]"
L5,6800,anp_Deva,0.5587491393089294,0.4378029704093933,"[[0.5587491393089294, ""anp_Deva""], [0.4378029704093933, ""hin_Deva""], [0.002411079127341509, ""awa_Deva""], [0.0004802742041647434, ""new_Deva""], [0.00046796922106295824, ""mai_Deva""]]"
L5,6801,anp_Deva,0.9861968755722046,0.013482803478837013,"[[0.9861968755722046, ""anp_Deva""], [0.013482803478837013, ""hin_Deva""], [0.00028567438130266964, ""awa_Deva""], [6.994599243625998e-05, ""new_Deva""], [1.245108160219388e-05, ""mai_Deva""]]"
L5,6805,hin_Deva,0.9055660367012024,0.9055660367012024,"[[0.9055660367012024, ""hin_Deva""], [0.08380699902772903, ""anp_Deva""], [0.007323516998440027, ""awa_Deva""], [0.0025478655006736517, ""new_Deva""], [0.0003569663385860622, ""kas_Deva""]]"
L5,6811,anp_Deva,0.6877222061157227,0.2812008559703827,"[[0.6877222061157227, ""anp_Deva""], [0.2812008559703827, ""hin_Deva""], [0.029011543840169907, ""awa_Deva""], [0.0010556821944192052, ""new_Deva""], [0.0006834993837401271, ""mai_Deva""]]"
L5,6825,anp_Deva,0.604608952999115,0.3788219094276428,"[[0.604608952999115, ""anp_Deva""], [0.3788219094276428, ""hin_Deva""], [0.01289369910955429, ""awa_Deva""], [0.003362060058861971, ""new_Deva""], [0.000288854178506881, ""mai_Deva""]]"
L5,6826,hin_Deva,0.787324845790863,0.787324845790863,"[[0.787324845790863, ""hin_Deva""], [0.21034327149391174, ""anp_Deva""], [0.001199559890665114, ""new_Deva""], [0.0010189833119511604, ""awa_Deva""], [8.087849710136652e-05, ""bho_Deva""]]"
L5,6827,hin_Deva,0.9029163122177124,0.9029163122177124,"[[0.9029163122177124, ""hin_Deva""], [0.09254655241966248, ""anp_Deva""], [0.0023541823029518127, ""awa_Deva""], [0.001841842313297093, ""new_Deva""], [0.0002675974974408746, ""bho_Deva""]]"
L5,6828,anp_Deva,0.5752604007720947,0.41231343150138855,"[[0.5752604007720947, ""anp_Deva""], [0.41231343150138855, ""hin_Deva""], [0.010256589390337467, ""awa_Deva""], [0.0016339439898729324, ""new_Deva""], [0.00033476846874691546, ""mai_Deva""]]"
L5,6834,hin_Deva,0.8624601364135742,0.8624601364135742,"[[0.8624601364135742, ""hin_Deva""], [0.13504770398139954, ""anp_Deva""], [0.0013765592593699694, ""awa_Deva""], [0.0007754700491204858, ""new_Deva""], [0.0003076168359257281, ""mai_Deva""]]"
L5,6840,hin_Deva,0.9666791558265686,0.9666791558265686,"[[0.9666791558265686, ""hin_Deva""], [0.029348518699407578, ""anp_Deva""], [0.002396099269390106, ""awa_Deva""], [0.0008655924466438591, ""new_Deva""], [0.000415768357925117, ""bho_Deva""]]"
L5,6851,anp_Deva,0.6597192883491516,0.338076651096344,"[[0.6597192883491516, ""anp_Deva""], [0.338076651096344, ""hin_Deva""], [0.0013535890029743314, ""new_Deva""], [0.0008561197319068015, ""awa_Deva""], [3.8075027987360954e-05, ""mai_Deva""]]"
L5,6853,anp_Deva,0.7441491484642029,0.2530438303947449,"[[0.7441491484642029, ""anp_Deva""], [0.2530438303947449, ""hin_Deva""], [0.0021968884393572807, ""awa_Deva""], [0.0006468203500844538, ""new_Deva""], [1.2102173968742136e-05, ""mai_Deva""]]"
L5,6859,hin_Deva,0.5065196752548218,0.5065196752548218,"[[0.5065196752548218, ""hin_Deva""], [0.48454880714416504, ""anp_Deva""], [0.004818059969693422, ""awa_Deva""], [0.0015349293826147914, ""new_Deva""], [0.0012682353844866157, ""bho_Deva""]]"
L5,6869,hin_Deva,0.9149038195610046,0.9149038195610046,"[[0.9149038195610046, ""hin_Deva""], [0.07992631196975708, ""anp_Deva""], [0.0025458165910094976, ""new_Deva""], [0.0009991833940148354, ""awa_Deva""], [0.0006304039852693677, ""mag_Deva""]]"
L5,6872,anp_Deva,0.5695372819900513,0.4275290071964264,"[[0.5695372819900513, ""anp_Deva""], [0.4275290071964264, ""hin_Deva""], [0.0014406124828383327, ""awa_Deva""], [0.0009976394940167665, ""new_Deva""], [0.0003066467179451138, ""bho_Deva""]]"
L5,6876,anp_Deva,0.9805033802986145,0.019313182681798935,"[[0.9805033802986145, ""anp_Deva""], [0.019313182681798935, ""hin_Deva""], [0.0001768483780324459, ""awa_Deva""], [2.310799027327448e-05, ""new_Deva""], [1.8856109818443656e-05, ""bho_Deva""]]"
L5,6881,anp_Deva,0.6433072686195374,0.35293298959732056,"[[0.6433072686195374, ""anp_Deva""], [0.35293298959732056, ""hin_Deva""], [0.002960158046334982, ""awa_Deva""], [0.00043460619053803384, ""mai_Deva""], [0.0002745365782175213, ""new_Deva""]]"
L5,6883,hin_Deva,0.6156155467033386,0.6156155467033386,"[[0.6156155467033386, ""hin_Deva""], [0.37980926036834717, ""anp_Deva""], [0.0028052632696926594, ""awa_Deva""], [0.0007670808699913323, ""bho_Deva""], [0.000485284166643396, ""new_Deva""]]"
L5,6890,hin_Deva,0.9596712589263916,0.9596712589263916,"[[0.9596712589263916, ""hin_Deva""], [0.03788777440786362, ""anp_Deva""], [0.001209880574606359, ""awa_Deva""], [0.0006201586220413446, ""new_Deva""], [0.00032336468575522304, ""mai_Deva""]]"
L5,6892,anp_Deva,0.6512227654457092,0.3398893475532532,"[[0.6512227654457092, ""anp_Deva""], [0.3398893475532532, ""hin_Deva""], [0.005251746159046888, ""awa_Deva""], [0.00340363965369761, ""new_Deva""], [0.00020745668734889477, ""bho_Deva""]]"
L5,6906,anp_Deva,0.7596600651741028,0.23888267576694489,"[[0.7596600651741028, ""anp_Deva""], [0.23888267576694489, ""hin_Deva""], [0.0011894679628312588, ""awa_Deva""], [0.0002651542017702013, ""new_Deva""], [4.495148459682241e-05, ""mai_Deva""]]"
L5,6913,anp_Deva,0.9377696514129639,0.061809949576854706,"[[0.9377696514129639, ""anp_Deva""], [0.061809949576854706, ""hin_Deva""], [0.0002698671305552125, ""awa_Deva""], [0.0001467305119149387, ""new_Deva""], [2.7751917514251545e-05, ""mag_Deva""]]"
L5,6914,anp_Deva,0.6524369716644287,0.33198925852775574,"[[0.6524369716644287, ""anp_Deva""], [0.33198925852775574, ""hin_Deva""], [0.009681652300059795, ""awa_Deva""], [0.003771929070353508, ""new_Deva""], [0.0008929832838475704, ""mai_Deva""]]"
L5,6921,hin_Deva,0.9542214274406433,0.9542214274406433,"[[0.9542214274406433, ""hin_Deva""], [0.0378812775015831, ""anp_Deva""], [0.006898877676576376, ""awa_Deva""], [0.0005501667619682848, ""new_Deva""], [0.00024572666734457016, ""bho_Deva""]]"
L5,6930,anp_Deva,0.6411789655685425,0.3568286895751953,"[[0.6411789655685425, ""anp_Deva""], [0.3568286895751953, ""hin_Deva""], [0.0010675269877538085, ""awa_Deva""], [0.0006813195650465786, ""new_Deva""], [0.00013835445861332119, ""mai_Deva""]]"
L5,6935,hin_Deva,0.7716253399848938,0.7716253399848938,"[[0.7716253399848938, ""hin_Deva""], [0.21599332988262177, ""anp_Deva""], [0.0047253998927772045, ""bho_Deva""], [0.0034185824915766716, ""new_Deva""], [0.0026161286514252424, ""awa_Deva""]]"
L5,6936,hin_Deva,0.8426581025123596,0.8426581025123596,"[[0.8426581025123596, ""hin_Deva""], [0.15281103551387787, ""anp_Deva""], [0.0030682533979415894, ""new_Deva""], [0.0007444103830493987, ""awa_Deva""], [0.0006407223409041762, ""mai_Deva""]]"
L5,6950,anp_Deva,0.9492797255516052,0.04829661175608635,"[[0.9492797255516052, ""anp_Deva""], [0.04829661175608635, ""hin_Deva""], [0.0018012328073382378, ""awa_Deva""], [0.00025651464238762856, ""new_Deva""], [0.00020228448556736112, ""bho_Deva""]]"
L5,6955,hin_Deva,0.60894775390625,0.60894775390625,"[[0.60894775390625, ""hin_Deva""], [0.37527942657470703, ""anp_Deva""], [0.010551980696618557, ""awa_Deva""], [0.002000892534852028, ""new_Deva""], [0.0018074308754876256, ""mai_Deva""]]"
L5,6963,hin_Deva,0.8731324076652527,0.8731324076652527,"[[0.8731324076652527, ""hin_Deva""], [0.12041272222995758, ""anp_Deva""], [0.005210456904023886, ""awa_Deva""], [0.00097640510648489, ""new_Deva""], [0.00024318417126778513, ""mai_Deva""]]"
L5,6972,hin_Deva,0.8964386582374573,0.8964386582374573,"[[0.8964386582374573, ""hin_Deva""], [0.08316975831985474, ""anp_Deva""], [0.013217546977102757, ""awa_Deva""], [0.0031491746194660664, ""mai_Deva""], [0.0028651065658777952, ""new_Deva""]]"
L5,6980,hin_Deva,0.8115043640136719,0.8115043640136719,"[[0.8115043640136719, ""hin_Deva""], [0.18114899098873138, ""anp_Deva""], [0.002731192158535123, ""new_Deva""], [0.002217104658484459, ""awa_Deva""], [0.0014169056667014956, ""mai_Deva""]]"
L5,6993,anp_Deva,0.9105598330497742,0.08617372065782547,"[[0.9105598330497742, ""anp_Deva""], [0.08617372065782547, ""hin_Deva""], [0.0022884856443852186, ""awa_Deva""], [0.0007404945208691061, ""new_Deva""], [0.00023568420147057623, ""mai_Deva""]]"
L5,7004,hin_Deva,0.9178618788719177,0.9178618788719177,"[[0.9178618788719177, ""hin_Deva""], [0.07522264868021011, ""anp_Deva""], [0.004403477534651756, ""awa_Deva""], [0.0022240972612053156, ""new_Deva""], [0.0001449364353902638, ""bho_Deva""]]"
L5,7005,hin_Deva,0.5208219885826111,0.5208219885826111,"[[0.5208219885826111, ""hin_Deva""], [0.44706642627716064, ""anp_Deva""], [0.02058536559343338, ""awa_Deva""], [0.005173506680876017, ""mai_Deva""], [0.004770937375724316, ""new_Deva""]]"
L5,7037,hin_Deva,0.9522057175636292,0.9522057175636292,"[[0.9522057175636292, ""hin_Deva""], [0.03883275017142296, ""anp_Deva""], [0.004682556260377169, ""awa_Deva""], [0.002008704701438546, ""new_Deva""], [0.0019435308640822768, ""mai_Deva""]]"
L5,7040,anp_Deva,0.8775434494018555,0.12142812460660934,"[[0.8775434494018555, ""anp_Deva""], [0.12142812460660934, ""hin_Deva""], [0.0009046881459653378, ""awa_Deva""], [0.00010072837176267058, ""new_Deva""], [4.870520206168294e-05, ""mai_Deva""]]"
L5,7045,hin_Deva,0.5929633975028992,0.5929633975028992,"[[0.5929633975028992, ""hin_Deva""], [0.40531420707702637, ""anp_Deva""], [0.0007600998505949974, ""new_Deva""], [0.0004328467766754329, ""awa_Deva""], [0.0003501444589346647, ""mai_Deva""]]"
L5,7067,anp_Deva,0.9959558844566345,0.0038754798006266356,"[[0.9959558844566345, ""anp_Deva""], [0.0038754798006266356, ""hin_Deva""], [0.00018415770318824798, ""awa_Deva""], [1.986666211450938e-05, ""new_Deva""], [1.2647687981370836e-05, ""mai_Deva""]]"
L5,7077,hin_Deva,0.9445051550865173,0.9445051550865173,"[[0.9445051550865173, ""hin_Deva""], [0.043722305446863174, ""anp_Deva""], [0.008550023660063744, ""awa_Deva""], [0.0023926044814288616, ""new_Deva""], [0.000332137627992779, ""mai_Deva""]]"
L5,7089,hin_Deva,0.8294623494148254,0.8294623494148254,"[[0.8294623494148254, ""hin_Deva""], [0.16335691511631012, ""anp_Deva""], [0.006174549460411072, ""awa_Deva""], [0.00039771918090991676, ""new_Deva""], [0.0002993884845636785, ""bho_Deva""]]"
L5,7092,anp_Deva,0.5473315119743347,0.4404348134994507,"[[0.5473315119743347, ""anp_Deva""], [0.4404348134994507, ""hin_Deva""], [0.011310344561934471, ""awa_Deva""], [0.0005610844818875194, ""new_Deva""], [0.00019503403746057302, ""mai_Deva""]]"
L5,7095,hin_Deva,0.6952776908874512,0.6952776908874512,"[[0.6952776908874512, ""hin_Deva""], [0.3029555678367615, ""anp_Deva""], [0.0008913773344829679, ""awa_Deva""], [0.0007113948813639581, ""new_Deva""], [0.00010123290121555328, ""bho_Deva""]]"
L5,7098,hin_Deva,0.7493961453437805,0.7493961453437805,"[[0.7493961453437805, ""hin_Deva""], [0.24609699845314026, ""anp_Deva""], [0.004050640854984522, ""awa_Deva""], [0.0002206727076554671, ""new_Deva""], [0.00021492120868060738, ""mai_Deva""]]"
L5,7102,hin_Deva,0.6686334609985352,0.6686334609985352,"[[0.6686334609985352, ""hin_Deva""], [0.32820451259613037, ""anp_Deva""], [0.0018953151302412152, ""awa_Deva""], [0.0007003049249760807, ""new_Deva""], [0.00018106846255250275, ""mag_Deva""]]"
L5,7103,hin_Deva,0.9136053919792175,0.9136053919792175,"[[0.9136053919792175, ""hin_Deva""], [0.07445423305034637, ""anp_Deva""], [0.005289910826832056, ""awa_Deva""], [0.0026460138615220785, ""mai_Deva""], [0.002532297745347023, ""bho_Deva""]]"
L5,7104,anp_Deva,0.8173365592956543,0.1744489222764969,"[[0.8173365592956543, ""anp_Deva""], [0.1744489222764969, ""hin_Deva""], [0.006608559284359217, ""awa_Deva""], [0.000954116927459836, ""new_Deva""], [0.00040697865188121796, ""mai_Deva""]]"
L5,7106,hin_Deva,0.7483104467391968,0.7483104467391968,"[[0.7483104467391968, ""hin_Deva""], [0.2429962307214737, ""anp_Deva""], [0.003618312533944845, ""awa_Deva""], [0.003519130405038595, ""new_Deva""], [0.0012475668918341398, ""mai_Deva""]]"
L5,7110,hin_Deva,0.5699672102928162,0.5699672102928162,"[[0.5699672102928162, ""hin_Deva""], [0.4254097044467926, ""anp_Deva""], [0.002510497812181711, ""awa_Deva""], [0.0012183410581201315, ""mai_Deva""], [0.0007173981284722686, ""new_Deva""]]"
L5,7125,hin_Deva,0.9086865186691284,0.9086865186691284,"[[0.9086865186691284, ""hin_Deva""], [0.08613268285989761, ""anp_Deva""], [0.003918060101568699, ""awa_Deva""], [0.0009928137296810746, ""new_Deva""], [0.00017872358148451895, ""mai_Deva""]]"
L5,7126,anp_Deva,0.5797624588012695,0.4115789532661438,"[[0.5797624588012695, ""anp_Deva""], [0.4115789532661438, ""hin_Deva""], [0.008192627690732479, ""awa_Deva""], [0.00024061932344920933, ""new_Deva""], [0.00013441078772302717, ""mai_Deva""]]"
L5,7131,anp_Deva,0.8173480033874512,0.1775326132774353,"[[0.8173480033874512, ""anp_Deva""], [0.1775326132774353, ""hin_Deva""], [0.0035840757191181183, ""awa_Deva""], [0.001190677285194397, ""new_Deva""], [0.0002569678472355008, ""mai_Deva""]]"
L5,7145,anp_Deva,0.9090386629104614,0.09038984775543213,"[[0.9090386629104614, ""anp_Deva""], [0.09038984775543213, ""hin_Deva""], [0.00045025558210909367, ""awa_Deva""], [0.00011147116310894489, ""new_Deva""], [5.510491973836906e-05, ""mai_Deva""]]"
L5,7147,anp_Deva,0.803696870803833,0.19382639229297638,"[[0.803696870803833, ""anp_Deva""], [0.19382639229297638, ""hin_Deva""], [0.0019034809665754437, ""awa_Deva""], [0.0003209103597328067, ""new_Deva""], [0.0002596440608613193, ""mai_Deva""]]"
L5,7160,hin_Deva,0.6483630537986755,0.6483630537986755,"[[0.6483630537986755, ""hin_Deva""], [0.34487679600715637, ""anp_Deva""], [0.005034586880356073, ""awa_Deva""], [0.001300319330766797, ""new_Deva""], [0.00031296449014917016, ""mai_Deva""]]"
L5,7162,anp_Deva,0.6313614249229431,0.3622342050075531,"[[0.6313614249229431, ""anp_Deva""], [0.3622342050075531, ""hin_Deva""], [0.004953813273459673, ""awa_Deva""], [0.0010035567684099078, ""new_Deva""], [0.00019059058104176074, ""bho_Deva""]]"
L5,7172,hin_Deva,0.8981212973594666,0.8981212973594666,"[[0.8981212973594666, ""hin_Deva""], [0.08682692050933838, ""anp_Deva""], [0.008592524565756321, ""new_Deva""], [0.004957336466759443, ""awa_Deva""], [0.0009618973708711565, ""bho_Deva""]]"
L5,7174,anp_Deva,0.6100893616676331,0.3880123496055603,"[[0.6100893616676331, ""anp_Deva""], [0.3880123496055603, ""hin_Deva""], [0.0008125314489006996, ""new_Deva""], [0.0005903283599764109, ""awa_Deva""], [0.00036009540781378746, ""mai_Deva""]]"
L5,7180,hin_Deva,0.7226280570030212,0.7226280570030212,"[[0.7226280570030212, ""hin_Deva""], [0.27053529024124146, ""anp_Deva""], [0.0039122821763157845, ""awa_Deva""], [0.0022294444497674704, ""new_Deva""], [0.00036130056832917035, ""bho_Deva""]]"
L5,7184,anp_Deva,0.9152072072029114,0.08443402498960495,"[[0.9152072072029114, ""anp_Deva""], [0.08443402498960495, ""hin_Deva""], [0.00017504893185105175, ""awa_Deva""], [0.00012586581578943878, ""new_Deva""], [9.821546700550243e-05, ""mai_Deva""]]"
L5,7190,hin_Deva,0.7448563575744629,0.7448563575744629,"[[0.7448563575744629, ""hin_Deva""], [0.25147873163223267, ""anp_Deva""], [0.003196952398866415, ""awa_Deva""], [0.00034878868609666824, ""new_Deva""], [0.00013273555669002235, ""mai_Deva""]]"
L5,7192,hin_Deva,0.6156808137893677,0.6156808137893677,"[[0.6156808137893677, ""hin_Deva""], [0.3560360372066498, ""anp_Deva""], [0.019253594800829887, ""awa_Deva""], [0.005269119516015053, ""new_Deva""], [0.0029450736474245787, ""mai_Deva""]]"
L5,7193,hin_Deva,0.9073859453201294,0.9073859453201294,"[[0.9073859453201294, ""hin_Deva""], [0.08644204586744308, ""anp_Deva""], [0.0028613670729100704, ""new_Deva""], [0.0012029509525746107, ""awa_Deva""], [0.0007966868579387665, ""mai_Deva""]]"
L5,7194,anp_Deva,0.5519641041755676,0.43419259786605835,"[[0.5519641041755676, ""anp_Deva""], [0.43419259786605835, ""hin_Deva""], [0.01231152843683958, ""awa_Deva""], [0.0010830824030563235, ""new_Deva""], [0.00032207052572630346, ""mai_Deva""]]"
L5,7200,anp_Deva,0.9109575748443604,0.08760840445756912,"[[0.9109575748443604, ""anp_Deva""], [0.08760840445756912, ""hin_Deva""], [0.0008804867975413799, ""new_Deva""], [0.00022166510461829603, ""mai_Deva""], [0.0002078055840684101, ""awa_Deva""]]"
L5,7216,anp_Deva,0.7359960675239563,0.2616467773914337,"[[0.7359960675239563, ""anp_Deva""], [0.2616467773914337, ""hin_Deva""], [0.0015037482371553779, ""awa_Deva""], [0.000705558923073113, ""new_Deva""], [0.00012412379146553576, ""mai_Deva""]]"
L5,7219,anp_Deva,0.9029422402381897,0.09633506834506989,"[[0.9029422402381897, ""anp_Deva""], [0.09633506834506989, ""hin_Deva""], [0.0005546833272092044, ""awa_Deva""], [0.0001262127043446526, ""new_Deva""], [4.283961607143283e-05, ""mag_Deva""]]"
L5,7224,hin_Deva,0.593099057674408,0.593099057674408,"[[0.593099057674408, ""hin_Deva""], [0.4040336608886719, ""anp_Deva""], [0.0013198790838941932, ""awa_Deva""], [0.001110454206354916, ""new_Deva""], [0.00019804095791187137, ""mag_Deva""]]"
L5,7228,hin_Deva,0.539565920829773,0.539565920829773,"[[0.539565920829773, ""hin_Deva""], [0.44704633951187134, ""anp_Deva""], [0.009113594889640808, ""awa_Deva""], [0.003907919395714998, ""new_Deva""], [0.000378675147658214, ""mai_Deva""]]"
L5,7237,anp_Deva,0.6165836453437805,0.3782714307308197,"[[0.6165836453437805, ""anp_Deva""], [0.3782714307308197, ""hin_Deva""], [0.0034531201235949993, ""awa_Deva""], [0.0010012141428887844, ""new_Deva""], [0.0006669731228612363, ""mai_Deva""]]"
L5,7240,anp_Deva,0.5803877711296082,0.416427344083786,"[[0.5803877711296082, ""anp_Deva""], [0.416427344083786, ""hin_Deva""], [0.0016942654037848115, ""new_Deva""], [0.0007915472378954291, ""awa_Deva""], [0.0003486024506855756, ""mai_Deva""]]"
L5,7252,hin_Deva,0.7674628496170044,0.7674628496170044,"[[0.7674628496170044, ""hin_Deva""], [0.22873423993587494, ""anp_Deva""], [0.0012422907166182995, ""awa_Deva""], [0.0010879416950047016, ""mai_Deva""], [0.0010765668703243136, ""new_Deva""]]"
L5,7253,anp_Deva,0.9327738285064697,0.06622742116451263,"[[0.9327738285064697, ""anp_Deva""], [0.06622742116451263, ""hin_Deva""], [0.0005699156317859888, ""new_Deva""], [0.00037432805402204394, ""awa_Deva""], [7.684775482630357e-05, ""mai_Deva""]]"
L5,7257,hin_Deva,0.6858403086662292,0.6858403086662292,"[[0.6858403086662292, ""hin_Deva""], [0.3049793243408203, ""anp_Deva""], [0.004147183615714312, ""new_Deva""], [0.002721875673159957, ""awa_Deva""], [0.0013313173549249768, ""bho_Deva""]]"
L5,7258,hin_Deva,0.6316571235656738,0.6316571235656738,"[[0.6316571235656738, ""hin_Deva""], [0.3522759974002838, ""anp_Deva""], [0.00808506179600954, ""awa_Deva""], [0.0038559038657695055, ""mai_Deva""], [0.0030240193009376526, ""new_Deva""]]"
L5,7259,hin_Deva,0.8678892254829407,0.8678892254829407,"[[0.8678892254829407, ""hin_Deva""], [0.12875235080718994, ""anp_Deva""], [0.0021377892699092627, ""awa_Deva""], [0.0005952799110673368, ""mai_Deva""], [0.0004897979088127613, ""new_Deva""]]"
L5,7272,hin_Deva,0.5097103118896484,0.5097103118896484,"[[0.5097103118896484, ""hin_Deva""], [0.4848790764808655, ""anp_Deva""], [0.004720006603747606, ""awa_Deva""], [0.00043123040813952684, ""mai_Deva""], [0.0002161592710763216, ""new_Deva""]]"
L5,7279,anp_Deva,0.9455775618553162,0.0524042584002018,"[[0.9455775618553162, ""anp_Deva""], [0.0524042584002018, ""hin_Deva""], [0.0014909685123711824, ""awa_Deva""], [0.00047168295714072883, ""new_Deva""], [7.900999480625615e-05, ""mai_Deva""]]"
L5,7294,anp_Deva,0.7267071008682251,0.27117952704429626,"[[0.7267071008682251, ""anp_Deva""], [0.27117952704429626, ""hin_Deva""], [0.0018296800553798676, ""new_Deva""], [0.00020015081099700183, ""awa_Deva""], [8.79988947417587e-05, ""mai_Deva""]]"
L5,7296,hin_Deva,0.6211251020431519,0.6211251020431519,"[[0.6211251020431519, ""hin_Deva""], [0.37210920453071594, ""anp_Deva""], [0.003088489407673478, ""awa_Deva""], [0.0030655639711767435, ""new_Deva""], [0.0004508376005105674, ""mai_Deva""]]"
L5,7297,hin_Deva,0.7675912976264954,0.7675912976264954,"[[0.7675912976264954, ""hin_Deva""], [0.22799676656723022, ""anp_Deva""], [0.0027714481111615896, ""new_Deva""], [0.001441243919543922, ""awa_Deva""], [0.00020253233378753066, ""bho_Deva""]]"
L5,7305,hin_Deva,0.663444995880127,0.663444995880127,"[[0.663444995880127, ""hin_Deva""], [0.32330846786499023, ""anp_Deva""], [0.006695612333714962, ""new_Deva""], [0.0052316682413220406, ""awa_Deva""], [0.0006636629696004093, ""mai_Deva""]]"
L5,7308,hin_Deva,0.8501169681549072,0.8501169681549072,"[[0.8501169681549072, ""hin_Deva""], [0.12775175273418427, ""anp_Deva""], [0.019605515524744987, ""awa_Deva""], [0.002177642658352852, ""new_Deva""], [0.0003183149383403361, ""bho_Deva""]]"
L5,7312,anp_Deva,0.7124601006507874,0.28632664680480957,"[[0.7124601006507874, ""anp_Deva""], [0.28632664680480957, ""hin_Deva""], [0.0006056653219275177, ""new_Deva""], [0.00041520094964653254, ""awa_Deva""], [0.000154868233948946, ""mai_Deva""]]"
L5,7319,hin_Deva,0.9428496360778809,0.9428496360778809,"[[0.9428496360778809, ""hin_Deva""], [0.05004361271858215, ""anp_Deva""], [0.004043330904096365, ""awa_Deva""], [0.0014453443000093102, ""mai_Deva""], [0.0008116856915876269, ""bho_Deva""]]"
L5,7322,anp_Deva,0.7030754089355469,0.2933216392993927,"[[0.7030754089355469, ""anp_Deva""], [0.2933216392993927, ""hin_Deva""], [0.001794035080820322, ""new_Deva""], [0.001716330647468567, ""awa_Deva""], [8.091066410997882e-05, ""mai_Deva""]]"
L5,7335,hin_Deva,0.6302662491798401,0.6302662491798401,"[[0.6302662491798401, ""hin_Deva""], [0.3590904474258423, ""anp_Deva""], [0.004599183797836304, ""mai_Deva""], [0.0029161556158214808, ""awa_Deva""], [0.001974401529878378, ""new_Deva""]]"
L5,7343,hin_Deva,0.9780332446098328,0.9780332446098328,"[[0.9780332446098328, ""hin_Deva""], [0.013063501566648483, ""anp_Deva""], [0.007729575037956238, ""new_Deva""], [0.001170231611467898, ""awa_Deva""], [2.6936020731227472e-05, ""san_Deva""]]"
L5,7348,anp_Deva,0.9773574471473694,0.02192877046763897,"[[0.9773574471473694, ""anp_Deva""], [0.02192877046763897, ""hin_Deva""], [0.0003918540314771235, ""new_Deva""], [0.0003318596282042563, ""awa_Deva""], [2.2029998945072293e-05, ""mai_Deva""]]"
L5,7352,hin_Deva,0.5074889063835144,0.5074889063835144,"[[0.5074889063835144, ""hin_Deva""], [0.4797250032424927, ""anp_Deva""], [0.00966627337038517, ""awa_Deva""], [0.002125811530277133, ""new_Deva""], [0.0005429891753010452, ""bho_Deva""]]"
L5,7367,hin_Deva,0.9766638875007629,0.9766638875007629,"[[0.9766638875007629, ""hin_Deva""], [0.010835354216396809, ""awa_Deva""], [0.008824476040899754, ""anp_Deva""], [0.002068782225251198, ""new_Deva""], [0.0007274581585079432, ""mai_Deva""]]"
L5,7368,anp_Deva,0.6328749656677246,0.365406334400177,"[[0.6328749656677246, ""anp_Deva""], [0.365406334400177, ""hin_Deva""], [0.001410681172274053, ""awa_Deva""], [0.0001741967862471938, ""new_Deva""], [0.00011743692448362708, ""mai_Deva""]]"
L5,7382,anp_Deva,0.7990884780883789,0.1974685937166214,"[[0.7990884780883789, ""anp_Deva""], [0.1974685937166214, ""hin_Deva""], [0.001990196295082569, ""awa_Deva""], [0.0005301092169247568, ""mag_Deva""], [0.0004654819786082953, ""new_Deva""]]"
L5,7385,hin_Deva,0.6051689386367798,0.6051689386367798,"[[0.6051689386367798, ""hin_Deva""], [0.3911729156970978, ""anp_Deva""], [0.0029975404031574726, ""awa_Deva""], [0.0004483575758058578, ""new_Deva""], [0.0001519749639555812, ""bho_Deva""]]"
L5,7388,hin_Deva,0.7842862606048584,0.7842862606048584,"[[0.7842862606048584, ""hin_Deva""], [0.10715731233358383, ""awa_Deva""], [0.10519557446241379, ""anp_Deva""], [0.0019878556486219168, ""new_Deva""], [0.0008956947131082416, ""mai_Deva""]]"
L5,7390,anp_Deva,0.9989474415779114,0.0007982211536727846,"[[0.9989474415779114, ""anp_Deva""], [0.0007982211536727846, ""hin_Deva""], [0.00024850634508766234, ""awa_Deva""], [4.216350498609245e-05, ""new_Deva""], [1.3372706234804355e-05, ""mai_Deva""]]"
L5,7392,hin_Deva,0.6963111758232117,0.6963111758232117,"[[0.6963111758232117, ""hin_Deva""], [0.3006431758403778, ""anp_Deva""], [0.0015356994699686766, ""awa_Deva""], [0.0005966555909253657, ""mag_Deva""], [0.0004626619047485292, ""mai_Deva""]]"
L5,7409,anp_Deva,0.9424305558204651,0.05667448416352272,"[[0.9424305558204651, ""anp_Deva""], [0.05667448416352272, ""hin_Deva""], [0.0005282394122332335, ""awa_Deva""], [0.00030994584085419774, ""new_Deva""], [6.528761150548235e-05, ""mai_Deva""]]"
L5,7411,anp_Deva,0.6116132736206055,0.37494391202926636,"[[0.6116132736206055, ""anp_Deva""], [0.37494391202926636, ""hin_Deva""], [0.006424763239920139, ""new_Deva""], [0.0052016545087099075, ""awa_Deva""], [0.001007905462756753, ""mai_Deva""]]"
L5,7427,hin_Deva,0.6416982412338257,0.6416982412338257,"[[0.6416982412338257, ""hin_Deva""], [0.3536432087421417, ""anp_Deva""], [0.0033404151909053326, ""awa_Deva""], [0.0004433773283381015, ""new_Deva""], [0.0004098472709301859, ""mai_Deva""]]"
L5,7428,anp_Deva,0.9480761885643005,0.04619397595524788,"[[0.9480761885643005, ""anp_Deva""], [0.04619397595524788, ""hin_Deva""], [0.003552303183823824, ""new_Deva""], [0.002160631353035569, ""awa_Deva""], [3.7832516682101414e-05, ""bho_Deva""]]"
L5,7431,anp_Deva,0.5886726379394531,0.4093535840511322,"[[0.5886726379394531, ""anp_Deva""], [0.4093535840511322, ""hin_Deva""], [0.0010132823372259736, ""awa_Deva""], [0.0004907112452201545, ""mai_Deva""], [0.00025446817744523287, ""new_Deva""]]"
L5,7451,hin_Deva,0.8975477814674377,0.8975477814674377,"[[0.8975477814674377, ""hin_Deva""], [0.09218636155128479, ""anp_Deva""], [0.009926688857376575, ""new_Deva""], [0.0002494138025213033, ""awa_Deva""], [7.010914123384282e-05, ""mai_Deva""]]"
L5,7459,anp_Deva,0.6999498009681702,0.28847426176071167,"[[0.6999498009681702, ""anp_Deva""], [0.28847426176071167, ""hin_Deva""], [0.007248342968523502, ""awa_Deva""], [0.003355627879500389, ""new_Deva""], [0.0005012178444303572, ""bho_Deva""]]"
L5,7471,hin_Deva,0.8029344081878662,0.8029344081878662,"[[0.8029344081878662, ""hin_Deva""], [0.18981440365314484, ""anp_Deva""], [0.004426802042871714, ""awa_Deva""], [0.0024032669607549906, ""new_Deva""], [0.0002608746290206909, ""mai_Deva""]]"
L5,7472,anp_Deva,0.6093883514404297,0.38587966561317444,"[[0.6093883514404297, ""anp_Deva""], [0.38587966561317444, ""hin_Deva""], [0.003216329962015152, ""awa_Deva""], [0.0012084379559382796, ""new_Deva""], [0.00020454601326491684, ""bho_Deva""]]"
L5,7484,anp_Deva,0.8976646065711975,0.10170290619134903,"[[0.8976646065711975, ""anp_Deva""], [0.10170290619134903, ""hin_Deva""], [0.0004205612058285624, ""awa_Deva""], [0.000247579300776124, ""new_Deva""], [1.1967546015512198e-05, ""mai_Deva""]]"
L5,7495,hin_Deva,0.5339194536209106,0.5339194536209106,"[[0.5339194536209106, ""hin_Deva""], [0.4638634920120239, ""anp_Deva""], [0.0010463610524311662, ""awa_Deva""], [0.000766768935136497, ""new_Deva""], [0.0002114156959578395, ""mai_Deva""]]"
L5,7502,anp_Deva,0.8945829272270203,0.10262313485145569,"[[0.8945829272270203, ""anp_Deva""], [0.10262313485145569, ""hin_Deva""], [0.002668910427019, ""awa_Deva""], [0.00015093428373802453, ""new_Deva""], [1.4636636478826404e-05, ""bho_Deva""]]"
L5,7509,hin_Deva,0.5796592831611633,0.5796592831611633,"[[0.5796592831611633, ""hin_Deva""], [0.3815632164478302, ""anp_Deva""], [0.022069819271564484, ""awa_Deva""], [0.01618478074669838, ""new_Deva""], [0.0003125719667878002, ""bho_Deva""]]"
L5,7511,hin_Deva,0.78819340467453,0.78819340467453,"[[0.78819340467453, ""hin_Deva""], [0.199361652135849, ""anp_Deva""], [0.010963041335344315, ""awa_Deva""], [0.0008345421520061791, ""new_Deva""], [0.0005569647182710469, ""mai_Deva""]]"
L5,7515,anp_Deva,0.7606737613677979,0.23690949380397797,"[[0.7606737613677979, ""anp_Deva""], [0.23690949380397797, ""hin_Deva""], [0.0007671653875149786, ""mag_Deva""], [0.0005833487375639379, ""awa_Deva""], [0.0005566758918575943, ""new_Deva""]]"
L5,7519,anp_Deva,0.9712376594543457,0.027787553146481514,"[[0.9712376594543457, ""anp_Deva""], [0.027787553146481514, ""hin_Deva""], [0.0005977126420475543, ""new_Deva""], [0.00039102809387259185, ""awa_Deva""], [3.223764360882342e-05, ""mai_Deva""]]"
L5,7520,hin_Deva,0.8145385384559631,0.8145385384559631,"[[0.8145385384559631, ""hin_Deva""], [0.15934821963310242, ""anp_Deva""], [0.01665894314646721, ""awa_Deva""], [0.008534333668649197, ""new_Deva""], [0.0006890743388794363, ""mai_Deva""]]"
L5,7523,hin_Deva,0.9000633955001831,0.9000633955001831,"[[0.9000633955001831, ""hin_Deva""], [0.08421339839696884, ""anp_Deva""], [0.010030663572251797, ""awa_Deva""], [0.0049217259511351585, ""new_Deva""], [0.00047909305430948734, ""bho_Deva""]]"
L5,7524,anp_Deva,0.5675264596939087,0.42897194623947144,"[[0.5675264596939087, ""anp_Deva""], [0.42897194623947144, ""hin_Deva""], [0.0016235595103353262, ""awa_Deva""], [0.0010969744762405753, ""mai_Deva""], [0.0005163064925000072, ""new_Deva""]]"
L5,7531,hin_Deva,0.9325491189956665,0.9325491189956665,"[[0.9325491189956665, ""hin_Deva""], [0.05305260792374611, ""anp_Deva""], [0.010340744629502296, ""awa_Deva""], [0.0037930747494101524, ""new_Deva""], [0.00011484435526654124, ""bho_Deva""]]"
L5,7533,hin_Deva,0.8311701416969299,0.8311701416969299,"[[0.8311701416969299, ""hin_Deva""], [0.1462092399597168, ""anp_Deva""], [0.018422557041049004, ""awa_Deva""], [0.002360065234825015, ""bho_Deva""], [0.0009825482266023755, ""new_Deva""]]"
L5,7547,anp_Deva,0.9102478623390198,0.08766630291938782,"[[0.9102478623390198, ""anp_Deva""], [0.08766630291938782, ""hin_Deva""], [0.001924013951793313, ""awa_Deva""], [0.00016220226825680584, ""new_Deva""], [2.765975659713149e-05, ""bho_Deva""]]"
L5,7553,anp_Deva,0.7951245903968811,0.20265644788742065,"[[0.7951245903968811, ""anp_Deva""], [0.20265644788742065, ""hin_Deva""], [0.0010483077494427562, ""new_Deva""], [0.0010344414040446281, ""awa_Deva""], [0.00010910389391938224, ""bho_Deva""]]"
L5,7559,anp_Deva,0.7132487297058105,0.2859102785587311,"[[0.7132487297058105, ""anp_Deva""], [0.2859102785587311, ""hin_Deva""], [0.0003924572665710002, ""awa_Deva""], [0.00030844376306049526, ""new_Deva""], [0.00015273602912202477, ""mai_Deva""]]"
L5,7561,anp_Deva,0.8844870924949646,0.11420810222625732,"[[0.8844870924949646, ""anp_Deva""], [0.11420810222625732, ""hin_Deva""], [0.0009352446650154889, ""awa_Deva""], [0.00033991679083555937, ""new_Deva""], [6.803654105169699e-05, ""mai_Deva""]]"
L5,7563,anp_Deva,0.8800528645515442,0.11871802806854248,"[[0.8800528645515442, ""anp_Deva""], [0.11871802806854248, ""hin_Deva""], [0.0005891090841032565, ""awa_Deva""], [0.0005755691672675312, ""new_Deva""], [7.473378354916349e-05, ""mai_Deva""]]"
L5,7568,hin_Deva,0.5675933361053467,0.5675933361053467,"[[0.5675933361053467, ""hin_Deva""], [0.4284876883029938, ""anp_Deva""], [0.0019705293234437704, ""awa_Deva""], [0.0014544654404744506, ""new_Deva""], [0.0003191411087755114, ""mai_Deva""]]"
L5,7570,hin_Deva,0.5526057481765747,0.5526057481765747,"[[0.5526057481765747, ""hin_Deva""], [0.444275438785553, ""anp_Deva""], [0.002135845134034753, ""awa_Deva""], [0.0010046110255643725, ""new_Deva""], [1.8934750187327154e-05, ""bho_Deva""]]"
L5,7573,hin_Deva,0.8495704531669617,0.8495704531669617,"[[0.8495704531669617, ""hin_Deva""], [0.14511609077453613, ""anp_Deva""], [0.0019125854596495628, ""bho_Deva""], [0.0009771633194759488, ""new_Deva""], [0.0008238991722464561, ""mai_Deva""]]"
L5,7584,hin_Deva,0.8970372080802917,0.8970372080802917,"[[0.8970372080802917, ""hin_Deva""], [0.10038930177688599, ""anp_Deva""], [0.0013712213840335608, ""awa_Deva""], [0.0009607573156245053, ""new_Deva""], [0.00018201532657258213, ""bho_Deva""]]"
L5,7585,anp_Deva,0.5780072212219238,0.4087776243686676,"[[0.5780072212219238, ""anp_Deva""], [0.4087776243686676, ""hin_Deva""], [0.007419050671160221, ""new_Deva""], [0.0043369801715016365, ""awa_Deva""], [0.000762751791626215, ""mai_Deva""]]"
L5,7593,hin_Deva,0.5565944910049438,0.5565944910049438,"[[0.5565944910049438, ""hin_Deva""], [0.4369523227214813, ""anp_Deva""], [0.004744996316730976, ""awa_Deva""], [0.0009498625877313316, ""bho_Deva""], [0.0004424075596034527, ""mai_Deva""]]"
L5,7617,anp_Deva,0.9767807722091675,0.02289390005171299,"[[0.9767807722091675, ""anp_Deva""], [0.02289390005171299, ""hin_Deva""], [0.0002503582218196243, ""new_Deva""], [8.655581768834963e-05, ""awa_Deva""], [3.2297004509018734e-05, ""mai_Deva""]]"
L5,7622,hin_Deva,0.9883956909179688,0.9883956909179688,"[[0.9883956909179688, ""hin_Deva""], [0.009629041887819767, ""anp_Deva""], [0.0009820811683312058, ""bho_Deva""], [0.0003184880188200623, ""mai_Deva""], [0.0003143413632642478, ""awa_Deva""]]"
L5,7627,anp_Deva,0.7353618741035461,0.24364008009433746,"[[0.7353618741035461, ""anp_Deva""], [0.24364008009433746, ""hin_Deva""], [0.019910050556063652, ""awa_Deva""], [0.0007002120837569237, ""mai_Deva""], [0.00037044892087578773, ""new_Deva""]]"
L5,7628,hin_Deva,0.5916606783866882,0.5916606783866882,"[[0.5916606783866882, ""hin_Deva""], [0.4038287103176117, ""anp_Deva""], [0.0036170948296785355, ""awa_Deva""], [0.0007248961483128369, ""new_Deva""], [0.00014767234097234905, ""bho_Deva""]]"
L5,7630,anp_Deva,0.5184667110443115,0.4643377959728241,"[[0.5184667110443115, ""anp_Deva""], [0.4643377959728241, ""hin_Deva""], [0.01425519771873951, ""awa_Deva""], [0.0019974790047854185, ""new_Deva""], [0.0005210044328123331, ""bho_Deva""]]"
L5,7647,hin_Deva,0.9531852006912231,0.9531852006912231,"[[0.9531852006912231, ""hin_Deva""], [0.04235288128256798, ""anp_Deva""], [0.0015342860715463758, ""awa_Deva""], [0.0010522542288526893, ""new_Deva""], [0.000915774900931865, ""bho_Deva""]]"
L5,7655,hin_Deva,0.61683189868927,0.61683189868927,"[[0.61683189868927, ""hin_Deva""], [0.37173789739608765, ""anp_Deva""], [0.0060877385549247265, ""awa_Deva""], [0.0019835710991173983, ""new_Deva""], [0.0013762573944404721, ""mai_Deva""]]"
L5,7662,anp_Deva,0.7617996335029602,0.2373366504907608,"[[0.7617996335029602, ""anp_Deva""], [0.2373366504907608, ""hin_Deva""], [0.0005703743081539869, ""awa_Deva""], [0.0001252579822903499, ""mag_Deva""], [8.55785037856549e-05, ""mai_Deva""]]"
L5,7667,anp_Deva,0.5503900051116943,0.4413451850414276,"[[0.5503900051116943, ""anp_Deva""], [0.4413451850414276, ""hin_Deva""], [0.0029709532391279936, ""awa_Deva""], [0.0023382622748613358, ""mag_Deva""], [0.0012629862176254392, ""bho_Deva""]]"
L5,7688,hin_Deva,0.9702165126800537,0.9702165126800537,"[[0.9702165126800537, ""hin_Deva""], [0.026324782520532608, ""anp_Deva""], [0.0026708466466516256, ""new_Deva""], [0.00041140447137877345, ""mag_Deva""], [0.0002047540619969368, ""bho_Deva""]]"
L5,7690,hin_Deva,0.7628086805343628,0.7628086805343628,"[[0.7628086805343628, ""hin_Deva""], [0.23487742245197296, ""anp_Deva""], [0.0015090586384758353, ""new_Deva""], [0.0006217127665877342, ""awa_Deva""], [9.649573621572927e-05, ""mag_Deva""]]"
L5,7692,hin_Deva,0.795939564704895,0.795939564704895,"[[0.795939564704895, ""hin_Deva""], [0.19126421213150024, ""anp_Deva""], [0.006518607959151268, ""awa_Deva""], [0.005899172741919756, ""new_Deva""], [0.0002837146748788655, ""mai_Deva""]]"
L5,7722,anp_Deva,0.868741512298584,0.1308884471654892,"[[0.868741512298584, ""anp_Deva""], [0.1308884471654892, ""hin_Deva""], [0.00031947699608281255, ""awa_Deva""], [8.405101834796369e-05, ""new_Deva""], [1.4333211765915621e-05, ""mai_Deva""]]"
L5,7727,hin_Deva,0.9557684659957886,0.9557684659957886,"[[0.9557684659957886, ""hin_Deva""], [0.036120250821113586, ""anp_Deva""], [0.0052219582721591, ""new_Deva""], [0.0013515341561287642, ""awa_Deva""], [0.0011722466442734003, ""bho_Deva""]]"
L5,7735,hin_Deva,0.9007164835929871,0.9007164835929871,"[[0.9007164835929871, ""hin_Deva""], [0.08897354453802109, ""anp_Deva""], [0.005835771560668945, ""awa_Deva""], [0.0016185714630410075, ""mai_Deva""], [0.0014085961738601327, ""new_Deva""]]"
L5,7738,anp_Deva,0.7090901732444763,0.2775304317474365,"[[0.7090901732444763, ""anp_Deva""], [0.2775304317474365, ""hin_Deva""], [0.008079569786787033, ""new_Deva""], [0.004930725321173668, ""awa_Deva""], [0.00027429815963841975, ""mai_Deva""]]"
L5,7751,anp_Deva,0.9443709254264832,0.05437604337930679,"[[0.9443709254264832, ""anp_Deva""], [0.05437604337930679, ""hin_Deva""], [0.0011383267119526863, ""awa_Deva""], [0.00010900665074586868, ""new_Deva""], [3.2981621188810095e-05, ""bho_Deva""]]"
L5,7782,anp_Deva,0.554395318031311,0.43856483697891235,"[[0.554395318031311, ""anp_Deva""], [0.43856483697891235, ""hin_Deva""], [0.005340865813195705, ""awa_Deva""], [0.0006327159353531897, ""bho_Deva""], [0.0005967540200799704, ""new_Deva""]]"
L5,7786,anp_Deva,0.5877503752708435,0.40702030062675476,"[[0.5877503752708435, ""anp_Deva""], [0.40702030062675476, ""hin_Deva""], [0.0036059424746781588, ""awa_Deva""], [0.0009488806826993823, ""new_Deva""], [0.00043076573638245463, ""bho_Deva""]]"
L5,7787,anp_Deva,0.8288535475730896,0.16805711388587952,"[[0.8288535475730896, ""anp_Deva""], [0.16805711388587952, ""hin_Deva""], [0.0025177064817398787, ""awa_Deva""], [0.00030607174267061055, ""new_Deva""], [0.00023500705719925463, ""mai_Deva""]]"
L5,7804,hin_Deva,0.6909404397010803,0.6909404397010803,"[[0.6909404397010803, ""hin_Deva""], [0.3032047748565674, ""anp_Deva""], [0.0031845858320593834, ""awa_Deva""], [0.0009165704832412302, ""bho_Deva""], [0.0008616913110017776, ""new_Deva""]]"
L5,7811,hin_Deva,0.9402343034744263,0.9402343034744263,"[[0.9402343034744263, ""hin_Deva""], [0.056256867945194244, ""anp_Deva""], [0.0013870270922780037, ""mai_Deva""], [0.001209015492349863, ""awa_Deva""], [0.00048480171244591475, ""new_Deva""]]"
L5,7816,anp_Deva,0.8908379077911377,0.10574673116207123,"[[0.8908379077911377, ""anp_Deva""], [0.10574673116207123, ""hin_Deva""], [0.0022032910492271185, ""awa_Deva""], [0.0006642758962698281, ""new_Deva""], [0.0005814494797959924, ""mai_Deva""]]"
L5,7819,anp_Deva,0.6080638766288757,0.3884481191635132,"[[0.6080638766288757, ""anp_Deva""], [0.3884481191635132, ""hin_Deva""], [0.0021270171273499727, ""awa_Deva""], [0.0005943251890130341, ""new_Deva""], [0.0005582583253271878, ""mai_Deva""]]"
L5,7824,hin_Deva,0.7239397764205933,0.7239397764205933,"[[0.7239397764205933, ""hin_Deva""], [0.26883620023727417, ""anp_Deva""], [0.005903759505599737, ""awa_Deva""], [0.0005259562749415636, ""new_Deva""], [0.0005081770941615105, ""bho_Deva""]]"
L5,7831,hin_Deva,0.8352683186531067,0.8352683186531067,"[[0.8352683186531067, ""hin_Deva""], [0.16239210963249207, ""anp_Deva""], [0.0008705226937308908, ""awa_Deva""], [0.0005414221668615937, ""mag_Deva""], [0.00033564711338840425, ""bho_Deva""]]"
L5,7833,hin_Deva,0.9811303019523621,0.9811303019523621,"[[0.9811303019523621, ""hin_Deva""], [0.015563356690108776, ""anp_Deva""], [0.0016389974625781178, ""new_Deva""], [0.0012815039372071624, ""awa_Deva""], [0.00029309478122740984, ""bho_Deva""]]"
L5,7843,hin_Deva,0.8937056660652161,0.8937056660652161,"[[0.8937056660652161, ""hin_Deva""], [0.0994887575507164, ""anp_Deva""], [0.0036407909356057644, ""awa_Deva""], [0.0010783541947603226, ""mai_Deva""], [0.0009251093724742532, ""bho_Deva""]]"
L5,7848,anp_Deva,0.97651606798172,0.02322200872004032,"[[0.97651606798172, ""anp_Deva""], [0.02322200872004032, ""hin_Deva""], [0.0001733846584102139, ""new_Deva""], [0.00012361440167296678, ""awa_Deva""], [1.135265665652696e-05, ""mag_Deva""]]"
L5,7852,hin_Deva,0.5991357564926147,0.5991357564926147,"[[0.5991357564926147, ""hin_Deva""], [0.393538236618042, ""anp_Deva""], [0.005328909493982792, ""awa_Deva""], [0.0019156421767547727, ""new_Deva""], [6.48584173177369e-05, ""mai_Deva""]]"
L5,7858,hin_Deva,0.5385327935218811,0.5385327935218811,"[[0.5385327935218811, ""hin_Deva""], [0.4526473879814148, ""anp_Deva""], [0.005304526071995497, ""new_Deva""], [0.0025291554629802704, ""awa_Deva""], [0.0006717809592373669, ""mai_Deva""]]"
L5,7871,hin_Deva,0.8941275477409363,0.8941275477409363,"[[0.8941275477409363, ""hin_Deva""], [0.07997901737689972, ""anp_Deva""], [0.017520494759082794, ""mag_Deva""], [0.0037112892605364323, ""awa_Deva""], [0.0027832798659801483, ""bho_Deva""]]"
L5,7889,hin_Deva,0.607805609703064,0.607805609703064,"[[0.607805609703064, ""hin_Deva""], [0.38291656970977783, ""anp_Deva""], [0.006289933808147907, ""awa_Deva""], [0.0010181630495935678, ""new_Deva""], [0.0009326421422883868, ""bho_Deva""]]"
L5,7891,hin_Deva,0.9223560690879822,0.9223560690879822,"[[0.9223560690879822, ""hin_Deva""], [0.07020135968923569, ""anp_Deva""], [0.0029836478643119335, ""awa_Deva""], [0.002184898592531681, ""mag_Deva""], [0.000863701687194407, ""new_Deva""]]"
L5,7906,anp_Deva,0.6966633200645447,0.2925804555416107,"[[0.6966633200645447, ""anp_Deva""], [0.2925804555416107, ""hin_Deva""], [0.009755022823810577, ""awa_Deva""], [0.0008056671358644962, ""new_Deva""], [0.0001288743515033275, ""bho_Deva""]]"
L5,7908,hin_Deva,0.6979526877403259,0.6979526877403259,"[[0.6979526877403259, ""hin_Deva""], [0.26789313554763794, ""anp_Deva""], [0.031534139066934586, ""awa_Deva""], [0.0017581310821697116, ""new_Deva""], [0.000606483721639961, ""mai_Deva""]]"
L5,7909,anp_Deva,0.756580650806427,0.24112629890441895,"[[0.756580650806427, ""anp_Deva""], [0.24112629890441895, ""hin_Deva""], [0.001098905224353075, ""awa_Deva""], [0.0009204202215187252, ""new_Deva""], [0.00024628598475828767, ""mai_Deva""]]"
L5,7917,anp_Deva,0.7079862952232361,0.28719592094421387,"[[0.7079862952232361, ""anp_Deva""], [0.28719592094421387, ""hin_Deva""], [0.0038341409526765347, ""awa_Deva""], [0.0006280420930124819, ""new_Deva""], [0.0003454997786320746, ""mai_Deva""]]"
L5,7921,anp_Deva,0.5618108510971069,0.4344789385795593,"[[0.5618108510971069, ""anp_Deva""], [0.4344789385795593, ""hin_Deva""], [0.0013653285568580031, ""awa_Deva""], [0.0009039163123816252, ""new_Deva""], [0.0008745296509005129, ""mag_Deva""]]"
L5,7936,anp_Deva,0.6562531590461731,0.21011269092559814,"[[0.6562531590461731, ""anp_Deva""], [0.21011269092559814, ""hin_Deva""], [0.13202892243862152, ""awa_Deva""], [0.0007527892594225705, ""new_Deva""], [0.0005633581313304603, ""mai_Deva""]]"
L5,7945,anp_Deva,0.7840341925621033,0.17308059334754944,"[[0.7840341925621033, ""anp_Deva""], [0.17308059334754944, ""hin_Deva""], [0.016265584155917168, ""mai_Deva""], [0.009264611639082432, ""awa_Deva""], [0.008714837953448296, ""mag_Deva""]]"
L5,7952,hin_Deva,0.9900041222572327,0.9900041222572327,"[[0.9900041222572327, ""hin_Deva""], [0.005018769763410091, ""anp_Deva""], [0.0041543543338775635, ""awa_Deva""], [0.00040506100049242377, ""mai_Deva""], [0.00020145741291344166, ""new_Deva""]]"
L5,7958,anp_Deva,0.8839501738548279,0.11539007723331451,"[[0.8839501738548279, ""anp_Deva""], [0.11539007723331451, ""hin_Deva""], [0.00029976703808642924, ""mag_Deva""], [0.00020869950822088867, ""awa_Deva""], [0.00011274051939835772, ""new_Deva""]]"
L5,7959,hin_Deva,0.7511903643608093,0.7511903643608093,"[[0.7511903643608093, ""hin_Deva""], [0.22722189128398895, ""anp_Deva""], [0.013610131107270718, ""awa_Deva""], [0.00715611269697547, ""new_Deva""], [0.0004266826726961881, ""mai_Deva""]]"
L5,7966,anp_Deva,0.9354645609855652,0.06415049731731415,"[[0.9354645609855652, ""anp_Deva""], [0.06415049731731415, ""hin_Deva""], [0.000232997044804506, ""awa_Deva""], [0.00012995536962989718, ""new_Deva""], [4.63497890450526e-05, ""mai_Deva""]]"
L5,7972,hin_Deva,0.7908429503440857,0.7908429503440857,"[[0.7908429503440857, ""hin_Deva""], [0.20427899062633514, ""anp_Deva""], [0.0034216828644275665, ""awa_Deva""], [0.000940745638217777, ""new_Deva""], [0.00034243089612573385, ""mag_Deva""]]"
L5,7973,anp_Deva,0.9699368476867676,0.029803534969687462,"[[0.9699368476867676, ""anp_Deva""], [0.029803534969687462, ""hin_Deva""], [0.00014016714703757316, ""awa_Deva""], [0.0001116342464229092, ""new_Deva""], [3.42456842190586e-05, ""mai_Deva""]]"
L5,7977,hin_Deva,0.7249586582183838,0.7249586582183838,"[[0.7249586582183838, ""hin_Deva""], [0.2605595588684082, ""anp_Deva""], [0.01208991277962923, ""awa_Deva""], [0.0019274537917226553, ""new_Deva""], [0.0003156231250613928, ""mai_Deva""]]"
L5,7988,hin_Deva,0.9696117043495178,0.9696117043495178,"[[0.9696117043495178, ""hin_Deva""], [0.025643184781074524, ""anp_Deva""], [0.0036764496471732855, ""new_Deva""], [0.0009638762567192316, ""awa_Deva""], [0.00012635216990020126, ""mai_Deva""]]"
L5,8003,anp_Deva,0.6310700178146362,0.3615322411060333,"[[0.6310700178146362, ""anp_Deva""], [0.3615322411060333, ""hin_Deva""], [0.0032020267099142075, ""new_Deva""], [0.0016673851059749722, ""awa_Deva""], [0.001187590998597443, ""bho_Deva""]]"
L5,8030,hin_Deva,0.8861830830574036,0.8861830830574036,"[[0.8861830830574036, ""hin_Deva""], [0.11020658910274506, ""anp_Deva""], [0.0019786208868026733, ""awa_Deva""], [0.0008435729541815817, ""bho_Deva""], [0.0007422546623274684, ""new_Deva""]]"
L5,8033,hin_Deva,0.6083208918571472,0.6083208918571472,"[[0.6083208918571472, ""hin_Deva""], [0.3763783574104309, ""anp_Deva""], [0.009793959558010101, ""awa_Deva""], [0.002794022671878338, ""new_Deva""], [0.0016813658876344562, ""bho_Deva""]]"
L5,8036,anp_Deva,0.8958890438079834,0.10353272408246994,"[[0.8958890438079834, ""anp_Deva""], [0.10353272408246994, ""hin_Deva""], [0.0004437620809767395, ""awa_Deva""], [0.0001627934689167887, ""new_Deva""], [1.8363900380791165e-05, ""mai_Deva""]]"
L5,8037,anp_Deva,0.8616588115692139,0.13700944185256958,"[[0.8616588115692139, ""anp_Deva""], [0.13700944185256958, ""hin_Deva""], [0.0008403246174566448, ""new_Deva""], [0.00027006305754184723, ""awa_Deva""], [0.00010611798643367365, ""mai_Deva""]]"
L5,8040,anp_Deva,0.5525108575820923,0.44194281101226807,"[[0.5525108575820923, ""anp_Deva""], [0.44194281101226807, ""hin_Deva""], [0.00418555224314332, ""new_Deva""], [0.0010069053387269378, ""awa_Deva""], [0.00017984691658057272, ""bho_Deva""]]"
L5,8044,anp_Deva,0.9470251798629761,0.04667437821626663,"[[0.9470251798629761, ""anp_Deva""], [0.04667437821626663, ""hin_Deva""], [0.005877205170691013, ""awa_Deva""], [0.0003635735483840108, ""new_Deva""], [6.881818262627348e-05, ""mai_Deva""]]"
L5,8052,anp_Deva,0.6287544965744019,0.36831942200660706,"[[0.6287544965744019, ""anp_Deva""], [0.36831942200660706, ""hin_Deva""], [0.0014304399956017733, ""awa_Deva""], [0.0007608341984450817, ""new_Deva""], [0.00035224761813879013, ""mai_Deva""]]"
L5,8057,anp_Deva,0.6440610885620117,0.3542974293231964,"[[0.6440610885620117, ""anp_Deva""], [0.3542974293231964, ""hin_Deva""], [0.0011350091081112623, ""new_Deva""], [0.00033521861769258976, ""mai_Deva""], [0.00014957472740206867, ""awa_Deva""]]"
L5,8063,anp_Deva,0.5865525603294373,0.41226550936698914,"[[0.5865525603294373, ""anp_Deva""], [0.41226550936698914, ""hin_Deva""], [0.0005079605034552515, ""new_Deva""], [0.00028060885961167514, ""mag_Deva""], [0.0002752669679466635, ""awa_Deva""]]"
L5,8065,hin_Deva,0.7683930397033691,0.7683930397033691,"[[0.7683930397033691, ""hin_Deva""], [0.23002971708774567, ""anp_Deva""], [0.0008469743770547211, ""awa_Deva""], [0.00040156953036785126, ""new_Deva""], [0.00018628656107466668, ""bho_Deva""]]"
L5,8075,hin_Deva,0.5848156809806824,0.5848156809806824,"[[0.5848156809806824, ""hin_Deva""], [0.40141358971595764, ""anp_Deva""], [0.00887161586433649, ""new_Deva""], [0.004337778314948082, ""awa_Deva""], [0.0002555374812800437, ""bho_Deva""]]"
L5,8079,hin_Deva,0.7780581712722778,0.7780581712722778,"[[0.7780581712722778, ""hin_Deva""], [0.22055745124816895, ""anp_Deva""], [0.0005768162081949413, ""mai_Deva""], [0.0005493907956406474, ""new_Deva""], [0.00028770335484296083, ""awa_Deva""]]"
L5,8082,anp_Deva,0.930428683757782,0.06865347921848297,"[[0.930428683757782, ""anp_Deva""], [0.06865347921848297, ""hin_Deva""], [0.0008071937481872737, ""new_Deva""], [9.827187022892758e-05, ""awa_Deva""], [3.9670299884164706e-05, ""mai_Deva""]]"
L5,8100,hin_Deva,0.8740953803062439,0.8740953803062439,"[[0.8740953803062439, ""hin_Deva""], [0.11421215534210205, ""anp_Deva""], [0.004852598998695612, ""new_Deva""], [0.0030345770064741373, ""mai_Deva""], [0.0022413283586502075, ""awa_Deva""]]"
L5,8106,anp_Deva,0.6712088584899902,0.32582852244377136,"[[0.6712088584899902, ""anp_Deva""], [0.32582852244377136, ""hin_Deva""], [0.0015795460203662515, ""awa_Deva""], [0.0011575226671993732, ""new_Deva""], [0.00010962256055790931, ""mai_Deva""]]"
L5,8118,hin_Deva,0.5511165857315063,0.5511165857315063,"[[0.5511165857315063, ""hin_Deva""], [0.4410437047481537, ""anp_Deva""], [0.0038578093517571688, ""new_Deva""], [0.0023263413459062576, ""mai_Deva""], [0.0015083407051861286, ""awa_Deva""]]"
L5,8135,anp_Deva,0.5239282846450806,0.47245222330093384,"[[0.5239282846450806, ""anp_Deva""], [0.47245222330093384, ""hin_Deva""], [0.0018380311084911227, ""new_Deva""], [0.0016772467643022537, ""awa_Deva""], [0.00012073971447534859, ""mai_Deva""]]"
L5,8138,hin_Deva,0.9510926604270935,0.9510926604270935,"[[0.9510926604270935, ""hin_Deva""], [0.04687730222940445, ""anp_Deva""], [0.0015189599944278598, ""awa_Deva""], [0.0005051973857916892, ""new_Deva""], [3.7914473068667576e-05, ""mai_Deva""]]"
L5,8150,hin_Deva,0.9767018556594849,0.9767018556594849,"[[0.9767018556594849, ""hin_Deva""], [0.019758637994527817, ""anp_Deva""], [0.0018587654922157526, ""awa_Deva""], [0.0008481269469484687, ""new_Deva""], [0.00030433700885623693, ""mai_Deva""]]"
L5,8152,anp_Deva,0.8994653224945068,0.09966329485177994,"[[0.8994653224945068, ""anp_Deva""], [0.09966329485177994, ""hin_Deva""], [0.0006841998547315598, ""awa_Deva""], [0.0001646449090912938, ""new_Deva""], [4.135832205065526e-05, ""mai_Deva""]]"
L5,8176,anp_Deva,0.8263681530952454,0.17090626060962677,"[[0.8263681530952454, ""anp_Deva""], [0.17090626060962677, ""hin_Deva""], [0.0010587295982986689, ""awa_Deva""], [0.0007813710253685713, ""new_Deva""], [0.0004663341969717294, ""mag_Deva""]]"
L5,8196,hin_Deva,0.6380308270454407,0.6380308270454407,"[[0.6380308270454407, ""hin_Deva""], [0.34076449275016785, ""anp_Deva""], [0.010038300417363644, ""awa_Deva""], [0.003607350867241621, ""new_Deva""], [0.003136476967483759, ""bho_Deva""]]"
L5,8203,anp_Deva,0.9006838798522949,0.09638064354658127,"[[0.9006838798522949, ""anp_Deva""], [0.09638064354658127, ""hin_Deva""], [0.002467680722475052, ""awa_Deva""], [0.0004384459462016821, ""new_Deva""], [6.128450331743807e-05, ""mai_Deva""]]"
L5,8207,hin_Deva,0.9389145970344543,0.9389145970344543,"[[0.9389145970344543, ""hin_Deva""], [0.05416068062186241, ""anp_Deva""], [0.0046783448196947575, ""awa_Deva""], [0.0007703079027123749, ""bho_Deva""], [0.0007560545927844942, ""new_Deva""]]"
L5,8225,anp_Deva,0.5565853118896484,0.4395589530467987,"[[0.5565853118896484, ""anp_Deva""], [0.4395589530467987, ""hin_Deva""], [0.0018272920278832316, ""awa_Deva""], [0.0011945010628551245, ""new_Deva""], [0.00039108216878958046, ""bho_Deva""]]"
L5,8231,hin_Deva,0.6457715034484863,0.6457715034484863,"[[0.6457715034484863, ""hin_Deva""], [0.3477421700954437, ""anp_Deva""], [0.0030691560823470354, ""new_Deva""], [0.0019380060257390141, ""awa_Deva""], [0.0009327270672656596, ""bho_Deva""]]"
L5,8233,hin_Deva,0.5927906036376953,0.5927906036376953,"[[0.5927906036376953, ""hin_Deva""], [0.40599364042282104, ""anp_Deva""], [0.0006747219013050199, ""awa_Deva""], [0.00041673716623336077, ""new_Deva""], [0.00011845962580991909, ""mai_Deva""]]"
L5,8244,hin_Deva,0.9558660387992859,0.9558660387992859,"[[0.9558660387992859, ""hin_Deva""], [0.04088674113154411, ""anp_Deva""], [0.0021973673719912767, ""awa_Deva""], [0.0006835981621406972, ""new_Deva""], [0.00034710500040091574, ""mai_Deva""]]"
L5,8258,anp_Deva,0.7768421173095703,0.22017034888267517,"[[0.7768421173095703, ""anp_Deva""], [0.22017034888267517, ""hin_Deva""], [0.002215872285887599, ""awa_Deva""], [0.0005649568629451096, ""new_Deva""], [0.00022883698693476617, ""mai_Deva""]]"
L5,8269,anp_Deva,0.5314825177192688,0.44800058007240295,"[[0.5314825177192688, ""anp_Deva""], [0.44800058007240295, ""hin_Deva""], [0.01810433529317379, ""new_Deva""], [0.002008669311180711, ""awa_Deva""], [0.0002576981787569821, ""mai_Deva""]]"
L5,8273,anp_Deva,0.5038919448852539,0.4814571142196655,"[[0.5038919448852539, ""anp_Deva""], [0.4814571142196655, ""hin_Deva""], [0.0057165129110217094, ""awa_Deva""], [0.003758716396987438, ""mai_Deva""], [0.0031905167270451784, ""new_Deva""]]"
L5,8287,hin_Deva,0.5005959868431091,0.5005959868431091,"[[0.5005959868431091, ""hin_Deva""], [0.4959525465965271, ""anp_Deva""], [0.001918343361467123, ""awa_Deva""], [0.0014433724572882056, ""new_Deva""], [0.0001112460158765316, ""mai_Deva""]]"
L5,8290,anp_Deva,0.513397216796875,0.48204803466796875,"[[0.513397216796875, ""anp_Deva""], [0.48204803466796875, ""hin_Deva""], [0.003462840337306261, ""awa_Deva""], [0.0008477691444568336, ""new_Deva""], [0.00014397691120393574, ""mai_Deva""]]"
L5,8293,hin_Deva,0.5433092713356018,0.5433092713356018,"[[0.5433092713356018, ""hin_Deva""], [0.44888314604759216, ""anp_Deva""], [0.00483603635802865, ""awa_Deva""], [0.002700288314372301, ""new_Deva""], [0.00013431711704470217, ""bho_Deva""]]"
L5,8296,hin_Deva,0.9063684940338135,0.9063684940338135,"[[0.9063684940338135, ""hin_Deva""], [0.08960285782814026, ""anp_Deva""], [0.002036218298599124, ""awa_Deva""], [0.0011351065477356315, ""mai_Deva""], [0.0005367599078454077, ""mag_Deva""]]"
L5,8318,hin_Deva,0.8458576798439026,0.8458576798439026,"[[0.8458576798439026, ""hin_Deva""], [0.1479630172252655, ""anp_Deva""], [0.0035717373248189688, ""awa_Deva""], [0.0011866281274706125, ""new_Deva""], [0.0008882570546120405, ""mai_Deva""]]"
L5,8323,anp_Deva,0.6018765568733215,0.39419853687286377,"[[0.6018765568733215, ""anp_Deva""], [0.39419853687286377, ""hin_Deva""], [0.0018409712938591838, ""new_Deva""], [0.0010028668912127614, ""awa_Deva""], [0.000705251470208168, ""mai_Deva""]]"
L5,8328,hin_Deva,0.5398736596107483,0.5398736596107483,"[[0.5398736596107483, ""hin_Deva""], [0.4519768953323364, ""anp_Deva""], [0.005358666181564331, ""new_Deva""], [0.0019781822338700294, ""awa_Deva""], [0.00047798018204048276, ""mai_Deva""]]"
L5,8341,anp_Deva,0.7606194019317627,0.23720724880695343,"[[0.7606194019317627, ""anp_Deva""], [0.23720724880695343, ""hin_Deva""], [0.0012720066588371992, ""awa_Deva""], [0.0007286666659638286, ""mai_Deva""], [0.00019730594067368656, ""new_Deva""]]"
L5,8362,hin_Deva,0.8428834080696106,0.8428834080696106,"[[0.8428834080696106, ""hin_Deva""], [0.13973799347877502, ""anp_Deva""], [0.015907250344753265, ""awa_Deva""], [0.0012770929606631398, ""new_Deva""], [0.00011625308252405375, ""mai_Deva""]]"
L5,8364,hin_Deva,0.6249637007713318,0.6249637007713318,"[[0.6249637007713318, ""hin_Deva""], [0.3704763650894165, ""anp_Deva""], [0.002145170932635665, ""awa_Deva""], [0.001678655855357647, ""new_Deva""], [0.0006454702233895659, ""mai_Deva""]]"
L5,8367,hin_Deva,0.8651307821273804,0.8651307821273804,"[[0.8651307821273804, ""hin_Deva""], [0.13371805846691132, ""anp_Deva""], [0.0006311084143817425, ""awa_Deva""], [0.0002920130791608244, ""mai_Deva""], [0.0001596048823557794, ""new_Deva""]]"
L5,8375,hin_Deva,0.9401267170906067,0.9401267170906067,"[[0.9401267170906067, ""hin_Deva""], [0.05344803258776665, ""anp_Deva""], [0.005012154579162598, ""awa_Deva""], [0.0005085615557618439, ""mag_Deva""], [0.0003980943001806736, ""mai_Deva""]]"
L5,8406,hin_Deva,0.5187861919403076,0.5187861919403076,"[[0.5187861919403076, ""hin_Deva""], [0.48043501377105713, ""anp_Deva""], [0.0005812975578010082, ""awa_Deva""], [0.00016297692491207272, ""new_Deva""], [6.186862447066233e-05, ""mai_Deva""]]"
L5,8409,anp_Deva,0.8887672424316406,0.11060512065887451,"[[0.8887672424316406, ""anp_Deva""], [0.11060512065887451, ""hin_Deva""], [0.00046305585419759154, ""new_Deva""], [7.850660767871886e-05, ""awa_Deva""], [6.309428863460198e-05, ""bho_Deva""]]"
L5,8414,anp_Deva,0.9929527044296265,0.006430629640817642,"[[0.9929527044296265, ""anp_Deva""], [0.006430629640817642, ""hin_Deva""], [0.0006401030695997179, ""new_Deva""], [1.4835319234407507e-05, ""awa_Deva""], [1.0577601642580703e-05, ""npi_Deva""]]"
L5,8422,hin_Deva,0.6894103288650513,0.6894103288650513,"[[0.6894103288650513, ""hin_Deva""], [0.3006494641304016, ""anp_Deva""], [0.0037333606742322445, ""awa_Deva""], [0.0021368598099797964, ""new_Deva""], [0.0019701216369867325, ""npi_Deva""]]"
L5,8437,anp_Deva,0.9493467211723328,0.05030122771859169,"[[0.9493467211723328, ""anp_Deva""], [0.05030122771859169, ""hin_Deva""], [0.00019903804059140384, ""new_Deva""], [0.00015970841923262924, ""awa_Deva""], [2.957355900434777e-05, ""mag_Deva""]]"
L5,8441,anp_Deva,0.9671213030815125,0.03251543268561363,"[[0.9671213030815125, ""anp_Deva""], [0.03251543268561363, ""hin_Deva""], [0.0002708722313400358, ""new_Deva""], [7.760248990962282e-05, ""awa_Deva""], [4.380921018309891e-05, ""mai_Deva""]]"
L5,8448,hin_Deva,0.5251792669296265,0.5251792669296265,"[[0.5251792669296265, ""hin_Deva""], [0.44202080368995667, ""anp_Deva""], [0.017735712230205536, ""new_Deva""], [0.01308478508144617, ""awa_Deva""], [0.0014070715988054872, ""mai_Deva""]]"
L5,8453,anp_Deva,0.9720539450645447,0.02772883139550686,"[[0.9720539450645447, ""anp_Deva""], [0.02772883139550686, ""hin_Deva""], [0.0001826158695621416, ""awa_Deva""], [6.323741399683058e-05, ""new_Deva""], [1.5543901099590585e-05, ""mai_Deva""]]"
L5,8460,anp_Deva,0.9395602345466614,0.058077991008758545,"[[0.9395602345466614, ""anp_Deva""], [0.058077991008758545, ""hin_Deva""], [0.0016874750144779682, ""awa_Deva""], [0.0005806232802569866, ""new_Deva""], [6.7860797571484e-05, ""bho_Deva""]]"
L5,8467,anp_Deva,0.6270146369934082,0.37174317240715027,"[[0.6270146369934082, ""anp_Deva""], [0.37174317240715027, ""hin_Deva""], [0.0006511397659778595, ""awa_Deva""], [0.0004788183141499758, ""new_Deva""], [8.486492151860148e-05, ""mai_Deva""]]"
L5,8468,hin_Deva,0.9803740978240967,0.9803740978240967,"[[0.9803740978240967, ""hin_Deva""], [0.014992176555097103, ""anp_Deva""], [0.0019709314219653606, ""awa_Deva""], [0.001398629741743207, ""bho_Deva""], [0.0008366746478714049, ""new_Deva""]]"
L5,8473,anp_Deva,0.7891752123832703,0.2009488046169281,"[[0.7891752123832703, ""anp_Deva""], [0.2009488046169281, ""hin_Deva""], [0.004022853448987007, ""awa_Deva""], [0.0036881188862025738, ""new_Deva""], [0.0017243839101865888, ""mai_Deva""]]"
L5,8475,hin_Deva,0.9815850257873535,0.9815850257873535,"[[0.9815850257873535, ""hin_Deva""], [0.015031782910227776, ""anp_Deva""], [0.0014530083863064647, ""awa_Deva""], [0.0010260599665343761, ""mai_Deva""], [0.0005111934151500463, ""new_Deva""]]"
L5,8488,anp_Deva,0.8850135803222656,0.10770043730735779,"[[0.8850135803222656, ""anp_Deva""], [0.10770043730735779, ""hin_Deva""], [0.005296849645674229, ""awa_Deva""], [0.0010436468292027712, ""new_Deva""], [0.000764331896789372, ""mai_Deva""]]"
L5,8489,anp_Deva,0.9535847902297974,0.0462561659514904,"[[0.9535847902297974, ""anp_Deva""], [0.0462561659514904, ""hin_Deva""], [0.00013249072071630508, ""awa_Deva""], [5.6968819990288466e-05, ""new_Deva""], [1.312417589360848e-05, ""mai_Deva""]]"
L5,8493,hin_Deva,0.5314576625823975,0.5314576625823975,"[[0.5314576625823975, ""hin_Deva""], [0.4653797447681427, ""anp_Deva""], [0.0011299476027488708, ""awa_Deva""], [0.0008738631149753928, ""mai_Deva""], [0.0006523738848045468, ""new_Deva""]]"
L5,8499,anp_Deva,0.8373528122901917,0.16075573861598969,"[[0.8373528122901917, ""anp_Deva""], [0.16075573861598969, ""hin_Deva""], [0.0014342489885166287, ""awa_Deva""], [0.00042958915582858026, ""new_Deva""], [5.10112258780282e-05, ""bho_Deva""]]"
L5,8500,anp_Deva,0.5026496648788452,0.491913378238678,"[[0.5026496648788452, ""anp_Deva""], [0.491913378238678, ""hin_Deva""], [0.0028339477721601725, ""new_Deva""], [0.0020340746268630028, ""awa_Deva""], [0.00041182702989317477, ""mai_Deva""]]"
L5,8520,hin_Deva,0.8456317186355591,0.8456317186355591,"[[0.8456317186355591, ""hin_Deva""], [0.1518881916999817, ""anp_Deva""], [0.0015510680386796594, ""awa_Deva""], [0.0004968267166987062, ""new_Deva""], [0.0003024026518687606, ""bho_Deva""]]"
L5,8531,hin_Deva,0.7626763582229614,0.7626763582229614,"[[0.7626763582229614, ""hin_Deva""], [0.22988048195838928, ""anp_Deva""], [0.005942648742347956, ""awa_Deva""], [0.0010236678645014763, ""new_Deva""], [0.000128407176816836, ""mag_Deva""]]"
L5,8535,hin_Deva,0.5727595090866089,0.5727595090866089,"[[0.5727595090866089, ""hin_Deva""], [0.42371758818626404, ""anp_Deva""], [0.0010943763190880418, ""awa_Deva""], [0.0008373419404961169, ""mai_Deva""], [0.0007295451941899955, ""new_Deva""]]"
L5,8540,anp_Deva,0.9941470623016357,0.005704542621970177,"[[0.9941470623016357, ""anp_Deva""], [0.005704542621970177, ""hin_Deva""], [0.0001377949520247057, ""awa_Deva""], [2.8712511266348884e-05, ""new_Deva""], [2.1376086806412786e-05, ""mai_Deva""]]"
L5,8548,hin_Deva,0.974469006061554,0.974469006061554,"[[0.974469006061554, ""hin_Deva""], [0.012260355055332184, ""anp_Deva""], [0.007832451723515987, ""awa_Deva""], [0.0037313406355679035, ""new_Deva""], [0.0009706391720101237, ""mai_Deva""]]"
L5,8563,hin_Deva,0.6090054512023926,0.6090054512023926,"[[0.6090054512023926, ""hin_Deva""], [0.3732128143310547, ""anp_Deva""], [0.011867702007293701, ""awa_Deva""], [0.005536390468478203, ""new_Deva""], [0.00022583839017897844, ""mai_Deva""]]"
L5,8571,anp_Deva,0.8855765461921692,0.1114283874630928,"[[0.8855765461921692, ""anp_Deva""], [0.1114283874630928, ""hin_Deva""], [0.0011862394167110324, ""new_Deva""], [0.001021773787215352, ""awa_Deva""], [0.0005977348773740232, ""mai_Deva""]]"
L5,8573,anp_Deva,0.5572143197059631,0.4372304081916809,"[[0.5572143197059631, ""anp_Deva""], [0.4372304081916809, ""hin_Deva""], [0.0040979040786623955, ""awa_Deva""], [0.0008442180114798248, ""new_Deva""], [0.0002857237122952938, ""bho_Deva""]]"
L5,8575,hin_Deva,0.5631392002105713,0.5631392002105713,"[[0.5631392002105713, ""hin_Deva""], [0.4307914972305298, ""anp_Deva""], [0.004911558236926794, ""new_Deva""], [0.0007248474285006523, ""awa_Deva""], [0.0004153114277869463, ""mai_Deva""]]"
L5,8585,hin_Deva,0.7129427790641785,0.7129427790641785,"[[0.7129427790641785, ""hin_Deva""], [0.2845481038093567, ""anp_Deva""], [0.0016583055257797241, ""awa_Deva""], [0.00046188358101062477, ""new_Deva""], [0.0002759932540357113, ""mai_Deva""]]"
L5,8602,anp_Deva,0.8656737804412842,0.13378973305225372,"[[0.8656737804412842, ""anp_Deva""], [0.13378973305225372, ""hin_Deva""], [0.00037408340722322464, ""new_Deva""], [0.00014722686319146305, ""awa_Deva""], [3.010437467310112e-05, ""bho_Deva""]]"
L5,8614,hin_Deva,0.9607672691345215,0.9607672691345215,"[[0.9607672691345215, ""hin_Deva""], [0.027630336582660675, ""anp_Deva""], [0.005838504992425442, ""awa_Deva""], [0.0028346749022603035, ""mai_Deva""], [0.00273390905931592, ""new_Deva""]]"
L5,8616,anp_Deva,0.9260058999061584,0.0728907361626625,"[[0.9260058999061584, ""anp_Deva""], [0.0728907361626625, ""hin_Deva""], [0.0008051026379689574, ""awa_Deva""], [0.00026292071561329067, ""new_Deva""], [6.017221312504262e-05, ""mai_Deva""]]"
L5,8628,hin_Deva,0.5063369274139404,0.5063369274139404,"[[0.5063369274139404, ""hin_Deva""], [0.4900396168231964, ""anp_Deva""], [0.0016972466837614775, ""awa_Deva""], [0.0014509285101667047, ""new_Deva""], [0.0003316815127618611, ""mai_Deva""]]"
L5,8629,hin_Deva,0.8910870552062988,0.8910870552062988,"[[0.8910870552062988, ""hin_Deva""], [0.08668816834688187, ""anp_Deva""], [0.016749611124396324, ""new_Deva""], [0.004478492774069309, ""awa_Deva""], [0.0008409271249547601, ""bho_Deva""]]"
L5,8633,anp_Deva,0.9605922102928162,0.03920195251703262,"[[0.9605922102928162, ""anp_Deva""], [0.03920195251703262, ""hin_Deva""], [0.00015952240210026503, ""awa_Deva""], [6.209489947650582e-05, ""new_Deva""], [2.310706622665748e-05, ""mai_Deva""]]"
L5,8635,hin_Deva,0.7182756662368774,0.7182756662368774,"[[0.7182756662368774, ""hin_Deva""], [0.278136670589447, ""anp_Deva""], [0.0020093026105314493, ""awa_Deva""], [0.001451830263249576, ""new_Deva""], [9.981467155739665e-05, ""mai_Deva""]]"
L5,8640,anp_Deva,0.5107069611549377,0.417598158121109,"[[0.5107069611549377, ""anp_Deva""], [0.417598158121109, ""hin_Deva""], [0.039170656353235245, ""new_Deva""], [0.03128070384263992, ""awa_Deva""], [0.0007040734635666013, ""mai_Deva""]]"
L5,8646,anp_Deva,0.5861321091651917,0.40888646245002747,"[[0.5861321091651917, ""anp_Deva""], [0.40888646245002747, ""hin_Deva""], [0.002105608582496643, ""new_Deva""], [0.0013134137261658907, ""awa_Deva""], [0.001001911936327815, ""mai_Deva""]]"
L5,8649,anp_Deva,0.9067311882972717,0.08933764696121216,"[[0.9067311882972717, ""anp_Deva""], [0.08933764696121216, ""hin_Deva""], [0.0023075377102941275, ""new_Deva""], [0.001602770178578794, ""awa_Deva""], [3.852263034787029e-05, ""mai_Deva""]]"
L5,8659,hin_Deva,0.6540368795394897,0.6540368795394897,"[[0.6540368795394897, ""hin_Deva""], [0.327350914478302, ""anp_Deva""], [0.015400245785713196, ""new_Deva""], [0.0018098742002621293, ""awa_Deva""], [0.0008210010128095746, ""bho_Deva""]]"
L5,8662,hin_Deva,0.8699186444282532,0.8699186444282532,"[[0.8699186444282532, ""hin_Deva""], [0.11750401556491852, ""anp_Deva""], [0.008107209578156471, ""new_Deva""], [0.0025674726348370314, ""awa_Deva""], [0.0016613479238003492, ""mai_Deva""]]"
L5,8666,hin_Deva,0.7584512829780579,0.7584512829780579,"[[0.7584512829780579, ""hin_Deva""], [0.23910154402256012, ""anp_Deva""], [0.0014835327165201306, ""awa_Deva""], [0.0007074842578731477, ""new_Deva""], [0.00014344665396492928, ""mai_Deva""]]"
L5,8667,hin_Deva,0.6404553651809692,0.6404553651809692,"[[0.6404553651809692, ""hin_Deva""], [0.3552301228046417, ""anp_Deva""], [0.0028879414312541485, ""awa_Deva""], [0.0011175915133208036, ""new_Deva""], [0.00017703298362903297, ""bho_Deva""]]"
L5,8687,hin_Deva,0.5445035099983215,0.5445035099983215,"[[0.5445035099983215, ""hin_Deva""], [0.4523693919181824, ""anp_Deva""], [0.0017123096622526646, ""awa_Deva""], [0.0007739004795439541, ""new_Deva""], [0.0005927488091401756, ""bho_Deva""]]"
L5,8691,hin_Deva,0.8089419007301331,0.8089419007301331,"[[0.8089419007301331, ""hin_Deva""], [0.17724771797657013, ""anp_Deva""], [0.0056580123491585255, ""mai_Deva""], [0.005579365883022547, ""awa_Deva""], [0.0016970144351944327, ""new_Deva""]]"
L5,8706,anp_Deva,0.9533872604370117,0.0444527268409729,"[[0.9533872604370117, ""anp_Deva""], [0.0444527268409729, ""hin_Deva""], [0.0016420333413407207, ""awa_Deva""], [0.00035856259637512267, ""new_Deva""], [0.00010748392378445715, ""mai_Deva""]]"
L5,8728,anp_Deva,0.9380683302879333,0.059075262397527695,"[[0.9380683302879333, ""anp_Deva""], [0.059075262397527695, ""hin_Deva""], [0.0021827721502631903, ""awa_Deva""], [0.0006925776251591742, ""new_Deva""], [1.452887045161333e-05, ""mai_Deva""]]"
L5,8747,hin_Deva,0.8245081901550293,0.8245081901550293,"[[0.8245081901550293, ""hin_Deva""], [0.17054307460784912, ""anp_Deva""], [0.003690185956656933, ""new_Deva""], [0.0006163062644191086, ""awa_Deva""], [0.0004417821182869375, ""mai_Deva""]]"
L5,8753,hin_Deva,0.8861564993858337,0.8861564993858337,"[[0.8861564993858337, ""hin_Deva""], [0.10942002385854721, ""anp_Deva""], [0.0020754842553287745, ""awa_Deva""], [0.0012613991275429726, ""new_Deva""], [0.0008761115605011582, ""bho_Deva""]]"
L5,8794,anp_Deva,0.9876213669776917,0.012370173819363117,"[[0.9876213669776917, ""anp_Deva""], [0.012370173819363117, ""hin_Deva""], [2.4495418983860873e-05, ""new_Deva""], [2.137896080967039e-05, ""awa_Deva""], [1.198203881358495e-05, ""mai_Deva""]]"
L5,8798,hin_Deva,0.8749750852584839,0.8749750852584839,"[[0.8749750852584839, ""hin_Deva""], [0.09833689779043198, ""anp_Deva""], [0.01181976031512022, ""awa_Deva""], [0.010063792578876019, ""new_Deva""], [0.002404438331723213, ""mai_Deva""]]"
L5,8799,anp_Deva,0.9595255851745605,0.03980604559183121,"[[0.9595255851745605, ""anp_Deva""], [0.03980604559183121, ""hin_Deva""], [0.0003505146305542439, ""new_Deva""], [0.00022204466222319752, ""awa_Deva""], [0.00013163679977878928, ""mai_Deva""]]"
L5,8803,hin_Deva,0.9619137048721313,0.9619137048721313,"[[0.9619137048721313, ""hin_Deva""], [0.03427756950259209, ""anp_Deva""], [0.0018883735174313188, ""awa_Deva""], [0.0009263542015105486, ""new_Deva""], [0.00040614718454889953, ""bho_Deva""]]"
L5,8807,hin_Deva,0.9419377446174622,0.9419377446174622,"[[0.9419377446174622, ""hin_Deva""], [0.0547102726995945, ""anp_Deva""], [0.0014707691734656692, ""awa_Deva""], [0.0013650706969201565, ""new_Deva""], [0.0004772648389916867, ""mai_Deva""]]"
L5,8810,anp_Deva,0.9555668830871582,0.04186949506402016,"[[0.9555668830871582, ""anp_Deva""], [0.04186949506402016, ""hin_Deva""], [0.0021443834993988276, ""awa_Deva""], [0.0004199215618427843, ""new_Deva""], [2.4405087970080785e-05, ""bho_Deva""]]"
L5,8821,hin_Deva,0.9262845516204834,0.9262845516204834,"[[0.9262845516204834, ""hin_Deva""], [0.07247306406497955, ""anp_Deva""], [0.00040761081618256867, ""mai_Deva""], [0.000388998567359522, ""new_Deva""], [0.0002957989345304668, ""awa_Deva""]]"
L5,8828,anp_Deva,0.8990997672080994,0.0971483588218689,"[[0.8990997672080994, ""anp_Deva""], [0.0971483588218689, ""hin_Deva""], [0.0026872993912547827, ""awa_Deva""], [0.0009679237846285105, ""new_Deva""], [8.931846969062462e-05, ""bho_Deva""]]"
L5,8834,hin_Deva,0.6847978234291077,0.6847978234291077,"[[0.6847978234291077, ""hin_Deva""], [0.31263476610183716, ""anp_Deva""], [0.0019820998422801495, ""awa_Deva""], [0.00028136372566223145, ""new_Deva""], [0.0001477953337598592, ""mai_Deva""]]"
L5,8838,anp_Deva,0.7550631165504456,0.24056603014469147,"[[0.7550631165504456, ""anp_Deva""], [0.24056603014469147, ""hin_Deva""], [0.0019397921860218048, ""new_Deva""], [0.001688683987595141, ""awa_Deva""], [0.0005370317958295345, ""mai_Deva""]]"
L5,8840,anp_Deva,0.92949378490448,0.06414768844842911,"[[0.92949378490448, ""anp_Deva""], [0.06414768844842911, ""hin_Deva""], [0.005241756327450275, ""new_Deva""], [0.0009581783087924123, ""awa_Deva""], [0.00011569542402867228, ""bho_Deva""]]"
L5,8843,hin_Deva,0.5807561278343201,0.5807561278343201,"[[0.5807561278343201, ""hin_Deva""], [0.41275328397750854, ""anp_Deva""], [0.004205441568046808, ""new_Deva""], [0.0009310136665590107, ""mag_Deva""], [0.0006435451214201748, ""awa_Deva""]]"
L5,8848,hin_Deva,0.834385871887207,0.834385871887207,"[[0.834385871887207, ""hin_Deva""], [0.16268190741539001, ""anp_Deva""], [0.0018469450296834111, ""awa_Deva""], [0.0008507374441251159, ""new_Deva""], [0.0001152342592831701, ""bho_Deva""]]"
L5,8873,anp_Deva,0.5577148795127869,0.4400268793106079,"[[0.5577148795127869, ""anp_Deva""], [0.4400268793106079, ""hin_Deva""], [0.0010765108745545149, ""awa_Deva""], [0.0007965907570905983, ""new_Deva""], [0.00027622655034065247, ""mai_Deva""]]"
L5,8883,hin_Deva,0.8355334997177124,0.8355334997177124,"[[0.8355334997177124, ""hin_Deva""], [0.143277108669281, ""anp_Deva""], [0.019396508112549782, ""awa_Deva""], [0.0011328154942020774, ""new_Deva""], [0.0004673684306908399, ""mai_Deva""]]"
L5,8884,hin_Deva,0.91607666015625,0.91607666015625,"[[0.91607666015625, ""hin_Deva""], [0.059748854488134384, ""anp_Deva""], [0.017449699342250824, ""awa_Deva""], [0.0025701038539409637, ""mai_Deva""], [0.0018115845741704106, ""mag_Deva""]]"
L5,8894,anp_Deva,0.5340144038200378,0.4567168056964874,"[[0.5340144038200378, ""anp_Deva""], [0.4567168056964874, ""hin_Deva""], [0.004956573247909546, ""new_Deva""], [0.003589932108297944, ""awa_Deva""], [0.000391097622923553, ""mai_Deva""]]"
L5,8900,hin_Deva,0.5389713644981384,0.5389713644981384,"[[0.5389713644981384, ""hin_Deva""], [0.44561105966567993, ""anp_Deva""], [0.012224039994180202, ""awa_Deva""], [0.0018602408235892653, ""mai_Deva""], [0.0006844804738648236, ""new_Deva""]]"
L5,8901,anp_Deva,0.7782387733459473,0.20892320573329926,"[[0.7782387733459473, ""anp_Deva""], [0.20892320573329926, ""hin_Deva""], [0.012292258441448212, ""awa_Deva""], [0.0004727691994048655, ""new_Deva""], [7.315995026146993e-05, ""mai_Deva""]]"
L5,8904,anp_Deva,0.5737860798835754,0.42466646432876587,"[[0.5737860798835754, ""anp_Deva""], [0.42466646432876587, ""hin_Deva""], [0.000682937097735703, ""awa_Deva""], [0.0006275206105783582, ""new_Deva""], [0.0002512891951482743, ""mai_Deva""]]"
L5,8907,anp_Deva,0.8950269222259521,0.10241473466157913,"[[0.8950269222259521, ""anp_Deva""], [0.10241473466157913, ""hin_Deva""], [0.0016624645795673132, ""awa_Deva""], [0.0005885405116714537, ""new_Deva""], [0.000179201815626584, ""bho_Deva""]]"
L5,8911,hin_Deva,0.7507210373878479,0.7507210373878479,"[[0.7507210373878479, ""hin_Deva""], [0.24409352242946625, ""anp_Deva""], [0.002653391333296895, ""new_Deva""], [0.0015005858149379492, ""awa_Deva""], [0.00042348375427536666, ""bho_Deva""]]"
L5,8933,anp_Deva,0.5226134657859802,0.4593825042247772,"[[0.5226134657859802, ""anp_Deva""], [0.4593825042247772, ""hin_Deva""], [0.012472563423216343, ""awa_Deva""], [0.0020181385334581137, ""mag_Deva""], [0.0016050530830398202, ""new_Deva""]]"
L5,8946,hin_Deva,0.6985889673233032,0.6985889673233032,"[[0.6985889673233032, ""hin_Deva""], [0.2709049582481384, ""anp_Deva""], [0.024704204872250557, ""awa_Deva""], [0.004873134195804596, ""new_Deva""], [0.0006981437327340245, ""mai_Deva""]]"
L5,8958,anp_Deva,0.7167935967445374,0.27833035588264465,"[[0.7167935967445374, ""anp_Deva""], [0.27833035588264465, ""hin_Deva""], [0.0026075115893036127, ""awa_Deva""], [0.000998634728603065, ""bho_Deva""], [0.000836671853903681, ""mai_Deva""]]"
L5,8959,hin_Deva,0.9481162428855896,0.9481162428855896,"[[0.9481162428855896, ""hin_Deva""], [0.04247932881116867, ""anp_Deva""], [0.004769759252667427, ""awa_Deva""], [0.0024472863879054785, ""mai_Deva""], [0.001499718870036304, ""new_Deva""]]"
L5,8967,anp_Deva,0.6237690448760986,0.2980322539806366,"[[0.6237690448760986, ""anp_Deva""], [0.2980322539806366, ""hin_Deva""], [0.0665448009967804, ""awa_Deva""], [0.006275903899222612, ""bho_Deva""], [0.002733949339017272, ""mai_Deva""]]"
L5,8968,hin_Deva,0.9065259099006653,0.9065259099006653,"[[0.9065259099006653, ""hin_Deva""], [0.060057658702135086, ""anp_Deva""], [0.027287984266877174, ""awa_Deva""], [0.0031782370060682297, ""new_Deva""], [0.0016097676707431674, ""mai_Deva""]]"
L5,8982,hin_Deva,0.7729824781417847,0.7729824781417847,"[[0.7729824781417847, ""hin_Deva""], [0.22575509548187256, ""anp_Deva""], [0.0006483343313448131, ""awa_Deva""], [0.0004403120547067374, ""new_Deva""], [0.00012752496695611626, ""mai_Deva""]]"
L5,8992,anp_Deva,0.8358232975006104,0.16165515780448914,"[[0.8358232975006104, ""anp_Deva""], [0.16165515780448914, ""hin_Deva""], [0.001196848344989121, ""awa_Deva""], [0.0010767875937744975, ""new_Deva""], [0.0002456842630635947, ""mai_Deva""]]"
L5,8994,anp_Deva,0.5391172766685486,0.45784991979599,"[[0.5391172766685486, ""anp_Deva""], [0.45784991979599, ""hin_Deva""], [0.002701735822483897, ""awa_Deva""], [0.00028825399931520224, ""new_Deva""], [4.702669684775174e-05, ""bho_Deva""]]"
L5,8999,hin_Deva,0.7660875916481018,0.7660875916481018,"[[0.7660875916481018, ""hin_Deva""], [0.22860893607139587, ""anp_Deva""], [0.0014853838365525007, ""awa_Deva""], [0.001364048570394516, ""new_Deva""], [0.001262645935639739, ""mai_Deva""]]"
L5,9000,anp_Deva,0.8610808253288269,0.13602270185947418,"[[0.8610808253288269, ""anp_Deva""], [0.13602270185947418, ""hin_Deva""], [0.0009427745244465768, ""awa_Deva""], [0.0009171335841529071, ""mag_Deva""], [0.0006564889336004853, ""bho_Deva""]]"
L5,9011,anp_Deva,0.7194396257400513,0.2764262855052948,"[[0.7194396257400513, ""anp_Deva""], [0.2764262855052948, ""hin_Deva""], [0.0035739520099014044, ""awa_Deva""], [0.00043366075260564685, ""new_Deva""], [0.00011072906636400148, ""mai_Deva""]]"
L5,9015,hin_Deva,0.9590688943862915,0.9590688943862915,"[[0.9590688943862915, ""hin_Deva""], [0.0336989164352417, ""anp_Deva""], [0.0034231499303132296, ""awa_Deva""], [0.0024847756139934063, ""new_Deva""], [0.00100259343162179, ""mai_Deva""]]"
L5,9018,hin_Deva,0.7490464448928833,0.7490464448928833,"[[0.7490464448928833, ""hin_Deva""], [0.24777142703533173, ""anp_Deva""], [0.0012002980802208185, ""new_Deva""], [0.0011174033861607313, ""awa_Deva""], [0.0004948677960783243, ""mag_Deva""]]"
L5,9025,hin_Deva,0.7132550477981567,0.7132550477981567,"[[0.7132550477981567, ""hin_Deva""], [0.2838664948940277, ""anp_Deva""], [0.00274966680444777, ""awa_Deva""], [4.7849465772742406e-05, ""sck_Deva""], [4.5048000174574554e-05, ""mai_Deva""]]"
L5,9029,hin_Deva,0.6017161011695862,0.6017161011695862,"[[0.6017161011695862, ""hin_Deva""], [0.39255112409591675, ""anp_Deva""], [0.0037736957892775536, ""new_Deva""], [0.0018743232358247042, ""awa_Deva""], [8.668856753502041e-05, ""mai_Deva""]]"
L5,9032,anp_Deva,0.7281200289726257,0.26527124643325806,"[[0.7281200289726257, ""anp_Deva""], [0.26527124643325806, ""hin_Deva""], [0.0031883083283901215, ""new_Deva""], [0.002367727691307664, ""awa_Deva""], [0.000589524395763874, ""mai_Deva""]]"
L5,9035,hin_Deva,0.9337637424468994,0.9337637424468994,"[[0.9337637424468994, ""hin_Deva""], [0.0619845911860466, ""anp_Deva""], [0.0014947219751775265, ""bho_Deva""], [0.000951917958445847, ""mai_Deva""], [0.0006581843481399119, ""awa_Deva""]]"
L5,9037,hin_Deva,0.8884126543998718,0.8884126543998718,"[[0.8884126543998718, ""hin_Deva""], [0.10651440918445587, ""anp_Deva""], [0.001872975961305201, ""awa_Deva""], [0.0016828787047415972, ""new_Deva""], [0.0011855451157316566, ""mai_Deva""]]"
L5,9039,hin_Deva,0.7310194969177246,0.7310194969177246,"[[0.7310194969177246, ""hin_Deva""], [0.26083746552467346, ""anp_Deva""], [0.004922481719404459, ""awa_Deva""], [0.00242358329705894, ""new_Deva""], [0.00046286865836009383, ""bho_Deva""]]"
L5,9044,hin_Deva,0.5876175165176392,0.5876175165176392,"[[0.5876175165176392, ""hin_Deva""], [0.4021591544151306, ""anp_Deva""], [0.007370478939265013, ""awa_Deva""], [0.0013587831053882837, ""mai_Deva""], [0.0011801501968875527, ""new_Deva""]]"
L5,9054,hin_Deva,0.4980747103691101,0.4980747103691101,"[[0.4980747103691101, ""hin_Deva""], [0.49748513102531433, ""anp_Deva""], [0.0021060120780020952, ""awa_Deva""], [0.0011067802552133799, ""new_Deva""], [0.0009610180277377367, ""mai_Deva""]]"
L5,9056,anp_Deva,0.9631335735321045,0.035791683942079544,"[[0.9631335735321045, ""anp_Deva""], [0.035791683942079544, ""hin_Deva""], [0.0008467413717880845, ""awa_Deva""], [0.00025588084827177227, ""new_Deva""], [1.8323804397368804e-05, ""mai_Deva""]]"
L5,9057,anp_Deva,0.6597585678100586,0.3377751111984253,"[[0.6597585678100586, ""anp_Deva""], [0.3377751111984253, ""hin_Deva""], [0.001077142427675426, ""awa_Deva""], [0.0007390619721263647, ""new_Deva""], [0.0006689940928481519, ""mai_Deva""]]"
L5,9058,anp_Deva,0.5769128799438477,0.4172283113002777,"[[0.5769128799438477, ""anp_Deva""], [0.4172283113002777, ""hin_Deva""], [0.003522348590195179, ""awa_Deva""], [0.0012977320002391934, ""new_Deva""], [0.0006417842814698815, ""bho_Deva""]]"
L5,9069,hin_Deva,0.8365325927734375,0.8365325927734375,"[[0.8365325927734375, ""hin_Deva""], [0.15847599506378174, ""anp_Deva""], [0.0023130846675485373, ""new_Deva""], [0.0017818817868828773, ""awa_Deva""], [0.0006404404412023723, ""bho_Deva""]]"
L5,9073,anp_Deva,0.9116159677505493,0.08576460927724838,"[[0.9116159677505493, ""anp_Deva""], [0.08576460927724838, ""hin_Deva""], [0.0018456772668287158, ""awa_Deva""], [0.0005289214896038175, ""new_Deva""], [0.000190336475498043, ""mai_Deva""]]"
L5,9079,anp_Deva,0.5546894669532776,0.441713809967041,"[[0.5546894669532776, ""anp_Deva""], [0.441713809967041, ""hin_Deva""], [0.001330154249444604, ""new_Deva""], [0.0011433931067585945, ""awa_Deva""], [0.0005575706018134952, ""mai_Deva""]]"
L5,9089,hin_Deva,0.7065403461456299,0.7065403461456299,"[[0.7065403461456299, ""hin_Deva""], [0.2768707573413849, ""anp_Deva""], [0.008907008916139603, ""bho_Deva""], [0.0032832010183483362, ""awa_Deva""], [0.0030068440828472376, ""mai_Deva""]]"
L5,9093,anp_Deva,0.83603835105896,0.16322961449623108,"[[0.83603835105896, ""anp_Deva""], [0.16322961449623108, ""hin_Deva""], [0.00042275115265510976, ""awa_Deva""], [0.0002594653342384845, ""new_Deva""], [4.897002872894518e-05, ""mai_Deva""]]"
L5,9096,anp_Deva,0.8548157811164856,0.14355695247650146,"[[0.8548157811164856, ""anp_Deva""], [0.14355695247650146, ""hin_Deva""], [0.0011918384116142988, ""awa_Deva""], [0.0004092832386959344, ""new_Deva""], [4.485487443162128e-05, ""mag_Deva""]]"
L5,9098,hin_Deva,0.5915088653564453,0.5915088653564453,"[[0.5915088653564453, ""hin_Deva""], [0.4030388295650482, ""anp_Deva""], [0.004284384660422802, ""new_Deva""], [0.000985652324743569, ""awa_Deva""], [0.00012052101374138147, ""mai_Deva""]]"
L5,9128,hin_Deva,0.7666124701499939,0.7666124701499939,"[[0.7666124701499939, ""hin_Deva""], [0.2257501482963562, ""anp_Deva""], [0.0037951734848320484, ""new_Deva""], [0.002358905039727688, ""awa_Deva""], [0.000954145158175379, ""mai_Deva""]]"
L5,9152,hin_Deva,0.929381787776947,0.929381787776947,"[[0.929381787776947, ""hin_Deva""], [0.04242262244224548, ""anp_Deva""], [0.022215329110622406, ""awa_Deva""], [0.003033926011994481, ""new_Deva""], [0.0026311862748116255, ""mai_Deva""]]"
L5,9159,hin_Deva,0.7889661192893982,0.7889661192893982,"[[0.7889661192893982, ""hin_Deva""], [0.19116802513599396, ""anp_Deva""], [0.016790930181741714, ""awa_Deva""], [0.002211557002738118, ""new_Deva""], [0.0007117619970813394, ""bho_Deva""]]"
L5,9177,hin_Deva,0.8753952980041504,0.8753952980041504,"[[0.8753952980041504, ""hin_Deva""], [0.1195245236158371, ""anp_Deva""], [0.0035701144952327013, ""awa_Deva""], [0.000677541655022651, ""new_Deva""], [0.0005535310483537614, ""mai_Deva""]]"
L5,9180,hin_Deva,0.9841877222061157,0.9841877222061157,"[[0.9841877222061157, ""hin_Deva""], [0.007486261427402496, ""anp_Deva""], [0.002568267285823822, ""bho_Deva""], [0.0021354826167225838, ""mai_Deva""], [0.0013867506058886647, ""awa_Deva""]]"
L5,9185,anp_Deva,0.7049909234046936,0.28624552488327026,"[[0.7049909234046936, ""anp_Deva""], [0.28624552488327026, ""hin_Deva""], [0.008358105085790157, ""awa_Deva""], [0.00016380699526052922, ""sck_Deva""], [0.00011219682346563786, ""new_Deva""]]"
L5,9192,hin_Deva,0.621038019657135,0.621038019657135,"[[0.621038019657135, ""hin_Deva""], [0.3714083433151245, ""anp_Deva""], [0.004976707976311445, ""new_Deva""], [0.0020152200013399124, ""awa_Deva""], [0.0003787789901252836, ""mai_Deva""]]"
L5,9200,anp_Deva,0.707671046257019,0.29129335284233093,"[[0.707671046257019, ""anp_Deva""], [0.29129335284233093, ""hin_Deva""], [0.000890132796484977, ""awa_Deva""], [0.00013839721214026213, ""new_Deva""], [3.819150879280642e-05, ""mai_Deva""]]"
L5,9205,hin_Deva,0.9174238443374634,0.9174238443374634,"[[0.9174238443374634, ""hin_Deva""], [0.06951762735843658, ""anp_Deva""], [0.01095927320420742, ""awa_Deva""], [0.001251950510777533, ""mag_Deva""], [0.000631276925560087, ""mai_Deva""]]"
L5,9206,hin_Deva,0.9078203439712524,0.9078203439712524,"[[0.9078203439712524, ""hin_Deva""], [0.0840967446565628, ""anp_Deva""], [0.005835159681737423, ""awa_Deva""], [0.001690403209067881, ""new_Deva""], [0.0003682421811390668, ""mai_Deva""]]"
L5,9235,hin_Deva,0.823504626750946,0.823504626750946,"[[0.823504626750946, ""hin_Deva""], [0.17433872818946838, ""anp_Deva""], [0.000983831356279552, ""awa_Deva""], [0.0006327886367216706, ""new_Deva""], [0.0002606416237540543, ""bho_Deva""]]"
L5,9240,anp_Deva,0.8530548810958862,0.1431298702955246,"[[0.8530548810958862, ""anp_Deva""], [0.1431298702955246, ""hin_Deva""], [0.003099279711022973, ""awa_Deva""], [0.0004875402373727411, ""new_Deva""], [0.00013653916539624333, ""bho_Deva""]]"
L5,9241,anp_Deva,0.979535698890686,0.016620714217424393,"[[0.979535698890686, ""anp_Deva""], [0.016620714217424393, ""hin_Deva""], [0.0033152925316244364, ""awa_Deva""], [0.0005341856158338487, ""new_Deva""], [2.4806486180750653e-05, ""mai_Deva""]]"
L5,9244,hin_Deva,0.5042484402656555,0.5042484402656555,"[[0.5042484402656555, ""hin_Deva""], [0.48687294125556946, ""anp_Deva""], [0.008125617168843746, ""awa_Deva""], [0.0004994974005967379, ""new_Deva""], [0.00018189333786722273, ""mai_Deva""]]"
L5,9245,hin_Deva,0.87799471616745,0.87799471616745,"[[0.87799471616745, ""hin_Deva""], [0.11829481273889542, ""anp_Deva""], [0.0025254751089960337, ""awa_Deva""], [0.0006850515492260456, ""new_Deva""], [0.00041301248711533844, ""mai_Deva""]]"
L5,9258,hin_Deva,0.989336371421814,0.989336371421814,"[[0.989336371421814, ""hin_Deva""], [0.005580664146691561, ""awa_Deva""], [0.002321878680959344, ""anp_Deva""], [0.0022841531317681074, ""new_Deva""], [0.0003473495307844132, ""bho_Deva""]]"
L5,9261,anp_Deva,0.8847774267196655,0.11164871603250504,"[[0.8847774267196655, ""anp_Deva""], [0.11164871603250504, ""hin_Deva""], [0.002587367780506611, ""awa_Deva""], [0.0005783993983641267, ""new_Deva""], [0.00035068768193013966, ""mai_Deva""]]"
L5,9271,hin_Deva,0.9194409847259521,0.9194409847259521,"[[0.9194409847259521, ""hin_Deva""], [0.07417634129524231, ""anp_Deva""], [0.0036506408359855413, ""new_Deva""], [0.0015703763347119093, ""awa_Deva""], [0.0005124441813677549, ""mai_Deva""]]"
L5,9273,anp_Deva,0.5290552973747253,0.4683053195476532,"[[0.5290552973747253, ""anp_Deva""], [0.4683053195476532, ""hin_Deva""], [0.0016504335217177868, ""awa_Deva""], [0.0009629477863200009, ""new_Deva""], [6.494228000519797e-05, ""bho_Deva""]]"
L5,9281,hin_Deva,0.5099946856498718,0.5099946856498718,"[[0.5099946856498718, ""hin_Deva""], [0.4839897155761719, ""anp_Deva""], [0.0032825388479977846, ""awa_Deva""], [0.0016894249711185694, ""new_Deva""], [0.0009080471354536712, ""mai_Deva""]]"
L5,9292,hin_Deva,0.6750592589378357,0.6750592589378357,"[[0.6750592589378357, ""hin_Deva""], [0.31045904755592346, ""anp_Deva""], [0.010961227118968964, ""awa_Deva""], [0.003270798595622182, ""new_Deva""], [0.00011847193673020229, ""mai_Deva""]]"
L5,9295,anp_Deva,0.9877932667732239,0.011829700320959091,"[[0.9877932667732239, ""anp_Deva""], [0.011829700320959091, ""hin_Deva""], [0.00020477866928558797, ""new_Deva""], [0.00016265908197965473, ""awa_Deva""], [5.0973929319297895e-05, ""mai_Deva""]]"
L5,9304,anp_Deva,0.7579107880592346,0.23010800778865814,"[[0.7579107880592346, ""anp_Deva""], [0.23010800778865814, ""hin_Deva""], [0.008270875550806522, ""new_Deva""], [0.003673973260447383, ""awa_Deva""], [7.695152453379706e-05, ""mai_Deva""]]"
L5,9318,anp_Deva,0.9681599736213684,0.028130479156970978,"[[0.9681599736213684, ""anp_Deva""], [0.028130479156970978, ""hin_Deva""], [0.003420880064368248, ""new_Deva""], [0.00021559681044891477, ""awa_Deva""], [0.0001047257537720725, ""mai_Deva""]]"
L5,9328,hin_Deva,0.6204586029052734,0.6204586029052734,"[[0.6204586029052734, ""hin_Deva""], [0.3701132535934448, ""anp_Deva""], [0.0046960413455963135, ""new_Deva""], [0.003501954022794962, ""awa_Deva""], [0.0010077290935441852, ""mai_Deva""]]"
L5,9344,anp_Deva,0.8479610085487366,0.14927171170711517,"[[0.8479610085487366, ""anp_Deva""], [0.14927171170711517, ""hin_Deva""], [0.0015715531772002578, ""awa_Deva""], [0.001182823907583952, ""new_Deva""], [4.0284066926687956e-05, ""mai_Deva""]]"
L5,9360,hin_Deva,0.9154418110847473,0.9154418110847473,"[[0.9154418110847473, ""hin_Deva""], [0.080753855407238, ""anp_Deva""], [0.0031845371704548597, ""awa_Deva""], [0.0003405126335565001, ""new_Deva""], [0.0002218082663603127, ""bho_Deva""]]"
L5,9364,hin_Deva,0.8564379215240479,0.8564379215240479,"[[0.8564379215240479, ""hin_Deva""], [0.14039278030395508, ""anp_Deva""], [0.0023651178926229477, ""new_Deva""], [0.0006300256354734302, ""awa_Deva""], [0.0001439079933334142, ""mai_Deva""]]"
L5,9378,anp_Deva,0.8910951018333435,0.10720522701740265,"[[0.8910951018333435, ""anp_Deva""], [0.10720522701740265, ""hin_Deva""], [0.0013064348604530096, ""new_Deva""], [0.0004014889127574861, ""awa_Deva""], [3.3332773455185816e-05, ""mai_Deva""]]"
L5,9387,hin_Deva,0.9579015970230103,0.9579015970230103,"[[0.9579015970230103, ""hin_Deva""], [0.03159506618976593, ""anp_Deva""], [0.004582601133733988, ""awa_Deva""], [0.003858482465147972, ""bho_Deva""], [0.0009377641836181283, ""mai_Deva""]]"
L5,9407,hin_Deva,0.9442988634109497,0.9442988634109497,"[[0.9442988634109497, ""hin_Deva""], [0.03085724264383316, ""anp_Deva""], [0.011376631446182728, ""awa_Deva""], [0.004896414931863546, ""bho_Deva""], [0.004821712151169777, ""new_Deva""]]"
L5,9409,hin_Deva,0.9415733218193054,0.9415733218193054,"[[0.9415733218193054, ""hin_Deva""], [0.051482878625392914, ""anp_Deva""], [0.006320531480014324, ""awa_Deva""], [0.00041343652992509305, ""new_Deva""], [0.00016208612942136824, ""mai_Deva""]]"
L5,9413,anp_Deva,0.9984801411628723,0.0014645182527601719,"[[0.9984801411628723, ""anp_Deva""], [0.0014645182527601719, ""hin_Deva""], [5.328634870238602e-05, ""new_Deva""], [3.822186044999398e-05, ""awa_Deva""], [1.3565068002208136e-05, ""mup_Deva""]]"
L5,9425,hin_Deva,0.833761990070343,0.833761990070343,"[[0.833761990070343, ""hin_Deva""], [0.14857086539268494, ""anp_Deva""], [0.009875468909740448, ""new_Deva""], [0.0070235393941402435, ""awa_Deva""], [0.0005449526943266392, ""mai_Deva""]]"
L5,9433,anp_Deva,0.8678401708602905,0.127646803855896,"[[0.8678401708602905, ""anp_Deva""], [0.127646803855896, ""hin_Deva""], [0.003160704392939806, ""awa_Deva""], [0.0012008195044472814, ""new_Deva""], [8.630639058537781e-05, ""mai_Deva""]]"
L5,9448,hin_Deva,0.8347899317741394,0.8347899317741394,"[[0.8347899317741394, ""hin_Deva""], [0.14881019294261932, ""anp_Deva""], [0.014792450703680515, ""awa_Deva""], [0.0010865771910175681, ""new_Deva""], [0.00036388851003721356, ""mai_Deva""]]"
L5,9451,hin_Deva,0.8595227599143982,0.8595227599143982,"[[0.8595227599143982, ""hin_Deva""], [0.13678845763206482, ""anp_Deva""], [0.002358663361519575, ""new_Deva""], [0.0008711065165698528, ""awa_Deva""], [0.0003532949194777757, ""mai_Deva""]]"
L5,9478,anp_Deva,0.9916412234306335,0.007680343464016914,"[[0.9916412234306335, ""anp_Deva""], [0.007680343464016914, ""hin_Deva""], [0.0006928544607944787, ""new_Deva""], [1.8065597032546066e-05, ""awa_Deva""], [1.653428262216039e-05, ""mai_Deva""]]"
L5,9497,hin_Deva,0.7142607569694519,0.7142607569694519,"[[0.7142607569694519, ""hin_Deva""], [0.2812376022338867, ""anp_Deva""], [0.003547507571056485, ""new_Deva""], [0.0003318931849207729, ""bho_Deva""], [0.0003305954742245376, ""awa_Deva""]]"
L5,9526,anp_Deva,0.5489170551300049,0.4355708658695221,"[[0.5489170551300049, ""anp_Deva""], [0.4355708658695221, ""hin_Deva""], [0.0128251938149333, ""new_Deva""], [0.002064590808004141, ""awa_Deva""], [0.0004372114490251988, ""mai_Deva""]]"
L5,9541,hin_Deva,0.9261090755462646,0.9261090755462646,"[[0.9261090755462646, ""hin_Deva""], [0.06957919895648956, ""anp_Deva""], [0.00138041318859905, ""new_Deva""], [0.0011351032881066203, ""awa_Deva""], [0.0009275175398215652, ""mai_Deva""]]"
L5,9547,hin_Deva,0.9502081871032715,0.9502081871032715,"[[0.9502081871032715, ""hin_Deva""], [0.045236360281705856, ""anp_Deva""], [0.001942575559951365, ""awa_Deva""], [0.0009018901619128883, ""new_Deva""], [0.0008640707819722593, ""mai_Deva""]]"
L5,9578,anp_Deva,0.7810271382331848,0.21666570007801056,"[[0.7810271382331848, ""anp_Deva""], [0.21666570007801056, ""hin_Deva""], [0.0015722382813692093, ""awa_Deva""], [0.0007600462413392961, ""new_Deva""], [1.834522481658496e-05, ""bho_Deva""]]"
L5,9586,hin_Deva,0.6502143144607544,0.6502143144607544,"[[0.6502143144607544, ""hin_Deva""], [0.3467770218849182, ""anp_Deva""], [0.0021642898209393024, ""awa_Deva""], [0.0008250601240433753, ""new_Deva""], [4.521732626017183e-05, ""mai_Deva""]]"
L5,9592,anp_Deva,0.781512439250946,0.20738039910793304,"[[0.781512439250946, ""anp_Deva""], [0.20738039910793304, ""hin_Deva""], [0.008084542118012905, ""new_Deva""], [0.0029573983047157526, ""awa_Deva""], [7.806820212863386e-05, ""mai_Deva""]]"
L5,9628,anp_Deva,0.7692968249320984,0.22878941893577576,"[[0.7692968249320984, ""anp_Deva""], [0.22878941893577576, ""hin_Deva""], [0.001398781081661582, ""awa_Deva""], [0.0005281593184918165, ""new_Deva""], [1.8700808141147718e-05, ""mag_Deva""]]"
L5,9631,hin_Deva,0.7530043721199036,0.7530043721199036,"[[0.7530043721199036, ""hin_Deva""], [0.2431095838546753, ""anp_Deva""], [0.002173085929825902, ""awa_Deva""], [0.00149057328235358, ""new_Deva""], [0.00022792723029851913, ""bho_Deva""]]"
L5,9636,anp_Deva,0.7987198233604431,0.20006656646728516,"[[0.7987198233604431, ""anp_Deva""], [0.20006656646728516, ""hin_Deva""], [0.0008653477416373789, ""new_Deva""], [0.0003635855100583285, ""awa_Deva""], [2.0563906218740158e-05, ""mai_Deva""]]"
L5,9651,anp_Deva,0.7880983948707581,0.18631653487682343,"[[0.7880983948707581, ""anp_Deva""], [0.18631653487682343, ""hin_Deva""], [0.013674598187208176, ""awa_Deva""], [0.011412006802856922, ""new_Deva""], [0.00042710505658760667, ""mai_Deva""]]"
L5,9656,hin_Deva,0.5269903540611267,0.5269903540611267,"[[0.5269903540611267, ""hin_Deva""], [0.4670276641845703, ""anp_Deva""], [0.003019847674295306, ""awa_Deva""], [0.001418241299688816, ""mai_Deva""], [0.0012962353648617864, ""new_Deva""]]"
L5,9660,hin_Deva,0.6289834380149841,0.6289834380149841,"[[0.6289834380149841, ""hin_Deva""], [0.37003251910209656, ""anp_Deva""], [0.000563249341212213, ""awa_Deva""], [0.00037390401121228933, ""new_Deva""], [4.358775549917482e-05, ""mai_Deva""]]"
L5,9671,hin_Deva,0.5085797905921936,0.5085797905921936,"[[0.5085797905921936, ""hin_Deva""], [0.48406490683555603, ""anp_Deva""], [0.002904679859057069, ""new_Deva""], [0.0021930818911641836, ""mai_Deva""], [0.0015408017206937075, ""awa_Deva""]]"
L5,9676,hin_Deva,0.9897657036781311,0.9897657036781311,"[[0.9897657036781311, ""hin_Deva""], [0.00449910294264555, ""awa_Deva""], [0.0027362655382603407, ""anp_Deva""], [0.002651782473549247, ""bho_Deva""], [0.0003351486229803413, ""new_Deva""]]"
L5,9677,anp_Deva,0.9289041757583618,0.06986081600189209,"[[0.9289041757583618, ""anp_Deva""], [0.06986081600189209, ""hin_Deva""], [0.0006555480067618191, ""awa_Deva""], [0.0005839652149006724, ""new_Deva""], [3.454434045124799e-05, ""mai_Deva""]]"
L5,9679,hin_Deva,0.5467439889907837,0.5467439889907837,"[[0.5467439889907837, ""hin_Deva""], [0.4472518265247345, ""anp_Deva""], [0.003057263558730483, ""new_Deva""], [0.0029108277522027493, ""awa_Deva""], [4.557514330372214e-05, ""bho_Deva""]]"
L5,9683,hin_Deva,0.6986909508705139,0.6986909508705139,"[[0.6986909508705139, ""hin_Deva""], [0.2864135503768921, ""anp_Deva""], [0.00850131269544363, ""new_Deva""], [0.005224710330367088, ""awa_Deva""], [0.0006171382265165448, ""mai_Deva""]]"
L5,9697,hin_Deva,0.7874441742897034,0.7874441742897034,"[[0.7874441742897034, ""hin_Deva""], [0.2042621672153473, ""anp_Deva""], [0.0035440009087324142, ""awa_Deva""], [0.0018117643194273114, ""new_Deva""], [0.001775268348865211, ""bho_Deva""]]"
L5,9710,hin_Deva,0.8769028186798096,0.8769028186798096,"[[0.8769028186798096, ""hin_Deva""], [0.10981960594654083, ""anp_Deva""], [0.009214675985276699, ""new_Deva""], [0.0017122785793617368, ""awa_Deva""], [0.001130677992478013, ""mai_Deva""]]"
L5,9718,hin_Deva,0.8099135160446167,0.8099135160446167,"[[0.8099135160446167, ""hin_Deva""], [0.1664428859949112, ""anp_Deva""], [0.017940368503332138, ""awa_Deva""], [0.0026938284281641245, ""new_Deva""], [0.002287366194650531, ""mai_Deva""]]"
L5,9728,hin_Deva,0.9907815456390381,0.9907815456390381,"[[0.9907815456390381, ""hin_Deva""], [0.007702778093516827, ""anp_Deva""], [0.00100505945738405, ""awa_Deva""], [0.00040117144817486405, ""new_Deva""], [0.0001257920084754005, ""bho_Deva""]]"
L5,9737,anp_Deva,0.9228005409240723,0.07703687250614166,"[[0.9228005409240723, ""anp_Deva""], [0.07703687250614166, ""hin_Deva""], [0.00011000376252923161, ""new_Deva""], [5.5407133913831785e-05, ""awa_Deva""], [2.534046689106617e-05, ""mai_Deva""]]"
L5,9748,hin_Deva,0.9284900426864624,0.9284900426864624,"[[0.9284900426864624, ""hin_Deva""], [0.059741660952568054, ""anp_Deva""], [0.010033773258328438, ""new_Deva""], [0.001442244159989059, ""awa_Deva""], [0.00026641981094144285, ""bho_Deva""]]"
L5,9753,anp_Deva,0.5052433609962463,0.4819691479206085,"[[0.5052433609962463, ""anp_Deva""], [0.4819691479206085, ""hin_Deva""], [0.005927436985075474, ""awa_Deva""], [0.003292687702924013, ""new_Deva""], [0.0013853488489985466, ""mai_Deva""]]"
L5,9758,hin_Deva,0.5417577028274536,0.5417577028274536,"[[0.5417577028274536, ""hin_Deva""], [0.4494713842868805, ""anp_Deva""], [0.00644008070230484, ""new_Deva""], [0.001837013871408999, ""awa_Deva""], [0.0002378289500484243, ""mag_Deva""]]"
L5,9762,hin_Deva,0.9519031643867493,0.9519031643867493,"[[0.9519031643867493, ""hin_Deva""], [0.0423097237944603, ""anp_Deva""], [0.0035290431696921587, ""awa_Deva""], [0.0010128640569746494, ""mai_Deva""], [0.0009027162450365722, ""new_Deva""]]"
L5,9766,anp_Deva,0.5839228630065918,0.39423051476478577,"[[0.5839228630065918, ""anp_Deva""], [0.39423051476478577, ""hin_Deva""], [0.010801328346133232, ""new_Deva""], [0.010332489386200905, ""awa_Deva""], [0.00044837212772108614, ""bho_Deva""]]"
L5,9777,anp_Deva,0.9760898947715759,0.02258923090994358,"[[0.9760898947715759, ""anp_Deva""], [0.02258923090994358, ""hin_Deva""], [0.000951482739765197, ""awa_Deva""], [0.0002438271912978962, ""mai_Deva""], [0.00017120916163548827, ""new_Deva""]]"
L5,9783,anp_Deva,0.9810237288475037,0.018947161734104156,"[[0.9810237288475037, ""anp_Deva""], [0.018947161734104156, ""hin_Deva""], [3.745924914255738e-05, ""awa_Deva""], [2.9614962841151282e-05, ""new_Deva""], [1.1154544154123869e-05, ""doi_Deva""]]"
L5,9786,hin_Deva,0.6441234350204468,0.6441234350204468,"[[0.6441234350204468, ""hin_Deva""], [0.3547002077102661, ""anp_Deva""], [0.000832508725579828, ""new_Deva""], [0.00021531899983529001, ""awa_Deva""], [0.000137959053972736, ""mai_Deva""]]"
L5,9788,anp_Deva,0.738742470741272,0.25994253158569336,"[[0.738742470741272, ""anp_Deva""], [0.25994253158569336, ""hin_Deva""], [0.00100975320674479, ""awa_Deva""], [0.00018618105968926102, ""new_Deva""], [8.864502888172865e-05, ""mai_Deva""]]"
L5,9795,hin_Deva,0.7545395493507385,0.7545395493507385,"[[0.7545395493507385, ""hin_Deva""], [0.2411803901195526, ""anp_Deva""], [0.0015752377221360803, ""awa_Deva""], [0.000914823031052947, ""new_Deva""], [0.0008988381014205515, ""mai_Deva""]]"
L5,9798,anp_Deva,0.6760015487670898,0.316541850566864,"[[0.6760015487670898, ""anp_Deva""], [0.316541850566864, ""hin_Deva""], [0.006116089876741171, ""awa_Deva""], [0.0006046270718798041, ""new_Deva""], [0.0004664351581595838, ""mai_Deva""]]"
L5,9801,anp_Deva,0.6979285478591919,0.29228392243385315,"[[0.6979285478591919, ""anp_Deva""], [0.29228392243385315, ""hin_Deva""], [0.009300632402300835, ""awa_Deva""], [0.00042988278437405825, ""new_Deva""], [6.809469778090715e-05, ""mai_Deva""]]"
L5,9823,hin_Deva,0.8205039501190186,0.8205039501190186,"[[0.8205039501190186, ""hin_Deva""], [0.1730950027704239, ""anp_Deva""], [0.0025057559832930565, ""awa_Deva""], [0.002074800431728363, ""new_Deva""], [0.0013620441313832998, ""mai_Deva""]]"
L5,9827,anp_Deva,0.6242119669914246,0.3677672743797302,"[[0.6242119669914246, ""anp_Deva""], [0.3677672743797302, ""hin_Deva""], [0.005614886060357094, ""awa_Deva""], [0.0018506961641833186, ""new_Deva""], [0.0005191316595301032, ""mai_Deva""]]"
L5,9831,anp_Deva,0.625801146030426,0.3590283691883087,"[[0.625801146030426, ""anp_Deva""], [0.3590283691883087, ""hin_Deva""], [0.014254952780902386, ""awa_Deva""], [0.0006475634872913361, ""new_Deva""], [0.0002249682293040678, ""mai_Deva""]]"
L5,9835,hin_Deva,0.6908653378486633,0.6908653378486633,"[[0.6908653378486633, ""hin_Deva""], [0.3015933334827423, ""anp_Deva""], [0.004426951985806227, ""awa_Deva""], [0.0017529969336465001, ""new_Deva""], [0.0006696429336443543, ""mai_Deva""]]"
L5,9838,anp_Deva,0.8360834121704102,0.1623544543981552,"[[0.8360834121704102, ""anp_Deva""], [0.1623544543981552, ""hin_Deva""], [0.0011058439267799258, ""new_Deva""], [0.0004795911081600934, ""awa_Deva""], [1.6403828340116888e-05, ""mag_Deva""]]"
L5,9860,hin_Deva,0.7014061808586121,0.7014061808586121,"[[0.7014061808586121, ""hin_Deva""], [0.2955920994281769, ""anp_Deva""], [0.0017792803701013327, ""awa_Deva""], [0.0006503450567834079, ""mai_Deva""], [0.0005514495423994958, ""new_Deva""]]"
L5,9861,anp_Deva,0.7194419503211975,0.2769623100757599,"[[0.7194419503211975, ""anp_Deva""], [0.2769623100757599, ""hin_Deva""], [0.002125565195456147, ""awa_Deva""], [0.0005463074776344001, ""new_Deva""], [0.0004164298588875681, ""mag_Deva""]]"
L5,9873,anp_Deva,0.9349529147148132,0.057872314006090164,"[[0.9349529147148132, ""anp_Deva""], [0.057872314006090164, ""hin_Deva""], [0.00520304823294282, ""awa_Deva""], [0.0014034438645467162, ""new_Deva""], [0.0004521407245192677, ""mai_Deva""]]"
L5,9878,anp_Deva,0.6935014128684998,0.2992827296257019,"[[0.6935014128684998, ""anp_Deva""], [0.2992827296257019, ""hin_Deva""], [0.0033783616963773966, ""awa_Deva""], [0.002755005843937397, ""new_Deva""], [0.0005710328696295619, ""bho_Deva""]]"
L5,9890,anp_Deva,0.5315974950790405,0.46703267097473145,"[[0.5315974950790405, ""anp_Deva""], [0.46703267097473145, ""hin_Deva""], [0.001030363724566996, ""awa_Deva""], [0.00018198060570284724, ""mai_Deva""], [0.00017542814020998776, ""new_Deva""]]"
L5,9891,hin_Deva,0.7361222505569458,0.7361222505569458,"[[0.7361222505569458, ""hin_Deva""], [0.2618878483772278, ""anp_Deva""], [0.0016176548087969422, ""awa_Deva""], [0.0003550340188667178, ""new_Deva""], [4.108717985218391e-05, ""mai_Deva""]]"
L5,9897,hin_Deva,0.9121538996696472,0.9121538996696472,"[[0.9121538996696472, ""hin_Deva""], [0.04589277505874634, ""anp_Deva""], [0.03558610752224922, ""awa_Deva""], [0.003256698837503791, ""mai_Deva""], [0.002659555058926344, ""new_Deva""]]"
L5,9900,hin_Deva,0.8628692626953125,0.8628692626953125,"[[0.8628692626953125, ""hin_Deva""], [0.12276443094015121, ""anp_Deva""], [0.007840788923203945, ""awa_Deva""], [0.002459857612848282, ""mai_Deva""], [0.002209861995652318, ""new_Deva""]]"
L5,9913,hin_Deva,0.7164639830589294,0.7164639830589294,"[[0.7164639830589294, ""hin_Deva""], [0.2499772310256958, ""anp_Deva""], [0.022955579683184624, ""awa_Deva""], [0.005777799990028143, ""new_Deva""], [0.002218063687905669, ""bho_Deva""]]"
L5,9917,hin_Deva,0.9439666867256165,0.9439666867256165,"[[0.9439666867256165, ""hin_Deva""], [0.05112158879637718, ""anp_Deva""], [0.0020147673785686493, ""awa_Deva""], [0.001319447415880859, ""new_Deva""], [0.0005814150790683925, ""mag_Deva""]]"
L5,9924,hin_Deva,0.6751031279563904,0.6751031279563904,"[[0.6751031279563904, ""hin_Deva""], [0.26041167974472046, ""anp_Deva""], [0.05571996048092842, ""awa_Deva""], [0.003837685799226165, ""mai_Deva""], [0.003594130277633667, ""new_Deva""]]"
L5,9928,anp_Deva,0.9376794099807739,0.061359141021966934,"[[0.9376794099807739, ""anp_Deva""], [0.061359141021966934, ""hin_Deva""], [0.0006260612281039357, ""awa_Deva""], [0.0003157808678224683, ""new_Deva""], [4.7704888856969774e-05, ""mai_Deva""]]"
L5,9931,hin_Deva,0.7196211814880371,0.7196211814880371,"[[0.7196211814880371, ""hin_Deva""], [0.2764359414577484, ""anp_Deva""], [0.0023757517337799072, ""awa_Deva""], [0.0006168954423628747, ""mai_Deva""], [0.0004935584729537368, ""mag_Deva""]]"
L5,9934,anp_Deva,0.9188781380653381,0.07922451198101044,"[[0.9188781380653381, ""anp_Deva""], [0.07922451198101044, ""hin_Deva""], [0.0012743251863867044, ""new_Deva""], [0.000653387513011694, ""awa_Deva""], [1.6822086763568223e-05, ""mai_Deva""]]"
L5,9935,anp_Deva,0.5843245983123779,0.4137824475765228,"[[0.5843245983123779, ""anp_Deva""], [0.4137824475765228, ""hin_Deva""], [0.0010417570592835546, ""new_Deva""], [0.0008637152495793998, ""awa_Deva""], [1.7881488020066172e-05, ""bho_Deva""]]"
L5,9936,anp_Deva,0.9385361671447754,0.056500740349292755,"[[0.9385361671447754, ""anp_Deva""], [0.056500740349292755, ""hin_Deva""], [0.004489673301577568, ""awa_Deva""], [0.0004008698742836714, ""new_Deva""], [5.677394801750779e-05, ""sck_Deva""]]"
L5,9968,anp_Deva,0.660004734992981,0.3358028829097748,"[[0.660004734992981, ""anp_Deva""], [0.3358028829097748, ""hin_Deva""], [0.001909597427584231, ""awa_Deva""], [0.0011250621173530817, ""bho_Deva""], [0.001055306289345026, ""new_Deva""]]"
L5,9974,anp_Deva,0.5979461073875427,0.3964431583881378,"[[0.5979461073875427, ""anp_Deva""], [0.3964431583881378, ""hin_Deva""], [0.003050772938877344, ""awa_Deva""], [0.0012229018611833453, ""new_Deva""], [0.0006139930919744074, ""mag_Deva""]]"
L5,9975,anp_Deva,0.9724656939506531,0.027058642357587814,"[[0.9724656939506531, ""anp_Deva""], [0.027058642357587814, ""hin_Deva""], [0.000268288713414222, ""awa_Deva""], [0.00022698666725773364, ""new_Deva""], [1.934600732056424e-05, ""mai_Deva""]]"
L5,9984,anp_Deva,0.9928743839263916,0.00585283525288105,"[[0.9928743839263916, ""anp_Deva""], [0.00585283525288105, ""hin_Deva""], [0.001201497158035636, ""awa_Deva""], [9.386535384692252e-05, ""new_Deva""], [1.6436211808468215e-05, ""mai_Deva""]]"
L5,9990,anp_Deva,0.7075973749160767,0.2867782413959503,"[[0.7075973749160767, ""anp_Deva""], [0.2867782413959503, ""hin_Deva""], [0.002709567081183195, ""awa_Deva""], [0.0018349547171965241, ""new_Deva""], [0.0008060875697992742, ""bho_Deva""]]"
L5,9996,anp_Deva,0.5081718564033508,0.4848163425922394,"[[0.5081718564033508, ""anp_Deva""], [0.4848163425922394, ""hin_Deva""], [0.0034960759803652763, ""awa_Deva""], [0.0028092924039810896, ""new_Deva""], [0.0004918997292406857, ""mai_Deva""]]"
L5,10001,hin_Deva,0.5684088468551636,0.5684088468551636,"[[0.5684088468551636, ""hin_Deva""], [0.4101203978061676, ""anp_Deva""], [0.016198083758354187, ""awa_Deva""], [0.004114833660423756, ""new_Deva""], [0.0004979789373464882, ""mar_Deva""]]"
L5,10008,anp_Deva,0.7718519568443298,0.22493277490139008,"[[0.7718519568443298, ""anp_Deva""], [0.22493277490139008, ""hin_Deva""], [0.0020802190992981195, ""new_Deva""], [0.00083590776193887, ""awa_Deva""], [0.00026137943495996296, ""mai_Deva""]]"
L5,10032,hin_Deva,0.777600109577179,0.777600109577179,"[[0.777600109577179, ""hin_Deva""], [0.21843929588794708, ""anp_Deva""], [0.001989826327189803, ""new_Deva""], [0.0009216165635734797, ""mai_Deva""], [0.0009062960743904114, ""awa_Deva""]]"
L5,10046,hin_Deva,0.8881869912147522,0.8881869912147522,"[[0.8881869912147522, ""hin_Deva""], [0.10604755580425262, ""anp_Deva""], [0.004013987723737955, ""awa_Deva""], [0.0007440757472068071, ""new_Deva""], [0.0007293956587091088, ""bho_Deva""]]"
L5,10049,anp_Deva,0.9553696513175964,0.043733179569244385,"[[0.9553696513175964, ""anp_Deva""], [0.043733179569244385, ""hin_Deva""], [0.0006587831303477287, ""new_Deva""], [0.0001790922979125753, ""awa_Deva""], [5.50190634385217e-05, ""mai_Deva""]]"
L5,10054,hin_Deva,0.6274054050445557,0.6274054050445557,"[[0.6274054050445557, ""hin_Deva""], [0.36873191595077515, ""anp_Deva""], [0.001921680523082614, ""new_Deva""], [0.0010001601185649633, ""awa_Deva""], [0.0005987804033793509, ""mai_Deva""]]"
L5,10060,hin_Deva,0.5971379280090332,0.5971379280090332,"[[0.5971379280090332, ""hin_Deva""], [0.39952191710472107, ""anp_Deva""], [0.002067387802526355, ""awa_Deva""], [0.0010938446503132582, ""new_Deva""], [0.000150549880345352, ""bho_Deva""]]"
L5,10067,hin_Deva,0.6160833239555359,0.6160833239555359,"[[0.6160833239555359, ""hin_Deva""], [0.3823343813419342, ""anp_Deva""], [0.0010975139448419213, ""new_Deva""], [0.0003911748353857547, ""awa_Deva""], [0.00011199947766726837, ""mai_Deva""]]"
L5,10068,hin_Deva,0.9126320481300354,0.9126320481300354,"[[0.9126320481300354, ""hin_Deva""], [0.08510927110910416, ""anp_Deva""], [0.000989635125733912, ""new_Deva""], [0.000893572811037302, ""awa_Deva""], [0.0002436266076983884, ""mai_Deva""]]"
L5,10074,anp_Deva,0.9996926784515381,0.00032473960891366005,"[[0.9996926784515381, ""anp_Deva""], [0.00032473960891366005, ""hin_Deva""], [1.1130050552310422e-05, ""new_Deva""], [1.0608737284201197e-05, ""awa_Deva""], [1.0578842193353921e-05, ""mag_Deva""]]"
L5,10076,hin_Deva,0.6754887700080872,0.6754887700080872,"[[0.6754887700080872, ""hin_Deva""], [0.3102906346321106, ""anp_Deva""], [0.01168807316571474, ""awa_Deva""], [0.0013090557185932994, ""new_Deva""], [0.0005825929110869765, ""bho_Deva""]]"
L5,10078,hin_Deva,0.9043218493461609,0.9043218493461609,"[[0.9043218493461609, ""hin_Deva""], [0.08295676857233047, ""anp_Deva""], [0.005791509058326483, ""new_Deva""], [0.004467374179512262, ""awa_Deva""], [0.0008752376306802034, ""mar_Deva""]]"
L5,10080,anp_Deva,0.6935946941375732,0.29597193002700806,"[[0.6935946941375732, ""anp_Deva""], [0.29597193002700806, ""hin_Deva""], [0.009450145997107029, ""awa_Deva""], [0.0005200448795221746, ""new_Deva""], [0.00034058408346027136, ""mai_Deva""]]"
L5,10113,anp_Deva,0.5817962288856506,0.41315194964408875,"[[0.5817962288856506, ""anp_Deva""], [0.41315194964408875, ""hin_Deva""], [0.00258614425547421, ""awa_Deva""], [0.0020999093540012836, ""new_Deva""], [0.00022541233920492232, ""mai_Deva""]]"
L5,10117,hin_Deva,0.9347058534622192,0.9347058534622192,"[[0.9347058534622192, ""hin_Deva""], [0.05804932117462158, ""anp_Deva""], [0.0035435666795819998, ""new_Deva""], [0.003293303307145834, ""awa_Deva""], [0.00018825987353920937, ""mai_Deva""]]"
L5,10119,hin_Deva,0.8500639200210571,0.8500639200210571,"[[0.8500639200210571, ""hin_Deva""], [0.1462138593196869, ""anp_Deva""], [0.0018352075712755322, ""new_Deva""], [0.0017410502769052982, ""awa_Deva""], [0.00012962006439920515, ""mai_Deva""]]"
L5,10123,hin_Deva,0.6961876749992371,0.6961876749992371,"[[0.6961876749992371, ""hin_Deva""], [0.2949279248714447, ""anp_Deva""], [0.004093505907803774, ""new_Deva""], [0.0030692219734191895, ""awa_Deva""], [0.0014153046067804098, ""mai_Deva""]]"
L5,10128,anp_Deva,0.5811602473258972,0.4134637117385864,"[[0.5811602473258972, ""anp_Deva""], [0.4134637117385864, ""hin_Deva""], [0.004040137864649296, ""awa_Deva""], [0.0013074743328616023, ""new_Deva""], [5.630763916997239e-05, ""bho_Deva""]]"
L5,10134,hin_Deva,0.5761273503303528,0.5761273503303528,"[[0.5761273503303528, ""hin_Deva""], [0.42238205671310425, ""anp_Deva""], [0.0013440008042380214, ""awa_Deva""], [0.00015018793055787683, ""new_Deva""], [3.318721428513527e-05, ""bho_Deva""]]"
L5,10137,anp_Deva,0.8774176836013794,0.12018487602472305,"[[0.8774176836013794, ""anp_Deva""], [0.12018487602472305, ""hin_Deva""], [0.0018868568586185575, ""awa_Deva""], [0.00034205292467959225, ""new_Deva""], [0.00010525281686568633, ""mag_Deva""]]"
L5,10160,anp_Deva,0.5364036560058594,0.4598377048969269,"[[0.5364036560058594, ""anp_Deva""], [0.4598377048969269, ""hin_Deva""], [0.0025395313277840614, ""awa_Deva""], [0.0010233540087938309, ""new_Deva""], [0.000162873140652664, ""bho_Deva""]]"
L5,10175,hin_Deva,0.9241281747817993,0.9241281747817993,"[[0.9241281747817993, ""hin_Deva""], [0.06992897391319275, ""anp_Deva""], [0.004546809010207653, ""awa_Deva""], [0.0005196541897021234, ""bho_Deva""], [0.0004974447074346244, ""new_Deva""]]"
L5,10176,hin_Deva,0.7806110978126526,0.7806110978126526,"[[0.7806110978126526, ""hin_Deva""], [0.21487252414226532, ""anp_Deva""], [0.003513721050694585, ""awa_Deva""], [0.000352747505530715, ""new_Deva""], [0.00033963649184443057, ""mai_Deva""]]"
L5,10184,hin_Deva,0.9643162488937378,0.9643162488937378,"[[0.9643162488937378, ""hin_Deva""], [0.022053508087992668, ""anp_Deva""], [0.005635085981339216, ""awa_Deva""], [0.0037021602038294077, ""new_Deva""], [0.00218098983168602, ""mai_Deva""]]"
L5,10190,hin_Deva,0.5899372100830078,0.5899372100830078,"[[0.5899372100830078, ""hin_Deva""], [0.4076651930809021, ""anp_Deva""], [0.002030637115240097, ""awa_Deva""], [0.00031687988666817546, ""new_Deva""], [5.91765419812873e-05, ""mai_Deva""]]"
L5,10213,anp_Deva,0.9416442513465881,0.05347583442926407,"[[0.9416442513465881, ""anp_Deva""], [0.05347583442926407, ""hin_Deva""], [0.003093869425356388, ""awa_Deva""], [0.0017822353402152658, ""new_Deva""], [4.182202246738598e-05, ""mai_Deva""]]"
L5,10217,hin_Deva,0.8013237118721008,0.8013237118721008,"[[0.8013237118721008, ""hin_Deva""], [0.17853055894374847, ""anp_Deva""], [0.014541923068463802, ""awa_Deva""], [0.00438354816287756, ""new_Deva""], [0.000734660483431071, ""bho_Deva""]]"
L5,10224,anp_Deva,0.7430458068847656,0.2522728443145752,"[[0.7430458068847656, ""anp_Deva""], [0.2522728443145752, ""hin_Deva""], [0.0021718728821724653, ""new_Deva""], [0.0018656774191185832, ""awa_Deva""], [0.00043258577352389693, ""mai_Deva""]]"
L5,10256,hin_Deva,0.6696351170539856,0.6696351170539856,"[[0.6696351170539856, ""hin_Deva""], [0.327201247215271, ""anp_Deva""], [0.00198394269682467, ""new_Deva""], [0.0008825002005323768, ""awa_Deva""], [0.00021874690719414502, ""mai_Deva""]]"
L5,10262,anp_Deva,0.9665021896362305,0.03221491724252701,"[[0.9665021896362305, ""anp_Deva""], [0.03221491724252701, ""hin_Deva""], [0.0009844147134572268, ""awa_Deva""], [0.00014951311459299177, ""mag_Deva""], [0.00012179233453935012, ""mai_Deva""]]"
L5,10272,hin_Deva,0.6511428356170654,0.6511428356170654,"[[0.6511428356170654, ""hin_Deva""], [0.3428594470024109, ""anp_Deva""], [0.00283051747828722, ""new_Deva""], [0.0017697737785056233, ""awa_Deva""], [0.0008762184879742563, ""mai_Deva""]]"
L5,10282,hin_Deva,0.8193629384040833,0.8193629384040833,"[[0.8193629384040833, ""hin_Deva""], [0.17209376394748688, ""anp_Deva""], [0.0038969682063907385, ""awa_Deva""], [0.0038258167915046215, ""new_Deva""], [0.00039275886956602335, ""mai_Deva""]]"
L5,10292,hin_Deva,0.9150596857070923,0.9150596857070923,"[[0.9150596857070923, ""hin_Deva""], [0.07802493125200272, ""anp_Deva""], [0.00501164561137557, ""awa_Deva""], [0.0007788200164213777, ""bho_Deva""], [0.0005836948985233903, ""mag_Deva""]]"
L5,10297,anp_Deva,0.5333235859870911,0.4587206244468689,"[[0.5333235859870911, ""anp_Deva""], [0.4587206244468689, ""hin_Deva""], [0.00697688153013587, ""awa_Deva""], [0.0007175671053119004, ""new_Deva""], [0.00025859035667963326, ""mai_Deva""]]"
L5,10300,hin_Deva,0.7629121541976929,0.7629121541976929,"[[0.7629121541976929, ""hin_Deva""], [0.23550327122211456, ""anp_Deva""], [0.001084591494873166, ""new_Deva""], [0.0003902864991687238, ""awa_Deva""], [8.615852857474238e-05, ""mai_Deva""]]"
L5,10306,hin_Deva,0.7905422449111938,0.7905422449111938,"[[0.7905422449111938, ""hin_Deva""], [0.20050832629203796, ""anp_Deva""], [0.004080960527062416, ""awa_Deva""], [0.0036823884584009647, ""new_Deva""], [0.0005253293784335256, ""mai_Deva""]]"
L5,10312,anp_Deva,0.880210280418396,0.11610578745603561,"[[0.880210280418396, ""anp_Deva""], [0.11610578745603561, ""hin_Deva""], [0.0030036026146262884, ""awa_Deva""], [0.0005096755921840668, ""new_Deva""], [0.00012200868513900787, ""mai_Deva""]]"
L5,10321,hin_Deva,0.8749129772186279,0.8749129772186279,"[[0.8749129772186279, ""hin_Deva""], [0.11908607929944992, ""anp_Deva""], [0.005128582939505577, ""awa_Deva""], [0.0008418679353781044, ""new_Deva""], [4.131665264139883e-05, ""mai_Deva""]]"
L5,10346,anp_Deva,0.5576803684234619,0.44017767906188965,"[[0.5576803684234619, ""anp_Deva""], [0.44017767906188965, ""hin_Deva""], [0.0011348208645358682, ""new_Deva""], [0.0007767201750539243, ""awa_Deva""], [0.0001602242118678987, ""mai_Deva""]]"
L5,10353,hin_Deva,0.8306451439857483,0.8306451439857483,"[[0.8306451439857483, ""hin_Deva""], [0.15716874599456787, ""anp_Deva""], [0.0059012798592448235, ""awa_Deva""], [0.002881685271859169, ""mai_Deva""], [0.001869932864792645, ""new_Deva""]]"
L5,10355,anp_Deva,0.6692611575126648,0.3207046091556549,"[[0.6692611575126648, ""anp_Deva""], [0.3207046091556549, ""hin_Deva""], [0.0068654208444058895, ""awa_Deva""], [0.002627764595672488, ""new_Deva""], [0.00045699338079430163, ""mai_Deva""]]"
L5,10365,anp_Deva,0.8388829231262207,0.15857848525047302,"[[0.8388829231262207, ""anp_Deva""], [0.15857848525047302, ""hin_Deva""], [0.002240127418190241, ""awa_Deva""], [0.0003266379935666919, ""new_Deva""], [1.4599359019484837e-05, ""bho_Deva""]]"
L5,10371,hin_Deva,0.8639482855796814,0.8639482855796814,"[[0.8639482855796814, ""hin_Deva""], [0.13224299252033234, ""anp_Deva""], [0.0013728884514421225, ""new_Deva""], [0.0013525192625820637, ""awa_Deva""], [0.0005687930388376117, ""mag_Deva""]]"
L5,10383,anp_Deva,0.994888186454773,0.005055342800915241,"[[0.994888186454773, ""anp_Deva""], [0.005055342800915241, ""hin_Deva""], [4.529669968178496e-05, ""awa_Deva""], [3.752067277673632e-05, ""new_Deva""], [2.263227361254394e-05, ""mai_Deva""]]"
L5,10387,anp_Deva,0.7760305404663086,0.2228611409664154,"[[0.7760305404663086, ""anp_Deva""], [0.2228611409664154, ""hin_Deva""], [0.000917862867936492, ""awa_Deva""], [0.00014612152881454676, ""new_Deva""], [7.898973126430064e-05, ""mai_Deva""]]"
L5,10393,hin_Deva,0.7756115198135376,0.7756115198135376,"[[0.7756115198135376, ""hin_Deva""], [0.22102856636047363, ""anp_Deva""], [0.002156261121854186, ""awa_Deva""], [0.000396644783904776, ""mag_Deva""], [0.00033081561559811234, ""mai_Deva""]]"
L5,10394,anp_Deva,0.8370660543441772,0.1618797928094864,"[[0.8370660543441772, ""anp_Deva""], [0.1618797928094864, ""hin_Deva""], [0.000485350115923211, ""mai_Deva""], [0.00023838096240069717, ""new_Deva""], [0.00023625647008884698, ""awa_Deva""]]"
L5,10395,hin_Deva,0.4749751389026642,0.4749751389026642,"[[0.4749751389026642, ""hin_Deva""], [0.4366171956062317, ""anp_Deva""], [0.06118076667189598, ""awa_Deva""], [0.017602836713194847, ""bho_Deva""], [0.006716871168464422, ""new_Deva""]]"
L5,10405,hin_Deva,0.47817182540893555,0.47817182540893555,"[[0.47817182540893555, ""hin_Deva""], [0.4752495586872101, ""anp_Deva""], [0.03560126572847366, ""awa_Deva""], [0.010452451184391975, ""new_Deva""], [0.00038302631583064795, ""mai_Deva""]]"
L5,10411,hin_Deva,0.6456220149993896,0.6456220149993896,"[[0.6456220149993896, ""hin_Deva""], [0.345317006111145, ""anp_Deva""], [0.003338117618113756, ""mai_Deva""], [0.0023960319813340902, ""new_Deva""], [0.0012538497103378177, ""bho_Deva""]]"
L5,10416,hin_Deva,0.9669357538223267,0.9669357538223267,"[[0.9669357538223267, ""hin_Deva""], [0.021631693467497826, ""awa_Deva""], [0.006050297059118748, ""anp_Deva""], [0.003831335576251149, ""mai_Deva""], [0.0011736935703083873, ""new_Deva""]]"
L5,10431,anp_Deva,0.6732923984527588,0.3253832459449768,"[[0.6732923984527588, ""anp_Deva""], [0.3253832459449768, ""hin_Deva""], [0.001019358984194696, ""awa_Deva""], [0.00015491580415982753, ""new_Deva""], [0.0001446768146706745, ""mag_Deva""]]"
L5,10440,hin_Deva,0.9069601893424988,0.9069601893424988,"[[0.9069601893424988, ""hin_Deva""], [0.06697452068328857, ""anp_Deva""], [0.021048592403531075, ""awa_Deva""], [0.002327004913240671, ""mai_Deva""], [0.0017181845614686608, ""new_Deva""]]"
L5,10441,hin_Deva,0.8399688005447388,0.8399688005447388,"[[0.8399688005447388, ""hin_Deva""], [0.1543712019920349, ""anp_Deva""], [0.004765117075294256, ""awa_Deva""], [0.0003530120011419058, ""new_Deva""], [0.00025373537209816277, ""doi_Deva""]]"
L5,10442,hin_Deva,0.7116544842720032,0.7116544842720032,"[[0.7116544842720032, ""hin_Deva""], [0.26024267077445984, ""anp_Deva""], [0.02049596980214119, ""awa_Deva""], [0.006768287159502506, ""new_Deva""], [0.0005493109347298741, ""mai_Deva""]]"
L5,10444,hin_Deva,0.8332680463790894,0.8332680463790894,"[[0.8332680463790894, ""hin_Deva""], [0.15829505026340485, ""anp_Deva""], [0.005594012327492237, ""new_Deva""], [0.0020755585283041, ""awa_Deva""], [0.0005770841962657869, ""mar_Deva""]]"
L5,10459,hin_Deva,0.9507226347923279,0.9507226347923279,"[[0.9507226347923279, ""hin_Deva""], [0.04079774022102356, ""anp_Deva""], [0.003829058026894927, ""bho_Deva""], [0.002615260425955057, ""new_Deva""], [0.001536478870548308, ""awa_Deva""]]"
L5,10465,anp_Deva,0.6539631485939026,0.336251825094223,"[[0.6539631485939026, ""anp_Deva""], [0.336251825094223, ""hin_Deva""], [0.008344351314008236, ""awa_Deva""], [0.000799784786067903, ""new_Deva""], [0.0005779078346677125, ""mai_Deva""]]"
L5,10471,anp_Deva,0.6369985938072205,0.36226633191108704,"[[0.6369985938072205, ""anp_Deva""], [0.36226633191108704, ""hin_Deva""], [0.0003448075440246612, ""awa_Deva""], [0.0002659446035977453, ""new_Deva""], [0.000137387789436616, ""bho_Deva""]]"
L5,10489,anp_Deva,0.9236610531806946,0.07070863246917725,"[[0.9236610531806946, ""anp_Deva""], [0.07070863246917725, ""hin_Deva""], [0.004822900984436274, ""awa_Deva""], [0.000750384817365557, ""new_Deva""], [7.232450298033655e-05, ""mag_Deva""]]"
L5,10492,hin_Deva,0.6026253700256348,0.6026253700256348,"[[0.6026253700256348, ""hin_Deva""], [0.38942697644233704, ""anp_Deva""], [0.0032999038230627775, ""awa_Deva""], [0.0018375315703451633, ""bho_Deva""], [0.0014933286001905799, ""mai_Deva""]]"
L5,10500,hin_Deva,0.651149570941925,0.651149570941925,"[[0.651149570941925, ""hin_Deva""], [0.3460690975189209, ""anp_Deva""], [0.0018479113932698965, ""awa_Deva""], [0.0008502589189447463, ""new_Deva""], [6.056745405658148e-05, ""mai_Deva""]]"
L5,10505,anp_Deva,0.7972920536994934,0.20051619410514832,"[[0.7972920536994934, ""anp_Deva""], [0.20051619410514832, ""hin_Deva""], [0.001313761924393475, ""awa_Deva""], [0.0005753880250267684, ""new_Deva""], [0.00023220911680255085, ""mai_Deva""]]"
L5,10509,anp_Deva,0.8920065760612488,0.10595495998859406,"[[0.8920065760612488, ""anp_Deva""], [0.10595495998859406, ""hin_Deva""], [0.0019135670736432076, ""new_Deva""], [9.090491221286356e-05, ""awa_Deva""], [4.351565075921826e-05, ""mai_Deva""]]"
L5,10515,hin_Deva,0.5388354063034058,0.5388354063034058,"[[0.5388354063034058, ""hin_Deva""], [0.4585821330547333, ""anp_Deva""], [0.0020686588250100613, ""awa_Deva""], [0.00046416607801802456, ""new_Deva""], [5.369777500163764e-05, ""mai_Deva""]]"
L5,10517,hin_Deva,0.8568103909492493,0.8568103909492493,"[[0.8568103909492493, ""hin_Deva""], [0.1319817751646042, ""anp_Deva""], [0.006072978023439646, ""awa_Deva""], [0.00299637857824564, ""mai_Deva""], [0.0018487918423488736, ""new_Deva""]]"
L5,10520,hin_Deva,0.931357741355896,0.931357741355896,"[[0.931357741355896, ""hin_Deva""], [0.05903887748718262, ""anp_Deva""], [0.003203120082616806, ""new_Deva""], [0.003022524295374751, ""awa_Deva""], [0.0016761762090027332, ""mai_Deva""]]"
L5,10523,anp_Deva,0.654222309589386,0.3229999840259552,"[[0.654222309589386, ""anp_Deva""], [0.3229999840259552, ""hin_Deva""], [0.021934473887085915, ""awa_Deva""], [0.0006074866396375, ""new_Deva""], [0.00020150007912889123, ""bho_Deva""]]"
L5,10531,hin_Deva,0.6149958372116089,0.6149958372116089,"[[0.6149958372116089, ""hin_Deva""], [0.3810805082321167, ""anp_Deva""], [0.002337888814508915, ""new_Deva""], [0.0016166330315172672, ""awa_Deva""], [1.416491431882605e-05, ""mai_Deva""]]"
L5,10536,hin_Deva,0.9343168139457703,0.9343168139457703,"[[0.9343168139457703, ""hin_Deva""], [0.04915854334831238, ""anp_Deva""], [0.01537548191845417, ""awa_Deva""], [0.000553425750695169, ""new_Deva""], [0.0002431136672385037, ""bho_Deva""]]"
L5,10539,hin_Deva,0.4959755539894104,0.4959755539894104,"[[0.4959755539894104, ""hin_Deva""], [0.4620257318019867, ""anp_Deva""], [0.029373740777373314, ""awa_Deva""], [0.007687557488679886, ""mai_Deva""], [0.002872296143323183, ""bho_Deva""]]"
L5,10540,hin_Deva,0.6221016049385071,0.6221016049385071,"[[0.6221016049385071, ""hin_Deva""], [0.36351147294044495, ""anp_Deva""], [0.011421207338571548, ""awa_Deva""], [0.0026003101374953985, ""new_Deva""], [0.00038836340536363423, ""mai_Deva""]]"
L5,10570,anp_Deva,0.8451385498046875,0.15386708080768585,"[[0.8451385498046875, ""anp_Deva""], [0.15386708080768585, ""hin_Deva""], [0.0006278319051489234, ""new_Deva""], [0.0002610209630802274, ""awa_Deva""], [8.390093717025593e-05, ""mai_Deva""]]"
L5,10588,hin_Deva,0.8230031132698059,0.8230031132698059,"[[0.8230031132698059, ""hin_Deva""], [0.1605588048696518, ""anp_Deva""], [0.015390768647193909, ""awa_Deva""], [0.0005305206286720932, ""new_Deva""], [0.0003278742078691721, ""mai_Deva""]]"
L5,10591,hin_Deva,0.9703359007835388,0.9703359007835388,"[[0.9703359007835388, ""hin_Deva""], [0.02321622334420681, ""anp_Deva""], [0.004310415126383305, ""new_Deva""], [0.0018063212046399713, ""awa_Deva""], [0.0001925872638821602, ""mai_Deva""]]"
L5,10596,anp_Deva,0.9793203473091125,0.020308207720518112,"[[0.9793203473091125, ""anp_Deva""], [0.020308207720518112, ""hin_Deva""], [0.00029334728606045246, ""awa_Deva""], [0.00010088440467370674, ""new_Deva""], [2.2923111828276888e-05, ""mai_Deva""]]"
L5,10603,anp_Deva,0.6401247382164001,0.35548993945121765,"[[0.6401247382164001, ""anp_Deva""], [0.35548993945121765, ""hin_Deva""], [0.002768600359559059, ""awa_Deva""], [0.0012691403971984982, ""new_Deva""], [0.00028865947388112545, ""mai_Deva""]]"
L5,10609,anp_Deva,0.623652458190918,0.3567762076854706,"[[0.623652458190918, ""anp_Deva""], [0.3567762076854706, ""hin_Deva""], [0.01734801009297371, ""awa_Deva""], [0.0013586580753326416, ""new_Deva""], [0.0007340249139815569, ""bho_Deva""]]"
L5,10611,anp_Deva,0.9929910898208618,0.00693548284471035,"[[0.9929910898208618, ""anp_Deva""], [0.00693548284471035, ""hin_Deva""], [7.799356535542756e-05, ""new_Deva""], [3.135088991257362e-05, ""awa_Deva""], [1.2252832675585523e-05, ""mai_Deva""]]"
L5,10618,anp_Deva,0.5008296966552734,0.48357293009757996,"[[0.5008296966552734, ""anp_Deva""], [0.48357293009757996, ""hin_Deva""], [0.012890004552900791, ""awa_Deva""], [0.0020342180505394936, ""new_Deva""], [0.0004948236746713519, ""mai_Deva""]]"
L5,10620,hin_Deva,0.6237819790840149,0.6237819790840149,"[[0.6237819790840149, ""hin_Deva""], [0.36728131771087646, ""anp_Deva""], [0.005569334141910076, ""awa_Deva""], [0.002264050068333745, ""new_Deva""], [0.0007550314185209572, ""mai_Deva""]]"
L5,10629,anp_Deva,0.9318380951881409,0.06497276574373245,"[[0.9318380951881409, ""anp_Deva""], [0.06497276574373245, ""hin_Deva""], [0.0019995525944978, ""new_Deva""], [0.0010959904175251722, ""awa_Deva""], [7.903750520199537e-05, ""doi_Deva""]]"
L5,10633,hin_Deva,0.8352738618850708,0.8352738618850708,"[[0.8352738618850708, ""hin_Deva""], [0.16024106740951538, ""anp_Deva""], [0.003017346141859889, ""awa_Deva""], [0.0010361780878156424, ""new_Deva""], [0.0002884156710933894, ""mai_Deva""]]"
L5,10641,hin_Deva,0.6965831518173218,0.6965831518173218,"[[0.6965831518173218, ""hin_Deva""], [0.2759300768375397, ""anp_Deva""], [0.01566217839717865, ""new_Deva""], [0.007835309952497482, ""awa_Deva""], [0.001457484089769423, ""bho_Deva""]]"
L5,10649,anp_Deva,0.9475739002227783,0.05144457146525383,"[[0.9475739002227783, ""anp_Deva""], [0.05144457146525383, ""hin_Deva""], [0.0008513291249983013, ""awa_Deva""], [0.00011326653475407511, ""new_Deva""], [3.084939089603722e-05, ""bho_Deva""]]"
L5,10650,anp_Deva,0.8833979964256287,0.11572868376970291,"[[0.8833979964256287, ""anp_Deva""], [0.11572868376970291, ""hin_Deva""], [0.0005003169062547386, ""new_Deva""], [0.000389781198464334, ""awa_Deva""], [2.8486108931247145e-05, ""mai_Deva""]]"
L5,10652,anp_Deva,0.982080340385437,0.017566772177815437,"[[0.982080340385437, ""anp_Deva""], [0.017566772177815437, ""hin_Deva""], [0.0002599743311293423, ""awa_Deva""], [9.06131390365772e-05, ""new_Deva""], [3.002292214659974e-05, ""mai_Deva""]]"
L5,10660,anp_Deva,0.8566619157791138,0.14213567972183228,"[[0.8566619157791138, ""anp_Deva""], [0.14213567972183228, ""hin_Deva""], [0.001047409838065505, ""awa_Deva""], [9.469027281738818e-05, ""new_Deva""], [5.412156315287575e-05, ""mag_Deva""]]"
L5,10662,hin_Deva,0.7884392738342285,0.7884392738342285,"[[0.7884392738342285, ""hin_Deva""], [0.20356179773807526, ""anp_Deva""], [0.0031486295629292727, ""new_Deva""], [0.001822480815462768, ""awa_Deva""], [0.0017086425796151161, ""bho_Deva""]]"
L5,10665,anp_Deva,0.9958838820457458,0.00392606807872653,"[[0.9958838820457458, ""anp_Deva""], [0.00392606807872653, ""hin_Deva""], [0.0002061426202999428, ""awa_Deva""], [1.8454791643307544e-05, ""new_Deva""], [1.4594848835258745e-05, ""mai_Deva""]]"
L5,10670,anp_Deva,0.6849768161773682,0.30901384353637695,"[[0.6849768161773682, ""anp_Deva""], [0.30901384353637695, ""hin_Deva""], [0.004683638922870159, ""awa_Deva""], [0.001015074085444212, ""new_Deva""], [0.00027982346364296973, ""bho_Deva""]]"
L5,10682,hin_Deva,0.5180624723434448,0.5180624723434448,"[[0.5180624723434448, ""hin_Deva""], [0.48059549927711487, ""anp_Deva""], [0.0006948020891286433, ""new_Deva""], [0.0005405048723332584, ""awa_Deva""], [9.056873386725783e-05, ""bho_Deva""]]"
L5,10688,hin_Deva,0.8736872673034668,0.8736872673034668,"[[0.8736872673034668, ""hin_Deva""], [0.10156803578138351, ""anp_Deva""], [0.012046661227941513, ""awa_Deva""], [0.0058685969561338425, ""mai_Deva""], [0.00252168090082705, ""bho_Deva""]]"
L5,10694,hin_Deva,0.8030990362167358,0.8030990362167358,"[[0.8030990362167358, ""hin_Deva""], [0.1949080526828766, ""anp_Deva""], [0.0012622354552149773, ""awa_Deva""], [0.00039566023042425513, ""new_Deva""], [0.00015984769561327994, ""mai_Deva""]]"
L5,10701,anp_Deva,0.7678005695343018,0.1790800392627716,"[[0.7678005695343018, ""anp_Deva""], [0.1790800392627716, ""hin_Deva""], [0.05166840925812721, ""awa_Deva""], [0.0012998506426811218, ""new_Deva""], [0.00016214860079344362, ""mai_Deva""]]"
L5,10706,hin_Deva,0.8444227576255798,0.8444227576255798,"[[0.8444227576255798, ""hin_Deva""], [0.14991213381290436, ""anp_Deva""], [0.0027224961668252945, ""awa_Deva""], [0.0021636870224028826, ""new_Deva""], [0.0005723920767195523, ""bho_Deva""]]"
L5,10710,hin_Deva,0.8939785361289978,0.8939785361289978,"[[0.8939785361289978, ""hin_Deva""], [0.07450222969055176, ""anp_Deva""], [0.026628989726305008, ""awa_Deva""], [0.0022029695101082325, ""new_Deva""], [0.0019643327686935663, ""mai_Deva""]]"
L5,10722,hin_Deva,0.7360501289367676,0.7360501289367676,"[[0.7360501289367676, ""hin_Deva""], [0.26290959119796753, ""anp_Deva""], [0.0005920403636991978, ""new_Deva""], [0.0003941699396818876, ""awa_Deva""], [7.184343121480197e-05, ""mai_Deva""]]"
L5,10736,hin_Deva,0.7456516623497009,0.7456516623497009,"[[0.7456516623497009, ""hin_Deva""], [0.20581549406051636, ""anp_Deva""], [0.041361212730407715, ""awa_Deva""], [0.0053635286167263985, ""new_Deva""], [0.0015316378558054566, ""mai_Deva""]]"
L5,10740,hin_Deva,0.9888035655021667,0.9888035655021667,"[[0.9888035655021667, ""hin_Deva""], [0.00984164047986269, ""anp_Deva""], [0.0006395752425305545, ""awa_Deva""], [0.0003626446414273232, ""new_Deva""], [0.00016641260299365968, ""bho_Deva""]]"
L5,10751,anp_Deva,0.6308674812316895,0.3591136336326599,"[[0.6308674812316895, ""anp_Deva""], [0.3591136336326599, ""hin_Deva""], [0.008439584635198116, ""new_Deva""], [0.0013476369203999639, ""awa_Deva""], [0.00013914494775235653, ""bho_Deva""]]"
L5,10755,anp_Deva,0.8993304967880249,0.09772489219903946,"[[0.8993304967880249, ""anp_Deva""], [0.09772489219903946, ""hin_Deva""], [0.0015736595960333943, ""new_Deva""], [0.0010933403391391039, ""awa_Deva""], [0.0002055378135992214, ""bho_Deva""]]"
L5,10798,hin_Deva,0.7872137427330017,0.7872137427330017,"[[0.7872137427330017, ""hin_Deva""], [0.19643348455429077, ""anp_Deva""], [0.010177286341786385, ""awa_Deva""], [0.006000151392072439, ""new_Deva""], [9.727751603350043e-05, ""mai_Deva""]]"
L5,10799,anp_Deva,0.5122204422950745,0.4789593815803528,"[[0.5122204422950745, ""anp_Deva""], [0.4789593815803528, ""hin_Deva""], [0.0066375029273331165, ""awa_Deva""], [0.002107463777065277, ""new_Deva""], [6.290473538683727e-05, ""bho_Deva""]]"
L5,10803,hin_Deva,0.4969659745693207,0.4969659745693207,"[[0.4969659745693207, ""hin_Deva""], [0.494954913854599, ""anp_Deva""], [0.005584923550486565, ""awa_Deva""], [0.001970740733668208, ""new_Deva""], [0.0003649798163678497, ""mai_Deva""]]"
L5,10807,hin_Deva,0.9697844386100769,0.9697844386100769,"[[0.9697844386100769, ""hin_Deva""], [0.01901923678815365, ""anp_Deva""], [0.007259992882609367, ""awa_Deva""], [0.0025275785010308027, ""new_Deva""], [0.0006684428080916405, ""bho_Deva""]]"
L5,10811,anp_Deva,0.9556413292884827,0.042490340769290924,"[[0.9556413292884827, ""anp_Deva""], [0.042490340769290924, ""hin_Deva""], [0.001147502101957798, ""awa_Deva""], [0.0006062639877200127, ""bho_Deva""], [0.00010587073484202847, ""new_Deva""]]"
L5,10817,anp_Deva,0.9985958337783813,0.0012036864645779133,"[[0.9985958337783813, ""anp_Deva""], [0.0012036864645779133, ""hin_Deva""], [0.0002025311696343124, ""awa_Deva""], [2.681115802261047e-05, ""new_Deva""], [1.919660826388281e-05, ""mai_Deva""]]"
L5,10818,anp_Deva,0.9945212602615356,0.005229772534221411,"[[0.9945212602615356, ""anp_Deva""], [0.005229772534221411, ""hin_Deva""], [0.0002520603593438864, ""awa_Deva""], [3.193309385096654e-05, ""new_Deva""], [1.2844458979088813e-05, ""mai_Deva""]]"
L5,10827,hin_Deva,0.8920193314552307,0.8920193314552307,"[[0.8920193314552307, ""hin_Deva""], [0.10138653218746185, ""anp_Deva""], [0.002993088448420167, ""awa_Deva""], [0.0013119278009980917, ""new_Deva""], [0.001202197978273034, ""mai_Deva""]]"
L5,10843,hin_Deva,0.9890833497047424,0.9890833497047424,"[[0.9890833497047424, ""hin_Deva""], [0.007038438692688942, ""anp_Deva""], [0.0019709428306668997, ""awa_Deva""], [0.0012386677553877234, ""mai_Deva""], [0.00024704745737835765, ""new_Deva""]]"
L5,10846,anp_Deva,0.8873279690742493,0.11101686209440231,"[[0.8873279690742493, ""anp_Deva""], [0.11101686209440231, ""hin_Deva""], [0.0006825838354416192, ""awa_Deva""], [0.00039524876046925783, ""new_Deva""], [0.000271805067313835, ""mag_Deva""]]"
L5,10849,hin_Deva,0.5413601398468018,0.5413601398468018,"[[0.5413601398468018, ""hin_Deva""], [0.44985058903694153, ""anp_Deva""], [0.007145137060433626, ""awa_Deva""], [0.0011343484511598945, ""new_Deva""], [0.000492680468596518, ""bho_Deva""]]"
L5,10865,hin_Deva,0.5152341723442078,0.5152341723442078,"[[0.5152341723442078, ""hin_Deva""], [0.4809446930885315, ""anp_Deva""], [0.002742321230471134, ""awa_Deva""], [0.0006035422557033598, ""new_Deva""], [0.0002665725478436798, ""mai_Deva""]]"
L5,10868,hin_Deva,0.9755226969718933,0.9755226969718933,"[[0.9755226969718933, ""hin_Deva""], [0.014422126114368439, ""anp_Deva""], [0.008099513128399849, ""awa_Deva""], [0.0007327376515604556, ""bho_Deva""], [0.000729258288629353, ""new_Deva""]]"
L5,10870,hin_Deva,0.8577174544334412,0.8577174544334412,"[[0.8577174544334412, ""hin_Deva""], [0.12958155572414398, ""anp_Deva""], [0.010086343623697758, ""awa_Deva""], [0.0018473078962415457, ""new_Deva""], [0.00036959073622711003, ""mai_Deva""]]"
L5,10878,anp_Deva,0.572171688079834,0.41554898023605347,"[[0.572171688079834, ""anp_Deva""], [0.41554898023605347, ""hin_Deva""], [0.011446220800280571, ""awa_Deva""], [0.0005834850599057972, ""new_Deva""], [0.00014863495016470551, ""bho_Deva""]]"
L5,10881,anp_Deva,0.550330400466919,0.4453594982624054,"[[0.550330400466919, ""anp_Deva""], [0.4453594982624054, ""hin_Deva""], [0.0028005558997392654, ""awa_Deva""], [0.0009482578607276082, ""new_Deva""], [0.00025017347070388496, ""bho_Deva""]]"
L5,10893,hin_Deva,0.7544504404067993,0.7544504404067993,"[[0.7544504404067993, ""hin_Deva""], [0.24279627203941345, ""anp_Deva""], [0.0015033725649118423, ""new_Deva""], [0.0009576461743563414, ""awa_Deva""], [0.00025795536930672824, ""mai_Deva""]]"
L5,10895,hin_Deva,0.7140125036239624,0.7140125036239624,"[[0.7140125036239624, ""hin_Deva""], [0.2691413164138794, ""anp_Deva""], [0.010006419382989407, ""awa_Deva""], [0.004855223465710878, ""new_Deva""], [0.0014593792147934437, ""mai_Deva""]]"
L5,10919,hin_Deva,0.6520664095878601,0.6520664095878601,"[[0.6520664095878601, ""hin_Deva""], [0.3323802649974823, ""anp_Deva""], [0.01437267567962408, ""awa_Deva""], [0.0009241054649464786, ""new_Deva""], [0.00013967568520456553, ""bho_Deva""]]"
L5,10925,anp_Deva,0.8763171434402466,0.12121661752462387,"[[0.8763171434402466, ""anp_Deva""], [0.12121661752462387, ""hin_Deva""], [0.0014624708564952016, ""awa_Deva""], [0.000575087673496455, ""mai_Deva""], [0.0004090383881703019, ""new_Deva""]]"
L5,10947,hin_Deva,0.951767086982727,0.951767086982727,"[[0.951767086982727, ""hin_Deva""], [0.04633628949522972, ""anp_Deva""], [0.0017544503789395094, ""new_Deva""], [0.00016350702208001167, ""awa_Deva""], [1.9989376596640795e-05, ""mai_Deva""]]"
L5,10959,hin_Deva,0.954948902130127,0.954948902130127,"[[0.954948902130127, ""hin_Deva""], [0.03972189500927925, ""anp_Deva""], [0.0024055989924818277, ""awa_Deva""], [0.0011912548216059804, ""bho_Deva""], [0.0011454077903181314, ""new_Deva""]]"
L5,10963,anp_Deva,0.7361854910850525,0.2610585391521454,"[[0.7361854910850525, ""anp_Deva""], [0.2610585391521454, ""hin_Deva""], [0.002330085029825568, ""awa_Deva""], [0.00027197127928957343, ""new_Deva""], [0.0001088043354684487, ""mai_Deva""]]"
L5,10973,hin_Deva,0.8689811825752258,0.8689811825752258,"[[0.8689811825752258, ""hin_Deva""], [0.12381233274936676, ""anp_Deva""], [0.002866888651624322, ""awa_Deva""], [0.002757714595645666, ""new_Deva""], [0.001504266052506864, ""mai_Deva""]]"
L5,10983,anp_Deva,0.9791602492332458,0.02043723873794079,"[[0.9791602492332458, ""anp_Deva""], [0.02043723873794079, ""hin_Deva""], [0.00035334849962964654, ""awa_Deva""], [7.3040253482759e-05, ""new_Deva""], [1.4583106349164154e-05, ""mag_Deva""]]"
L5,10993,hin_Deva,0.6237438917160034,0.6237438917160034,"[[0.6237438917160034, ""hin_Deva""], [0.37141358852386475, ""anp_Deva""], [0.0018616669112816453, ""new_Deva""], [0.0011921839322894812, ""mag_Deva""], [0.0009566502994857728, ""awa_Deva""]]"
L5,10999,anp_Deva,0.7269998788833618,0.2663002014160156,"[[0.7269998788833618, ""anp_Deva""], [0.2663002014160156, ""hin_Deva""], [0.004965441767126322, ""awa_Deva""], [0.0005693601560778916, ""new_Deva""], [0.0005357549525797367, ""mag_Deva""]]"
L5,11007,anp_Deva,0.7727272510528564,0.22519299387931824,"[[0.7727272510528564, ""anp_Deva""], [0.22519299387931824, ""hin_Deva""], [0.0010410662507638335, ""awa_Deva""], [0.0007946346886456013, ""new_Deva""], [0.00015677165356464684, ""bho_Deva""]]"
L5,11017,anp_Deva,0.8719225525856018,0.12238113582134247,"[[0.8719225525856018, ""anp_Deva""], [0.12238113582134247, ""hin_Deva""], [0.005424876231700182, ""awa_Deva""], [0.00026030579465441406, ""new_Deva""], [3.0961567972553894e-05, ""mai_Deva""]]"
L5,11018,hin_Deva,0.9360528588294983,0.9360528588294983,"[[0.9360528588294983, ""hin_Deva""], [0.06163330376148224, ""anp_Deva""], [0.0019401845056563616, ""awa_Deva""], [0.00022900683688931167, ""new_Deva""], [0.0001182608466478996, ""mai_Deva""]]"
L5,11025,anp_Deva,0.9965296983718872,0.0031992534641176462,"[[0.9965296983718872, ""anp_Deva""], [0.0031992534641176462, ""hin_Deva""], [0.00027144397608935833, ""awa_Deva""], [3.0853127100272104e-05, ""new_Deva""], [1.338393303740304e-05, ""mag_Deva""]]"
L5,11041,anp_Deva,0.6521905660629272,0.3457343578338623,"[[0.6521905660629272, ""anp_Deva""], [0.3457343578338623, ""hin_Deva""], [0.0012512056855484843, ""awa_Deva""], [0.000725652149412781, ""new_Deva""], [6.487363134510815e-05, ""mai_Deva""]]"
L5,11046,hin_Deva,0.5352879166603088,0.5352879166603088,"[[0.5352879166603088, ""hin_Deva""], [0.2930295467376709, ""anp_Deva""], [0.13197699189186096, ""awa_Deva""], [0.039044372737407684, ""new_Deva""], [0.0003215349861420691, ""bho_Deva""]]"
L5,11049,hin_Deva,0.7905866503715515,0.7905866503715515,"[[0.7905866503715515, ""hin_Deva""], [0.2010994404554367, ""anp_Deva""], [0.0030337783973664045, ""new_Deva""], [0.00236212438903749, ""mai_Deva""], [0.0021813258063048124, ""awa_Deva""]]"
L5,11077,hin_Deva,0.8727312684059143,0.8727312684059143,"[[0.8727312684059143, ""hin_Deva""], [0.11494094878435135, ""anp_Deva""], [0.008827842772006989, ""new_Deva""], [0.00274468376301229, ""awa_Deva""], [0.0004290734650567174, ""mai_Deva""]]"
L5,11078,anp_Deva,0.7634055614471436,0.23201771080493927,"[[0.7634055614471436, ""anp_Deva""], [0.23201771080493927, ""hin_Deva""], [0.0032228759955614805, ""awa_Deva""], [0.0010020749177783728, ""new_Deva""], [0.00029573659412562847, ""mai_Deva""]]"
L5,11079,anp_Deva,0.7604663968086243,0.23846037685871124,"[[0.7604663968086243, ""anp_Deva""], [0.23846037685871124, ""hin_Deva""], [0.0004388552624732256, ""awa_Deva""], [0.0004120095109101385, ""mai_Deva""], [0.00010518758790567517, ""new_Deva""]]"
L5,11090,hin_Deva,0.574367880821228,0.574367880821228,"[[0.574367880821228, ""hin_Deva""], [0.40551793575286865, ""anp_Deva""], [0.017963839694857597, ""awa_Deva""], [0.001854696311056614, ""new_Deva""], [0.0002080552512779832, ""mai_Deva""]]"
L5,11093,anp_Deva,0.9846349954605103,0.014396380633115768,"[[0.9846349954605103, ""anp_Deva""], [0.014396380633115768, ""hin_Deva""], [0.0006431202637031674, ""awa_Deva""], [0.00034338352270424366, ""new_Deva""], [2.7909200071007945e-05, ""mai_Deva""]]"
L5,11095,mar_Deva,0.45513612031936646,0.19611607491970062,"[[0.45513612031936646, ""mar_Deva""], [0.22191132605075836, ""anp_Deva""], [0.19611607491970062, ""hin_Deva""], [0.03549996018409729, ""mai_Deva""], [0.02367568016052246, ""kas_Deva""]]"
L5,11109,anp_Deva,0.8682389855384827,0.13108623027801514,"[[0.8682389855384827, ""anp_Deva""], [0.13108623027801514, ""hin_Deva""], [0.0004669743648264557, ""new_Deva""], [0.00019945397798437625, ""awa_Deva""], [4.4444437662605196e-05, ""mai_Deva""]]"
L5,11126,hin_Deva,0.7305708527565002,0.7305708527565002,"[[0.7305708527565002, ""hin_Deva""], [0.2418271005153656, ""anp_Deva""], [0.014173563569784164, ""awa_Deva""], [0.010919863358139992, ""mai_Deva""], [0.0010735217947512865, ""mar_Deva""]]"
L5,11128,anp_Deva,0.9252015352249146,0.07402308285236359,"[[0.9252015352249146, ""anp_Deva""], [0.07402308285236359, ""hin_Deva""], [0.00037644003168679774, ""awa_Deva""], [0.0003643639211077243, ""new_Deva""], [7.076219480950385e-05, ""mai_Deva""]]"
L5,11144,hin_Deva,0.7179099917411804,0.7179099917411804,"[[0.7179099917411804, ""hin_Deva""], [0.28022289276123047, ""anp_Deva""], [0.001545892097055912, ""awa_Deva""], [0.0002703470236156136, ""new_Deva""], [5.297690586303361e-05, ""bho_Deva""]]"
L5,11148,hin_Deva,0.5231139659881592,0.5231139659881592,"[[0.5231139659881592, ""hin_Deva""], [0.4738297760486603, ""anp_Deva""], [0.0021597701124846935, ""awa_Deva""], [0.0008776967297308147, ""new_Deva""], [3.49528381775599e-05, ""bho_Deva""]]"
L5,11172,hin_Deva,0.8024529814720154,0.8024529814720154,"[[0.8024529814720154, ""hin_Deva""], [0.18979793787002563, ""anp_Deva""], [0.003826163476333022, ""awa_Deva""], [0.0016036041779443622, ""new_Deva""], [0.001208202913403511, ""bho_Deva""]]"
L5,11187,hin_Deva,0.932344913482666,0.932344913482666,"[[0.932344913482666, ""hin_Deva""], [0.06349285691976547, ""anp_Deva""], [0.0028068877290934324, ""awa_Deva""], [0.000680602912325412, ""mai_Deva""], [0.0006161038181744516, ""new_Deva""]]"
L5,11194,hin_Deva,0.6040356159210205,0.6040356159210205,"[[0.6040356159210205, ""hin_Deva""], [0.374194860458374, ""anp_Deva""], [0.013188881799578667, ""new_Deva""], [0.006781457923352718, ""awa_Deva""], [0.000982984434813261, ""mai_Deva""]]"
L5,11205,anp_Deva,0.5757187604904175,0.4221573770046234,"[[0.5757187604904175, ""anp_Deva""], [0.4221573770046234, ""hin_Deva""], [0.0012682221131399274, ""awa_Deva""], [0.0004749614163301885, ""mai_Deva""], [0.00038361267070285976, ""new_Deva""]]"
L5,11209,hin_Deva,0.5435482859611511,0.5435482859611511,"[[0.5435482859611511, ""hin_Deva""], [0.45579591393470764, ""anp_Deva""], [0.000427692400990054, ""awa_Deva""], [0.0002038704406004399, ""new_Deva""], [3.696797284646891e-05, ""mai_Deva""]]"
L5,11227,anp_Deva,0.6487258672714233,0.35048091411590576,"[[0.6487258672714233, ""anp_Deva""], [0.35048091411590576, ""hin_Deva""], [0.0004653634678106755, ""mai_Deva""], [0.0002333779848413542, ""awa_Deva""], [7.052524597384036e-05, ""new_Deva""]]"
L5,11234,hin_Deva,0.6856754422187805,0.6856754422187805,"[[0.6856754422187805, ""hin_Deva""], [0.3105752170085907, ""anp_Deva""], [0.0029363096691668034, ""awa_Deva""], [0.0006944569759070873, ""new_Deva""], [9.878972196020186e-05, ""mai_Deva""]]"
L5,11235,hin_Deva,0.5995796918869019,0.5995796918869019,"[[0.5995796918869019, ""hin_Deva""], [0.3985655605792999, ""anp_Deva""], [0.0009336699731647968, ""new_Deva""], [0.0008982575382106006, ""awa_Deva""], [3.848858978017233e-05, ""mai_Deva""]]"
L5,11237,hin_Deva,0.6148542761802673,0.6148542761802673,"[[0.6148542761802673, ""hin_Deva""], [0.3645155727863312, ""anp_Deva""], [0.013214458711445332, ""awa_Deva""], [0.005289487075060606, ""new_Deva""], [0.0011844212422147393, ""bho_Deva""]]"
L5,11244,hin_Deva,0.9683699607849121,0.9683699607849121,"[[0.9683699607849121, ""hin_Deva""], [0.030516430735588074, ""anp_Deva""], [0.000621196290012449, ""awa_Deva""], [0.0004948812420479953, ""new_Deva""], [2.231069447589107e-05, ""mai_Deva""]]"
L5,11255,hin_Deva,0.49872827529907227,0.49872827529907227,"[[0.49872827529907227, ""hin_Deva""], [0.4918633997440338, ""anp_Deva""], [0.004615819547325373, ""awa_Deva""], [0.003889598185196519, ""new_Deva""], [0.0005625482299365103, ""mai_Deva""]]"
L5,11258,anp_Deva,0.7565292119979858,0.24147897958755493,"[[0.7565292119979858, ""anp_Deva""], [0.24147897958755493, ""hin_Deva""], [0.0017776207532733679, ""awa_Deva""], [0.00022831186652183533, ""new_Deva""], [2.256518382637296e-05, ""mai_Deva""]]"
L5,11267,hin_Deva,0.521440863609314,0.521440863609314,"[[0.521440863609314, ""hin_Deva""], [0.46886497735977173, ""anp_Deva""], [0.005471918266266584, ""mai_Deva""], [0.0029921194072812796, ""awa_Deva""], [0.000932393129914999, ""new_Deva""]]"
L5,11273,hin_Deva,0.6168372631072998,0.6168372631072998,"[[0.6168372631072998, ""hin_Deva""], [0.36814752221107483, ""anp_Deva""], [0.007098900154232979, ""awa_Deva""], [0.0026459002401679754, ""new_Deva""], [0.002411571331322193, ""mag_Deva""]]"
L5,11278,anp_Deva,0.9611598253250122,0.03811018541455269,"[[0.9611598253250122, ""anp_Deva""], [0.03811018541455269, ""hin_Deva""], [0.0005978038534522057, ""awa_Deva""], [0.00014131526404526085, ""new_Deva""], [3.274905975558795e-05, ""mai_Deva""]]"
L5,11281,anp_Deva,0.7775266170501709,0.2207261025905609,"[[0.7775266170501709, ""anp_Deva""], [0.2207261025905609, ""hin_Deva""], [0.0014617422129958868, ""awa_Deva""], [0.00023116334341466427, ""new_Deva""], [5.529696500161663e-05, ""bho_Deva""]]"
L5,11299,hin_Deva,0.6354878544807434,0.6354878544807434,"[[0.6354878544807434, ""hin_Deva""], [0.3590751886367798, ""anp_Deva""], [0.0033431495539844036, ""awa_Deva""], [0.0019219288369640708, ""new_Deva""], [0.00011848504800582305, ""bho_Deva""]]"
L5,11305,hin_Deva,0.5233043432235718,0.5233043432235718,"[[0.5233043432235718, ""hin_Deva""], [0.4736533463001251, ""anp_Deva""], [0.00237581180408597, ""new_Deva""], [0.0002584508329164237, ""awa_Deva""], [0.00020919648522976786, ""mai_Deva""]]"
L5,11306,hin_Deva,0.9461103677749634,0.9461103677749634,"[[0.9461103677749634, ""hin_Deva""], [0.0524832047522068, ""anp_Deva""], [0.0004733247624244541, ""awa_Deva""], [0.0004723784513771534, ""mai_Deva""], [0.0004568900913000107, ""new_Deva""]]"
L5,11308,anp_Deva,0.9133128523826599,0.08318345993757248,"[[0.9133128523826599, ""anp_Deva""], [0.08318345993757248, ""hin_Deva""], [0.0030239110346883535, ""awa_Deva""], [0.0003455262922216207, ""new_Deva""], [0.00011569068010430783, ""bho_Deva""]]"
L5,11312,hin_Deva,0.8096876740455627,0.8096876740455627,"[[0.8096876740455627, ""hin_Deva""], [0.16991616785526276, ""anp_Deva""], [0.01744883507490158, ""awa_Deva""], [0.0020255986601114273, ""new_Deva""], [0.0007746322080492973, ""bho_Deva""]]"
L5,11316,anp_Deva,0.9013463258743286,0.09604257345199585,"[[0.9013463258743286, ""anp_Deva""], [0.09604257345199585, ""hin_Deva""], [0.0014704016502946615, ""awa_Deva""], [0.0006579490145668387, ""mag_Deva""], [0.000301283726003021, ""new_Deva""]]"
L5,11321,anp_Deva,0.5379359722137451,0.45380017161369324,"[[0.5379359722137451, ""anp_Deva""], [0.45380017161369324, ""hin_Deva""], [0.0051228199154138565, ""awa_Deva""], [0.00265736086294055, ""new_Deva""], [0.0002455132780596614, ""bho_Deva""]]"
L5,11325,anp_Deva,0.9551630020141602,0.04465073347091675,"[[0.9551630020141602, ""anp_Deva""], [0.04465073347091675, ""hin_Deva""], [0.000104013983218465, ""mai_Deva""], [7.560310768894851e-05, ""awa_Deva""], [4.4162410631543025e-05, ""new_Deva""]]"
L5,11328,hin_Deva,0.5295160412788391,0.5295160412788391,"[[0.5295160412788391, ""hin_Deva""], [0.4660824239253998, ""anp_Deva""], [0.002465351950377226, ""new_Deva""], [0.0010296403197571635, ""bho_Deva""], [0.0007077282061800361, ""awa_Deva""]]"
L5,11336,anp_Deva,0.5909407138824463,0.4052465558052063,"[[0.5909407138824463, ""anp_Deva""], [0.4052465558052063, ""hin_Deva""], [0.0032230329234153032, ""awa_Deva""], [0.0005664596101269126, ""new_Deva""], [5.3167059377301484e-05, ""mai_Deva""]]"
L5,11339,hin_Deva,0.8006942868232727,0.8006942868232727,"[[0.8006942868232727, ""hin_Deva""], [0.19661910831928253, ""anp_Deva""], [0.0022718028631061316, ""awa_Deva""], [0.00038017952465452254, ""new_Deva""], [5.500573752215132e-05, ""bho_Deva""]]"
L5,11345,anp_Deva,0.9632644057273865,0.023404793813824654,"[[0.9632644057273865, ""anp_Deva""], [0.023404793813824654, ""hin_Deva""], [0.013242174871265888, ""new_Deva""], [0.00011148976773256436, ""awa_Deva""], [2.4053842935245484e-05, ""mai_Deva""]]"
L5,11348,hin_Deva,0.5946358442306519,0.5946358442306519,"[[0.5946358442306519, ""hin_Deva""], [0.40099790692329407, ""anp_Deva""], [0.002714707748964429, ""awa_Deva""], [0.0010994168696925044, ""new_Deva""], [0.00028335099341347814, ""bho_Deva""]]"
L5,11354,hin_Deva,0.7152702212333679,0.7152702212333679,"[[0.7152702212333679, ""hin_Deva""], [0.2803868055343628, ""anp_Deva""], [0.0027777140494436026, ""awa_Deva""], [0.001305648940615356, ""new_Deva""], [0.0001933129969984293, ""mai_Deva""]]"
L5,11371,anp_Deva,0.7901287078857422,0.209219291806221,"[[0.7901287078857422, ""anp_Deva""], [0.209219291806221, ""hin_Deva""], [0.0005416509229689837, ""awa_Deva""], [0.0001440685155102983, ""new_Deva""], [1.4694554010930005e-05, ""mai_Deva""]]"
L5,11380,anp_Deva,0.5719743371009827,0.42584896087646484,"[[0.5719743371009827, ""anp_Deva""], [0.42584896087646484, ""hin_Deva""], [0.0007260304410010576, ""awa_Deva""], [0.0005354479653760791, ""new_Deva""], [0.0004933956661261618, ""mai_Deva""]]"
L5,11398,hin_Deva,0.9320436120033264,0.9320436120033264,"[[0.9320436120033264, ""hin_Deva""], [0.06511785835027695, ""anp_Deva""], [0.0012869706843048334, ""new_Deva""], [0.0011900006793439388, ""awa_Deva""], [0.00017352179565932602, ""mai_Deva""]]"
L5,11399,anp_Deva,0.5620445609092712,0.41360074281692505,"[[0.5620445609092712, ""anp_Deva""], [0.41360074281692505, ""hin_Deva""], [0.021544035524129868, ""new_Deva""], [0.0023094266653060913, ""awa_Deva""], [0.00039548121276311576, ""mai_Deva""]]"
L5,11403,anp_Deva,0.9993406534194946,0.0006679071811959147,"[[0.9993406534194946, ""anp_Deva""], [0.0006679071811959147, ""hin_Deva""], [1.569673986523412e-05, ""new_Deva""], [1.4632100828748662e-05, ""awa_Deva""], [1.1151278158649802e-05, ""mai_Deva""]]"
L5,11410,hin_Deva,0.879135012626648,0.879135012626648,"[[0.879135012626648, ""hin_Deva""], [0.10995246469974518, ""anp_Deva""], [0.006124597042798996, ""awa_Deva""], [0.0023437924683094025, ""new_Deva""], [0.0014587279874831438, ""bho_Deva""]]"
L5,11420,anp_Deva,0.8052927255630493,0.19263161718845367,"[[0.8052927255630493, ""anp_Deva""], [0.19263161718845367, ""hin_Deva""], [0.000767619872931391, ""awa_Deva""], [0.0006288680015131831, ""new_Deva""], [0.00038225800381042063, ""mag_Deva""]]"
L5,11421,anp_Deva,0.7019278407096863,0.2902422249317169,"[[0.7019278407096863, ""anp_Deva""], [0.2902422249317169, ""hin_Deva""], [0.0069803157821297646, ""new_Deva""], [0.0007363547920249403, ""awa_Deva""], [7.61421033530496e-05, ""bho_Deva""]]"
L5,11440,anp_Deva,0.7079604864120483,0.29068756103515625,"[[0.7079604864120483, ""anp_Deva""], [0.29068756103515625, ""hin_Deva""], [0.0010829357197508216, ""awa_Deva""], [0.0001495596079621464, ""new_Deva""], [0.00010463111539138481, ""bho_Deva""]]"
L5,11458,hin_Deva,0.8185703754425049,0.8185703754425049,"[[0.8185703754425049, ""hin_Deva""], [0.17808997631072998, ""anp_Deva""], [0.001964109018445015, ""awa_Deva""], [0.0007385553908534348, ""mai_Deva""], [0.00034106921521015465, ""new_Deva""]]"
L5,11459,hin_Deva,0.839051365852356,0.839051365852356,"[[0.839051365852356, ""hin_Deva""], [0.15470075607299805, ""anp_Deva""], [0.003990004304796457, ""awa_Deva""], [0.0016110892174765468, ""new_Deva""], [0.00028933031717315316, ""mai_Deva""]]"
L5,11466,anp_Deva,0.9378771185874939,0.061308443546295166,"[[0.9378771185874939, ""anp_Deva""], [0.061308443546295166, ""hin_Deva""], [0.0006010746583342552, ""new_Deva""], [0.00019642316328827292, ""awa_Deva""], [5.051982952863909e-05, ""mai_Deva""]]"
L5,11482,hin_Deva,0.8124675750732422,0.8124675750732422,"[[0.8124675750732422, ""hin_Deva""], [0.1772812306880951, ""anp_Deva""], [0.004356205463409424, ""awa_Deva""], [0.0030612312257289886, ""new_Deva""], [0.0016646943986415863, ""mag_Deva""]]"
L5,11498,anp_Deva,0.853034257888794,0.14251083135604858,"[[0.853034257888794, ""anp_Deva""], [0.14251083135604858, ""hin_Deva""], [0.0018977016443386674, ""awa_Deva""], [0.00125125702470541, ""new_Deva""], [0.0007989066070877016, ""mai_Deva""]]"
L5,11506,hin_Deva,0.7254111170768738,0.7254111170768738,"[[0.7254111170768738, ""hin_Deva""], [0.2713327407836914, ""anp_Deva""], [0.0011918388772755861, ""awa_Deva""], [0.0010401170002296567, ""mai_Deva""], [0.0006489300285466015, ""new_Deva""]]"
L5,11509,anp_Deva,0.8730993866920471,0.12358135730028152,"[[0.8730993866920471, ""anp_Deva""], [0.12358135730028152, ""hin_Deva""], [0.0019821063615381718, ""awa_Deva""], [0.001344773336313665, ""new_Deva""], [3.9138642023317516e-05, ""mai_Deva""]]"
L5,11520,hin_Deva,0.7714850902557373,0.7714850902557373,"[[0.7714850902557373, ""hin_Deva""], [0.22427937388420105, ""anp_Deva""], [0.0019500140333548188, ""awa_Deva""], [0.0015351554611697793, ""mai_Deva""], [0.0005131330108270049, ""new_Deva""]]"
L5,11521,hin_Deva,0.6660279631614685,0.6660279631614685,"[[0.6660279631614685, ""hin_Deva""], [0.33160918951034546, ""anp_Deva""], [0.0014427379937842488, ""awa_Deva""], [0.0005707505624741316, ""new_Deva""], [0.00014220713637769222, ""mai_Deva""]]"
L5,11527,anp_Deva,0.617431104183197,0.37734341621398926,"[[0.617431104183197, ""anp_Deva""], [0.37734341621398926, ""hin_Deva""], [0.0026784646324813366, ""awa_Deva""], [0.0012547204969450831, ""new_Deva""], [0.0007103762472979724, ""bho_Deva""]]"
L5,11532,anp_Deva,0.936876118183136,0.06173504516482353,"[[0.936876118183136, ""anp_Deva""], [0.06173504516482353, ""hin_Deva""], [0.0007795612327754498, ""awa_Deva""], [0.0002539333945605904, ""mai_Deva""], [0.0002438427763991058, ""new_Deva""]]"
L5,11535,anp_Deva,0.9988113641738892,0.0011441418901085854,"[[0.9988113641738892, ""anp_Deva""], [0.0011441418901085854, ""hin_Deva""], [5.509089169208892e-05, ""awa_Deva""], [1.8107666619471274e-05, ""mai_Deva""], [1.781175706128124e-05, ""new_Deva""]]"
L5,11547,hin_Deva,0.8364182114601135,0.8364182114601135,"[[0.8364182114601135, ""hin_Deva""], [0.15958011150360107, ""anp_Deva""], [0.001406529569067061, ""new_Deva""], [0.0012733545154333115, ""awa_Deva""], [0.0012138586025685072, ""mai_Deva""]]"
L5,11550,hin_Deva,0.5268509387969971,0.5268509387969971,"[[0.5268509387969971, ""hin_Deva""], [0.46159839630126953, ""anp_Deva""], [0.005771122872829437, ""mai_Deva""], [0.003066151635721326, ""bho_Deva""], [0.0016727198380976915, ""awa_Deva""]]"
L5,11552,hin_Deva,0.6479722857475281,0.6479722857475281,"[[0.6479722857475281, ""hin_Deva""], [0.34326568245887756, ""anp_Deva""], [0.0033058824483305216, ""awa_Deva""], [0.0016774387331679463, ""mai_Deva""], [0.0015193482395261526, ""new_Deva""]]"
L5,11556,hin_Deva,0.8940520882606506,0.8940520882606506,"[[0.8940520882606506, ""hin_Deva""], [0.09032097458839417, ""anp_Deva""], [0.014377514831721783, ""awa_Deva""], [0.0008391378214582801, ""new_Deva""], [0.00012539244198706, ""bho_Deva""]]"
L5,11557,anp_Deva,0.6608295440673828,0.333050400018692,"[[0.6608295440673828, ""anp_Deva""], [0.333050400018692, ""hin_Deva""], [0.006016745697706938, ""awa_Deva""], [7.72230196162127e-05, ""mai_Deva""], [5.282273195916787e-05, ""new_Deva""]]"
L5,11571,hin_Deva,0.9478679299354553,0.9478679299354553,"[[0.9478679299354553, ""hin_Deva""], [0.04943827912211418, ""anp_Deva""], [0.0012197191826999187, ""mai_Deva""], [0.0009029848733916879, ""awa_Deva""], [0.00027089263312518597, ""new_Deva""]]"
L5,11572,anp_Deva,0.6702190041542053,0.3285638689994812,"[[0.6702190041542053, ""anp_Deva""], [0.3285638689994812, ""hin_Deva""], [0.0007931745494715869, ""awa_Deva""], [0.0004039497871417552, ""new_Deva""], [4.688089757109992e-05, ""mai_Deva""]]"
L5,11585,anp_Deva,0.8488569259643555,0.1485295593738556,"[[0.8488569259643555, ""anp_Deva""], [0.1485295593738556, ""hin_Deva""], [0.0015946939820423722, ""new_Deva""], [0.0007596368086524308, ""awa_Deva""], [0.0002365716645726934, ""mai_Deva""]]"
L5,11603,anp_Deva,0.50238037109375,0.4901246726512909,"[[0.50238037109375, ""anp_Deva""], [0.4901246726512909, ""hin_Deva""], [0.005966624710708857, ""awa_Deva""], [0.0007347200298681855, ""new_Deva""], [0.00042646544170565903, ""mai_Deva""]]"
L5,11605,anp_Deva,0.7023393511772156,0.27814754843711853,"[[0.7023393511772156, ""anp_Deva""], [0.27814754843711853, ""hin_Deva""], [0.015843769535422325, ""awa_Deva""], [0.0035818906035274267, ""new_Deva""], [6.810489867348224e-05, ""bho_Deva""]]"
L5,11616,anp_Deva,0.9282385110855103,0.06989895552396774,"[[0.9282385110855103, ""anp_Deva""], [0.06989895552396774, ""hin_Deva""], [0.0012811459600925446, ""awa_Deva""], [0.0004483990778680891, ""new_Deva""], [0.0001658256514929235, ""mai_Deva""]]"
L5,11617,anp_Deva,0.9196340441703796,0.07889705896377563,"[[0.9196340441703796, ""anp_Deva""], [0.07889705896377563, ""hin_Deva""], [0.000874076911713928, ""new_Deva""], [0.0006062986794859171, ""awa_Deva""], [2.4497661797795445e-05, ""mai_Deva""]]"
L5,11630,hin_Deva,0.6564409732818604,0.6564409732818604,"[[0.6564409732818604, ""hin_Deva""], [0.33832764625549316, ""anp_Deva""], [0.004635677672922611, ""awa_Deva""], [0.00041920834337361157, ""new_Deva""], [0.0001792934344848618, ""mai_Deva""]]"
L5,11657,anp_Deva,0.9080725312232971,0.09054520726203918,"[[0.9080725312232971, ""anp_Deva""], [0.09054520726203918, ""hin_Deva""], [0.0010964918183162808, ""awa_Deva""], [0.00029712519608438015, ""new_Deva""], [1.9110466382699087e-05, ""doi_Deva""]]"
L5,11662,anp_Deva,0.8087581992149353,0.18869726359844208,"[[0.8087581992149353, ""anp_Deva""], [0.18869726359844208, ""hin_Deva""], [0.0019320169230923057, ""awa_Deva""], [0.0004122256941627711, ""new_Deva""], [0.0001180597027996555, ""mag_Deva""]]"
L5,11663,hin_Deva,0.9269909262657166,0.9269909262657166,"[[0.9269909262657166, ""hin_Deva""], [0.06643709540367126, ""anp_Deva""], [0.0029495693743228912, ""awa_Deva""], [0.0026392696890980005, ""new_Deva""], [0.0005703060305677354, ""mai_Deva""]]"
L5,11664,hin_Deva,0.5191546082496643,0.5191546082496643,"[[0.5191546082496643, ""hin_Deva""], [0.4762984812259674, ""anp_Deva""], [0.002209448954090476, ""awa_Deva""], [0.0016984480898827314, ""new_Deva""], [0.00038356604636646807, ""bho_Deva""]]"
L5,11669,anp_Deva,0.7118815183639526,0.2819307744503021,"[[0.7118815183639526, ""anp_Deva""], [0.2819307744503021, ""hin_Deva""], [0.0032458186615258455, ""awa_Deva""], [0.0015076539712026715, ""new_Deva""], [0.0011820205254480243, ""mai_Deva""]]"
L5,11670,hin_Deva,0.8741642832756042,0.8741642832756042,"[[0.8741642832756042, ""hin_Deva""], [0.12363251298666, ""anp_Deva""], [0.0012655960163101554, ""awa_Deva""], [0.0008673157426528633, ""new_Deva""], [6.370027404045686e-05, ""mai_Deva""]]"
L5,11677,hin_Deva,0.9699493646621704,0.9699493646621704,"[[0.9699493646621704, ""hin_Deva""], [0.02402224950492382, ""anp_Deva""], [0.005100201349705458, ""awa_Deva""], [0.00041950627928599715, ""mai_Deva""], [0.00031032145489007235, ""new_Deva""]]"
L5,11682,hin_Deva,0.7626723051071167,0.7626723051071167,"[[0.7626723051071167, ""hin_Deva""], [0.23454855382442474, ""anp_Deva""], [0.0019571224693208933, ""awa_Deva""], [0.0006976611912250519, ""new_Deva""], [0.00014182926679495722, ""bho_Deva""]]"
L5,11684,hin_Deva,0.6387395262718201,0.6387395262718201,"[[0.6387395262718201, ""hin_Deva""], [0.3592142164707184, ""anp_Deva""], [0.0011716749286279082, ""awa_Deva""], [0.0007853847928345203, ""new_Deva""], [8.004745905054733e-05, ""mag_Deva""]]"
L5,11686,hin_Deva,0.589290976524353,0.589290976524353,"[[0.589290976524353, ""hin_Deva""], [0.36931106448173523, ""anp_Deva""], [0.029934410005807877, ""awa_Deva""], [0.005147659219801426, ""mag_Deva""], [0.0034124881494790316, ""mai_Deva""]]"
L5,11688,hin_Deva,0.6343133449554443,0.6343133449554443,"[[0.6343133449554443, ""hin_Deva""], [0.36062365770339966, ""anp_Deva""], [0.004408080596476793, ""new_Deva""], [0.0006127982633188367, ""awa_Deva""], [6.304021371761337e-05, ""mai_Deva""]]"
L5,11689,anp_Deva,0.8434851169586182,0.146234393119812,"[[0.8434851169586182, ""anp_Deva""], [0.146234393119812, ""hin_Deva""], [0.007171614561229944, ""awa_Deva""], [0.0015279300278052688, ""mag_Deva""], [0.0009622744400985539, ""bho_Deva""]]"
L5,11691,anp_Deva,0.9706626534461975,0.02906096540391445,"[[0.9706626534461975, ""anp_Deva""], [0.02906096540391445, ""hin_Deva""], [0.00017959428078029305, ""awa_Deva""], [0.00012710111332125962, ""new_Deva""], [1.5403917132061906e-05, ""mai_Deva""]]"
L5,11695,anp_Deva,0.6806359887123108,0.312618613243103,"[[0.6806359887123108, ""anp_Deva""], [0.312618613243103, ""hin_Deva""], [0.003963736351579428, ""awa_Deva""], [0.0024594166316092014, ""new_Deva""], [0.0002008401061175391, ""mag_Deva""]]"
L5,11697,anp_Deva,0.5027551054954529,0.4943663775920868,"[[0.5027551054954529, ""anp_Deva""], [0.4943663775920868, ""hin_Deva""], [0.0015272576129063964, ""new_Deva""], [0.0007829639944247901, ""awa_Deva""], [0.0003979360044468194, ""mai_Deva""]]"
L5,11711,hin_Deva,0.9837365746498108,0.9837365746498108,"[[0.9837365746498108, ""hin_Deva""], [0.01285596750676632, ""anp_Deva""], [0.0022234823554754257, ""awa_Deva""], [0.000704674981534481, ""new_Deva""], [0.00032435086905024946, ""mai_Deva""]]"
L5,11713,anp_Deva,0.8747776746749878,0.12339501827955246,"[[0.8747776746749878, ""anp_Deva""], [0.12339501827955246, ""hin_Deva""], [0.0012492496753111482, ""awa_Deva""], [0.0004030649142805487, ""new_Deva""], [0.00019060639897361398, ""mag_Deva""]]"
L5,11714,hin_Deva,0.8037093877792358,0.8037093877792358,"[[0.8037093877792358, ""hin_Deva""], [0.18887250125408173, ""anp_Deva""], [0.004918600898236036, ""awa_Deva""], [0.0019243699498474598, ""new_Deva""], [0.00027240373310633004, ""bho_Deva""]]"
L5,11716,hin_Deva,0.8601874709129333,0.8601874709129333,"[[0.8601874709129333, ""hin_Deva""], [0.13741713762283325, ""anp_Deva""], [0.0020623672753572464, ""awa_Deva""], [0.00025487036327831447, ""new_Deva""], [5.619026705971919e-05, ""mai_Deva""]]"
L5,11720,anp_Deva,0.9702277183532715,0.029451221227645874,"[[0.9702277183532715, ""anp_Deva""], [0.029451221227645874, ""hin_Deva""], [0.0002503436408005655, ""awa_Deva""], [7.481485954485834e-05, ""new_Deva""], [2.7272852094029076e-05, ""kas_Deva""]]"
L5,11736,anp_Deva,0.9570963382720947,0.04173092916607857,"[[0.9570963382720947, ""anp_Deva""], [0.04173092916607857, ""hin_Deva""], [0.00048503640573471785, ""mai_Deva""], [0.0004662390274461359, ""new_Deva""], [0.00012770143803209066, ""awa_Deva""]]"
L5,11756,hin_Deva,0.795495331287384,0.795495331287384,"[[0.795495331287384, ""hin_Deva""], [0.19762086868286133, ""anp_Deva""], [0.005386914126574993, ""new_Deva""], [0.0010770042426884174, ""awa_Deva""], [0.00032137343077920377, ""mai_Deva""]]"
L5,11758,anp_Deva,0.5983989238739014,0.3978443741798401,"[[0.5983989238739014, ""anp_Deva""], [0.3978443741798401, ""hin_Deva""], [0.0018857612740248442, ""new_Deva""], [0.001413782243616879, ""awa_Deva""], [0.0002196464192820713, ""mai_Deva""]]"
L5,11788,hin_Deva,0.8985642790794373,0.8985642790794373,"[[0.8985642790794373, ""hin_Deva""], [0.0946531742811203, ""anp_Deva""], [0.0037586374673992395, ""awa_Deva""], [0.001349713420495391, ""new_Deva""], [0.0009314803755842149, ""mai_Deva""]]"
L5,11790,hin_Deva,0.8256098031997681,0.8256098031997681,"[[0.8256098031997681, ""hin_Deva""], [0.17102418839931488, ""anp_Deva""], [0.0015883033629506826, ""awa_Deva""], [0.0006299992091953754, ""bho_Deva""], [0.0006170584820210934, ""new_Deva""]]"
L5,11791,anp_Deva,0.6758211851119995,0.32053157687187195,"[[0.6758211851119995, ""anp_Deva""], [0.32053157687187195, ""hin_Deva""], [0.0021479642018675804, ""awa_Deva""], [0.0011956202797591686, ""new_Deva""], [0.0003066291974391788, ""mai_Deva""]]"
L5,11793,hin_Deva,0.9580119848251343,0.9580119848251343,"[[0.9580119848251343, ""hin_Deva""], [0.02339811623096466, ""anp_Deva""], [0.01811741106212139, ""new_Deva""], [0.00035980946267955005, ""awa_Deva""], [0.00011080628610216081, ""mai_Deva""]]"
L5,11794,anp_Deva,0.647571861743927,0.34730055928230286,"[[0.647571861743927, ""anp_Deva""], [0.34730055928230286, ""hin_Deva""], [0.002575176302343607, ""awa_Deva""], [0.002212169812992215, ""new_Deva""], [0.00029121770057827234, ""mai_Deva""]]"
L5,11798,hin_Deva,0.5234014391899109,0.5234014391899109,"[[0.5234014391899109, ""hin_Deva""], [0.4735695421695709, ""anp_Deva""], [0.002293422119691968, ""new_Deva""], [0.0007318098796531558, ""awa_Deva""], [2.5385528715560213e-05, ""mai_Deva""]]"
L5,11813,hin_Deva,0.9134783148765564,0.9134783148765564,"[[0.9134783148765564, ""hin_Deva""], [0.08121878653764725, ""anp_Deva""], [0.005182014778256416, ""awa_Deva""], [8.707110828254372e-05, ""new_Deva""], [4.213255306240171e-05, ""mai_Deva""]]"
L5,11814,hin_Deva,0.8679357171058655,0.8679357171058655,"[[0.8679357171058655, ""hin_Deva""], [0.12192407250404358, ""anp_Deva""], [0.005549251101911068, ""awa_Deva""], [0.0022291522473096848, ""mai_Deva""], [0.002067675581201911, ""new_Deva""]]"
L5,11828,anp_Deva,0.8746587038040161,0.11625128984451294,"[[0.8746587038040161, ""anp_Deva""], [0.11625128984451294, ""hin_Deva""], [0.008661358617246151, ""awa_Deva""], [0.000245710980379954, ""new_Deva""], [0.00011848346184706315, ""mai_Deva""]]"
L5,11835,anp_Deva,0.8820871114730835,0.11211803555488586,"[[0.8820871114730835, ""anp_Deva""], [0.11211803555488586, ""hin_Deva""], [0.005052963737398386, ""awa_Deva""], [0.00025637695216573775, ""bho_Deva""], [0.0002375915937591344, ""new_Deva""]]"
L5,11840,anp_Deva,0.7507084608078003,0.23834441602230072,"[[0.7507084608078003, ""anp_Deva""], [0.23834441602230072, ""hin_Deva""], [0.0046889218501746655, ""new_Deva""], [0.002952692098915577, ""awa_Deva""], [0.001634392887353897, ""mag_Deva""]]"
L5,11852,anp_Deva,0.5562345385551453,0.44130149483680725,"[[0.5562345385551453, ""anp_Deva""], [0.44130149483680725, ""hin_Deva""], [0.0015868635382503271, ""awa_Deva""], [0.00038243154995143414, ""mag_Deva""], [0.0002580725122243166, ""new_Deva""]]"
L5,11854,anp_Deva,0.9762876629829407,0.02083459496498108,"[[0.9762876629829407, ""anp_Deva""], [0.02083459496498108, ""hin_Deva""], [0.0024400888942182064, ""awa_Deva""], [0.0003147577226627618, ""new_Deva""], [8.966095629148185e-05, ""bho_Deva""]]"
L5,11857,hin_Deva,0.6222074031829834,0.6222074031829834,"[[0.6222074031829834, ""hin_Deva""], [0.371672123670578, ""anp_Deva""], [0.003936639055609703, ""awa_Deva""], [0.0019521706271916628, ""new_Deva""], [0.00012103103654226288, ""bho_Deva""]]"
L5,11861,hin_Deva,0.5979601144790649,0.5979601144790649,"[[0.5979601144790649, ""hin_Deva""], [0.3966097831726074, ""anp_Deva""], [0.0025755607057362795, ""awa_Deva""], [0.0019709032494574785, ""new_Deva""], [0.0004300338914617896, ""bho_Deva""]]"
L5,11865,hin_Deva,0.7032701969146729,0.7032701969146729,"[[0.7032701969146729, ""hin_Deva""], [0.2784842848777771, ""anp_Deva""], [0.012585633434355259, ""awa_Deva""], [0.004871265962719917, ""new_Deva""], [0.0004115948104299605, ""mai_Deva""]]"
L5,11872,anp_Deva,0.9703765511512756,0.027333693578839302,"[[0.9703765511512756, ""anp_Deva""], [0.027333693578839302, ""hin_Deva""], [0.00202521332539618, ""awa_Deva""], [0.00019743129087146372, ""new_Deva""], [6.278235377976671e-05, ""bho_Deva""]]"
L5,11893,anp_Deva,0.5000838041305542,0.4835079610347748,"[[0.5000838041305542, ""anp_Deva""], [0.4835079610347748, ""hin_Deva""], [0.015437478199601173, ""awa_Deva""], [0.0007323694881051779, ""new_Deva""], [0.00021811343322042376, ""mai_Deva""]]"
L5,11895,anp_Deva,0.8052027225494385,0.1933414191007614,"[[0.8052027225494385, ""anp_Deva""], [0.1933414191007614, ""hin_Deva""], [0.0010839771712198853, ""awa_Deva""], [0.00032470893347635865, ""mai_Deva""], [5.8373381762066856e-05, ""new_Deva""]]"
L5,11918,hin_Deva,0.9331979155540466,0.9331979155540466,"[[0.9331979155540466, ""hin_Deva""], [0.057367611676454544, ""anp_Deva""], [0.004130247049033642, ""awa_Deva""], [0.0032622613944113255, ""mai_Deva""], [0.000951979192905128, ""new_Deva""]]"
L5,11920,hin_Deva,0.8372251987457275,0.8372251987457275,"[[0.8372251987457275, ""hin_Deva""], [0.1419742852449417, ""anp_Deva""], [0.01930014230310917, ""awa_Deva""], [0.0013964672107249498, ""new_Deva""], [0.00011625319166341797, ""mai_Deva""]]"
L5,11929,anp_Deva,0.9435840249061584,0.05585509538650513,"[[0.9435840249061584, ""anp_Deva""], [0.05585509538650513, ""hin_Deva""], [0.0004091864684596658, ""awa_Deva""], [0.00015310849994421005, ""new_Deva""], [2.5264094801968895e-05, ""bho_Deva""]]"
L5,11944,hin_Deva,0.593234658241272,0.593234658241272,"[[0.593234658241272, ""hin_Deva""], [0.39954209327697754, ""anp_Deva""], [0.005254318937659264, ""awa_Deva""], [0.0008451161556877196, ""mai_Deva""], [0.0008312956779263914, ""new_Deva""]]"
L5,11961,hin_Deva,0.8911036252975464,0.8911036252975464,"[[0.8911036252975464, ""hin_Deva""], [0.10583680123090744, ""anp_Deva""], [0.002298933919519186, ""awa_Deva""], [0.0004768542421516031, ""new_Deva""], [0.00022335357789415866, ""mai_Deva""]]"
L5,11972,hin_Deva,0.8091934323310852,0.8091934323310852,"[[0.8091934323310852, ""hin_Deva""], [0.18705475330352783, ""anp_Deva""], [0.003584769554436207, ""awa_Deva""], [0.00011598951095947996, ""new_Deva""], [5.561619400396012e-05, ""mai_Deva""]]"
L5,11979,hin_Deva,0.7280629277229309,0.7280629277229309,"[[0.7280629277229309, ""hin_Deva""], [0.26831865310668945, ""anp_Deva""], [0.003081756178289652, ""new_Deva""], [0.00042688086978159845, ""awa_Deva""], [8.650110976304859e-05, ""bho_Deva""]]"
L5,11986,anp_Deva,0.9900214076042175,0.00963549967855215,"[[0.9900214076042175, ""anp_Deva""], [0.00963549967855215, ""hin_Deva""], [0.0002370398142375052, ""awa_Deva""], [6.730105087626725e-05, ""bho_Deva""], [6.072065662010573e-05, ""new_Deva""]]"
L5,11990,hin_Deva,0.7545982599258423,0.7545982599258423,"[[0.7545982599258423, ""hin_Deva""], [0.23100438714027405, ""anp_Deva""], [0.008032390847802162, ""new_Deva""], [0.0038569539319723845, ""mai_Deva""], [0.0022436894942075014, ""awa_Deva""]]"
L5,11991,anp_Deva,0.5583986043930054,0.4024769365787506,"[[0.5583986043930054, ""anp_Deva""], [0.4024769365787506, ""hin_Deva""], [0.03316188231110573, ""awa_Deva""], [0.004702181089669466, ""new_Deva""], [0.0006392002105712891, ""bho_Deva""]]"
L5,12004,anp_Deva,0.9463902115821838,0.05218242108821869,"[[0.9463902115821838, ""anp_Deva""], [0.05218242108821869, ""hin_Deva""], [0.000896896468475461, ""awa_Deva""], [0.00038756386493332684, ""new_Deva""], [0.00012177247845102102, ""mai_Deva""]]"
L5,12014,anp_Deva,0.9458164572715759,0.050489649176597595,"[[0.9458164572715759, ""anp_Deva""], [0.050489649176597595, ""hin_Deva""], [0.0033238448668271303, ""awa_Deva""], [0.00037483710912056267, ""new_Deva""], [4.043140143039636e-05, ""mup_Deva""]]"
L5,12020,anp_Deva,0.7675511240959167,0.2238095998764038,"[[0.7675511240959167, ""anp_Deva""], [0.2238095998764038, ""hin_Deva""], [0.007889348082244396, ""awa_Deva""], [0.00024163526541087776, ""bho_Deva""], [0.0002241723850602284, ""mai_Deva""]]"
L5,12022,anp_Deva,0.9668935537338257,0.033028870820999146,"[[0.9668935537338257, ""anp_Deva""], [0.033028870820999146, ""hin_Deva""], [5.9574784245342016e-05, ""awa_Deva""], [5.7407749409321696e-05, ""new_Deva""], [1.0547874808253255e-05, ""mai_Deva""]]"
L5,12024,anp_Deva,0.8992069363594055,0.09928204119205475,"[[0.8992069363594055, ""anp_Deva""], [0.09928204119205475, ""hin_Deva""], [0.001054410939104855, ""new_Deva""], [0.00037509939284063876, ""awa_Deva""], [8.07701944722794e-05, ""mai_Deva""]]"
L5,12038,anp_Deva,0.9529110789299011,0.046742551028728485,"[[0.9529110789299011, ""anp_Deva""], [0.046742551028728485, ""hin_Deva""], [0.00021172218839637935, ""awa_Deva""], [0.00013937802577856928, ""new_Deva""], [2.7973286705673672e-05, ""mai_Deva""]]"
L5,12040,anp_Deva,0.7510363459587097,0.2389342337846756,"[[0.7510363459587097, ""anp_Deva""], [0.2389342337846756, ""hin_Deva""], [0.008640856482088566, ""awa_Deva""], [0.0007805823115631938, ""new_Deva""], [0.0004738595162052661, ""mai_Deva""]]"
L5,12085,hin_Deva,0.5093561410903931,0.5093561410903931,"[[0.5093561410903931, ""hin_Deva""], [0.4832795262336731, ""anp_Deva""], [0.005468302872031927, ""awa_Deva""], [0.000638405850622803, ""bho_Deva""], [0.0005591307999566197, ""mag_Deva""]]"
L5,12087,anp_Deva,0.9601275324821472,0.038932304829359055,"[[0.9601275324821472, ""anp_Deva""], [0.038932304829359055, ""hin_Deva""], [0.0007766138878650963, ""awa_Deva""], [8.237691508838907e-05, ""new_Deva""], [6.486150959972292e-05, ""mai_Deva""]]"
L5,12088,hin_Deva,0.6512601375579834,0.6512601375579834,"[[0.6512601375579834, ""hin_Deva""], [0.34586063027381897, ""anp_Deva""], [0.002233122708275914, ""awa_Deva""], [0.0004717378178611398, ""new_Deva""], [0.00014959569671191275, ""mai_Deva""]]"
L5,12092,hin_Deva,0.9377772212028503,0.9377772212028503,"[[0.9377772212028503, ""hin_Deva""], [0.05820806324481964, ""anp_Deva""], [0.003463061759248376, ""awa_Deva""], [0.00026864741812460124, ""new_Deva""], [0.0001721927837934345, ""mai_Deva""]]"
L5,12097,anp_Deva,0.6546885371208191,0.34079286456108093,"[[0.6546885371208191, ""anp_Deva""], [0.34079286456108093, ""hin_Deva""], [0.0025396898854523897, ""new_Deva""], [0.0014013741165399551, ""awa_Deva""], [0.0004718212876468897, ""bho_Deva""]]"
L5,12099,anp_Deva,0.9322527050971985,0.06660310178995132,"[[0.9322527050971985, ""anp_Deva""], [0.06660310178995132, ""hin_Deva""], [0.0010058165062218904, ""awa_Deva""], [0.0001185841829283163, ""new_Deva""], [4.660314152715728e-05, ""mai_Deva""]]"
L5,12104,anp_Deva,0.9910165667533875,0.008808228187263012,"[[0.9910165667533875, ""anp_Deva""], [0.008808228187263012, ""hin_Deva""], [0.00017449341248720884, ""awa_Deva""], [3.053951513720676e-05, ""new_Deva""], [1.3991279047331773e-05, ""bho_Deva""]]"
L5,12109,anp_Deva,0.8692957162857056,0.12219550460577011,"[[0.8692957162857056, ""anp_Deva""], [0.12219550460577011, ""hin_Deva""], [0.007614515721797943, ""mag_Deva""], [0.0006827091565355659, ""awa_Deva""], [0.0001749953516991809, ""new_Deva""]]"
L5,12125,hin_Deva,0.9368207454681396,0.9368207454681396,"[[0.9368207454681396, ""hin_Deva""], [0.057780493050813675, ""anp_Deva""], [0.004244946409016848, ""awa_Deva""], [0.000474464992294088, ""new_Deva""], [0.00032411524443887174, ""bho_Deva""]]"
L5,12126,anp_Deva,0.9963374733924866,0.003635986940935254,"[[0.9963374733924866, ""anp_Deva""], [0.003635986940935254, ""hin_Deva""], [5.2207280532456934e-05, ""new_Deva""], [1.3896876225771848e-05, ""awa_Deva""], [1.0380394996900577e-05, ""mai_Deva""]]"
L5,12129,hin_Deva,0.8427742719650269,0.8427742719650269,"[[0.8427742719650269, ""hin_Deva""], [0.14701683819293976, ""anp_Deva""], [0.0059333303943276405, ""awa_Deva""], [0.002599681494757533, ""new_Deva""], [0.0007567019783891737, ""mai_Deva""]]"
L5,12134,anp_Deva,0.8899645209312439,0.10934371501207352,"[[0.8899645209312439, ""anp_Deva""], [0.10934371501207352, ""hin_Deva""], [0.00029531665495596826, ""new_Deva""], [0.00023988040629774332, ""awa_Deva""], [0.00016411300748586655, ""mai_Deva""]]"
L5,12142,hin_Deva,0.8466058969497681,0.8466058969497681,"[[0.8466058969497681, ""hin_Deva""], [0.1410374790430069, ""anp_Deva""], [0.005100293550640345, ""new_Deva""], [0.004577403422445059, ""mai_Deva""], [0.0016009873943403363, ""awa_Deva""]]"
L5,12164,anp_Deva,0.659066379070282,0.33899086713790894,"[[0.659066379070282, ""anp_Deva""], [0.33899086713790894, ""hin_Deva""], [0.0010218365350738168, ""mai_Deva""], [0.0005884899874217808, ""awa_Deva""], [0.00017099539400078356, ""new_Deva""]]"
L5,12174,anp_Deva,0.6285176873207092,0.3552716076374054,"[[0.6285176873207092, ""anp_Deva""], [0.3552716076374054, ""hin_Deva""], [0.014278150163590908, ""awa_Deva""], [0.0014431041199713945, ""new_Deva""], [0.00018888192425947636, ""mag_Deva""]]"
L5,12179,hin_Deva,0.5761024355888367,0.5761024355888367,"[[0.5761024355888367, ""hin_Deva""], [0.4206450581550598, ""anp_Deva""], [0.002323197666555643, ""awa_Deva""], [0.0005684801144525409, ""new_Deva""], [0.00024016493989620358, ""mai_Deva""]]"
L5,12187,hin_Deva,0.6710872054100037,0.6710872054100037,"[[0.6710872054100037, ""hin_Deva""], [0.3230445384979248, ""anp_Deva""], [0.004915311466902494, ""awa_Deva""], [0.000552224984858185, ""new_Deva""], [0.00020210900402162224, ""bho_Deva""]]"
L5,12198,anp_Deva,0.8132485151290894,0.13417626917362213,"[[0.8132485151290894, ""anp_Deva""], [0.13417626917362213, ""hin_Deva""], [0.051992058753967285, ""awa_Deva""], [0.0005212957039475441, ""new_Deva""], [6.486620986834168e-05, ""mai_Deva""]]"
L5,12207,hin_Deva,0.5658873915672302,0.5658873915672302,"[[0.5658873915672302, ""hin_Deva""], [0.4283486008644104, ""anp_Deva""], [0.003928337711840868, ""awa_Deva""], [0.0009439872810617089, ""mai_Deva""], [0.0005633554537780583, ""new_Deva""]]"
L5,12211,anp_Deva,0.9281045794487,0.06986355036497116,"[[0.9281045794487, ""anp_Deva""], [0.06986355036497116, ""hin_Deva""], [0.0015409464249387383, ""awa_Deva""], [0.0003471669042482972, ""new_Deva""], [8.868020086083561e-05, ""mag_Deva""]]"
L5,12219,anp_Deva,0.7747910618782043,0.20998749136924744,"[[0.7747910618782043, ""anp_Deva""], [0.20998749136924744, ""hin_Deva""], [0.014570554718375206, ""awa_Deva""], [0.0003712363541126251, ""new_Deva""], [0.00022175961930770427, ""mai_Deva""]]"
L5,12221,hin_Deva,0.9542712569236755,0.9542712569236755,"[[0.9542712569236755, ""hin_Deva""], [0.04264479875564575, ""anp_Deva""], [0.0017983809811994433, ""new_Deva""], [0.0008525620796717703, ""mai_Deva""], [0.00025415458367206156, ""awa_Deva""]]"
L5,12239,anp_Deva,0.9401901960372925,0.05971859022974968,"[[0.9401901960372925, ""anp_Deva""], [0.05971859022974968, ""hin_Deva""], [8.709851681487635e-05, ""awa_Deva""], [4.213307693134993e-05, ""new_Deva""], [1.1065480066463351e-05, ""mai_Deva""]]"
L5,12243,hin_Deva,0.5781329274177551,0.5781329274177551,"[[0.5781329274177551, ""hin_Deva""], [0.4135644733905792, ""anp_Deva""], [0.005678410641849041, ""awa_Deva""], [0.0023975223302841187, ""new_Deva""], [0.0001616882800590247, ""mai_Deva""]]"
L5,12247,hin_Deva,0.93687504529953,0.93687504529953,"[[0.93687504529953, ""hin_Deva""], [0.052575670182704926, ""awa_Deva""], [0.007045967038720846, ""anp_Deva""], [0.0008573162485845387, ""new_Deva""], [0.0008128620102070272, ""mag_Deva""]]"
L5,12258,anp_Deva,0.9930435419082642,0.006597284227609634,"[[0.9930435419082642, ""anp_Deva""], [0.006597284227609634, ""hin_Deva""], [0.00032641159486956894, ""awa_Deva""], [7.050688873277977e-05, ""new_Deva""], [1.0855253094632644e-05, ""doi_Deva""]]"
L5,12264,hin_Deva,0.8217227458953857,0.8217227458953857,"[[0.8217227458953857, ""hin_Deva""], [0.14142781496047974, ""anp_Deva""], [0.03022371605038643, ""awa_Deva""], [0.002741064876317978, ""mai_Deva""], [0.0018695138860493898, ""new_Deva""]]"
L5,12274,anp_Deva,0.8835429549217224,0.11564044654369354,"[[0.8835429549217224, ""anp_Deva""], [0.11564044654369354, ""hin_Deva""], [0.0004266834876034409, ""awa_Deva""], [0.00037329777842387557, ""new_Deva""], [4.916783291264437e-05, ""bho_Deva""]]"
L5,12277,hin_Deva,0.9826305508613586,0.9826305508613586,"[[0.9826305508613586, ""hin_Deva""], [0.011485087685286999, ""anp_Deva""], [0.005635505076497793, ""awa_Deva""], [0.00012089272058801726, ""mai_Deva""], [0.00010338343417970464, ""new_Deva""]]"
L5,12279,anp_Deva,0.928836464881897,0.06707551330327988,"[[0.928836464881897, ""anp_Deva""], [0.06707551330327988, ""hin_Deva""], [0.0033770122099667788, ""awa_Deva""], [0.0005192960379645228, ""new_Deva""], [0.00012264728138688952, ""bho_Deva""]]"
L5,12280,hin_Deva,0.6482767462730408,0.6482767462730408,"[[0.6482767462730408, ""hin_Deva""], [0.34161409735679626, ""anp_Deva""], [0.006181351374834776, ""awa_Deva""], [0.0020995447412133217, ""new_Deva""], [0.000846912560518831, ""bho_Deva""]]"
L5,12282,hin_Deva,0.6074073910713196,0.6074073910713196,"[[0.6074073910713196, ""hin_Deva""], [0.3879694938659668, ""anp_Deva""], [0.00283927284181118, ""new_Deva""], [0.000883732340298593, ""awa_Deva""], [0.0004919025232084095, ""mag_Deva""]]"
L5,12289,anp_Deva,0.5927438139915466,0.3961767256259918,"[[0.5927438139915466, ""anp_Deva""], [0.3961767256259918, ""hin_Deva""], [0.008955064229667187, ""awa_Deva""], [0.002013132907450199, ""new_Deva""], [9.063707693712786e-05, ""bho_Deva""]]"
L5,12294,hin_Deva,0.8823308348655701,0.8823308348655701,"[[0.8823308348655701, ""hin_Deva""], [0.1154009997844696, ""anp_Deva""], [0.0011631585657596588, ""awa_Deva""], [0.0007514317985624075, ""new_Deva""], [0.0001801753242034465, ""bho_Deva""]]"
L5,12295,anp_Deva,0.5087688565254211,0.4858953356742859,"[[0.5087688565254211, ""anp_Deva""], [0.4858953356742859, ""hin_Deva""], [0.004654930904507637, ""awa_Deva""], [0.00030435441294685006, ""mai_Deva""], [0.00027175582363270223, ""new_Deva""]]"
L5,12317,hin_Deva,0.8762234449386597,0.8762234449386597,"[[0.8762234449386597, ""hin_Deva""], [0.11428840458393097, ""anp_Deva""], [0.005998280365020037, ""awa_Deva""], [0.002827882766723633, ""new_Deva""], [0.00043381834984757006, ""mai_Deva""]]"
L5,12324,hin_Deva,0.518396258354187,0.518396258354187,"[[0.518396258354187, ""hin_Deva""], [0.4674646258354187, ""anp_Deva""], [0.008263343013823032, ""new_Deva""], [0.005839668679982424, ""awa_Deva""], [4.0897848521126434e-05, ""bho_Deva""]]"
L5,12332,hin_Deva,0.8565571308135986,0.8565571308135986,"[[0.8565571308135986, ""hin_Deva""], [0.13187964260578156, ""anp_Deva""], [0.008135829120874405, ""awa_Deva""], [0.0012027398915961385, ""mai_Deva""], [0.000857009319588542, ""bho_Deva""]]"
L5,12344,anp_Deva,0.955098032951355,0.04439503699541092,"[[0.955098032951355, ""anp_Deva""], [0.04439503699541092, ""hin_Deva""], [0.00031404499895870686, ""awa_Deva""], [0.0001727935450617224, ""new_Deva""], [6.004426904837601e-05, ""mai_Deva""]]"
L5,12346,hin_Deva,0.9435037970542908,0.9435037970542908,"[[0.9435037970542908, ""hin_Deva""], [0.05167466774582863, ""anp_Deva""], [0.0017764182994142175, ""new_Deva""], [0.0017622143495827913, ""awa_Deva""], [0.0007856915472075343, ""mai_Deva""]]"
L5,12354,anp_Deva,0.6185902953147888,0.38047802448272705,"[[0.6185902953147888, ""anp_Deva""], [0.38047802448272705, ""hin_Deva""], [0.0005729961558245122, ""awa_Deva""], [0.00032735400600358844, ""new_Deva""], [6.0408125136746094e-05, ""mai_Deva""]]"
L5,12362,hin_Deva,0.5127473473548889,0.5127473473548889,"[[0.5127473473548889, ""hin_Deva""], [0.4599299728870392, ""anp_Deva""], [0.015261366032063961, ""new_Deva""], [0.01185438223183155, ""awa_Deva""], [0.00012487142521422356, ""mai_Deva""]]"
L5,12374,anp_Deva,0.7147257328033447,0.28185632824897766,"[[0.7147257328033447, ""anp_Deva""], [0.28185632824897766, ""hin_Deva""], [0.002401485573500395, ""awa_Deva""], [0.0005655913846567273, ""new_Deva""], [0.0003822609141934663, ""mai_Deva""]]"
L5,12377,anp_Deva,0.8945301175117493,0.10362004488706589,"[[0.8945301175117493, ""anp_Deva""], [0.10362004488706589, ""hin_Deva""], [0.0012346601579338312, ""awa_Deva""], [0.00027398887323215604, ""new_Deva""], [0.00027336011407896876, ""mag_Deva""]]"
L5,12382,anp_Deva,0.9869762659072876,0.011960872448980808,"[[0.9869762659072876, ""anp_Deva""], [0.011960872448980808, ""hin_Deva""], [0.0010309353237971663, ""awa_Deva""], [5.692054401151836e-05, ""new_Deva""], [1.607630474609323e-05, ""mai_Deva""]]"
L5,12393,hin_Deva,0.5023230910301208,0.5023230910301208,"[[0.5023230910301208, ""hin_Deva""], [0.4837020933628082, ""anp_Deva""], [0.008865902200341225, ""awa_Deva""], [0.003708131844177842, ""new_Deva""], [0.0008397618657909334, ""bho_Deva""]]"
L5,12399,anp_Deva,0.9361751675605774,0.06320346146821976,"[[0.9361751675605774, ""anp_Deva""], [0.06320346146821976, ""hin_Deva""], [0.000532595266122371, ""awa_Deva""], [9.834162483457476e-05, ""new_Deva""], [2.7136929929838516e-05, ""mai_Deva""]]"
L5,12404,anp_Deva,0.7613368630409241,0.22298383712768555,"[[0.7613368630409241, ""anp_Deva""], [0.22298383712768555, ""hin_Deva""], [0.010880107060074806, ""awa_Deva""], [0.002340449718758464, ""new_Deva""], [0.0018949853256344795, ""bho_Deva""]]"
L5,12415,hin_Deva,0.6486018300056458,0.6486018300056458,"[[0.6486018300056458, ""hin_Deva""], [0.34269464015960693, ""anp_Deva""], [0.005674832034856081, ""new_Deva""], [0.0012298085493966937, ""bho_Deva""], [0.0011858311481773853, ""awa_Deva""]]"
L5,12422,hin_Deva,0.8467680811882019,0.8467680811882019,"[[0.8467680811882019, ""hin_Deva""], [0.1507672220468521, ""anp_Deva""], [0.0017424189718440175, ""awa_Deva""], [0.0004552759637590498, ""new_Deva""], [0.00019145609985571355, ""mai_Deva""]]"
L5,12433,hin_Deva,0.8755456805229187,0.8755456805229187,"[[0.8755456805229187, ""hin_Deva""], [0.12094555050134659, ""anp_Deva""], [0.0029580569826066494, ""awa_Deva""], [0.00031364962342195213, ""new_Deva""], [0.0001146392896771431, ""mai_Deva""]]"
L5,12439,anp_Deva,0.5793372392654419,0.41570132970809937,"[[0.5793372392654419, ""anp_Deva""], [0.41570132970809937, ""hin_Deva""], [0.0033589673694223166, ""awa_Deva""], [0.0007793924887664616, ""new_Deva""], [0.000597511709202081, ""mai_Deva""]]"
L5,12469,anp_Deva,0.5409802198410034,0.45041367411613464,"[[0.5409802198410034, ""anp_Deva""], [0.45041367411613464, ""hin_Deva""], [0.005629478022456169, ""awa_Deva""], [0.0024460265412926674, ""new_Deva""], [0.0004317060811445117, ""mai_Deva""]]"
L5,12473,hin_Deva,0.7348332405090332,0.7348332405090332,"[[0.7348332405090332, ""hin_Deva""], [0.2589959502220154, ""anp_Deva""], [0.0025656491052359343, ""awa_Deva""], [0.0013918576296418905, ""mai_Deva""], [0.0013103010132908821, ""new_Deva""]]"
L5,12483,anp_Deva,0.9232100248336792,0.057245805859565735,"[[0.9232100248336792, ""anp_Deva""], [0.057245805859565735, ""hin_Deva""], [0.019337298348546028, ""new_Deva""], [0.00022283996804617345, ""awa_Deva""], [2.1334111806936562e-05, ""mai_Deva""]]"
L5,12484,hin_Deva,0.516627848148346,0.516627848148346,"[[0.516627848148346, ""hin_Deva""], [0.47710126638412476, ""anp_Deva""], [0.0039022231940180063, ""awa_Deva""], [0.0017658219439908862, ""new_Deva""], [0.0004884190857410431, ""bho_Deva""]]"
L5,12492,hin_Deva,0.9900721311569214,0.9900721311569214,"[[0.9900721311569214, ""hin_Deva""], [0.003943844698369503, ""awa_Deva""], [0.0029316789004951715, ""anp_Deva""], [0.0026056570932269096, ""new_Deva""], [0.00019607131252996624, ""mar_Deva""]]"
L5,12498,anp_Deva,0.6192823052406311,0.3791379928588867,"[[0.6192823052406311, ""anp_Deva""], [0.3791379928588867, ""hin_Deva""], [0.0008406168199144304, ""awa_Deva""], [0.0006399947451427579, ""new_Deva""], [8.863995753927156e-05, ""mai_Deva""]]"
L5,12502,anp_Deva,0.7555603384971619,0.23789599537849426,"[[0.7555603384971619, ""anp_Deva""], [0.23789599537849426, ""hin_Deva""], [0.0046728490851819515, ""awa_Deva""], [0.000781501061283052, ""mai_Deva""], [0.0007067883270792663, ""new_Deva""]]"
L5,12506,hin_Deva,0.734499990940094,0.734499990940094,"[[0.734499990940094, ""hin_Deva""], [0.2602284550666809, ""anp_Deva""], [0.002671067137271166, ""new_Deva""], [0.0025055157020688057, ""awa_Deva""], [8.26041869004257e-05, ""mai_Deva""]]"
L5,12511,hin_Deva,0.9179315567016602,0.9179315567016602,"[[0.9179315567016602, ""hin_Deva""], [0.07033604383468628, ""anp_Deva""], [0.010843794792890549, ""awa_Deva""], [0.0003466916095931083, ""mai_Deva""], [0.00024121163005474955, ""bho_Deva""]]"
L5,12530,hin_Deva,0.6386155486106873,0.6386155486106873,"[[0.6386155486106873, ""hin_Deva""], [0.36015555262565613, ""anp_Deva""], [0.0008989953785203397, ""awa_Deva""], [0.00026822142535820603, ""new_Deva""], [6.198981282068416e-05, ""mai_Deva""]]"
L5,12536,hin_Deva,0.5022127032279968,0.5022127032279968,"[[0.5022127032279968, ""hin_Deva""], [0.49640539288520813, ""anp_Deva""], [0.0009964043274521828, ""awa_Deva""], [0.00021710465080104768, ""mai_Deva""], [0.00012465166219044477, ""new_Deva""]]"
L5,12551,anp_Deva,0.9116195440292358,0.08688707649707794,"[[0.9116195440292358, ""anp_Deva""], [0.08688707649707794, ""hin_Deva""], [0.0013078578049317002, ""awa_Deva""], [0.00019128801068291068, ""new_Deva""], [3.0561892344849184e-05, ""mai_Deva""]]"
L5,12556,hin_Deva,0.618113100528717,0.618113100528717,"[[0.618113100528717, ""hin_Deva""], [0.37490561604499817, ""anp_Deva""], [0.005379706155508757, ""awa_Deva""], [0.0007538233767263591, ""new_Deva""], [0.00034381850855425, ""mag_Deva""]]"
L5,12569,hin_Deva,0.648193895816803,0.648193895816803,"[[0.648193895816803, ""hin_Deva""], [0.3424144685268402, ""anp_Deva""], [0.00674122478812933, ""awa_Deva""], [0.0023941509425640106, ""new_Deva""], [0.00021008476323913783, ""mai_Deva""]]"
L5,12574,hin_Deva,0.9063771367073059,0.9063771367073059,"[[0.9063771367073059, ""hin_Deva""], [0.0848456472158432, ""anp_Deva""], [0.00651143491268158, ""awa_Deva""], [0.0011857440695166588, ""mai_Deva""], [0.0006675872136838734, ""bho_Deva""]]"
L5,12598,hin_Deva,0.9047940373420715,0.9047940373420715,"[[0.9047940373420715, ""hin_Deva""], [0.09074723720550537, ""anp_Deva""], [0.002954603172838688, ""awa_Deva""], [0.0009800276020541787, ""new_Deva""], [0.0003732728655450046, ""mai_Deva""]]"
L5,12599,anp_Deva,0.5142607688903809,0.478900283575058,"[[0.5142607688903809, ""anp_Deva""], [0.478900283575058, ""hin_Deva""], [0.005682831164449453, ""awa_Deva""], [0.0006620907224714756, ""new_Deva""], [0.00022861688921693712, ""mai_Deva""]]"
L5,12602,hin_Deva,0.8677242398262024,0.8677242398262024,"[[0.8677242398262024, ""hin_Deva""], [0.12617231905460358, ""anp_Deva""], [0.005513372831046581, ""awa_Deva""], [0.00047059200005605817, ""new_Deva""], [0.00011299207108095288, ""mai_Deva""]]"
L5,12604,anp_Deva,0.7630941271781921,0.23069661855697632,"[[0.7630941271781921, ""anp_Deva""], [0.23069661855697632, ""hin_Deva""], [0.0052625383250415325, ""new_Deva""], [0.0005781241925433278, ""bho_Deva""], [0.00017093376663979143, ""awa_Deva""]]"
L5,12627,anp_Deva,0.909734845161438,0.08533404022455215,"[[0.909734845161438, ""anp_Deva""], [0.08533404022455215, ""hin_Deva""], [0.0032972944900393486, ""awa_Deva""], [0.0007094500469975173, ""mai_Deva""], [0.0006368299946188927, ""new_Deva""]]"
L5,12629,anp_Deva,0.5155359506607056,0.480142742395401,"[[0.5155359506607056, ""anp_Deva""], [0.480142742395401, ""hin_Deva""], [0.0024477019906044006, ""awa_Deva""], [0.0013961922377347946, ""new_Deva""], [0.0004005276714451611, ""mai_Deva""]]"
L5,12643,anp_Deva,0.8955753445625305,0.10371875762939453,"[[0.8955753445625305, ""anp_Deva""], [0.10371875762939453, ""hin_Deva""], [0.0006442242884077132, ""awa_Deva""], [8.040628745220602e-05, ""new_Deva""], [1.9428041923674755e-05, ""mai_Deva""]]"
L5,12647,anp_Deva,0.9819756150245667,0.017881080508232117,"[[0.9819756150245667, ""anp_Deva""], [0.017881080508232117, ""hin_Deva""], [9.22891849768348e-05, ""awa_Deva""], [6.5667147282511e-05, ""new_Deva""], [3.061045936192386e-05, ""mai_Deva""]]"
L5,12655,hin_Deva,0.9431292414665222,0.9431292414665222,"[[0.9431292414665222, ""hin_Deva""], [0.03617197275161743, ""anp_Deva""], [0.01273313257843256, ""awa_Deva""], [0.00481953052803874, ""new_Deva""], [0.0015302252722904086, ""mai_Deva""]]"
L5,12666,anp_Deva,0.8019900918006897,0.19139868021011353,"[[0.8019900918006897, ""anp_Deva""], [0.19139868021011353, ""hin_Deva""], [0.00468113599345088, ""awa_Deva""], [0.0010781526798382401, ""bho_Deva""], [0.0006385805900208652, ""new_Deva""]]"
L5,12688,hin_Deva,0.6724860668182373,0.6724860668182373,"[[0.6724860668182373, ""hin_Deva""], [0.31892913579940796, ""anp_Deva""], [0.0037151225842535496, ""new_Deva""], [0.0026489514857530594, ""mai_Deva""], [0.0019817587453871965, ""awa_Deva""]]"
L5,12697,anp_Deva,0.9536187648773193,0.04590070620179176,"[[0.9536187648773193, ""anp_Deva""], [0.04590070620179176, ""hin_Deva""], [0.0003220606886316091, ""awa_Deva""], [0.00016076343308668584, ""new_Deva""], [2.5514942535664886e-05, ""bho_Deva""]]"
L5,12724,hin_Deva,0.8537563681602478,0.8537563681602478,"[[0.8537563681602478, ""hin_Deva""], [0.1409556269645691, ""anp_Deva""], [0.0037159323692321777, ""new_Deva""], [0.0013550115982070565, ""awa_Deva""], [0.00016475343727506697, ""mai_Deva""]]"
L5,12733,anp_Deva,0.5692800879478455,0.4098818600177765,"[[0.5692800879478455, ""anp_Deva""], [0.4098818600177765, ""hin_Deva""], [0.02035748027265072, ""awa_Deva""], [0.0003743246488738805, ""new_Deva""], [6.722093530697748e-05, ""mai_Deva""]]"
L5,12735,hin_Deva,0.7490584850311279,0.7490584850311279,"[[0.7490584850311279, ""hin_Deva""], [0.24438491463661194, ""anp_Deva""], [0.0035579754039645195, ""new_Deva""], [0.0017211915692314506, ""awa_Deva""], [0.0007117990171536803, ""mai_Deva""]]"
L5,12737,hin_Deva,0.8257549405097961,0.8257549405097961,"[[0.8257549405097961, ""hin_Deva""], [0.11610822379589081, ""anp_Deva""], [0.02158442512154579, ""bho_Deva""], [0.01963912881910801, ""awa_Deva""], [0.015560833737254143, ""new_Deva""]]"
L5,12743,anp_Deva,0.5180883407592773,0.47176796197891235,"[[0.5180883407592773, ""anp_Deva""], [0.47176796197891235, ""hin_Deva""], [0.005888490471988916, ""awa_Deva""], [0.0023977109231054783, ""new_Deva""], [0.0014140431303530931, ""mai_Deva""]]"
L5,12747,anp_Deva,0.9901801943778992,0.009799191728234291,"[[0.9901801943778992, ""anp_Deva""], [0.009799191728234291, ""hin_Deva""], [4.23781675635837e-05, ""awa_Deva""], [1.3888820831198245e-05, ""new_Deva""], [1.3543287423090078e-05, ""mai_Deva""]]"
L5,12752,hin_Deva,0.9878469109535217,0.9878469109535217,"[[0.9878469109535217, ""hin_Deva""], [0.004524627234786749, ""anp_Deva""], [0.0036657138261944056, ""awa_Deva""], [0.0023925784043967724, ""new_Deva""], [0.0010614091297611594, ""bho_Deva""]]"
L5,12786,anp_Deva,0.8044731020927429,0.19380536675453186,"[[0.8044731020927429, ""anp_Deva""], [0.19380536675453186, ""hin_Deva""], [0.0013234991347417235, ""awa_Deva""], [0.00024019883130677044, ""new_Deva""], [0.00014585783355869353, ""bho_Deva""]]"
L5,12790,hin_Deva,0.9455711245536804,0.9455711245536804,"[[0.9455711245536804, ""hin_Deva""], [0.019436925649642944, ""new_Deva""], [0.011622742749750614, ""mai_Deva""], [0.008928300812840462, ""mar_Deva""], [0.006104813888669014, ""awa_Deva""]]"
L5,12793,anp_Deva,0.8248816728591919,0.1711626648902893,"[[0.8248816728591919, ""anp_Deva""], [0.1711626648902893, ""hin_Deva""], [0.003062664996832609, ""new_Deva""], [0.0006740408134646714, ""awa_Deva""], [0.00014886859571561217, ""mai_Deva""]]"
L5,12795,anp_Deva,0.9226367473602295,0.07698296755552292,"[[0.9226367473602295, ""anp_Deva""], [0.07698296755552292, ""hin_Deva""], [0.00022665613505523652, ""awa_Deva""], [0.00012607892858795822, ""mai_Deva""], [5.661228715325706e-05, ""new_Deva""]]"
L5,12797,hin_Deva,0.9377766847610474,0.9377766847610474,"[[0.9377766847610474, ""hin_Deva""], [0.05954134836792946, ""anp_Deva""], [0.0019642580300569534, ""new_Deva""], [0.0006301334942691028, ""awa_Deva""], [7.016506424406543e-05, ""bho_Deva""]]"
L5,12798,hin_Deva,0.5449800491333008,0.5449800491333008,"[[0.5449800491333008, ""hin_Deva""], [0.4272873103618622, ""anp_Deva""], [0.018168149515986443, ""mai_Deva""], [0.0044950200244784355, ""awa_Deva""], [0.0036975748371332884, ""new_Deva""]]"
L5,12806,hin_Deva,0.7405959367752075,0.7405959367752075,"[[0.7405959367752075, ""hin_Deva""], [0.23037821054458618, ""anp_Deva""], [0.013703658245503902, ""mai_Deva""], [0.011651530861854553, ""awa_Deva""], [0.0023467503488063812, ""new_Deva""]]"
L5,12818,anp_Deva,0.9599184393882751,0.039563100785017014,"[[0.9599184393882751, ""anp_Deva""], [0.039563100785017014, ""hin_Deva""], [0.00041609222535043955, ""awa_Deva""], [9.874431998468935e-05, ""new_Deva""], [2.925294393207878e-05, ""mai_Deva""]]"
L5,12841,hin_Deva,0.8616200685501099,0.8616200685501099,"[[0.8616200685501099, ""hin_Deva""], [0.1309005618095398, ""anp_Deva""], [0.0033105281181633472, ""new_Deva""], [0.0018874021479859948, ""awa_Deva""], [0.001852649264037609, ""mai_Deva""]]"
L5,12847,anp_Deva,0.881315290927887,0.11440811306238174,"[[0.881315290927887, ""anp_Deva""], [0.11440811306238174, ""hin_Deva""], [0.0035813951399177313, ""awa_Deva""], [0.0006782799609936774, ""new_Deva""], [2.7187155865249224e-05, ""bho_Deva""]]"
L5,12849,anp_Deva,0.650818943977356,0.3460167646408081,"[[0.650818943977356, ""anp_Deva""], [0.3460167646408081, ""hin_Deva""], [0.0022546974942088127, ""awa_Deva""], [0.000384451006539166, ""new_Deva""], [0.00029882852686569095, ""mai_Deva""]]"
L5,12853,anp_Deva,0.7793139815330505,0.21633566915988922,"[[0.7793139815330505, ""anp_Deva""], [0.21633566915988922, ""hin_Deva""], [0.001624415977858007, ""mai_Deva""], [0.0015988710802048445, ""awa_Deva""], [0.0008338348707184196, ""new_Deva""]]"
L5,12855,hin_Deva,0.5831282734870911,0.5831282734870911,"[[0.5831282734870911, ""hin_Deva""], [0.39964354038238525, ""anp_Deva""], [0.007696297951042652, ""new_Deva""], [0.007361107971519232, ""awa_Deva""], [0.0015075727133080363, ""mai_Deva""]]"
L5,12856,anp_Deva,0.9829196333885193,0.017024975270032883,"[[0.9829196333885193, ""anp_Deva""], [0.017024975270032883, ""hin_Deva""], [5.5470154620707035e-05, ""awa_Deva""], [3.431237564655021e-05, ""new_Deva""], [1.2504701771831606e-05, ""mai_Deva""]]"
L5,12868,hin_Deva,0.9658243060112,0.9658243060112,"[[0.9658243060112, ""hin_Deva""], [0.017891544848680496, ""awa_Deva""], [0.011422972194850445, ""new_Deva""], [0.003271786030381918, ""anp_Deva""], [0.0011290810070931911, ""mai_Deva""]]"
L5,12900,hin_Deva,0.7107948660850525,0.7107948660850525,"[[0.7107948660850525, ""hin_Deva""], [0.2872839868068695, ""anp_Deva""], [0.001164691406302154, ""new_Deva""], [0.0007398189627565444, ""awa_Deva""], [5.3246116294758394e-05, ""bho_Deva""]]"
L5,12904,anp_Deva,0.8859407305717468,0.11221802234649658,"[[0.8859407305717468, ""anp_Deva""], [0.11221802234649658, ""hin_Deva""], [0.0017779098125174642, ""awa_Deva""], [8.055903163040057e-05, ""new_Deva""], [1.849685031629633e-05, ""bho_Deva""]]"
L5,12910,anp_Deva,0.8905363082885742,0.08131428807973862,"[[0.8905363082885742, ""anp_Deva""], [0.08131428807973862, ""hin_Deva""], [0.02714904583990574, ""awa_Deva""], [0.000878036196809262, ""new_Deva""], [0.00010571646998869255, ""mai_Deva""]]"
L5,12916,anp_Deva,0.7886908650398254,0.20849236845970154,"[[0.7886908650398254, ""anp_Deva""], [0.20849236845970154, ""hin_Deva""], [0.0016183630796149373, ""awa_Deva""], [0.0009661263902671635, ""new_Deva""], [0.0001491671719122678, ""mai_Deva""]]"
L5,12922,anp_Deva,0.9931996464729309,0.005987078882753849,"[[0.9931996464729309, ""anp_Deva""], [0.005987078882753849, ""hin_Deva""], [0.0008137761033140123, ""new_Deva""], [3.915611523552798e-05, ""awa_Deva""], [1.0190868124482222e-05, ""mai_Deva""]]"
L5,12934,hin_Deva,0.6706408858299255,0.6706408858299255,"[[0.6706408858299255, ""hin_Deva""], [0.3235003650188446, ""anp_Deva""], [0.00419332692399621, ""awa_Deva""], [0.0007217674283310771, ""new_Deva""], [0.0007049068808555603, ""mai_Deva""]]"
L5,12943,anp_Deva,0.9006394743919373,0.096416175365448,"[[0.9006394743919373, ""anp_Deva""], [0.096416175365448, ""hin_Deva""], [0.0026129893958568573, ""awa_Deva""], [0.00016343733295798302, ""new_Deva""], [0.00015957139839883894, ""mai_Deva""]]"
L5,12949,hin_Deva,0.7008638381958008,0.7008638381958008,"[[0.7008638381958008, ""hin_Deva""], [0.2918323874473572, ""anp_Deva""], [0.0033911040518432856, ""awa_Deva""], [0.0026934840716421604, ""new_Deva""], [0.0009520396124571562, ""mai_Deva""]]"
L5,12951,anp_Deva,0.9594080448150635,0.0361858606338501,"[[0.9594080448150635, ""anp_Deva""], [0.0361858606338501, ""hin_Deva""], [0.0036293233279138803, ""awa_Deva""], [0.0008069744217209518, ""new_Deva""], [1.454353696317412e-05, ""mai_Deva""]]"
L5,12954,hin_Deva,0.9556761384010315,0.9556761384010315,"[[0.9556761384010315, ""hin_Deva""], [0.0355631485581398, ""anp_Deva""], [0.004873940255492926, ""awa_Deva""], [0.00309849064797163, ""new_Deva""], [0.0003937555302400142, ""mai_Deva""]]"
L5,12957,anp_Deva,0.9741405248641968,0.024972673505544662,"[[0.9741405248641968, ""anp_Deva""], [0.024972673505544662, ""hin_Deva""], [0.0007195818470790982, ""awa_Deva""], [0.00019269547192379832, ""new_Deva""], [1.8774861018755473e-05, ""mai_Deva""]]"
L5,12958,anp_Deva,0.8974606990814209,0.10104189068078995,"[[0.8974606990814209, ""anp_Deva""], [0.10104189068078995, ""hin_Deva""], [0.0007536868215538561, ""new_Deva""], [0.0006693540490232408, ""awa_Deva""], [6.506266799988225e-05, ""bho_Deva""]]"
L5,12992,hin_Deva,0.6543329358100891,0.6543329358100891,"[[0.6543329358100891, ""hin_Deva""], [0.318745881319046, ""anp_Deva""], [0.015725187957286835, ""new_Deva""], [0.010652621276676655, ""awa_Deva""], [0.00036439692485146224, ""mai_Deva""]]"
L5,12997,hin_Deva,0.8795041441917419,0.8795041441917419,"[[0.8795041441917419, ""hin_Deva""], [0.06598992645740509, ""anp_Deva""], [0.05245129391551018, ""awa_Deva""], [0.0014763340586796403, ""new_Deva""], [0.0004034183220937848, ""mai_Deva""]]"
L5,12999,hin_Deva,0.9539671540260315,0.9539671540260315,"[[0.9539671540260315, ""hin_Deva""], [0.040030669420957565, ""anp_Deva""], [0.0035137832164764404, ""awa_Deva""], [0.001759780803695321, ""bho_Deva""], [0.0005118095432408154, ""new_Deva""]]"
L5,13002,hin_Deva,0.8340927958488464,0.8340927958488464,"[[0.8340927958488464, ""hin_Deva""], [0.1586364507675171, ""anp_Deva""], [0.002500116592273116, ""mai_Deva""], [0.002448304323479533, ""awa_Deva""], [0.0015428235055878758, ""new_Deva""]]"
L5,13012,anp_Deva,0.8786718845367432,0.11903651803731918,"[[0.8786718845367432, ""anp_Deva""], [0.11903651803731918, ""hin_Deva""], [0.002069802489131689, ""new_Deva""], [0.0001757283607730642, ""awa_Deva""], [5.6917935580713674e-05, ""mai_Deva""]]"
L5,13033,hin_Deva,0.9337148666381836,0.9337148666381836,"[[0.9337148666381836, ""hin_Deva""], [0.06181173399090767, ""anp_Deva""], [0.0021456752438098192, ""awa_Deva""], [0.0007781329331919551, ""mai_Deva""], [0.0007468373514711857, ""new_Deva""]]"
L5,13048,anp_Deva,0.7727335691452026,0.2244020700454712,"[[0.7727335691452026, ""anp_Deva""], [0.2244020700454712, ""hin_Deva""], [0.0020125319715589285, ""awa_Deva""], [0.0006317957886494696, ""new_Deva""], [0.00020158023107796907, ""mai_Deva""]]"
L5,13049,anp_Deva,0.858543872833252,0.13797156512737274,"[[0.858543872833252, ""anp_Deva""], [0.13797156512737274, ""hin_Deva""], [0.0015033360105007887, ""new_Deva""], [0.001453687553294003, ""awa_Deva""], [0.0002663415507413447, ""mai_Deva""]]"
L5,13052,hin_Deva,0.6080986261367798,0.6080986261367798,"[[0.6080986261367798, ""hin_Deva""], [0.3576655387878418, ""anp_Deva""], [0.03056858293712139, ""awa_Deva""], [0.0016549995634704828, ""new_Deva""], [0.0015173673164099455, ""mai_Deva""]]"
L5,13055,hin_Deva,0.9321281313896179,0.9321281313896179,"[[0.9321281313896179, ""hin_Deva""], [0.051602113991975784, ""anp_Deva""], [0.012960969470441341, ""awa_Deva""], [0.0015400414122268558, ""mai_Deva""], [0.0008397994679398835, ""bho_Deva""]]"
L5,13061,hin_Deva,0.8468313813209534,0.8468313813209534,"[[0.8468313813209534, ""hin_Deva""], [0.14793457090854645, ""anp_Deva""], [0.003252337919548154, ""new_Deva""], [0.0016654367791488767, ""awa_Deva""], [0.00015341689868364483, ""bho_Deva""]]"
L5,13063,anp_Deva,0.5950148701667786,0.3939966857433319,"[[0.5950148701667786, ""anp_Deva""], [0.3939966857433319, ""hin_Deva""], [0.005626273807138205, ""new_Deva""], [0.004007718525826931, ""awa_Deva""], [0.0006943490006960928, ""mai_Deva""]]"
L5,13064,hin_Deva,0.5281400084495544,0.5281400084495544,"[[0.5281400084495544, ""hin_Deva""], [0.46211308240890503, ""anp_Deva""], [0.008139852434396744, ""new_Deva""], [0.0013196002691984177, ""awa_Deva""], [0.00021935920813120902, ""mai_Deva""]]"
L5,13065,hin_Deva,0.5483798980712891,0.5483798980712891,"[[0.5483798980712891, ""hin_Deva""], [0.4118567705154419, ""anp_Deva""], [0.03763945400714874, ""awa_Deva""], [0.0013967675622552633, ""new_Deva""], [0.0005203373148106039, ""bho_Deva""]]"
L5,13066,anp_Deva,0.9748004674911499,0.023619093000888824,"[[0.9748004674911499, ""anp_Deva""], [0.023619093000888824, ""hin_Deva""], [0.0012061489978805184, ""awa_Deva""], [0.00030525901820510626, ""new_Deva""], [7.836523582227528e-05, ""mai_Deva""]]"
L5,13069,anp_Deva,0.8040008544921875,0.19494017958641052,"[[0.8040008544921875, ""anp_Deva""], [0.19494017958641052, ""hin_Deva""], [0.0008630264783278108, ""new_Deva""], [0.00015630348934791982, ""awa_Deva""], [8.186526974895969e-05, ""mai_Deva""]]"
L5,13072,hin_Deva,0.6106169819831848,0.6106169819831848,"[[0.6106169819831848, ""hin_Deva""], [0.3871978223323822, ""anp_Deva""], [0.0012484982144087553, ""awa_Deva""], [0.0007301302393898368, ""new_Deva""], [0.000134938265546225, ""mai_Deva""]]"
L5,13090,hin_Deva,0.8888081312179565,0.8888081312179565,"[[0.8888081312179565, ""hin_Deva""], [0.10727203637361526, ""anp_Deva""], [0.002412081928923726, ""awa_Deva""], [0.0009644076926633716, ""new_Deva""], [0.0003054515109397471, ""bho_Deva""]]"
L5,13099,hin_Deva,0.6593819856643677,0.6593819856643677,"[[0.6593819856643677, ""hin_Deva""], [0.33789217472076416, ""anp_Deva""], [0.00150291807949543, ""awa_Deva""], [0.0007426759693771601, ""mai_Deva""], [0.0004305688198655844, ""new_Deva""]]"
L5,13100,hin_Deva,0.5800124406814575,0.5800124406814575,"[[0.5800124406814575, ""hin_Deva""], [0.4168754518032074, ""anp_Deva""], [0.0018052990781143308, ""new_Deva""], [0.0008417463395744562, ""awa_Deva""], [0.000244791095610708, ""mai_Deva""]]"
L5,13106,anp_Deva,0.7287272214889526,0.23943521082401276,"[[0.7287272214889526, ""anp_Deva""], [0.23943521082401276, ""hin_Deva""], [0.02938791923224926, ""awa_Deva""], [0.0010704436572268605, ""mai_Deva""], [0.0006727371946908534, ""new_Deva""]]"
L5,13116,hin_Deva,0.7196767926216125,0.7196767926216125,"[[0.7196767926216125, ""hin_Deva""], [0.27302873134613037, ""anp_Deva""], [0.004673524294048548, ""new_Deva""], [0.0020467450376600027, ""awa_Deva""], [0.00033437315141782165, ""mai_Deva""]]"
L5,13124,anp_Deva,0.7114449739456177,0.2666953206062317,"[[0.7114449739456177, ""anp_Deva""], [0.2666953206062317, ""hin_Deva""], [0.01795254647731781, ""awa_Deva""], [0.0014393504243344069, ""bho_Deva""], [0.001323749078437686, ""new_Deva""]]"
L5,13135,hin_Deva,0.6866175532341003,0.6866175532341003,"[[0.6866175532341003, ""hin_Deva""], [0.30853644013404846, ""anp_Deva""], [0.0032854857854545116, ""new_Deva""], [0.0011632783571258187, ""awa_Deva""], [0.0002873126359190792, ""bho_Deva""]]"
L5,13139,hin_Deva,0.5837752223014832,0.5837752223014832,"[[0.5837752223014832, ""hin_Deva""], [0.39608263969421387, ""anp_Deva""], [0.00919127743691206, ""awa_Deva""], [0.007033610716462135, ""new_Deva""], [0.0024640203919261694, ""bho_Deva""]]"
L5,13141,anp_Deva,0.9373926520347595,0.06150531396269798,"[[0.9373926520347595, ""anp_Deva""], [0.06150531396269798, ""hin_Deva""], [0.0006072262767702341, ""new_Deva""], [0.00021619244944304228, ""awa_Deva""], [0.00019986565166618675, ""mai_Deva""]]"
L5,13142,anp_Deva,0.5333353877067566,0.4461745321750641,"[[0.5333353877067566, ""anp_Deva""], [0.4461745321750641, ""hin_Deva""], [0.01668897271156311, ""awa_Deva""], [0.0034705684520304203, ""new_Deva""], [0.00026833018637262285, ""mai_Deva""]]"
L5,13144,hin_Deva,0.677368700504303,0.677368700504303,"[[0.677368700504303, ""hin_Deva""], [0.2529119849205017, ""anp_Deva""], [0.06855200231075287, ""awa_Deva""], [0.0007644459838047624, ""new_Deva""], [0.0003697652427945286, ""mai_Deva""]]"
L5,13145,anp_Deva,0.5262060165405273,0.45954442024230957,"[[0.5262060165405273, ""anp_Deva""], [0.45954442024230957, ""hin_Deva""], [0.013675980269908905, ""new_Deva""], [0.0005937371752224863, ""awa_Deva""], [2.540965397201944e-05, ""mai_Deva""]]"
L5,13149,anp_Deva,0.641427218914032,0.35265612602233887,"[[0.641427218914032, ""anp_Deva""], [0.35265612602233887, ""hin_Deva""], [0.005287578329443932, ""awa_Deva""], [0.0003238007193431258, ""new_Deva""], [0.00022809031361248344, ""bho_Deva""]]"
L5,13189,hin_Deva,0.7608258128166199,0.7608258128166199,"[[0.7608258128166199, ""hin_Deva""], [0.228780135512352, ""anp_Deva""], [0.005010646767914295, ""awa_Deva""], [0.0044839223846793175, ""new_Deva""], [0.000778216402977705, ""mai_Deva""]]"
L5,13203,anp_Deva,0.8830734491348267,0.08539688587188721,"[[0.8830734491348267, ""anp_Deva""], [0.08539688587188721, ""hin_Deva""], [0.02939574606716633, ""awa_Deva""], [0.0012129229726269841, ""mai_Deva""], [0.0008685958455316722, ""new_Deva""]]"
L5,13219,hin_Deva,0.9049735069274902,0.9049735069274902,"[[0.9049735069274902, ""hin_Deva""], [0.0891767218708992, ""anp_Deva""], [0.0021815537475049496, ""mai_Deva""], [0.002023398643359542, ""awa_Deva""], [0.0012090471573174, ""new_Deva""]]"
L5,13229,anp_Deva,0.9499439001083374,0.049668945372104645,"[[0.9499439001083374, ""anp_Deva""], [0.049668945372104645, ""hin_Deva""], [0.00025539935450069606, ""awa_Deva""], [7.76365413912572e-05, ""new_Deva""], [5.830022200825624e-05, ""mai_Deva""]]"
L5,13230,hin_Deva,0.9442090392112732,0.9442090392112732,"[[0.9442090392112732, ""hin_Deva""], [0.0212232805788517, ""anp_Deva""], [0.012185072526335716, ""mai_Deva""], [0.008418852463364601, ""awa_Deva""], [0.006867935881018639, ""mar_Deva""]]"
L5,13236,hin_Deva,0.4988575875759125,0.4988575875759125,"[[0.4988575875759125, ""hin_Deva""], [0.4966502785682678, ""anp_Deva""], [0.0026001674123108387, ""awa_Deva""], [0.0009756897343322635, ""new_Deva""], [0.00042139505967497826, ""mai_Deva""]]"
L5,13245,hin_Deva,0.781781792640686,0.781781792640686,"[[0.781781792640686, ""hin_Deva""], [0.20781105756759644, ""anp_Deva""], [0.007484052330255508, ""awa_Deva""], [0.001279306598007679, ""mai_Deva""], [0.0009448970085941255, ""new_Deva""]]"
L5,13246,hin_Deva,0.5902485251426697,0.5902485251426697,"[[0.5902485251426697, ""hin_Deva""], [0.394348680973053, ""anp_Deva""], [0.010003915056586266, ""awa_Deva""], [0.002216988243162632, ""mai_Deva""], [0.0021551623940467834, ""new_Deva""]]"
L5,13257,hin_Deva,0.6536410450935364,0.6536410450935364,"[[0.6536410450935364, ""hin_Deva""], [0.34440404176712036, ""anp_Deva""], [0.0013331647496670485, ""new_Deva""], [0.0005633484688587487, ""awa_Deva""], [9.532960393698886e-05, ""mai_Deva""]]"
L5,13264,anp_Deva,0.8926120400428772,0.1066100150346756,"[[0.8926120400428772, ""anp_Deva""], [0.1066100150346756, ""hin_Deva""], [0.0005348778795450926, ""new_Deva""], [0.0002751913561951369, ""awa_Deva""], [1.312641688855365e-05, ""mai_Deva""]]"
L5,13267,hin_Deva,0.5756387114524841,0.5756387114524841,"[[0.5756387114524841, ""hin_Deva""], [0.42119476199150085, ""anp_Deva""], [0.0013858198653906584, ""awa_Deva""], [0.001259853015653789, ""new_Deva""], [0.0002595727564767003, ""mai_Deva""]]"
L5,13277,hin_Deva,0.9089165329933167,0.9089165329933167,"[[0.9089165329933167, ""hin_Deva""], [0.0801624208688736, ""anp_Deva""], [0.005448441486805677, ""awa_Deva""], [0.0032076931092888117, ""mai_Deva""], [0.001275553833693266, ""new_Deva""]]"
L5,13278,hin_Deva,0.5624614357948303,0.5624614357948303,"[[0.5624614357948303, ""hin_Deva""], [0.417715847492218, ""anp_Deva""], [0.011763174086809158, ""new_Deva""], [0.00364717491902411, ""awa_Deva""], [0.0031002641189843416, ""bho_Deva""]]"
L5,13284,hin_Deva,0.8462682366371155,0.8462682366371155,"[[0.8462682366371155, ""hin_Deva""], [0.1505739539861679, ""anp_Deva""], [0.0012235143221914768, ""new_Deva""], [0.0006742687546648085, ""mai_Deva""], [0.0006066610803827643, ""awa_Deva""]]"
L5,13290,anp_Deva,0.9705121517181396,0.02909943088889122,"[[0.9705121517181396, ""anp_Deva""], [0.02909943088889122, ""hin_Deva""], [0.0002997561532538384, ""awa_Deva""], [8.624665497336537e-05, ""new_Deva""], [4.097921191714704e-05, ""mai_Deva""]]"
L5,13292,anp_Deva,0.9952083230018616,0.0047174482606351376,"[[0.9952083230018616, ""anp_Deva""], [0.0047174482606351376, ""hin_Deva""], [8.538749534636736e-05, ""awa_Deva""], [1.8925289623439312e-05, ""mai_Deva""], [1.865712874860037e-05, ""new_Deva""]]"
L5,13300,anp_Deva,0.6475677490234375,0.30790701508522034,"[[0.6475677490234375, ""anp_Deva""], [0.30790701508522034, ""hin_Deva""], [0.040155068039894104, ""awa_Deva""], [0.0026666561607271433, ""new_Deva""], [0.0012424500891938806, ""mai_Deva""]]"
L5,13307,hin_Deva,0.8469298481941223,0.8469298481941223,"[[0.8469298481941223, ""hin_Deva""], [0.14722302556037903, ""anp_Deva""], [0.004546293057501316, ""awa_Deva""], [0.00075534573988989, ""new_Deva""], [0.0002965163148473948, ""bho_Deva""]]"
L5,13324,hin_Deva,0.7937547564506531,0.7937547564506531,"[[0.7937547564506531, ""hin_Deva""], [0.20356716215610504, ""anp_Deva""], [0.0013648390304297209, ""awa_Deva""], [0.0008550936472602189, ""new_Deva""], [0.0002969812776427716, ""mai_Deva""]]"
L5,13325,anp_Deva,0.886443555355072,0.11246344447135925,"[[0.886443555355072, ""anp_Deva""], [0.11246344447135925, ""hin_Deva""], [0.0005780172650702298, ""awa_Deva""], [0.00030965806217864156, ""new_Deva""], [0.00020761937776114792, ""mai_Deva""]]"
L5,13327,hin_Deva,0.6789690852165222,0.6789690852165222,"[[0.6789690852165222, ""hin_Deva""], [0.3153237998485565, ""anp_Deva""], [0.004767055623233318, ""awa_Deva""], [0.0003580109332688153, ""new_Deva""], [0.00029122797423042357, ""bho_Deva""]]"
L5,13330,hin_Deva,0.7134752869606018,0.7134752869606018,"[[0.7134752869606018, ""hin_Deva""], [0.2858532965183258, ""anp_Deva""], [0.0004354101838544011, ""awa_Deva""], [0.0002485080040059984, ""new_Deva""], [2.3781498384778388e-05, ""mai_Deva""]]"
L5,13341,anp_Deva,0.7503522038459778,0.23965130746364594,"[[0.7503522038459778, ""anp_Deva""], [0.23965130746364594, ""hin_Deva""], [0.007310659624636173, ""awa_Deva""], [0.0009908698266372085, ""mai_Deva""], [0.0008756755269132555, ""new_Deva""]]"
L5,13345,anp_Deva,0.783225417137146,0.21278120577335358,"[[0.783225417137146, ""anp_Deva""], [0.21278120577335358, ""hin_Deva""], [0.003652688581496477, ""awa_Deva""], [0.0003614877350628376, ""new_Deva""], [2.375638359808363e-05, ""bho_Deva""]]"
L5,13367,hin_Deva,0.7843261957168579,0.7843261957168579,"[[0.7843261957168579, ""hin_Deva""], [0.21390685439109802, ""anp_Deva""], [0.0009550887625664473, ""awa_Deva""], [0.0004896818427368999, ""mai_Deva""], [0.0002114679227815941, ""bho_Deva""]]"
L5,13379,hin_Deva,0.5701919794082642,0.5701919794082642,"[[0.5701919794082642, ""hin_Deva""], [0.42028263211250305, ""anp_Deva""], [0.006013346835970879, ""awa_Deva""], [0.003502296283841133, ""new_Deva""], [3.1657466024626046e-05, ""mai_Deva""]]"
L5,13391,anp_Deva,0.993327260017395,0.006650035735219717,"[[0.993327260017395, ""anp_Deva""], [0.006650035735219717, ""hin_Deva""], [3.088813173235394e-05, ""awa_Deva""], [3.0706796678714454e-05, ""new_Deva""], [1.0911965546256397e-05, ""mag_Deva""]]"
L5,13400,hin_Deva,0.8438987731933594,0.8438987731933594,"[[0.8438987731933594, ""hin_Deva""], [0.15439249575138092, ""anp_Deva""], [0.0014480222016572952, ""awa_Deva""], [0.0002464060380589217, ""new_Deva""], [4.41747106378898e-05, ""mai_Deva""]]"
L5,13407,anp_Deva,0.9234750866889954,0.06919290125370026,"[[0.9234750866889954, ""anp_Deva""], [0.06919290125370026, ""hin_Deva""], [0.006956040393561125, ""awa_Deva""], [0.0003554827708285302, ""new_Deva""], [3.418606866034679e-05, ""mai_Deva""]]"
L5,13408,anp_Deva,0.8032193779945374,0.19595791399478912,"[[0.8032193779945374, ""anp_Deva""], [0.19595791399478912, ""hin_Deva""], [0.0006775222718715668, ""awa_Deva""], [0.000154240638948977, ""new_Deva""], [1.9898479877156205e-05, ""bho_Deva""]]"
L5,13414,anp_Deva,0.8808102011680603,0.11787942796945572,"[[0.8808102011680603, ""anp_Deva""], [0.11787942796945572, ""hin_Deva""], [0.0009210159769281745, ""awa_Deva""], [0.00027501978911459446, ""new_Deva""], [7.181335968198255e-05, ""bho_Deva""]]"
L5,13416,hin_Deva,0.6185408234596252,0.6185408234596252,"[[0.6185408234596252, ""hin_Deva""], [0.37614375352859497, ""anp_Deva""], [0.004233652260154486, ""awa_Deva""], [0.0010910681448876858, ""new_Deva""], [3.258525248384103e-05, ""bho_Deva""]]"
L5,13424,hin_Deva,0.7540566325187683,0.7540566325187683,"[[0.7540566325187683, ""hin_Deva""], [0.2386956661939621, ""anp_Deva""], [0.0058147720992565155, ""awa_Deva""], [0.0005616892012767494, ""mag_Deva""], [0.0005143252201378345, ""new_Deva""]]"
L5,13425,anp_Deva,0.6797344088554382,0.31766024231910706,"[[0.6797344088554382, ""anp_Deva""], [0.31766024231910706, ""hin_Deva""], [0.0017332879360765219, ""awa_Deva""], [0.0005245766951702535, ""bho_Deva""], [0.00021246775577310473, ""new_Deva""]]"
L5,13426,anp_Deva,0.8782346844673157,0.12085351347923279,"[[0.8782346844673157, ""anp_Deva""], [0.12085351347923279, ""hin_Deva""], [0.0006169343250803649, ""awa_Deva""], [0.0002459679380990565, ""new_Deva""], [5.555210373131558e-05, ""mag_Deva""]]"
L5,13443,anp_Deva,0.8841477036476135,0.11501200497150421,"[[0.8841477036476135, ""anp_Deva""], [0.11501200497150421, ""hin_Deva""], [0.00037930873804725707, ""awa_Deva""], [0.00029927000286988914, ""new_Deva""], [0.00011207427451154217, ""mai_Deva""]]"
L5,13456,hin_Deva,0.6000775694847107,0.6000775694847107,"[[0.6000775694847107, ""hin_Deva""], [0.39690133929252625, ""anp_Deva""], [0.0025706393644213676, ""awa_Deva""], [0.00031725969165563583, ""new_Deva""], [0.00011364079546183348, ""mai_Deva""]]"
L5,13485,anp_Deva,0.5162726640701294,0.4767777919769287,"[[0.5162726640701294, ""anp_Deva""], [0.4767777919769287, ""hin_Deva""], [0.003203723346814513, ""awa_Deva""], [0.0029131409246474504, ""new_Deva""], [0.0004319389699958265, ""bho_Deva""]]"
L5,13488,anp_Deva,0.8963963389396667,0.10211839526891708,"[[0.8963963389396667, ""anp_Deva""], [0.10211839526891708, ""hin_Deva""], [0.00110423204023391, ""awa_Deva""], [0.0003240963851567358, ""new_Deva""], [5.882481491426006e-05, ""mai_Deva""]]"
L5,13500,hin_Deva,0.5391050577163696,0.5391050577163696,"[[0.5391050577163696, ""hin_Deva""], [0.45218992233276367, ""anp_Deva""], [0.006857248023152351, ""awa_Deva""], [0.001152516808360815, ""new_Deva""], [0.00032080692471936345, ""mai_Deva""]]"
L5,13509,anp_Deva,0.6339713931083679,0.35584384202957153,"[[0.6339713931083679, ""anp_Deva""], [0.35584384202957153, ""hin_Deva""], [0.007879434153437614, ""awa_Deva""], [0.0017594393575564027, ""new_Deva""], [0.0003982194175478071, ""mai_Deva""]]"
L5,13514,hin_Deva,0.5593562126159668,0.5593562126159668,"[[0.5593562126159668, ""hin_Deva""], [0.43674156069755554, ""anp_Deva""], [0.0019714513327926397, ""new_Deva""], [0.0017674561822786927, ""awa_Deva""], [0.0001358573790639639, ""mai_Deva""]]"
L5,13526,hin_Deva,0.9651980996131897,0.9651980996131897,"[[0.9651980996131897, ""hin_Deva""], [0.010969933122396469, ""awa_Deva""], [0.009705952368676662, ""anp_Deva""], [0.009381434880197048, ""bho_Deva""], [0.0037076103035360575, ""new_Deva""]]"
L5,13535,hin_Deva,0.7974036335945129,0.7974036335945129,"[[0.7974036335945129, ""hin_Deva""], [0.19359970092773438, ""anp_Deva""], [0.004518833942711353, ""mai_Deva""], [0.0025463993661105633, ""awa_Deva""], [0.0008934075012803078, ""bho_Deva""]]"
L5,13543,anp_Deva,0.70965576171875,0.2889777421951294,"[[0.70965576171875, ""anp_Deva""], [0.2889777421951294, ""hin_Deva""], [0.00093483628006652, ""awa_Deva""], [0.00021534426196012646, ""mai_Deva""], [0.0002113270020345226, ""new_Deva""]]"
L5,13549,hin_Deva,0.5641723871231079,0.5641723871231079,"[[0.5641723871231079, ""hin_Deva""], [0.4269290864467621, ""anp_Deva""], [0.0065512461587786674, ""awa_Deva""], [0.0016522082732990384, ""new_Deva""], [0.00040293807978741825, ""mai_Deva""]]"
L5,13552,anp_Deva,0.5544586777687073,0.44259580969810486,"[[0.5544586777687073, ""anp_Deva""], [0.44259580969810486, ""hin_Deva""], [0.0011049804743379354, ""awa_Deva""], [0.000861747597809881, ""mai_Deva""], [0.0006391770439222455, ""new_Deva""]]"
L5,13555,anp_Deva,0.8933088183403015,0.09458687901496887,"[[0.8933088183403015, ""anp_Deva""], [0.09458687901496887, ""hin_Deva""], [0.010567651130259037, ""awa_Deva""], [0.0006795415538363159, ""new_Deva""], [0.0003203318628948182, ""mai_Deva""]]"
L5,13561,hin_Deva,0.8996116518974304,0.8996116518974304,"[[0.8996116518974304, ""hin_Deva""], [0.09609333425760269, ""anp_Deva""], [0.002853159559890628, ""awa_Deva""], [0.0009361477568745613, ""new_Deva""], [0.0004336841229815036, ""mai_Deva""]]"
L5,13564,hin_Deva,0.5050162076950073,0.5050162076950073,"[[0.5050162076950073, ""hin_Deva""], [0.48875483870506287, ""anp_Deva""], [0.003941825591027737, ""awa_Deva""], [0.0012466349871829152, ""new_Deva""], [0.000572649238165468, ""mag_Deva""]]"
L5,13572,hin_Deva,0.794486939907074,0.794486939907074,"[[0.794486939907074, ""hin_Deva""], [0.19262322783470154, ""anp_Deva""], [0.006037144456058741, ""new_Deva""], [0.005526312161237001, ""awa_Deva""], [0.0012331233592703938, ""mai_Deva""]]"
L5,13588,hin_Deva,0.6054011583328247,0.6054011583328247,"[[0.6054011583328247, ""hin_Deva""], [0.3938133120536804, ""anp_Deva""], [0.00040855049155652523, ""new_Deva""], [0.00027042077272199094, ""awa_Deva""], [7.054777961457148e-05, ""mag_Deva""]]"
L5,13601,hin_Deva,0.7695047855377197,0.7695047855377197,"[[0.7695047855377197, ""hin_Deva""], [0.21580767631530762, ""anp_Deva""], [0.007927654311060905, ""awa_Deva""], [0.004206893965601921, ""mai_Deva""], [0.001279741059988737, ""bho_Deva""]]"
L5,13616,hin_Deva,0.7738902568817139,0.7738902568817139,"[[0.7738902568817139, ""hin_Deva""], [0.22010107338428497, ""anp_Deva""], [0.005078665446490049, ""awa_Deva""], [0.0008081446285359561, ""new_Deva""], [8.63399836816825e-05, ""mag_Deva""]]"
L5,13618,hin_Deva,0.6029894948005676,0.6029894948005676,"[[0.6029894948005676, ""hin_Deva""], [0.3953638970851898, ""anp_Deva""], [0.0009881318546831608, ""awa_Deva""], [0.0003811259230133146, ""mai_Deva""], [0.00013720041897613555, ""new_Deva""]]"
L5,13625,anp_Deva,0.5726951956748962,0.4254855513572693,"[[0.5726951956748962, ""anp_Deva""], [0.4254855513572693, ""hin_Deva""], [0.0008545775781385601, ""new_Deva""], [0.0007832518895156682, ""awa_Deva""], [0.00021126049978192896, ""mai_Deva""]]"
L5,13656,anp_Deva,0.579547643661499,0.4102737307548523,"[[0.579547643661499, ""anp_Deva""], [0.4102737307548523, ""hin_Deva""], [0.007791703101247549, ""awa_Deva""], [0.0016247056191787124, ""new_Deva""], [0.00038842952926643193, ""doi_Deva""]]"
L5,13657,anp_Deva,0.7924578785896301,0.20584987103939056,"[[0.7924578785896301, ""anp_Deva""], [0.20584987103939056, ""hin_Deva""], [0.0008450944442301989, ""new_Deva""], [0.0006947219371795654, ""awa_Deva""], [0.00012045632320223376, ""mai_Deva""]]"
L5,13667,anp_Deva,0.6390742063522339,0.35594436526298523,"[[0.6390742063522339, ""anp_Deva""], [0.35594436526298523, ""hin_Deva""], [0.003043631324544549, ""awa_Deva""], [0.0007311953231692314, ""mag_Deva""], [0.0005384828546084464, ""new_Deva""]]"
L5,13680,hin_Deva,0.9036207795143127,0.9036207795143127,"[[0.9036207795143127, ""hin_Deva""], [0.08909456431865692, ""anp_Deva""], [0.0038382713682949543, ""awa_Deva""], [0.0014058134984225035, ""bho_Deva""], [0.0011982274008914828, ""new_Deva""]]"
L5,13687,anp_Deva,0.9298958778381348,0.06438013166189194,"[[0.9298958778381348, ""anp_Deva""], [0.06438013166189194, ""hin_Deva""], [0.003594745649024844, ""awa_Deva""], [0.0021297999192029238, ""new_Deva""], [3.514878699206747e-05, ""mai_Deva""]]"
L5,13701,hin_Deva,0.9040154218673706,0.9040154218673706,"[[0.9040154218673706, ""hin_Deva""], [0.09129573404788971, ""anp_Deva""], [0.002191345440223813, ""awa_Deva""], [0.0013103559613227844, ""mag_Deva""], [0.0009426752221770585, ""new_Deva""]]"
L5,13706,hin_Deva,0.800697386264801,0.800697386264801,"[[0.800697386264801, ""hin_Deva""], [0.19413703680038452, ""anp_Deva""], [0.003547081258147955, ""new_Deva""], [0.001590454252436757, ""awa_Deva""], [6.35276228422299e-05, ""mai_Deva""]]"
L5,13714,hin_Deva,0.8134013414382935,0.8134013414382935,"[[0.8134013414382935, ""hin_Deva""], [0.1753353774547577, ""anp_Deva""], [0.006078018806874752, ""new_Deva""], [0.00341304624453187, ""awa_Deva""], [0.0011956874513998628, ""bho_Deva""]]"
L5,13718,hin_Deva,0.558434784412384,0.558434784412384,"[[0.558434784412384, ""hin_Deva""], [0.4395776093006134, ""anp_Deva""], [0.0011414950713515282, ""awa_Deva""], [0.0008622942841611803, ""new_Deva""], [1.8049924619845115e-05, ""mai_Deva""]]"
L5,13728,anp_Deva,0.9436132311820984,0.05458904802799225,"[[0.9436132311820984, ""anp_Deva""], [0.05458904802799225, ""hin_Deva""], [0.0007254061638377607, ""new_Deva""], [0.0006288703880272806, ""awa_Deva""], [0.0004024681984446943, ""mai_Deva""]]"
L5,13731,anp_Deva,0.5927872061729431,0.3930250406265259,"[[0.5927872061729431, ""anp_Deva""], [0.3930250406265259, ""hin_Deva""], [0.010070801712572575, ""awa_Deva""], [0.003003709949553013, ""new_Deva""], [0.0007858912576921284, ""mai_Deva""]]"
L5,13735,anp_Deva,0.6080048084259033,0.38816818594932556,"[[0.6080048084259033, ""anp_Deva""], [0.38816818594932556, ""hin_Deva""], [0.002143226331099868, ""new_Deva""], [0.0014128515031188726, ""awa_Deva""], [0.00012094058183720335, ""mag_Deva""]]"
L5,13741,hin_Deva,0.6049192547798157,0.6049192547798157,"[[0.6049192547798157, ""hin_Deva""], [0.3877563774585724, ""anp_Deva""], [0.005551074631512165, ""awa_Deva""], [0.0006896821432746947, ""new_Deva""], [0.0006721000536344945, ""mai_Deva""]]"
L5,13742,anp_Deva,0.5634070038795471,0.41147664189338684,"[[0.5634070038795471, ""anp_Deva""], [0.41147664189338684, ""hin_Deva""], [0.014681654050946236, ""new_Deva""], [0.00962053332477808, ""awa_Deva""], [0.0005171410157345235, ""bho_Deva""]]"
L5,13753,anp_Deva,0.6925239562988281,0.30121520161628723,"[[0.6925239562988281, ""anp_Deva""], [0.30121520161628723, ""hin_Deva""], [0.005281359422951937, ""awa_Deva""], [0.0005340669304132462, ""new_Deva""], [0.0002675982832442969, ""bho_Deva""]]"
L5,13756,anp_Deva,0.9954367876052856,0.0045354366302490234,"[[0.9954367876052856, ""anp_Deva""], [0.0045354366302490234, ""hin_Deva""], [4.2767445847857744e-05, ""awa_Deva""], [2.103783845086582e-05, ""new_Deva""], [1.2490280823840294e-05, ""mai_Deva""]]"
L5,13774,anp_Deva,0.9562028646469116,0.04291490837931633,"[[0.9562028646469116, ""anp_Deva""], [0.04291490837931633, ""hin_Deva""], [0.0006677068886347115, ""awa_Deva""], [0.00012885124306194484, ""new_Deva""], [0.00010366203787270933, ""mai_Deva""]]"
L5,13776,anp_Deva,0.6567525863647461,0.3258623480796814,"[[0.6567525863647461, ""anp_Deva""], [0.3258623480796814, ""hin_Deva""], [0.012474270537495613, ""awa_Deva""], [0.0018255780450999737, ""new_Deva""], [0.0017405373509973288, ""mag_Deva""]]"
L5,13777,anp_Deva,0.9223554134368896,0.07367055118083954,"[[0.9223554134368896, ""anp_Deva""], [0.07367055118083954, ""hin_Deva""], [0.0019000159809365869, ""awa_Deva""], [0.0015849805204197764, ""new_Deva""], [0.0005145177710801363, ""mai_Deva""]]"
L5,13781,anp_Deva,0.9447394609451294,0.05406950041651726,"[[0.9447394609451294, ""anp_Deva""], [0.05406950041651726, ""hin_Deva""], [0.0006031892844475806, ""awa_Deva""], [0.0003970476391259581, ""new_Deva""], [7.256202661665156e-05, ""mai_Deva""]]"
L5,13788,hin_Deva,0.7353673577308655,0.7353673577308655,"[[0.7353673577308655, ""hin_Deva""], [0.18797527253627777, ""anp_Deva""], [0.07177048921585083, ""awa_Deva""], [0.0019805787596851587, ""new_Deva""], [0.0019415976712480187, ""bho_Deva""]]"
L5,13793,hin_Deva,0.7906522154808044,0.7906522154808044,"[[0.7906522154808044, ""hin_Deva""], [0.19649836421012878, ""anp_Deva""], [0.008112511597573757, ""new_Deva""], [0.002960502402856946, ""awa_Deva""], [0.0011251484975218773, ""bho_Deva""]]"
L5,13805,anp_Deva,0.6389499306678772,0.3570820093154907,"[[0.6389499306678772, ""anp_Deva""], [0.3570820093154907, ""hin_Deva""], [0.001371932914480567, ""awa_Deva""], [0.001211665105074644, ""new_Deva""], [0.0007057850598357618, ""bho_Deva""]]"
L5,13820,anp_Deva,0.6496050953865051,0.3453700840473175,"[[0.6496050953865051, ""anp_Deva""], [0.3453700840473175, ""hin_Deva""], [0.002989657921716571, ""awa_Deva""], [0.0017057583900168538, ""new_Deva""], [0.00026547478046268225, ""mai_Deva""]]"
L5,13823,anp_Deva,0.5337072610855103,0.45661255717277527,"[[0.5337072610855103, ""anp_Deva""], [0.45661255717277527, ""hin_Deva""], [0.004037739709019661, ""awa_Deva""], [0.0023666792549192905, ""bho_Deva""], [0.001872240100055933, ""new_Deva""]]"
L5,13834,hin_Deva,0.6112952828407288,0.6112952828407288,"[[0.6112952828407288, ""hin_Deva""], [0.38012784719467163, ""anp_Deva""], [0.007244127336889505, ""awa_Deva""], [0.0008563516312278807, ""new_Deva""], [0.00040577840991318226, ""bho_Deva""]]"
L5,13841,hin_Deva,0.8015657067298889,0.8015657067298889,"[[0.8015657067298889, ""hin_Deva""], [0.19069889187812805, ""anp_Deva""], [0.003218686440959573, ""awa_Deva""], [0.002081687794998288, ""new_Deva""], [0.001367120654322207, ""mai_Deva""]]"
L5,13853,anp_Deva,0.8481101989746094,0.1497879922389984,"[[0.8481101989746094, ""anp_Deva""], [0.1497879922389984, ""hin_Deva""], [0.0011593549279496074, ""awa_Deva""], [0.0004989888984709978, ""new_Deva""], [0.00021819354151375592, ""mag_Deva""]]"
L5,13859,anp_Deva,0.9966908097267151,0.0032379410695284605,"[[0.9966908097267151, ""anp_Deva""], [0.0032379410695284605, ""hin_Deva""], [6.359423423418775e-05, ""awa_Deva""], [4.5730965211987495e-05, ""new_Deva""], [1.0688588190532755e-05, ""mai_Deva""]]"
L5,13862,hin_Deva,0.9569980502128601,0.9569980502128601,"[[0.9569980502128601, ""hin_Deva""], [0.03957423195242882, ""anp_Deva""], [0.0017456873320043087, ""awa_Deva""], [0.0012359784450381994, ""new_Deva""], [0.0003511590475682169, ""mai_Deva""]]"
L5,13863,hin_Deva,0.8886775970458984,0.8886775970458984,"[[0.8886775970458984, ""hin_Deva""], [0.09506771713495255, ""anp_Deva""], [0.009080605581402779, ""new_Deva""], [0.006937678903341293, ""awa_Deva""], [0.0002253906277474016, ""mai_Deva""]]"
L5,13873,anp_Deva,0.8793022632598877,0.11569108068943024,"[[0.8793022632598877, ""anp_Deva""], [0.11569108068943024, ""hin_Deva""], [0.004352980758994818, ""awa_Deva""], [0.0005866948631592095, ""new_Deva""], [0.00010094080062117428, ""mai_Deva""]]"
L5,13874,hin_Deva,0.8106825351715088,0.8106825351715088,"[[0.8106825351715088, ""hin_Deva""], [0.17859485745429993, ""anp_Deva""], [0.007269664667546749, ""awa_Deva""], [0.0021853777579963207, ""new_Deva""], [0.0005969922640360892, ""mai_Deva""]]"
L5,13883,anp_Deva,0.7714411616325378,0.21843251585960388,"[[0.7714411616325378, ""anp_Deva""], [0.21843251585960388, ""hin_Deva""], [0.008390462026000023, ""awa_Deva""], [0.0011021420359611511, ""new_Deva""], [0.0004284619353711605, ""mai_Deva""]]"
L5,13897,anp_Deva,0.5958995223045349,0.40125423669815063,"[[0.5958995223045349, ""anp_Deva""], [0.40125423669815063, ""hin_Deva""], [0.0012413314543664455, ""new_Deva""], [0.0011688596569001675, ""awa_Deva""], [0.00020386051619425416, ""bho_Deva""]]"
L5,13909,hin_Deva,0.8028873801231384,0.8028873801231384,"[[0.8028873801231384, ""hin_Deva""], [0.18719467520713806, ""anp_Deva""], [0.009115542285144329, ""awa_Deva""], [0.0005652721156366169, ""new_Deva""], [0.00014387397095561028, ""bho_Deva""]]"
L5,13922,anp_Deva,0.7098249197006226,0.28834068775177,"[[0.7098249197006226, ""anp_Deva""], [0.28834068775177, ""hin_Deva""], [0.0009312889305874705, ""new_Deva""], [0.0007065082900226116, ""awa_Deva""], [0.00014257065777201205, ""mai_Deva""]]"
L5,13928,anp_Deva,0.6825600266456604,0.31210923194885254,"[[0.6825600266456604, ""anp_Deva""], [0.31210923194885254, ""hin_Deva""], [0.0035137664526700974, ""awa_Deva""], [0.0015931070083752275, ""new_Deva""], [0.0001454901066608727, ""mai_Deva""]]"
L5,13930,hin_Deva,0.785598874092102,0.785598874092102,"[[0.785598874092102, ""hin_Deva""], [0.2077162265777588, ""anp_Deva""], [0.0049371905624866486, ""awa_Deva""], [0.0008232936379499733, ""new_Deva""], [0.0005282029160298407, ""mai_Deva""]]"
L5,13932,hin_Deva,0.714443027973175,0.714443027973175,"[[0.714443027973175, ""hin_Deva""], [0.277476966381073, ""anp_Deva""], [0.003795473836362362, ""awa_Deva""], [0.002332711825147271, ""mag_Deva""], [0.0015972875989973545, ""new_Deva""]]"
L5,13944,hin_Deva,0.7485055327415466,0.7485055327415466,"[[0.7485055327415466, ""hin_Deva""], [0.2465604841709137, ""anp_Deva""], [0.0015699428040534258, ""mag_Deva""], [0.001393388258293271, ""bho_Deva""], [0.0008998600533232093, ""awa_Deva""]]"
L5,13955,anp_Deva,0.6988636255264282,0.29517292976379395,"[[0.6988636255264282, ""anp_Deva""], [0.29517292976379395, ""hin_Deva""], [0.0021473364904522896, ""awa_Deva""], [0.0021155618596822023, ""new_Deva""], [0.0008315276354551315, ""mai_Deva""]]"
L5,13956,hin_Deva,0.7773351073265076,0.7773351073265076,"[[0.7773351073265076, ""hin_Deva""], [0.17451919615268707, ""anp_Deva""], [0.04519839212298393, ""awa_Deva""], [0.0016416372964158654, ""mai_Deva""], [0.0011397275375202298, ""new_Deva""]]"
L5,13982,hin_Deva,0.541644811630249,0.541644811630249,"[[0.541644811630249, ""hin_Deva""], [0.4569202661514282, ""anp_Deva""], [0.0009891294175758958, ""awa_Deva""], [0.00041172964847646654, ""new_Deva""], [6.626029789913446e-05, ""mai_Deva""]]"
L5,13994,anp_Deva,0.7313013076782227,0.26771944761276245,"[[0.7313013076782227, ""anp_Deva""], [0.26771944761276245, ""hin_Deva""], [0.000395125534851104, ""awa_Deva""], [0.00036451892810873687, ""new_Deva""], [0.00016983711975626647, ""mag_Deva""]]"
L5,14005,hin_Deva,0.6445081830024719,0.6445081830024719,"[[0.6445081830024719, ""hin_Deva""], [0.3523235321044922, ""anp_Deva""], [0.0021579531021416187, ""awa_Deva""], [0.0003017463895957917, ""new_Deva""], [0.00027843285351991653, ""mag_Deva""]]"
L5,14010,hin_Deva,0.5661759972572327,0.5661759972572327,"[[0.5661759972572327, ""hin_Deva""], [0.4189310669898987, ""anp_Deva""], [0.012866595759987831, ""awa_Deva""], [0.0013487902469933033, ""new_Deva""], [0.00046463418402709067, ""mai_Deva""]]"
L5,14015,anp_Deva,0.8311598300933838,0.16576442122459412,"[[0.8311598300933838, ""anp_Deva""], [0.16576442122459412, ""hin_Deva""], [0.002331659896299243, ""awa_Deva""], [0.000626813096459955, ""new_Deva""], [9.007585322251543e-05, ""mai_Deva""]]"
L5,14028,anp_Deva,0.5700761079788208,0.42691928148269653,"[[0.5700761079788208, ""anp_Deva""], [0.42691928148269653, ""hin_Deva""], [0.0012476947158575058, ""new_Deva""], [0.001138964667916298, ""awa_Deva""], [0.000280259846476838, ""mai_Deva""]]"
L5,14033,anp_Deva,0.9089418053627014,0.08832249790430069,"[[0.9089418053627014, ""anp_Deva""], [0.08832249790430069, ""hin_Deva""], [0.0025614197365939617, ""awa_Deva""], [0.00011021409591194242, ""new_Deva""], [4.4052205339539796e-05, ""mup_Deva""]]"
L5,14034,anp_Deva,0.637320876121521,0.35623815655708313,"[[0.637320876121521, ""anp_Deva""], [0.35623815655708313, ""hin_Deva""], [0.005293940659612417, ""awa_Deva""], [0.0006412055809050798, ""new_Deva""], [0.00031443728948943317, ""mag_Deva""]]"
L5,14041,hin_Deva,0.9798595905303955,0.9798595905303955,"[[0.9798595905303955, ""hin_Deva""], [0.01530743483453989, ""anp_Deva""], [0.0028885887004435062, ""new_Deva""], [0.0012233894085511565, ""awa_Deva""], [0.0004117339849472046, ""mai_Deva""]]"
L5,14043,anp_Deva,0.5938987731933594,0.40188291668891907,"[[0.5938987731933594, ""anp_Deva""], [0.40188291668891907, ""hin_Deva""], [0.001563181751407683, ""awa_Deva""], [0.001116134924814105, ""mai_Deva""], [0.00101737049408257, ""new_Deva""]]"
L5,14044,anp_Deva,0.5826151371002197,0.4080089032649994,"[[0.5826151371002197, ""anp_Deva""], [0.4080089032649994, ""hin_Deva""], [0.007873387075960636, ""awa_Deva""], [0.0013996445341035724, ""new_Deva""], [6.363239663187414e-05, ""mai_Deva""]]"
L5,14045,anp_Deva,0.6950892806053162,0.30124709010124207,"[[0.6950892806053162, ""anp_Deva""], [0.30124709010124207, ""hin_Deva""], [0.0020964585710316896, ""new_Deva""], [0.0011736263986676931, ""awa_Deva""], [0.0003488374059088528, ""mai_Deva""]]"
L5,14049,hin_Deva,0.5150388479232788,0.5150388479232788,"[[0.5150388479232788, ""hin_Deva""], [0.480686217546463, ""anp_Deva""], [0.00179979985114187, ""awa_Deva""], [0.001585545251145959, ""new_Deva""], [0.0005986753385514021, ""mai_Deva""]]"
L5,14054,hin_Deva,0.9428649544715881,0.9428649544715881,"[[0.9428649544715881, ""hin_Deva""], [0.0552394799888134, ""anp_Deva""], [0.0015748193254694343, ""awa_Deva""], [0.00029632748919539154, ""new_Deva""], [3.678895518532954e-05, ""mai_Deva""]]"
L5,14075,hin_Deva,0.8872610330581665,0.8872610330581665,"[[0.8872610330581665, ""hin_Deva""], [0.11039725691080093, ""anp_Deva""], [0.0009132487466558814, ""new_Deva""], [0.0008820008370094001, ""awa_Deva""], [0.00024314984329976141, ""bho_Deva""]]"
L5,14089,hin_Deva,0.6120785474777222,0.6120785474777222,"[[0.6120785474777222, ""hin_Deva""], [0.38274937868118286, ""anp_Deva""], [0.0043932972475886345, ""awa_Deva""], [0.00036896526580676436, ""new_Deva""], [0.0002237637818325311, ""bho_Deva""]]"
L5,14093,anp_Deva,0.9590354561805725,0.04040316119790077,"[[0.9590354561805725, ""anp_Deva""], [0.04040316119790077, ""hin_Deva""], [0.00026402249932289124, ""new_Deva""], [0.00021652321447618306, ""awa_Deva""], [0.00012593857536558062, ""mai_Deva""]]"
L5,14094,hin_Deva,0.6628071665763855,0.6628071665763855,"[[0.6628071665763855, ""hin_Deva""], [0.3319701850414276, ""anp_Deva""], [0.004137866199016571, ""awa_Deva""], [0.00046143890358507633, ""new_Deva""], [0.0004246405733283609, ""mai_Deva""]]"
L5,14099,anp_Deva,0.7583112120628357,0.23928773403167725,"[[0.7583112120628357, ""anp_Deva""], [0.23928773403167725, ""hin_Deva""], [0.0012190267443656921, ""awa_Deva""], [0.0010449779219925404, ""new_Deva""], [8.048101153690368e-05, ""doi_Deva""]]"
L5,14110,hin_Deva,0.6407727599143982,0.6407727599143982,"[[0.6407727599143982, ""hin_Deva""], [0.35154449939727783, ""anp_Deva""], [0.0043586487881839275, ""new_Deva""], [0.002081788145005703, ""awa_Deva""], [0.0006357477395795286, ""mai_Deva""]]"
L5,14118,anp_Deva,0.9509574770927429,0.046418700367212296,"[[0.9509574770927429, ""anp_Deva""], [0.046418700367212296, ""hin_Deva""], [0.0018109679222106934, ""new_Deva""], [0.0005898323142901063, ""awa_Deva""], [0.00018696805636864156, ""bho_Deva""]]"
L5,14120,anp_Deva,0.6023998260498047,0.38552844524383545,"[[0.6023998260498047, ""anp_Deva""], [0.38552844524383545, ""hin_Deva""], [0.010297758504748344, ""awa_Deva""], [0.0016860320465639234, ""new_Deva""], [0.00010397718870081007, ""mai_Deva""]]"
L5,14121,anp_Deva,0.8421931266784668,0.1492980718612671,"[[0.8421931266784668, ""anp_Deva""], [0.1492980718612671, ""hin_Deva""], [0.008123443461954594, ""awa_Deva""], [0.0002388855064054951, ""new_Deva""], [0.00014178003766573966, ""mai_Deva""]]"
L5,14137,anp_Deva,0.5867668986320496,0.4125065505504608,"[[0.5867668986320496, ""anp_Deva""], [0.4125065505504608, ""hin_Deva""], [0.0003910506493411958, ""new_Deva""], [0.00035288292565383017, ""awa_Deva""], [1.7669757653493434e-05, ""mai_Deva""]]"
L5,14138,hin_Deva,0.8319573998451233,0.8319573998451233,"[[0.8319573998451233, ""hin_Deva""], [0.15216873586177826, ""anp_Deva""], [0.008741273544728756, ""awa_Deva""], [0.0032133928034454584, ""mai_Deva""], [0.002122996374964714, ""bho_Deva""]]"
L5,14175,hin_Deva,0.5428880453109741,0.5428880453109741,"[[0.5428880453109741, ""hin_Deva""], [0.44995415210723877, ""anp_Deva""], [0.004102574661374092, ""awa_Deva""], [0.0018207314424216747, ""mai_Deva""], [0.0008231432875618339, ""new_Deva""]]"
L5,14191,hin_Deva,0.7992393970489502,0.7992393970489502,"[[0.7992393970489502, ""hin_Deva""], [0.19221030175685883, ""anp_Deva""], [0.0051530031487345695, ""awa_Deva""], [0.0031128625851124525, ""new_Deva""], [0.0002522777649573982, ""mai_Deva""]]"
L5,14193,hin_Deva,0.9661532044410706,0.9661532044410706,"[[0.9661532044410706, ""hin_Deva""], [0.02653748169541359, ""anp_Deva""], [0.0050099254585802555, ""awa_Deva""], [0.0009183610673062503, ""new_Deva""], [0.0007729743956588209, ""bho_Deva""]]"
L5,14195,anp_Deva,0.6029664278030396,0.3911597430706024,"[[0.6029664278030396, ""anp_Deva""], [0.3911597430706024, ""hin_Deva""], [0.004771927371621132, ""awa_Deva""], [0.0009420110727660358, ""new_Deva""], [0.0001642847782932222, ""mai_Deva""]]"
L5,14212,hin_Deva,0.8239052295684814,0.8239052295684814,"[[0.8239052295684814, ""hin_Deva""], [0.1718374639749527, ""anp_Deva""], [0.0023341928608715534, ""new_Deva""], [0.0015624455409124494, ""awa_Deva""], [0.00031176189077086747, ""mai_Deva""]]"
L5,14237,hin_Deva,0.876754879951477,0.876754879951477,"[[0.876754879951477, ""hin_Deva""], [0.10239476710557938, ""anp_Deva""], [0.012082547880709171, ""awa_Deva""], [0.0038882221560925245, ""mai_Deva""], [0.002406445797532797, ""new_Deva""]]"
L5,14238,hin_Deva,0.7619832158088684,0.7619832158088684,"[[0.7619832158088684, ""hin_Deva""], [0.21040385961532593, ""anp_Deva""], [0.01150617003440857, ""new_Deva""], [0.010423160158097744, ""awa_Deva""], [0.004335923120379448, ""bho_Deva""]]"
L5,14244,anp_Deva,0.9608078002929688,0.038622211664915085,"[[0.9608078002929688, ""anp_Deva""], [0.038622211664915085, ""hin_Deva""], [0.0005032172193750739, ""awa_Deva""], [5.6776007113512605e-05, ""new_Deva""], [4.03469312004745e-05, ""bho_Deva""]]"
L5,14260,anp_Deva,0.8159614205360413,0.1800006628036499,"[[0.8159614205360413, ""anp_Deva""], [0.1800006628036499, ""hin_Deva""], [0.0032295032870024443, ""awa_Deva""], [0.0006206257385201752, ""new_Deva""], [0.00015635686577297747, ""mai_Deva""]]"
L5,14263,anp_Deva,0.998996913433075,0.0008999475394375622,"[[0.998996913433075, ""anp_Deva""], [0.0008999475394375622, ""hin_Deva""], [7.461763016181067e-05, ""new_Deva""], [6.544875941472128e-05, ""awa_Deva""], [1.1293114766885992e-05, ""mai_Deva""]]"
L5,14269,hin_Deva,0.7570968270301819,0.7570968270301819,"[[0.7570968270301819, ""hin_Deva""], [0.14123645424842834, ""anp_Deva""], [0.08874008804559708, ""awa_Deva""], [0.012141312472522259, ""new_Deva""], [0.0006513328989967704, ""mai_Deva""]]"
L5,14286,hin_Deva,0.9616201519966125,0.9616201519966125,"[[0.9616201519966125, ""hin_Deva""], [0.02379203774034977, ""anp_Deva""], [0.005203797947615385, ""mai_Deva""], [0.004470602609217167, ""awa_Deva""], [0.0038515194319188595, ""new_Deva""]]"
L5,14289,anp_Deva,0.9575220942497253,0.04155046120285988,"[[0.9575220942497253, ""anp_Deva""], [0.04155046120285988, ""hin_Deva""], [0.0005024988204240799, ""awa_Deva""], [0.00044454081216827035, ""new_Deva""], [1.774967859091703e-05, ""mai_Deva""]]"
L5,14291,hin_Deva,0.5206547975540161,0.5206547975540161,"[[0.5206547975540161, ""hin_Deva""], [0.4757290482521057, ""anp_Deva""], [0.0015576578443869948, ""awa_Deva""], [0.0012712408788502216, ""new_Deva""], [0.0005570577341131866, ""bho_Deva""]]"
L5,14302,hin_Deva,0.5391931533813477,0.5391931533813477,"[[0.5391931533813477, ""hin_Deva""], [0.4429364800453186, ""anp_Deva""], [0.01339701097458601, ""awa_Deva""], [0.003568541957065463, ""new_Deva""], [0.0005020392127335072, ""mai_Deva""]]"
L5,14303,anp_Deva,0.5440412163734436,0.44487541913986206,"[[0.5440412163734436, ""anp_Deva""], [0.44487541913986206, ""hin_Deva""], [0.007728428579866886, ""awa_Deva""], [0.0023320189211517572, ""new_Deva""], [0.0004738034913316369, ""mai_Deva""]]"
L5,14304,anp_Deva,0.6007001399993896,0.39609265327453613,"[[0.6007001399993896, ""anp_Deva""], [0.39609265327453613, ""hin_Deva""], [0.001992938807234168, ""awa_Deva""], [0.0009811562485992908, ""new_Deva""], [0.0001553432084619999, ""mai_Deva""]]"
L5,14310,anp_Deva,0.7776501774787903,0.2217329889535904,"[[0.7776501774787903, ""anp_Deva""], [0.2217329889535904, ""hin_Deva""], [0.00032445357646793127, ""awa_Deva""], [0.00026748294476419687, ""new_Deva""], [5.3361000027507544e-05, ""mai_Deva""]]"
L5,14331,anp_Deva,0.7054445147514343,0.2903968095779419,"[[0.7054445147514343, ""anp_Deva""], [0.2903968095779419, ""hin_Deva""], [0.0023875408805906773, ""awa_Deva""], [0.0014902384718880057, ""new_Deva""], [0.0002123774029314518, ""mai_Deva""]]"
L5,14344,anp_Deva,0.5716107487678528,0.4266860783100128,"[[0.5716107487678528, ""anp_Deva""], [0.4266860783100128, ""hin_Deva""], [0.001010460196994245, ""awa_Deva""], [0.0005183215835131705, ""new_Deva""], [0.0001218190518557094, ""mai_Deva""]]"
L5,14355,hin_Deva,0.7123010754585266,0.7123010754585266,"[[0.7123010754585266, ""hin_Deva""], [0.23043638467788696, ""anp_Deva""], [0.046321820467710495, ""new_Deva""], [0.0038394867442548275, ""awa_Deva""], [0.0036653641145676374, ""bho_Deva""]]"
L5,14362,anp_Deva,0.5925633907318115,0.39889219403266907,"[[0.5925633907318115, ""anp_Deva""], [0.39889219403266907, ""hin_Deva""], [0.005499150138348341, ""awa_Deva""], [0.0027842686977237463, ""new_Deva""], [0.00019315580721013248, ""bho_Deva""]]"
L5,14367,anp_Deva,0.9477038979530334,0.051839862018823624,"[[0.9477038979530334, ""anp_Deva""], [0.051839862018823624, ""hin_Deva""], [0.00033607007935643196, ""new_Deva""], [0.00015771263861097395, ""awa_Deva""], [1.1186748452018946e-05, ""mai_Deva""]]"
L5,14379,hin_Deva,0.6360503435134888,0.6360503435134888,"[[0.6360503435134888, ""hin_Deva""], [0.3460533916950226, ""anp_Deva""], [0.010545477271080017, ""awa_Deva""], [0.007018564734607935, ""new_Deva""], [0.00019874441204592586, ""mai_Deva""]]"
L5,14392,hin_Deva,0.5850815773010254,0.5850815773010254,"[[0.5850815773010254, ""hin_Deva""], [0.409932404756546, ""anp_Deva""], [0.0025591403245925903, ""awa_Deva""], [0.0013023987412452698, ""new_Deva""], [0.0008184185717254877, ""mai_Deva""]]"
L5,14398,hin_Deva,0.5895319581031799,0.5895319581031799,"[[0.5895319581031799, ""hin_Deva""], [0.39097338914871216, ""anp_Deva""], [0.016425510868430138, ""awa_Deva""], [0.0027609053067862988, ""new_Deva""], [0.00021304642723407596, ""mai_Deva""]]"
L5,14403,anp_Deva,0.7303975820541382,0.26476046442985535,"[[0.7303975820541382, ""anp_Deva""], [0.26476046442985535, ""hin_Deva""], [0.0035942434333264828, ""new_Deva""], [0.001241209451109171, ""awa_Deva""], [2.5668065063655376e-05, ""mai_Deva""]]"
L5,14414,anp_Deva,0.886015772819519,0.11068180203437805,"[[0.886015772819519, ""anp_Deva""], [0.11068180203437805, ""hin_Deva""], [0.0028586843982338905, ""awa_Deva""], [0.00020567074534483254, ""new_Deva""], [0.0001509042049292475, ""mai_Deva""]]"
L5,14418,hin_Deva,0.509187638759613,0.509187638759613,"[[0.509187638759613, ""hin_Deva""], [0.4864725172519684, ""anp_Deva""], [0.001421013381332159, ""mag_Deva""], [0.0012875095708295703, ""new_Deva""], [0.0006704097613692284, ""awa_Deva""]]"
L5,14435,anp_Deva,0.7958180904388428,0.20119838416576385,"[[0.7958180904388428, ""anp_Deva""], [0.20119838416576385, ""hin_Deva""], [0.0023090876638889313, ""awa_Deva""], [0.0003973736020270735, ""new_Deva""], [0.00016782003513071686, ""mag_Deva""]]"
L5,14441,anp_Deva,0.7502501010894775,0.23461751639842987,"[[0.7502501010894775, ""anp_Deva""], [0.23461751639842987, ""hin_Deva""], [0.01313083153218031, ""awa_Deva""], [0.001506237662397325, ""new_Deva""], [0.0003916877612937242, ""mai_Deva""]]"
L5,14448,hin_Deva,0.6065284609794617,0.6065284609794617,"[[0.6065284609794617, ""hin_Deva""], [0.3873867392539978, ""anp_Deva""], [0.0038140881806612015, ""awa_Deva""], [0.000967400090303272, ""new_Deva""], [0.000735837034881115, ""mai_Deva""]]"
L5,14452,anp_Deva,0.9788640737533569,0.019844602793455124,"[[0.9788640737533569, ""anp_Deva""], [0.019844602793455124, ""hin_Deva""], [0.0011233757250010967, ""awa_Deva""], [9.75703660515137e-05, ""mai_Deva""], [9.116528235608712e-05, ""new_Deva""]]"
L5,14456,anp_Deva,0.6153143048286438,0.3728131949901581,"[[0.6153143048286438, ""anp_Deva""], [0.3728131949901581, ""hin_Deva""], [0.008355647325515747, ""awa_Deva""], [0.0017619000282138586, ""new_Deva""], [0.0014496395597234368, ""mai_Deva""]]"
L5,14459,hin_Deva,0.6167211532592773,0.6167211532592773,"[[0.6167211532592773, ""hin_Deva""], [0.36324724555015564, ""anp_Deva""], [0.010122079402208328, ""awa_Deva""], [0.009416904300451279, ""new_Deva""], [0.00025082926731556654, ""mai_Deva""]]"
L5,14460,anp_Deva,0.9626922607421875,0.0367232970893383,"[[0.9626922607421875, ""anp_Deva""], [0.0367232970893383, ""hin_Deva""], [0.0002719798358157277, ""awa_Deva""], [0.00021644805383402854, ""new_Deva""], [7.674463267903775e-05, ""mai_Deva""]]"
L5,14462,anp_Deva,0.9966874122619629,0.0030926570761948824,"[[0.9966874122619629, ""anp_Deva""], [0.0030926570761948824, ""hin_Deva""], [0.00024410639889538288, ""new_Deva""], [1.2499777767516207e-05, ""awa_Deva""], [1.1046511644963175e-05, ""mai_Deva""]]"
L5,14465,anp_Deva,0.9098390936851501,0.08925966173410416,"[[0.9098390936851501, ""anp_Deva""], [0.08925966173410416, ""hin_Deva""], [0.0008746752282604575, ""awa_Deva""], [5.9313271776773036e-05, ""new_Deva""], [1.3721108189201914e-05, ""bho_Deva""]]"
L5,14484,anp_Deva,0.5971212387084961,0.3913952708244324,"[[0.5971212387084961, ""anp_Deva""], [0.3913952708244324, ""hin_Deva""], [0.0066942619159817696, ""awa_Deva""], [0.0021673343144357204, ""bho_Deva""], [0.002082382794469595, ""new_Deva""]]"
L5,14514,hin_Deva,0.7814094424247742,0.7814094424247742,"[[0.7814094424247742, ""hin_Deva""], [0.2153993844985962, ""anp_Deva""], [0.0021280935034155846, ""awa_Deva""], [0.0008857522625476122, ""new_Deva""], [0.0001597495429450646, ""mai_Deva""]]"
L5,14516,anp_Deva,0.737785816192627,0.26116931438446045,"[[0.737785816192627, ""anp_Deva""], [0.26116931438446045, ""hin_Deva""], [0.0005901296972297132, ""awa_Deva""], [0.0003129755496047437, ""new_Deva""], [0.00012147704546805471, ""mai_Deva""]]"
L5,14517,hin_Deva,0.7503246068954468,0.7503246068954468,"[[0.7503246068954468, ""hin_Deva""], [0.2443026602268219, ""anp_Deva""], [0.002705126302316785, ""new_Deva""], [0.0014635681873187423, ""awa_Deva""], [0.0006188426050357521, ""mai_Deva""]]"
L5,14518,anp_Deva,0.886120080947876,0.11139922589063644,"[[0.886120080947876, ""anp_Deva""], [0.11139922589063644, ""hin_Deva""], [0.0016854179557412863, ""awa_Deva""], [0.0006874386454001069, ""new_Deva""], [0.0001000802221824415, ""mai_Deva""]]"
L5,14529,hin_Deva,0.5308244824409485,0.5308244824409485,"[[0.5308244824409485, ""hin_Deva""], [0.4537055492401123, ""anp_Deva""], [0.008549929596483707, ""awa_Deva""], [0.006112433969974518, ""new_Deva""], [0.0006943566258996725, ""mai_Deva""]]"
L5,14531,anp_Deva,0.7220234870910645,0.2764076292514801,"[[0.7220234870910645, ""anp_Deva""], [0.2764076292514801, ""hin_Deva""], [0.000947502616327256, ""new_Deva""], [0.00048084594891406596, ""awa_Deva""], [7.832055416656658e-05, ""mai_Deva""]]"
L5,14539,anp_Deva,0.79738849401474,0.1994103193283081,"[[0.79738849401474, ""anp_Deva""], [0.1994103193283081, ""hin_Deva""], [0.0016153022879734635, ""awa_Deva""], [0.000594134209677577, ""mai_Deva""], [0.0005893729394301772, ""new_Deva""]]"
L5,14546,anp_Deva,0.8145438432693481,0.18451179563999176,"[[0.8145438432693481, ""anp_Deva""], [0.18451179563999176, ""hin_Deva""], [0.0005167609197087586, ""awa_Deva""], [0.0004455630842130631, ""new_Deva""], [2.270577897434123e-05, ""mai_Deva""]]"
L5,14547,hin_Deva,0.586298942565918,0.586298942565918,"[[0.586298942565918, ""hin_Deva""], [0.4087291359901428, ""anp_Deva""], [0.003929947502911091, ""awa_Deva""], [0.0007316267001442611, ""new_Deva""], [0.0001622653944650665, ""bho_Deva""]]"
L5,14558,hin_Deva,0.7141042947769165,0.7141042947769165,"[[0.7141042947769165, ""hin_Deva""], [0.2771422863006592, ""anp_Deva""], [0.0066661350429058075, ""awa_Deva""], [0.001869022729806602, ""new_Deva""], [0.00015722097305115312, ""bho_Deva""]]"
L5,14571,hin_Deva,0.6828201413154602,0.6828201413154602,"[[0.6828201413154602, ""hin_Deva""], [0.312732994556427, ""anp_Deva""], [0.002030564472079277, ""awa_Deva""], [0.0018083826871588826, ""mai_Deva""], [0.00031414805562235415, ""new_Deva""]]"
L5,14580,anp_Deva,0.8224329352378845,0.17526495456695557,"[[0.8224329352378845, ""anp_Deva""], [0.17526495456695557, ""hin_Deva""], [0.0017455134075134993, ""awa_Deva""], [0.0003978692111559212, ""new_Deva""], [0.00010446221858728677, ""mai_Deva""]]"
L5,14615,hin_Deva,0.9822331666946411,0.9822331666946411,"[[0.9822331666946411, ""hin_Deva""], [0.008585873991250992, ""anp_Deva""], [0.0038815957959741354, ""awa_Deva""], [0.0015646852552890778, ""bho_Deva""], [0.0013733133673667908, ""mag_Deva""]]"
L5,14619,anp_Deva,0.8685873746871948,0.12831394374370575,"[[0.8685873746871948, ""anp_Deva""], [0.12831394374370575, ""hin_Deva""], [0.0014009170699864626, ""awa_Deva""], [0.0013913990696892142, ""new_Deva""], [0.00019775994587689638, ""bho_Deva""]]"
L5,14622,anp_Deva,0.9460456967353821,0.052403707057237625,"[[0.9460456967353821, ""anp_Deva""], [0.052403707057237625, ""hin_Deva""], [0.0010485912207514048, ""awa_Deva""], [0.00045927820610813797, ""new_Deva""], [3.683708928292617e-05, ""mag_Deva""]]"
L5,14630,hin_Deva,0.5368180274963379,0.5368180274963379,"[[0.5368180274963379, ""hin_Deva""], [0.45634356141090393, ""anp_Deva""], [0.0034441333264112473, ""awa_Deva""], [0.0014396030455827713, ""new_Deva""], [0.0010982111562043428, ""mai_Deva""]]"
L5,14638,hin_Deva,0.9613453149795532,0.9613453149795532,"[[0.9613453149795532, ""hin_Deva""], [0.03578571975231171, ""anp_Deva""], [0.0018128107767552137, ""new_Deva""], [0.0009121790062636137, ""awa_Deva""], [0.00015966501086950302, ""mai_Deva""]]"
L5,14642,anp_Deva,0.5727480053901672,0.4220547378063202,"[[0.5727480053901672, ""anp_Deva""], [0.4220547378063202, ""hin_Deva""], [0.003536595031619072, ""awa_Deva""], [0.0013731182552874088, ""new_Deva""], [0.0002563490706961602, ""mai_Deva""]]"
L5,14645,anp_Deva,0.5322344303131104,0.45986220240592957,"[[0.5322344303131104, ""anp_Deva""], [0.45986220240592957, ""hin_Deva""], [0.0034457251895219088, ""new_Deva""], [0.0020016790367662907, ""awa_Deva""], [0.0018705928232520819, ""mag_Deva""]]"
L5,14647,anp_Deva,0.9054586887359619,0.09371312707662582,"[[0.9054586887359619, ""anp_Deva""], [0.09371312707662582, ""hin_Deva""], [0.0005039318348281085, ""awa_Deva""], [0.0003262055979575962, ""new_Deva""], [3.8226273318286985e-05, ""mai_Deva""]]"
L5,14648,anp_Deva,0.648248553276062,0.35088303685188293,"[[0.648248553276062, ""anp_Deva""], [0.35088303685188293, ""hin_Deva""], [0.00040550914127379656, ""awa_Deva""], [0.0003948270168621093, ""new_Deva""], [6.307497824309394e-05, ""bho_Deva""]]"
L5,14649,anp_Deva,0.9964349865913391,0.003386416472494602,"[[0.9964349865913391, ""anp_Deva""], [0.003386416472494602, ""hin_Deva""], [0.00018700692453421652, ""awa_Deva""], [3.037105852854438e-05, ""new_Deva""], [1.082921698980499e-05, ""mai_Deva""]]"
L5,14678,anp_Deva,0.6675489544868469,0.3262099027633667,"[[0.6675489544868469, ""anp_Deva""], [0.3262099027633667, ""hin_Deva""], [0.0036781628150492907, ""awa_Deva""], [0.0011214986443519592, ""new_Deva""], [0.0008242811309173703, ""bho_Deva""]]"
L5,14684,anp_Deva,0.7093843817710876,0.27901938557624817,"[[0.7093843817710876, ""anp_Deva""], [0.27901938557624817, ""hin_Deva""], [0.0034553222358226776, ""mag_Deva""], [0.002923897234722972, ""awa_Deva""], [0.002409622771665454, ""bho_Deva""]]"
L5,14688,anp_Deva,0.511711597442627,0.470899373292923,"[[0.511711597442627, ""anp_Deva""], [0.470899373292923, ""hin_Deva""], [0.01410253532230854, ""awa_Deva""], [0.002793216845020652, ""new_Deva""], [0.00024685528478585184, ""bho_Deva""]]"
L5,14692,anp_Deva,0.7415761947631836,0.2562420070171356,"[[0.7415761947631836, ""anp_Deva""], [0.2562420070171356, ""hin_Deva""], [0.001967565156519413, ""new_Deva""], [0.00020394122111611068, ""awa_Deva""], [3.556412775651552e-05, ""bho_Deva""]]"
L5,14694,hin_Deva,0.7322281002998352,0.7322281002998352,"[[0.7322281002998352, ""hin_Deva""], [0.2638441324234009, ""anp_Deva""], [0.001799245597794652, ""awa_Deva""], [0.0008066185400821269, ""bho_Deva""], [0.0007180421962402761, ""new_Deva""]]"
L5,14715,hin_Deva,0.9447714686393738,0.9447714686393738,"[[0.9447714686393738, ""hin_Deva""], [0.04904281347990036, ""anp_Deva""], [0.003676752792671323, ""awa_Deva""], [0.0015305711422115564, ""new_Deva""], [0.00042588342330418527, ""mai_Deva""]]"
L5,14725,hin_Deva,0.9409299492835999,0.9409299492835999,"[[0.9409299492835999, ""hin_Deva""], [0.04776037484407425, ""anp_Deva""], [0.007240380626171827, ""new_Deva""], [0.0034527480602264404, ""awa_Deva""], [0.00034768725163303316, ""bho_Deva""]]"
L5,14726,hin_Deva,0.507584810256958,0.507584810256958,"[[0.507584810256958, ""hin_Deva""], [0.47652146220207214, ""anp_Deva""], [0.011638887226581573, ""awa_Deva""], [0.0027878903783857822, ""new_Deva""], [0.0014114138903096318, ""mai_Deva""]]"
L5,14730,anp_Deva,0.676826536655426,0.32211416959762573,"[[0.676826536655426, ""anp_Deva""], [0.32211416959762573, ""hin_Deva""], [0.0005656711873598397, ""new_Deva""], [0.000473797379527241, ""awa_Deva""], [5.963947478448972e-05, ""mai_Deva""]]"
L5,14738,hin_Deva,0.8078987002372742,0.8078987002372742,"[[0.8078987002372742, ""hin_Deva""], [0.18538914620876312, ""anp_Deva""], [0.00205227080732584, ""awa_Deva""], [0.0018499179277569056, ""bho_Deva""], [0.0012882299488410354, ""new_Deva""]]"
L5,14741,hin_Deva,0.9830020070075989,0.9830020070075989,"[[0.9830020070075989, ""hin_Deva""], [0.012570159509778023, ""anp_Deva""], [0.0018083594040945172, ""awa_Deva""], [0.0013989672297611833, ""new_Deva""], [0.0007433753344230354, ""mai_Deva""]]"
L5,14749,hin_Deva,0.7977306246757507,0.7977306246757507,"[[0.7977306246757507, ""hin_Deva""], [0.16697657108306885, ""anp_Deva""], [0.02663169428706169, ""awa_Deva""], [0.004533526953309774, ""new_Deva""], [0.0038734106346964836, ""mai_Deva""]]"
L5,14755,hin_Deva,0.8973375558853149,0.8973375558853149,"[[0.8973375558853149, ""hin_Deva""], [0.09612813591957092, ""anp_Deva""], [0.0026013690512627363, ""awa_Deva""], [0.0018876262474805117, ""new_Deva""], [0.0009394143125973642, ""mag_Deva""]]"
L5,14757,hin_Deva,0.4980212450027466,0.4980212450027466,"[[0.4980212450027466, ""hin_Deva""], [0.4965132474899292, ""anp_Deva""], [0.002468701219186187, ""new_Deva""], [0.0019577506463974714, ""awa_Deva""], [0.0006421565194614232, ""bho_Deva""]]"
L5,14764,hin_Deva,0.6246222853660583,0.6246222853660583,"[[0.6246222853660583, ""hin_Deva""], [0.36939647793769836, ""anp_Deva""], [0.005172631237655878, ""awa_Deva""], [0.000277418497717008, ""mag_Deva""], [0.00024184506037272513, ""bho_Deva""]]"
L5,14765,anp_Deva,0.6543986201286316,0.3424934148788452,"[[0.6543986201286316, ""anp_Deva""], [0.3424934148788452, ""hin_Deva""], [0.002716030925512314, ""awa_Deva""], [0.0003426366893108934, ""new_Deva""], [5.5719396186759695e-05, ""mai_Deva""]]"
L5,14780,hin_Deva,0.9387636780738831,0.9387636780738831,"[[0.9387636780738831, ""hin_Deva""], [0.04963086545467377, ""anp_Deva""], [0.007730924058705568, ""awa_Deva""], [0.0021245183888822794, ""new_Deva""], [0.0012569272657856345, ""bho_Deva""]]"
L5,14786,anp_Deva,0.7386431694030762,0.2573018968105316,"[[0.7386431694030762, ""anp_Deva""], [0.2573018968105316, ""hin_Deva""], [0.0020563644357025623, ""awa_Deva""], [0.0009071590611711144, ""mag_Deva""], [0.0006331423646770418, ""new_Deva""]]"
L5,14799,anp_Deva,0.9668604135513306,0.03299475088715553,"[[0.9668604135513306, ""anp_Deva""], [0.03299475088715553, ""hin_Deva""], [0.00011879222438437864, ""new_Deva""], [5.86706300964579e-05, ""awa_Deva""], [1.325614266534103e-05, ""mai_Deva""]]"
L5,14811,hin_Deva,0.5415486097335815,0.5415486097335815,"[[0.5415486097335815, ""hin_Deva""], [0.4510752856731415, ""anp_Deva""], [0.0030702699441462755, ""new_Deva""], [0.002893183147534728, ""awa_Deva""], [0.000950454268604517, ""mai_Deva""]]"
L5,14816,anp_Deva,0.6561314463615417,0.3404785692691803,"[[0.6561314463615417, ""anp_Deva""], [0.3404785692691803, ""hin_Deva""], [0.0022884178906679153, ""awa_Deva""], [0.0005446127033792436, ""mag_Deva""], [0.00029875358450226486, ""mai_Deva""]]"
L5,14818,hin_Deva,0.5333725810050964,0.5333725810050964,"[[0.5333725810050964, ""hin_Deva""], [0.45463302731513977, ""anp_Deva""], [0.006079253740608692, ""awa_Deva""], [0.003172229276970029, ""mai_Deva""], [0.0018133762059733272, ""new_Deva""]]"
L5,14821,hin_Deva,0.8775073885917664,0.8775073885917664,"[[0.8775073885917664, ""hin_Deva""], [0.11436052620410919, ""anp_Deva""], [0.005428631324321032, ""awa_Deva""], [0.0015743831172585487, ""mag_Deva""], [0.00045937346294522285, ""mai_Deva""]]"
L5,14834,hin_Deva,0.6656177043914795,0.6656177043914795,"[[0.6656177043914795, ""hin_Deva""], [0.3320610523223877, ""anp_Deva""], [0.0010445913067087531, ""new_Deva""], [0.0008343463414348662, ""awa_Deva""], [0.00023719969613011926, ""mai_Deva""]]"
L5,14860,anp_Deva,0.9054098129272461,0.09223059564828873,"[[0.9054098129272461, ""anp_Deva""], [0.09223059564828873, ""hin_Deva""], [0.0018377936212345958, ""awa_Deva""], [0.00034974663867615163, ""new_Deva""], [0.00012447229528333992, ""mai_Deva""]]"
L5,14872,anp_Deva,0.8641785979270935,0.13268475234508514,"[[0.8641785979270935, ""anp_Deva""], [0.13268475234508514, ""hin_Deva""], [0.0015741240931674838, ""awa_Deva""], [0.0011568748159334064, ""new_Deva""], [0.00026514005730859935, ""mai_Deva""]]"
L5,14883,anp_Deva,0.973753035068512,0.025102347135543823,"[[0.973753035068512, ""anp_Deva""], [0.025102347135543823, ""hin_Deva""], [0.000612833013292402, ""awa_Deva""], [0.0003648371493909508, ""new_Deva""], [0.00011255348363192752, ""mag_Deva""]]"
L5,14891,anp_Deva,0.9480264782905579,0.045549869537353516,"[[0.9480264782905579, ""anp_Deva""], [0.045549869537353516, ""hin_Deva""], [0.0062624006532132626, ""awa_Deva""], [0.0001309272920479998, ""new_Deva""], [5.628154758596793e-05, ""mai_Deva""]]"
L5,14895,anp_Deva,0.6666972041130066,0.3272029161453247,"[[0.6666972041130066, ""anp_Deva""], [0.3272029161453247, ""hin_Deva""], [0.005388846155256033, ""awa_Deva""], [0.0006695478223264217, ""new_Deva""], [5.8863424783339724e-05, ""mai_Deva""]]"
L5,14899,anp_Deva,0.7012577652931213,0.2962813079357147,"[[0.7012577652931213, ""anp_Deva""], [0.2962813079357147, ""hin_Deva""], [0.001950648264028132, ""awa_Deva""], [0.00033241015626117587, ""new_Deva""], [0.00016332670929841697, ""mai_Deva""]]"
L5,14901,hin_Deva,0.8550949096679688,0.8550949096679688,"[[0.8550949096679688, ""hin_Deva""], [0.1397828757762909, ""anp_Deva""], [0.0029840562492609024, ""new_Deva""], [0.0017579306149855256, ""awa_Deva""], [0.00027185745420865715, ""bho_Deva""]]"
L5,14916,anp_Deva,0.708660900592804,0.2890099883079529,"[[0.708660900592804, ""anp_Deva""], [0.2890099883079529, ""hin_Deva""], [0.0017724829958751798, ""awa_Deva""], [0.0002444075944367796, ""mai_Deva""], [0.00022657294175587595, ""bho_Deva""]]"
L5,14919,hin_Deva,0.550777018070221,0.550777018070221,"[[0.550777018070221, ""hin_Deva""], [0.44051817059516907, ""anp_Deva""], [0.007231844123452902, ""awa_Deva""], [0.0014392056036740541, ""new_Deva""], [4.5566233893623576e-05, ""mag_Deva""]]"
L5,14922,anp_Deva,0.9453014731407166,0.052170529961586,"[[0.9453014731407166, ""anp_Deva""], [0.052170529961586, ""hin_Deva""], [0.0016627665609121323, ""awa_Deva""], [0.0006632415461353958, ""mai_Deva""], [0.00012401174171827734, ""bho_Deva""]]"
L5,14925,hin_Deva,0.6549383997917175,0.6549383997917175,"[[0.6549383997917175, ""hin_Deva""], [0.33505553007125854, ""anp_Deva""], [0.004527098499238491, ""awa_Deva""], [0.004219113849103451, ""new_Deva""], [0.0006697419448755682, ""bho_Deva""]]"
L5,14937,hin_Deva,0.5015454292297363,0.5015454292297363,"[[0.5015454292297363, ""hin_Deva""], [0.49237045645713806, ""anp_Deva""], [0.004124614410102367, ""awa_Deva""], [0.000941942329518497, ""new_Deva""], [0.00048605602933093905, ""mai_Deva""]]"
L5,14948,anp_Deva,0.6780241131782532,0.3205024003982544,"[[0.6780241131782532, ""anp_Deva""], [0.3205024003982544, ""hin_Deva""], [0.0009150677942670882, ""awa_Deva""], [0.0005730625707656145, ""new_Deva""], [2.2823816834716126e-05, ""sck_Deva""]]"
L5,14953,hin_Deva,0.8926905989646912,0.8926905989646912,"[[0.8926905989646912, ""hin_Deva""], [0.10482773184776306, ""anp_Deva""], [0.0009548105299472809, ""awa_Deva""], [0.0007217344245873392, ""mai_Deva""], [0.00041055414476431906, ""bho_Deva""]]"
L5,14959,anp_Deva,0.9854841232299805,0.014307312667369843,"[[0.9854841232299805, ""anp_Deva""], [0.014307312667369843, ""hin_Deva""], [0.00021294059115462005, ""awa_Deva""], [1.9535840692697093e-05, ""mai_Deva""], [1.9250270270276815e-05, ""new_Deva""]]"
L5,14966,anp_Deva,0.9466117024421692,0.05215184763073921,"[[0.9466117024421692, ""anp_Deva""], [0.05215184763073921, ""hin_Deva""], [0.0009901028824970126, ""awa_Deva""], [0.0002551999350544065, ""new_Deva""], [2.051650153589435e-05, ""bho_Deva""]]"
L5,14981,hin_Deva,0.6717372536659241,0.6717372536659241,"[[0.6717372536659241, ""hin_Deva""], [0.2927715480327606, ""anp_Deva""], [0.030078141018748283, ""awa_Deva""], [0.0028479292523115873, ""new_Deva""], [0.001859612064436078, ""mai_Deva""]]"
L5,14982,hin_Deva,0.7277159690856934,0.7277159690856934,"[[0.7277159690856934, ""hin_Deva""], [0.22543977200984955, ""anp_Deva""], [0.02548183873295784, ""new_Deva""], [0.02057204395532608, ""awa_Deva""], [0.0004684755695052445, ""mai_Deva""]]"
L5,14984,hin_Deva,0.7178443074226379,0.7178443074226379,"[[0.7178443074226379, ""hin_Deva""], [0.2771897614002228, ""anp_Deva""], [0.004175929352641106, ""awa_Deva""], [0.0004286293115001172, ""bho_Deva""], [0.0002603603934403509, ""new_Deva""]]"
L5,14997,hin_Deva,0.7031038403511047,0.7031038403511047,"[[0.7031038403511047, ""hin_Deva""], [0.2758616805076599, ""anp_Deva""], [0.010078136809170246, ""awa_Deva""], [0.005618541967123747, ""new_Deva""], [0.0028297211974859238, ""mai_Deva""]]"
L5,15000,hin_Deva,0.5812274813652039,0.5812274813652039,"[[0.5812274813652039, ""hin_Deva""], [0.3615720272064209, ""anp_Deva""], [0.05096610635519028, ""new_Deva""], [0.002097762655466795, ""awa_Deva""], [0.0020164032466709614, ""bho_Deva""]]"
L5,15013,hin_Deva,0.7848663926124573,0.7848663926124573,"[[0.7848663926124573, ""hin_Deva""], [0.19663453102111816, ""anp_Deva""], [0.01567786931991577, ""awa_Deva""], [0.0013650147011503577, ""new_Deva""], [0.0011979462578892708, ""mai_Deva""]]"
L5,15021,hin_Deva,0.9761478900909424,0.9761478900909424,"[[0.9761478900909424, ""hin_Deva""], [0.01912730187177658, ""anp_Deva""], [0.002078006509691477, ""awa_Deva""], [0.0015920005971565843, ""mai_Deva""], [0.0006880807923153043, ""new_Deva""]]"
L5,15028,anp_Deva,0.7529864311218262,0.23235030472278595,"[[0.7529864311218262, ""anp_Deva""], [0.23235030472278595, ""hin_Deva""], [0.007903524674475193, ""bho_Deva""], [0.004408925771713257, ""awa_Deva""], [0.0019542903173714876, ""mai_Deva""]]"
L5,15032,anp_Deva,0.5000512599945068,0.48447802662849426,"[[0.5000512599945068, ""anp_Deva""], [0.48447802662849426, ""hin_Deva""], [0.0067089456133544445, ""awa_Deva""], [0.0050026108510792255, ""new_Deva""], [0.002643119776621461, ""bho_Deva""]]"
L5,15047,hin_Deva,0.9088267087936401,0.9088267087936401,"[[0.9088267087936401, ""hin_Deva""], [0.08529213815927505, ""anp_Deva""], [0.0038008783012628555, ""awa_Deva""], [0.0007320448057726026, ""new_Deva""], [0.0006813208456151187, ""mai_Deva""]]"
L5,15048,hin_Deva,0.7721536755561829,0.7721536755561829,"[[0.7721536755561829, ""hin_Deva""], [0.22508595883846283, ""anp_Deva""], [0.0023923616390675306, ""awa_Deva""], [0.00017970804765354842, ""bho_Deva""], [0.00014652118261437863, ""new_Deva""]]"
L5,15051,anp_Deva,0.56669682264328,0.4198382794857025,"[[0.56669682264328, ""anp_Deva""], [0.4198382794857025, ""hin_Deva""], [0.009577873162925243, ""new_Deva""], [0.0035878100898116827, ""awa_Deva""], [0.00018793590425048023, ""mai_Deva""]]"
L5,15057,anp_Deva,0.9961425065994263,0.003779633203521371,"[[0.9961425065994263, ""anp_Deva""], [0.003779633203521371, ""hin_Deva""], [9.550359391141683e-05, ""awa_Deva""], [1.8204960724688135e-05, ""new_Deva""], [1.2892972335976083e-05, ""mag_Deva""]]"
L5,15059,hin_Deva,0.973166286945343,0.973166286945343,"[[0.973166286945343, ""hin_Deva""], [0.01639939472079277, ""anp_Deva""], [0.005162080284208059, ""new_Deva""], [0.0035308324731886387, ""awa_Deva""], [0.0008092459756880999, ""bho_Deva""]]"
L5,15062,anp_Deva,0.8417069911956787,0.15380367636680603,"[[0.8417069911956787, ""anp_Deva""], [0.15380367636680603, ""hin_Deva""], [0.00403224304318428, ""awa_Deva""], [0.00035987517912872136, ""new_Deva""], [9.971875988412648e-05, ""mai_Deva""]]"
L5,15064,anp_Deva,0.8435453772544861,0.1543567031621933,"[[0.8435453772544861, ""anp_Deva""], [0.1543567031621933, ""hin_Deva""], [0.0018972121179103851, ""awa_Deva""], [0.00018495378026273102, ""new_Deva""], [3.396645115572028e-05, ""mai_Deva""]]"
L5,15080,anp_Deva,0.9541366696357727,0.04357351362705231,"[[0.9541366696357727, ""anp_Deva""], [0.04357351362705231, ""hin_Deva""], [0.0017776706954464316, ""awa_Deva""], [0.0002700960321817547, ""mai_Deva""], [0.00026127873570658267, ""new_Deva""]]"
L5,15081,hin_Deva,0.5329666137695312,0.5329666137695312,"[[0.5329666137695312, ""hin_Deva""], [0.46535709500312805, ""anp_Deva""], [0.0009066998027265072, ""new_Deva""], [0.000548067910131067, ""bho_Deva""], [0.00015739724040031433, ""awa_Deva""]]"
L5,15113,anp_Deva,0.9628118276596069,0.03478417545557022,"[[0.9628118276596069, ""anp_Deva""], [0.03478417545557022, ""hin_Deva""], [0.0022267852909862995, ""awa_Deva""], [0.00019288374460302293, ""new_Deva""], [2.9918825021013618e-05, ""mai_Deva""]]"
L5,15124,hin_Deva,0.66962069272995,0.66962069272995,"[[0.66962069272995, ""hin_Deva""], [0.3229466378688812, ""anp_Deva""], [0.0037245501298457384, ""new_Deva""], [0.0030240092892199755, ""awa_Deva""], [0.0005535587552003562, ""mai_Deva""]]"
L5,15126,hin_Deva,0.6030964851379395,0.6030964851379395,"[[0.6030964851379395, ""hin_Deva""], [0.3912866413593292, ""anp_Deva""], [0.00289031770080328, ""new_Deva""], [0.0018657040782272816, ""awa_Deva""], [0.0005697292508557439, ""mai_Deva""]]"
L5,15128,hin_Deva,0.8836650252342224,0.8836650252342224,"[[0.8836650252342224, ""hin_Deva""], [0.10420862585306168, ""anp_Deva""], [0.006662915926426649, ""awa_Deva""], [0.004238593392074108, ""new_Deva""], [0.000595329562202096, ""mar_Deva""]]"
L5,15129,anp_Deva,0.8593977093696594,0.13939593732357025,"[[0.8593977093696594, ""anp_Deva""], [0.13939593732357025, ""hin_Deva""], [0.0005834068870171905, ""awa_Deva""], [0.0005051051266491413, ""new_Deva""], [8.703325147507712e-05, ""mai_Deva""]]"
L5,15132,anp_Deva,0.9202828407287598,0.07885188609361649,"[[0.9202828407287598, ""anp_Deva""], [0.07885188609361649, ""hin_Deva""], [0.0007213748758658767, ""awa_Deva""], [0.00017691923130769283, ""new_Deva""], [1.3297077202878427e-05, ""mai_Deva""]]"
L5,15140,anp_Deva,0.755346417427063,0.2390715628862381,"[[0.755346417427063, ""anp_Deva""], [0.2390715628862381, ""hin_Deva""], [0.0039611877873539925, ""awa_Deva""], [0.0016227916348725557, ""new_Deva""], [2.6532405172474682e-05, ""mai_Deva""]]"
L5,15141,anp_Deva,0.9825499057769775,0.016915207728743553,"[[0.9825499057769775, ""anp_Deva""], [0.016915207728743553, ""hin_Deva""], [0.0003270666056778282, ""mai_Deva""], [0.0001789304515114054, ""new_Deva""], [6.506055797217414e-05, ""awa_Deva""]]"
L5,15155,anp_Deva,0.8904922604560852,0.1076354905962944,"[[0.8904922604560852, ""anp_Deva""], [0.1076354905962944, ""hin_Deva""], [0.0015732806641608477, ""awa_Deva""], [0.00028274147189222276, ""new_Deva""], [4.0461294702254236e-05, ""mai_Deva""]]"
L5,15160,hin_Deva,0.8615816831588745,0.8615816831588745,"[[0.8615816831588745, ""hin_Deva""], [0.12488820403814316, ""anp_Deva""], [0.006211414933204651, ""mai_Deva""], [0.002760852687060833, ""awa_Deva""], [0.0026654282119125128, ""bho_Deva""]]"
L5,15176,anp_Deva,0.8155403137207031,0.18129347264766693,"[[0.8155403137207031, ""anp_Deva""], [0.18129347264766693, ""hin_Deva""], [0.0023971141781657934, ""new_Deva""], [0.0003875730908475816, ""mai_Deva""], [0.0003819256671704352, ""awa_Deva""]]"
L5,15177,hin_Deva,0.8155294060707092,0.8155294060707092,"[[0.8155294060707092, ""hin_Deva""], [0.16849367320537567, ""anp_Deva""], [0.012049464508891106, ""awa_Deva""], [0.003458982100710273, ""new_Deva""], [0.00041899431380443275, ""mai_Deva""]]"
L5,15187,hin_Deva,0.5447662472724915,0.5447662472724915,"[[0.5447662472724915, ""hin_Deva""], [0.4484545588493347, ""anp_Deva""], [0.0029220490250736475, ""awa_Deva""], [0.0023653050884604454, ""mai_Deva""], [0.0013404084602370858, ""new_Deva""]]"
L5,15188,hin_Deva,0.7362862825393677,0.7362862825393677,"[[0.7362862825393677, ""hin_Deva""], [0.25538700819015503, ""anp_Deva""], [0.006218367256224155, ""awa_Deva""], [0.0009409699705429375, ""new_Deva""], [0.0003708785807248205, ""mai_Deva""]]"
L5,15199,hin_Deva,0.79058837890625,0.79058837890625,"[[0.79058837890625, ""hin_Deva""], [0.2011393904685974, ""anp_Deva""], [0.004225585144013166, ""mai_Deva""], [0.0015347726875916123, ""awa_Deva""], [0.0009669343126006424, ""bho_Deva""]]"
L5,15200,anp_Deva,0.5368357300758362,0.45421460270881653,"[[0.5368357300758362, ""anp_Deva""], [0.45421460270881653, ""hin_Deva""], [0.008047560229897499, ""awa_Deva""], [0.0007668179459869862, ""new_Deva""], [0.00014013734471518546, ""mai_Deva""]]"
L5,15209,anp_Deva,0.8203110694885254,0.17630347609519958,"[[0.8203110694885254, ""anp_Deva""], [0.17630347609519958, ""hin_Deva""], [0.0011479464592412114, ""awa_Deva""], [0.000850390293635428, ""new_Deva""], [0.0007625441066920757, ""mai_Deva""]]"
L5,15222,anp_Deva,0.823452889919281,0.17506246268749237,"[[0.823452889919281, ""anp_Deva""], [0.17506246268749237, ""hin_Deva""], [0.0007377567235380411, ""new_Deva""], [0.0004868823161814362, ""awa_Deva""], [0.0001503700768807903, ""mai_Deva""]]"
L5,15225,hin_Deva,0.8144855499267578,0.8144855499267578,"[[0.8144855499267578, ""hin_Deva""], [0.17612043023109436, ""anp_Deva""], [0.004431435838341713, ""awa_Deva""], [0.0017069927416741848, ""new_Deva""], [0.0012040355941280723, ""mai_Deva""]]"
L5,15227,anp_Deva,0.9200831055641174,0.017546260729432106,"[[0.9200831055641174, ""anp_Deva""], [0.057385724037885666, ""new_Deva""], [0.017546260729432106, ""hin_Deva""], [0.004438147880136967, ""awa_Deva""], [0.000478254456538707, ""mai_Deva""]]"
L5,15239,anp_Deva,0.522895872592926,0.46742379665374756,"[[0.522895872592926, ""anp_Deva""], [0.46742379665374756, ""hin_Deva""], [0.005512034986168146, ""new_Deva""], [0.002771656960248947, ""awa_Deva""], [0.0009498218423686922, ""bho_Deva""]]"
L5,15256,anp_Deva,0.8402910828590393,0.15885648131370544,"[[0.8402910828590393, ""anp_Deva""], [0.15885648131370544, ""hin_Deva""], [0.0007153591141104698, ""awa_Deva""], [9.103496267925948e-05, ""new_Deva""], [6.392947398126125e-05, ""mai_Deva""]]"
L5,15266,anp_Deva,0.9490360021591187,0.05051957070827484,"[[0.9490360021591187, ""anp_Deva""], [0.05051957070827484, ""hin_Deva""], [0.00035559924435801804, ""awa_Deva""], [0.00012266026169527322, ""new_Deva""], [1.4263150660553947e-05, ""mai_Deva""]]"
L5,15277,anp_Deva,0.9612683057785034,0.03687211871147156,"[[0.9612683057785034, ""anp_Deva""], [0.03687211871147156, ""hin_Deva""], [0.0010989393340423703, ""awa_Deva""], [0.0004465223173610866, ""new_Deva""], [0.000134752961457707, ""bho_Deva""]]"
L5,15285,anp_Deva,0.9236109256744385,0.07270292192697525,"[[0.9236109256744385, ""anp_Deva""], [0.07270292192697525, ""hin_Deva""], [0.003362966002896428, ""awa_Deva""], [0.00031349502387456596, ""new_Deva""], [3.644207026809454e-05, ""bho_Deva""]]"
L5,15291,anp_Deva,0.9236606359481812,0.07480932027101517,"[[0.9236606359481812, ""anp_Deva""], [0.07480932027101517, ""hin_Deva""], [0.0010695528471842408, ""new_Deva""], [0.0004778416478075087, ""awa_Deva""], [1.6167216017493047e-05, ""mai_Deva""]]"
L5,15294,anp_Deva,0.9029918313026428,0.09481487423181534,"[[0.9029918313026428, ""anp_Deva""], [0.09481487423181534, ""hin_Deva""], [0.0016998975770547986, ""awa_Deva""], [0.0004689507477451116, ""new_Deva""], [3.766357258427888e-05, ""mai_Deva""]]"
L5,15297,anp_Deva,0.6239721775054932,0.3698681592941284,"[[0.6239721775054932, ""anp_Deva""], [0.3698681592941284, ""hin_Deva""], [0.005173852201551199, ""awa_Deva""], [0.0007168803713284433, ""new_Deva""], [0.00021192642452660948, ""mai_Deva""]]"
L5,15322,anp_Deva,0.722770094871521,0.26939013600349426,"[[0.722770094871521, ""anp_Deva""], [0.26939013600349426, ""hin_Deva""], [0.005290564615279436, ""new_Deva""], [0.0021307680290192366, ""awa_Deva""], [0.0002664914645720273, ""mai_Deva""]]"
L5,15330,hin_Deva,0.5627830028533936,0.5627830028533936,"[[0.5627830028533936, ""hin_Deva""], [0.4272477924823761, ""anp_Deva""], [0.007660530507564545, ""awa_Deva""], [0.0019488558173179626, ""new_Deva""], [0.00026757045998238027, ""mai_Deva""]]"
L5,15331,hin_Deva,0.5676649212837219,0.5676649212837219,"[[0.5676649212837219, ""hin_Deva""], [0.420051246881485, ""anp_Deva""], [0.004777771886438131, ""mag_Deva""], [0.0037451356183737516, ""awa_Deva""], [0.0025036621373146772, ""new_Deva""]]"
L5,15336,hin_Deva,0.6882581114768982,0.6882581114768982,"[[0.6882581114768982, ""hin_Deva""], [0.3065820038318634, ""anp_Deva""], [0.003480156883597374, ""awa_Deva""], [0.001336446381174028, ""new_Deva""], [0.0001527648710180074, ""mai_Deva""]]"
L5,15347,anp_Deva,0.7772684693336487,0.2217065840959549,"[[0.7772684693336487, ""anp_Deva""], [0.2217065840959549, ""hin_Deva""], [0.0006146615487523377, ""awa_Deva""], [0.00043293574708513916, ""new_Deva""], [1.58283619384747e-05, ""mar_Deva""]]"
L5,15356,anp_Deva,0.7156529426574707,0.2656261622905731,"[[0.7156529426574707, ""anp_Deva""], [0.2656261622905731, ""hin_Deva""], [0.016559729352593422, ""awa_Deva""], [0.0016521712532266974, ""new_Deva""], [0.00024433439830318093, ""mai_Deva""]]"
L5,15360,hin_Deva,0.5131143927574158,0.5131143927574158,"[[0.5131143927574158, ""hin_Deva""], [0.477582186460495, ""anp_Deva""], [0.003750902833417058, ""mag_Deva""], [0.0021714046597480774, ""awa_Deva""], [0.0017433057073503733, ""mai_Deva""]]"
L5,15363,hin_Deva,0.9533166289329529,0.9533166289329529,"[[0.9533166289329529, ""hin_Deva""], [0.043971262872219086, ""anp_Deva""], [0.0021963282488286495, ""awa_Deva""], [0.00027051623328588903, ""new_Deva""], [0.00012528545630630106, ""bho_Deva""]]"
L5,15370,anp_Deva,0.9066407084465027,0.09226743131875992,"[[0.9066407084465027, ""anp_Deva""], [0.09226743131875992, ""hin_Deva""], [0.000650429108645767, ""awa_Deva""], [0.00024776707869023085, ""new_Deva""], [0.00014232273679226637, ""mag_Deva""]]"
L5,15371,anp_Deva,0.9741581678390503,0.0256329532712698,"[[0.9741581678390503, ""anp_Deva""], [0.0256329532712698, ""hin_Deva""], [0.00020967064483556896, ""awa_Deva""], [3.059029404539615e-05, ""new_Deva""], [1.3900481462769676e-05, ""mai_Deva""]]"
L5,15386,hin_Deva,0.7493151426315308,0.7493151426315308,"[[0.7493151426315308, ""hin_Deva""], [0.24266113340854645, ""anp_Deva""], [0.006591935642063618, ""new_Deva""], [0.0010116453049704432, ""awa_Deva""], [0.00018915448163170367, ""mai_Deva""]]"
L5,15388,hin_Deva,0.9308266639709473,0.9308266639709473,"[[0.9308266639709473, ""hin_Deva""], [0.06480937451124191, ""anp_Deva""], [0.0022352607920765877, ""awa_Deva""], [0.0007391240214928985, ""new_Deva""], [0.0004757154965773225, ""mag_Deva""]]"
L5,15409,hin_Deva,0.6006914973258972,0.6006914973258972,"[[0.6006914973258972, ""hin_Deva""], [0.3979877233505249, ""anp_Deva""], [0.0009146533557213843, ""awa_Deva""], [0.00040515660657547414, ""new_Deva""], [4.731609078589827e-05, ""mai_Deva""]]"
L5,15415,anp_Deva,0.6162126064300537,0.38023489713668823,"[[0.6162126064300537, ""anp_Deva""], [0.38023489713668823, ""hin_Deva""], [0.0027905250899493694, ""awa_Deva""], [0.0007026001112535596, ""new_Deva""], [4.115082265343517e-05, ""mup_Deva""]]"
L5,15424,anp_Deva,0.9889819025993347,0.010431175120174885,"[[0.9889819025993347, ""anp_Deva""], [0.010431175120174885, ""hin_Deva""], [0.0004774284898303449, ""new_Deva""], [0.00014787667896598577, ""awa_Deva""], [1.1263589840382338e-05, ""mai_Deva""]]"
L5,15447,anp_Deva,0.5120334625244141,0.4807015359401703,"[[0.5120334625244141, ""anp_Deva""], [0.4807015359401703, ""hin_Deva""], [0.006183149758726358, ""awa_Deva""], [0.0005357107729651034, ""new_Deva""], [0.0003758110397029668, ""mai_Deva""]]"
L5,15472,hin_Deva,0.928401529788971,0.928401529788971,"[[0.928401529788971, ""hin_Deva""], [0.04208708927035332, ""anp_Deva""], [0.01669817417860031, ""new_Deva""], [0.010417917743325233, ""awa_Deva""], [0.0013207264710217714, ""mar_Deva""]]"
L5,15473,anp_Deva,0.8858152031898499,0.10145803540945053,"[[0.8858152031898499, ""anp_Deva""], [0.10145803540945053, ""hin_Deva""], [0.012047350406646729, ""awa_Deva""], [0.00035033468157052994, ""new_Deva""], [0.000180522765731439, ""mai_Deva""]]"
L5,15491,anp_Deva,0.6666756272315979,0.33262625336647034,"[[0.6666756272315979, ""anp_Deva""], [0.33262625336647034, ""hin_Deva""], [0.0003959778696298599, ""awa_Deva""], [0.00022243804414756596, ""new_Deva""], [5.2859973948216066e-05, ""bho_Deva""]]"
L5,15496,anp_Deva,0.9844248294830322,0.015281989239156246,"[[0.9844248294830322, ""anp_Deva""], [0.015281989239156246, ""hin_Deva""], [0.0003015821275766939, ""awa_Deva""], [1.9895993318641558e-05, ""new_Deva""], [1.6365311239496805e-05, ""mai_Deva""]]"
L5,15500,anp_Deva,0.6590098738670349,0.3343234360218048,"[[0.6590098738670349, ""anp_Deva""], [0.3343234360218048, ""hin_Deva""], [0.0042916350066661835, ""awa_Deva""], [0.0014712355332449079, ""new_Deva""], [0.0005795517354272306, ""mai_Deva""]]"
L5,15538,hin_Deva,0.5361092686653137,0.5361092686653137,"[[0.5361092686653137, ""hin_Deva""], [0.45566022396087646, ""anp_Deva""], [0.0073875123634934425, ""awa_Deva""], [0.00029806772363372147, ""new_Deva""], [0.00026954151690006256, ""mai_Deva""]]"
L5,15541,anp_Deva,0.6961086988449097,0.2965221703052521,"[[0.6961086988449097, ""anp_Deva""], [0.2965221703052521, ""hin_Deva""], [0.004786064848303795, ""awa_Deva""], [0.001556727453134954, ""new_Deva""], [0.0010337702697142959, ""mai_Deva""]]"
L5,15549,anp_Deva,0.6470935344696045,0.343431681394577,"[[0.6470935344696045, ""anp_Deva""], [0.343431681394577, ""hin_Deva""], [0.005189116578549147, ""mai_Deva""], [0.0029336772859096527, ""awa_Deva""], [0.000970199063885957, ""bho_Deva""]]"
L5,15556,anp_Deva,0.7768253087997437,0.21978759765625,"[[0.7768253087997437, ""anp_Deva""], [0.21978759765625, ""hin_Deva""], [0.0031523944344371557, ""awa_Deva""], [0.00019394230912439525, ""new_Deva""], [6.977696466492489e-05, ""mai_Deva""]]"
L5,15571,hin_Deva,0.8156386613845825,0.8156386613845825,"[[0.8156386613845825, ""hin_Deva""], [0.17609651386737823, ""anp_Deva""], [0.00396533589810133, ""awa_Deva""], [0.0028004851192235947, ""new_Deva""], [0.0009942060569301248, ""mai_Deva""]]"
L5,15576,hin_Deva,0.6552505493164062,0.6552505493164062,"[[0.6552505493164062, ""hin_Deva""], [0.3368861675262451, ""anp_Deva""], [0.0038673977833241224, ""new_Deva""], [0.0035291542299091816, ""awa_Deva""], [0.00019254851213190705, ""bho_Deva""]]"
L5,15584,anp_Deva,0.6686866283416748,0.3279796540737152,"[[0.6686866283416748, ""anp_Deva""], [0.3279796540737152, ""hin_Deva""], [0.002047332702204585, ""awa_Deva""], [0.0011185453040525317, ""new_Deva""], [0.00013935277820564806, ""mai_Deva""]]"
L5,15585,hin_Deva,0.7155355215072632,0.7155355215072632,"[[0.7155355215072632, ""hin_Deva""], [0.2784402668476105, ""anp_Deva""], [0.004429813474416733, ""awa_Deva""], [0.0013795550912618637, ""new_Deva""], [0.00018169604300055653, ""mai_Deva""]]"
L5,15599,anp_Deva,0.6781348586082458,0.3179050087928772,"[[0.6781348586082458, ""anp_Deva""], [0.3179050087928772, ""hin_Deva""], [0.0024388348683714867, ""new_Deva""], [0.0010826393263414502, ""awa_Deva""], [0.00025091180577874184, ""mai_Deva""]]"
L5,15601,hin_Deva,0.9950712323188782,0.9950712323188782,"[[0.9950712323188782, ""hin_Deva""], [0.0016546618426218629, ""awa_Deva""], [0.0010301755974069238, ""anp_Deva""], [0.0007113738101907074, ""new_Deva""], [0.0005931152263656259, ""mag_Deva""]]"
L5,15614,hin_Deva,0.8233303427696228,0.8233303427696228,"[[0.8233303427696228, ""hin_Deva""], [0.17168612778186798, ""anp_Deva""], [0.003509518224745989, ""awa_Deva""], [0.0005896132788620889, ""new_Deva""], [0.00056987110292539, ""mai_Deva""]]"
L5,15627,anp_Deva,0.8537308573722839,0.14449037611484528,"[[0.8537308573722839, ""anp_Deva""], [0.14449037611484528, ""hin_Deva""], [0.0007988403085619211, ""awa_Deva""], [0.0005268626846373081, ""mai_Deva""], [0.0003713641781359911, ""new_Deva""]]"
L5,15637,anp_Deva,0.8467095494270325,0.15045692026615143,"[[0.8467095494270325, ""anp_Deva""], [0.15045692026615143, ""hin_Deva""], [0.002629530616104603, ""awa_Deva""], [0.00014700868632644415, ""mai_Deva""], [8.241376781370491e-05, ""new_Deva""]]"
L5,15653,anp_Deva,0.909013032913208,0.0896911770105362,"[[0.909013032913208, ""anp_Deva""], [0.0896911770105362, ""hin_Deva""], [0.0010574526386335492, ""new_Deva""], [0.00024798669619485736, ""awa_Deva""], [2.3870958102634177e-05, ""mai_Deva""]]"
L5,15658,anp_Deva,0.9094766974449158,0.08960982412099838,"[[0.9094766974449158, ""anp_Deva""], [0.08960982412099838, ""hin_Deva""], [0.0006452591042034328, ""awa_Deva""], [0.0002616679994389415, ""new_Deva""], [3.53224495484028e-05, ""mai_Deva""]]"
L5,15659,anp_Deva,0.9143846035003662,0.08315665274858475,"[[0.9143846035003662, ""anp_Deva""], [0.08315665274858475, ""hin_Deva""], [0.0019320896826684475, ""awa_Deva""], [0.00031739738187752664, ""new_Deva""], [0.0001166197398561053, ""mai_Deva""]]"
L5,15674,anp_Deva,0.6399666666984558,0.3521740436553955,"[[0.6399666666984558, ""anp_Deva""], [0.3521740436553955, ""hin_Deva""], [0.006109263747930527, ""new_Deva""], [0.0010258496040478349, ""awa_Deva""], [0.0005704741342924535, ""mai_Deva""]]"
L5,15683,hin_Deva,0.6277490258216858,0.6277490258216858,"[[0.6277490258216858, ""hin_Deva""], [0.3678497076034546, ""anp_Deva""], [0.004179248120635748, ""new_Deva""], [0.00016227607557084411, ""awa_Deva""], [4.627589805750176e-05, ""bho_Deva""]]"
L5,15692,hin_Deva,0.5896222591400146,0.5896222591400146,"[[0.5896222591400146, ""hin_Deva""], [0.40150129795074463, ""anp_Deva""], [0.004535323940217495, ""awa_Deva""], [0.004224696662276983, ""new_Deva""], [5.584345490206033e-05, ""mai_Deva""]]"
L5,15694,hin_Deva,0.6939209699630737,0.6939209699630737,"[[0.6939209699630737, ""hin_Deva""], [0.3036282956600189, ""anp_Deva""], [0.0010423383209854364, ""new_Deva""], [0.0009833984076976776, ""awa_Deva""], [0.0002629984519444406, ""mai_Deva""]]"
L5,15709,anp_Deva,0.6710044741630554,0.3132966160774231,"[[0.6710044741630554, ""anp_Deva""], [0.3132966160774231, ""hin_Deva""], [0.015000421553850174, ""awa_Deva""], [0.0005581265431828797, ""new_Deva""], [8.762723882682621e-05, ""mai_Deva""]]"
L5,15712,hin_Deva,0.9721032977104187,0.9721032977104187,"[[0.9721032977104187, ""hin_Deva""], [0.023957708850502968, ""anp_Deva""], [0.0016503619262948632, ""awa_Deva""], [0.0016384379705414176, ""new_Deva""], [0.0004064718959853053, ""mai_Deva""]]"
L5,15717,anp_Deva,0.8211480975151062,0.11062213033437729,"[[0.8211480975151062, ""anp_Deva""], [0.11062213033437729, ""hin_Deva""], [0.05883919820189476, ""new_Deva""], [0.008907901123166084, ""awa_Deva""], [0.00022369912767317146, ""bho_Deva""]]"
L5,15722,hin_Deva,0.6612538695335388,0.6612538695335388,"[[0.6612538695335388, ""hin_Deva""], [0.32936856150627136, ""anp_Deva""], [0.007414357736706734, ""awa_Deva""], [0.0017383575905114412, ""new_Deva""], [0.00023688389046583325, ""mai_Deva""]]"
L5,15723,hin_Deva,0.8461493849754333,0.8461493849754333,"[[0.8461493849754333, ""hin_Deva""], [0.15098096430301666, ""anp_Deva""], [0.0011753356084227562, ""new_Deva""], [0.0007577830692753196, ""mai_Deva""], [0.0006331632030196488, ""awa_Deva""]]"
L5,15724,anp_Deva,0.8191510438919067,0.18016982078552246,"[[0.8191510438919067, ""anp_Deva""], [0.18016982078552246, ""hin_Deva""], [0.0004899574560113251, ""awa_Deva""], [0.00018792657647281885, ""new_Deva""], [2.9066817660350353e-05, ""bho_Deva""]]"
L5,15726,hin_Deva,0.9129197597503662,0.9129197597503662,"[[0.9129197597503662, ""hin_Deva""], [0.08536093682050705, ""anp_Deva""], [0.0011372915469110012, ""awa_Deva""], [0.00033510482171550393, ""new_Deva""], [0.00016422619228251278, ""mai_Deva""]]"
L5,15736,hin_Deva,0.74468994140625,0.74468994140625,"[[0.74468994140625, ""hin_Deva""], [0.2517411410808563, ""anp_Deva""], [0.0015434474917128682, ""new_Deva""], [0.0013670438202098012, ""awa_Deva""], [0.0006032738601788878, ""mai_Deva""]]"
L5,15741,hin_Deva,0.8899433016777039,0.8899433016777039,"[[0.8899433016777039, ""hin_Deva""], [0.06775140762329102, ""anp_Deva""], [0.017843790352344513, ""new_Deva""], [0.017730984836816788, ""awa_Deva""], [0.0060183210298419, ""bho_Deva""]]"
L5,15747,anp_Deva,0.9969220161437988,0.0026412627194076777,"[[0.9969220161437988, ""anp_Deva""], [0.0026412627194076777, ""hin_Deva""], [0.00036346970591694117, ""awa_Deva""], [0.00011037671356461942, ""new_Deva""], [1.2076084203727078e-05, ""mai_Deva""]]"
L5,15757,hin_Deva,0.8604075312614441,0.8604075312614441,"[[0.8604075312614441, ""hin_Deva""], [0.13335761427879333, ""anp_Deva""], [0.0054242839105427265, ""awa_Deva""], [0.0006031835218891501, ""new_Deva""], [0.0001276621042052284, ""bho_Deva""]]"
L5,15768,anp_Deva,0.5412782430648804,0.4519099295139313,"[[0.5412782430648804, ""anp_Deva""], [0.4519099295139313, ""hin_Deva""], [0.005270194727927446, ""awa_Deva""], [0.0007713363156653941, ""mai_Deva""], [0.0007408780511468649, ""new_Deva""]]"
L5,15779,anp_Deva,0.5578814148902893,0.4035462737083435,"[[0.5578814148902893, ""anp_Deva""], [0.4035462737083435, ""hin_Deva""], [0.02420775033533573, ""new_Deva""], [0.01327177882194519, ""awa_Deva""], [0.0006321073742583394, ""bho_Deva""]]"
L5,15783,anp_Deva,0.7391178011894226,0.255454421043396,"[[0.7391178011894226, ""anp_Deva""], [0.255454421043396, ""hin_Deva""], [0.002896809484809637, ""awa_Deva""], [0.0023246847558766603, ""new_Deva""], [0.00017776113236323, ""bho_Deva""]]"
L5,15793,hin_Deva,0.8149216175079346,0.8149216175079346,"[[0.8149216175079346, ""hin_Deva""], [0.16456443071365356, ""anp_Deva""], [0.01927412860095501, ""new_Deva""], [0.0011591509683057666, ""awa_Deva""], [6.105465581640601e-05, ""mar_Deva""]]"
L5,15794,anp_Deva,0.5992778539657593,0.39573633670806885,"[[0.5992778539657593, ""anp_Deva""], [0.39573633670806885, ""hin_Deva""], [0.004354683216661215, ""awa_Deva""], [0.0005565073224715889, ""new_Deva""], [7.837091106921434e-05, ""mai_Deva""]]"
L5,15799,anp_Deva,0.8186873197555542,0.17586861550807953,"[[0.8186873197555542, ""anp_Deva""], [0.17586861550807953, ""hin_Deva""], [0.00476890429854393, ""awa_Deva""], [0.00042371058952994645, ""new_Deva""], [0.0002466378500685096, ""mai_Deva""]]"
