source,length,unit_id,pred,score
Wikipedia,L1,2,hin_Deva,0.7414243817329407
Wikipedia,L5,2,anp_Deva,0.8883202075958252
Wikipedia,L20,2,anp_Deva,0.8975790143013
Wikipedia,L1,3,hin_Deva,0.5628346800804138
Wikipedia,L5,3,anp_Deva,0.5316815376281738
Wikipedia,L20,3,hin_Deva,0.5633659958839417
Wikipedia,L1,4,hin_Deva,0.9564198851585388
Wikipedia,L5,4,hin_Deva,0.9753844141960144
Wikipedia,L20,4,hin_Deva,0.8714494109153748
Wikipedia,L1,8,anp_Deva,0.9787431359291077
Wikipedia,L5,8,anp_Deva,0.918645977973938
Wikipedia,L20,8,anp_Deva,0.6446426510810852
Wikipedia,L1,9,hin_Deva,0.9946282505989075
Wikipedia,L5,9,hin_Deva,0.9763645529747009
Wikipedia,L20,9,hin_Deva,0.8257533311843872
Wikipedia,L1,10,hin_Deva,0.9648162126541138
Wikipedia,L5,10,hin_Deva,0.7052682042121887
Wikipedia,L20,10,hin_Deva,0.897881031036377
Wikipedia,L1,11,hin_Deva,0.9799917340278625
Wikipedia,L5,11,hin_Deva,0.5588993430137634
Wikipedia,L20,11,hin_Deva,0.6206680536270142
Wikipedia,L1,13,anp_Deva,0.6325356364250183
Wikipedia,L5,13,hin_Deva,0.7672937512397766
Wikipedia,L20,13,anp_Deva,0.7255967259407043
Wikipedia,L1,16,anp_Deva,0.8961385488510132
Wikipedia,L5,16,anp_Deva,0.820285975933075
Wikipedia,L20,16,anp_Deva,0.518754243850708
Wikipedia,L1,18,hin_Deva,0.876958966255188
Wikipedia,L5,18,hin_Deva,0.642333447933197
Wikipedia,L20,18,anp_Deva,0.6560404896736145
Wikipedia,L1,21,hin_Deva,0.9943307638168335
Wikipedia,L5,21,hin_Deva,0.7976093292236328
Wikipedia,L20,21,hin_Deva,0.7662025690078735
Wikipedia,L1,22,anp_Deva,0.75071781873703
Wikipedia,L5,22,anp_Deva,0.7956349849700928
Wikipedia,L20,22,anp_Deva,0.8047195672988892
Wikipedia,L1,23,hin_Deva,0.7413182854652405
Wikipedia,L5,23,hin_Deva,0.9467507004737854
Wikipedia,L20,23,hin_Deva,0.8754616975784302
Wikipedia,L1,26,anp_Deva,0.6691596508026123
Wikipedia,L5,26,hin_Deva,0.7359907627105713
Wikipedia,L20,26,anp_Deva,0.5915295481681824
Wikipedia,L1,27,hin_Deva,0.7723388671875
Wikipedia,L5,27,anp_Deva,0.7336404919624329
Wikipedia,L20,27,anp_Deva,0.8622633218765259
Wikipedia,L1,28,hin_Deva,0.5898464322090149
Wikipedia,L5,28,anp_Deva,0.6917867660522461
Wikipedia,L20,28,anp_Deva,0.592978835105896
Wikipedia,L1,29,hin_Deva,0.7128334045410156
Wikipedia,L5,29,hin_Deva,0.8890343904495239
Wikipedia,L20,29,hin_Deva,0.7663277983665466
Wikipedia,L1,30,hin_Deva,0.9764232039451599
Wikipedia,L5,30,hin_Deva,0.8033620119094849
Wikipedia,L20,30,hin_Deva,0.8395916223526001
Wikipedia,L1,31,hin_Deva,0.8174628615379333
Wikipedia,L5,31,hin_Deva,0.9482449889183044
Wikipedia,L20,31,hin_Deva,0.5297774076461792
Wikipedia,L1,32,hin_Deva,0.5362642407417297
Wikipedia,L5,32,anp_Deva,0.7034417986869812
Wikipedia,L20,32,hin_Deva,0.8384892344474792
Wikipedia,L1,35,anp_Deva,0.49440187215805054
Wikipedia,L5,35,anp_Deva,0.6284693479537964
Wikipedia,L20,35,anp_Deva,0.6823552846908569
Wikipedia,L1,37,hin_Deva,0.9631106853485107
Wikipedia,L5,37,hin_Deva,0.8715782165527344
Wikipedia,L20,37,hin_Deva,0.8122920393943787
Wikipedia,L1,39,hin_Deva,0.7969619035720825
Wikipedia,L5,39,hin_Deva,0.7636324763298035
Wikipedia,L20,39,hin_Deva,0.8421868681907654
Wikipedia,L1,40,anp_Deva,0.9154354333877563
Wikipedia,L5,40,hin_Deva,0.862583577632904
Wikipedia,L20,40,hin_Deva,0.6574810147285461
Wikipedia,L1,43,hin_Deva,0.8531374335289001
Wikipedia,L5,43,hin_Deva,0.9285888075828552
Wikipedia,L20,43,hin_Deva,0.6086058616638184
Wikipedia,L1,44,hin_Deva,0.6802787184715271
Wikipedia,L5,44,hin_Deva,0.8832642436027527
Wikipedia,L20,44,hin_Deva,0.8208994269371033
Wikipedia,L1,47,hin_Deva,0.8265417814254761
Wikipedia,L5,47,hin_Deva,0.7510731220245361
Wikipedia,L20,47,anp_Deva,0.5522290468215942
Wikipedia,L1,49,anp_Deva,0.9999574422836304
Wikipedia,L5,49,anp_Deva,0.9954140186309814
Wikipedia,L20,49,anp_Deva,0.9870204925537109
Wikipedia,L1,51,mag_Deva,0.4500991404056549
Wikipedia,L5,51,hin_Deva,0.9362233281135559
Wikipedia,L20,51,hin_Deva,0.8007799386978149
Wikipedia,L1,52,hin_Deva,0.8379959464073181
Wikipedia,L5,52,hin_Deva,0.9014196991920471
Wikipedia,L20,52,hin_Deva,0.916141152381897
Wikipedia,L1,53,anp_Deva,0.8029302358627319
Wikipedia,L5,53,anp_Deva,0.9282688498497009
Wikipedia,L20,53,anp_Deva,0.5837463140487671
Wikipedia,L1,55,hin_Deva,0.48931846022605896
Wikipedia,L5,55,hin_Deva,0.9326047897338867
Wikipedia,L20,55,hin_Deva,0.6564070582389832
Wikipedia,L1,56,hin_Deva,0.9159250855445862
Wikipedia,L5,56,hin_Deva,0.5550107955932617
Wikipedia,L20,56,hin_Deva,0.5025409460067749
Wikipedia,L1,57,hin_Deva,0.9117575287818909
Wikipedia,L5,57,anp_Deva,0.712148904800415
Wikipedia,L20,57,anp_Deva,0.6129405498504639
Wikipedia,L1,60,hin_Deva,0.3146911859512329
Wikipedia,L5,60,anp_Deva,0.9119806885719299
Wikipedia,L20,60,anp_Deva,0.7579869031906128
Wikipedia,L1,65,anp_Deva,0.565417468547821
Wikipedia,L5,65,hin_Deva,0.8658050298690796
Wikipedia,L20,65,hin_Deva,0.6559182405471802
Wikipedia,L1,68,hin_Deva,0.542680025100708
Wikipedia,L5,68,hin_Deva,0.8526708483695984
Wikipedia,L20,68,hin_Deva,0.6787043213844299
Wikipedia,L1,69,anp_Deva,0.6575074195861816
Wikipedia,L5,69,hin_Deva,0.847736656665802
Wikipedia,L20,69,hin_Deva,0.6095567941665649
Wikipedia,L1,73,hin_Deva,0.9856785535812378
Wikipedia,L5,73,hin_Deva,0.9118684530258179
Wikipedia,L20,73,hin_Deva,0.8799132704734802
Wikipedia,L1,76,anp_Deva,0.9807625412940979
Wikipedia,L5,76,anp_Deva,0.7698654532432556
Wikipedia,L20,76,anp_Deva,0.9315066933631897
Wikipedia,L1,79,anp_Deva,0.7056072354316711
Wikipedia,L5,79,hin_Deva,0.560906708240509
Wikipedia,L20,79,hin_Deva,0.7989667654037476
Wikipedia,L1,80,hin_Deva,0.9997954964637756
Wikipedia,L5,80,hin_Deva,0.834570050239563
Wikipedia,L20,80,hin_Deva,0.7794567346572876
Wikipedia,L1,82,anp_Deva,0.5140231847763062
Wikipedia,L5,82,anp_Deva,0.6063126921653748
Wikipedia,L20,82,anp_Deva,0.8519889116287231
Wikipedia,L1,83,anp_Deva,0.9324176907539368
Wikipedia,L5,83,anp_Deva,0.8470820784568787
Wikipedia,L20,83,anp_Deva,0.7899206280708313
Wikipedia,L1,86,hin_Deva,0.49576422572135925
Wikipedia,L5,86,anp_Deva,0.744469940662384
Wikipedia,L20,86,hin_Deva,0.5975186228752136
Wikipedia,L1,87,anp_Deva,0.9316515922546387
Wikipedia,L5,87,hin_Deva,0.6260865926742554
Wikipedia,L20,87,anp_Deva,0.5088964104652405
Wikipedia,L1,88,anp_Deva,0.8394272923469543
Wikipedia,L5,88,anp_Deva,0.9127631187438965
Wikipedia,L20,88,anp_Deva,0.7046027183532715
Wikipedia,L1,89,hin_Deva,0.7166802287101746
Wikipedia,L5,89,hin_Deva,0.8506755828857422
Wikipedia,L20,89,hin_Deva,0.9188845753669739
Wikipedia,L1,90,anp_Deva,0.7612494230270386
Wikipedia,L5,90,hin_Deva,0.8691561222076416
Wikipedia,L20,90,hin_Deva,0.7095139622688293
Wikipedia,L1,91,hin_Deva,0.8718967437744141
Wikipedia,L5,91,hin_Deva,0.7215579152107239
Wikipedia,L20,91,hin_Deva,0.7577111721038818
Wikipedia,L1,92,anp_Deva,0.5182415843009949
Wikipedia,L5,92,hin_Deva,0.5478478074073792
Wikipedia,L20,92,anp_Deva,0.5999580025672913
Wikipedia,L1,95,anp_Deva,0.9777265191078186
Wikipedia,L5,95,anp_Deva,0.5297534465789795
Wikipedia,L20,95,anp_Deva,0.5992130041122437
Wikipedia,L1,97,hin_Deva,0.5954440236091614
Wikipedia,L5,97,hin_Deva,0.8812955617904663
Wikipedia,L20,97,hin_Deva,0.8896440863609314
Wikipedia,L1,98,anp_Deva,0.8629781603813171
Wikipedia,L5,98,anp_Deva,0.6228154301643372
Wikipedia,L20,98,anp_Deva,0.8385779857635498
Wikipedia,L1,100,anp_Deva,0.9382758736610413
Wikipedia,L5,100,anp_Deva,0.6448030471801758
Wikipedia,L20,100,anp_Deva,0.7472981810569763
Wikipedia,L1,101,hin_Deva,0.7767706513404846
Wikipedia,L5,101,hin_Deva,0.5617944002151489
Wikipedia,L20,101,hin_Deva,0.7272245287895203
Wikipedia,L1,103,hin_Deva,0.9914121031761169
Wikipedia,L5,103,hin_Deva,0.871971070766449
Wikipedia,L20,103,hin_Deva,0.5278779864311218
Wikipedia,L1,104,hin_Deva,0.684430718421936
Wikipedia,L5,104,hin_Deva,0.8744513988494873
Wikipedia,L20,104,hin_Deva,0.7541338801383972
Wikipedia,L1,106,hin_Deva,0.8202677965164185
Wikipedia,L5,106,anp_Deva,0.7512074112892151
Wikipedia,L20,106,hin_Deva,0.9035531282424927
Wikipedia,L1,108,hin_Deva,0.7037621140480042
Wikipedia,L5,108,hin_Deva,0.9269776940345764
Wikipedia,L20,108,hin_Deva,0.9629999399185181
Wikipedia,L1,110,hin_Deva,0.9524062275886536
Wikipedia,L5,110,hin_Deva,0.9472343325614929
Wikipedia,L20,110,hin_Deva,0.8177128434181213
Wikipedia,L1,111,hin_Deva,0.8948075771331787
Wikipedia,L5,111,hin_Deva,0.5647873878479004
Wikipedia,L20,111,hin_Deva,0.7862602472305298
Wikipedia,L1,113,hin_Deva,0.7272089123725891
Wikipedia,L5,113,anp_Deva,0.7319303750991821
Wikipedia,L20,113,anp_Deva,0.5663532614707947
Wikipedia,L1,114,anp_Deva,0.680429995059967
Wikipedia,L5,114,anp_Deva,0.5148525834083557
Wikipedia,L20,114,hin_Deva,0.7129853367805481
Wikipedia,L1,116,hin_Deva,0.9860366582870483
Wikipedia,L5,116,anp_Deva,0.8592112064361572
Wikipedia,L20,116,anp_Deva,0.9352003931999207
Wikipedia,L1,120,hin_Deva,0.590109646320343
Wikipedia,L5,120,anp_Deva,0.7379579544067383
Wikipedia,L20,120,anp_Deva,0.7275853753089905
Wikipedia,L1,121,anp_Deva,0.9983139038085938
Wikipedia,L5,121,hin_Deva,0.8994941711425781
Wikipedia,L20,121,hin_Deva,0.8660893440246582
Wikipedia,L1,123,anp_Deva,0.660310685634613
Wikipedia,L5,123,anp_Deva,0.8084399700164795
Wikipedia,L20,123,anp_Deva,0.9012303948402405
Wikipedia,L1,124,hin_Deva,0.9794710874557495
Wikipedia,L5,124,hin_Deva,0.9799667596817017
Wikipedia,L20,124,hin_Deva,0.9845617413520813
Wikipedia,L1,125,anp_Deva,0.5043318271636963
Wikipedia,L5,125,anp_Deva,0.5208541750907898
Wikipedia,L20,125,anp_Deva,0.5353429913520813
Wikipedia,L1,126,hin_Deva,0.9875501990318298
Wikipedia,L5,126,hin_Deva,0.9216573238372803
Wikipedia,L20,126,hin_Deva,0.7459661960601807
Wikipedia,L1,133,hin_Deva,0.9577738642692566
Wikipedia,L5,133,hin_Deva,0.6524785757064819
Wikipedia,L20,133,hin_Deva,0.5987628102302551
Wikipedia,L1,134,hin_Deva,0.4885174632072449
Wikipedia,L5,134,anp_Deva,0.707310140132904
Wikipedia,L20,134,anp_Deva,0.8214767575263977
Wikipedia,L1,135,hin_Deva,0.6366391777992249
Wikipedia,L5,135,hin_Deva,0.7682454586029053
Wikipedia,L20,135,hin_Deva,0.8327538371086121
Wikipedia,L1,136,anp_Deva,0.6725159287452698
Wikipedia,L5,136,anp_Deva,0.5278221964836121
Wikipedia,L20,136,anp_Deva,0.6125034093856812
Wikipedia,L1,138,hin_Deva,0.9794194102287292
Wikipedia,L5,138,hin_Deva,0.9539151191711426
Wikipedia,L20,138,hin_Deva,0.9244142770767212
Wikipedia,L1,139,anp_Deva,1.0000085830688477
Wikipedia,L5,139,anp_Deva,0.8863284587860107
Wikipedia,L20,139,anp_Deva,0.9169111847877502
Wikipedia,L1,140,hin_Deva,0.713188111782074
Wikipedia,L5,140,anp_Deva,0.5323982834815979
Wikipedia,L20,140,hin_Deva,0.5800126791000366
Wikipedia,L1,143,anp_Deva,0.9957073926925659
Wikipedia,L5,143,anp_Deva,0.9717026352882385
Wikipedia,L20,143,anp_Deva,0.8447263836860657
Wikipedia,L1,145,anp_Deva,0.882847249507904
Wikipedia,L5,145,hin_Deva,0.954346239566803
Wikipedia,L20,145,hin_Deva,0.6993169188499451
Wikipedia,L1,146,hin_Deva,0.9846268892288208
Wikipedia,L5,146,hin_Deva,0.9380037188529968
Wikipedia,L20,146,hin_Deva,0.9073429703712463
Wikipedia,L1,147,hin_Deva,0.9357054829597473
Wikipedia,L5,147,hin_Deva,0.5965982675552368
Wikipedia,L20,147,anp_Deva,0.6087911128997803
Wikipedia,L1,148,hin_Deva,0.9416854977607727
Wikipedia,L5,148,hin_Deva,0.8994011878967285
Wikipedia,L20,148,hin_Deva,0.870907187461853
Wikipedia,L1,149,anp_Deva,0.6449633240699768
Wikipedia,L5,149,anp_Deva,0.9545128345489502
Wikipedia,L20,149,anp_Deva,0.9374697208404541
Wikipedia,L1,150,anp_Deva,0.9743863940238953
Wikipedia,L5,150,anp_Deva,0.5048059225082397
Wikipedia,L20,150,anp_Deva,0.5154809951782227
Wikipedia,L1,151,hin_Deva,0.5505627989768982
Wikipedia,L5,151,anp_Deva,0.6986522674560547
Wikipedia,L20,151,anp_Deva,0.7320327758789062
Wikipedia,L1,155,anp_Deva,0.5738597512245178
Wikipedia,L5,155,anp_Deva,0.5212408900260925
Wikipedia,L20,155,hin_Deva,0.8334880471229553
Wikipedia,L1,158,hin_Deva,0.9892065525054932
Wikipedia,L5,158,hin_Deva,0.8650075197219849
Wikipedia,L20,158,hin_Deva,0.9364067316055298
Wikipedia,L1,159,hin_Deva,0.7239699363708496
Wikipedia,L5,159,hin_Deva,0.5623456239700317
Wikipedia,L20,159,hin_Deva,0.6042795181274414
Wikipedia,L1,160,anp_Deva,0.9783192276954651
Wikipedia,L5,160,hin_Deva,0.8473544120788574
Wikipedia,L20,160,hin_Deva,0.8905656337738037
Wikipedia,L1,161,anp_Deva,0.7384947538375854
Wikipedia,L5,161,anp_Deva,0.59856778383255
Wikipedia,L20,161,hin_Deva,0.5218897461891174
Wikipedia,L1,164,anp_Deva,1.0000100135803223
Wikipedia,L5,164,anp_Deva,0.8095219731330872
Wikipedia,L20,164,anp_Deva,0.5419793725013733
Wikipedia,L1,166,anp_Deva,0.8346865177154541
Wikipedia,L5,166,hin_Deva,0.9642735719680786
Wikipedia,L20,166,hin_Deva,0.5805462002754211
Wikipedia,L1,167,hin_Deva,0.5747248530387878
Wikipedia,L5,167,hin_Deva,0.9590180516242981
Wikipedia,L20,167,hin_Deva,0.8849169611930847
Wikipedia,L1,169,hin_Deva,0.874605119228363
Wikipedia,L5,169,hin_Deva,0.8958964943885803
Wikipedia,L20,169,hin_Deva,0.805872917175293
Wikipedia,L1,170,anp_Deva,0.6842789649963379
Wikipedia,L5,170,anp_Deva,0.8113710284233093
Wikipedia,L20,170,anp_Deva,0.5276249051094055
Wikipedia,L1,172,anp_Deva,0.9968885183334351
Wikipedia,L5,172,anp_Deva,0.9975642561912537
Wikipedia,L20,172,anp_Deva,0.9504464268684387
Wikipedia,L1,174,hin_Deva,0.704179584980011
Wikipedia,L5,174,hin_Deva,0.6520044207572937
Wikipedia,L20,174,hin_Deva,0.7951979637145996
Wikipedia,L1,177,hin_Deva,0.8667813539505005
Wikipedia,L5,177,hin_Deva,0.8093628883361816
Wikipedia,L20,177,hin_Deva,0.7828083038330078
Wikipedia,L1,178,anp_Deva,0.5028784871101379
Wikipedia,L5,178,hin_Deva,0.7455590963363647
Wikipedia,L20,178,hin_Deva,0.8822936415672302
Wikipedia,L1,179,anp_Deva,0.880833625793457
Wikipedia,L5,179,anp_Deva,0.5317056179046631
Wikipedia,L20,179,hin_Deva,0.6520680785179138
Wikipedia,L1,180,awa_Deva,0.8175702691078186
Wikipedia,L5,180,hin_Deva,0.6510181427001953
Wikipedia,L20,180,hin_Deva,0.6181654334068298
Wikipedia,L1,183,hin_Deva,0.9696306586265564
Wikipedia,L5,183,anp_Deva,0.9451617002487183
Wikipedia,L20,183,anp_Deva,0.9145726561546326
Wikipedia,L1,184,anp_Deva,0.9855276942253113
Wikipedia,L5,184,anp_Deva,0.840365469455719
Wikipedia,L20,184,anp_Deva,0.8965964317321777
Wikipedia,L1,185,anp_Deva,0.966594398021698
Wikipedia,L5,185,anp_Deva,0.9985363483428955
Wikipedia,L20,185,anp_Deva,0.99005526304245
Wikipedia,L1,188,hin_Deva,0.6139484643936157
Wikipedia,L5,188,hin_Deva,0.8457000851631165
Wikipedia,L20,188,hin_Deva,0.7756208181381226
Wikipedia,L1,190,hin_Deva,0.5379796028137207
Wikipedia,L5,190,hin_Deva,0.8439282178878784
Wikipedia,L20,190,hin_Deva,0.8370442390441895
Wikipedia,L1,192,anp_Deva,0.9425780773162842
Wikipedia,L5,192,hin_Deva,0.5431642532348633
Wikipedia,L20,192,hin_Deva,0.7318769097328186
Wikipedia,L1,194,awa_Deva,0.7526243925094604
Wikipedia,L5,194,hin_Deva,0.6968850493431091
Wikipedia,L20,194,anp_Deva,0.5694652795791626
Wikipedia,L1,196,hin_Deva,0.7505137920379639
Wikipedia,L5,196,hin_Deva,0.7972244620323181
Wikipedia,L20,196,anp_Deva,0.6059187054634094
Wikipedia,L1,198,hin_Deva,0.9092678427696228
Wikipedia,L5,198,hin_Deva,0.9183937311172485
Wikipedia,L20,198,hin_Deva,0.7566882967948914
Wikipedia,L1,200,anp_Deva,0.7470747232437134
Wikipedia,L5,200,anp_Deva,0.6360262632369995
Wikipedia,L20,200,anp_Deva,0.727532684803009
Wikipedia,L1,202,hin_Deva,0.8464063405990601
Wikipedia,L5,202,hin_Deva,0.5381296873092651
Wikipedia,L20,202,hin_Deva,0.6635938882827759
Wikipedia,L1,204,anp_Deva,0.9705072045326233
Wikipedia,L5,204,anp_Deva,0.9763429760932922
Wikipedia,L20,204,anp_Deva,0.7263323664665222
Wikipedia,L1,205,hin_Deva,0.827114462852478
Wikipedia,L5,205,anp_Deva,0.5284168124198914
Wikipedia,L20,205,hin_Deva,0.5856332778930664
Wikipedia,L1,207,hin_Deva,0.9573332667350769
Wikipedia,L5,207,hin_Deva,0.9862996935844421
Wikipedia,L20,207,hin_Deva,0.9769502878189087
Wikipedia,L1,209,anp_Deva,0.6474471688270569
Wikipedia,L5,209,anp_Deva,0.572770893573761
Wikipedia,L20,209,hin_Deva,0.6146193742752075
Wikipedia,L1,217,anp_Deva,0.8342772722244263
Wikipedia,L5,217,hin_Deva,0.8157491087913513
Wikipedia,L20,217,hin_Deva,0.6337769627571106
Wikipedia,L1,221,anp_Deva,0.7075538635253906
Wikipedia,L5,221,anp_Deva,0.6880736947059631
Wikipedia,L20,221,anp_Deva,0.688326358795166
Wikipedia,L1,222,hin_Deva,0.7519365549087524
Wikipedia,L5,222,anp_Deva,0.9302513003349304
Wikipedia,L20,222,anp_Deva,0.7445719838142395
Wikipedia,L1,223,hin_Deva,0.9861416816711426
Wikipedia,L5,223,hin_Deva,0.9474005699157715
Wikipedia,L20,223,hin_Deva,0.6016411781311035
Wikipedia,L1,225,hin_Deva,0.9872064590454102
Wikipedia,L5,225,hin_Deva,0.9714895486831665
Wikipedia,L20,225,hin_Deva,0.8551440834999084
Wikipedia,L1,226,hin_Deva,0.9221000671386719
Wikipedia,L5,226,hin_Deva,0.7938045859336853
Wikipedia,L20,226,hin_Deva,0.6565478444099426
Wikipedia,L1,228,anp_Deva,0.9348878264427185
Wikipedia,L5,228,hin_Deva,0.7651064395904541
Wikipedia,L20,228,hin_Deva,0.6925129890441895
Wikipedia,L1,229,hin_Deva,0.8566439747810364
Wikipedia,L5,229,hin_Deva,0.7053830623626709
Wikipedia,L20,229,anp_Deva,0.5664643049240112
Wikipedia,L1,230,hin_Deva,0.9089376926422119
Wikipedia,L5,230,hin_Deva,0.6582869291305542
Wikipedia,L20,230,anp_Deva,0.5754901766777039
Wikipedia,L1,231,hin_Deva,0.5923821926116943
Wikipedia,L5,231,anp_Deva,0.48115211725234985
Wikipedia,L20,231,anp_Deva,0.6050604581832886
Wikipedia,L1,232,hin_Deva,0.699573814868927
Wikipedia,L5,232,hin_Deva,0.666319727897644
Wikipedia,L20,232,anp_Deva,0.5696550011634827
Wikipedia,L1,234,anp_Deva,0.9787846803665161
Wikipedia,L5,234,hin_Deva,0.5282317996025085
Wikipedia,L20,234,anp_Deva,0.4999576210975647
Wikipedia,L1,237,hin_Deva,0.9286027550697327
Wikipedia,L5,237,anp_Deva,0.5109169483184814
Wikipedia,L20,237,anp_Deva,0.6822758316993713
Wikipedia,L1,241,hin_Deva,0.4666156470775604
Wikipedia,L5,241,anp_Deva,0.522905170917511
Wikipedia,L20,241,anp_Deva,0.8531094789505005
Wikipedia,L1,245,anp_Deva,0.9847819209098816
Wikipedia,L5,245,anp_Deva,0.6711682677268982
Wikipedia,L20,245,anp_Deva,0.7198950052261353
Wikipedia,L1,246,anp_Deva,0.7408808469772339
Wikipedia,L5,246,anp_Deva,0.8000460863113403
Wikipedia,L20,246,hin_Deva,0.685458779335022
Wikipedia,L1,249,hin_Deva,0.9362679719924927
Wikipedia,L5,249,hin_Deva,0.8961169123649597
Wikipedia,L20,249,hin_Deva,0.8642253279685974
Wikipedia,L1,251,anp_Deva,0.8703736066818237
Wikipedia,L5,251,anp_Deva,0.6579935550689697
Wikipedia,L20,251,hin_Deva,0.761280357837677
Wikipedia,L1,252,anp_Deva,0.8675608038902283
Wikipedia,L5,252,hin_Deva,0.8548733592033386
Wikipedia,L20,252,hin_Deva,0.9574098587036133
Wikipedia,L1,253,anp_Deva,0.9865716099739075
Wikipedia,L5,253,anp_Deva,0.9244503974914551
Wikipedia,L20,253,hin_Deva,0.5566627979278564
Wikipedia,L1,257,hin_Deva,0.7941940426826477
Wikipedia,L5,257,hin_Deva,0.641364574432373
Wikipedia,L20,257,hin_Deva,0.7760884165763855
Wikipedia,L1,258,anp_Deva,0.90403151512146
Wikipedia,L5,258,anp_Deva,0.938620924949646
Wikipedia,L20,258,anp_Deva,0.7373325228691101
Wikipedia,L1,259,anp_Deva,0.6016042232513428
Wikipedia,L5,259,hin_Deva,0.840086817741394
Wikipedia,L20,259,hin_Deva,0.7403740286827087
Wikipedia,L1,260,anp_Deva,0.7811364531517029
Wikipedia,L5,260,hin_Deva,0.8067076206207275
Wikipedia,L20,260,hin_Deva,0.8271597623825073
Wikipedia,L1,261,hin_Deva,0.9600099325180054
Wikipedia,L5,261,anp_Deva,0.6178199648857117
Wikipedia,L20,261,anp_Deva,0.5049188733100891
Wikipedia,L1,263,anp_Deva,0.7218654751777649
Wikipedia,L5,263,hin_Deva,0.7049579620361328
Wikipedia,L20,263,hin_Deva,0.823089599609375
Wikipedia,L1,264,hin_Deva,0.9769253730773926
Wikipedia,L5,264,hin_Deva,0.9329826831817627
Wikipedia,L20,264,hin_Deva,0.9447569251060486
Wikipedia,L1,266,anp_Deva,0.999966025352478
Wikipedia,L5,266,anp_Deva,0.6094501614570618
Wikipedia,L20,266,anp_Deva,0.6934676170349121
Wikipedia,L1,267,anp_Deva,0.9834152460098267
Wikipedia,L5,267,anp_Deva,0.6984745860099792
Wikipedia,L20,267,hin_Deva,0.856383740901947
Wikipedia,L1,268,hin_Deva,0.9578620791435242
Wikipedia,L5,268,hin_Deva,0.8973165154457092
Wikipedia,L20,268,hin_Deva,0.8762499690055847
Wikipedia,L1,269,hin_Deva,0.9086753129959106
Wikipedia,L5,269,hin_Deva,0.9110059142112732
Wikipedia,L20,269,hin_Deva,0.8176971077919006
Wikipedia,L1,272,hin_Deva,0.9362005591392517
Wikipedia,L5,272,hin_Deva,0.5976057052612305
Wikipedia,L20,272,hin_Deva,0.6365313529968262
Wikipedia,L1,273,anp_Deva,0.978833019733429
Wikipedia,L5,273,hin_Deva,0.951812207698822
Wikipedia,L20,273,hin_Deva,0.9466884732246399
Wikipedia,L1,274,anp_Deva,0.6016373634338379
Wikipedia,L5,274,anp_Deva,0.6601001024246216
Wikipedia,L20,274,anp_Deva,0.6718477606773376
Wikipedia,L1,275,hin_Deva,0.8078815340995789
Wikipedia,L5,275,anp_Deva,0.6063634157180786
Wikipedia,L20,275,anp_Deva,0.7406082153320312
Wikipedia,L1,281,hin_Deva,0.8675861358642578
Wikipedia,L5,281,hin_Deva,0.8520548343658447
Wikipedia,L20,281,hin_Deva,0.8259490728378296
Wikipedia,L1,283,anp_Deva,0.9999765157699585
Wikipedia,L5,283,anp_Deva,0.9630764126777649
Wikipedia,L20,283,anp_Deva,0.7911127209663391
Wikipedia,L1,284,hin_Deva,0.9717559218406677
Wikipedia,L5,284,hin_Deva,0.9236724376678467
Wikipedia,L20,284,hin_Deva,0.883193850517273
Wikipedia,L1,285,anp_Deva,0.931256115436554
Wikipedia,L5,285,anp_Deva,0.5909927487373352
Wikipedia,L20,285,anp_Deva,0.8335210084915161
Wikipedia,L1,286,anp_Deva,0.4562697410583496
Wikipedia,L5,286,hin_Deva,0.5500780344009399
Wikipedia,L20,286,hin_Deva,0.827464759349823
Wikipedia,L1,289,anp_Deva,0.5540303587913513
Wikipedia,L5,289,anp_Deva,0.786818265914917
Wikipedia,L20,289,anp_Deva,0.7927755117416382
Wikipedia,L1,291,awa_Deva,0.37767958641052246
Wikipedia,L5,291,hin_Deva,0.7033050656318665
Wikipedia,L20,291,hin_Deva,0.8912525177001953
Wikipedia,L1,293,hin_Deva,0.9824038743972778
Wikipedia,L5,293,hin_Deva,0.9577515125274658
Wikipedia,L20,293,hin_Deva,0.9209118485450745
Wikipedia,L1,297,anp_Deva,0.7095122337341309
Wikipedia,L5,297,hin_Deva,0.847317099571228
Wikipedia,L20,297,hin_Deva,0.8705381751060486
Wikipedia,L1,298,anp_Deva,0.9999562501907349
Wikipedia,L5,298,anp_Deva,0.8580382466316223
Wikipedia,L20,298,anp_Deva,0.886946976184845
Wikipedia,L1,303,hin_Deva,0.6443014740943909
Wikipedia,L5,303,hin_Deva,0.6101022362709045
Wikipedia,L20,303,anp_Deva,0.5388553738594055
Wikipedia,L1,305,anp_Deva,0.7446856498718262
Wikipedia,L5,305,anp_Deva,0.7693199515342712
Wikipedia,L20,305,anp_Deva,0.9277250170707703
Wikipedia,L1,306,anp_Deva,0.9714818596839905
Wikipedia,L5,306,anp_Deva,0.8918338418006897
Wikipedia,L20,306,anp_Deva,0.7106348872184753
Wikipedia,L1,307,hin_Deva,0.9716871380805969
Wikipedia,L5,307,hin_Deva,0.8068290948867798
Wikipedia,L20,307,hin_Deva,0.9048952460289001
Wikipedia,L1,309,anp_Deva,0.9645469784736633
Wikipedia,L5,309,hin_Deva,0.6708248257637024
Wikipedia,L20,309,hin_Deva,0.8179079294204712
Wikipedia,L1,310,anp_Deva,0.9608893394470215
Wikipedia,L5,310,hin_Deva,0.674004077911377
Wikipedia,L20,310,hin_Deva,0.719579815864563
Wikipedia,L1,315,hin_Deva,0.7393404245376587
Wikipedia,L5,315,hin_Deva,0.732672393321991
Wikipedia,L20,315,hin_Deva,0.8612189888954163
Wikipedia,L1,316,hin_Deva,0.6441565155982971
Wikipedia,L5,316,anp_Deva,0.9591246247291565
Wikipedia,L20,316,anp_Deva,0.9237304329872131
Wikipedia,L1,318,anp_Deva,0.636130690574646
Wikipedia,L5,318,anp_Deva,0.8126763105392456
Wikipedia,L20,318,anp_Deva,0.8157499432563782
Wikipedia,L1,319,hin_Deva,0.7630195021629333
Wikipedia,L5,319,anp_Deva,0.6963430643081665
Wikipedia,L20,319,hin_Deva,0.5035479664802551
Wikipedia,L1,322,anp_Deva,0.5967049598693848
Wikipedia,L5,322,hin_Deva,0.7518851161003113
Wikipedia,L20,322,anp_Deva,0.7097978591918945
Wikipedia,L1,323,hin_Deva,0.6503307223320007
Wikipedia,L5,323,hin_Deva,0.882824182510376
Wikipedia,L20,323,anp_Deva,0.6250787377357483
Wikipedia,L1,324,hin_Deva,0.8988679647445679
Wikipedia,L5,324,hin_Deva,0.6225661635398865
Wikipedia,L20,324,anp_Deva,0.5102330446243286
Wikipedia,L1,326,hin_Deva,0.9978637099266052
Wikipedia,L5,326,hin_Deva,0.9903172254562378
Wikipedia,L20,326,hin_Deva,0.9915376305580139
Wikipedia,L1,331,hin_Deva,0.8436949849128723
Wikipedia,L5,331,anp_Deva,0.59470134973526
Wikipedia,L20,331,anp_Deva,0.8346906304359436
Wikipedia,L1,335,anp_Deva,0.9938446283340454
Wikipedia,L5,335,anp_Deva,0.535805344581604
Wikipedia,L20,335,hin_Deva,0.7088676691055298
Wikipedia,L1,336,hin_Deva,0.6208894848823547
Wikipedia,L5,336,anp_Deva,0.5514904260635376
Wikipedia,L20,336,hin_Deva,0.7859236598014832
Wikipedia,L1,338,anp_Deva,0.8724105954170227
Wikipedia,L5,338,anp_Deva,0.7640974521636963
Wikipedia,L20,338,anp_Deva,0.8742794990539551
Wikipedia,L1,339,anp_Deva,0.824346661567688
Wikipedia,L5,339,anp_Deva,0.885421097278595
Wikipedia,L20,339,anp_Deva,0.9767172336578369
Wikipedia,L1,340,hin_Deva,0.9690401554107666
Wikipedia,L5,340,hin_Deva,0.967987060546875
Wikipedia,L20,340,hin_Deva,0.9112703800201416
Wikipedia,L1,341,anp_Deva,0.5459643602371216
Wikipedia,L5,341,anp_Deva,0.908823549747467
Wikipedia,L20,341,anp_Deva,0.7361881732940674
Wikipedia,L1,343,anp_Deva,0.8828042149543762
Wikipedia,L5,343,hin_Deva,0.8906453251838684
Wikipedia,L20,343,hin_Deva,0.9097031354904175
Wikipedia,L1,344,anp_Deva,0.5469326376914978
Wikipedia,L5,344,anp_Deva,0.7969457507133484
Wikipedia,L20,344,anp_Deva,0.5439398884773254
Wikipedia,L1,345,hin_Deva,0.9696982502937317
Wikipedia,L5,345,hin_Deva,0.8909993171691895
Wikipedia,L20,345,hin_Deva,0.6749664545059204
Wikipedia,L1,348,anp_Deva,0.5036228895187378
Wikipedia,L5,348,hin_Deva,0.7909958362579346
Wikipedia,L20,348,hin_Deva,0.9060478210449219
Wikipedia,L1,349,hin_Deva,0.8403148055076599
Wikipedia,L5,349,hin_Deva,0.9711260199546814
Wikipedia,L20,349,hin_Deva,0.8879812359809875
Wikipedia,L1,352,anp_Deva,0.8389420509338379
Wikipedia,L5,352,anp_Deva,0.9804533123970032
Wikipedia,L20,352,anp_Deva,0.9744951725006104
Wikipedia,L1,353,hin_Deva,0.9417142271995544
Wikipedia,L5,353,hin_Deva,0.8869685530662537
Wikipedia,L20,353,hin_Deva,0.8054274916648865
Wikipedia,L1,354,hin_Deva,0.49618250131607056
Wikipedia,L5,354,hin_Deva,0.5431257486343384
Wikipedia,L20,354,hin_Deva,0.7933558225631714
Wikipedia,L1,355,anp_Deva,0.9880856275558472
Wikipedia,L5,355,hin_Deva,0.6777144074440002
Wikipedia,L20,355,anp_Deva,0.6232993602752686
Wikipedia,L1,356,hin_Deva,0.9353371858596802
Wikipedia,L5,356,hin_Deva,0.5754095911979675
Wikipedia,L20,356,anp_Deva,0.7471758127212524
Wikipedia,L1,360,hin_Deva,0.6793791651725769
Wikipedia,L5,360,hin_Deva,0.5578341484069824
Wikipedia,L20,360,hin_Deva,0.7257318496704102
Wikipedia,L1,361,anp_Deva,0.9972638487815857
Wikipedia,L5,361,anp_Deva,0.8140974640846252
Wikipedia,L20,361,anp_Deva,0.6493980884552002
Wikipedia,L1,362,hin_Deva,0.9949582815170288
Wikipedia,L5,362,hin_Deva,0.6807786822319031
Wikipedia,L20,362,anp_Deva,0.517350971698761
Wikipedia,L1,363,hin_Deva,0.7571743726730347
Wikipedia,L5,363,anp_Deva,0.6847204566001892
Wikipedia,L20,363,anp_Deva,0.7865741848945618
Wikipedia,L1,365,awa_Deva,0.9944835305213928
Wikipedia,L5,365,hin_Deva,0.8193373680114746
Wikipedia,L20,365,anp_Deva,0.5366724133491516
Wikipedia,L1,366,anp_Deva,0.6257613897323608
Wikipedia,L5,366,hin_Deva,0.6544987559318542
Wikipedia,L20,366,anp_Deva,0.5761617422103882
Wikipedia,L1,367,hin_Deva,0.5311381220817566
Wikipedia,L5,367,hin_Deva,0.5669069290161133
Wikipedia,L20,367,hin_Deva,0.6123220324516296
Wikipedia,L1,368,anp_Deva,0.7096706628799438
Wikipedia,L5,368,hin_Deva,0.8197899460792542
Wikipedia,L20,368,hin_Deva,0.8291531801223755
Wikipedia,L1,369,hin_Deva,0.5092830061912537
Wikipedia,L5,369,hin_Deva,0.8465900421142578
Wikipedia,L20,369,hin_Deva,0.7509720325469971
Wikipedia,L1,371,hin_Deva,0.6825263500213623
Wikipedia,L5,371,hin_Deva,0.8696992993354797
Wikipedia,L20,371,hin_Deva,0.5869881510734558
Wikipedia,L1,373,hin_Deva,0.9058300256729126
Wikipedia,L5,373,hin_Deva,0.5834094882011414
Wikipedia,L20,373,anp_Deva,0.6362810730934143
Wikipedia,L1,375,anp_Deva,0.9784018993377686
Wikipedia,L5,375,hin_Deva,0.5857755541801453
Wikipedia,L20,375,anp_Deva,0.5342837572097778
Wikipedia,L1,376,hin_Deva,0.894952654838562
Wikipedia,L5,376,hin_Deva,0.9403692483901978
Wikipedia,L20,376,hin_Deva,0.7335994839668274
Wikipedia,L1,379,anp_Deva,0.9423413276672363
Wikipedia,L5,379,anp_Deva,0.8296012282371521
Wikipedia,L20,379,anp_Deva,0.5666714906692505
Wikipedia,L1,381,anp_Deva,0.9996854066848755
Wikipedia,L5,381,anp_Deva,0.9299758672714233
Wikipedia,L20,381,anp_Deva,0.8808851838111877
Wikipedia,L1,383,hin_Deva,0.6996831297874451
Wikipedia,L5,383,hin_Deva,0.846011221408844
Wikipedia,L20,383,hin_Deva,0.8904772400856018
Wikipedia,L1,384,hin_Deva,0.966767430305481
Wikipedia,L5,384,anp_Deva,0.6860710978507996
Wikipedia,L20,384,anp_Deva,0.64924556016922
Wikipedia,L1,385,anp_Deva,0.8653486967086792
Wikipedia,L5,385,anp_Deva,0.8884419202804565
Wikipedia,L20,385,anp_Deva,0.9063000679016113
Wikipedia,L1,386,hin_Deva,0.5556696653366089
Wikipedia,L5,386,anp_Deva,0.9320906400680542
Wikipedia,L20,386,anp_Deva,0.7508370876312256
Wikipedia,L1,388,anp_Deva,0.5160226821899414
Wikipedia,L5,388,anp_Deva,0.7266029119491577
Wikipedia,L20,388,hin_Deva,0.5913805365562439
Wikipedia,L1,392,anp_Deva,0.9853005409240723
Wikipedia,L5,392,hin_Deva,0.9038037061691284
Wikipedia,L20,392,hin_Deva,0.8989797234535217
Wikipedia,L1,393,anp_Deva,0.6462670564651489
Wikipedia,L5,393,anp_Deva,0.8126857280731201
Wikipedia,L20,393,anp_Deva,0.8906382918357849
Wikipedia,L1,394,anp_Deva,0.6173423528671265
Wikipedia,L5,394,hin_Deva,0.9667231440544128
Wikipedia,L20,394,hin_Deva,0.9531819820404053
Wikipedia,L1,397,anp_Deva,0.9435006976127625
Wikipedia,L5,397,hin_Deva,0.7771286368370056
Wikipedia,L20,397,hin_Deva,0.620910108089447
Wikipedia,L1,399,hin_Deva,0.9044102430343628
Wikipedia,L5,399,anp_Deva,0.6630464792251587
Wikipedia,L20,399,hin_Deva,0.568780243396759
Wikipedia,L1,402,anp_Deva,0.9542704820632935
Wikipedia,L5,402,hin_Deva,0.6099218130111694
Wikipedia,L20,402,hin_Deva,0.700632631778717
Wikipedia,L1,403,hin_Deva,0.6243327856063843
Wikipedia,L5,403,anp_Deva,0.7730274796485901
Wikipedia,L20,403,anp_Deva,0.8654364347457886
Wikipedia,L1,411,hin_Deva,0.9880955219268799
Wikipedia,L5,411,hin_Deva,0.8845077157020569
Wikipedia,L20,411,hin_Deva,0.855769157409668
Wikipedia,L1,412,hin_Deva,0.8424421548843384
Wikipedia,L5,412,anp_Deva,0.8225959539413452
Wikipedia,L20,412,anp_Deva,0.6847146153450012
Wikipedia,L1,413,anp_Deva,0.8551625609397888
Wikipedia,L5,413,hin_Deva,0.8916818499565125
Wikipedia,L20,413,hin_Deva,0.6499536037445068
Wikipedia,L1,415,hin_Deva,0.5433846712112427
Wikipedia,L5,415,hin_Deva,0.9379030466079712
Wikipedia,L20,415,hin_Deva,0.7854207158088684
Wikipedia,L1,416,hin_Deva,0.6460655927658081
Wikipedia,L5,416,anp_Deva,0.9277626872062683
Wikipedia,L20,416,anp_Deva,0.8906935453414917
Wikipedia,L1,418,hin_Deva,0.9211559295654297
Wikipedia,L5,418,hin_Deva,0.6233159899711609
Wikipedia,L20,418,anp_Deva,0.6559593677520752
Wikipedia,L1,419,anp_Deva,0.8404073119163513
Wikipedia,L5,419,anp_Deva,0.5600629448890686
Wikipedia,L20,419,anp_Deva,0.8028697967529297
Wikipedia,L1,420,anp_Deva,0.9134430289268494
Wikipedia,L5,420,hin_Deva,0.7649214863777161
Wikipedia,L20,420,hin_Deva,0.8783353567123413
Wikipedia,L1,422,anp_Deva,0.6945498585700989
Wikipedia,L5,422,hin_Deva,0.9122138023376465
Wikipedia,L20,422,hin_Deva,0.8937615752220154
Wikipedia,L1,426,hin_Deva,0.6471980810165405
Wikipedia,L5,426,hin_Deva,0.8605802655220032
Wikipedia,L20,426,hin_Deva,0.7819461822509766
Wikipedia,L1,427,hin_Deva,0.9347296953201294
Wikipedia,L5,427,hin_Deva,0.9530980587005615
Wikipedia,L20,427,hin_Deva,0.8776885271072388
Wikipedia,L1,428,hin_Deva,0.9964531064033508
Wikipedia,L5,428,hin_Deva,0.8502123355865479
Wikipedia,L20,428,hin_Deva,0.8028895854949951
Wikipedia,L1,429,hin_Deva,0.9405002593994141
Wikipedia,L5,429,hin_Deva,0.5718417167663574
Wikipedia,L20,429,hin_Deva,0.528140664100647
Wikipedia,L1,430,hin_Deva,0.7514779567718506
Wikipedia,L5,430,hin_Deva,0.7848049998283386
Wikipedia,L20,430,hin_Deva,0.9246482253074646
Wikipedia,L1,431,hin_Deva,0.8509476780891418
Wikipedia,L5,431,hin_Deva,0.7381633520126343
Wikipedia,L20,431,hin_Deva,0.9030768871307373
Wikipedia,L1,435,mai_Deva,0.6168336272239685
Wikipedia,L5,435,hin_Deva,0.8870406746864319
Wikipedia,L20,435,anp_Deva,0.7283933162689209
Wikipedia,L1,437,hin_Deva,0.9168642163276672
Wikipedia,L5,437,anp_Deva,0.6215773224830627
Wikipedia,L20,437,anp_Deva,0.6934188604354858
Wikipedia,L1,438,anp_Deva,0.9629366993904114
Wikipedia,L5,438,anp_Deva,0.9924406409263611
Wikipedia,L20,438,anp_Deva,0.9460251927375793
Wikipedia,L1,439,anp_Deva,0.9926826357841492
Wikipedia,L5,439,hin_Deva,0.5745207071304321
Wikipedia,L20,439,hin_Deva,0.7703187465667725
Wikipedia,L1,440,hin_Deva,0.9974052906036377
Wikipedia,L5,440,anp_Deva,0.5794039368629456
Wikipedia,L20,440,anp_Deva,0.5687012672424316
Wikipedia,L1,441,hin_Deva,0.681906521320343
Wikipedia,L5,441,hin_Deva,0.7527220249176025
Wikipedia,L20,441,hin_Deva,0.8231458067893982
Wikipedia,L1,442,anp_Deva,0.9354386925697327
Wikipedia,L5,442,anp_Deva,0.9113386869430542
Wikipedia,L20,442,anp_Deva,0.5005744099617004
Wikipedia,L1,443,anp_Deva,0.9609971046447754
Wikipedia,L5,443,hin_Deva,0.6309950351715088
Wikipedia,L20,443,hin_Deva,0.7010721564292908
Wikipedia,L1,445,hin_Deva,0.9851974248886108
Wikipedia,L5,445,hin_Deva,0.9571904540061951
Wikipedia,L20,445,hin_Deva,0.7847987413406372
Wikipedia,L1,446,anp_Deva,1.0000097751617432
Wikipedia,L5,446,anp_Deva,0.9997894167900085
Wikipedia,L20,446,anp_Deva,0.945039689540863
Wikipedia,L1,448,hin_Deva,0.9816288352012634
Wikipedia,L5,448,hin_Deva,0.5972905158996582
Wikipedia,L20,448,anp_Deva,0.760613203048706
Wikipedia,L1,451,hin_Deva,0.9552653431892395
Wikipedia,L5,451,hin_Deva,0.8012767434120178
Wikipedia,L20,451,anp_Deva,0.6323044300079346
Wikipedia,L1,452,anp_Deva,0.6170284152030945
Wikipedia,L5,452,anp_Deva,0.9720596075057983
Wikipedia,L20,452,anp_Deva,0.5891720056533813
Wikipedia,L1,456,anp_Deva,0.9531828165054321
Wikipedia,L5,456,hin_Deva,0.8449304103851318
Wikipedia,L20,456,hin_Deva,0.6239471435546875
Wikipedia,L1,457,anp_Deva,0.5818018913269043
Wikipedia,L5,457,anp_Deva,0.6316733360290527
Wikipedia,L20,457,anp_Deva,0.597929835319519
Wikipedia,L1,460,hin_Deva,0.9558063745498657
Wikipedia,L5,460,anp_Deva,0.817367672920227
Wikipedia,L20,460,anp_Deva,0.5270915031433105
Wikipedia,L1,461,hin_Deva,0.9602295160293579
Wikipedia,L5,461,hin_Deva,0.6112015843391418
Wikipedia,L20,461,hin_Deva,0.7294706106185913
Wikipedia,L1,462,anp_Deva,0.9451401233673096
Wikipedia,L5,462,anp_Deva,0.6708204746246338
Wikipedia,L20,462,anp_Deva,0.5397822856903076
Wikipedia,L1,466,hin_Deva,0.9845931529998779
Wikipedia,L5,466,hin_Deva,0.9811011552810669
Wikipedia,L20,466,hin_Deva,0.7821948528289795
Wikipedia,L1,467,hin_Deva,0.866177499294281
Wikipedia,L5,467,hin_Deva,0.5971333980560303
Wikipedia,L20,467,anp_Deva,0.5757772326469421
Wikipedia,L1,468,hin_Deva,0.8719648122787476
Wikipedia,L5,468,hin_Deva,0.5589953660964966
Wikipedia,L20,468,hin_Deva,0.7263030409812927
Wikipedia,L1,469,hin_Deva,0.9123114347457886
Wikipedia,L5,469,hin_Deva,0.6546493768692017
Wikipedia,L20,469,anp_Deva,0.5284250378608704
Wikipedia,L1,471,anp_Deva,0.882961630821228
Wikipedia,L5,471,hin_Deva,0.7886139750480652
Wikipedia,L20,471,hin_Deva,0.8520697951316833
Wikipedia,L1,474,anp_Deva,0.9484679698944092
Wikipedia,L5,474,anp_Deva,0.8551225662231445
Wikipedia,L20,474,anp_Deva,0.7559567093849182
Wikipedia,L1,475,hin_Deva,0.9822466373443604
Wikipedia,L5,475,hin_Deva,0.9523670077323914
Wikipedia,L20,475,hin_Deva,0.9198614358901978
Wikipedia,L1,476,hin_Deva,0.9024072289466858
Wikipedia,L5,476,hin_Deva,0.7230225205421448
Wikipedia,L20,476,hin_Deva,0.7230422496795654
Wikipedia,L1,477,hin_Deva,0.9363469481468201
Wikipedia,L5,477,anp_Deva,0.5238865613937378
Wikipedia,L20,477,hin_Deva,0.6549273729324341
Wikipedia,L1,480,anp_Deva,0.9068678021430969
Wikipedia,L5,480,anp_Deva,0.9544934034347534
Wikipedia,L20,480,anp_Deva,0.7123793363571167
Wikipedia,L1,482,anp_Deva,0.9993011951446533
Wikipedia,L5,482,anp_Deva,0.6156415343284607
Wikipedia,L20,482,anp_Deva,0.9103636145591736
Wikipedia,L1,483,hin_Deva,0.9876213669776917
Wikipedia,L5,483,hin_Deva,0.9712057709693909
Wikipedia,L20,483,hin_Deva,0.956439733505249
Wikipedia,L1,485,hin_Deva,0.7164162993431091
Wikipedia,L5,485,hin_Deva,0.9790980815887451
Wikipedia,L20,485,hin_Deva,0.9699183106422424
Wikipedia,L1,486,hin_Deva,0.9030644297599792
Wikipedia,L5,486,hin_Deva,0.9020717740058899
Wikipedia,L20,486,hin_Deva,0.6766507625579834
Wikipedia,L1,487,anp_Deva,0.6452778577804565
Wikipedia,L5,487,anp_Deva,0.8226334452629089
Wikipedia,L20,487,anp_Deva,0.7693808078765869
Wikipedia,L1,488,hin_Deva,0.8119205236434937
Wikipedia,L5,488,hin_Deva,0.7785707116127014
Wikipedia,L20,488,hin_Deva,0.7553320527076721
Wikipedia,L1,490,hin_Deva,0.9852039217948914
Wikipedia,L5,490,hin_Deva,0.9651781320571899
Wikipedia,L20,490,hin_Deva,0.8832242488861084
Wikipedia,L1,493,anp_Deva,0.8279041051864624
Wikipedia,L5,493,anp_Deva,0.9662193059921265
Wikipedia,L20,493,anp_Deva,0.8292492628097534
Wikipedia,L1,495,anp_Deva,0.9774947762489319
Wikipedia,L5,495,anp_Deva,0.697825014591217
Wikipedia,L20,495,anp_Deva,0.6428675055503845
Wikipedia,L1,496,anp_Deva,0.9576543569564819
Wikipedia,L5,496,anp_Deva,0.7049013376235962
Wikipedia,L20,496,hin_Deva,0.7369924783706665
Wikipedia,L1,497,anp_Deva,0.6410156488418579
Wikipedia,L5,497,anp_Deva,0.8858801126480103
Wikipedia,L20,497,hin_Deva,0.6278055906295776
Wikipedia,L1,498,anp_Deva,0.7800341844558716
Wikipedia,L5,498,hin_Deva,0.6178550720214844
Wikipedia,L20,498,hin_Deva,0.5751727819442749
Wikipedia,L1,502,anp_Deva,0.6685497760772705
Wikipedia,L5,502,hin_Deva,0.6398727297782898
Wikipedia,L20,502,hin_Deva,0.8211303353309631
Wikipedia,L1,503,hin_Deva,0.9635805487632751
Wikipedia,L5,503,anp_Deva,0.5456041097640991
Wikipedia,L20,503,anp_Deva,0.6661062836647034
Wikipedia,L1,505,hin_Deva,0.9879607558250427
Wikipedia,L5,505,hin_Deva,0.8750771284103394
Wikipedia,L20,505,hin_Deva,0.9494604468345642
Wikipedia,L1,507,anp_Deva,0.8730034828186035
Wikipedia,L5,507,anp_Deva,0.5494782328605652
Wikipedia,L20,507,anp_Deva,0.6000654697418213
Wikipedia,L1,509,hin_Deva,0.754707932472229
Wikipedia,L5,509,anp_Deva,0.642436683177948
Wikipedia,L20,509,hin_Deva,0.5470943450927734
Wikipedia,L1,511,hin_Deva,0.9962084889411926
Wikipedia,L5,511,hin_Deva,0.9569745063781738
Wikipedia,L20,511,anp_Deva,0.5943349599838257
Wikipedia,L1,512,hin_Deva,0.9041634202003479
Wikipedia,L5,512,anp_Deva,0.7845560908317566
Wikipedia,L20,512,anp_Deva,0.8213666081428528
Wikipedia,L1,515,anp_Deva,0.7232924103736877
Wikipedia,L5,515,anp_Deva,0.8187568783760071
Wikipedia,L20,515,anp_Deva,0.7432423233985901
Wikipedia,L1,517,hin_Deva,0.988335132598877
Wikipedia,L5,517,anp_Deva,0.8007640242576599
Wikipedia,L20,517,anp_Deva,0.7342693209648132
Wikipedia,L1,520,hin_Deva,0.9638649821281433
Wikipedia,L5,520,hin_Deva,0.9442433714866638
Wikipedia,L20,520,hin_Deva,0.9150254726409912
Wikipedia,L1,522,hin_Deva,0.5615723729133606
Wikipedia,L5,522,anp_Deva,0.7317017912864685
Wikipedia,L20,522,anp_Deva,0.5192741751670837
Wikipedia,L1,527,anp_Deva,0.9891857504844666
Wikipedia,L5,527,hin_Deva,0.5048854351043701
Wikipedia,L20,527,hin_Deva,0.9133059978485107
Wikipedia,L1,528,hin_Deva,0.9871158599853516
Wikipedia,L5,528,hin_Deva,0.9383975267410278
Wikipedia,L20,528,hin_Deva,0.8664432168006897
Wikipedia,L1,530,hin_Deva,0.9908217191696167
Wikipedia,L5,530,hin_Deva,0.987801194190979
Wikipedia,L20,530,hin_Deva,0.9769529104232788
Wikipedia,L1,531,anp_Deva,0.9810871481895447
Wikipedia,L5,531,anp_Deva,0.7224908471107483
Wikipedia,L20,531,hin_Deva,0.8829196095466614
Wikipedia,L1,532,anp_Deva,0.9903054237365723
Wikipedia,L5,532,anp_Deva,0.5035040974617004
Wikipedia,L20,532,hin_Deva,0.606438159942627
Wikipedia,L1,533,hin_Deva,0.9053390026092529
Wikipedia,L5,533,hin_Deva,0.9772478938102722
Wikipedia,L20,533,hin_Deva,0.8943663239479065
Wikipedia,L1,534,anp_Deva,0.9839659333229065
Wikipedia,L5,534,hin_Deva,0.8111700415611267
Wikipedia,L20,534,anp_Deva,0.5260177254676819
Wikipedia,L1,535,hin_Deva,0.9063684344291687
Wikipedia,L5,535,hin_Deva,0.7993176579475403
Wikipedia,L20,535,hin_Deva,0.567959189414978
Wikipedia,L1,536,hin_Deva,0.7677248120307922
Wikipedia,L5,536,anp_Deva,0.9366297721862793
Wikipedia,L20,536,anp_Deva,0.9861473441123962
Wikipedia,L1,537,anp_Deva,0.9358820915222168
Wikipedia,L5,537,anp_Deva,0.8358681797981262
Wikipedia,L20,537,anp_Deva,0.8179450631141663
Wikipedia,L1,538,hin_Deva,0.5890508890151978
Wikipedia,L5,538,hin_Deva,0.8365245461463928
Wikipedia,L20,538,anp_Deva,0.5812101364135742
Wikipedia,L1,539,anp_Deva,0.967399001121521
Wikipedia,L5,539,anp_Deva,0.7318159937858582
Wikipedia,L20,539,hin_Deva,0.6045200824737549
Wikipedia,L1,540,hin_Deva,0.9516659379005432
Wikipedia,L5,540,anp_Deva,0.7870392203330994
Wikipedia,L20,540,anp_Deva,0.5383999943733215
Wikipedia,L1,541,anp_Deva,0.8996943235397339
Wikipedia,L5,541,hin_Deva,0.609717071056366
Wikipedia,L20,541,hin_Deva,0.5003065466880798
Wikipedia,L1,543,hin_Deva,0.4736018478870392
Wikipedia,L5,543,anp_Deva,0.7167220711708069
Wikipedia,L20,543,anp_Deva,0.7676378488540649
Wikipedia,L1,544,anp_Deva,0.9839528799057007
Wikipedia,L5,544,hin_Deva,0.587145209312439
Wikipedia,L20,544,anp_Deva,0.614963173866272
Wikipedia,L1,545,hin_Deva,0.909108579158783
Wikipedia,L5,545,anp_Deva,0.7607138752937317
Wikipedia,L20,545,anp_Deva,0.9341916441917419
Wikipedia,L1,546,anp_Deva,0.7777953147888184
Wikipedia,L5,546,anp_Deva,0.564964234828949
Wikipedia,L20,546,hin_Deva,0.6276572346687317
Wikipedia,L1,548,hin_Deva,0.9213810563087463
Wikipedia,L5,548,hin_Deva,0.9608428478240967
Wikipedia,L20,548,hin_Deva,0.9602251052856445
Wikipedia,L1,549,hin_Deva,0.9992819428443909
Wikipedia,L5,549,hin_Deva,0.9119758009910583
Wikipedia,L20,549,anp_Deva,0.7683160305023193
Wikipedia,L1,550,hin_Deva,0.9493365287780762
Wikipedia,L5,550,hin_Deva,0.8809210062026978
Wikipedia,L20,550,hin_Deva,0.9239794611930847
Wikipedia,L1,553,hin_Deva,0.6487378478050232
Wikipedia,L5,553,hin_Deva,0.8330808877944946
Wikipedia,L20,553,hin_Deva,0.7178152203559875
Wikipedia,L1,555,hin_Deva,0.9816672801971436
Wikipedia,L5,555,hin_Deva,0.8564707636833191
Wikipedia,L20,555,hin_Deva,0.7206500172615051
Wikipedia,L1,556,hin_Deva,0.9743386507034302
Wikipedia,L5,556,anp_Deva,0.7714201807975769
Wikipedia,L20,556,anp_Deva,0.8036991357803345
Wikipedia,L1,557,anp_Deva,0.9852327704429626
Wikipedia,L5,557,hin_Deva,0.7459993362426758
Wikipedia,L20,557,hin_Deva,0.7710821032524109
Wikipedia,L1,559,anp_Deva,0.9919511079788208
Wikipedia,L5,559,hin_Deva,0.6438034772872925
Wikipedia,L20,559,anp_Deva,0.6317803859710693
Wikipedia,L1,560,anp_Deva,0.8650848269462585
Wikipedia,L5,560,anp_Deva,0.8714345693588257
Wikipedia,L20,560,hin_Deva,0.7618602514266968
Wikipedia,L1,563,hin_Deva,0.4644656777381897
Wikipedia,L5,563,hin_Deva,0.7889714241027832
Wikipedia,L20,563,hin_Deva,0.7028506994247437
Wikipedia,L1,566,anp_Deva,0.9094986915588379
Wikipedia,L5,566,anp_Deva,0.8818365931510925
Wikipedia,L20,566,hin_Deva,0.5143266320228577
Wikipedia,L1,569,anp_Deva,0.8435311913490295
Wikipedia,L5,569,hin_Deva,0.7306481599807739
Wikipedia,L20,569,anp_Deva,0.5244332551956177
Wikipedia,L1,570,hin_Deva,0.9788768887519836
Wikipedia,L5,570,hin_Deva,0.6200937628746033
Wikipedia,L20,570,anp_Deva,0.5059603452682495
Wikipedia,L1,571,hin_Deva,0.8616548776626587
Wikipedia,L5,571,hin_Deva,0.6094059348106384
Wikipedia,L20,571,anp_Deva,0.6879724860191345
Wikipedia,L1,572,anp_Deva,0.9836928248405457
Wikipedia,L5,572,anp_Deva,0.5467331409454346
Wikipedia,L20,572,anp_Deva,0.7606854438781738
Wikipedia,L1,573,anp_Deva,0.9999173879623413
Wikipedia,L5,573,anp_Deva,0.8119569420814514
Wikipedia,L20,573,anp_Deva,0.9107033014297485
Wikipedia,L1,574,hin_Deva,0.8723873496055603
Wikipedia,L5,574,hin_Deva,0.6667741537094116
Wikipedia,L20,574,hin_Deva,0.5165227055549622
Wikipedia,L1,577,hin_Deva,0.8448703289031982
Wikipedia,L5,577,anp_Deva,0.672304630279541
Wikipedia,L20,577,anp_Deva,0.7101811170578003
Wikipedia,L1,578,anp_Deva,0.8325133919715881
Wikipedia,L5,578,hin_Deva,0.7385366559028625
Wikipedia,L20,578,hin_Deva,0.9421793222427368
Wikipedia,L1,582,hin_Deva,0.9758023023605347
Wikipedia,L5,582,hin_Deva,0.7033787369728088
Wikipedia,L20,582,hin_Deva,0.6536487936973572
Wikipedia,L1,583,hin_Deva,0.9261995553970337
Wikipedia,L5,583,hin_Deva,0.8835235834121704
Wikipedia,L20,583,hin_Deva,0.7467836141586304
Wikipedia,L1,584,hin_Deva,0.9384958744049072
Wikipedia,L5,584,hin_Deva,0.9203866124153137
Wikipedia,L20,584,hin_Deva,0.7913640141487122
Wikipedia,L1,585,hin_Deva,0.9321580529212952
Wikipedia,L5,585,anp_Deva,0.5219334363937378
Wikipedia,L20,585,hin_Deva,0.7899536490440369
Wikipedia,L1,589,anp_Deva,0.9462945461273193
Wikipedia,L5,589,hin_Deva,0.5572572946548462
Wikipedia,L20,589,hin_Deva,0.945578396320343
Wikipedia,L1,590,anp_Deva,1.0000076293945312
Wikipedia,L5,590,anp_Deva,0.9502769708633423
Wikipedia,L20,590,anp_Deva,0.8633572459220886
Wikipedia,L1,592,hin_Deva,0.9661322236061096
Wikipedia,L5,592,hin_Deva,0.9818082451820374
Wikipedia,L20,592,hin_Deva,0.9056543111801147
Wikipedia,L1,593,anp_Deva,0.7385497093200684
Wikipedia,L5,593,anp_Deva,0.6758095026016235
Wikipedia,L20,593,hin_Deva,0.7645024657249451
Wikipedia,L1,596,hin_Deva,0.9723827242851257
Wikipedia,L5,596,anp_Deva,0.5915112495422363
Wikipedia,L20,596,anp_Deva,0.681922197341919
Wikipedia,L1,597,anp_Deva,0.9842604398727417
Wikipedia,L5,597,hin_Deva,0.7762272953987122
Wikipedia,L20,597,hin_Deva,0.6087746024131775
Wikipedia,L1,598,anp_Deva,0.8365876078605652
Wikipedia,L5,598,hin_Deva,0.6260387301445007
Wikipedia,L20,598,anp_Deva,0.9156299829483032
Wikipedia,L1,601,hin_Deva,0.5372864603996277
Wikipedia,L5,601,anp_Deva,0.5103045701980591
Wikipedia,L20,601,hin_Deva,0.5111339092254639
Wikipedia,L1,602,hin_Deva,0.741132915019989
Wikipedia,L5,602,hin_Deva,0.6445721983909607
Wikipedia,L20,602,hin_Deva,0.7944151163101196
Wikipedia,L1,603,anp_Deva,0.9913820028305054
Wikipedia,L5,603,anp_Deva,0.854812741279602
Wikipedia,L20,603,anp_Deva,0.7794751524925232
Wikipedia,L1,605,anp_Deva,0.9200069904327393
Wikipedia,L5,605,anp_Deva,0.6011123657226562
Wikipedia,L20,605,anp_Deva,0.7284123301506042
Wikipedia,L1,607,hin_Deva,0.5822815299034119
Wikipedia,L5,607,hin_Deva,0.9373788833618164
Wikipedia,L20,607,hin_Deva,0.6496990919113159
Wikipedia,L1,608,anp_Deva,0.6525490880012512
Wikipedia,L5,608,hin_Deva,0.49175789952278137
Wikipedia,L20,608,anp_Deva,0.632381021976471
Wikipedia,L1,611,anp_Deva,0.9372696876525879
Wikipedia,L5,611,hin_Deva,0.9209299087524414
Wikipedia,L20,611,hin_Deva,0.9115195870399475
Wikipedia,L1,614,hin_Deva,0.8174830079078674
Wikipedia,L5,614,anp_Deva,0.8481747508049011
Wikipedia,L20,614,hin_Deva,0.5603903532028198
Wikipedia,L1,615,hin_Deva,0.6579554677009583
Wikipedia,L5,615,anp_Deva,0.8064936399459839
Wikipedia,L20,615,anp_Deva,0.5039123296737671
Wikipedia,L1,616,hin_Deva,0.7398901581764221
Wikipedia,L5,616,anp_Deva,0.6222704648971558
Wikipedia,L20,616,anp_Deva,0.5808351039886475
Wikipedia,L1,621,anp_Deva,0.9404827952384949
Wikipedia,L5,621,hin_Deva,0.5118896961212158
Wikipedia,L20,621,hin_Deva,0.6111993789672852
Wikipedia,L1,623,hin_Deva,0.5591928362846375
Wikipedia,L5,623,anp_Deva,0.5984786152839661
Wikipedia,L20,623,anp_Deva,0.7775587439537048
Wikipedia,L1,625,anp_Deva,0.9983580112457275
Wikipedia,L5,625,anp_Deva,0.7952638864517212
Wikipedia,L20,625,anp_Deva,0.8534917831420898
Wikipedia,L1,626,hin_Deva,0.8402643203735352
Wikipedia,L5,626,hin_Deva,0.7068101763725281
Wikipedia,L20,626,hin_Deva,0.7903280854225159
Wikipedia,L1,631,anp_Deva,0.9999127388000488
Wikipedia,L5,631,anp_Deva,0.8566396236419678
Wikipedia,L20,631,hin_Deva,0.612880527973175
Wikipedia,L1,634,hin_Deva,0.7536285519599915
Wikipedia,L5,634,anp_Deva,0.779849112033844
Wikipedia,L20,634,hin_Deva,0.5090423822402954
Wikipedia,L1,635,anp_Deva,0.995789647102356
Wikipedia,L5,635,anp_Deva,0.783067524433136
Wikipedia,L20,635,anp_Deva,0.8660898208618164
Wikipedia,L1,638,anp_Deva,0.5160852670669556
Wikipedia,L5,638,hin_Deva,0.8249684572219849
Wikipedia,L20,638,hin_Deva,0.49886396527290344
Wikipedia,L1,640,anp_Deva,0.9254500865936279
Wikipedia,L5,640,anp_Deva,0.8667846918106079
Wikipedia,L20,640,anp_Deva,0.8604733347892761
Wikipedia,L1,641,anp_Deva,0.9984201192855835
Wikipedia,L5,641,anp_Deva,0.6375922560691833
Wikipedia,L20,641,anp_Deva,0.7079039812088013
Wikipedia,L1,642,anp_Deva,0.72031569480896
Wikipedia,L5,642,anp_Deva,0.8382118940353394
Wikipedia,L20,642,anp_Deva,0.6561316847801208
Wikipedia,L1,643,hin_Deva,0.8834756016731262
Wikipedia,L5,643,hin_Deva,0.7059929966926575
Wikipedia,L20,643,hin_Deva,0.8964296579360962
Wikipedia,L1,644,anp_Deva,0.9966986775398254
Wikipedia,L5,644,anp_Deva,0.9640979170799255
Wikipedia,L20,644,hin_Deva,0.6094546914100647
Wikipedia,L1,646,anp_Deva,0.9969102144241333
Wikipedia,L5,646,anp_Deva,0.6842165589332581
Wikipedia,L20,646,anp_Deva,0.530769944190979
Wikipedia,L1,649,hin_Deva,0.9980441927909851
Wikipedia,L5,649,anp_Deva,0.911516010761261
Wikipedia,L20,649,anp_Deva,0.7388865947723389
Wikipedia,L1,652,anp_Deva,0.8285999298095703
Wikipedia,L5,652,hin_Deva,0.8133192658424377
Wikipedia,L20,652,hin_Deva,0.5041254162788391
Wikipedia,L1,654,hin_Deva,0.9555405378341675
Wikipedia,L5,654,hin_Deva,0.9388478398323059
Wikipedia,L20,654,hin_Deva,0.9637836813926697
Wikipedia,L1,656,anp_Deva,0.7560126185417175
Wikipedia,L5,656,hin_Deva,0.7734068036079407
Wikipedia,L20,656,hin_Deva,0.8090612888336182
Wikipedia,L1,659,hin_Deva,0.9679234027862549
Wikipedia,L5,659,hin_Deva,0.9452734589576721
Wikipedia,L20,659,hin_Deva,0.9639797210693359
Wikipedia,L1,660,anp_Deva,0.6419723629951477
Wikipedia,L5,660,anp_Deva,0.5348384380340576
Wikipedia,L20,660,anp_Deva,0.8479240536689758
Wikipedia,L1,661,hin_Deva,0.515681266784668
Wikipedia,L5,661,anp_Deva,0.5183032751083374
Wikipedia,L20,661,anp_Deva,0.546393096446991
Wikipedia,L1,663,anp_Deva,0.83543860912323
Wikipedia,L5,663,hin_Deva,0.7921231389045715
Wikipedia,L20,663,hin_Deva,0.8451296091079712
Wikipedia,L1,665,anp_Deva,0.9930282831192017
Wikipedia,L5,665,anp_Deva,0.8592117428779602
Wikipedia,L20,665,anp_Deva,0.8631186485290527
Wikipedia,L1,666,hin_Deva,0.8836044669151306
Wikipedia,L5,666,anp_Deva,0.7780230641365051
Wikipedia,L20,666,anp_Deva,0.535395085811615
Wikipedia,L1,667,hin_Deva,0.6554408073425293
Wikipedia,L5,667,anp_Deva,0.8414925932884216
Wikipedia,L20,667,anp_Deva,0.7094368934631348
Wikipedia,L1,669,anp_Deva,1.0000057220458984
Wikipedia,L5,669,hin_Deva,0.8600593209266663
Wikipedia,L20,669,hin_Deva,0.8513529300689697
Wikipedia,L1,670,hin_Deva,0.9065334796905518
Wikipedia,L5,670,hin_Deva,0.5984207391738892
Wikipedia,L20,670,anp_Deva,0.6245132684707642
Wikipedia,L1,671,hin_Deva,0.9692267775535583
Wikipedia,L5,671,hin_Deva,0.8279146552085876
Wikipedia,L20,671,hin_Deva,0.8567531108856201
Wikipedia,L1,672,hin_Deva,0.9799876809120178
Wikipedia,L5,672,hin_Deva,0.6555111408233643
Wikipedia,L20,672,anp_Deva,0.761806070804596
Wikipedia,L1,673,hin_Deva,0.6043916940689087
Wikipedia,L5,673,anp_Deva,0.7954332828521729
Wikipedia,L20,673,hin_Deva,0.9916155338287354
Wikipedia,L1,674,anp_Deva,0.999855637550354
Wikipedia,L5,674,anp_Deva,0.9877405762672424
Wikipedia,L20,674,anp_Deva,0.9859853386878967
Wikipedia,L1,677,hin_Deva,0.9801033139228821
Wikipedia,L5,677,hin_Deva,0.6777030825614929
Wikipedia,L20,677,hin_Deva,0.5351814031600952
Wikipedia,L1,678,hin_Deva,0.9723227620124817
Wikipedia,L5,678,hin_Deva,0.9842971563339233
Wikipedia,L20,678,hin_Deva,0.9864200949668884
Wikipedia,L1,679,anp_Deva,0.9660041332244873
Wikipedia,L5,679,anp_Deva,0.8089953064918518
Wikipedia,L20,679,anp_Deva,0.8259937167167664
Wikipedia,L1,683,hin_Deva,0.8852361440658569
Wikipedia,L5,683,hin_Deva,0.7738663554191589
Wikipedia,L20,683,hin_Deva,0.5471477508544922
Wikipedia,L1,684,hin_Deva,0.8698873519897461
Wikipedia,L5,684,hin_Deva,0.6726327538490295
Wikipedia,L20,684,hin_Deva,0.8858118653297424
Wikipedia,L1,685,hin_Deva,0.9412093162536621
Wikipedia,L5,685,anp_Deva,0.5393171310424805
Wikipedia,L20,685,anp_Deva,0.5292938947677612
Wikipedia,L1,688,hin_Deva,0.9494258165359497
Wikipedia,L5,688,hin_Deva,0.6459632515907288
Wikipedia,L20,688,hin_Deva,0.8314782381057739
Wikipedia,L1,692,hin_Deva,0.9950182437896729
Wikipedia,L5,692,hin_Deva,0.867901086807251
Wikipedia,L20,692,hin_Deva,0.8333865404129028
Wikipedia,L1,693,anp_Deva,0.9889945983886719
Wikipedia,L5,693,hin_Deva,0.7172622680664062
Wikipedia,L20,693,hin_Deva,0.7967035174369812
Wikipedia,L1,697,hin_Deva,0.94821697473526
Wikipedia,L5,697,hin_Deva,0.9823317527770996
Wikipedia,L20,697,hin_Deva,0.9121449589729309
Wikipedia,L1,698,anp_Deva,0.9998948574066162
Wikipedia,L5,698,hin_Deva,0.5426846146583557
Wikipedia,L20,698,hin_Deva,0.6159010529518127
Wikipedia,L1,701,anp_Deva,0.6060142517089844
Wikipedia,L5,701,hin_Deva,0.7201484441757202
Wikipedia,L20,701,hin_Deva,0.7654456496238708
Wikipedia,L1,703,anp_Deva,0.9987043738365173
Wikipedia,L5,703,anp_Deva,0.9862629771232605
Wikipedia,L20,703,anp_Deva,0.951998233795166
Wikipedia,L1,705,hin_Deva,0.9620287418365479
Wikipedia,L5,705,anp_Deva,0.7459180355072021
Wikipedia,L20,705,anp_Deva,0.7585028409957886
Wikipedia,L1,707,anp_Deva,0.6920576095581055
Wikipedia,L5,707,hin_Deva,0.5392809510231018
Wikipedia,L20,707,hin_Deva,0.7692767977714539
Wikipedia,L1,709,anp_Deva,0.9998334050178528
Wikipedia,L5,709,anp_Deva,0.8410314917564392
Wikipedia,L20,709,anp_Deva,0.8245468139648438
Wikipedia,L1,710,anp_Deva,0.93831467628479
Wikipedia,L5,710,hin_Deva,0.6133981943130493
Wikipedia,L20,710,hin_Deva,0.7335349321365356
Wikipedia,L1,711,hin_Deva,0.5564697980880737
Wikipedia,L5,711,hin_Deva,0.6443610191345215
Wikipedia,L20,711,hin_Deva,0.7369411587715149
Wikipedia,L1,712,anp_Deva,0.989750862121582
Wikipedia,L5,712,anp_Deva,0.9259044528007507
Wikipedia,L20,712,anp_Deva,0.8058347105979919
Wikipedia,L1,713,anp_Deva,0.7524502873420715
Wikipedia,L5,713,hin_Deva,0.5626608729362488
Wikipedia,L20,713,hin_Deva,0.7924158573150635
Wikipedia,L1,714,hin_Deva,0.6583040356636047
Wikipedia,L5,714,anp_Deva,0.6285205483436584
Wikipedia,L20,714,hin_Deva,0.6444383859634399
Wikipedia,L1,715,hin_Deva,0.5798606276512146
Wikipedia,L5,715,anp_Deva,0.9116889834403992
Wikipedia,L20,715,anp_Deva,0.6805843114852905
Wikipedia,L1,716,hin_Deva,0.9659212827682495
Wikipedia,L5,716,anp_Deva,0.7720364332199097
Wikipedia,L20,716,anp_Deva,0.83073890209198
Wikipedia,L1,718,anp_Deva,0.9352391362190247
Wikipedia,L5,718,hin_Deva,0.4139079451560974
Wikipedia,L20,718,anp_Deva,0.5305933356285095
Wikipedia,L1,719,hin_Deva,0.859397828578949
Wikipedia,L5,719,hin_Deva,0.5566681027412415
Wikipedia,L20,719,hin_Deva,0.8920823931694031
Wikipedia,L1,723,hin_Deva,0.4013763666152954
Wikipedia,L5,723,hin_Deva,0.7473220825195312
Wikipedia,L20,723,hin_Deva,0.5053812265396118
Wikipedia,L1,729,hin_Deva,0.964327335357666
Wikipedia,L5,729,hin_Deva,0.9828196167945862
Wikipedia,L20,729,hin_Deva,0.9940248131752014
Wikipedia,L1,730,hin_Deva,0.908530056476593
Wikipedia,L5,730,hin_Deva,0.8294313549995422
Wikipedia,L20,730,hin_Deva,0.6679237484931946
Wikipedia,L1,731,hin_Deva,0.9514560103416443
Wikipedia,L5,731,hin_Deva,0.8218262791633606
Wikipedia,L20,731,hin_Deva,0.9302377104759216
Wikipedia,L1,733,hin_Deva,0.546283483505249
Wikipedia,L5,733,hin_Deva,0.6144270896911621
Wikipedia,L20,733,hin_Deva,0.8500732779502869
Wikipedia,L1,737,hin_Deva,0.7401507496833801
Wikipedia,L5,737,hin_Deva,0.6116353273391724
Wikipedia,L20,737,hin_Deva,0.5107744932174683
Wikipedia,L1,740,hin_Deva,0.9918503761291504
Wikipedia,L5,740,hin_Deva,0.9001247882843018
Wikipedia,L20,740,hin_Deva,0.8547964096069336
Wikipedia,L1,741,anp_Deva,0.6402655243873596
Wikipedia,L5,741,hin_Deva,0.7519561648368835
Wikipedia,L20,741,hin_Deva,0.8331572413444519
Wikipedia,L1,742,hin_Deva,0.9926769137382507
Wikipedia,L5,742,hin_Deva,0.9870402216911316
Wikipedia,L20,742,hin_Deva,0.9298241138458252
Wikipedia,L1,743,anp_Deva,0.7579994797706604
Wikipedia,L5,743,anp_Deva,0.5452486872673035
Wikipedia,L20,743,hin_Deva,0.6161278486251831
Wikipedia,L1,744,hin_Deva,0.9609160423278809
Wikipedia,L5,744,hin_Deva,0.7778227925300598
Wikipedia,L20,744,hin_Deva,0.8163324594497681
Wikipedia,L1,746,hin_Deva,0.9869403839111328
Wikipedia,L5,746,hin_Deva,0.8399373292922974
Wikipedia,L20,746,hin_Deva,0.7475627660751343
Wikipedia,L1,750,hin_Deva,0.512620210647583
Wikipedia,L5,750,hin_Deva,0.6776853203773499
Wikipedia,L20,750,hin_Deva,0.761963427066803
Wikipedia,L1,751,anp_Deva,0.6151152849197388
Wikipedia,L5,751,anp_Deva,0.7974361777305603
Wikipedia,L20,751,anp_Deva,0.7663475275039673
Wikipedia,L1,752,hin_Deva,0.6644374132156372
Wikipedia,L5,752,anp_Deva,0.8642640709877014
Wikipedia,L20,752,anp_Deva,0.9275479912757874
Wikipedia,L1,753,hin_Deva,0.9876647591590881
Wikipedia,L5,753,anp_Deva,0.5907548666000366
Wikipedia,L20,753,anp_Deva,0.8951066732406616
Wikipedia,L1,755,anp_Deva,0.5767039060592651
Wikipedia,L5,755,hin_Deva,0.6567839980125427
Wikipedia,L20,755,hin_Deva,0.7140238881111145
Wikipedia,L1,756,anp_Deva,0.9921894073486328
Wikipedia,L5,756,anp_Deva,0.9724851846694946
Wikipedia,L20,756,anp_Deva,0.915506899356842
Wikipedia,L1,760,anp_Deva,0.6158460378646851
Wikipedia,L5,760,hin_Deva,0.6475079655647278
Wikipedia,L20,760,hin_Deva,0.7874425053596497
Wikipedia,L1,761,hin_Deva,0.8636353611946106
Wikipedia,L5,761,hin_Deva,0.9285393357276917
Wikipedia,L20,761,hin_Deva,0.7764738202095032
Wikipedia,L1,762,anp_Deva,0.9583057761192322
Wikipedia,L5,762,hin_Deva,0.847407341003418
Wikipedia,L20,762,hin_Deva,0.8224433064460754
Wikipedia,L1,763,hin_Deva,0.9533162713050842
Wikipedia,L5,763,hin_Deva,0.9177112579345703
Wikipedia,L20,763,hin_Deva,0.7745126485824585
Wikipedia,L1,768,hin_Deva,0.9204674363136292
Wikipedia,L5,768,hin_Deva,0.695838987827301
Wikipedia,L20,768,hin_Deva,0.6072176694869995
Wikipedia,L1,770,hin_Deva,0.9198665618896484
Wikipedia,L5,770,hin_Deva,0.6470974087715149
Wikipedia,L20,770,hin_Deva,0.7985396981239319
Wikipedia,L1,771,hin_Deva,0.8428774476051331
Wikipedia,L5,771,anp_Deva,0.550909698009491
Wikipedia,L20,771,anp_Deva,0.5211138129234314
Wikipedia,L1,773,hin_Deva,0.8385398387908936
Wikipedia,L5,773,anp_Deva,0.5399870872497559
Wikipedia,L20,773,anp_Deva,0.5084003210067749
Wikipedia,L1,775,hin_Deva,0.8979100584983826
Wikipedia,L5,775,hin_Deva,0.8791785836219788
Wikipedia,L20,775,hin_Deva,0.7868201732635498
Wikipedia,L1,776,hin_Deva,0.9610735774040222
Wikipedia,L5,776,hin_Deva,0.9543143510818481
Wikipedia,L20,776,hin_Deva,0.9182616472244263
Wikipedia,L1,777,anp_Deva,0.9206538200378418
Wikipedia,L5,777,hin_Deva,0.8329179286956787
Wikipedia,L20,777,hin_Deva,0.8821843266487122
Wikipedia,L1,779,hin_Deva,0.49501633644104004
Wikipedia,L5,779,hin_Deva,0.9622270464897156
Wikipedia,L20,779,hin_Deva,0.9433361887931824
Wikipedia,L1,780,hin_Deva,0.9139183163642883
Wikipedia,L5,780,hin_Deva,0.6493660807609558
Wikipedia,L20,780,hin_Deva,0.6056037545204163
Wikipedia,L1,781,hin_Deva,0.9748403429985046
Wikipedia,L5,781,anp_Deva,0.5457730293273926
Wikipedia,L20,781,hin_Deva,0.7347777485847473
Wikipedia,L1,782,anp_Deva,0.9930416345596313
Wikipedia,L5,782,hin_Deva,0.5146009922027588
Wikipedia,L20,782,anp_Deva,0.5400501489639282
Wikipedia,L1,783,hin_Deva,0.5241749286651611
Wikipedia,L5,783,anp_Deva,0.8322367072105408
Wikipedia,L20,783,anp_Deva,0.7389164566993713
Wikipedia,L1,785,hin_Deva,0.4475378394126892
Wikipedia,L5,785,hin_Deva,0.7469663023948669
Wikipedia,L20,785,hin_Deva,0.6379259824752808
Wikipedia,L1,787,anp_Deva,0.9121268391609192
Wikipedia,L5,787,hin_Deva,0.6649777293205261
Wikipedia,L20,787,anp_Deva,0.525890588760376
Wikipedia,L1,789,hin_Deva,0.9504724740982056
Wikipedia,L5,789,hin_Deva,0.8611302375793457
Wikipedia,L20,789,hin_Deva,0.8691591620445251
Wikipedia,L1,790,anp_Deva,0.9992086291313171
Wikipedia,L5,790,anp_Deva,0.6688483357429504
Wikipedia,L20,790,anp_Deva,0.6876664757728577
Wikipedia,L1,791,hin_Deva,0.9938451051712036
Wikipedia,L5,791,anp_Deva,0.7230691313743591
Wikipedia,L20,791,anp_Deva,0.8392283320426941
Wikipedia,L1,792,anp_Deva,0.9991538524627686
Wikipedia,L5,792,anp_Deva,0.9783688187599182
Wikipedia,L20,792,anp_Deva,0.5466341972351074
Wikipedia,L1,793,anp_Deva,0.9069691300392151
Wikipedia,L5,793,anp_Deva,0.9698954224586487
Wikipedia,L20,793,anp_Deva,0.7468211054801941
Wikipedia,L1,795,awa_Deva,0.5067786574363708
Wikipedia,L5,795,anp_Deva,0.8286228775978088
Wikipedia,L20,795,hin_Deva,0.696900486946106
Wikipedia,L1,796,hin_Deva,0.7876348495483398
Wikipedia,L5,796,hin_Deva,0.8282526731491089
Wikipedia,L20,796,hin_Deva,0.9766429662704468
Wikipedia,L1,797,anp_Deva,0.8011963367462158
Wikipedia,L5,797,hin_Deva,0.7422510981559753
Wikipedia,L20,797,anp_Deva,0.8028555512428284
Wikipedia,L1,799,hin_Deva,0.9450592994689941
Wikipedia,L5,799,anp_Deva,0.5236844420433044
Wikipedia,L20,799,hin_Deva,0.5776280164718628
Wikipedia,L1,803,hin_Deva,0.8821723461151123
Wikipedia,L5,803,anp_Deva,0.6793269515037537
Wikipedia,L20,803,anp_Deva,0.7465903759002686
Wikipedia,L1,805,anp_Deva,0.9102774858474731
Wikipedia,L5,805,hin_Deva,0.7829991579055786
Wikipedia,L20,805,hin_Deva,0.8364354968070984
Wikipedia,L1,806,hin_Deva,0.9503017067909241
Wikipedia,L5,806,hin_Deva,0.9360039830207825
Wikipedia,L20,806,hin_Deva,0.8886975646018982
Wikipedia,L1,808,hin_Deva,0.9736830592155457
Wikipedia,L5,808,hin_Deva,0.9416803121566772
Wikipedia,L20,808,hin_Deva,0.8889819979667664
Wikipedia,L1,811,hin_Deva,0.5997301936149597
Wikipedia,L5,811,hin_Deva,0.860792338848114
Wikipedia,L20,811,hin_Deva,0.5774747729301453
Wikipedia,L1,813,hin_Deva,0.9954970479011536
Wikipedia,L5,813,hin_Deva,0.4974198341369629
Wikipedia,L20,813,anp_Deva,0.5354321002960205
Wikipedia,L1,815,anp_Deva,0.6278229355812073
Wikipedia,L5,815,hin_Deva,0.5830862522125244
Wikipedia,L20,815,anp_Deva,0.6243525743484497
Wikipedia,L1,816,hin_Deva,0.5781246423721313
Wikipedia,L5,816,anp_Deva,0.8015655279159546
Wikipedia,L20,816,anp_Deva,0.7299861907958984
Wikipedia,L1,817,anp_Deva,0.5140014886856079
Wikipedia,L5,817,anp_Deva,0.4998752474784851
Wikipedia,L20,817,hin_Deva,0.6444047689437866
Wikipedia,L1,820,hin_Deva,0.7099124789237976
Wikipedia,L5,820,anp_Deva,0.79356849193573
Wikipedia,L20,820,hin_Deva,0.574903130531311
Wikipedia,L1,821,hin_Deva,0.724579393863678
Wikipedia,L5,821,anp_Deva,0.6183608174324036
Wikipedia,L20,821,anp_Deva,0.872908353805542
Wikipedia,L1,822,anp_Deva,0.5711131691932678
Wikipedia,L5,822,anp_Deva,0.5639170408248901
Wikipedia,L20,822,anp_Deva,0.7504580616950989
Wikipedia,L1,823,hin_Deva,0.9910024404525757
Wikipedia,L5,823,hin_Deva,0.9405415058135986
Wikipedia,L20,823,hin_Deva,0.861508846282959
Wikipedia,L1,825,hin_Deva,0.9974989891052246
Wikipedia,L5,825,hin_Deva,0.845020055770874
Wikipedia,L20,825,hin_Deva,0.7613915205001831
Wikipedia,L1,827,anp_Deva,0.8586341738700867
Wikipedia,L5,827,hin_Deva,0.6977154016494751
Wikipedia,L20,827,hin_Deva,0.5213130712509155
Wikipedia,L1,829,anp_Deva,0.9994271993637085
Wikipedia,L5,829,anp_Deva,0.9991238713264465
Wikipedia,L20,829,anp_Deva,0.9989161491394043
Wikipedia,L1,830,hin_Deva,0.8138636350631714
Wikipedia,L5,830,hin_Deva,0.8493843078613281
Wikipedia,L20,830,hin_Deva,0.5853630304336548
Wikipedia,L1,832,anp_Deva,0.9441455006599426
Wikipedia,L5,832,hin_Deva,0.7970739603042603
Wikipedia,L20,832,hin_Deva,0.7502496838569641
Wikipedia,L1,834,hin_Deva,0.5346982479095459
Wikipedia,L5,834,hin_Deva,0.5324366092681885
Wikipedia,L20,834,hin_Deva,0.6474053859710693
Wikipedia,L1,835,anp_Deva,0.9999008178710938
Wikipedia,L5,835,anp_Deva,0.996945858001709
Wikipedia,L20,835,anp_Deva,0.9841737151145935
Wikipedia,L1,838,anp_Deva,0.6827235221862793
Wikipedia,L5,838,hin_Deva,0.925520658493042
Wikipedia,L20,838,hin_Deva,0.9514873027801514
Wikipedia,L1,840,anp_Deva,0.6500672101974487
Wikipedia,L5,840,anp_Deva,0.8702304363250732
Wikipedia,L20,840,anp_Deva,0.638714611530304
Wikipedia,L1,841,hin_Deva,0.9405905604362488
Wikipedia,L5,841,anp_Deva,0.49781569838523865
Wikipedia,L20,841,hin_Deva,0.7416509389877319
Wikipedia,L1,842,hin_Deva,0.7966201901435852
Wikipedia,L5,842,hin_Deva,0.9079424142837524
Wikipedia,L20,842,hin_Deva,0.8406331539154053
Wikipedia,L1,843,anp_Deva,0.9997804760932922
Wikipedia,L5,843,anp_Deva,0.7057164311408997
Wikipedia,L20,843,hin_Deva,0.5031354427337646
Wikipedia,L1,844,hin_Deva,0.9099041819572449
Wikipedia,L5,844,anp_Deva,0.7178767323493958
Wikipedia,L20,844,anp_Deva,0.6919358968734741
Wikipedia,L1,845,hin_Deva,0.6993491053581238
Wikipedia,L5,845,hin_Deva,0.704239547252655
Wikipedia,L20,845,hin_Deva,0.5042926669120789
Wikipedia,L1,847,anp_Deva,0.9793041348457336
Wikipedia,L5,847,hin_Deva,0.9514048099517822
Wikipedia,L20,847,hin_Deva,0.8468460440635681
Wikipedia,L1,849,hin_Deva,0.6532583236694336
Wikipedia,L5,849,hin_Deva,0.7165249586105347
Wikipedia,L20,849,hin_Deva,0.6295565962791443
Wikipedia,L1,850,anp_Deva,0.9793455004692078
Wikipedia,L5,850,hin_Deva,0.6668797731399536
Wikipedia,L20,850,anp_Deva,0.6251365542411804
Wikipedia,L1,851,anp_Deva,0.518970787525177
Wikipedia,L5,851,hin_Deva,0.6491991877555847
Wikipedia,L20,851,hin_Deva,0.8667148351669312
Wikipedia,L1,852,hin_Deva,0.7474507689476013
Wikipedia,L5,852,hin_Deva,0.9255180954933167
Wikipedia,L20,852,hin_Deva,0.7581903338432312
Wikipedia,L1,853,anp_Deva,0.9262035489082336
Wikipedia,L5,853,hin_Deva,0.6873685121536255
Wikipedia,L20,853,hin_Deva,0.872740626335144
Wikipedia,L1,854,anp_Deva,0.8770578503608704
Wikipedia,L5,854,anp_Deva,0.7040719389915466
Wikipedia,L20,854,hin_Deva,0.6119510531425476
Wikipedia,L1,855,anp_Deva,0.9997270703315735
Wikipedia,L5,855,hin_Deva,0.7915715575218201
Wikipedia,L20,855,hin_Deva,0.8184434771537781
Wikipedia,L1,856,anp_Deva,0.9464305639266968
Wikipedia,L5,856,anp_Deva,0.9700546860694885
Wikipedia,L20,856,anp_Deva,0.9543741941452026
Wikipedia,L1,857,hin_Deva,0.5122356414794922
Wikipedia,L5,857,hin_Deva,0.6959529519081116
Wikipedia,L20,857,hin_Deva,0.8124476671218872
Wikipedia,L1,858,anp_Deva,0.994038462638855
Wikipedia,L5,858,anp_Deva,0.5156654119491577
Wikipedia,L20,858,anp_Deva,0.5870721340179443
Wikipedia,L1,859,hin_Deva,0.9978870153427124
Wikipedia,L5,859,hin_Deva,0.8539955019950867
Wikipedia,L20,859,hin_Deva,0.9633500576019287
Wikipedia,L1,861,hin_Deva,0.7658523321151733
Wikipedia,L5,861,hin_Deva,0.6812817454338074
Wikipedia,L20,861,hin_Deva,0.5259823203086853
Wikipedia,L1,862,hin_Deva,0.8693239092826843
Wikipedia,L5,862,hin_Deva,0.9536402225494385
Wikipedia,L20,862,hin_Deva,0.9380525946617126
Wikipedia,L1,864,anp_Deva,0.9850006699562073
Wikipedia,L5,864,hin_Deva,0.8925025463104248
Wikipedia,L20,864,hin_Deva,0.943823516368866
Wikipedia,L1,865,anp_Deva,0.6360055804252625
Wikipedia,L5,865,anp_Deva,0.9442858099937439
Wikipedia,L20,865,hin_Deva,0.7193737626075745
Wikipedia,L1,867,anp_Deva,0.8015311360359192
Wikipedia,L5,867,anp_Deva,0.8917484879493713
Wikipedia,L20,867,anp_Deva,0.787482500076294
Wikipedia,L1,869,hin_Deva,0.9033101797103882
Wikipedia,L5,869,hin_Deva,0.6190297603607178
Wikipedia,L20,869,hin_Deva,0.9144186973571777
Wikipedia,L1,871,anp_Deva,0.7204155325889587
Wikipedia,L5,871,hin_Deva,0.8932938575744629
Wikipedia,L20,871,hin_Deva,0.9074009656906128
Wikipedia,L1,872,anp_Deva,0.5261032581329346
Wikipedia,L5,872,hin_Deva,0.5349422693252563
Wikipedia,L20,872,hin_Deva,0.7119319438934326
Wikipedia,L1,873,anp_Deva,0.9051925539970398
Wikipedia,L5,873,anp_Deva,0.8393803834915161
Wikipedia,L20,873,hin_Deva,0.6481332182884216
Wikipedia,L1,875,hin_Deva,0.931495189666748
Wikipedia,L5,875,hin_Deva,0.5852590799331665
Wikipedia,L20,875,anp_Deva,0.7438951730728149
Wikipedia,L1,879,anp_Deva,1.000008225440979
Wikipedia,L5,879,anp_Deva,0.8944219350814819
Wikipedia,L20,879,anp_Deva,0.5840976238250732
Wikipedia,L1,880,hin_Deva,0.8940714001655579
Wikipedia,L5,880,anp_Deva,0.880824089050293
Wikipedia,L20,880,anp_Deva,0.6630348563194275
Wikipedia,L1,884,hin_Deva,0.8823843002319336
Wikipedia,L5,884,hin_Deva,0.8663415908813477
Wikipedia,L20,884,hin_Deva,0.8083729147911072
Wikipedia,L1,886,anp_Deva,0.914925754070282
Wikipedia,L5,886,hin_Deva,0.546743631362915
Wikipedia,L20,886,hin_Deva,0.6881452202796936
Wikipedia,L1,887,anp_Deva,0.9047468900680542
Wikipedia,L5,887,anp_Deva,0.7189472913742065
Wikipedia,L20,887,anp_Deva,0.7287912368774414
Wikipedia,L1,889,anp_Deva,0.858803927898407
Wikipedia,L5,889,hin_Deva,0.5040559768676758
Wikipedia,L20,889,hin_Deva,0.7109555006027222
Wikipedia,L1,891,anp_Deva,0.9352790117263794
Wikipedia,L5,891,anp_Deva,0.7476558685302734
Wikipedia,L20,891,hin_Deva,0.5716008543968201
Wikipedia,L1,892,anp_Deva,0.986476480960846
Wikipedia,L5,892,anp_Deva,0.5986603498458862
Wikipedia,L20,892,anp_Deva,0.5570967793464661
Wikipedia,L1,894,anp_Deva,0.8108200430870056
Wikipedia,L5,894,anp_Deva,0.7615573406219482
Wikipedia,L20,894,anp_Deva,0.7539879083633423
Wikipedia,L1,895,hin_Deva,0.9686661958694458
Wikipedia,L5,895,hin_Deva,0.9008225798606873
Wikipedia,L20,895,hin_Deva,0.8510479927062988
Wikipedia,L1,896,anp_Deva,0.8523585200309753
Wikipedia,L5,896,hin_Deva,0.6841421127319336
Wikipedia,L20,896,hin_Deva,0.7141432762145996
Wikipedia,L1,899,anp_Deva,0.5152634978294373
Wikipedia,L5,899,hin_Deva,0.700914204120636
Wikipedia,L20,899,hin_Deva,0.7832148671150208
Wikipedia,L1,900,anp_Deva,0.7324822545051575
Wikipedia,L5,900,hin_Deva,0.8576796650886536
Wikipedia,L20,900,hin_Deva,0.7764432430267334
Wikipedia,L1,901,anp_Deva,0.8908048868179321
Wikipedia,L5,901,hin_Deva,0.8686103820800781
Wikipedia,L20,901,hin_Deva,0.8539255261421204
Wikipedia,L1,904,hin_Deva,0.8080320954322815
Wikipedia,L5,904,hin_Deva,0.8400326371192932
Wikipedia,L20,904,hin_Deva,0.8177642226219177
Wikipedia,L1,909,hin_Deva,0.9055092334747314
Wikipedia,L5,909,hin_Deva,0.9759012460708618
Wikipedia,L20,909,hin_Deva,0.9148197770118713
Wikipedia,L1,911,hin_Deva,0.8214455246925354
Wikipedia,L5,911,hin_Deva,0.5388813018798828
Wikipedia,L20,911,anp_Deva,0.6533939838409424
Wikipedia,L1,912,hin_Deva,0.9604467153549194
Wikipedia,L5,912,hin_Deva,0.7859625220298767
Wikipedia,L20,912,hin_Deva,0.8524156808853149
Wikipedia,L1,916,hin_Deva,0.6690124273300171
Wikipedia,L5,916,hin_Deva,0.9422124028205872
Wikipedia,L20,916,hin_Deva,0.934285044670105
Wikipedia,L1,917,anp_Deva,0.9302442669868469
Wikipedia,L5,917,anp_Deva,0.6492951512336731
Wikipedia,L20,917,hin_Deva,0.7420671582221985
Wikipedia,L1,918,anp_Deva,0.7547203898429871
Wikipedia,L5,918,anp_Deva,0.8263502717018127
Wikipedia,L20,918,anp_Deva,0.7545333504676819
Wikipedia,L1,921,anp_Deva,1.0000100135803223
Wikipedia,L5,921,anp_Deva,0.9823525547981262
Wikipedia,L20,921,anp_Deva,0.690693199634552
Wikipedia,L1,923,hin_Deva,0.7798619866371155
Wikipedia,L5,923,hin_Deva,0.5906316041946411
Wikipedia,L20,923,hin_Deva,0.7259610891342163
Wikipedia,L1,924,anp_Deva,0.5429732799530029
Wikipedia,L5,924,anp_Deva,0.7955119609832764
Wikipedia,L20,924,anp_Deva,0.8009241223335266
Wikipedia,L1,927,anp_Deva,0.8888579607009888
Wikipedia,L5,927,anp_Deva,0.6100101470947266
Wikipedia,L20,927,anp_Deva,0.5180296897888184
Wikipedia,L1,928,hin_Deva,0.9789180159568787
Wikipedia,L5,928,anp_Deva,0.5752156376838684
Wikipedia,L20,928,hin_Deva,0.6972282528877258
Wikipedia,L1,929,hin_Deva,0.9274508953094482
Wikipedia,L5,929,hin_Deva,0.6469746828079224
Wikipedia,L20,929,hin_Deva,0.8043685555458069
Wikipedia,L1,930,hin_Deva,0.6297499537467957
Wikipedia,L5,930,hin_Deva,0.7993083596229553
Wikipedia,L20,930,hin_Deva,0.536715030670166
Wikipedia,L1,931,anp_Deva,0.9770238995552063
Wikipedia,L5,931,hin_Deva,0.9461317658424377
Wikipedia,L20,931,hin_Deva,0.9601137638092041
Wikipedia,L1,932,hin_Deva,0.9955520033836365
Wikipedia,L5,932,hin_Deva,0.944405198097229
Wikipedia,L20,932,hin_Deva,0.9645165801048279
Wikipedia,L1,933,hin_Deva,0.9578831195831299
Wikipedia,L5,933,hin_Deva,0.8906998634338379
Wikipedia,L20,933,hin_Deva,0.8506489992141724
Wikipedia,L1,934,anp_Deva,0.7169978618621826
Wikipedia,L5,934,anp_Deva,0.5353608131408691
Wikipedia,L20,934,hin_Deva,0.6240747570991516
Wikipedia,L1,935,hin_Deva,0.7861561179161072
Wikipedia,L5,935,anp_Deva,0.683573842048645
Wikipedia,L20,935,hin_Deva,0.5052218437194824
Wikipedia,L1,936,hin_Deva,0.5102458596229553
Wikipedia,L5,936,anp_Deva,0.6598310470581055
Wikipedia,L20,936,anp_Deva,0.5635996460914612
Wikipedia,L1,937,anp_Deva,0.9959948062896729
Wikipedia,L5,937,anp_Deva,0.8248173594474792
Wikipedia,L20,937,anp_Deva,0.7362493276596069
Wikipedia,L1,938,anp_Deva,0.9997087717056274
Wikipedia,L5,938,anp_Deva,0.5788304209709167
Wikipedia,L20,938,anp_Deva,0.8355846405029297
Wikipedia,L1,939,hin_Deva,0.9350624680519104
Wikipedia,L5,939,hin_Deva,0.5061508417129517
Wikipedia,L20,939,anp_Deva,0.5203162431716919
Wikipedia,L1,941,hin_Deva,0.7524965405464172
Wikipedia,L5,941,hin_Deva,0.8505209684371948
Wikipedia,L20,941,hin_Deva,0.7415556311607361
Wikipedia,L1,942,anp_Deva,0.9998855590820312
Wikipedia,L5,942,anp_Deva,0.9895535707473755
Wikipedia,L20,942,anp_Deva,0.8591012954711914
Wikipedia,L1,943,hin_Deva,0.9552408456802368
Wikipedia,L5,943,hin_Deva,0.8923699259757996
Wikipedia,L20,943,hin_Deva,0.8515008687973022
Wikipedia,L1,944,hin_Deva,0.9898348450660706
Wikipedia,L5,944,hin_Deva,0.7092075943946838
Wikipedia,L20,944,hin_Deva,0.7751774787902832
Wikipedia,L1,945,hin_Deva,0.8084208965301514
Wikipedia,L5,945,anp_Deva,0.5278903245925903
Wikipedia,L20,945,anp_Deva,0.5154118537902832
Wikipedia,L1,948,hin_Deva,0.9994458556175232
Wikipedia,L5,948,hin_Deva,0.9257146120071411
Wikipedia,L20,948,anp_Deva,0.5586296916007996
Wikipedia,L1,950,anp_Deva,0.8390112519264221
Wikipedia,L5,950,hin_Deva,0.9158784747123718
Wikipedia,L20,950,hin_Deva,0.9379699230194092
Wikipedia,L1,951,hin_Deva,0.9198146462440491
Wikipedia,L5,951,anp_Deva,0.7650522589683533
Wikipedia,L20,951,anp_Deva,0.6098552346229553
Wikipedia,L1,953,anp_Deva,0.9872533082962036
Wikipedia,L5,953,anp_Deva,0.6614251136779785
Wikipedia,L20,953,hin_Deva,0.5487232208251953
Wikipedia,L1,954,hin_Deva,0.9666788578033447
Wikipedia,L5,954,hin_Deva,0.8304356932640076
Wikipedia,L20,954,hin_Deva,0.8479339480400085
Wikipedia,L1,955,hin_Deva,0.8255944848060608
Wikipedia,L5,955,hin_Deva,0.9094752073287964
Wikipedia,L20,955,hin_Deva,0.7370326519012451
Wikipedia,L1,957,hin_Deva,0.8781024217605591
Wikipedia,L5,957,hin_Deva,0.9123736619949341
Wikipedia,L20,957,hin_Deva,0.8286478519439697
Wikipedia,L1,959,anp_Deva,0.99905925989151
Wikipedia,L5,959,anp_Deva,0.9485885500907898
Wikipedia,L20,959,anp_Deva,0.8754743933677673
Wikipedia,L1,960,anp_Deva,0.7561978697776794
Wikipedia,L5,960,hin_Deva,0.6783355474472046
Wikipedia,L20,960,hin_Deva,0.6545369029045105
Wikipedia,L1,961,hin_Deva,0.8889353275299072
Wikipedia,L5,961,anp_Deva,0.764503002166748
Wikipedia,L20,961,hin_Deva,0.7599170804023743
Wikipedia,L1,963,anp_Deva,0.8621969223022461
Wikipedia,L5,963,hin_Deva,0.9255039691925049
Wikipedia,L20,963,hin_Deva,0.7845971584320068
Wikipedia,L1,965,anp_Deva,0.9966146945953369
Wikipedia,L5,965,hin_Deva,0.6533064842224121
Wikipedia,L20,965,hin_Deva,0.8396015167236328
Wikipedia,L1,967,anp_Deva,0.9983484745025635
Wikipedia,L5,967,anp_Deva,0.9464533925056458
Wikipedia,L20,967,anp_Deva,0.6790931224822998
Wikipedia,L1,968,hin_Deva,0.9871385097503662
Wikipedia,L5,968,hin_Deva,0.9607970714569092
Wikipedia,L20,968,hin_Deva,0.9096328020095825
Wikipedia,L1,969,hin_Deva,0.87763911485672
Wikipedia,L5,969,hin_Deva,0.7267917394638062
Wikipedia,L20,969,hin_Deva,0.7308934926986694
Wikipedia,L1,972,anp_Deva,0.5202397704124451
Wikipedia,L5,972,anp_Deva,0.8922719955444336
Wikipedia,L20,972,anp_Deva,0.5014795064926147
Wikipedia,L1,973,hin_Deva,0.9553439617156982
Wikipedia,L5,973,hin_Deva,0.9341272115707397
Wikipedia,L20,973,hin_Deva,0.8770630359649658
Wikipedia,L1,974,anp_Deva,0.5329258441925049
Wikipedia,L5,974,hin_Deva,0.5919381380081177
Wikipedia,L20,974,hin_Deva,0.5974242091178894
Wikipedia,L1,976,anp_Deva,0.7747389078140259
Wikipedia,L5,976,anp_Deva,0.596194863319397
Wikipedia,L20,976,hin_Deva,0.5034692883491516
Wikipedia,L1,980,hin_Deva,0.8502614498138428
Wikipedia,L5,980,hin_Deva,0.868482768535614
Wikipedia,L20,980,hin_Deva,0.7555883526802063
Wikipedia,L1,981,anp_Deva,0.9538599252700806
Wikipedia,L5,981,anp_Deva,0.7479364275932312
Wikipedia,L20,981,anp_Deva,0.8974208831787109
Wikipedia,L1,983,hin_Deva,0.979854941368103
Wikipedia,L5,983,anp_Deva,0.925634503364563
Wikipedia,L20,983,anp_Deva,0.6426866054534912
Wikipedia,L1,984,anp_Deva,0.9747902750968933
Wikipedia,L5,984,anp_Deva,0.5482089519500732
Wikipedia,L20,984,anp_Deva,0.687357485294342
Wikipedia,L1,985,hin_Deva,0.7972934246063232
Wikipedia,L5,985,hin_Deva,0.9302727580070496
Wikipedia,L20,985,hin_Deva,0.5513612031936646
Wikipedia,L1,987,anp_Deva,0.9495717883110046
Wikipedia,L5,987,anp_Deva,0.688346266746521
Wikipedia,L20,987,anp_Deva,0.8624168634414673
Wikipedia,L1,988,hin_Deva,0.844450056552887
Wikipedia,L5,988,hin_Deva,0.696201741695404
Wikipedia,L20,988,hin_Deva,0.6114197373390198
Wikipedia,L1,989,hin_Deva,0.992864191532135
Wikipedia,L5,989,hin_Deva,0.8582809567451477
Wikipedia,L20,989,hin_Deva,0.8431713581085205
Wikipedia,L1,991,anp_Deva,0.9898840188980103
Wikipedia,L5,991,anp_Deva,0.9511780738830566
Wikipedia,L20,991,anp_Deva,0.7617865800857544
Wikipedia,L1,992,anp_Deva,0.9735708236694336
Wikipedia,L5,992,hin_Deva,0.6199620962142944
Wikipedia,L20,992,hin_Deva,0.5420639514923096
Wikipedia,L1,993,hin_Deva,0.8500209450721741
Wikipedia,L5,993,anp_Deva,0.8326352834701538
Wikipedia,L20,993,anp_Deva,0.5185773372650146
Wikipedia,L1,994,anp_Deva,0.98760986328125
Wikipedia,L5,994,anp_Deva,0.7941423654556274
Wikipedia,L20,994,anp_Deva,0.6305680871009827
Wikipedia,L1,996,anp_Deva,0.5556782484054565
Wikipedia,L5,996,hin_Deva,0.9556359648704529
Wikipedia,L20,996,hin_Deva,0.7402904629707336
Wikipedia,L1,997,hin_Deva,0.8023292422294617
Wikipedia,L5,997,hin_Deva,0.8050674796104431
Wikipedia,L20,997,hin_Deva,0.786334753036499
Wikipedia,L1,999,anp_Deva,0.5036453604698181
Wikipedia,L5,999,hin_Deva,0.7602254748344421
Wikipedia,L20,999,hin_Deva,0.8534576892852783
Wikipedia,L1,1000,anp_Deva,0.9752655625343323
Wikipedia,L5,1000,anp_Deva,0.5777852535247803
Wikipedia,L20,1000,hin_Deva,0.7266272306442261
Wikipedia,L1,1003,anp_Deva,0.5347959399223328
Wikipedia,L5,1003,hin_Deva,0.8072051405906677
Wikipedia,L20,1003,hin_Deva,0.8126701712608337
Wikipedia,L1,1004,anp_Deva,0.7277248501777649
Wikipedia,L5,1004,hin_Deva,0.9503036737442017
Wikipedia,L20,1004,hin_Deva,0.8581476807594299
Wikipedia,L1,1006,anp_Deva,0.5417941808700562
Wikipedia,L5,1006,anp_Deva,0.7491467595100403
Wikipedia,L20,1006,anp_Deva,0.5540944337844849
Wikipedia,L1,1007,hin_Deva,0.9871678948402405
Wikipedia,L5,1007,hin_Deva,0.5900964140892029
Wikipedia,L20,1007,hin_Deva,0.7979422211647034
Wikipedia,L1,1009,hin_Deva,0.9339786171913147
Wikipedia,L5,1009,hin_Deva,0.6685453057289124
Wikipedia,L20,1009,hin_Deva,0.7896551489830017
Wikipedia,L1,1010,hin_Deva,0.9849395155906677
Wikipedia,L5,1010,hin_Deva,0.8941680788993835
Wikipedia,L20,1010,hin_Deva,0.7893167734146118
Wikipedia,L1,1012,hin_Deva,0.5401567816734314
Wikipedia,L5,1012,hin_Deva,0.732315182685852
Wikipedia,L20,1012,hin_Deva,0.8518839478492737
Wikipedia,L1,1013,anp_Deva,0.903251051902771
Wikipedia,L5,1013,anp_Deva,0.7551436424255371
Wikipedia,L20,1013,hin_Deva,0.6616889238357544
Wikipedia,L1,1014,anp_Deva,0.935519814491272
Wikipedia,L5,1014,anp_Deva,0.7599756121635437
Wikipedia,L20,1014,anp_Deva,0.5774952173233032
Wikipedia,L1,1015,hin_Deva,0.7366697788238525
Wikipedia,L5,1015,hin_Deva,0.7128728032112122
Wikipedia,L20,1015,hin_Deva,0.6729238033294678
Wikipedia,L1,1016,anp_Deva,0.9988553524017334
Wikipedia,L5,1016,anp_Deva,0.9900323748588562
Wikipedia,L20,1016,anp_Deva,0.6432327032089233
Wikipedia,L1,1018,anp_Deva,0.6837777495384216
Wikipedia,L5,1018,anp_Deva,0.6866137385368347
Wikipedia,L20,1018,anp_Deva,0.5896914601325989
Wikipedia,L1,1019,anp_Deva,0.8537001609802246
Wikipedia,L5,1019,hin_Deva,0.677453875541687
Wikipedia,L20,1019,hin_Deva,0.8910960555076599
Wikipedia,L1,1020,hin_Deva,0.578764021396637
Wikipedia,L5,1020,hin_Deva,0.5977135896682739
Wikipedia,L20,1020,hin_Deva,0.6727940440177917
Wikipedia,L1,1021,hin_Deva,0.9826213717460632
Wikipedia,L5,1021,anp_Deva,0.5790464878082275
Wikipedia,L20,1021,hin_Deva,0.8325015902519226
Wikipedia,L1,1023,anp_Deva,0.6099343299865723
Wikipedia,L5,1023,anp_Deva,0.8264585733413696
Wikipedia,L20,1023,anp_Deva,0.9244248270988464
Wikipedia,L1,1024,hin_Deva,0.9880677461624146
Wikipedia,L5,1024,hin_Deva,0.7373677492141724
Wikipedia,L20,1024,hin_Deva,0.8832765817642212
Wikipedia,L1,1027,anp_Deva,0.5174127221107483
Wikipedia,L5,1027,hin_Deva,0.8799126148223877
Wikipedia,L20,1027,hin_Deva,0.5359698534011841
Wikipedia,L1,1028,hin_Deva,0.901108980178833
Wikipedia,L5,1028,anp_Deva,0.9086970686912537
Wikipedia,L20,1028,anp_Deva,0.6387207508087158
Wikipedia,L1,1031,hin_Deva,0.9434088468551636
Wikipedia,L5,1031,hin_Deva,0.9370032548904419
Wikipedia,L20,1031,hin_Deva,0.8160086274147034
Wikipedia,L1,1032,hin_Deva,0.7023171782493591
Wikipedia,L5,1032,hin_Deva,0.5697272419929504
Wikipedia,L20,1032,hin_Deva,0.9002377986907959
Wikipedia,L1,1037,anp_Deva,0.9852105379104614
Wikipedia,L5,1037,anp_Deva,0.9963213801383972
Wikipedia,L20,1037,anp_Deva,0.9995976090431213
Wikipedia,L1,1044,anp_Deva,0.7010596394538879
Wikipedia,L5,1044,anp_Deva,0.5900058746337891
Wikipedia,L20,1044,hin_Deva,0.6900879144668579
Wikipedia,L1,1045,hin_Deva,0.9428191781044006
Wikipedia,L5,1045,anp_Deva,0.7048828601837158
Wikipedia,L20,1045,anp_Deva,0.776634693145752
Wikipedia,L1,1048,hin_Deva,0.9522616267204285
Wikipedia,L5,1048,anp_Deva,0.8953977823257446
Wikipedia,L20,1048,hin_Deva,0.5515350699424744
Wikipedia,L1,1049,hin_Deva,0.7937732934951782
Wikipedia,L5,1049,anp_Deva,0.7596437931060791
Wikipedia,L20,1049,anp_Deva,0.9301071166992188
Wikipedia,L1,1052,hin_Deva,0.9323593378067017
Wikipedia,L5,1052,hin_Deva,0.5366316437721252
Wikipedia,L20,1052,hin_Deva,0.6607480049133301
Wikipedia,L1,1054,anp_Deva,0.9942613840103149
Wikipedia,L5,1054,hin_Deva,0.5953766107559204
Wikipedia,L20,1054,hin_Deva,0.9127693772315979
Wikipedia,L1,1058,hin_Deva,0.9566619396209717
Wikipedia,L5,1058,hin_Deva,0.9259147644042969
Wikipedia,L20,1058,hin_Deva,0.895595371723175
Wikipedia,L1,1059,anp_Deva,0.7151646614074707
Wikipedia,L5,1059,hin_Deva,0.6012536883354187
Wikipedia,L20,1059,hin_Deva,0.7299075722694397
Wikipedia,L1,1063,anp_Deva,0.6820433735847473
Wikipedia,L5,1063,hin_Deva,0.5391056537628174
Wikipedia,L20,1063,hin_Deva,0.5259879231452942
Wikipedia,L1,1064,anp_Deva,0.9125434756278992
Wikipedia,L5,1064,hin_Deva,0.612201452255249
Wikipedia,L20,1064,hin_Deva,0.7138283848762512
Wikipedia,L1,1069,anp_Deva,0.8254510164260864
Wikipedia,L5,1069,anp_Deva,0.7895034551620483
Wikipedia,L20,1069,anp_Deva,0.5554069876670837
Wikipedia,L1,1070,hin_Deva,0.9723131060600281
Wikipedia,L5,1070,hin_Deva,0.5814648866653442
Wikipedia,L20,1070,hin_Deva,0.7547435164451599
Wikipedia,L1,1072,anp_Deva,0.8161478042602539
Wikipedia,L5,1072,anp_Deva,0.8424878120422363
Wikipedia,L20,1072,anp_Deva,0.8789227604866028
Wikipedia,L1,1074,hin_Deva,0.9986867308616638
Wikipedia,L5,1074,hin_Deva,0.7364871501922607
Wikipedia,L20,1074,hin_Deva,0.8397474884986877
Wikipedia,L1,1075,anp_Deva,0.9668627977371216
Wikipedia,L5,1075,hin_Deva,0.6018109321594238
Wikipedia,L20,1075,hin_Deva,0.8536780476570129
Wikipedia,L1,1076,anp_Deva,0.8311106562614441
Wikipedia,L5,1076,hin_Deva,0.730538010597229
Wikipedia,L20,1076,hin_Deva,0.8094578981399536
Wikipedia,L1,1077,hin_Deva,0.551324725151062
Wikipedia,L5,1077,hin_Deva,0.5458401441574097
Wikipedia,L20,1077,anp_Deva,0.6772456765174866
Wikipedia,L1,1078,anp_Deva,0.8873487710952759
Wikipedia,L5,1078,anp_Deva,0.9121944904327393
Wikipedia,L20,1078,anp_Deva,0.8849682807922363
Wikipedia,L1,1079,hin_Deva,0.9974350929260254
Wikipedia,L5,1079,hin_Deva,0.843980610370636
Wikipedia,L20,1079,hin_Deva,0.9185382723808289
Wikipedia,L1,1080,hin_Deva,0.9521581530570984
Wikipedia,L5,1080,anp_Deva,0.8744209408760071
Wikipedia,L20,1080,anp_Deva,0.88853520154953
Wikipedia,L1,1081,anp_Deva,0.9444894194602966
Wikipedia,L5,1081,hin_Deva,0.5159372091293335
Wikipedia,L20,1081,anp_Deva,0.7020935416221619
Wikipedia,L1,1086,hin_Deva,0.9568021297454834
Wikipedia,L5,1086,hin_Deva,0.9414901733398438
Wikipedia,L20,1086,hin_Deva,0.740242063999176
Wikipedia,L1,1087,hin_Deva,0.8437604904174805
Wikipedia,L5,1087,hin_Deva,0.6846754550933838
Wikipedia,L20,1087,hin_Deva,0.7627251744270325
Wikipedia,L1,1089,hin_Deva,0.9689270853996277
Wikipedia,L5,1089,hin_Deva,0.7934349179267883
Wikipedia,L20,1089,hin_Deva,0.6987051367759705
Wikipedia,L1,1092,awa_Deva,0.4885967969894409
Wikipedia,L5,1092,anp_Deva,0.5258782505989075
Wikipedia,L20,1092,hin_Deva,0.6504120826721191
Wikipedia,L1,1094,anp_Deva,0.9649484157562256
Wikipedia,L5,1094,anp_Deva,0.6435927748680115
Wikipedia,L20,1094,anp_Deva,0.6958630681037903
Wikipedia,L1,1095,anp_Deva,0.9189412593841553
Wikipedia,L5,1095,anp_Deva,0.8447689414024353
Wikipedia,L20,1095,anp_Deva,0.7815045118331909
Wikipedia,L1,1096,hin_Deva,0.9905812740325928
Wikipedia,L5,1096,hin_Deva,0.9381693601608276
Wikipedia,L20,1096,hin_Deva,0.8838281035423279
Wikipedia,L1,1097,anp_Deva,0.717079222202301
Wikipedia,L5,1097,anp_Deva,0.6961820721626282
Wikipedia,L20,1097,hin_Deva,0.5815473198890686
Wikipedia,L1,1098,hin_Deva,0.6174015402793884
Wikipedia,L5,1098,anp_Deva,0.8779157400131226
Wikipedia,L20,1098,anp_Deva,0.8157274127006531
Wikipedia,L1,1100,anp_Deva,0.9936960339546204
Wikipedia,L5,1100,anp_Deva,0.9302589297294617
Wikipedia,L20,1100,anp_Deva,0.9785206317901611
Wikipedia,L1,1101,anp_Deva,0.6405834555625916
Wikipedia,L5,1101,anp_Deva,0.7036946415901184
Wikipedia,L20,1101,anp_Deva,0.811847448348999
Wikipedia,L1,1103,anp_Deva,0.9572609066963196
Wikipedia,L5,1103,anp_Deva,0.641745388507843
Wikipedia,L20,1103,anp_Deva,0.7374743819236755
Wikipedia,L1,1104,anp_Deva,0.9806238412857056
Wikipedia,L5,1104,anp_Deva,0.8702307939529419
Wikipedia,L20,1104,anp_Deva,0.7028966546058655
Wikipedia,L1,1105,hin_Deva,0.9889004230499268
Wikipedia,L5,1105,hin_Deva,0.9161113500595093
Wikipedia,L20,1105,hin_Deva,0.6766400933265686
Wikipedia,L1,1107,anp_Deva,0.9759349822998047
Wikipedia,L5,1107,anp_Deva,0.9934806823730469
Wikipedia,L20,1107,anp_Deva,0.9836663007736206
Wikipedia,L1,1109,hin_Deva,0.5901703238487244
Wikipedia,L5,1109,hin_Deva,0.6207504272460938
Wikipedia,L20,1109,hin_Deva,0.7294816970825195
Wikipedia,L1,1110,hin_Deva,0.6567785739898682
Wikipedia,L5,1110,hin_Deva,0.5765398740768433
Wikipedia,L20,1110,hin_Deva,0.5618706345558167
Wikipedia,L1,1115,anp_Deva,0.9522711038589478
Wikipedia,L5,1115,anp_Deva,0.8617748618125916
Wikipedia,L20,1115,anp_Deva,0.7314251065254211
Wikipedia,L1,1117,hin_Deva,0.8360800743103027
Wikipedia,L5,1117,hin_Deva,0.9808474183082581
Wikipedia,L20,1117,hin_Deva,0.9592288136482239
Wikipedia,L1,1118,hin_Deva,0.9218578338623047
Wikipedia,L5,1118,anp_Deva,0.5216019153594971
Wikipedia,L20,1118,anp_Deva,0.5592125058174133
Wikipedia,L1,1119,hin_Deva,0.9641492366790771
Wikipedia,L5,1119,hin_Deva,0.9733437895774841
Wikipedia,L20,1119,hin_Deva,0.8737898468971252
Wikipedia,L1,1120,hin_Deva,0.9620757699012756
Wikipedia,L5,1120,hin_Deva,0.9711286425590515
Wikipedia,L20,1120,hin_Deva,0.9444795846939087
Wikipedia,L1,1124,hin_Deva,0.6150029897689819
Wikipedia,L5,1124,anp_Deva,0.592654824256897
Wikipedia,L20,1124,hin_Deva,0.6595835089683533
Wikipedia,L1,1125,anp_Deva,0.6709718108177185
Wikipedia,L5,1125,hin_Deva,0.7720973491668701
Wikipedia,L20,1125,hin_Deva,0.646827757358551
Wikipedia,L1,1126,hin_Deva,0.9566822052001953
Wikipedia,L5,1126,hin_Deva,0.9273485541343689
Wikipedia,L20,1126,hin_Deva,0.8830367922782898
Wikipedia,L1,1127,anp_Deva,0.4891146719455719
Wikipedia,L5,1127,hin_Deva,0.9440550804138184
Wikipedia,L20,1127,hin_Deva,0.5679194927215576
Wikipedia,L1,1128,anp_Deva,0.5560904145240784
Wikipedia,L5,1128,anp_Deva,0.5540143251419067
Wikipedia,L20,1128,hin_Deva,0.8663594722747803
Wikipedia,L1,1130,hin_Deva,0.9478026032447815
Wikipedia,L5,1130,hin_Deva,0.8908970952033997
Wikipedia,L20,1130,hin_Deva,0.7444952726364136
Wikipedia,L1,1132,hin_Deva,0.9211338758468628
Wikipedia,L5,1132,hin_Deva,0.8327340483665466
Wikipedia,L20,1132,hin_Deva,0.8977852463722229
Wikipedia,L1,1134,hin_Deva,0.7440817952156067
Wikipedia,L5,1134,hin_Deva,0.6046847105026245
Wikipedia,L20,1134,hin_Deva,0.5812807679176331
Wikipedia,L1,1135,hin_Deva,0.9762979745864868
Wikipedia,L5,1135,hin_Deva,0.865916907787323
Wikipedia,L20,1135,hin_Deva,0.7783889770507812
Wikipedia,L1,1136,hin_Deva,0.6411519646644592
Wikipedia,L5,1136,anp_Deva,0.8853818774223328
Wikipedia,L20,1136,anp_Deva,0.745631754398346
Wikipedia,L1,1137,anp_Deva,0.9626873731613159
Wikipedia,L5,1137,anp_Deva,0.9521198868751526
Wikipedia,L20,1137,anp_Deva,0.576647937297821
Wikipedia,L1,1139,hin_Deva,0.6039067506790161
Wikipedia,L5,1139,anp_Deva,0.9450086951255798
Wikipedia,L20,1139,hin_Deva,0.7281711101531982
Wikipedia,L1,1140,anp_Deva,0.917068362236023
Wikipedia,L5,1140,anp_Deva,0.6526694297790527
Wikipedia,L20,1140,hin_Deva,0.5697594881057739
Wikipedia,L1,1141,anp_Deva,0.5080204606056213
Wikipedia,L5,1141,hin_Deva,0.6568852066993713
Wikipedia,L20,1141,anp_Deva,0.8389260172843933
Wikipedia,L1,1143,hin_Deva,0.9009607434272766
Wikipedia,L5,1143,hin_Deva,0.8260961174964905
Wikipedia,L20,1143,hin_Deva,0.6737043857574463
Wikipedia,L1,1146,hin_Deva,0.7716696858406067
Wikipedia,L5,1146,hin_Deva,0.7632599472999573
Wikipedia,L20,1146,anp_Deva,0.546661376953125
Wikipedia,L1,1148,anp_Deva,0.9402772188186646
Wikipedia,L5,1148,hin_Deva,0.5472202897071838
Wikipedia,L20,1148,hin_Deva,0.5903282761573792
Wikipedia,L1,1151,hin_Deva,0.965407133102417
Wikipedia,L5,1151,anp_Deva,0.983020544052124
Wikipedia,L20,1151,anp_Deva,0.954620897769928
Wikipedia,L1,1152,hin_Deva,0.556624710559845
Wikipedia,L5,1152,hin_Deva,0.7368780970573425
Wikipedia,L20,1152,hin_Deva,0.8409003019332886
Wikipedia,L1,1155,hin_Deva,0.6704978346824646
Wikipedia,L5,1155,anp_Deva,0.7047942280769348
Wikipedia,L20,1155,hin_Deva,0.6608313322067261
Wikipedia,L1,1157,hin_Deva,0.8243082761764526
Wikipedia,L5,1157,hin_Deva,0.8311665058135986
Wikipedia,L20,1157,hin_Deva,0.5976850986480713
Wikipedia,L1,1158,hin_Deva,0.9338706731796265
Wikipedia,L5,1158,hin_Deva,0.8643853664398193
Wikipedia,L20,1158,hin_Deva,0.827190101146698
Wikipedia,L1,1161,hin_Deva,0.880392849445343
Wikipedia,L5,1161,anp_Deva,0.5032210946083069
Wikipedia,L20,1161,hin_Deva,0.5324417948722839
Wikipedia,L1,1164,hin_Deva,0.5804784297943115
Wikipedia,L5,1164,hin_Deva,0.5530927181243896
Wikipedia,L20,1164,hin_Deva,0.5556241869926453
Wikipedia,L1,1171,hin_Deva,0.5603435039520264
Wikipedia,L5,1171,hin_Deva,0.9829007983207703
Wikipedia,L20,1171,hin_Deva,0.945025622844696
Wikipedia,L1,1174,hin_Deva,0.9919736385345459
Wikipedia,L5,1174,hin_Deva,0.950869083404541
Wikipedia,L20,1174,hin_Deva,0.9494993090629578
Wikipedia,L1,1176,hin_Deva,0.6840054988861084
Wikipedia,L5,1176,hin_Deva,0.8399826288223267
Wikipedia,L20,1176,hin_Deva,0.7190468311309814
Wikipedia,L1,1177,anp_Deva,0.7372232675552368
Wikipedia,L5,1177,anp_Deva,0.8599354028701782
Wikipedia,L20,1177,hin_Deva,0.5199359059333801
Wikipedia,L1,1180,anp_Deva,0.9995245933532715
Wikipedia,L5,1180,anp_Deva,0.9654302597045898
Wikipedia,L20,1180,anp_Deva,0.6479685306549072
Wikipedia,L1,1183,anp_Deva,0.647314727306366
Wikipedia,L5,1183,anp_Deva,0.5277974009513855
Wikipedia,L20,1183,hin_Deva,0.5772914290428162
Wikipedia,L1,1185,anp_Deva,0.9999628067016602
Wikipedia,L5,1185,anp_Deva,0.6411367058753967
Wikipedia,L20,1185,anp_Deva,0.6832144856452942
Wikipedia,L1,1186,hin_Deva,0.4520667493343353
Wikipedia,L5,1186,hin_Deva,0.5415952801704407
Wikipedia,L20,1186,hin_Deva,0.602598249912262
Wikipedia,L1,1188,hin_Deva,0.6966870427131653
Wikipedia,L5,1188,hin_Deva,0.9264022707939148
Wikipedia,L20,1188,hin_Deva,0.9405105113983154
Wikipedia,L1,1189,hin_Deva,0.8892839550971985
Wikipedia,L5,1189,hin_Deva,0.8225154280662537
Wikipedia,L20,1189,hin_Deva,0.5562378764152527
Wikipedia,L1,1190,hin_Deva,0.665688693523407
Wikipedia,L5,1190,anp_Deva,0.9616060256958008
Wikipedia,L20,1190,anp_Deva,0.9486421346664429
Wikipedia,L1,1191,hin_Deva,0.5056193470954895
Wikipedia,L5,1191,hin_Deva,0.775126039981842
Wikipedia,L20,1191,hin_Deva,0.6915996670722961
Wikipedia,L1,1192,anp_Deva,0.7626103162765503
Wikipedia,L5,1192,hin_Deva,0.6598883867263794
Wikipedia,L20,1192,hin_Deva,0.7419826984405518
Wikipedia,L1,1196,anp_Deva,0.9114366173744202
Wikipedia,L5,1196,hin_Deva,0.7053394317626953
Wikipedia,L20,1196,anp_Deva,0.5302630662918091
Wikipedia,L1,1197,hin_Deva,0.8258894681930542
Wikipedia,L5,1197,hin_Deva,0.634583055973053
Wikipedia,L20,1197,anp_Deva,0.6404386162757874
Wikipedia,L1,1199,anp_Deva,0.9665838479995728
Wikipedia,L5,1199,anp_Deva,0.7425237894058228
Wikipedia,L20,1199,anp_Deva,0.5897141098976135
Wikipedia,L1,1200,hin_Deva,0.7216852307319641
Wikipedia,L5,1200,hin_Deva,0.5778195261955261
Wikipedia,L20,1200,anp_Deva,0.6011626124382019
Wikipedia,L1,1203,anp_Deva,1.0000020265579224
Wikipedia,L5,1203,hin_Deva,0.8397368788719177
Wikipedia,L20,1203,hin_Deva,0.7324768900871277
Wikipedia,L1,1205,anp_Deva,0.9995110034942627
Wikipedia,L5,1205,anp_Deva,0.923434317111969
Wikipedia,L20,1205,hin_Deva,0.5716811418533325
Wikipedia,L1,1207,anp_Deva,0.9713826775550842
Wikipedia,L5,1207,anp_Deva,0.692868173122406
Wikipedia,L20,1207,anp_Deva,0.4975285828113556
Wikipedia,L1,1208,anp_Deva,0.9790172576904297
Wikipedia,L5,1208,anp_Deva,0.7647382020950317
Wikipedia,L20,1208,anp_Deva,0.56191086769104
Wikipedia,L1,1210,hin_Deva,0.9863361120223999
Wikipedia,L5,1210,hin_Deva,0.8348395824432373
Wikipedia,L20,1210,hin_Deva,0.926827073097229
Wikipedia,L1,1211,hin_Deva,0.4740811884403229
Wikipedia,L5,1211,hin_Deva,0.7675283551216125
Wikipedia,L20,1211,anp_Deva,0.7030811309814453
Wikipedia,L1,1213,hin_Deva,0.8131483793258667
Wikipedia,L5,1213,anp_Deva,0.6612909436225891
Wikipedia,L20,1213,anp_Deva,0.8638246655464172
Wikipedia,L1,1215,hin_Deva,0.8876152634620667
Wikipedia,L5,1215,hin_Deva,0.8482524752616882
Wikipedia,L20,1215,hin_Deva,0.6094949245452881
Wikipedia,L1,1216,anp_Deva,0.7516101598739624
Wikipedia,L5,1216,anp_Deva,0.8012236952781677
Wikipedia,L20,1216,anp_Deva,0.749854564666748
Wikipedia,L1,1217,hin_Deva,0.6378340721130371
Wikipedia,L5,1217,hin_Deva,0.9732949733734131
Wikipedia,L20,1217,hin_Deva,0.9793713688850403
Wikipedia,L1,1218,hin_Deva,0.9441527128219604
Wikipedia,L5,1218,hin_Deva,0.6264768838882446
Wikipedia,L20,1218,anp_Deva,0.5140674114227295
Wikipedia,L1,1220,anp_Deva,0.9999731779098511
Wikipedia,L5,1220,anp_Deva,0.8095061182975769
Wikipedia,L20,1220,anp_Deva,0.7119126319885254
Wikipedia,L1,1223,awa_Deva,0.689609944820404
Wikipedia,L5,1223,hin_Deva,0.5636030435562134
Wikipedia,L20,1223,hin_Deva,0.6830354332923889
Wikipedia,L1,1225,anp_Deva,0.5123452544212341
Wikipedia,L5,1225,anp_Deva,0.6374016404151917
Wikipedia,L20,1225,hin_Deva,0.8342089056968689
Wikipedia,L1,1227,anp_Deva,0.9976130127906799
Wikipedia,L5,1227,anp_Deva,0.9689493775367737
Wikipedia,L20,1227,anp_Deva,0.982880175113678
Wikipedia,L1,1228,anp_Deva,1.0000087022781372
Wikipedia,L5,1228,anp_Deva,0.8523275256156921
Wikipedia,L20,1228,anp_Deva,0.6598703265190125
Wikipedia,L1,1229,anp_Deva,0.8956900835037231
Wikipedia,L5,1229,anp_Deva,0.5251250863075256
Wikipedia,L20,1229,anp_Deva,0.6034878492355347
Wikipedia,L1,1230,anp_Deva,0.8181555271148682
Wikipedia,L5,1230,hin_Deva,0.9159274101257324
Wikipedia,L20,1230,hin_Deva,0.7134432196617126
Wikipedia,L1,1232,anp_Deva,0.8778406381607056
Wikipedia,L5,1232,anp_Deva,0.8673854470252991
Wikipedia,L20,1232,anp_Deva,0.9567883610725403
Wikipedia,L1,1235,hin_Deva,0.7910394072532654
Wikipedia,L5,1235,hin_Deva,0.6608170866966248
Wikipedia,L20,1235,anp_Deva,0.6006679534912109
Wikipedia,L1,1236,hin_Deva,0.3715541958808899
Wikipedia,L5,1236,anp_Deva,0.8987353444099426
Wikipedia,L20,1236,anp_Deva,0.8226482272148132
Wikipedia,L1,1238,anp_Deva,0.9053211212158203
Wikipedia,L5,1238,anp_Deva,0.6028445959091187
Wikipedia,L20,1238,hin_Deva,0.5470113754272461
Wikipedia,L1,1239,hin_Deva,0.6161123514175415
Wikipedia,L5,1239,anp_Deva,0.7232723832130432
Wikipedia,L20,1239,anp_Deva,0.7840120196342468
Wikipedia,L1,1241,hin_Deva,0.8673514723777771
Wikipedia,L5,1241,hin_Deva,0.9600654244422913
Wikipedia,L20,1241,hin_Deva,0.9292317628860474
Wikipedia,L1,1242,hin_Deva,0.697821319103241
Wikipedia,L5,1242,hin_Deva,0.6520543694496155
Wikipedia,L20,1242,hin_Deva,0.7591465711593628
Wikipedia,L1,1244,anp_Deva,0.7674846649169922
Wikipedia,L5,1244,hin_Deva,0.5452491044998169
Wikipedia,L20,1244,hin_Deva,0.7435311675071716
Wikipedia,L1,1247,hin_Deva,0.984279990196228
Wikipedia,L5,1247,hin_Deva,0.8036888837814331
Wikipedia,L20,1247,hin_Deva,0.7259377837181091
Wikipedia,L1,1248,anp_Deva,0.7160189151763916
Wikipedia,L5,1248,anp_Deva,0.6324925422668457
Wikipedia,L20,1248,hin_Deva,0.7109420299530029
Wikipedia,L1,1250,anp_Deva,0.5037151575088501
Wikipedia,L5,1250,anp_Deva,0.5210741758346558
Wikipedia,L20,1250,anp_Deva,0.5984722971916199
Wikipedia,L1,1253,anp_Deva,1.0000072717666626
Wikipedia,L5,1253,anp_Deva,0.7396152019500732
Wikipedia,L20,1253,anp_Deva,0.9205340147018433
Wikipedia,L1,1258,anp_Deva,0.9271824955940247
Wikipedia,L5,1258,anp_Deva,0.6600778698921204
Wikipedia,L20,1258,hin_Deva,0.6665382385253906
Wikipedia,L1,1260,hin_Deva,0.7505557537078857
Wikipedia,L5,1260,hin_Deva,0.6251260042190552
Wikipedia,L20,1260,anp_Deva,0.9275575280189514
Wikipedia,L1,1261,hin_Deva,0.9944509863853455
Wikipedia,L5,1261,hin_Deva,0.9943723678588867
Wikipedia,L20,1261,hin_Deva,0.9604613780975342
Wikipedia,L1,1263,hin_Deva,0.515757143497467
Wikipedia,L5,1263,anp_Deva,0.5553103089332581
Wikipedia,L20,1263,hin_Deva,0.5044084191322327
Wikipedia,L1,1264,hin_Deva,0.829334020614624
Wikipedia,L5,1264,hin_Deva,0.9167113900184631
Wikipedia,L20,1264,hin_Deva,0.8155898451805115
Wikipedia,L1,1265,hin_Deva,0.7139603495597839
Wikipedia,L5,1265,hin_Deva,0.7876246571540833
Wikipedia,L20,1265,hin_Deva,0.8435361981391907
Wikipedia,L1,1267,hin_Deva,0.6502163410186768
Wikipedia,L5,1267,anp_Deva,0.8678992986679077
Wikipedia,L20,1267,anp_Deva,0.7849329710006714
Wikipedia,L1,1270,anp_Deva,0.8463109135627747
Wikipedia,L5,1270,hin_Deva,0.6822538375854492
Wikipedia,L20,1270,hin_Deva,0.684316873550415
Wikipedia,L1,1271,anp_Deva,0.9361085891723633
Wikipedia,L5,1271,anp_Deva,0.5425177216529846
Wikipedia,L20,1271,anp_Deva,0.5107132792472839
Wikipedia,L1,1273,hin_Deva,0.9926299452781677
Wikipedia,L5,1273,hin_Deva,0.7186211943626404
Wikipedia,L20,1273,hin_Deva,0.6380718350410461
Wikipedia,L1,1274,hin_Deva,0.7689490914344788
Wikipedia,L5,1274,hin_Deva,0.8568174839019775
Wikipedia,L20,1274,hin_Deva,0.6711406111717224
Wikipedia,L1,1277,anp_Deva,0.5567650198936462
Wikipedia,L5,1277,hin_Deva,0.7864158153533936
Wikipedia,L20,1277,hin_Deva,0.946038544178009
Wikipedia,L1,1279,hin_Deva,0.9537652134895325
Wikipedia,L5,1279,hin_Deva,0.9255616664886475
Wikipedia,L20,1279,hin_Deva,0.8265246152877808
Wikipedia,L1,1280,hin_Deva,0.7090557217597961
Wikipedia,L5,1280,hin_Deva,0.8695207238197327
Wikipedia,L20,1280,hin_Deva,0.8038661479949951
Wikipedia,L1,1281,hin_Deva,0.9633986353874207
Wikipedia,L5,1281,anp_Deva,0.5508610010147095
Wikipedia,L20,1281,hin_Deva,0.5041102766990662
Wikipedia,L1,1283,anp_Deva,0.996691882610321
Wikipedia,L5,1283,anp_Deva,0.729156494140625
Wikipedia,L20,1283,anp_Deva,0.9244199395179749
Wikipedia,L1,1286,anp_Deva,0.9375166893005371
Wikipedia,L5,1286,anp_Deva,0.7229570150375366
Wikipedia,L20,1286,anp_Deva,0.622121274471283
Wikipedia,L1,1288,hin_Deva,0.9808107018470764
Wikipedia,L5,1288,hin_Deva,0.9787356853485107
Wikipedia,L20,1288,hin_Deva,0.959182620048523
Wikipedia,L1,1290,anp_Deva,0.9065243601799011
Wikipedia,L5,1290,anp_Deva,0.9342194199562073
Wikipedia,L20,1290,anp_Deva,0.5776260495185852
Wikipedia,L1,1291,anp_Deva,0.8945159912109375
Wikipedia,L5,1291,hin_Deva,0.6069387793540955
Wikipedia,L20,1291,hin_Deva,0.8035010695457458
Wikipedia,L1,1292,hin_Deva,0.6338126063346863
Wikipedia,L5,1292,hin_Deva,0.5140763521194458
Wikipedia,L20,1292,hin_Deva,0.7293375134468079
Wikipedia,L1,1293,hin_Deva,0.5461296439170837
Wikipedia,L5,1293,anp_Deva,0.7006577253341675
Wikipedia,L20,1293,anp_Deva,0.7625049352645874
Wikipedia,L1,1294,hin_Deva,0.9455897808074951
Wikipedia,L5,1294,hin_Deva,0.5547440648078918
Wikipedia,L20,1294,hin_Deva,0.6907185316085815
Wikipedia,L1,1295,anp_Deva,0.830828070640564
Wikipedia,L5,1295,anp_Deva,0.5734947919845581
Wikipedia,L20,1295,anp_Deva,0.7200084328651428
Wikipedia,L1,1296,anp_Deva,0.4822731018066406
Wikipedia,L5,1296,hin_Deva,0.810780942440033
Wikipedia,L20,1296,hin_Deva,0.7691882848739624
Wikipedia,L1,1297,hin_Deva,0.7420697212219238
Wikipedia,L5,1297,anp_Deva,0.7961726784706116
Wikipedia,L20,1297,anp_Deva,0.9232600927352905
Wikipedia,L1,1298,anp_Deva,0.750349760055542
Wikipedia,L5,1298,anp_Deva,0.7949568629264832
Wikipedia,L20,1298,anp_Deva,0.8716596364974976
Wikipedia,L1,1299,hin_Deva,0.9764660596847534
Wikipedia,L5,1299,hin_Deva,0.7551340460777283
Wikipedia,L20,1299,hin_Deva,0.6030770540237427
Wikipedia,L1,1300,anp_Deva,0.8599081635475159
Wikipedia,L5,1300,hin_Deva,0.6159180998802185
Wikipedia,L20,1300,hin_Deva,0.733585774898529
Wikipedia,L1,1303,anp_Deva,0.9988273978233337
Wikipedia,L5,1303,anp_Deva,0.9142740964889526
Wikipedia,L20,1303,anp_Deva,0.7695556282997131
Wikipedia,L1,1305,hin_Deva,0.6222748756408691
Wikipedia,L5,1305,anp_Deva,0.6297632455825806
Wikipedia,L20,1305,anp_Deva,0.8644044995307922
Wikipedia,L1,1308,anp_Deva,0.9958564639091492
Wikipedia,L5,1308,hin_Deva,0.6329351663589478
Wikipedia,L20,1308,anp_Deva,0.7611489295959473
Wikipedia,L1,1309,hin_Deva,0.8224325776100159
Wikipedia,L5,1309,hin_Deva,0.6017665266990662
Wikipedia,L20,1309,hin_Deva,0.7905123829841614
Wikipedia,L1,1310,anp_Deva,0.7597587704658508
Wikipedia,L5,1310,anp_Deva,0.546268105506897
Wikipedia,L20,1310,hin_Deva,0.8421036005020142
Wikipedia,L1,1311,anp_Deva,1.000009536743164
Wikipedia,L5,1311,hin_Deva,0.8575251698493958
Wikipedia,L20,1311,anp_Deva,0.5885822772979736
Wikipedia,L1,1312,hin_Deva,0.952294111251831
Wikipedia,L5,1312,hin_Deva,0.7284415364265442
Wikipedia,L20,1312,hin_Deva,0.8439047932624817
Wikipedia,L1,1314,anp_Deva,0.99970543384552
Wikipedia,L5,1314,anp_Deva,0.9784992933273315
Wikipedia,L20,1314,anp_Deva,0.9688458442687988
Wikipedia,L1,1316,hin_Deva,0.9752166867256165
Wikipedia,L5,1316,hin_Deva,0.9912357926368713
Wikipedia,L20,1316,hin_Deva,0.8440007567405701
Wikipedia,L1,1318,hin_Deva,0.7467578053474426
Wikipedia,L5,1318,anp_Deva,0.5429224967956543
Wikipedia,L20,1318,anp_Deva,0.5069001317024231
Wikipedia,L1,1319,anp_Deva,0.8438518643379211
Wikipedia,L5,1319,anp_Deva,0.9096419811248779
Wikipedia,L20,1319,hin_Deva,0.5855811834335327
Wikipedia,L1,1323,anp_Deva,0.9763001203536987
Wikipedia,L5,1323,anp_Deva,0.9381410479545593
Wikipedia,L20,1323,anp_Deva,0.8386130928993225
Wikipedia,L1,1324,hin_Deva,0.9362019896507263
Wikipedia,L5,1324,hin_Deva,0.9064892530441284
Wikipedia,L20,1324,hin_Deva,0.8143152594566345
Wikipedia,L1,1325,anp_Deva,0.9346798062324524
Wikipedia,L5,1325,hin_Deva,0.8611742854118347
Wikipedia,L20,1325,hin_Deva,0.9235987067222595
Wikipedia,L1,1329,hin_Deva,0.6215697526931763
Wikipedia,L5,1329,anp_Deva,0.5913285613059998
Wikipedia,L20,1329,anp_Deva,0.7503518462181091
Wikipedia,L1,1330,hin_Deva,0.9201249480247498
Wikipedia,L5,1330,hin_Deva,0.7217985391616821
Wikipedia,L20,1330,hin_Deva,0.8352493047714233
Wikipedia,L1,1331,hin_Deva,0.609849750995636
Wikipedia,L5,1331,hin_Deva,0.9420557022094727
Wikipedia,L20,1331,hin_Deva,0.796665608882904
Wikipedia,L1,1332,hin_Deva,0.8701990842819214
Wikipedia,L5,1332,anp_Deva,0.5341846346855164
Wikipedia,L20,1332,hin_Deva,0.8235120177268982
Wikipedia,L1,1334,hin_Deva,0.648232102394104
Wikipedia,L5,1334,hin_Deva,0.728615403175354
Wikipedia,L20,1334,hin_Deva,0.760977566242218
Wikipedia,L1,1338,anp_Deva,0.7206212878227234
Wikipedia,L5,1338,hin_Deva,0.6580708622932434
Wikipedia,L20,1338,hin_Deva,0.7977399230003357
Wikipedia,L1,1339,anp_Deva,0.6783519387245178
Wikipedia,L5,1339,hin_Deva,0.7824451327323914
Wikipedia,L20,1339,hin_Deva,0.6985151171684265
Wikipedia,L1,1340,anp_Deva,0.9400746822357178
Wikipedia,L5,1340,anp_Deva,0.9901077747344971
Wikipedia,L20,1340,anp_Deva,0.8484401702880859
Wikipedia,L1,1346,hin_Deva,0.9902310371398926
Wikipedia,L5,1346,hin_Deva,0.95224928855896
Wikipedia,L20,1346,hin_Deva,0.8294479250907898
Wikipedia,L1,1347,hin_Deva,0.9930287003517151
Wikipedia,L5,1347,hin_Deva,0.9803123474121094
Wikipedia,L20,1347,hin_Deva,0.9732725024223328
Wikipedia,L1,1349,anp_Deva,0.7411579489707947
Wikipedia,L5,1349,hin_Deva,0.6553395390510559
Wikipedia,L20,1349,hin_Deva,0.5198554396629333
Wikipedia,L1,1351,anp_Deva,0.9364672899246216
Wikipedia,L5,1351,anp_Deva,0.5652639865875244
Wikipedia,L20,1351,anp_Deva,0.6979141235351562
Wikipedia,L1,1352,anp_Deva,0.8874795436859131
Wikipedia,L5,1352,anp_Deva,0.989689826965332
Wikipedia,L20,1352,anp_Deva,0.969581127166748
Wikipedia,L1,1353,hin_Deva,0.9072394371032715
Wikipedia,L5,1353,hin_Deva,0.8321624994277954
Wikipedia,L20,1353,hin_Deva,0.9497136473655701
Wikipedia,L1,1354,anp_Deva,0.7742851972579956
Wikipedia,L5,1354,anp_Deva,0.6358125805854797
Wikipedia,L20,1354,hin_Deva,0.729186475276947
Wikipedia,L1,1356,hin_Deva,0.9912816882133484
Wikipedia,L5,1356,hin_Deva,0.9674482941627502
Wikipedia,L20,1356,hin_Deva,0.7533445358276367
Wikipedia,L1,1358,anp_Deva,0.9794957637786865
Wikipedia,L5,1358,hin_Deva,0.9781637191772461
Wikipedia,L20,1358,hin_Deva,0.8727050423622131
Wikipedia,L1,1359,hin_Deva,0.9195333123207092
Wikipedia,L5,1359,hin_Deva,0.8732632994651794
Wikipedia,L20,1359,hin_Deva,0.7523536682128906
Wikipedia,L1,1361,anp_Deva,0.9531015753746033
Wikipedia,L5,1361,hin_Deva,0.7607640624046326
Wikipedia,L20,1361,hin_Deva,0.6764463782310486
Wikipedia,L1,1363,anp_Deva,0.9255735278129578
Wikipedia,L5,1363,anp_Deva,0.8333076238632202
Wikipedia,L20,1363,anp_Deva,0.5198260545730591
Wikipedia,L1,1364,anp_Deva,0.754801869392395
Wikipedia,L5,1364,anp_Deva,0.5833421945571899
Wikipedia,L20,1364,anp_Deva,0.7311259508132935
Wikipedia,L1,1366,anp_Deva,0.7964680790901184
Wikipedia,L5,1366,hin_Deva,0.861672043800354
Wikipedia,L20,1366,hin_Deva,0.7353976964950562
Wikipedia,L1,1368,hin_Deva,0.8575208187103271
Wikipedia,L5,1368,hin_Deva,0.6175782084465027
Wikipedia,L20,1368,anp_Deva,0.5102357864379883
Wikipedia,L1,1369,hin_Deva,0.941978931427002
Wikipedia,L5,1369,anp_Deva,0.883881688117981
Wikipedia,L20,1369,anp_Deva,0.5443983674049377
Wikipedia,L1,1370,hin_Deva,0.9959466457366943
Wikipedia,L5,1370,hin_Deva,0.9891716241836548
Wikipedia,L20,1370,hin_Deva,0.8981804251670837
Wikipedia,L1,1371,hin_Deva,0.5577064752578735
Wikipedia,L5,1371,hin_Deva,0.8085184097290039
Wikipedia,L20,1371,hin_Deva,0.896023690700531
Wikipedia,L1,1372,hin_Deva,0.8657653331756592
Wikipedia,L5,1372,hin_Deva,0.71958988904953
Wikipedia,L20,1372,hin_Deva,0.6395298838615417
Wikipedia,L1,1373,hin_Deva,0.9442685842514038
Wikipedia,L5,1373,hin_Deva,0.6545293927192688
Wikipedia,L20,1373,anp_Deva,0.5322293639183044
Wikipedia,L1,1374,hin_Deva,0.8561440110206604
Wikipedia,L5,1374,hin_Deva,0.8166180849075317
Wikipedia,L20,1374,anp_Deva,0.6734582781791687
Wikipedia,L1,1375,anp_Deva,0.8455092310905457
Wikipedia,L5,1375,hin_Deva,0.5635386109352112
Wikipedia,L20,1375,anp_Deva,0.7773890495300293
Wikipedia,L1,1377,hin_Deva,0.7647355198860168
Wikipedia,L5,1377,hin_Deva,0.5024260878562927
Wikipedia,L20,1377,hin_Deva,0.6679330468177795
Wikipedia,L1,1378,hin_Deva,0.8892537355422974
Wikipedia,L5,1378,hin_Deva,0.9169409871101379
Wikipedia,L20,1378,hin_Deva,0.7880455255508423
Wikipedia,L1,1380,anp_Deva,0.9994320869445801
Wikipedia,L5,1380,anp_Deva,0.7385547161102295
Wikipedia,L20,1380,hin_Deva,0.6238875985145569
Wikipedia,L1,1382,anp_Deva,0.8003430962562561
Wikipedia,L5,1382,hin_Deva,0.6504783630371094
Wikipedia,L20,1382,hin_Deva,0.5679450035095215
Wikipedia,L1,1383,anp_Deva,0.5324203968048096
Wikipedia,L5,1383,anp_Deva,0.8657914400100708
Wikipedia,L20,1383,anp_Deva,0.7374098300933838
Wikipedia,L1,1384,anp_Deva,0.995046079158783
Wikipedia,L5,1384,hin_Deva,0.7993385195732117
Wikipedia,L20,1384,anp_Deva,0.8003067374229431
Wikipedia,L1,1387,anp_Deva,0.9746788144111633
Wikipedia,L5,1387,hin_Deva,0.827782154083252
Wikipedia,L20,1387,anp_Deva,0.6403065323829651
Wikipedia,L1,1388,hin_Deva,0.8959273099899292
Wikipedia,L5,1388,anp_Deva,0.5038129687309265
Wikipedia,L20,1388,hin_Deva,0.6811119914054871
Wikipedia,L1,1391,hin_Deva,0.8887256979942322
Wikipedia,L5,1391,hin_Deva,0.7198991179466248
Wikipedia,L20,1391,anp_Deva,0.5685851573944092
Wikipedia,L1,1393,anp_Deva,0.9774600267410278
Wikipedia,L5,1393,hin_Deva,0.7084112167358398
Wikipedia,L20,1393,anp_Deva,0.6949217915534973
Wikipedia,L1,1394,hin_Deva,0.9290274977684021
Wikipedia,L5,1394,hin_Deva,0.573443591594696
Wikipedia,L20,1394,hin_Deva,0.5125609040260315
Wikipedia,L1,1398,anp_Deva,0.951637327671051
Wikipedia,L5,1398,hin_Deva,0.775445818901062
Wikipedia,L20,1398,hin_Deva,0.7819436192512512
Wikipedia,L1,1399,anp_Deva,0.9997045993804932
Wikipedia,L5,1399,anp_Deva,0.9510705471038818
Wikipedia,L20,1399,anp_Deva,0.6964269876480103
Wikipedia,L1,1401,hin_Deva,0.9613739848136902
Wikipedia,L5,1401,hin_Deva,0.8681157231330872
Wikipedia,L20,1401,hin_Deva,0.8439797759056091
Wikipedia,L1,1402,hin_Deva,0.6454540491104126
Wikipedia,L5,1402,hin_Deva,0.979061484336853
Wikipedia,L20,1402,hin_Deva,0.895305871963501
Wikipedia,L1,1404,anp_Deva,0.753706693649292
Wikipedia,L5,1404,anp_Deva,0.7708964347839355
Wikipedia,L20,1404,anp_Deva,0.923437237739563
Wikipedia,L1,1406,hin_Deva,0.9103697538375854
Wikipedia,L5,1406,hin_Deva,0.7837371826171875
Wikipedia,L20,1406,hin_Deva,0.8845749497413635
Wikipedia,L1,1407,anp_Deva,0.7844417095184326
Wikipedia,L5,1407,hin_Deva,0.748710572719574
Wikipedia,L20,1407,hin_Deva,0.7774711847305298
Wikipedia,L1,1408,hin_Deva,0.966556191444397
Wikipedia,L5,1408,hin_Deva,0.8405202031135559
Wikipedia,L20,1408,hin_Deva,0.8279821276664734
Wikipedia,L1,1410,hin_Deva,0.9898701310157776
Wikipedia,L5,1410,hin_Deva,0.9313402771949768
Wikipedia,L20,1410,hin_Deva,0.934455394744873
Wikipedia,L1,1412,hin_Deva,0.8333082795143127
Wikipedia,L5,1412,anp_Deva,0.6759639382362366
Wikipedia,L20,1412,anp_Deva,0.7488107681274414
Wikipedia,L1,1415,hin_Deva,0.9898908734321594
Wikipedia,L5,1415,hin_Deva,0.8968539237976074
Wikipedia,L20,1415,hin_Deva,0.9256170392036438
Wikipedia,L1,1416,hin_Deva,0.9797623157501221
Wikipedia,L5,1416,hin_Deva,0.8517738580703735
Wikipedia,L20,1416,hin_Deva,0.8785999417304993
Wikipedia,L1,1417,hin_Deva,0.6783264875411987
Wikipedia,L5,1417,hin_Deva,0.805670440196991
Wikipedia,L20,1417,hin_Deva,0.9222471117973328
Wikipedia,L1,1419,anp_Deva,0.936316728591919
Wikipedia,L5,1419,anp_Deva,0.6281346678733826
Wikipedia,L20,1419,anp_Deva,0.5961260795593262
Wikipedia,L1,1420,anp_Deva,0.8981251120567322
Wikipedia,L5,1420,anp_Deva,0.7846585512161255
Wikipedia,L20,1420,anp_Deva,0.658125638961792
Wikipedia,L1,1422,anp_Deva,0.9937222599983215
Wikipedia,L5,1422,hin_Deva,0.8544573783874512
Wikipedia,L20,1422,hin_Deva,0.6515117883682251
Wikipedia,L1,1423,anp_Deva,0.9926302433013916
Wikipedia,L5,1423,anp_Deva,0.9635258913040161
Wikipedia,L20,1423,anp_Deva,0.9618186354637146
Wikipedia,L1,1424,hin_Deva,0.8927799463272095
Wikipedia,L5,1424,anp_Deva,0.7034212350845337
Wikipedia,L20,1424,hin_Deva,0.4958029091358185
Wikipedia,L1,1425,anp_Deva,0.9381920099258423
Wikipedia,L5,1425,hin_Deva,0.9120119214057922
Wikipedia,L20,1425,hin_Deva,0.8079582452774048
Wikipedia,L1,1426,hin_Deva,0.9816837310791016
Wikipedia,L5,1426,hin_Deva,0.7079314589500427
Wikipedia,L20,1426,hin_Deva,0.5825110077857971
Wikipedia,L1,1428,awa_Deva,0.41370028257369995
Wikipedia,L5,1428,hin_Deva,0.6824513077735901
Wikipedia,L20,1428,anp_Deva,0.6641280651092529
Wikipedia,L1,1429,anp_Deva,0.8363524079322815
Wikipedia,L5,1429,anp_Deva,0.6686897277832031
Wikipedia,L20,1429,hin_Deva,0.8303704261779785
Wikipedia,L1,1431,hin_Deva,0.7583129405975342
Wikipedia,L5,1431,hin_Deva,0.7066032886505127
Wikipedia,L20,1431,hin_Deva,0.659922182559967
Wikipedia,L1,1432,anp_Deva,0.5587238073348999
Wikipedia,L5,1432,anp_Deva,0.8207124471664429
Wikipedia,L20,1432,anp_Deva,0.690310537815094
Wikipedia,L1,1433,anp_Deva,0.9539803266525269
Wikipedia,L5,1433,hin_Deva,0.5008963942527771
Wikipedia,L20,1433,anp_Deva,0.5551021695137024
Wikipedia,L1,1434,anp_Deva,0.6306230425834656
Wikipedia,L5,1434,hin_Deva,0.5220293998718262
Wikipedia,L20,1434,hin_Deva,0.8024085164070129
Wikipedia,L1,1436,anp_Deva,0.7681235074996948
Wikipedia,L5,1436,hin_Deva,0.7081701159477234
Wikipedia,L20,1436,anp_Deva,0.6259056925773621
Wikipedia,L1,1438,anp_Deva,0.9295805096626282
Wikipedia,L5,1438,anp_Deva,0.608884871006012
Wikipedia,L20,1438,hin_Deva,0.5896504521369934
Wikipedia,L1,1440,anp_Deva,0.9999288320541382
Wikipedia,L5,1440,anp_Deva,0.9765927195549011
Wikipedia,L20,1440,hin_Deva,0.6691427230834961
Wikipedia,L1,1441,hin_Deva,0.6440469026565552
Wikipedia,L5,1441,anp_Deva,0.9454814195632935
Wikipedia,L20,1441,anp_Deva,0.9694080948829651
Wikipedia,L1,1442,hin_Deva,0.6880262494087219
Wikipedia,L5,1442,anp_Deva,0.5079537034034729
Wikipedia,L20,1442,hin_Deva,0.8961106538772583
Wikipedia,L1,1448,anp_Deva,0.9744640588760376
Wikipedia,L5,1448,anp_Deva,0.6574498414993286
Wikipedia,L20,1448,hin_Deva,0.6334294676780701
Wikipedia,L1,1450,anp_Deva,0.8044450879096985
Wikipedia,L5,1450,hin_Deva,0.5625206232070923
Wikipedia,L20,1450,hin_Deva,0.7684004902839661
Wikipedia,L1,1451,hin_Deva,0.9916070103645325
Wikipedia,L5,1451,hin_Deva,0.8946054577827454
Wikipedia,L20,1451,hin_Deva,0.6933417916297913
Wikipedia,L1,1452,hin_Deva,0.9673981070518494
Wikipedia,L5,1452,hin_Deva,0.5169872641563416
Wikipedia,L20,1452,anp_Deva,0.8240323066711426
Wikipedia,L1,1453,anp_Deva,0.9918891191482544
Wikipedia,L5,1453,anp_Deva,0.867177426815033
Wikipedia,L20,1453,hin_Deva,0.4972991943359375
Wikipedia,L1,1455,hin_Deva,0.9310680031776428
Wikipedia,L5,1455,hin_Deva,0.7171324491500854
Wikipedia,L20,1455,hin_Deva,0.8050439357757568
Wikipedia,L1,1458,anp_Deva,0.8327791094779968
Wikipedia,L5,1458,anp_Deva,0.8013889789581299
Wikipedia,L20,1458,anp_Deva,0.6086894273757935
Wikipedia,L1,1459,hin_Deva,0.9464359879493713
Wikipedia,L5,1459,hin_Deva,0.6045674681663513
Wikipedia,L20,1459,hin_Deva,0.5606118440628052
Wikipedia,L1,1460,anp_Deva,0.886929988861084
Wikipedia,L5,1460,anp_Deva,0.7672358751296997
Wikipedia,L20,1460,anp_Deva,0.5653518438339233
Wikipedia,L1,1462,anp_Deva,0.9999606609344482
Wikipedia,L5,1462,anp_Deva,0.9997846484184265
Wikipedia,L20,1462,anp_Deva,0.9972079992294312
Wikipedia,L1,1463,anp_Deva,0.836122453212738
Wikipedia,L5,1463,anp_Deva,0.9050005674362183
Wikipedia,L20,1463,anp_Deva,0.7564572095870972
Wikipedia,L1,1464,anp_Deva,0.9898076057434082
Wikipedia,L5,1464,anp_Deva,0.9677602648735046
Wikipedia,L20,1464,anp_Deva,0.657651424407959
Wikipedia,L1,1465,anp_Deva,0.9946576952934265
Wikipedia,L5,1465,anp_Deva,0.7785529494285583
Wikipedia,L20,1465,hin_Deva,0.6123552322387695
Wikipedia,L1,1466,awa_Deva,0.5488710999488831
Wikipedia,L5,1466,anp_Deva,0.5769248008728027
Wikipedia,L20,1466,anp_Deva,0.544755220413208
Wikipedia,L1,1467,anp_Deva,0.753153383731842
Wikipedia,L5,1467,anp_Deva,0.9239804148674011
Wikipedia,L20,1467,anp_Deva,0.8030611276626587
Wikipedia,L1,1469,awa_Deva,0.7119095325469971
Wikipedia,L5,1469,hin_Deva,0.6178510189056396
Wikipedia,L20,1469,hin_Deva,0.5981795787811279
Wikipedia,L1,1470,anp_Deva,0.9892237782478333
Wikipedia,L5,1470,anp_Deva,0.8351355195045471
Wikipedia,L20,1470,anp_Deva,0.5237289667129517
Wikipedia,L1,1472,hin_Deva,0.5049481987953186
Wikipedia,L5,1472,hin_Deva,0.8850718140602112
Wikipedia,L20,1472,hin_Deva,0.6843708157539368
Wikipedia,L1,1474,hin_Deva,0.9982486963272095
Wikipedia,L5,1474,hin_Deva,0.9282411932945251
Wikipedia,L20,1474,hin_Deva,0.8290020227432251
Wikipedia,L1,1477,hin_Deva,0.8779264092445374
Wikipedia,L5,1477,hin_Deva,0.8785261511802673
Wikipedia,L20,1477,hin_Deva,0.5540529489517212
Wikipedia,L1,1478,anp_Deva,0.8586938977241516
Wikipedia,L5,1478,anp_Deva,0.7769644856452942
Wikipedia,L20,1478,hin_Deva,0.5362879037857056
Wikipedia,L1,1480,hin_Deva,0.9647868275642395
Wikipedia,L5,1480,hin_Deva,0.598923921585083
Wikipedia,L20,1480,anp_Deva,0.6602490544319153
Wikipedia,L1,1481,hin_Deva,0.6778963208198547
Wikipedia,L5,1481,hin_Deva,0.9308305978775024
Wikipedia,L20,1481,hin_Deva,0.7783834934234619
Wikipedia,L1,1482,hin_Deva,0.9005997776985168
Wikipedia,L5,1482,hin_Deva,0.955295979976654
Wikipedia,L20,1482,hin_Deva,0.9152575731277466
Wikipedia,L1,1483,hin_Deva,0.9911131858825684
Wikipedia,L5,1483,hin_Deva,0.9819581508636475
Wikipedia,L20,1483,hin_Deva,0.9138175845146179
Wikipedia,L1,1486,hin_Deva,0.9225194454193115
Wikipedia,L5,1486,hin_Deva,0.6436739563941956
Wikipedia,L20,1486,hin_Deva,0.6182975172996521
Wikipedia,L1,1487,anp_Deva,0.9969024062156677
Wikipedia,L5,1487,anp_Deva,0.8283903002738953
Wikipedia,L20,1487,hin_Deva,0.786984920501709
Wikipedia,L1,1489,anp_Deva,0.9994682669639587
Wikipedia,L5,1489,anp_Deva,0.6805371642112732
Wikipedia,L20,1489,hin_Deva,0.5006808042526245
Wikipedia,L1,1493,hin_Deva,0.8054514527320862
Wikipedia,L5,1493,hin_Deva,0.786273181438446
Wikipedia,L20,1493,hin_Deva,0.822197675704956
Wikipedia,L1,1496,anp_Deva,0.9071857929229736
Wikipedia,L5,1496,anp_Deva,0.5070128440856934
Wikipedia,L20,1496,hin_Deva,0.6606454849243164
Wikipedia,L1,1503,anp_Deva,0.9720793962478638
Wikipedia,L5,1503,anp_Deva,0.6455353498458862
Wikipedia,L20,1503,anp_Deva,0.5384715795516968
Wikipedia,L1,1505,hin_Deva,0.9044554829597473
Wikipedia,L5,1505,hin_Deva,0.8835319876670837
Wikipedia,L20,1505,hin_Deva,0.6282515525817871
Wikipedia,L1,1506,hin_Deva,0.6961395144462585
Wikipedia,L5,1506,anp_Deva,0.7339382171630859
Wikipedia,L20,1506,hin_Deva,0.49988454580307007
Wikipedia,L1,1507,anp_Deva,0.8274423480033875
Wikipedia,L5,1507,anp_Deva,0.7957740426063538
Wikipedia,L20,1507,anp_Deva,0.6949942111968994
Wikipedia,L1,1508,hin_Deva,0.9774875044822693
Wikipedia,L5,1508,hin_Deva,0.9620327353477478
Wikipedia,L20,1508,hin_Deva,0.8879454135894775
Wikipedia,L1,1509,hin_Deva,0.8639288544654846
Wikipedia,L5,1509,anp_Deva,0.5322851538658142
Wikipedia,L20,1509,anp_Deva,0.8202857375144958
Wikipedia,L1,1510,hin_Deva,0.6824347376823425
Wikipedia,L5,1510,hin_Deva,0.9804970622062683
Wikipedia,L20,1510,hin_Deva,0.9625031352043152
Wikipedia,L1,1511,anp_Deva,0.9995574355125427
Wikipedia,L5,1511,anp_Deva,0.9859190583229065
Wikipedia,L20,1511,anp_Deva,0.977222740650177
Wikipedia,L1,1513,hin_Deva,0.9962897896766663
Wikipedia,L5,1513,hin_Deva,0.97831130027771
Wikipedia,L20,1513,hin_Deva,0.9511067867279053
Wikipedia,L1,1515,anp_Deva,0.8964895009994507
Wikipedia,L5,1515,hin_Deva,0.82487952709198
Wikipedia,L20,1515,hin_Deva,0.9777137637138367
Wikipedia,L1,1516,hin_Deva,0.7659516930580139
Wikipedia,L5,1516,hin_Deva,0.8419390320777893
Wikipedia,L20,1516,hin_Deva,0.7962774634361267
Wikipedia,L1,1517,hin_Deva,0.9822731614112854
Wikipedia,L5,1517,hin_Deva,0.9193335771560669
Wikipedia,L20,1517,hin_Deva,0.8597009778022766
Wikipedia,L1,1518,hin_Deva,0.9723824262619019
Wikipedia,L5,1518,hin_Deva,0.574903130531311
Wikipedia,L20,1518,hin_Deva,0.7311625480651855
Wikipedia,L1,1519,hin_Deva,0.9714438319206238
Wikipedia,L5,1519,hin_Deva,0.82584148645401
Wikipedia,L20,1519,hin_Deva,0.6887773871421814
Wikipedia,L1,1520,hin_Deva,0.7611300349235535
Wikipedia,L5,1520,anp_Deva,0.6800802946090698
Wikipedia,L20,1520,anp_Deva,0.6425763964653015
Wikipedia,L1,1521,hin_Deva,0.9373271465301514
Wikipedia,L5,1521,hin_Deva,0.93427973985672
Wikipedia,L20,1521,hin_Deva,0.9773966073989868
Wikipedia,L1,1523,hin_Deva,0.7159944176673889
Wikipedia,L5,1523,hin_Deva,0.605910062789917
Wikipedia,L20,1523,hin_Deva,0.7217100858688354
Wikipedia,L1,1524,hin_Deva,0.9290423393249512
Wikipedia,L5,1524,hin_Deva,0.593073844909668
Wikipedia,L20,1524,hin_Deva,0.6438634395599365
Wikipedia,L1,1526,hin_Deva,0.6650730967521667
Wikipedia,L5,1526,hin_Deva,0.7042858004570007
Wikipedia,L20,1526,hin_Deva,0.8287685513496399
Wikipedia,L1,1529,anp_Deva,0.9851060509681702
Wikipedia,L5,1529,anp_Deva,0.8495489358901978
Wikipedia,L20,1529,hin_Deva,0.5085276961326599
Wikipedia,L1,1531,anp_Deva,0.9998397827148438
Wikipedia,L5,1531,hin_Deva,0.9584529399871826
Wikipedia,L20,1531,hin_Deva,0.9753101468086243
Wikipedia,L1,1532,hin_Deva,0.962820291519165
Wikipedia,L5,1532,hin_Deva,0.846497654914856
Wikipedia,L20,1532,hin_Deva,0.8081490993499756
Wikipedia,L1,1534,anp_Deva,0.9451223015785217
Wikipedia,L5,1534,anp_Deva,0.8709823489189148
Wikipedia,L20,1534,anp_Deva,0.8293446898460388
Wikipedia,L1,1537,anp_Deva,0.8285733461380005
Wikipedia,L5,1537,anp_Deva,0.9515284299850464
Wikipedia,L20,1537,anp_Deva,0.725273072719574
Wikipedia,L1,1538,anp_Deva,0.7748481035232544
Wikipedia,L5,1538,anp_Deva,0.9327715635299683
Wikipedia,L20,1538,anp_Deva,0.8331952095031738
Wikipedia,L1,1542,anp_Deva,0.9986560940742493
Wikipedia,L5,1542,hin_Deva,0.6677817702293396
Wikipedia,L20,1542,hin_Deva,0.7790417075157166
Wikipedia,L1,1546,anp_Deva,0.9762065410614014
Wikipedia,L5,1546,anp_Deva,0.9715026617050171
Wikipedia,L20,1546,anp_Deva,0.9347189664840698
Wikipedia,L1,1551,anp_Deva,0.9939432740211487
Wikipedia,L5,1551,anp_Deva,0.7072473764419556
Wikipedia,L20,1551,hin_Deva,0.5134921073913574
Wikipedia,L1,1552,hin_Deva,0.6944177150726318
Wikipedia,L5,1552,hin_Deva,0.915778636932373
Wikipedia,L20,1552,hin_Deva,0.6607272028923035
Wikipedia,L1,1554,anp_Deva,0.86316978931427
Wikipedia,L5,1554,hin_Deva,0.7145973443984985
Wikipedia,L20,1554,hin_Deva,0.8144201040267944
Wikipedia,L1,1556,hin_Deva,0.5168449282646179
Wikipedia,L5,1556,hin_Deva,0.5879985690116882
Wikipedia,L20,1556,hin_Deva,0.8395752906799316
Wikipedia,L1,1558,hin_Deva,0.8530338406562805
Wikipedia,L5,1558,hin_Deva,0.905234158039093
Wikipedia,L20,1558,hin_Deva,0.7326596975326538
Wikipedia,L1,1559,anp_Deva,0.9575521349906921
Wikipedia,L5,1559,hin_Deva,0.6818503141403198
Wikipedia,L20,1559,anp_Deva,0.8234015703201294
Wikipedia,L1,1561,anp_Deva,0.9985051155090332
Wikipedia,L5,1561,anp_Deva,0.5589027404785156
Wikipedia,L20,1561,hin_Deva,0.7139312028884888
Wikipedia,L1,1562,anp_Deva,0.6226995587348938
Wikipedia,L5,1562,hin_Deva,0.771969199180603
Wikipedia,L20,1562,hin_Deva,0.8438408970832825
Wikipedia,L1,1563,hin_Deva,0.8569831252098083
Wikipedia,L5,1563,hin_Deva,0.6532776951789856
Wikipedia,L20,1563,hin_Deva,0.5693141222000122
Wikipedia,L1,1565,hin_Deva,0.9392799735069275
Wikipedia,L5,1565,hin_Deva,0.9378456473350525
Wikipedia,L20,1565,hin_Deva,0.8503618836402893
Wikipedia,L1,1566,hin_Deva,0.9968199133872986
Wikipedia,L5,1566,hin_Deva,0.8755657076835632
Wikipedia,L20,1566,anp_Deva,0.6658996939659119
Wikipedia,L1,1567,anp_Deva,0.5669238567352295
Wikipedia,L5,1567,hin_Deva,0.5657771825790405
Wikipedia,L20,1567,hin_Deva,0.7117825746536255
Wikipedia,L1,1568,anp_Deva,0.9950701594352722
Wikipedia,L5,1568,anp_Deva,0.6826363205909729
Wikipedia,L20,1568,anp_Deva,0.6303107142448425
Wikipedia,L1,1570,anp_Deva,0.9298126697540283
Wikipedia,L5,1570,hin_Deva,0.6683508157730103
Wikipedia,L20,1570,hin_Deva,0.6879651546478271
Wikipedia,L1,1571,hin_Deva,0.9899620413780212
Wikipedia,L5,1571,hin_Deva,0.9971216917037964
Wikipedia,L20,1571,hin_Deva,0.678512692451477
Wikipedia,L1,1578,anp_Deva,0.9882160425186157
Wikipedia,L5,1578,anp_Deva,0.8482556343078613
Wikipedia,L20,1578,anp_Deva,0.5569574236869812
Wikipedia,L1,1580,anp_Deva,0.6881293654441833
Wikipedia,L5,1580,anp_Deva,0.5152022838592529
Wikipedia,L20,1580,hin_Deva,0.8255391716957092
Wikipedia,L1,1581,hin_Deva,0.8839053511619568
Wikipedia,L5,1581,hin_Deva,0.542962908744812
Wikipedia,L20,1581,anp_Deva,0.6576736569404602
Wikipedia,L1,1584,hin_Deva,0.7973460555076599
Wikipedia,L5,1584,hin_Deva,0.806052565574646
Wikipedia,L20,1584,hin_Deva,0.7989049553871155
Wikipedia,L1,1587,anp_Deva,0.9833385944366455
Wikipedia,L5,1587,anp_Deva,0.7866514325141907
Wikipedia,L20,1587,hin_Deva,0.7267434597015381
Wikipedia,L1,1588,anp_Deva,0.7830235362052917
Wikipedia,L5,1588,hin_Deva,0.8731403946876526
Wikipedia,L20,1588,hin_Deva,0.9566797018051147
Wikipedia,L1,1590,hin_Deva,0.8218882083892822
Wikipedia,L5,1590,hin_Deva,0.8474317789077759
Wikipedia,L20,1590,hin_Deva,0.6975451111793518
Wikipedia,L1,1591,hin_Deva,0.6219656467437744
Wikipedia,L5,1591,hin_Deva,0.621982216835022
Wikipedia,L20,1591,hin_Deva,0.5088328719139099
Wikipedia,L1,1592,anp_Deva,0.616318941116333
Wikipedia,L5,1592,anp_Deva,0.5710893869400024
Wikipedia,L20,1592,hin_Deva,0.8460544347763062
Wikipedia,L1,1593,hin_Deva,0.7075160145759583
Wikipedia,L5,1593,anp_Deva,0.6018406748771667
Wikipedia,L20,1593,hin_Deva,0.6228480339050293
Wikipedia,L1,1594,hin_Deva,0.6154655814170837
Wikipedia,L5,1594,hin_Deva,0.5251109600067139
Wikipedia,L20,1594,anp_Deva,0.5928102135658264
Wikipedia,L1,1595,anp_Deva,0.9321776032447815
Wikipedia,L5,1595,anp_Deva,0.6186811923980713
Wikipedia,L20,1595,anp_Deva,0.7139292359352112
Wikipedia,L1,1596,hin_Deva,0.9060629606246948
Wikipedia,L5,1596,hin_Deva,0.6601438522338867
Wikipedia,L20,1596,hin_Deva,0.8636146187782288
Wikipedia,L1,1597,hin_Deva,0.8434380888938904
Wikipedia,L5,1597,hin_Deva,0.5995151400566101
Wikipedia,L20,1597,hin_Deva,0.9338817000389099
Wikipedia,L1,1598,hin_Deva,0.8278040289878845
Wikipedia,L5,1598,hin_Deva,0.7327136397361755
Wikipedia,L20,1598,hin_Deva,0.6606576442718506
Wikipedia,L1,1599,hin_Deva,0.9937536120414734
Wikipedia,L5,1599,anp_Deva,0.6932766437530518
Wikipedia,L20,1599,hin_Deva,0.9101121425628662
Wikipedia,L1,1602,hin_Deva,0.6648114323616028
Wikipedia,L5,1602,anp_Deva,0.7459319829940796
Wikipedia,L20,1602,anp_Deva,0.8101273775100708
Wikipedia,L1,1603,hin_Deva,0.6969747543334961
Wikipedia,L5,1603,hin_Deva,0.7736144065856934
Wikipedia,L20,1603,hin_Deva,0.9520452618598938
Wikipedia,L1,1604,anp_Deva,0.5161873698234558
Wikipedia,L5,1604,anp_Deva,0.519474446773529
Wikipedia,L20,1604,hin_Deva,0.5366670489311218
Wikipedia,L1,1606,anp_Deva,0.4522984027862549
Wikipedia,L5,1606,anp_Deva,0.8479370474815369
Wikipedia,L20,1606,hin_Deva,0.5867468118667603
Wikipedia,L1,1607,anp_Deva,0.867150068283081
Wikipedia,L5,1607,hin_Deva,0.5424370169639587
Wikipedia,L20,1607,hin_Deva,0.7210063338279724
Wikipedia,L1,1608,hin_Deva,0.5801109671592712
Wikipedia,L5,1608,hin_Deva,0.905997633934021
Wikipedia,L20,1608,hin_Deva,0.73552405834198
Wikipedia,L1,1609,hin_Deva,0.7147966027259827
Wikipedia,L5,1609,hin_Deva,0.6119535565376282
Wikipedia,L20,1609,hin_Deva,0.853490948677063
Wikipedia,L1,1610,anp_Deva,0.8322246670722961
Wikipedia,L5,1610,anp_Deva,0.9098214507102966
Wikipedia,L20,1610,hin_Deva,0.6674984097480774
Wikipedia,L1,1613,hin_Deva,0.7925856113433838
Wikipedia,L5,1613,hin_Deva,0.9721339344978333
Wikipedia,L20,1613,hin_Deva,0.8514187335968018
Wikipedia,L1,1616,hin_Deva,0.9833739995956421
Wikipedia,L5,1616,hin_Deva,0.550571084022522
Wikipedia,L20,1616,hin_Deva,0.5980799198150635
Wikipedia,L1,1618,hin_Deva,0.7696694135665894
Wikipedia,L5,1618,anp_Deva,0.510035514831543
Wikipedia,L20,1618,anp_Deva,0.7227889895439148
Wikipedia,L1,1620,anp_Deva,0.8920210003852844
Wikipedia,L5,1620,hin_Deva,0.6240435838699341
Wikipedia,L20,1620,hin_Deva,0.8667369484901428
Wikipedia,L1,1622,hin_Deva,0.7729520201683044
Wikipedia,L5,1622,hin_Deva,0.8494051694869995
Wikipedia,L20,1622,hin_Deva,0.8182843923568726
Wikipedia,L1,1623,anp_Deva,0.8195549845695496
Wikipedia,L5,1623,hin_Deva,0.5010618567466736
Wikipedia,L20,1623,anp_Deva,0.7689617872238159
Wikipedia,L1,1624,hin_Deva,0.9639201164245605
Wikipedia,L5,1624,hin_Deva,0.5130019783973694
Wikipedia,L20,1624,anp_Deva,0.552857518196106
Wikipedia,L1,1625,hin_Deva,0.9453908205032349
Wikipedia,L5,1625,hin_Deva,0.7224951982498169
Wikipedia,L20,1625,hin_Deva,0.6520929932594299
Wikipedia,L1,1626,anp_Deva,0.5809386968612671
Wikipedia,L5,1626,anp_Deva,0.9564025402069092
Wikipedia,L20,1626,anp_Deva,0.8251360654830933
Wikipedia,L1,1629,hin_Deva,0.9870731234550476
Wikipedia,L5,1629,hin_Deva,0.985061764717102
Wikipedia,L20,1629,hin_Deva,0.9740544557571411
Wikipedia,L1,1633,hin_Deva,0.9239563941955566
Wikipedia,L5,1633,anp_Deva,0.6128138899803162
Wikipedia,L20,1633,anp_Deva,0.8976381421089172
Wikipedia,L1,1635,hin_Deva,0.6116783618927002
Wikipedia,L5,1635,anp_Deva,0.8560178279876709
Wikipedia,L20,1635,hin_Deva,0.5680577158927917
Wikipedia,L1,1636,hin_Deva,0.5084392428398132
Wikipedia,L5,1636,hin_Deva,0.6989051699638367
Wikipedia,L20,1636,hin_Deva,0.6854195594787598
Wikipedia,L1,1637,anp_Deva,0.5771929025650024
Wikipedia,L5,1637,hin_Deva,0.7118468284606934
Wikipedia,L20,1637,hin_Deva,0.5678094625473022
Wikipedia,L1,1639,hin_Deva,0.8959921002388
Wikipedia,L5,1639,hin_Deva,0.958550214767456
Wikipedia,L20,1639,hin_Deva,0.8580633997917175
Wikipedia,L1,1640,hin_Deva,0.846248209476471
Wikipedia,L5,1640,hin_Deva,0.7823260426521301
Wikipedia,L20,1640,hin_Deva,0.819567859172821
Wikipedia,L1,1643,anp_Deva,0.9190071821212769
Wikipedia,L5,1643,anp_Deva,0.9582485556602478
Wikipedia,L20,1643,anp_Deva,0.7307777404785156
Wikipedia,L1,1644,anp_Deva,0.8875858783721924
Wikipedia,L5,1644,anp_Deva,0.5832470059394836
Wikipedia,L20,1644,hin_Deva,0.6359776258468628
Wikipedia,L1,1645,anp_Deva,0.739948034286499
Wikipedia,L5,1645,anp_Deva,0.6070875525474548
Wikipedia,L20,1645,anp_Deva,0.5901445150375366
Wikipedia,L1,1646,anp_Deva,0.9146836996078491
Wikipedia,L5,1646,hin_Deva,0.5251726508140564
Wikipedia,L20,1646,anp_Deva,0.5014747381210327
Wikipedia,L1,1647,anp_Deva,0.6004563570022583
Wikipedia,L5,1647,hin_Deva,0.8070827722549438
Wikipedia,L20,1647,hin_Deva,0.7520957589149475
Wikipedia,L1,1650,hin_Deva,0.586294949054718
Wikipedia,L5,1650,hin_Deva,0.7993150949478149
Wikipedia,L20,1650,hin_Deva,0.7551283836364746
Wikipedia,L1,1652,anp_Deva,0.9953982830047607
Wikipedia,L5,1652,anp_Deva,0.7102295160293579
Wikipedia,L20,1652,anp_Deva,0.7709811329841614
Wikipedia,L1,1653,anp_Deva,0.9209442734718323
Wikipedia,L5,1653,hin_Deva,0.5679428577423096
Wikipedia,L20,1653,anp_Deva,0.6596653461456299
Wikipedia,L1,1657,anp_Deva,0.9980137944221497
Wikipedia,L5,1657,anp_Deva,0.841595470905304
Wikipedia,L20,1657,anp_Deva,0.8431183695793152
Wikipedia,L1,1658,anp_Deva,0.751710832118988
Wikipedia,L5,1658,hin_Deva,0.9697402715682983
Wikipedia,L20,1658,hin_Deva,0.9389281272888184
Wikipedia,L1,1659,anp_Deva,0.9849679470062256
Wikipedia,L5,1659,anp_Deva,0.9841173887252808
Wikipedia,L20,1659,anp_Deva,0.9957662224769592
Wikipedia,L1,1660,hin_Deva,0.9867894649505615
Wikipedia,L5,1660,hin_Deva,0.9519442319869995
Wikipedia,L20,1660,hin_Deva,0.723331868648529
Wikipedia,L1,1663,anp_Deva,0.98868727684021
Wikipedia,L5,1663,anp_Deva,0.833685576915741
Wikipedia,L20,1663,anp_Deva,0.7474633455276489
Wikipedia,L1,1665,anp_Deva,0.5285542011260986
Wikipedia,L5,1665,hin_Deva,0.7615638971328735
Wikipedia,L20,1665,hin_Deva,0.7389660477638245
Wikipedia,L1,1670,hin_Deva,0.7706112861633301
Wikipedia,L5,1670,hin_Deva,0.7464002966880798
Wikipedia,L20,1670,anp_Deva,0.5255170464515686
Wikipedia,L1,1671,hin_Deva,0.7529376745223999
Wikipedia,L5,1671,hin_Deva,0.7947426438331604
Wikipedia,L20,1671,hin_Deva,0.8618583083152771
Wikipedia,L1,1674,hin_Deva,0.9575306177139282
Wikipedia,L5,1674,hin_Deva,0.8035227060317993
Wikipedia,L20,1674,hin_Deva,0.7351852059364319
Wikipedia,L1,1675,anp_Deva,0.9997560381889343
Wikipedia,L5,1675,anp_Deva,0.9785165190696716
Wikipedia,L20,1675,anp_Deva,0.8407391905784607
Wikipedia,L1,1676,hin_Deva,0.9621034264564514
Wikipedia,L5,1676,anp_Deva,0.6013322472572327
Wikipedia,L20,1676,anp_Deva,0.7731595039367676
Wikipedia,L1,1680,anp_Deva,0.9450151920318604
Wikipedia,L5,1680,anp_Deva,0.8102965950965881
Wikipedia,L20,1680,anp_Deva,0.9799983501434326
Wikipedia,L1,1681,anp_Deva,0.997451663017273
Wikipedia,L5,1681,anp_Deva,0.8316083550453186
Wikipedia,L20,1681,hin_Deva,0.764333188533783
Wikipedia,L1,1682,hin_Deva,0.7802063822746277
Wikipedia,L5,1682,hin_Deva,0.5457563996315002
Wikipedia,L20,1682,hin_Deva,0.7603316903114319
Wikipedia,L1,1683,hin_Deva,0.978809118270874
Wikipedia,L5,1683,hin_Deva,0.7040917277336121
Wikipedia,L20,1683,hin_Deva,0.8295562267303467
Wikipedia,L1,1688,anp_Deva,0.947092592716217
Wikipedia,L5,1688,anp_Deva,0.9397196173667908
Wikipedia,L20,1688,anp_Deva,0.8480965495109558
Wikipedia,L1,1689,hin_Deva,0.9019505381584167
Wikipedia,L5,1689,hin_Deva,0.866668164730072
Wikipedia,L20,1689,hin_Deva,0.813359797000885
Wikipedia,L1,1691,hin_Deva,0.5086556077003479
Wikipedia,L5,1691,anp_Deva,0.8663204908370972
Wikipedia,L20,1691,anp_Deva,0.8629345893859863
Wikipedia,L1,1693,hin_Deva,0.9838066697120667
Wikipedia,L5,1693,hin_Deva,0.9559125900268555
Wikipedia,L20,1693,hin_Deva,0.9618934988975525
Wikipedia,L1,1694,hin_Deva,0.9885613918304443
Wikipedia,L5,1694,hin_Deva,0.9500669240951538
Wikipedia,L20,1694,hin_Deva,0.8752175569534302
Wikipedia,L1,1695,hin_Deva,0.9941561222076416
Wikipedia,L5,1695,hin_Deva,0.9607992768287659
Wikipedia,L20,1695,hin_Deva,0.9371974468231201
Wikipedia,L1,1696,hin_Deva,0.8676726222038269
Wikipedia,L5,1696,hin_Deva,0.7729167342185974
Wikipedia,L20,1696,hin_Deva,0.8441088795661926
Wikipedia,L1,1697,hin_Deva,0.8515191078186035
Wikipedia,L5,1697,hin_Deva,0.9442023634910583
Wikipedia,L20,1697,hin_Deva,0.8355726599693298
Wikipedia,L1,1698,hin_Deva,0.9656250476837158
Wikipedia,L5,1698,hin_Deva,0.5400961637496948
Wikipedia,L20,1698,hin_Deva,0.7582162022590637
Wikipedia,L1,1701,hin_Deva,0.915323793888092
Wikipedia,L5,1701,hin_Deva,0.9193920493125916
Wikipedia,L20,1701,hin_Deva,0.8465176820755005
Wikipedia,L1,1702,anp_Deva,0.9074061512947083
Wikipedia,L5,1702,hin_Deva,0.9378752708435059
Wikipedia,L20,1702,hin_Deva,0.8916683197021484
Wikipedia,L1,1704,hin_Deva,0.9668096303939819
Wikipedia,L5,1704,hin_Deva,0.9238337874412537
Wikipedia,L20,1704,hin_Deva,0.83616703748703
Wikipedia,L1,1708,anp_Deva,0.6489313244819641
Wikipedia,L5,1708,hin_Deva,0.9731818437576294
Wikipedia,L20,1708,hin_Deva,0.9811532497406006
Wikipedia,L1,1709,hin_Deva,0.8847158551216125
Wikipedia,L5,1709,hin_Deva,0.9077725410461426
Wikipedia,L20,1709,hin_Deva,0.907558023929596
Wikipedia,L1,1711,hin_Deva,0.44733893871307373
Wikipedia,L5,1711,anp_Deva,0.7817034721374512
Wikipedia,L20,1711,anp_Deva,0.7782636284828186
Wikipedia,L1,1714,hin_Deva,0.8728457093238831
Wikipedia,L5,1714,hin_Deva,0.7512438893318176
Wikipedia,L20,1714,hin_Deva,0.618364691734314
Wikipedia,L1,1715,hin_Deva,0.9530318975448608
Wikipedia,L5,1715,hin_Deva,0.8196491003036499
Wikipedia,L20,1715,hin_Deva,0.8866878151893616
Wikipedia,L1,1716,anp_Deva,0.6184945106506348
Wikipedia,L5,1716,hin_Deva,0.9688400626182556
Wikipedia,L20,1716,hin_Deva,0.9106776118278503
Wikipedia,L1,1717,hin_Deva,0.9132451415061951
Wikipedia,L5,1717,hin_Deva,0.9979265332221985
Wikipedia,L20,1717,hin_Deva,0.9926357865333557
Wikipedia,L1,1718,anp_Deva,0.7445083856582642
Wikipedia,L5,1718,anp_Deva,0.9581071734428406
Wikipedia,L20,1718,anp_Deva,0.8801040053367615
Wikipedia,L1,1719,hin_Deva,0.5484530925750732
Wikipedia,L5,1719,hin_Deva,0.6027520298957825
Wikipedia,L20,1719,hin_Deva,0.5092528462409973
Wikipedia,L1,1720,hin_Deva,0.9995100498199463
Wikipedia,L5,1720,hin_Deva,0.9447965025901794
Wikipedia,L20,1720,hin_Deva,0.7588184475898743
Wikipedia,L1,1722,hin_Deva,0.8037899732589722
Wikipedia,L5,1722,hin_Deva,0.7936699986457825
Wikipedia,L20,1722,hin_Deva,0.8839824795722961
Wikipedia,L1,1723,hin_Deva,0.9880896210670471
Wikipedia,L5,1723,anp_Deva,0.7254676222801208
Wikipedia,L20,1723,anp_Deva,0.5378251671791077
Wikipedia,L1,1724,hin_Deva,0.9959985613822937
Wikipedia,L5,1724,hin_Deva,0.8907011151313782
Wikipedia,L20,1724,hin_Deva,0.7166882753372192
Wikipedia,L1,1727,new_Deva,0.48726165294647217
Wikipedia,L5,1727,anp_Deva,0.8397907018661499
Wikipedia,L20,1727,hin_Deva,0.6930561065673828
Wikipedia,L1,1731,anp_Deva,0.7339412569999695
Wikipedia,L5,1731,hin_Deva,0.9645213484764099
Wikipedia,L20,1731,hin_Deva,0.830482542514801
Wikipedia,L1,1733,hin_Deva,0.5485476851463318
Wikipedia,L5,1733,anp_Deva,0.7920870184898376
Wikipedia,L20,1733,hin_Deva,0.7855423092842102
Wikipedia,L1,1735,hin_Deva,0.9840114116668701
Wikipedia,L5,1735,hin_Deva,0.8316406011581421
Wikipedia,L20,1735,anp_Deva,0.5113635659217834
Wikipedia,L1,1736,anp_Deva,0.9844489693641663
Wikipedia,L5,1736,anp_Deva,0.9715459942817688
Wikipedia,L20,1736,anp_Deva,0.9518516659736633
Wikipedia,L1,1739,hin_Deva,0.9138947129249573
Wikipedia,L5,1739,anp_Deva,0.7000650763511658
Wikipedia,L20,1739,anp_Deva,0.5926483869552612
Wikipedia,L1,1740,hin_Deva,0.9748412370681763
Wikipedia,L5,1740,hin_Deva,0.6050487756729126
Wikipedia,L20,1740,anp_Deva,0.6815919280052185
Wikipedia,L1,1742,anp_Deva,0.9976257085800171
Wikipedia,L5,1742,hin_Deva,0.5803273320198059
Wikipedia,L20,1742,anp_Deva,0.7619553804397583
Wikipedia,L1,1743,hin_Deva,0.9525846242904663
Wikipedia,L5,1743,hin_Deva,0.7084407210350037
Wikipedia,L20,1743,hin_Deva,0.559329628944397
Wikipedia,L1,1745,anp_Deva,0.5131683945655823
Wikipedia,L5,1745,hin_Deva,0.7328830361366272
Wikipedia,L20,1745,hin_Deva,0.6543248891830444
Wikipedia,L1,1748,hin_Deva,0.5258163213729858
Wikipedia,L5,1748,anp_Deva,0.7629996538162231
Wikipedia,L20,1748,anp_Deva,0.7735816836357117
Wikipedia,L1,1751,anp_Deva,0.9017080068588257
Wikipedia,L5,1751,anp_Deva,0.5239316821098328
Wikipedia,L20,1751,hin_Deva,0.5206171870231628
Wikipedia,L1,1753,hin_Deva,0.6268154978752136
Wikipedia,L5,1753,anp_Deva,0.607661247253418
Wikipedia,L20,1753,anp_Deva,0.7440657615661621
Wikipedia,L1,1754,hin_Deva,0.6584218144416809
Wikipedia,L5,1754,hin_Deva,0.9387941360473633
Wikipedia,L20,1754,hin_Deva,0.8146448135375977
Wikipedia,L1,1755,anp_Deva,0.5442821383476257
Wikipedia,L5,1755,anp_Deva,0.7889522314071655
Wikipedia,L20,1755,anp_Deva,0.5517905354499817
Wikipedia,L1,1757,anp_Deva,0.8396740555763245
Wikipedia,L5,1757,anp_Deva,0.7399420738220215
Wikipedia,L20,1757,hin_Deva,0.5186813473701477
Wikipedia,L1,1758,anp_Deva,0.4695969223976135
Wikipedia,L5,1758,anp_Deva,0.7251648306846619
Wikipedia,L20,1758,anp_Deva,0.757843017578125
Wikipedia,L1,1760,anp_Deva,0.8355287313461304
Wikipedia,L5,1760,anp_Deva,0.8003060817718506
Wikipedia,L20,1760,anp_Deva,0.7265204787254333
Wikipedia,L1,1761,anp_Deva,0.6256352066993713
Wikipedia,L5,1761,hin_Deva,0.5766623020172119
Wikipedia,L20,1761,anp_Deva,0.6613235473632812
Wikipedia,L1,1763,anp_Deva,0.6894811987876892
Wikipedia,L5,1763,hin_Deva,0.7686216831207275
Wikipedia,L20,1763,hin_Deva,0.6019077897071838
Wikipedia,L1,1764,hin_Deva,0.7862339019775391
Wikipedia,L5,1764,anp_Deva,0.6738776564598083
Wikipedia,L20,1764,anp_Deva,0.7516416311264038
Wikipedia,L1,1765,hin_Deva,0.6763559579849243
Wikipedia,L5,1765,anp_Deva,0.865293562412262
Wikipedia,L20,1765,hin_Deva,0.6431309580802917
Wikipedia,L1,1766,hin_Deva,0.8110829591751099
Wikipedia,L5,1766,anp_Deva,0.7234804630279541
Wikipedia,L20,1766,hin_Deva,0.7004026770591736
Wikipedia,L1,1768,hin_Deva,0.7861918807029724
Wikipedia,L5,1768,hin_Deva,0.6775600910186768
Wikipedia,L20,1768,hin_Deva,0.7654111385345459
Wikipedia,L1,1769,hin_Deva,0.8056814074516296
Wikipedia,L5,1769,hin_Deva,0.7124415636062622
Wikipedia,L20,1769,hin_Deva,0.7671496868133545
Wikipedia,L1,1774,hin_Deva,0.8929174542427063
Wikipedia,L5,1774,anp_Deva,0.6352940797805786
Wikipedia,L20,1774,hin_Deva,0.657272458076477
Wikipedia,L1,1775,anp_Deva,0.9985387325286865
Wikipedia,L5,1775,hin_Deva,0.8332903981208801
Wikipedia,L20,1775,hin_Deva,0.7976711392402649
Wikipedia,L1,1776,anp_Deva,0.6529269814491272
Wikipedia,L5,1776,anp_Deva,0.5426156520843506
Wikipedia,L20,1776,anp_Deva,0.5453364849090576
Wikipedia,L1,1779,anp_Deva,0.9879307746887207
Wikipedia,L5,1779,hin_Deva,0.6232711672782898
Wikipedia,L20,1779,anp_Deva,0.7026416063308716
Wikipedia,L1,1780,hin_Deva,0.8237015604972839
Wikipedia,L5,1780,anp_Deva,0.8867639303207397
Wikipedia,L20,1780,anp_Deva,0.6088177561759949
Wikipedia,L1,1783,hin_Deva,0.9118173122406006
Wikipedia,L5,1783,anp_Deva,0.7459757924079895
Wikipedia,L20,1783,hin_Deva,0.6450932621955872
Wikipedia,L1,1784,anp_Deva,0.7488096952438354
Wikipedia,L5,1784,hin_Deva,0.8343682289123535
Wikipedia,L20,1784,hin_Deva,0.8418094515800476
Wikipedia,L1,1791,hin_Deva,0.8062300086021423
Wikipedia,L5,1791,hin_Deva,0.9322754144668579
Wikipedia,L20,1791,hin_Deva,0.8290568590164185
Wikipedia,L1,1792,hin_Deva,0.9802099466323853
Wikipedia,L5,1792,hin_Deva,0.854229748249054
Wikipedia,L20,1792,hin_Deva,0.7203635573387146
Wikipedia,L1,1793,hin_Deva,0.802004337310791
Wikipedia,L5,1793,hin_Deva,0.7281991243362427
Wikipedia,L20,1793,hin_Deva,0.6318368911743164
Wikipedia,L1,1794,hin_Deva,0.7888688445091248
Wikipedia,L5,1794,hin_Deva,0.8451341390609741
Wikipedia,L20,1794,hin_Deva,0.8715413808822632
Wikipedia,L1,1795,hin_Deva,0.7626016736030579
Wikipedia,L5,1795,hin_Deva,0.8230949640274048
Wikipedia,L20,1795,hin_Deva,0.6279853582382202
Wikipedia,L1,1796,hin_Deva,0.9377455711364746
Wikipedia,L5,1796,hin_Deva,0.8638868927955627
Wikipedia,L20,1796,hin_Deva,0.5976413488388062
Wikipedia,L1,1797,hin_Deva,0.7997433543205261
Wikipedia,L5,1797,hin_Deva,0.673017680644989
Wikipedia,L20,1797,hin_Deva,0.7911219000816345
Wikipedia,L1,1798,anp_Deva,0.9999204874038696
Wikipedia,L5,1798,anp_Deva,0.9589007496833801
Wikipedia,L20,1798,anp_Deva,0.7874810695648193
Wikipedia,L1,1800,anp_Deva,0.8032715320587158
Wikipedia,L5,1800,anp_Deva,0.5964500904083252
Wikipedia,L20,1800,anp_Deva,0.524307370185852
Wikipedia,L1,1801,anp_Deva,0.9994837641716003
Wikipedia,L5,1801,hin_Deva,0.7897424101829529
Wikipedia,L20,1801,hin_Deva,0.6511208415031433
Wikipedia,L1,1806,anp_Deva,0.6764583587646484
Wikipedia,L5,1806,hin_Deva,0.5040280222892761
Wikipedia,L20,1806,anp_Deva,0.6064714193344116
Wikipedia,L1,1807,anp_Deva,0.9991173148155212
Wikipedia,L5,1807,anp_Deva,0.7544198632240295
Wikipedia,L20,1807,anp_Deva,0.669312596321106
Wikipedia,L1,1808,hin_Deva,0.955915629863739
Wikipedia,L5,1808,anp_Deva,0.8674356341362
Wikipedia,L20,1808,anp_Deva,0.5716211795806885
Wikipedia,L1,1813,anp_Deva,0.6804198622703552
Wikipedia,L5,1813,hin_Deva,0.6517502665519714
Wikipedia,L20,1813,hin_Deva,0.7792111039161682
Wikipedia,L1,1814,anp_Deva,0.7375816106796265
Wikipedia,L5,1814,anp_Deva,0.7974364757537842
Wikipedia,L20,1814,anp_Deva,0.6302293539047241
Wikipedia,L1,1815,anp_Deva,0.48242077231407166
Wikipedia,L5,1815,hin_Deva,0.5502451658248901
Wikipedia,L20,1815,hin_Deva,0.887605607509613
Wikipedia,L1,1816,anp_Deva,0.9247370958328247
Wikipedia,L5,1816,hin_Deva,0.8861972093582153
Wikipedia,L20,1816,hin_Deva,0.7593534588813782
Wikipedia,L1,1817,hin_Deva,0.8712664842605591
Wikipedia,L5,1817,hin_Deva,0.7963734865188599
Wikipedia,L20,1817,hin_Deva,0.6895480751991272
Wikipedia,L1,1818,anp_Deva,0.9344369173049927
Wikipedia,L5,1818,anp_Deva,0.5303457975387573
Wikipedia,L20,1818,anp_Deva,0.7074021100997925
Wikipedia,L1,1819,hin_Deva,0.9011213779449463
Wikipedia,L5,1819,hin_Deva,0.9654536247253418
Wikipedia,L20,1819,hin_Deva,0.7877928018569946
Wikipedia,L1,1820,anp_Deva,0.9998953342437744
Wikipedia,L5,1820,anp_Deva,0.6072741746902466
Wikipedia,L20,1820,anp_Deva,0.6496084332466125
Wikipedia,L1,1821,hin_Deva,0.8459929823875427
Wikipedia,L5,1821,hin_Deva,0.7577683329582214
Wikipedia,L20,1821,hin_Deva,0.6956685781478882
Wikipedia,L1,1822,hin_Deva,0.9438025951385498
Wikipedia,L5,1822,hin_Deva,0.9153370261192322
Wikipedia,L20,1822,hin_Deva,0.9636362195014954
Wikipedia,L1,1823,hin_Deva,0.902583658695221
Wikipedia,L5,1823,hin_Deva,0.6947202086448669
Wikipedia,L20,1823,hin_Deva,0.686490535736084
Wikipedia,L1,1824,anp_Deva,0.7344913482666016
Wikipedia,L5,1824,anp_Deva,0.6854138374328613
Wikipedia,L20,1824,anp_Deva,0.9143101572990417
Wikipedia,L1,1825,hin_Deva,0.9952077269554138
Wikipedia,L5,1825,hin_Deva,0.9446003437042236
Wikipedia,L20,1825,hin_Deva,0.8807879090309143
Wikipedia,L1,1826,anp_Deva,0.8842934370040894
Wikipedia,L5,1826,anp_Deva,0.8582726120948792
Wikipedia,L20,1826,anp_Deva,0.7863038182258606
Wikipedia,L1,1828,hin_Deva,0.9881736636161804
Wikipedia,L5,1828,hin_Deva,0.5976501703262329
Wikipedia,L20,1828,hin_Deva,0.6726879477500916
Wikipedia,L1,1829,anp_Deva,0.8354615569114685
Wikipedia,L5,1829,hin_Deva,0.8676387071609497
Wikipedia,L20,1829,hin_Deva,0.8730294704437256
Wikipedia,L1,1830,anp_Deva,0.7574232220649719
Wikipedia,L5,1830,hin_Deva,0.6113115549087524
Wikipedia,L20,1830,anp_Deva,0.6784794330596924
Wikipedia,L1,1832,anp_Deva,0.9690734148025513
Wikipedia,L5,1832,anp_Deva,0.8763075470924377
Wikipedia,L20,1832,hin_Deva,0.4991473853588104
Wikipedia,L1,1833,anp_Deva,0.9757897853851318
Wikipedia,L5,1833,hin_Deva,0.8097596168518066
Wikipedia,L20,1833,hin_Deva,0.9264230728149414
Wikipedia,L1,1834,anp_Deva,0.9998993873596191
Wikipedia,L5,1834,anp_Deva,0.8236494660377502
Wikipedia,L20,1834,hin_Deva,0.5862360000610352
Wikipedia,L1,1835,hin_Deva,0.9171947240829468
Wikipedia,L5,1835,hin_Deva,0.9348949790000916
Wikipedia,L20,1835,anp_Deva,0.5021870136260986
Wikipedia,L1,1836,hin_Deva,0.6324442028999329
Wikipedia,L5,1836,anp_Deva,0.7318037152290344
Wikipedia,L20,1836,anp_Deva,0.7264415621757507
Wikipedia,L1,1837,anp_Deva,0.6391584873199463
Wikipedia,L5,1837,anp_Deva,0.7644857168197632
Wikipedia,L20,1837,anp_Deva,0.5451445579528809
Wikipedia,L1,1838,hin_Deva,0.9751085638999939
Wikipedia,L5,1838,hin_Deva,0.7894741296768188
Wikipedia,L20,1838,anp_Deva,0.6438618302345276
Wikipedia,L1,1840,anp_Deva,0.9991992115974426
Wikipedia,L5,1840,anp_Deva,0.8151829242706299
Wikipedia,L20,1840,anp_Deva,0.8419553637504578
Wikipedia,L1,1842,hin_Deva,0.4166697859764099
Wikipedia,L5,1842,hin_Deva,0.7590539455413818
Wikipedia,L20,1842,hin_Deva,0.6537373661994934
Wikipedia,L1,1843,hin_Deva,0.8513014316558838
Wikipedia,L5,1843,anp_Deva,0.5588867664337158
Wikipedia,L20,1843,anp_Deva,0.6090625524520874
Wikipedia,L1,1844,hin_Deva,0.739915668964386
Wikipedia,L5,1844,hin_Deva,0.530555009841919
Wikipedia,L20,1844,hin_Deva,0.6240659356117249
Wikipedia,L1,1847,anp_Deva,0.9996459484100342
Wikipedia,L5,1847,hin_Deva,0.7453469634056091
Wikipedia,L20,1847,anp_Deva,0.8263250589370728
Wikipedia,L1,1848,anp_Deva,0.7116134166717529
Wikipedia,L5,1848,anp_Deva,0.7494868040084839
Wikipedia,L20,1848,anp_Deva,0.8648646473884583
Wikipedia,L1,1849,anp_Deva,0.9942352175712585
Wikipedia,L5,1849,anp_Deva,0.9702635407447815
Wikipedia,L20,1849,anp_Deva,0.9740746021270752
Wikipedia,L1,1850,hin_Deva,0.982386589050293
Wikipedia,L5,1850,hin_Deva,0.9531934261322021
Wikipedia,L20,1850,hin_Deva,0.9061326384544373
Wikipedia,L1,1852,hin_Deva,0.6114964485168457
Wikipedia,L5,1852,hin_Deva,0.5958651900291443
Wikipedia,L20,1852,anp_Deva,0.7847212553024292
Wikipedia,L1,1858,hin_Deva,0.8367602229118347
Wikipedia,L5,1858,anp_Deva,0.8887999057769775
Wikipedia,L20,1858,anp_Deva,0.7253729701042175
Wikipedia,L1,1859,anp_Deva,0.5263714790344238
Wikipedia,L5,1859,anp_Deva,0.7601845264434814
Wikipedia,L20,1859,hin_Deva,0.5004501938819885
Wikipedia,L1,1860,anp_Deva,0.8402132987976074
Wikipedia,L5,1860,anp_Deva,0.6366025805473328
Wikipedia,L20,1860,hin_Deva,0.7945097088813782
Wikipedia,L1,1861,anp_Deva,0.7125238180160522
Wikipedia,L5,1861,anp_Deva,0.8555960059165955
Wikipedia,L20,1861,anp_Deva,0.9027814269065857
Wikipedia,L1,1866,hin_Deva,0.9150592684745789
Wikipedia,L5,1866,anp_Deva,0.7860153913497925
Wikipedia,L20,1866,anp_Deva,0.8161821365356445
Wikipedia,L1,1867,hin_Deva,0.9790053963661194
Wikipedia,L5,1867,hin_Deva,0.9526640772819519
Wikipedia,L20,1867,hin_Deva,0.9924055337905884
Wikipedia,L1,1868,hin_Deva,0.9408381581306458
Wikipedia,L5,1868,anp_Deva,0.7990968227386475
Wikipedia,L20,1868,hin_Deva,0.7106273770332336
Wikipedia,L1,1871,hin_Deva,0.9641741514205933
Wikipedia,L5,1871,hin_Deva,0.7631954550743103
Wikipedia,L20,1871,hin_Deva,0.6629639863967896
Wikipedia,L1,1873,anp_Deva,0.5763777494430542
Wikipedia,L5,1873,hin_Deva,0.7900564670562744
Wikipedia,L20,1873,anp_Deva,0.5720981955528259
Wikipedia,L1,1874,hin_Deva,0.6370465159416199
Wikipedia,L5,1874,hin_Deva,0.5787205696105957
Wikipedia,L20,1874,anp_Deva,0.7641836404800415
Wikipedia,L1,1876,anp_Deva,0.46983498334884644
Wikipedia,L5,1876,anp_Deva,0.9626008868217468
Wikipedia,L20,1876,anp_Deva,0.5317696928977966
Wikipedia,L1,1877,anp_Deva,0.9774948954582214
Wikipedia,L5,1877,anp_Deva,0.6286770105361938
Wikipedia,L20,1877,anp_Deva,0.7895126342773438
Wikipedia,L1,1878,hin_Deva,0.8698638081550598
Wikipedia,L5,1878,hin_Deva,0.4969153106212616
Wikipedia,L20,1878,hin_Deva,0.5624480247497559
Wikipedia,L1,1879,hin_Deva,0.8004981875419617
Wikipedia,L5,1879,hin_Deva,0.8089917302131653
Wikipedia,L20,1879,anp_Deva,0.5638960599899292
Wikipedia,L1,1880,anp_Deva,0.9598919749259949
Wikipedia,L5,1880,anp_Deva,0.7583635449409485
Wikipedia,L20,1880,anp_Deva,0.5265266299247742
Wikipedia,L1,1886,anp_Deva,0.978918194770813
Wikipedia,L5,1886,hin_Deva,0.6426447629928589
Wikipedia,L20,1886,anp_Deva,0.600871741771698
Wikipedia,L1,1887,anp_Deva,0.8867478370666504
Wikipedia,L5,1887,anp_Deva,0.8396770358085632
Wikipedia,L20,1887,anp_Deva,0.8263226747512817
Wikipedia,L1,1890,hin_Deva,0.9349892735481262
Wikipedia,L5,1890,hin_Deva,0.9242188930511475
Wikipedia,L20,1890,hin_Deva,0.8169938921928406
Wikipedia,L1,1892,hin_Deva,0.5845192074775696
Wikipedia,L5,1892,hin_Deva,0.9041529297828674
Wikipedia,L20,1892,hin_Deva,0.7004798054695129
Wikipedia,L1,1893,hin_Deva,0.7395133376121521
Wikipedia,L5,1893,hin_Deva,0.5097042322158813
Wikipedia,L20,1893,hin_Deva,0.7677654027938843
Wikipedia,L1,1894,hin_Deva,0.9364662170410156
Wikipedia,L5,1894,hin_Deva,0.8717871904373169
Wikipedia,L20,1894,hin_Deva,0.8029237389564514
Wikipedia,L1,1895,anp_Deva,0.6769648790359497
Wikipedia,L5,1895,anp_Deva,0.5877201557159424
Wikipedia,L20,1895,anp_Deva,0.546774685382843
Wikipedia,L1,1897,hin_Deva,0.5231572985649109
Wikipedia,L5,1897,anp_Deva,0.6568226218223572
Wikipedia,L20,1897,hin_Deva,0.5606879591941833
Wikipedia,L1,1898,hin_Deva,0.9858502149581909
Wikipedia,L5,1898,hin_Deva,0.9574856758117676
Wikipedia,L20,1898,hin_Deva,0.8756334185600281
Wikipedia,L1,1899,anp_Deva,0.5589326620101929
Wikipedia,L5,1899,hin_Deva,0.7525314688682556
Wikipedia,L20,1899,hin_Deva,0.7566675543785095
Wikipedia,L1,1905,anp_Deva,0.7407190203666687
Wikipedia,L5,1905,hin_Deva,0.6723180413246155
Wikipedia,L20,1905,hin_Deva,0.5228157043457031
Wikipedia,L1,1907,hin_Deva,0.9084410071372986
Wikipedia,L5,1907,hin_Deva,0.7907732129096985
Wikipedia,L20,1907,anp_Deva,0.5389100909233093
Wikipedia,L1,1909,hin_Deva,0.9383488297462463
Wikipedia,L5,1909,hin_Deva,0.7861426472663879
Wikipedia,L20,1909,hin_Deva,0.893172025680542
Wikipedia,L1,1910,hin_Deva,0.7510400414466858
Wikipedia,L5,1910,anp_Deva,0.8890271782875061
Wikipedia,L20,1910,anp_Deva,0.5777135491371155
Wikipedia,L1,1911,anp_Deva,0.9999366998672485
Wikipedia,L5,1911,anp_Deva,0.9620418548583984
Wikipedia,L20,1911,hin_Deva,0.7373254895210266
Wikipedia,L1,1912,hin_Deva,0.993610680103302
Wikipedia,L5,1912,hin_Deva,0.8506962656974792
Wikipedia,L20,1912,hin_Deva,0.7086848616600037
Wikipedia,L1,1913,hin_Deva,0.9559264183044434
Wikipedia,L5,1913,hin_Deva,0.9120779633522034
Wikipedia,L20,1913,hin_Deva,0.933186411857605
Wikipedia,L1,1915,hin_Deva,0.7809700965881348
Wikipedia,L5,1915,hin_Deva,0.9272412061691284
Wikipedia,L20,1915,hin_Deva,0.8290095925331116
Wikipedia,L1,1918,hin_Deva,0.8569274544715881
Wikipedia,L5,1918,hin_Deva,0.7270126342773438
Wikipedia,L20,1918,hin_Deva,0.6568471789360046
Wikipedia,L1,1921,anp_Deva,0.6801505088806152
Wikipedia,L5,1921,hin_Deva,0.8565992116928101
Wikipedia,L20,1921,hin_Deva,0.65561443567276
Wikipedia,L1,1922,anp_Deva,0.791016697883606
Wikipedia,L5,1922,hin_Deva,0.8136590123176575
Wikipedia,L20,1922,hin_Deva,0.8370552659034729
Wikipedia,L1,1924,anp_Deva,0.7666209936141968
Wikipedia,L5,1924,hin_Deva,0.7143896818161011
Wikipedia,L20,1924,hin_Deva,0.5290325880050659
Wikipedia,L1,1926,anp_Deva,0.9386414289474487
Wikipedia,L5,1926,anp_Deva,0.6755051612854004
Wikipedia,L20,1926,anp_Deva,0.7330097556114197
Wikipedia,L1,1928,anp_Deva,0.5069155097007751
Wikipedia,L5,1928,hin_Deva,0.9316253066062927
Wikipedia,L20,1928,hin_Deva,0.8462639451026917
Wikipedia,L1,1930,anp_Deva,0.9959974884986877
Wikipedia,L5,1930,hin_Deva,0.8824567198753357
Wikipedia,L20,1930,hin_Deva,0.6973655223846436
Wikipedia,L1,1931,hin_Deva,0.9711772799491882
Wikipedia,L5,1931,hin_Deva,0.8562434315681458
Wikipedia,L20,1931,hin_Deva,0.7475669980049133
Wikipedia,L1,1936,anp_Deva,0.9901441931724548
Wikipedia,L5,1936,anp_Deva,0.7512385845184326
Wikipedia,L20,1936,anp_Deva,0.6716090440750122
Wikipedia,L1,1938,hin_Deva,0.4463624954223633
Wikipedia,L5,1938,anp_Deva,0.8487643003463745
Wikipedia,L20,1938,hin_Deva,0.5230308771133423
Wikipedia,L1,1939,hin_Deva,0.9189104437828064
Wikipedia,L5,1939,hin_Deva,0.7052673101425171
Wikipedia,L20,1939,hin_Deva,0.5419427752494812
Wikipedia,L1,1940,anp_Deva,0.8292727470397949
Wikipedia,L5,1940,anp_Deva,0.9204818606376648
Wikipedia,L20,1940,anp_Deva,0.8044912219047546
Wikipedia,L1,1942,anp_Deva,0.7701511979103088
Wikipedia,L5,1942,anp_Deva,0.790192186832428
Wikipedia,L20,1942,anp_Deva,0.7681588530540466
Wikipedia,L1,1943,anp_Deva,0.9648617506027222
Wikipedia,L5,1943,anp_Deva,0.9808411002159119
Wikipedia,L20,1943,anp_Deva,0.704725444316864
Wikipedia,L1,1947,anp_Deva,0.7137811779975891
Wikipedia,L5,1947,hin_Deva,0.5112621784210205
Wikipedia,L20,1947,anp_Deva,0.5562699437141418
Wikipedia,L1,1948,hin_Deva,0.8778201937675476
Wikipedia,L5,1948,hin_Deva,0.9332205653190613
Wikipedia,L20,1948,hin_Deva,0.8541848659515381
Wikipedia,L1,1949,hin_Deva,0.6901899576187134
Wikipedia,L5,1949,anp_Deva,0.5182403922080994
Wikipedia,L20,1949,anp_Deva,0.7181214690208435
Wikipedia,L1,1950,anp_Deva,0.9998993873596191
Wikipedia,L5,1950,anp_Deva,0.8473773002624512
Wikipedia,L20,1950,anp_Deva,0.7813739776611328
Wikipedia,L1,1951,hin_Deva,0.9904396533966064
Wikipedia,L5,1951,hin_Deva,0.959729790687561
Wikipedia,L20,1951,hin_Deva,0.8944697976112366
Wikipedia,L1,1953,hin_Deva,0.8841093182563782
Wikipedia,L5,1953,hin_Deva,0.5625113248825073
Wikipedia,L20,1953,hin_Deva,0.6263535022735596
Wikipedia,L1,1956,anp_Deva,0.612919807434082
Wikipedia,L5,1956,anp_Deva,0.8576297760009766
Wikipedia,L20,1956,anp_Deva,0.8032723069190979
Wikipedia,L1,1958,anp_Deva,0.9448951482772827
Wikipedia,L5,1958,anp_Deva,0.8540070652961731
Wikipedia,L20,1958,anp_Deva,0.7608191967010498
Wikipedia,L1,1959,anp_Deva,0.9943722486495972
Wikipedia,L5,1959,anp_Deva,0.5796915292739868
Wikipedia,L20,1959,anp_Deva,0.6839781403541565
Wikipedia,L1,1962,anp_Deva,0.6731665730476379
Wikipedia,L5,1962,anp_Deva,0.7722386121749878
Wikipedia,L20,1962,anp_Deva,0.6923763155937195
Wikipedia,L1,1965,anp_Deva,0.9791394472122192
Wikipedia,L5,1965,anp_Deva,0.9569041728973389
Wikipedia,L20,1965,anp_Deva,0.6484718322753906
Wikipedia,L1,1966,hin_Deva,0.5259921550750732
Wikipedia,L5,1966,anp_Deva,0.5649089813232422
Wikipedia,L20,1966,hin_Deva,0.7128767967224121
Wikipedia,L1,1970,hin_Deva,0.9866602420806885
Wikipedia,L5,1970,hin_Deva,0.628318190574646
Wikipedia,L20,1970,anp_Deva,0.6322377324104309
Wikipedia,L1,1971,anp_Deva,0.9963992834091187
Wikipedia,L5,1971,anp_Deva,0.7783336639404297
Wikipedia,L20,1971,anp_Deva,0.8801079988479614
Wikipedia,L1,1975,anp_Deva,0.9192129373550415
Wikipedia,L5,1975,anp_Deva,0.956750214099884
Wikipedia,L20,1975,anp_Deva,0.95285564661026
Wikipedia,L1,1977,anp_Deva,0.8419014811515808
Wikipedia,L5,1977,anp_Deva,0.9288854598999023
Wikipedia,L20,1977,anp_Deva,0.8200259208679199
Wikipedia,L1,1978,hin_Deva,0.9437841176986694
Wikipedia,L5,1978,hin_Deva,0.8634575605392456
Wikipedia,L20,1978,hin_Deva,0.6513305306434631
Wikipedia,L1,1981,anp_Deva,0.6668425798416138
Wikipedia,L5,1981,anp_Deva,0.6868231296539307
Wikipedia,L20,1981,anp_Deva,0.654255211353302
Wikipedia,L1,1983,anp_Deva,0.8334441781044006
Wikipedia,L5,1983,anp_Deva,0.9095073938369751
Wikipedia,L20,1983,anp_Deva,0.9675905704498291
Wikipedia,L1,1984,anp_Deva,0.6983036994934082
Wikipedia,L5,1984,anp_Deva,0.9786235690116882
Wikipedia,L20,1984,anp_Deva,0.9184954166412354
Wikipedia,L1,1985,anp_Deva,0.9248405694961548
Wikipedia,L5,1985,anp_Deva,0.9145253896713257
Wikipedia,L20,1985,anp_Deva,0.8826972246170044
Wikipedia,L1,1987,anp_Deva,0.6713753342628479
Wikipedia,L5,1987,anp_Deva,0.7716633081436157
Wikipedia,L20,1987,anp_Deva,0.5878928899765015
Wikipedia,L1,1989,hin_Deva,0.8967223763465881
Wikipedia,L5,1989,hin_Deva,0.607441246509552
Wikipedia,L20,1989,anp_Deva,0.6312138438224792
Wikipedia,L1,1990,anp_Deva,0.790327787399292
Wikipedia,L5,1990,anp_Deva,0.9849287271499634
Wikipedia,L20,1990,anp_Deva,0.8900702595710754
Wikipedia,L1,1992,hin_Deva,0.9398183822631836
Wikipedia,L5,1992,hin_Deva,0.9297832250595093
Wikipedia,L20,1992,hin_Deva,0.6775128841400146
Wikipedia,L1,1993,hin_Deva,0.7506431341171265
Wikipedia,L5,1993,anp_Deva,0.5679053664207458
Wikipedia,L20,1993,anp_Deva,0.7779701948165894
Wikipedia,L1,1994,hin_Deva,0.9779972434043884
Wikipedia,L5,1994,hin_Deva,0.9368759989738464
Wikipedia,L20,1994,hin_Deva,0.8173342943191528
Wikipedia,L1,1997,hin_Deva,0.5711506605148315
Wikipedia,L5,1997,hin_Deva,0.6132137775421143
Wikipedia,L20,1997,hin_Deva,0.8426915407180786
Wikipedia,L1,1999,anp_Deva,0.9617514610290527
Wikipedia,L5,1999,anp_Deva,0.6246727108955383
Wikipedia,L20,1999,hin_Deva,0.5147923827171326
Wikipedia,L1,2000,hin_Deva,0.5830098390579224
Wikipedia,L5,2000,hin_Deva,0.8701674938201904
Wikipedia,L20,2000,hin_Deva,0.580829918384552
Wikipedia,L1,2002,hin_Deva,0.7806192636489868
Wikipedia,L5,2002,anp_Deva,0.8375542163848877
Wikipedia,L20,2002,anp_Deva,0.5841383934020996
Wikipedia,L1,2003,hin_Deva,0.8681600093841553
Wikipedia,L5,2003,hin_Deva,0.9541810750961304
Wikipedia,L20,2003,hin_Deva,0.910640299320221
Wikipedia,L1,2005,anp_Deva,0.6805386543273926
Wikipedia,L5,2005,hin_Deva,0.5628863573074341
Wikipedia,L20,2005,hin_Deva,0.8468229174613953
Wikipedia,L1,2006,anp_Deva,0.9999101161956787
Wikipedia,L5,2006,anp_Deva,0.9002872705459595
Wikipedia,L20,2006,anp_Deva,0.8267019987106323
Wikipedia,L1,2011,anp_Deva,0.6045367121696472
Wikipedia,L5,2011,hin_Deva,0.8358194231987
Wikipedia,L20,2011,hin_Deva,0.6714263558387756
Wikipedia,L1,2013,hin_Deva,0.9910397529602051
Wikipedia,L5,2013,hin_Deva,0.6593813896179199
Wikipedia,L20,2013,hin_Deva,0.9211683869361877
Wikipedia,L1,2014,hin_Deva,0.9965038895606995
Wikipedia,L5,2014,hin_Deva,0.9334387183189392
Wikipedia,L20,2014,hin_Deva,0.9033529758453369
Wikipedia,L1,2015,hin_Deva,0.7993356585502625
Wikipedia,L5,2015,hin_Deva,0.6090593934059143
Wikipedia,L20,2015,hin_Deva,0.7487658858299255
Wikipedia,L1,2016,hin_Deva,0.9255164265632629
Wikipedia,L5,2016,hin_Deva,0.9429319500923157
Wikipedia,L20,2016,hin_Deva,0.8073573112487793
Wikipedia,L1,2017,hin_Deva,0.9087122082710266
Wikipedia,L5,2017,anp_Deva,0.6471245288848877
Wikipedia,L20,2017,anp_Deva,0.6349815726280212
Wikipedia,L1,2018,hin_Deva,0.7726706266403198
Wikipedia,L5,2018,hin_Deva,0.6858754754066467
Wikipedia,L20,2018,hin_Deva,0.8055522441864014
Wikipedia,L1,2019,hin_Deva,0.7370243668556213
Wikipedia,L5,2019,hin_Deva,0.5675303339958191
Wikipedia,L20,2019,hin_Deva,0.8684993386268616
Wikipedia,L1,2022,anp_Deva,0.9673201441764832
Wikipedia,L5,2022,anp_Deva,0.5594103336334229
Wikipedia,L20,2022,hin_Deva,0.588044285774231
Wikipedia,L1,2023,hin_Deva,0.9641915559768677
Wikipedia,L5,2023,hin_Deva,0.757884681224823
Wikipedia,L20,2023,hin_Deva,0.6798381805419922
Wikipedia,L1,2025,hin_Deva,0.9782954454421997
Wikipedia,L5,2025,hin_Deva,0.7878859639167786
Wikipedia,L20,2025,hin_Deva,0.7688776254653931
Wikipedia,L1,2027,hin_Deva,0.9869043827056885
Wikipedia,L5,2027,hin_Deva,0.9939246773719788
Wikipedia,L20,2027,hin_Deva,0.9431100487709045
Wikipedia,L1,2029,hin_Deva,0.6993902325630188
Wikipedia,L5,2029,hin_Deva,0.9621700644493103
Wikipedia,L20,2029,hin_Deva,0.9041756987571716
Wikipedia,L1,2030,hin_Deva,0.9740879535675049
Wikipedia,L5,2030,hin_Deva,0.8453707098960876
Wikipedia,L20,2030,hin_Deva,0.8797204494476318
Wikipedia,L1,2031,anp_Deva,0.9910256862640381
Wikipedia,L5,2031,anp_Deva,0.9896865487098694
Wikipedia,L20,2031,anp_Deva,0.8734244704246521
Wikipedia,L1,2032,hin_Deva,0.7099772691726685
Wikipedia,L5,2032,hin_Deva,0.710565984249115
Wikipedia,L20,2032,hin_Deva,0.8208878636360168
Wikipedia,L1,2033,hin_Deva,0.9655693769454956
Wikipedia,L5,2033,hin_Deva,0.8444100618362427
Wikipedia,L20,2033,hin_Deva,0.5147094130516052
Wikipedia,L1,2034,anp_Deva,0.7462980151176453
Wikipedia,L5,2034,anp_Deva,0.6279846429824829
Wikipedia,L20,2034,anp_Deva,0.7386646270751953
Wikipedia,L1,2035,hin_Deva,0.9476752877235413
Wikipedia,L5,2035,hin_Deva,0.8954623341560364
Wikipedia,L20,2035,hin_Deva,0.8803604245185852
Wikipedia,L1,2038,hin_Deva,0.7806869149208069
Wikipedia,L5,2038,hin_Deva,0.9001423716545105
Wikipedia,L20,2038,hin_Deva,0.7878548502922058
Wikipedia,L1,2039,anp_Deva,0.931080162525177
Wikipedia,L5,2039,hin_Deva,0.5029247403144836
Wikipedia,L20,2039,anp_Deva,0.6036644577980042
Wikipedia,L1,2040,hin_Deva,0.9587809443473816
Wikipedia,L5,2040,hin_Deva,0.5520954728126526
Wikipedia,L20,2040,hin_Deva,0.7556766271591187
Wikipedia,L1,2042,hin_Deva,0.7672131657600403
Wikipedia,L5,2042,hin_Deva,0.9149374961853027
Wikipedia,L20,2042,hin_Deva,0.7301821112632751
Wikipedia,L1,2043,anp_Deva,0.7688269019126892
Wikipedia,L5,2043,anp_Deva,0.8477305173873901
Wikipedia,L20,2043,anp_Deva,0.6685137152671814
Wikipedia,L1,2044,hin_Deva,0.9401398301124573
Wikipedia,L5,2044,hin_Deva,0.9492699503898621
Wikipedia,L20,2044,hin_Deva,0.925422191619873
Wikipedia,L1,2046,hin_Deva,0.5216531157493591
Wikipedia,L5,2046,hin_Deva,0.927071750164032
Wikipedia,L20,2046,hin_Deva,0.8423570394515991
Wikipedia,L1,2049,anp_Deva,0.4454774856567383
Wikipedia,L5,2049,anp_Deva,0.9079189300537109
Wikipedia,L20,2049,anp_Deva,0.9345741271972656
Wikipedia,L1,2053,hin_Deva,0.529454231262207
Wikipedia,L5,2053,anp_Deva,0.5813376307487488
Wikipedia,L20,2053,anp_Deva,0.5411030054092407
Wikipedia,L1,2054,anp_Deva,0.9655909538269043
Wikipedia,L5,2054,hin_Deva,0.6757140755653381
Wikipedia,L20,2054,hin_Deva,0.6789218187332153
Wikipedia,L1,2055,hin_Deva,0.657045841217041
Wikipedia,L5,2055,hin_Deva,0.6468520760536194
Wikipedia,L20,2055,hin_Deva,0.5058878064155579
Wikipedia,L1,2056,anp_Deva,0.9676154851913452
Wikipedia,L5,2056,hin_Deva,0.7539902329444885
Wikipedia,L20,2056,hin_Deva,0.6053225994110107
Wikipedia,L1,2057,anp_Deva,0.8169697523117065
Wikipedia,L5,2057,anp_Deva,0.6418846249580383
Wikipedia,L20,2057,anp_Deva,0.5152531862258911
Wikipedia,L1,2058,anp_Deva,0.4329526126384735
Wikipedia,L5,2058,hin_Deva,0.7873707413673401
Wikipedia,L20,2058,hin_Deva,0.773820698261261
Wikipedia,L1,2059,anp_Deva,0.9957994818687439
Wikipedia,L5,2059,anp_Deva,0.9977477788925171
Wikipedia,L20,2059,anp_Deva,0.9984662532806396
Wikipedia,L1,2060,hin_Deva,0.9054746031761169
Wikipedia,L5,2060,anp_Deva,0.6641492247581482
Wikipedia,L20,2060,hin_Deva,0.5399250388145447
Wikipedia,L1,2062,hin_Deva,0.8339142799377441
Wikipedia,L5,2062,hin_Deva,0.9486624598503113
Wikipedia,L20,2062,hin_Deva,0.532967746257782
Wikipedia,L1,2064,hin_Deva,0.7315877079963684
Wikipedia,L5,2064,anp_Deva,0.9302802681922913
Wikipedia,L20,2064,anp_Deva,0.6328601241111755
Wikipedia,L1,2065,anp_Deva,0.9994515776634216
Wikipedia,L5,2065,anp_Deva,0.995525062084198
Wikipedia,L20,2065,anp_Deva,0.8274570107460022
Wikipedia,L1,2068,anp_Deva,0.8972553014755249
Wikipedia,L5,2068,hin_Deva,0.7620784640312195
Wikipedia,L20,2068,hin_Deva,0.8746339082717896
Wikipedia,L1,2070,anp_Deva,0.9921621680259705
Wikipedia,L5,2070,anp_Deva,0.7120524644851685
Wikipedia,L20,2070,anp_Deva,0.528678297996521
Wikipedia,L1,2072,anp_Deva,0.965861439704895
Wikipedia,L5,2072,anp_Deva,0.9667456746101379
Wikipedia,L20,2072,anp_Deva,0.9264342784881592
Wikipedia,L1,2073,anp_Deva,0.9837674498558044
Wikipedia,L5,2073,hin_Deva,0.7206539511680603
Wikipedia,L20,2073,hin_Deva,0.8837152123451233
Wikipedia,L1,2074,anp_Deva,0.9282934665679932
Wikipedia,L5,2074,anp_Deva,0.7660236358642578
Wikipedia,L20,2074,hin_Deva,0.5065897107124329
Wikipedia,L1,2075,anp_Deva,0.8662010431289673
Wikipedia,L5,2075,anp_Deva,0.9991469979286194
Wikipedia,L20,2075,anp_Deva,0.9911202192306519
Wikipedia,L1,2076,hin_Deva,0.9462962746620178
Wikipedia,L5,2076,hin_Deva,0.6382626295089722
Wikipedia,L20,2076,anp_Deva,0.8083932995796204
Wikipedia,L1,2078,anp_Deva,0.9729958176612854
Wikipedia,L5,2078,hin_Deva,0.9174898266792297
Wikipedia,L20,2078,hin_Deva,0.9407728314399719
Wikipedia,L1,2079,hin_Deva,0.8348952531814575
Wikipedia,L5,2079,anp_Deva,0.6178894639015198
Wikipedia,L20,2079,hin_Deva,0.5865786075592041
Wikipedia,L1,2082,hin_Deva,0.9591767191886902
Wikipedia,L5,2082,hin_Deva,0.7728289365768433
Wikipedia,L20,2082,hin_Deva,0.6016361713409424
Wikipedia,L1,2085,anp_Deva,0.9831915497779846
Wikipedia,L5,2085,anp_Deva,0.6769631505012512
Wikipedia,L20,2085,anp_Deva,0.5597711801528931
Wikipedia,L1,2086,hin_Deva,0.649664044380188
Wikipedia,L5,2086,anp_Deva,0.8323628306388855
Wikipedia,L20,2086,hin_Deva,0.7769449949264526
Wikipedia,L1,2089,hin_Deva,0.9159719944000244
Wikipedia,L5,2089,hin_Deva,0.862499475479126
Wikipedia,L20,2089,hin_Deva,0.6826063990592957
Wikipedia,L1,2090,hin_Deva,0.694526195526123
Wikipedia,L5,2090,hin_Deva,0.4932264983654022
Wikipedia,L20,2090,anp_Deva,0.7773231863975525
Wikipedia,L1,2092,hin_Deva,0.9247804880142212
Wikipedia,L5,2092,hin_Deva,0.6211867928504944
Wikipedia,L20,2092,hin_Deva,0.642496645450592
Wikipedia,L1,2093,hin_Deva,0.9906097054481506
Wikipedia,L5,2093,hin_Deva,0.8881503343582153
Wikipedia,L20,2093,hin_Deva,0.5779669284820557
Wikipedia,L1,2094,anp_Deva,0.9198059439659119
Wikipedia,L5,2094,hin_Deva,0.9552740454673767
Wikipedia,L20,2094,anp_Deva,0.6648917198181152
Wikipedia,L1,2095,anp_Deva,0.8115199208259583
Wikipedia,L5,2095,anp_Deva,0.8460856676101685
Wikipedia,L20,2095,anp_Deva,0.8276175260543823
Wikipedia,L1,2096,hin_Deva,0.9738825559616089
Wikipedia,L5,2096,hin_Deva,0.9626362323760986
Wikipedia,L20,2096,hin_Deva,0.8861066699028015
Wikipedia,L1,2099,hin_Deva,0.9766824245452881
Wikipedia,L5,2099,hin_Deva,0.8650632500648499
Wikipedia,L20,2099,hin_Deva,0.8602390885353088
Wikipedia,L1,2100,hin_Deva,0.9060167670249939
Wikipedia,L5,2100,anp_Deva,0.5682018995285034
Wikipedia,L20,2100,hin_Deva,0.754261314868927
Wikipedia,L1,2101,hin_Deva,0.9819867610931396
Wikipedia,L5,2101,hin_Deva,0.5502136945724487
Wikipedia,L20,2101,anp_Deva,0.6231786012649536
Wikipedia,L1,2102,hin_Deva,0.47861406207084656
Wikipedia,L5,2102,anp_Deva,0.5223219990730286
Wikipedia,L20,2102,hin_Deva,0.6552308201789856
Wikipedia,L1,2103,anp_Deva,0.8469504714012146
Wikipedia,L5,2103,anp_Deva,0.7913098931312561
Wikipedia,L20,2103,anp_Deva,0.7469273805618286
Wikipedia,L1,2104,anp_Deva,0.9407249093055725
Wikipedia,L5,2104,anp_Deva,0.7460611462593079
Wikipedia,L20,2104,anp_Deva,0.8413951396942139
Wikipedia,L1,2105,anp_Deva,0.7705938220024109
Wikipedia,L5,2105,anp_Deva,0.8106319308280945
Wikipedia,L20,2105,anp_Deva,0.653200626373291
Wikipedia,L1,2106,hin_Deva,0.8351670503616333
Wikipedia,L5,2106,hin_Deva,0.6379210948944092
Wikipedia,L20,2106,hin_Deva,0.6019793748855591
Wikipedia,L1,2109,hin_Deva,0.5995028018951416
Wikipedia,L5,2109,hin_Deva,0.6410767436027527
Wikipedia,L20,2109,hin_Deva,0.7811803221702576
Wikipedia,L1,2110,anp_Deva,0.915171205997467
Wikipedia,L5,2110,anp_Deva,0.8885661363601685
Wikipedia,L20,2110,hin_Deva,0.574453592300415
Wikipedia,L1,2111,anp_Deva,0.9833686947822571
Wikipedia,L5,2111,anp_Deva,0.5851210951805115
Wikipedia,L20,2111,hin_Deva,0.5070502758026123
Wikipedia,L1,2112,hin_Deva,0.9876090288162231
Wikipedia,L5,2112,hin_Deva,0.8143544793128967
Wikipedia,L20,2112,hin_Deva,0.5623862743377686
Wikipedia,L1,2113,hin_Deva,0.59181147813797
Wikipedia,L5,2113,hin_Deva,0.6887105703353882
Wikipedia,L20,2113,hin_Deva,0.8490139245986938
Wikipedia,L1,2114,anp_Deva,0.9503134489059448
Wikipedia,L5,2114,anp_Deva,0.9227809309959412
Wikipedia,L20,2114,anp_Deva,0.7113819122314453
Wikipedia,L1,2115,anp_Deva,0.9849397540092468
Wikipedia,L5,2115,anp_Deva,0.5520668625831604
Wikipedia,L20,2115,hin_Deva,0.49703165888786316
Wikipedia,L1,2117,hin_Deva,0.8274199366569519
Wikipedia,L5,2117,anp_Deva,0.9055780172348022
Wikipedia,L20,2117,hin_Deva,0.5877940654754639
Wikipedia,L1,2119,hin_Deva,0.6959067583084106
Wikipedia,L5,2119,hin_Deva,0.7420604228973389
Wikipedia,L20,2119,hin_Deva,0.6569852232933044
Wikipedia,L1,2120,anp_Deva,0.9732007384300232
Wikipedia,L5,2120,hin_Deva,0.6573737263679504
Wikipedia,L20,2120,hin_Deva,0.6454105973243713
Wikipedia,L1,2121,hin_Deva,0.9178978204727173
Wikipedia,L5,2121,hin_Deva,0.8695963621139526
Wikipedia,L20,2121,hin_Deva,0.7888433933258057
Wikipedia,L1,2123,hin_Deva,0.843400239944458
Wikipedia,L5,2123,hin_Deva,0.8751998543739319
Wikipedia,L20,2123,hin_Deva,0.8073356747627258
Wikipedia,L1,2125,hin_Deva,0.5568295121192932
Wikipedia,L5,2125,hin_Deva,0.6805902719497681
Wikipedia,L20,2125,anp_Deva,0.7805877327919006
Wikipedia,L1,2128,hin_Deva,0.7487519383430481
Wikipedia,L5,2128,anp_Deva,0.8562862873077393
Wikipedia,L20,2128,hin_Deva,0.6892523169517517
Wikipedia,L1,2129,anp_Deva,0.6237945556640625
Wikipedia,L5,2129,anp_Deva,0.8314647078514099
Wikipedia,L20,2129,anp_Deva,0.6939879059791565
Wikipedia,L1,2131,hin_Deva,0.9262143969535828
Wikipedia,L5,2131,hin_Deva,0.787748396396637
Wikipedia,L20,2131,hin_Deva,0.6353139877319336
Wikipedia,L1,2132,hin_Deva,0.654252827167511
Wikipedia,L5,2132,anp_Deva,0.7902424335479736
Wikipedia,L20,2132,anp_Deva,0.7068445682525635
Wikipedia,L1,2133,hin_Deva,0.8897852897644043
Wikipedia,L5,2133,hin_Deva,0.8725491762161255
Wikipedia,L20,2133,hin_Deva,0.7195948958396912
Wikipedia,L1,2134,anp_Deva,0.9891970753669739
Wikipedia,L5,2134,hin_Deva,0.5055259466171265
Wikipedia,L20,2134,hin_Deva,0.6512498259544373
Wikipedia,L1,2136,hin_Deva,0.8349034190177917
Wikipedia,L5,2136,hin_Deva,0.7018074989318848
Wikipedia,L20,2136,anp_Deva,0.5746030807495117
Wikipedia,L1,2142,anp_Deva,0.6946388483047485
Wikipedia,L5,2142,hin_Deva,0.5198595523834229
Wikipedia,L20,2142,anp_Deva,0.6866341829299927
Wikipedia,L1,2143,anp_Deva,0.7516658306121826
Wikipedia,L5,2143,hin_Deva,0.8878239989280701
Wikipedia,L20,2143,hin_Deva,0.8919203877449036
Wikipedia,L1,2145,hin_Deva,0.5399683713912964
Wikipedia,L5,2145,hin_Deva,0.7606812119483948
Wikipedia,L20,2145,hin_Deva,0.6600710153579712
Wikipedia,L1,2146,hin_Deva,0.926204264163971
Wikipedia,L5,2146,hin_Deva,0.8942627906799316
Wikipedia,L20,2146,hin_Deva,0.5846389532089233
Wikipedia,L1,2147,anp_Deva,0.8784556984901428
Wikipedia,L5,2147,anp_Deva,0.9398976564407349
Wikipedia,L20,2147,anp_Deva,0.6283422708511353
Wikipedia,L1,2153,hin_Deva,0.7244210243225098
Wikipedia,L5,2153,hin_Deva,0.7520871758460999
Wikipedia,L20,2153,hin_Deva,0.9565106630325317
Wikipedia,L1,2154,hin_Deva,0.5780653357505798
Wikipedia,L5,2154,hin_Deva,0.5713886618614197
Wikipedia,L20,2154,hin_Deva,0.5884546041488647
Wikipedia,L1,2155,anp_Deva,0.8583962917327881
Wikipedia,L5,2155,hin_Deva,0.8152173161506653
Wikipedia,L20,2155,hin_Deva,0.9543624520301819
Wikipedia,L1,2158,hin_Deva,0.8386178016662598
Wikipedia,L5,2158,hin_Deva,0.924920380115509
Wikipedia,L20,2158,hin_Deva,0.9295215010643005
Wikipedia,L1,2159,anp_Deva,0.8324292302131653
Wikipedia,L5,2159,anp_Deva,0.634221076965332
Wikipedia,L20,2159,hin_Deva,0.5708836317062378
Wikipedia,L1,2160,hin_Deva,0.9687945246696472
Wikipedia,L5,2160,hin_Deva,0.9273782968521118
Wikipedia,L20,2160,hin_Deva,0.8369731903076172
Wikipedia,L1,2161,anp_Deva,0.7224439382553101
Wikipedia,L5,2161,anp_Deva,0.856049120426178
Wikipedia,L20,2161,hin_Deva,0.5954251289367676
Wikipedia,L1,2162,hin_Deva,0.6958314180374146
Wikipedia,L5,2162,hin_Deva,0.9332589507102966
Wikipedia,L20,2162,hin_Deva,0.7940924167633057
Wikipedia,L1,2164,anp_Deva,0.7002588510513306
Wikipedia,L5,2164,hin_Deva,0.7395442724227905
Wikipedia,L20,2164,hin_Deva,0.8369885087013245
Wikipedia,L1,2165,hin_Deva,0.8057718276977539
Wikipedia,L5,2165,hin_Deva,0.847710132598877
Wikipedia,L20,2165,hin_Deva,0.8481825590133667
Wikipedia,L1,2166,anp_Deva,0.5966370105743408
Wikipedia,L5,2166,hin_Deva,0.8049846887588501
Wikipedia,L20,2166,hin_Deva,0.8269962668418884
Wikipedia,L1,2167,hin_Deva,0.8202775716781616
Wikipedia,L5,2167,hin_Deva,0.937441349029541
Wikipedia,L20,2167,hin_Deva,0.717623770236969
Wikipedia,L1,2169,hin_Deva,0.9216315150260925
Wikipedia,L5,2169,anp_Deva,0.6517944931983948
Wikipedia,L20,2169,hin_Deva,0.8156242370605469
Wikipedia,L1,2170,anp_Deva,0.9766244292259216
Wikipedia,L5,2170,hin_Deva,0.506592869758606
Wikipedia,L20,2170,hin_Deva,0.6548469662666321
Wikipedia,L1,2171,hin_Deva,0.7800039052963257
Wikipedia,L5,2171,hin_Deva,0.7275721430778503
Wikipedia,L20,2171,hin_Deva,0.7655068039894104
Wikipedia,L1,2175,hin_Deva,0.6681507229804993
Wikipedia,L5,2175,hin_Deva,0.7794966101646423
Wikipedia,L20,2175,anp_Deva,0.5506909489631653
Wikipedia,L1,2179,anp_Deva,0.9921392202377319
Wikipedia,L5,2179,anp_Deva,0.9624069929122925
Wikipedia,L20,2179,anp_Deva,0.6477302312850952
Wikipedia,L1,2180,anp_Deva,0.9906749725341797
Wikipedia,L5,2180,anp_Deva,0.717717707157135
Wikipedia,L20,2180,anp_Deva,0.7592710852622986
Wikipedia,L1,2182,hin_Deva,0.5426757335662842
Wikipedia,L5,2182,hin_Deva,0.6870014071464539
Wikipedia,L20,2182,hin_Deva,0.756442666053772
Wikipedia,L1,2184,anp_Deva,0.9968979954719543
Wikipedia,L5,2184,hin_Deva,0.7677776217460632
Wikipedia,L20,2184,anp_Deva,0.8050611615180969
Wikipedia,L1,2185,hin_Deva,0.7658569812774658
Wikipedia,L5,2185,hin_Deva,0.6290228366851807
Wikipedia,L20,2185,hin_Deva,0.5564529895782471
Wikipedia,L1,2187,hin_Deva,0.7873483300209045
Wikipedia,L5,2187,anp_Deva,0.7844669222831726
Wikipedia,L20,2187,anp_Deva,0.6116772890090942
Wikipedia,L1,2189,hin_Deva,0.9462084174156189
Wikipedia,L5,2189,hin_Deva,0.7436395883560181
Wikipedia,L20,2189,anp_Deva,0.5191407799720764
Wikipedia,L1,2191,hin_Deva,0.9833969473838806
Wikipedia,L5,2191,hin_Deva,0.5800358653068542
Wikipedia,L20,2191,anp_Deva,0.5012344717979431
Wikipedia,L1,2192,anp_Deva,0.7218316197395325
Wikipedia,L5,2192,hin_Deva,0.5376240015029907
Wikipedia,L20,2192,hin_Deva,0.5764521956443787
Wikipedia,L1,2194,awa_Deva,0.9888178706169128
Wikipedia,L5,2194,hin_Deva,0.9553824067115784
Wikipedia,L20,2194,hin_Deva,0.9001749157905579
Wikipedia,L1,2195,anp_Deva,0.7389330863952637
Wikipedia,L5,2195,hin_Deva,0.7261369228363037
Wikipedia,L20,2195,hin_Deva,0.8668048977851868
Wikipedia,L1,2196,hin_Deva,0.9274585843086243
Wikipedia,L5,2196,hin_Deva,0.9333050847053528
Wikipedia,L20,2196,hin_Deva,0.7986232042312622
Wikipedia,L1,2199,anp_Deva,0.855986475944519
Wikipedia,L5,2199,anp_Deva,0.5228424072265625
Wikipedia,L20,2199,hin_Deva,0.6381199955940247
Wikipedia,L1,2201,hin_Deva,0.9983606338500977
Wikipedia,L5,2201,hin_Deva,0.9779729247093201
Wikipedia,L20,2201,hin_Deva,0.9305967092514038
Wikipedia,L1,2202,anp_Deva,0.6811013221740723
Wikipedia,L5,2202,anp_Deva,0.9534291625022888
Wikipedia,L20,2202,anp_Deva,0.5077853202819824
Wikipedia,L1,2203,hin_Deva,0.7699996829032898
Wikipedia,L5,2203,hin_Deva,0.7278960347175598
Wikipedia,L20,2203,hin_Deva,0.530555009841919
Wikipedia,L1,2205,hin_Deva,0.9085245132446289
Wikipedia,L5,2205,hin_Deva,0.6385672092437744
Wikipedia,L20,2205,hin_Deva,0.5629076957702637
Wikipedia,L1,2206,anp_Deva,0.6621412634849548
Wikipedia,L5,2206,hin_Deva,0.7796968221664429
Wikipedia,L20,2206,hin_Deva,0.6227057576179504
Wikipedia,L1,2207,anp_Deva,0.896359920501709
Wikipedia,L5,2207,hin_Deva,0.936684250831604
Wikipedia,L20,2207,hin_Deva,0.7182419300079346
Wikipedia,L1,2208,anp_Deva,0.5714126825332642
Wikipedia,L5,2208,anp_Deva,0.5071445107460022
Wikipedia,L20,2208,hin_Deva,0.6272712349891663
Wikipedia,L1,2210,hin_Deva,0.9336592555046082
Wikipedia,L5,2210,anp_Deva,0.845995306968689
Wikipedia,L20,2210,anp_Deva,0.9520649313926697
Wikipedia,L1,2212,anp_Deva,0.7394264936447144
Wikipedia,L5,2212,anp_Deva,0.7677340507507324
Wikipedia,L20,2212,anp_Deva,0.701196014881134
Wikipedia,L1,2213,hin_Deva,0.7431865334510803
Wikipedia,L5,2213,anp_Deva,0.5874614119529724
Wikipedia,L20,2213,hin_Deva,0.6153059601783752
Wikipedia,L1,2214,anp_Deva,0.9981536865234375
Wikipedia,L5,2214,anp_Deva,0.8405960202217102
Wikipedia,L20,2214,anp_Deva,0.7787604928016663
Wikipedia,L1,2216,anp_Deva,0.7991207838058472
Wikipedia,L5,2216,anp_Deva,0.9023669362068176
Wikipedia,L20,2216,anp_Deva,0.5886670351028442
Wikipedia,L1,2219,hin_Deva,0.7987977266311646
Wikipedia,L5,2219,hin_Deva,0.7513965964317322
Wikipedia,L20,2219,hin_Deva,0.9353510737419128
Wikipedia,L1,2220,hin_Deva,0.7164919972419739
Wikipedia,L5,2220,hin_Deva,0.5793699622154236
Wikipedia,L20,2220,hin_Deva,0.4975799024105072
Wikipedia,L1,2221,anp_Deva,0.7372758984565735
Wikipedia,L5,2221,anp_Deva,0.9523043036460876
Wikipedia,L20,2221,anp_Deva,0.9504415988922119
Wikipedia,L1,2222,hin_Deva,0.5995879173278809
Wikipedia,L5,2222,anp_Deva,0.8567700982093811
Wikipedia,L20,2222,anp_Deva,0.8801875114440918
Wikipedia,L1,2227,anp_Deva,0.9848902225494385
Wikipedia,L5,2227,hin_Deva,0.8276398181915283
Wikipedia,L20,2227,hin_Deva,0.764751136302948
Wikipedia,L1,2230,hin_Deva,0.89757239818573
Wikipedia,L5,2230,hin_Deva,0.7945407032966614
Wikipedia,L20,2230,hin_Deva,0.6771588921546936
Wikipedia,L1,2234,anp_Deva,0.8633286952972412
Wikipedia,L5,2234,anp_Deva,0.9696692228317261
Wikipedia,L20,2234,anp_Deva,0.6816116571426392
Wikipedia,L1,2235,hin_Deva,0.9369020462036133
Wikipedia,L5,2235,hin_Deva,0.8732051849365234
Wikipedia,L20,2235,anp_Deva,0.6268797516822815
Wikipedia,L1,2238,hin_Deva,0.5830957889556885
Wikipedia,L5,2238,hin_Deva,0.7068361639976501
Wikipedia,L20,2238,hin_Deva,0.51632159948349
Wikipedia,L1,2239,anp_Deva,0.5867985486984253
Wikipedia,L5,2239,anp_Deva,0.9852269291877747
Wikipedia,L20,2239,anp_Deva,0.8780420422554016
Wikipedia,L1,2240,hin_Deva,0.811329185962677
Wikipedia,L5,2240,hin_Deva,0.6887140870094299
Wikipedia,L20,2240,anp_Deva,0.7627918124198914
Wikipedia,L1,2241,hin_Deva,0.7158108949661255
Wikipedia,L5,2241,anp_Deva,0.7979671359062195
Wikipedia,L20,2241,anp_Deva,0.6223349571228027
Wikipedia,L1,2242,anp_Deva,0.9990363121032715
Wikipedia,L5,2242,anp_Deva,0.6009149551391602
Wikipedia,L20,2242,anp_Deva,0.8720373511314392
Wikipedia,L1,2243,hin_Deva,0.8723397254943848
Wikipedia,L5,2243,anp_Deva,0.6662186980247498
Wikipedia,L20,2243,hin_Deva,0.6168203949928284
Wikipedia,L1,2245,anp_Deva,0.6166225671768188
Wikipedia,L5,2245,anp_Deva,0.5119296908378601
Wikipedia,L20,2245,anp_Deva,0.9280120134353638
Wikipedia,L1,2246,anp_Deva,0.9730799198150635
Wikipedia,L5,2246,anp_Deva,0.6317217946052551
Wikipedia,L20,2246,anp_Deva,0.8079583048820496
Wikipedia,L1,2250,hin_Deva,0.9479172229766846
Wikipedia,L5,2250,hin_Deva,0.9166602492332458
Wikipedia,L20,2250,hin_Deva,0.7506860494613647
Wikipedia,L1,2252,hin_Deva,0.9760629534721375
Wikipedia,L5,2252,hin_Deva,0.770603358745575
Wikipedia,L20,2252,hin_Deva,0.5380122065544128
Wikipedia,L1,2254,anp_Deva,0.9938202500343323
Wikipedia,L5,2254,hin_Deva,0.9341893196105957
Wikipedia,L20,2254,hin_Deva,0.8838662505149841
Wikipedia,L1,2255,anp_Deva,0.8719283938407898
Wikipedia,L5,2255,anp_Deva,0.9312245845794678
Wikipedia,L20,2255,anp_Deva,0.9322496056556702
Wikipedia,L1,2256,anp_Deva,0.9951860904693604
Wikipedia,L5,2256,anp_Deva,0.9593584537506104
Wikipedia,L20,2256,anp_Deva,0.7478089332580566
Wikipedia,L1,2257,anp_Deva,0.8867548704147339
Wikipedia,L5,2257,anp_Deva,0.7021690607070923
Wikipedia,L20,2257,hin_Deva,0.6746227145195007
Wikipedia,L1,2258,hin_Deva,0.6583753228187561
Wikipedia,L5,2258,anp_Deva,0.8872100710868835
Wikipedia,L20,2258,anp_Deva,0.8796187043190002
Wikipedia,L1,2261,hin_Deva,0.8353517651557922
Wikipedia,L5,2261,anp_Deva,0.6339420676231384
Wikipedia,L20,2261,hin_Deva,0.6549900770187378
Wikipedia,L1,2262,hin_Deva,0.9837457537651062
Wikipedia,L5,2262,hin_Deva,0.9476208090782166
Wikipedia,L20,2262,hin_Deva,0.7758435010910034
Wikipedia,L1,2266,anp_Deva,0.7493569254875183
Wikipedia,L5,2266,anp_Deva,0.5790740251541138
Wikipedia,L20,2266,hin_Deva,0.5634734630584717
Wikipedia,L1,2267,hin_Deva,0.7990462779998779
Wikipedia,L5,2267,anp_Deva,0.5575374364852905
Wikipedia,L20,2267,hin_Deva,0.6516612768173218
Wikipedia,L1,2268,hin_Deva,0.9763233065605164
Wikipedia,L5,2268,hin_Deva,0.9676742553710938
Wikipedia,L20,2268,hin_Deva,0.8182410001754761
Wikipedia,L1,2269,hin_Deva,0.7956829071044922
Wikipedia,L5,2269,hin_Deva,0.7609957456588745
Wikipedia,L20,2269,hin_Deva,0.587374210357666
Wikipedia,L1,2272,hin_Deva,0.9847472310066223
Wikipedia,L5,2272,hin_Deva,0.9612197279930115
Wikipedia,L20,2272,hin_Deva,0.7875400185585022
Wikipedia,L1,2273,anp_Deva,0.754463791847229
Wikipedia,L5,2273,hin_Deva,0.7225925922393799
Wikipedia,L20,2273,hin_Deva,0.8125523924827576
Wikipedia,L1,2275,anp_Deva,0.995371401309967
Wikipedia,L5,2275,hin_Deva,0.7427353858947754
Wikipedia,L20,2275,hin_Deva,0.8753419518470764
Wikipedia,L1,2276,hin_Deva,0.7553973197937012
Wikipedia,L5,2276,anp_Deva,0.9622579216957092
Wikipedia,L20,2276,anp_Deva,0.6456723809242249
Wikipedia,L1,2278,hin_Deva,0.5741785168647766
Wikipedia,L5,2278,anp_Deva,0.5646592974662781
Wikipedia,L20,2278,hin_Deva,0.6774109601974487
Wikipedia,L1,2279,anp_Deva,0.9936327338218689
Wikipedia,L5,2279,anp_Deva,0.9714252948760986
Wikipedia,L20,2279,anp_Deva,0.9284385442733765
Wikipedia,L1,2280,anp_Deva,0.7491428256034851
Wikipedia,L5,2280,hin_Deva,0.6060754060745239
Wikipedia,L20,2280,hin_Deva,0.8717501759529114
Wikipedia,L1,2281,anp_Deva,0.999972939491272
Wikipedia,L5,2281,anp_Deva,0.9746332764625549
Wikipedia,L20,2281,hin_Deva,0.5699489712715149
Wikipedia,L1,2282,hin_Deva,0.6448421478271484
Wikipedia,L5,2282,hin_Deva,0.9515440464019775
Wikipedia,L20,2282,hin_Deva,0.8014127612113953
Wikipedia,L1,2285,hin_Deva,0.9494980573654175
Wikipedia,L5,2285,hin_Deva,0.538923442363739
Wikipedia,L20,2285,anp_Deva,0.5899181365966797
Wikipedia,L1,2286,hin_Deva,0.7726423740386963
Wikipedia,L5,2286,hin_Deva,0.806021511554718
Wikipedia,L20,2286,hin_Deva,0.8186269998550415
Wikipedia,L1,2288,anp_Deva,0.9918153285980225
Wikipedia,L5,2288,hin_Deva,0.9894606471061707
Wikipedia,L20,2288,hin_Deva,0.9383910894393921
Wikipedia,L1,2290,hin_Deva,0.9888958930969238
Wikipedia,L5,2290,hin_Deva,0.8539143800735474
Wikipedia,L20,2290,hin_Deva,0.7114330530166626
Wikipedia,L1,2296,hin_Deva,0.9724100232124329
Wikipedia,L5,2296,hin_Deva,0.9836452007293701
Wikipedia,L20,2296,hin_Deva,0.9842931032180786
Wikipedia,L1,2297,hin_Deva,0.9871598482131958
Wikipedia,L5,2297,hin_Deva,0.9136262536048889
Wikipedia,L20,2297,hin_Deva,0.6093923449516296
Wikipedia,L1,2298,hin_Deva,0.9471486210823059
Wikipedia,L5,2298,hin_Deva,0.7487866878509521
Wikipedia,L20,2298,hin_Deva,0.8968334794044495
Wikipedia,L1,2299,hin_Deva,0.9824093580245972
Wikipedia,L5,2299,hin_Deva,0.8760103583335876
Wikipedia,L20,2299,hin_Deva,0.6164542436599731
Wikipedia,L1,2300,hin_Deva,0.9889417886734009
Wikipedia,L5,2300,hin_Deva,0.7577354907989502
Wikipedia,L20,2300,hin_Deva,0.7990086674690247
Wikipedia,L1,2303,anp_Deva,0.9985138177871704
Wikipedia,L5,2303,anp_Deva,0.9659085869789124
Wikipedia,L20,2303,anp_Deva,0.8490438461303711
Wikipedia,L1,2305,hin_Deva,0.9419494271278381
Wikipedia,L5,2305,hin_Deva,0.9392639994621277
Wikipedia,L20,2305,hin_Deva,0.8986839652061462
Wikipedia,L1,2306,hin_Deva,0.5925805568695068
Wikipedia,L5,2306,hin_Deva,0.6900109052658081
Wikipedia,L20,2306,hin_Deva,0.7213956117630005
Wikipedia,L1,2309,anp_Deva,0.9801066517829895
Wikipedia,L5,2309,anp_Deva,0.6287071108818054
Wikipedia,L20,2309,hin_Deva,0.6112048625946045
Wikipedia,L1,2311,anp_Deva,0.9999904632568359
Wikipedia,L5,2311,hin_Deva,0.5811769366264343
Wikipedia,L20,2311,hin_Deva,0.7520054578781128
Wikipedia,L1,2313,hin_Deva,0.7500287890434265
Wikipedia,L5,2313,hin_Deva,0.947252631187439
Wikipedia,L20,2313,hin_Deva,0.9488821029663086
Wikipedia,L1,2315,hin_Deva,0.6408916115760803
Wikipedia,L5,2315,hin_Deva,0.622986912727356
Wikipedia,L20,2315,hin_Deva,0.6794766783714294
Wikipedia,L1,2316,hin_Deva,0.8790116310119629
Wikipedia,L5,2316,hin_Deva,0.925941526889801
Wikipedia,L20,2316,hin_Deva,0.965097963809967
Wikipedia,L1,2317,hin_Deva,0.9354712963104248
Wikipedia,L5,2317,anp_Deva,0.5516658425331116
Wikipedia,L20,2317,anp_Deva,0.5324312448501587
Wikipedia,L1,2318,hin_Deva,0.9339998364448547
Wikipedia,L5,2318,hin_Deva,0.8734973073005676
Wikipedia,L20,2318,hin_Deva,0.800356388092041
Wikipedia,L1,2320,anp_Deva,0.9984744787216187
Wikipedia,L5,2320,anp_Deva,0.9476807713508606
Wikipedia,L20,2320,anp_Deva,0.8259169459342957
Wikipedia,L1,2321,hin_Deva,0.9657490253448486
Wikipedia,L5,2321,hin_Deva,0.9694830775260925
Wikipedia,L20,2321,hin_Deva,0.9181854724884033
Wikipedia,L1,2325,anp_Deva,0.8322587013244629
Wikipedia,L5,2325,anp_Deva,0.8677135109901428
Wikipedia,L20,2325,anp_Deva,0.7339888215065002
Wikipedia,L1,2327,anp_Deva,0.9835171699523926
Wikipedia,L5,2327,hin_Deva,0.6620308756828308
Wikipedia,L20,2327,hin_Deva,0.8800633549690247
Wikipedia,L1,2328,hin_Deva,0.8418376445770264
Wikipedia,L5,2328,anp_Deva,0.6402686834335327
Wikipedia,L20,2328,hin_Deva,0.5574401021003723
Wikipedia,L1,2330,anp_Deva,0.9110643863677979
Wikipedia,L5,2330,anp_Deva,0.6822327971458435
Wikipedia,L20,2330,anp_Deva,0.7200973033905029
Wikipedia,L1,2333,anp_Deva,0.9650229811668396
Wikipedia,L5,2333,anp_Deva,0.6103352904319763
Wikipedia,L20,2333,anp_Deva,0.7194150686264038
Wikipedia,L1,2334,hin_Deva,0.7798509001731873
Wikipedia,L5,2334,hin_Deva,0.7209808826446533
Wikipedia,L20,2334,anp_Deva,0.7335845828056335
Wikipedia,L1,2335,anp_Deva,0.9794436097145081
Wikipedia,L5,2335,anp_Deva,0.8209484815597534
Wikipedia,L20,2335,anp_Deva,0.7147474884986877
Wikipedia,L1,2336,anp_Deva,0.7241619825363159
Wikipedia,L5,2336,anp_Deva,0.8200979232788086
Wikipedia,L20,2336,anp_Deva,0.6140829920768738
Wikipedia,L1,2337,anp_Deva,0.6076144576072693
Wikipedia,L5,2337,anp_Deva,0.9563425779342651
Wikipedia,L20,2337,anp_Deva,0.6334803104400635
Wikipedia,L1,2339,anp_Deva,0.9754095673561096
Wikipedia,L5,2339,anp_Deva,0.9305879473686218
Wikipedia,L20,2339,anp_Deva,0.6127547025680542
Wikipedia,L1,2340,anp_Deva,0.8682555556297302
Wikipedia,L5,2340,hin_Deva,0.7826941013336182
Wikipedia,L20,2340,hin_Deva,0.7598299384117126
Wikipedia,L1,2341,anp_Deva,0.7181864976882935
Wikipedia,L5,2341,anp_Deva,0.9914104342460632
Wikipedia,L20,2341,anp_Deva,0.991578996181488
Wikipedia,L1,2342,hin_Deva,0.9151381254196167
Wikipedia,L5,2342,hin_Deva,0.7132163047790527
Wikipedia,L20,2342,hin_Deva,0.6477147340774536
Wikipedia,L1,2343,hin_Deva,0.9483815431594849
Wikipedia,L5,2343,hin_Deva,0.5579231381416321
Wikipedia,L20,2343,anp_Deva,0.8140156269073486
Wikipedia,L1,2344,hin_Deva,0.9877553582191467
Wikipedia,L5,2344,anp_Deva,0.9595448970794678
Wikipedia,L20,2344,anp_Deva,0.7767722606658936
Wikipedia,L1,2346,hin_Deva,0.8615946769714355
Wikipedia,L5,2346,hin_Deva,0.9072028398513794
Wikipedia,L20,2346,hin_Deva,0.9375978708267212
Wikipedia,L1,2350,hin_Deva,0.9940637946128845
Wikipedia,L5,2350,hin_Deva,0.9143059849739075
Wikipedia,L20,2350,hin_Deva,0.5224469900131226
Wikipedia,L1,2353,anp_Deva,0.8680615425109863
Wikipedia,L5,2353,hin_Deva,0.6574916243553162
Wikipedia,L20,2353,anp_Deva,0.6940469741821289
Wikipedia,L1,2356,hin_Deva,0.8505042195320129
Wikipedia,L5,2356,hin_Deva,0.5792340040206909
Wikipedia,L20,2356,anp_Deva,0.5388699173927307
Wikipedia,L1,2357,anp_Deva,0.9992406368255615
Wikipedia,L5,2357,anp_Deva,0.5769230127334595
Wikipedia,L20,2357,anp_Deva,0.7168852090835571
Wikipedia,L1,2358,anp_Deva,0.9691945314407349
Wikipedia,L5,2358,hin_Deva,0.7304209470748901
Wikipedia,L20,2358,hin_Deva,0.7041751146316528
Wikipedia,L1,2359,hin_Deva,0.8807488083839417
Wikipedia,L5,2359,hin_Deva,0.9823029637336731
Wikipedia,L20,2359,hin_Deva,0.902693510055542
Wikipedia,L1,2361,hin_Deva,0.9470735788345337
Wikipedia,L5,2361,hin_Deva,0.6854265928268433
Wikipedia,L20,2361,hin_Deva,0.5125054717063904
Wikipedia,L1,2363,anp_Deva,0.8105711340904236
Wikipedia,L5,2363,hin_Deva,0.8306136727333069
Wikipedia,L20,2363,hin_Deva,0.5610010623931885
Wikipedia,L1,2364,awa_Deva,0.5157226920127869
Wikipedia,L5,2364,anp_Deva,0.49443069100379944
Wikipedia,L20,2364,hin_Deva,0.5153875350952148
Wikipedia,L1,2367,anp_Deva,0.9887170791625977
Wikipedia,L5,2367,anp_Deva,0.9400599598884583
Wikipedia,L20,2367,hin_Deva,0.6865538358688354
Wikipedia,L1,2368,hin_Deva,0.959926426410675
Wikipedia,L5,2368,anp_Deva,0.8138009905815125
Wikipedia,L20,2368,anp_Deva,0.5946572422981262
Wikipedia,L1,2370,hin_Deva,0.9074885249137878
Wikipedia,L5,2370,hin_Deva,0.5756344795227051
Wikipedia,L20,2370,anp_Deva,0.7745758295059204
Wikipedia,L1,2372,hin_Deva,0.8152967691421509
Wikipedia,L5,2372,anp_Deva,0.8864691257476807
Wikipedia,L20,2372,anp_Deva,0.5182065963745117
Wikipedia,L1,2375,hin_Deva,0.9504770040512085
Wikipedia,L5,2375,anp_Deva,0.5431269407272339
Wikipedia,L20,2375,anp_Deva,0.6649462580680847
Wikipedia,L1,2377,hin_Deva,0.7840730547904968
Wikipedia,L5,2377,anp_Deva,0.9314621686935425
Wikipedia,L20,2377,anp_Deva,0.7555975914001465
Wikipedia,L1,2378,hin_Deva,0.9913899302482605
Wikipedia,L5,2378,hin_Deva,0.9717491269111633
Wikipedia,L20,2378,hin_Deva,0.8525352478027344
Wikipedia,L1,2379,anp_Deva,0.5471971035003662
Wikipedia,L5,2379,anp_Deva,0.6838017702102661
Wikipedia,L20,2379,hin_Deva,0.8099708557128906
Wikipedia,L1,2380,anp_Deva,0.9089550971984863
Wikipedia,L5,2380,anp_Deva,0.8663415908813477
Wikipedia,L20,2380,anp_Deva,0.7094615697860718
Wikipedia,L1,2382,anp_Deva,0.5147148370742798
Wikipedia,L5,2382,hin_Deva,0.7448738813400269
Wikipedia,L20,2382,anp_Deva,0.7843759059906006
Wikipedia,L1,2383,anp_Deva,0.9525834321975708
Wikipedia,L5,2383,hin_Deva,0.7523776292800903
Wikipedia,L20,2383,hin_Deva,0.5830833315849304
Wikipedia,L1,2385,anp_Deva,0.8927562832832336
Wikipedia,L5,2385,hin_Deva,0.6924927830696106
Wikipedia,L20,2385,hin_Deva,0.856311023235321
Wikipedia,L1,2387,hin_Deva,0.7769601345062256
Wikipedia,L5,2387,hin_Deva,0.8990749716758728
Wikipedia,L20,2387,hin_Deva,0.593460202217102
Wikipedia,L1,2389,hin_Deva,0.9289258718490601
Wikipedia,L5,2389,anp_Deva,0.5987349152565002
Wikipedia,L20,2389,hin_Deva,0.8788987398147583
Wikipedia,L1,2390,hin_Deva,0.8462343811988831
Wikipedia,L5,2390,hin_Deva,0.851205587387085
Wikipedia,L20,2390,hin_Deva,0.6321030259132385
Wikipedia,L1,2391,anp_Deva,0.9964500069618225
Wikipedia,L5,2391,anp_Deva,0.9961954951286316
Wikipedia,L20,2391,anp_Deva,0.8258617520332336
Wikipedia,L1,2392,anp_Deva,0.7036505341529846
Wikipedia,L5,2392,anp_Deva,0.9870061874389648
Wikipedia,L20,2392,anp_Deva,0.7885406613349915
Wikipedia,L1,2393,anp_Deva,0.7185487747192383
Wikipedia,L5,2393,anp_Deva,0.9565911293029785
Wikipedia,L20,2393,anp_Deva,0.7057374715805054
Wikipedia,L1,2395,hin_Deva,0.9269106984138489
Wikipedia,L5,2395,hin_Deva,0.6972668766975403
Wikipedia,L20,2395,hin_Deva,0.8915096521377563
Wikipedia,L1,2398,anp_Deva,0.8160751461982727
Wikipedia,L5,2398,hin_Deva,0.6835812926292419
Wikipedia,L20,2398,hin_Deva,0.6267343759536743
Wikipedia,L1,2406,anp_Deva,0.9999474287033081
Wikipedia,L5,2406,anp_Deva,0.7868112921714783
Wikipedia,L20,2406,anp_Deva,0.706833004951477
Wikipedia,L1,2414,anp_Deva,0.9983096718788147
Wikipedia,L5,2414,anp_Deva,0.8445009589195251
Wikipedia,L20,2414,anp_Deva,0.8008621335029602
Wikipedia,L1,2416,hin_Deva,0.8853545784950256
Wikipedia,L5,2416,anp_Deva,0.825426459312439
Wikipedia,L20,2416,hin_Deva,0.6154156923294067
Wikipedia,L1,2418,hin_Deva,0.9649263024330139
Wikipedia,L5,2418,hin_Deva,0.7220683693885803
Wikipedia,L20,2418,hin_Deva,0.6020258069038391
Wikipedia,L1,2419,anp_Deva,0.5174778699874878
Wikipedia,L5,2419,hin_Deva,0.6444724798202515
Wikipedia,L20,2419,anp_Deva,0.6305749416351318
Wikipedia,L1,2421,hin_Deva,0.9786097407341003
Wikipedia,L5,2421,hin_Deva,0.7079747319221497
Wikipedia,L20,2421,anp_Deva,0.4994405210018158
Wikipedia,L1,2424,hin_Deva,0.7479858994483948
Wikipedia,L5,2424,anp_Deva,0.965476930141449
Wikipedia,L20,2424,anp_Deva,0.8927857279777527
Wikipedia,L1,2425,hin_Deva,0.9884315729141235
Wikipedia,L5,2425,hin_Deva,0.7805448770523071
Wikipedia,L20,2425,hin_Deva,0.7849600315093994
Wikipedia,L1,2426,anp_Deva,0.6153813004493713
Wikipedia,L5,2426,hin_Deva,0.6566470265388489
Wikipedia,L20,2426,hin_Deva,0.6451876759529114
Wikipedia,L1,2430,hin_Deva,0.9221655130386353
Wikipedia,L5,2430,hin_Deva,0.7661054730415344
Wikipedia,L20,2430,hin_Deva,0.8556852340698242
Wikipedia,L1,2431,anp_Deva,0.5931373238563538
Wikipedia,L5,2431,hin_Deva,0.7934960126876831
Wikipedia,L20,2431,hin_Deva,0.5119232535362244
Wikipedia,L1,2433,hin_Deva,0.792599618434906
Wikipedia,L5,2433,anp_Deva,0.6292123198509216
Wikipedia,L20,2433,hin_Deva,0.5483123064041138
Wikipedia,L1,2436,anp_Deva,0.6573123931884766
Wikipedia,L5,2436,hin_Deva,0.9632522463798523
Wikipedia,L20,2436,hin_Deva,0.9497258067131042
Wikipedia,L1,2438,anp_Deva,0.9469446539878845
Wikipedia,L5,2438,anp_Deva,0.6725114583969116
Wikipedia,L20,2438,hin_Deva,0.9205535054206848
Wikipedia,L1,2439,anp_Deva,0.5398518443107605
Wikipedia,L5,2439,hin_Deva,0.6646952629089355
Wikipedia,L20,2439,hin_Deva,0.7898364663124084
Wikipedia,L1,2442,hin_Deva,0.9283838868141174
Wikipedia,L5,2442,hin_Deva,0.9701810479164124
Wikipedia,L20,2442,hin_Deva,0.7282739281654358
Wikipedia,L1,2445,anp_Deva,0.9967621564865112
Wikipedia,L5,2445,hin_Deva,0.6770130395889282
Wikipedia,L20,2445,anp_Deva,0.5728455781936646
Wikipedia,L1,2447,anp_Deva,0.9299132823944092
Wikipedia,L5,2447,anp_Deva,0.780626654624939
Wikipedia,L20,2447,hin_Deva,0.592187225818634
Wikipedia,L1,2448,anp_Deva,0.5802339315414429
Wikipedia,L5,2448,anp_Deva,0.5702199935913086
Wikipedia,L20,2448,hin_Deva,0.5965961813926697
Wikipedia,L1,2455,hin_Deva,0.9569295048713684
Wikipedia,L5,2455,hin_Deva,0.6369349956512451
Wikipedia,L20,2455,hin_Deva,0.8090806007385254
Wikipedia,L1,2458,hin_Deva,0.9244770407676697
Wikipedia,L5,2458,hin_Deva,0.9463239908218384
Wikipedia,L20,2458,hin_Deva,0.9379671812057495
Wikipedia,L1,2459,hin_Deva,0.7000584602355957
Wikipedia,L5,2459,hin_Deva,0.6952948570251465
Wikipedia,L20,2459,anp_Deva,0.7013827562332153
Wikipedia,L1,2460,hin_Deva,0.9256696105003357
Wikipedia,L5,2460,hin_Deva,0.7089666724205017
Wikipedia,L20,2460,hin_Deva,0.8069008588790894
Wikipedia,L1,2461,anp_Deva,0.8615697026252747
Wikipedia,L5,2461,anp_Deva,0.9702740907669067
Wikipedia,L20,2461,anp_Deva,0.8448472619056702
Wikipedia,L1,2464,anp_Deva,0.8759891986846924
Wikipedia,L5,2464,anp_Deva,0.740922212600708
Wikipedia,L20,2464,anp_Deva,0.7338219881057739
Wikipedia,L1,2467,hin_Deva,0.6860787272453308
Wikipedia,L5,2467,hin_Deva,0.609345018863678
Wikipedia,L20,2467,hin_Deva,0.7325096130371094
Wikipedia,L1,2469,hin_Deva,0.882923424243927
Wikipedia,L5,2469,hin_Deva,0.749867856502533
Wikipedia,L20,2469,hin_Deva,0.904051661491394
Wikipedia,L1,2470,anp_Deva,0.835287868976593
Wikipedia,L5,2470,anp_Deva,0.7840578556060791
Wikipedia,L20,2470,hin_Deva,0.6478875279426575
Wikipedia,L1,2471,hin_Deva,0.6332461833953857
Wikipedia,L5,2471,hin_Deva,0.9300788640975952
Wikipedia,L20,2471,hin_Deva,0.9005419611930847
Wikipedia,L1,2473,anp_Deva,0.5590268969535828
Wikipedia,L5,2473,hin_Deva,0.9537346363067627
Wikipedia,L20,2473,anp_Deva,0.5828214883804321
Wikipedia,L1,2474,hin_Deva,0.5741106271743774
Wikipedia,L5,2474,anp_Deva,0.9345054030418396
Wikipedia,L20,2474,anp_Deva,0.8165308833122253
Wikipedia,L1,2475,anp_Deva,0.6297792792320251
Wikipedia,L5,2475,hin_Deva,0.6699060201644897
Wikipedia,L20,2475,anp_Deva,0.5460450053215027
Wikipedia,L1,2476,hin_Deva,0.9646165370941162
Wikipedia,L5,2476,hin_Deva,0.7074335813522339
Wikipedia,L20,2476,anp_Deva,0.5606511235237122
Wikipedia,L1,2477,hin_Deva,0.9986867308616638
Wikipedia,L5,2477,hin_Deva,0.8109840154647827
Wikipedia,L20,2477,hin_Deva,0.5097364783287048
Wikipedia,L1,2479,hin_Deva,0.9851222634315491
Wikipedia,L5,2479,hin_Deva,0.95039302110672
Wikipedia,L20,2479,hin_Deva,0.914466142654419
Wikipedia,L1,2480,anp_Deva,0.9964429140090942
Wikipedia,L5,2480,anp_Deva,0.5867165327072144
Wikipedia,L20,2480,anp_Deva,0.5525673031806946
Wikipedia,L1,2481,hin_Deva,0.9142352342605591
Wikipedia,L5,2481,hin_Deva,0.8712476491928101
Wikipedia,L20,2481,hin_Deva,0.6609378457069397
Wikipedia,L1,2482,hin_Deva,0.9726412892341614
Wikipedia,L5,2482,hin_Deva,0.6434284448623657
Wikipedia,L20,2482,anp_Deva,0.7051354050636292
Wikipedia,L1,2483,anp_Deva,0.7411125302314758
Wikipedia,L5,2483,anp_Deva,0.526513397693634
Wikipedia,L20,2483,anp_Deva,0.7956026792526245
Wikipedia,L1,2486,anp_Deva,0.7901158928871155
Wikipedia,L5,2486,hin_Deva,0.8378623723983765
Wikipedia,L20,2486,hin_Deva,0.9036536812782288
Wikipedia,L1,2488,hin_Deva,0.9765665531158447
Wikipedia,L5,2488,anp_Deva,0.5166597962379456
Wikipedia,L20,2488,hin_Deva,0.55856853723526
Wikipedia,L1,2489,hin_Deva,0.9909186959266663
Wikipedia,L5,2489,hin_Deva,0.9108997583389282
Wikipedia,L20,2489,anp_Deva,0.5718156099319458
Wikipedia,L1,2490,anp_Deva,0.6607253551483154
Wikipedia,L5,2490,anp_Deva,0.8624430894851685
Wikipedia,L20,2490,hin_Deva,0.7223053574562073
Wikipedia,L1,2491,anp_Deva,0.8209547400474548
Wikipedia,L5,2491,anp_Deva,0.7488076090812683
Wikipedia,L20,2491,anp_Deva,0.6261550784111023
Wikipedia,L1,2492,anp_Deva,0.9999960660934448
Wikipedia,L5,2492,hin_Deva,0.6145713329315186
Wikipedia,L20,2492,anp_Deva,0.5968323349952698
Wikipedia,L1,2493,awa_Deva,0.6986032724380493
Wikipedia,L5,2493,hin_Deva,0.6328187584877014
Wikipedia,L20,2493,anp_Deva,0.527682363986969
Wikipedia,L1,2494,awa_Deva,0.6410604119300842
Wikipedia,L5,2494,hin_Deva,0.7934221029281616
Wikipedia,L20,2494,hin_Deva,0.7883540391921997
Wikipedia,L1,2496,hin_Deva,0.7610154747962952
Wikipedia,L5,2496,anp_Deva,0.6218984127044678
Wikipedia,L20,2496,anp_Deva,0.7885397672653198
Wikipedia,L1,2497,hin_Deva,0.9838942885398865
Wikipedia,L5,2497,hin_Deva,0.8895624876022339
Wikipedia,L20,2497,hin_Deva,0.8616112470626831
Wikipedia,L1,2498,anp_Deva,0.5040373206138611
Wikipedia,L5,2498,anp_Deva,0.570997953414917
Wikipedia,L20,2498,anp_Deva,0.5817141532897949
Wikipedia,L1,2499,hin_Deva,0.8251299262046814
Wikipedia,L5,2499,anp_Deva,0.7907480001449585
Wikipedia,L20,2499,anp_Deva,0.9388599395751953
Wikipedia,L1,2500,anp_Deva,0.8987346887588501
Wikipedia,L5,2500,anp_Deva,0.9688022136688232
Wikipedia,L20,2500,anp_Deva,0.7526587843894958
Wikipedia,L1,2501,anp_Deva,0.9398092031478882
Wikipedia,L5,2501,anp_Deva,0.6912795305252075
Wikipedia,L20,2501,anp_Deva,0.9133206009864807
Wikipedia,L1,2502,hin_Deva,0.972041130065918
Wikipedia,L5,2502,hin_Deva,0.8682231307029724
Wikipedia,L20,2502,hin_Deva,0.8576757311820984
Wikipedia,L1,2504,hin_Deva,0.9572945833206177
Wikipedia,L5,2504,hin_Deva,0.904639720916748
Wikipedia,L20,2504,hin_Deva,0.9373123049736023
Wikipedia,L1,2506,hin_Deva,0.8382850885391235
Wikipedia,L5,2506,anp_Deva,0.6859995722770691
Wikipedia,L20,2506,hin_Deva,0.5141969919204712
Wikipedia,L1,2508,hin_Deva,0.8835285305976868
Wikipedia,L5,2508,hin_Deva,0.7766624093055725
Wikipedia,L20,2508,hin_Deva,0.9601627588272095
Wikipedia,L1,2509,anp_Deva,0.9466982483863831
Wikipedia,L5,2509,hin_Deva,0.7664230465888977
Wikipedia,L20,2509,hin_Deva,0.9626001119613647
Wikipedia,L1,2510,anp_Deva,0.6175758242607117
Wikipedia,L5,2510,anp_Deva,0.9094071984291077
Wikipedia,L20,2510,anp_Deva,0.8202165961265564
Wikipedia,L1,2511,anp_Deva,0.927274227142334
Wikipedia,L5,2511,anp_Deva,0.6943375468254089
Wikipedia,L20,2511,anp_Deva,0.6648525595664978
Wikipedia,L1,2512,hin_Deva,0.9514126181602478
Wikipedia,L5,2512,anp_Deva,0.7752282619476318
Wikipedia,L20,2512,anp_Deva,0.7351827025413513
Wikipedia,L1,2515,hin_Deva,0.5764021873474121
Wikipedia,L5,2515,anp_Deva,0.7963645458221436
Wikipedia,L20,2515,hin_Deva,0.7310400009155273
Wikipedia,L1,2516,hin_Deva,0.7148346900939941
Wikipedia,L5,2516,anp_Deva,0.8233147263526917
Wikipedia,L20,2516,anp_Deva,0.86105877161026
Wikipedia,L1,2518,hin_Deva,0.98248690366745
Wikipedia,L5,2518,hin_Deva,0.9041253328323364
Wikipedia,L20,2518,hin_Deva,0.738861620426178
Wikipedia,L1,2519,hin_Deva,0.8585903644561768
Wikipedia,L5,2519,hin_Deva,0.9112987518310547
Wikipedia,L20,2519,hin_Deva,0.7285096645355225
Wikipedia,L1,2520,hin_Deva,0.7617682218551636
Wikipedia,L5,2520,anp_Deva,0.6458277106285095
Wikipedia,L20,2520,hin_Deva,0.729450523853302
Wikipedia,L1,2521,hin_Deva,0.9438022971153259
Wikipedia,L5,2521,hin_Deva,0.7944626808166504
Wikipedia,L20,2521,hin_Deva,0.8391761779785156
Wikipedia,L1,2522,hin_Deva,0.9730159044265747
Wikipedia,L5,2522,hin_Deva,0.9393795132637024
Wikipedia,L20,2522,hin_Deva,0.8894069790840149
Wikipedia,L1,2523,hin_Deva,0.8936575651168823
Wikipedia,L5,2523,anp_Deva,0.7030908465385437
Wikipedia,L20,2523,anp_Deva,0.5764240622520447
Wikipedia,L1,2525,anp_Deva,0.990470290184021
Wikipedia,L5,2525,anp_Deva,0.8887779116630554
Wikipedia,L20,2525,hin_Deva,0.5944085121154785
Wikipedia,L1,2527,anp_Deva,0.7552404999732971
Wikipedia,L5,2527,anp_Deva,0.9363208413124084
Wikipedia,L20,2527,anp_Deva,0.9259478449821472
Wikipedia,L1,2528,anp_Deva,0.78191739320755
Wikipedia,L5,2528,anp_Deva,0.5782498717308044
Wikipedia,L20,2528,anp_Deva,0.6475474834442139
Wikipedia,L1,2529,hin_Deva,0.9061562418937683
Wikipedia,L5,2529,hin_Deva,0.6598283648490906
Wikipedia,L20,2529,hin_Deva,0.772802472114563
Wikipedia,L1,2530,anp_Deva,0.9995887875556946
Wikipedia,L5,2530,hin_Deva,0.7696630954742432
Wikipedia,L20,2530,hin_Deva,0.6196562051773071
Wikipedia,L1,2531,hin_Deva,0.8389825820922852
Wikipedia,L5,2531,hin_Deva,0.7140510082244873
Wikipedia,L20,2531,anp_Deva,0.5068636536598206
Wikipedia,L1,2532,anp_Deva,0.9913814067840576
Wikipedia,L5,2532,anp_Deva,0.9606208205223083
Wikipedia,L20,2532,anp_Deva,0.9073933959007263
Wikipedia,L1,2533,anp_Deva,0.8358079195022583
Wikipedia,L5,2533,anp_Deva,0.8406736254692078
Wikipedia,L20,2533,anp_Deva,0.6663999557495117
Wikipedia,L1,2534,awa_Deva,0.6674910187721252
Wikipedia,L5,2534,hin_Deva,0.7204694747924805
Wikipedia,L20,2534,hin_Deva,0.809929370880127
Wikipedia,L1,2535,anp_Deva,0.9860690236091614
Wikipedia,L5,2535,anp_Deva,0.8457541465759277
Wikipedia,L20,2535,anp_Deva,0.5156294107437134
Wikipedia,L1,2537,anp_Deva,0.7928019762039185
Wikipedia,L5,2537,anp_Deva,0.7112933993339539
Wikipedia,L20,2537,hin_Deva,0.6244298219680786
Wikipedia,L1,2539,hin_Deva,0.9845525026321411
Wikipedia,L5,2539,anp_Deva,0.8994058966636658
Wikipedia,L20,2539,anp_Deva,0.9284528493881226
Wikipedia,L1,2541,anp_Deva,0.7739999890327454
Wikipedia,L5,2541,hin_Deva,0.8661661744117737
Wikipedia,L20,2541,hin_Deva,0.9474151134490967
Wikipedia,L1,2543,hin_Deva,0.6494503021240234
Wikipedia,L5,2543,anp_Deva,0.8194249272346497
Wikipedia,L20,2543,hin_Deva,0.5363163352012634
Wikipedia,L1,2544,anp_Deva,0.7427947521209717
Wikipedia,L5,2544,hin_Deva,0.6207685470581055
Wikipedia,L20,2544,hin_Deva,0.7064570188522339
Wikipedia,L1,2545,anp_Deva,0.9969091415405273
Wikipedia,L5,2545,anp_Deva,0.9622398614883423
Wikipedia,L20,2545,anp_Deva,0.7717353701591492
Wikipedia,L1,2546,anp_Deva,0.9667525887489319
Wikipedia,L5,2546,anp_Deva,0.7650733590126038
Wikipedia,L20,2546,hin_Deva,0.644841730594635
Wikipedia,L1,2547,anp_Deva,0.9006789326667786
Wikipedia,L5,2547,hin_Deva,0.7134939432144165
Wikipedia,L20,2547,hin_Deva,0.5199458003044128
Wikipedia,L1,2548,anp_Deva,0.5038260817527771
Wikipedia,L5,2548,hin_Deva,0.6233163475990295
Wikipedia,L20,2548,hin_Deva,0.6406558752059937
Wikipedia,L1,2549,mai_Deva,0.8418101072311401
Wikipedia,L5,2549,hin_Deva,0.8434568047523499
Wikipedia,L20,2549,hin_Deva,0.7197351455688477
Wikipedia,L1,2552,hin_Deva,0.9791763424873352
Wikipedia,L5,2552,hin_Deva,0.9912797212600708
Wikipedia,L20,2552,hin_Deva,0.9819251298904419
Wikipedia,L1,2553,anp_Deva,0.946183443069458
Wikipedia,L5,2553,anp_Deva,0.8947274684906006
Wikipedia,L20,2553,anp_Deva,0.8914788961410522
Wikipedia,L1,2555,anp_Deva,0.5079912543296814
Wikipedia,L5,2555,anp_Deva,0.5711784958839417
Wikipedia,L20,2555,hin_Deva,0.5572096705436707
Wikipedia,L1,2557,anp_Deva,0.8994724750518799
Wikipedia,L5,2557,anp_Deva,0.9568601846694946
Wikipedia,L20,2557,anp_Deva,0.8195606470108032
Wikipedia,L1,2558,hin_Deva,0.9850426912307739
Wikipedia,L5,2558,hin_Deva,0.9844046831130981
Wikipedia,L20,2558,hin_Deva,0.861700713634491
Wikipedia,L1,2560,anp_Deva,0.8501575589179993
Wikipedia,L5,2560,anp_Deva,0.8571914434432983
Wikipedia,L20,2560,anp_Deva,0.7745462656021118
Wikipedia,L1,2562,anp_Deva,0.9767754673957825
Wikipedia,L5,2562,anp_Deva,0.8162285685539246
Wikipedia,L20,2562,anp_Deva,0.9240608215332031
Wikipedia,L1,2563,hin_Deva,0.9757940173149109
Wikipedia,L5,2563,hin_Deva,0.9252204298973083
Wikipedia,L20,2563,hin_Deva,0.7215102314949036
Wikipedia,L1,2565,hin_Deva,0.7825377583503723
Wikipedia,L5,2565,hin_Deva,0.6371044516563416
Wikipedia,L20,2565,anp_Deva,0.5292085409164429
Wikipedia,L1,2567,hin_Deva,0.6663483381271362
Wikipedia,L5,2567,anp_Deva,0.9209233522415161
Wikipedia,L20,2567,anp_Deva,0.7547144889831543
Wikipedia,L1,2568,hin_Deva,0.8334917426109314
Wikipedia,L5,2568,hin_Deva,0.73194420337677
Wikipedia,L20,2568,anp_Deva,0.5557181239128113
Wikipedia,L1,2569,hin_Deva,0.9263845682144165
Wikipedia,L5,2569,hin_Deva,0.6866105794906616
Wikipedia,L20,2569,hin_Deva,0.7567251920700073
Wikipedia,L1,2572,hin_Deva,0.9902111887931824
Wikipedia,L5,2572,hin_Deva,0.8584745526313782
Wikipedia,L20,2572,hin_Deva,0.5599815249443054
Wikipedia,L1,2575,anp_Deva,0.9951267242431641
Wikipedia,L5,2575,hin_Deva,0.9275081753730774
Wikipedia,L20,2575,anp_Deva,0.590633749961853
Wikipedia,L1,2576,anp_Deva,0.9961707592010498
Wikipedia,L5,2576,hin_Deva,0.5002154111862183
Wikipedia,L20,2576,hin_Deva,0.8641719818115234
Wikipedia,L1,2577,anp_Deva,0.730013370513916
Wikipedia,L5,2577,hin_Deva,0.9302301406860352
Wikipedia,L20,2577,hin_Deva,0.950210690498352
Wikipedia,L1,2578,hin_Deva,0.6808035969734192
Wikipedia,L5,2578,anp_Deva,0.5376396775245667
Wikipedia,L20,2578,hin_Deva,0.7160547971725464
Wikipedia,L1,2580,hin_Deva,0.8630462884902954
Wikipedia,L5,2580,anp_Deva,0.9190890192985535
Wikipedia,L20,2580,anp_Deva,0.8884526491165161
Wikipedia,L1,2581,hin_Deva,0.9401770830154419
Wikipedia,L5,2581,anp_Deva,0.669001579284668
Wikipedia,L20,2581,anp_Deva,0.7211356163024902
Wikipedia,L1,2582,anp_Deva,0.9091820120811462
Wikipedia,L5,2582,hin_Deva,0.5289588570594788
Wikipedia,L20,2582,hin_Deva,0.520466685295105
Wikipedia,L1,2584,hin_Deva,0.84462571144104
Wikipedia,L5,2584,anp_Deva,0.699060320854187
Wikipedia,L20,2584,anp_Deva,0.8079557418823242
Wikipedia,L1,2585,hin_Deva,0.5653663277626038
Wikipedia,L5,2585,hin_Deva,0.8636532425880432
Wikipedia,L20,2585,hin_Deva,0.8452783823013306
Wikipedia,L1,2586,hin_Deva,0.7862908244132996
Wikipedia,L5,2586,hin_Deva,0.5288636684417725
Wikipedia,L20,2586,hin_Deva,0.7301430106163025
Wikipedia,L1,2587,hin_Deva,0.948299765586853
Wikipedia,L5,2587,hin_Deva,0.8428859114646912
Wikipedia,L20,2587,hin_Deva,0.8425654768943787
Wikipedia,L1,2588,hin_Deva,0.8883267641067505
Wikipedia,L5,2588,hin_Deva,0.5213574767112732
Wikipedia,L20,2588,anp_Deva,0.7034003734588623
Wikipedia,L1,2590,hin_Deva,0.9997960925102234
Wikipedia,L5,2590,hin_Deva,0.9895868301391602
Wikipedia,L20,2590,hin_Deva,0.9828548431396484
Wikipedia,L1,2592,anp_Deva,0.9990637898445129
Wikipedia,L5,2592,hin_Deva,0.8340837955474854
Wikipedia,L20,2592,hin_Deva,0.8291065692901611
Wikipedia,L1,2594,hin_Deva,0.7217241525650024
Wikipedia,L5,2594,hin_Deva,0.5530750751495361
Wikipedia,L20,2594,hin_Deva,0.7871109843254089
Wikipedia,L1,2595,anp_Deva,0.7106424570083618
Wikipedia,L5,2595,hin_Deva,0.5308352112770081
Wikipedia,L20,2595,anp_Deva,0.8392938375473022
Wikipedia,L1,2596,hin_Deva,0.9455267190933228
Wikipedia,L5,2596,hin_Deva,0.8523674011230469
Wikipedia,L20,2596,hin_Deva,0.9288763999938965
Wikipedia,L1,2597,hin_Deva,0.9705559611320496
Wikipedia,L5,2597,hin_Deva,0.9530661702156067
Wikipedia,L20,2597,hin_Deva,0.9445762634277344
Wikipedia,L1,2598,hin_Deva,0.9443342685699463
Wikipedia,L5,2598,anp_Deva,0.5746185779571533
Wikipedia,L20,2598,hin_Deva,0.5318694114685059
Wikipedia,L1,2599,hin_Deva,0.8962584137916565
Wikipedia,L5,2599,hin_Deva,0.7042220234870911
Wikipedia,L20,2599,hin_Deva,0.7244730591773987
Wikipedia,L1,2600,hin_Deva,0.9808458089828491
Wikipedia,L5,2600,hin_Deva,0.9190640449523926
Wikipedia,L20,2600,hin_Deva,0.6949120163917542
Wikipedia,L1,2602,anp_Deva,0.9991925358772278
Wikipedia,L5,2602,anp_Deva,0.8679140210151672
Wikipedia,L20,2602,anp_Deva,0.7632279992103577
Wikipedia,L1,2603,hin_Deva,0.528082549571991
Wikipedia,L5,2603,hin_Deva,0.5366764068603516
Wikipedia,L20,2603,hin_Deva,0.6932133436203003
Wikipedia,L1,2604,anp_Deva,0.9889694452285767
Wikipedia,L5,2604,anp_Deva,0.849658727645874
Wikipedia,L20,2604,hin_Deva,0.5582449436187744
Wikipedia,L1,2605,hin_Deva,0.8740667104721069
Wikipedia,L5,2605,anp_Deva,0.623763382434845
Wikipedia,L20,2605,anp_Deva,0.5266649127006531
Wikipedia,L1,2606,hin_Deva,0.6209671497344971
Wikipedia,L5,2606,anp_Deva,0.554841160774231
Wikipedia,L20,2606,hin_Deva,0.6583256721496582
Wikipedia,L1,2608,hin_Deva,0.8101381063461304
Wikipedia,L5,2608,anp_Deva,0.7356932759284973
Wikipedia,L20,2608,hin_Deva,0.5537357926368713
Wikipedia,L1,2610,anp_Deva,0.8868458867073059
Wikipedia,L5,2610,hin_Deva,0.8524436950683594
Wikipedia,L20,2610,hin_Deva,0.727881908416748
Wikipedia,L1,2614,hin_Deva,0.5413179397583008
Wikipedia,L5,2614,hin_Deva,0.9632510542869568
Wikipedia,L20,2614,hin_Deva,0.5634176135063171
Wikipedia,L1,2615,hin_Deva,0.8037287592887878
Wikipedia,L5,2615,hin_Deva,0.9799126982688904
Wikipedia,L20,2615,hin_Deva,0.7875553369522095
Wikipedia,L1,2616,anp_Deva,0.9582710862159729
Wikipedia,L5,2616,anp_Deva,0.7917916178703308
Wikipedia,L20,2616,anp_Deva,0.7075390815734863
Wikipedia,L1,2617,anp_Deva,0.9396347403526306
Wikipedia,L5,2617,hin_Deva,0.8391161561012268
Wikipedia,L20,2617,hin_Deva,0.7462156414985657
Wikipedia,L1,2618,hin_Deva,0.5695100426673889
Wikipedia,L5,2618,hin_Deva,0.5445006489753723
Wikipedia,L20,2618,hin_Deva,0.4988068640232086
Wikipedia,L1,2622,hin_Deva,0.7827425599098206
Wikipedia,L5,2622,hin_Deva,0.6180596351623535
Wikipedia,L20,2622,hin_Deva,0.8198230266571045
Wikipedia,L1,2623,anp_Deva,0.9958848357200623
Wikipedia,L5,2623,anp_Deva,0.75086909532547
Wikipedia,L20,2623,anp_Deva,0.7928988337516785
Wikipedia,L1,2625,anp_Deva,0.8791908621788025
Wikipedia,L5,2625,anp_Deva,0.5847434997558594
Wikipedia,L20,2625,anp_Deva,0.6711279153823853
Wikipedia,L1,2626,hin_Deva,0.9190943837165833
Wikipedia,L5,2626,hin_Deva,0.8416093587875366
Wikipedia,L20,2626,hin_Deva,0.8110470771789551
Wikipedia,L1,2627,hin_Deva,0.7630954384803772
Wikipedia,L5,2627,hin_Deva,0.7466090321540833
Wikipedia,L20,2627,hin_Deva,0.6943155527114868
Wikipedia,L1,2630,awa_Deva,0.6464165449142456
Wikipedia,L5,2630,hin_Deva,0.8504919409751892
Wikipedia,L20,2630,hin_Deva,0.6443566679954529
Wikipedia,L1,2631,hin_Deva,0.9939767122268677
Wikipedia,L5,2631,hin_Deva,0.6035824418067932
Wikipedia,L20,2631,anp_Deva,0.6601152420043945
Wikipedia,L1,2632,hin_Deva,0.6963307857513428
Wikipedia,L5,2632,hin_Deva,0.9271842241287231
Wikipedia,L20,2632,hin_Deva,0.9698075652122498
Wikipedia,L1,2633,hin_Deva,0.9915204048156738
Wikipedia,L5,2633,hin_Deva,0.8751845955848694
Wikipedia,L20,2633,hin_Deva,0.6574492454528809
Wikipedia,L1,2635,anp_Deva,0.9888243079185486
Wikipedia,L5,2635,anp_Deva,0.8830960392951965
Wikipedia,L20,2635,anp_Deva,0.5895705819129944
Wikipedia,L1,2636,thl_Deva,0.5324928164482117
Wikipedia,L5,2636,hin_Deva,0.6382299661636353
Wikipedia,L20,2636,hin_Deva,0.9828335046768188
Wikipedia,L1,2637,anp_Deva,0.9946250319480896
Wikipedia,L5,2637,hin_Deva,0.8937629461288452
Wikipedia,L20,2637,hin_Deva,0.6558429598808289
Wikipedia,L1,2641,hin_Deva,0.9922944903373718
Wikipedia,L5,2641,hin_Deva,0.5980158448219299
Wikipedia,L20,2641,hin_Deva,0.581679105758667
Wikipedia,L1,2642,anp_Deva,0.9070732593536377
Wikipedia,L5,2642,anp_Deva,0.7752100825309753
Wikipedia,L20,2642,hin_Deva,0.5093179941177368
Wikipedia,L1,2644,anp_Deva,0.5901899337768555
Wikipedia,L5,2644,hin_Deva,0.7716696262359619
Wikipedia,L20,2644,anp_Deva,0.6815470457077026
Wikipedia,L1,2646,anp_Deva,0.9999375343322754
Wikipedia,L5,2646,anp_Deva,0.9301252365112305
Wikipedia,L20,2646,anp_Deva,0.5401325225830078
Wikipedia,L1,2649,anp_Deva,0.9269134998321533
Wikipedia,L5,2649,anp_Deva,0.7720341086387634
Wikipedia,L20,2649,anp_Deva,0.6599100828170776
Wikipedia,L1,2650,hin_Deva,0.7285413146018982
Wikipedia,L5,2650,hin_Deva,0.6095208525657654
Wikipedia,L20,2650,anp_Deva,0.770651638507843
Wikipedia,L1,2651,anp_Deva,0.8744531273841858
Wikipedia,L5,2651,anp_Deva,0.5776993632316589
Wikipedia,L20,2651,hin_Deva,0.7083254456520081
Wikipedia,L1,2652,anp_Deva,0.9880188703536987
Wikipedia,L5,2652,anp_Deva,0.9788044691085815
Wikipedia,L20,2652,anp_Deva,0.7854339480400085
Wikipedia,L1,2653,hin_Deva,0.7054854035377502
Wikipedia,L5,2653,anp_Deva,0.8299877047538757
Wikipedia,L20,2653,hin_Deva,0.6344680190086365
Wikipedia,L1,2655,anp_Deva,0.7865236401557922
Wikipedia,L5,2655,anp_Deva,0.5275460481643677
Wikipedia,L20,2655,hin_Deva,0.6853162050247192
Wikipedia,L1,2656,anp_Deva,0.6678518056869507
Wikipedia,L5,2656,hin_Deva,0.819705605506897
Wikipedia,L20,2656,hin_Deva,0.6193797588348389
Wikipedia,L1,2657,hin_Deva,0.7706580758094788
Wikipedia,L5,2657,hin_Deva,0.9206274151802063
Wikipedia,L20,2657,hin_Deva,0.9376172423362732
Wikipedia,L1,2658,anp_Deva,0.8853336572647095
Wikipedia,L5,2658,anp_Deva,0.5759990811347961
Wikipedia,L20,2658,anp_Deva,0.5548989176750183
Wikipedia,L1,2659,anp_Deva,0.9998780488967896
Wikipedia,L5,2659,anp_Deva,0.8538437485694885
Wikipedia,L20,2659,anp_Deva,0.8788453340530396
Wikipedia,L1,2660,anp_Deva,0.9966504573822021
Wikipedia,L5,2660,anp_Deva,0.5572866201400757
Wikipedia,L20,2660,anp_Deva,0.7505003213882446
Wikipedia,L1,2661,anp_Deva,0.967474639415741
Wikipedia,L5,2661,anp_Deva,0.8681728839874268
Wikipedia,L20,2661,anp_Deva,0.7302381992340088
Wikipedia,L1,2662,anp_Deva,0.9998589754104614
Wikipedia,L5,2662,anp_Deva,0.7961813807487488
Wikipedia,L20,2662,hin_Deva,0.56791752576828
Wikipedia,L1,2664,anp_Deva,0.9998928308486938
Wikipedia,L5,2664,anp_Deva,0.9888436794281006
Wikipedia,L20,2664,anp_Deva,0.9941726326942444
Wikipedia,L1,2665,anp_Deva,0.9755897521972656
Wikipedia,L5,2665,anp_Deva,0.975197970867157
Wikipedia,L20,2665,anp_Deva,0.9470674991607666
Wikipedia,L1,2668,anp_Deva,0.6817676424980164
Wikipedia,L5,2668,anp_Deva,0.5751029253005981
Wikipedia,L20,2668,anp_Deva,0.8491988182067871
Wikipedia,L1,2670,anp_Deva,0.8466593027114868
Wikipedia,L5,2670,anp_Deva,0.5453382134437561
Wikipedia,L20,2670,hin_Deva,0.7981418371200562
Wikipedia,L1,2672,anp_Deva,0.9750658273696899
Wikipedia,L5,2672,anp_Deva,0.9112585783004761
Wikipedia,L20,2672,anp_Deva,0.5548892617225647
Wikipedia,L1,2673,anp_Deva,0.9932339191436768
Wikipedia,L5,2673,anp_Deva,0.936421275138855
Wikipedia,L20,2673,anp_Deva,0.9311022162437439
Wikipedia,L1,2675,hin_Deva,0.9987257719039917
Wikipedia,L5,2675,anp_Deva,0.6287097930908203
Wikipedia,L20,2675,anp_Deva,0.7213952541351318
Wikipedia,L1,2677,anp_Deva,0.7198903560638428
Wikipedia,L5,2677,hin_Deva,0.5332475900650024
Wikipedia,L20,2677,anp_Deva,0.7435754537582397
Wikipedia,L1,2680,anp_Deva,0.9935385584831238
Wikipedia,L5,2680,anp_Deva,0.9709949493408203
Wikipedia,L20,2680,anp_Deva,0.8221986889839172
Wikipedia,L1,2681,anp_Deva,0.7466920614242554
Wikipedia,L5,2681,anp_Deva,0.9387969970703125
Wikipedia,L20,2681,anp_Deva,0.9433451890945435
Wikipedia,L1,2682,hin_Deva,0.9485935568809509
Wikipedia,L5,2682,hin_Deva,0.7798958420753479
Wikipedia,L20,2682,hin_Deva,0.9301930069923401
Wikipedia,L1,2684,anp_Deva,0.4034346342086792
Wikipedia,L5,2684,hin_Deva,0.9354174733161926
Wikipedia,L20,2684,hin_Deva,0.7809054255485535
Wikipedia,L1,2685,anp_Deva,0.5012239217758179
Wikipedia,L5,2685,anp_Deva,0.5961160063743591
Wikipedia,L20,2685,anp_Deva,0.6285275220870972
Wikipedia,L1,2686,hin_Deva,0.9673348665237427
Wikipedia,L5,2686,hin_Deva,0.7025240063667297
Wikipedia,L20,2686,anp_Deva,0.5223580002784729
Wikipedia,L1,2687,anp_Deva,0.9861458539962769
Wikipedia,L5,2687,anp_Deva,0.9000585675239563
Wikipedia,L20,2687,anp_Deva,0.7434909343719482
Wikipedia,L1,2689,hin_Deva,0.8052865862846375
Wikipedia,L5,2689,hin_Deva,0.88478022813797
Wikipedia,L20,2689,hin_Deva,0.9368070363998413
Wikipedia,L1,2690,hin_Deva,0.5325724482536316
Wikipedia,L5,2690,anp_Deva,0.6102877855300903
Wikipedia,L20,2690,anp_Deva,0.5607288479804993
Wikipedia,L1,2692,anp_Deva,1.000003695487976
Wikipedia,L5,2692,anp_Deva,0.9581890106201172
Wikipedia,L20,2692,anp_Deva,0.8637705445289612
Wikipedia,L1,2694,anp_Deva,0.9461796879768372
Wikipedia,L5,2694,anp_Deva,0.5694952011108398
Wikipedia,L20,2694,anp_Deva,0.6764717102050781
Wikipedia,L1,2695,anp_Deva,0.6767630577087402
Wikipedia,L5,2695,anp_Deva,0.5656170845031738
Wikipedia,L20,2695,hin_Deva,0.737413227558136
Wikipedia,L1,2697,anp_Deva,0.49602463841438293
Wikipedia,L5,2697,hin_Deva,0.907947838306427
Wikipedia,L20,2697,hin_Deva,0.7798532843589783
Wikipedia,L1,2703,hin_Deva,0.9965590238571167
Wikipedia,L5,2703,hin_Deva,0.9480353593826294
Wikipedia,L20,2703,hin_Deva,0.8271036744117737
Wikipedia,L1,2705,hin_Deva,0.9918450117111206
Wikipedia,L5,2705,hin_Deva,0.9338603019714355
Wikipedia,L20,2705,hin_Deva,0.8169283866882324
Wikipedia,L1,2706,anp_Deva,0.7086520791053772
Wikipedia,L5,2706,hin_Deva,0.676620364189148
Wikipedia,L20,2706,anp_Deva,0.6826059818267822
Wikipedia,L1,2708,hin_Deva,0.9381458759307861
Wikipedia,L5,2708,hin_Deva,0.5203345417976379
Wikipedia,L20,2708,hin_Deva,0.5031982660293579
Wikipedia,L1,2710,hin_Deva,0.9218733906745911
Wikipedia,L5,2710,hin_Deva,0.7008983492851257
Wikipedia,L20,2710,hin_Deva,0.601115345954895
Wikipedia,L1,2713,hin_Deva,0.8037073612213135
Wikipedia,L5,2713,hin_Deva,0.5256063342094421
Wikipedia,L20,2713,anp_Deva,0.6642209887504578
Wikipedia,L1,2718,anp_Deva,0.7382475137710571
Wikipedia,L5,2718,anp_Deva,0.7515220046043396
Wikipedia,L20,2718,anp_Deva,0.6553339958190918
Wikipedia,L1,2719,anp_Deva,0.9674273133277893
Wikipedia,L5,2719,anp_Deva,0.9146482944488525
Wikipedia,L20,2719,anp_Deva,0.7387270927429199
Wikipedia,L1,2720,anp_Deva,0.9905198216438293
Wikipedia,L5,2720,anp_Deva,0.6336671113967896
Wikipedia,L20,2720,anp_Deva,0.7925880551338196
Wikipedia,L1,2722,anp_Deva,0.8698762655258179
Wikipedia,L5,2722,hin_Deva,0.7337397933006287
Wikipedia,L20,2722,hin_Deva,0.8498188257217407
Wikipedia,L1,2724,anp_Deva,0.9254246354103088
Wikipedia,L5,2724,hin_Deva,0.5045992136001587
Wikipedia,L20,2724,anp_Deva,0.7791880965232849
Wikipedia,L1,2725,hin_Deva,0.9271169304847717
Wikipedia,L5,2725,hin_Deva,0.8590903878211975
Wikipedia,L20,2725,hin_Deva,0.7599620223045349
Wikipedia,L1,2728,hin_Deva,0.9862186908721924
Wikipedia,L5,2728,hin_Deva,0.649540364742279
Wikipedia,L20,2728,hin_Deva,0.8033444881439209
Wikipedia,L1,2729,anp_Deva,0.8368715643882751
Wikipedia,L5,2729,hin_Deva,0.9448114037513733
Wikipedia,L20,2729,hin_Deva,0.8653187155723572
Wikipedia,L1,2731,hin_Deva,0.9866238236427307
Wikipedia,L5,2731,hin_Deva,0.9916939735412598
Wikipedia,L20,2731,hin_Deva,0.9937068819999695
Wikipedia,L1,2732,hin_Deva,0.9640034437179565
Wikipedia,L5,2732,hin_Deva,0.957004189491272
Wikipedia,L20,2732,hin_Deva,0.8901129961013794
Wikipedia,L1,2733,hin_Deva,0.8430181741714478
Wikipedia,L5,2733,anp_Deva,0.5112985968589783
Wikipedia,L20,2733,hin_Deva,0.61167311668396
Wikipedia,L1,2734,anp_Deva,0.5524526238441467
Wikipedia,L5,2734,anp_Deva,0.5688632726669312
Wikipedia,L20,2734,hin_Deva,0.5362647175788879
Wikipedia,L1,2735,hin_Deva,0.9411453008651733
Wikipedia,L5,2735,hin_Deva,0.9889541864395142
Wikipedia,L20,2735,hin_Deva,0.9627392292022705
Wikipedia,L1,2736,hin_Deva,0.7587302923202515
Wikipedia,L5,2736,anp_Deva,0.577815592288971
Wikipedia,L20,2736,hin_Deva,0.6399234533309937
Wikipedia,L1,2738,anp_Deva,0.9960882067680359
Wikipedia,L5,2738,hin_Deva,0.5495361685752869
Wikipedia,L20,2738,anp_Deva,0.8901477456092834
Wikipedia,L1,2739,hin_Deva,0.6040495038032532
Wikipedia,L5,2739,hin_Deva,0.756997287273407
Wikipedia,L20,2739,hin_Deva,0.8668524622917175
Wikipedia,L1,2740,awa_Deva,0.941293478012085
Wikipedia,L5,2740,awa_Deva,0.7464843988418579
Wikipedia,L20,2740,hin_Deva,0.41273435950279236
Wikipedia,L1,2743,anp_Deva,0.9689399600028992
Wikipedia,L5,2743,hin_Deva,0.5746734142303467
Wikipedia,L20,2743,anp_Deva,0.5205568671226501
Wikipedia,L1,2744,hin_Deva,0.7822994589805603
Wikipedia,L5,2744,anp_Deva,0.6787866950035095
Wikipedia,L20,2744,hin_Deva,0.5595830082893372
Wikipedia,L1,2746,anp_Deva,0.9009921550750732
Wikipedia,L5,2746,anp_Deva,0.8738093376159668
Wikipedia,L20,2746,anp_Deva,0.7710991501808167
Wikipedia,L1,2747,anp_Deva,0.9160563349723816
Wikipedia,L5,2747,anp_Deva,0.9706445336341858
Wikipedia,L20,2747,anp_Deva,0.5911476612091064
Wikipedia,L1,2748,anp_Deva,0.6192100644111633
Wikipedia,L5,2748,hin_Deva,0.9913097023963928
Wikipedia,L20,2748,hin_Deva,0.9904500246047974
Wikipedia,L1,2749,hin_Deva,0.7392927408218384
Wikipedia,L5,2749,hin_Deva,0.909519612789154
Wikipedia,L20,2749,hin_Deva,0.7853898406028748
Wikipedia,L1,2750,anp_Deva,0.6142765879631042
Wikipedia,L5,2750,anp_Deva,0.5899308323860168
Wikipedia,L20,2750,hin_Deva,0.7529800534248352
Wikipedia,L1,2753,hin_Deva,0.9999047517776489
Wikipedia,L5,2753,anp_Deva,0.9326322674751282
Wikipedia,L20,2753,anp_Deva,0.8613080382347107
Wikipedia,L1,2755,anp_Deva,0.5708116888999939
Wikipedia,L5,2755,hin_Deva,0.7854580879211426
Wikipedia,L20,2755,hin_Deva,0.6845192313194275
Wikipedia,L1,2757,hin_Deva,0.8943634033203125
Wikipedia,L5,2757,hin_Deva,0.8406040072441101
Wikipedia,L20,2757,hin_Deva,0.9335360527038574
Wikipedia,L1,2759,hin_Deva,0.6718567609786987
Wikipedia,L5,2759,hin_Deva,0.577101469039917
Wikipedia,L20,2759,anp_Deva,0.7210879325866699
Wikipedia,L1,2761,hin_Deva,0.9905984401702881
Wikipedia,L5,2761,hin_Deva,0.9759068489074707
Wikipedia,L20,2761,hin_Deva,0.8626920580863953
Wikipedia,L1,2762,hin_Deva,0.6153298616409302
Wikipedia,L5,2762,anp_Deva,0.728492796421051
Wikipedia,L20,2762,anp_Deva,0.7247026562690735
Wikipedia,L1,2765,hin_Deva,0.8897315859794617
Wikipedia,L5,2765,hin_Deva,0.7352457642555237
Wikipedia,L20,2765,hin_Deva,0.5924917459487915
Wikipedia,L1,2766,hin_Deva,0.9599124193191528
Wikipedia,L5,2766,hin_Deva,0.9376440048217773
Wikipedia,L20,2766,hin_Deva,0.9309055805206299
Wikipedia,L1,2767,hin_Deva,0.6028887033462524
Wikipedia,L5,2767,hin_Deva,0.915913999080658
Wikipedia,L20,2767,hin_Deva,0.9494251608848572
Wikipedia,L1,2768,hin_Deva,0.7938790321350098
Wikipedia,L5,2768,hin_Deva,0.9922694563865662
Wikipedia,L20,2768,hin_Deva,0.898587703704834
Wikipedia,L1,2770,anp_Deva,0.9998700618743896
Wikipedia,L5,2770,anp_Deva,0.8050060272216797
Wikipedia,L20,2770,anp_Deva,0.6232001781463623
Wikipedia,L1,2778,anp_Deva,0.6417815089225769
Wikipedia,L5,2778,hin_Deva,0.8166980743408203
Wikipedia,L20,2778,hin_Deva,0.7283298373222351
Wikipedia,L1,2780,anp_Deva,0.9982264637947083
Wikipedia,L5,2780,anp_Deva,0.9251114726066589
Wikipedia,L20,2780,hin_Deva,0.6727353930473328
Wikipedia,L1,2782,hin_Deva,0.5923802256584167
Wikipedia,L5,2782,anp_Deva,0.9728807210922241
Wikipedia,L20,2782,anp_Deva,0.9516192078590393
Wikipedia,L1,2783,anp_Deva,0.8743836879730225
Wikipedia,L5,2783,anp_Deva,0.9345026612281799
Wikipedia,L20,2783,anp_Deva,0.7640929818153381
Wikipedia,L1,2784,hin_Deva,0.9171206951141357
Wikipedia,L5,2784,hin_Deva,0.8873152732849121
Wikipedia,L20,2784,hin_Deva,0.959343671798706
Wikipedia,L1,2785,hin_Deva,0.9609880447387695
Wikipedia,L5,2785,hin_Deva,0.9166725277900696
Wikipedia,L20,2785,hin_Deva,0.6968169212341309
Wikipedia,L1,2787,mag_Deva,0.4673299193382263
Wikipedia,L5,2787,anp_Deva,0.7453261017799377
Wikipedia,L20,2787,hin_Deva,0.5712600350379944
Wikipedia,L1,2788,hin_Deva,0.9352059960365295
Wikipedia,L5,2788,anp_Deva,0.693389892578125
Wikipedia,L20,2788,hin_Deva,0.6156496405601501
Wikipedia,L1,2789,hin_Deva,0.513571560382843
Wikipedia,L5,2789,anp_Deva,0.8412304520606995
Wikipedia,L20,2789,hin_Deva,0.7633468508720398
Wikipedia,L1,2791,anp_Deva,0.9364607930183411
Wikipedia,L5,2791,hin_Deva,0.7988632917404175
Wikipedia,L20,2791,anp_Deva,0.7062349915504456
Wikipedia,L1,2793,anp_Deva,0.843457043170929
Wikipedia,L5,2793,hin_Deva,0.6885156631469727
Wikipedia,L20,2793,hin_Deva,0.6245283484458923
Wikipedia,L1,2795,hin_Deva,0.781044065952301
Wikipedia,L5,2795,hin_Deva,0.9237124919891357
Wikipedia,L20,2795,hin_Deva,0.57656329870224
Wikipedia,L1,2797,anp_Deva,0.6526719927787781
Wikipedia,L5,2797,anp_Deva,0.6555039882659912
Wikipedia,L20,2797,hin_Deva,0.6754817366600037
Wikipedia,L1,2799,anp_Deva,0.999893069267273
Wikipedia,L5,2799,anp_Deva,0.8136876821517944
Wikipedia,L20,2799,anp_Deva,0.7927829623222351
Wikipedia,L1,2800,anp_Deva,0.9997714161872864
Wikipedia,L5,2800,hin_Deva,0.7647724747657776
Wikipedia,L20,2800,hin_Deva,0.5854265689849854
Wikipedia,L1,2801,hin_Deva,0.7663232088088989
Wikipedia,L5,2801,hin_Deva,0.5947115421295166
Wikipedia,L20,2801,anp_Deva,0.6216328144073486
Wikipedia,L1,2804,hin_Deva,0.9468367099761963
Wikipedia,L5,2804,hin_Deva,0.515830934047699
Wikipedia,L20,2804,anp_Deva,0.801069438457489
Wikipedia,L1,2805,anp_Deva,1.0000052452087402
Wikipedia,L5,2805,anp_Deva,0.8688260912895203
Wikipedia,L20,2805,anp_Deva,0.6213142275810242
Wikipedia,L1,2806,anp_Deva,0.7021268010139465
Wikipedia,L5,2806,anp_Deva,0.7209469676017761
Wikipedia,L20,2806,anp_Deva,0.8869544863700867
Wikipedia,L1,2808,hin_Deva,0.9364858865737915
Wikipedia,L5,2808,hin_Deva,0.5467429161071777
Wikipedia,L20,2808,hin_Deva,0.7619276642799377
Wikipedia,L1,2811,hin_Deva,0.8577881455421448
Wikipedia,L5,2811,hin_Deva,0.7700397968292236
Wikipedia,L20,2811,anp_Deva,0.5948473811149597
Wikipedia,L1,2812,hin_Deva,0.9410772323608398
Wikipedia,L5,2812,hin_Deva,0.7061981558799744
Wikipedia,L20,2812,hin_Deva,0.8727269172668457
Wikipedia,L1,2814,anp_Deva,0.5691977739334106
Wikipedia,L5,2814,hin_Deva,0.889790952205658
Wikipedia,L20,2814,hin_Deva,0.8234490156173706
Wikipedia,L1,2816,hin_Deva,0.570199728012085
Wikipedia,L5,2816,hin_Deva,0.7543924450874329
Wikipedia,L20,2816,anp_Deva,0.5212435126304626
Wikipedia,L1,2819,hin_Deva,0.9600805640220642
Wikipedia,L5,2819,anp_Deva,0.7706905603408813
Wikipedia,L20,2819,anp_Deva,0.7904191017150879
Wikipedia,L1,2821,anp_Deva,0.9975459575653076
Wikipedia,L5,2821,anp_Deva,0.7818149924278259
Wikipedia,L20,2821,anp_Deva,0.49321845173835754
Wikipedia,L1,2824,hin_Deva,0.9893674254417419
Wikipedia,L5,2824,hin_Deva,0.8810893893241882
Wikipedia,L20,2824,hin_Deva,0.709026575088501
Wikipedia,L1,2825,anp_Deva,0.4991932809352875
Wikipedia,L5,2825,anp_Deva,0.6759315729141235
Wikipedia,L20,2825,hin_Deva,0.6225578188896179
Wikipedia,L1,2831,anp_Deva,0.9434258341789246
Wikipedia,L5,2831,anp_Deva,0.7931760549545288
Wikipedia,L20,2831,anp_Deva,0.8185369372367859
Wikipedia,L1,2832,anp_Deva,0.8815039396286011
Wikipedia,L5,2832,anp_Deva,0.9198721051216125
Wikipedia,L20,2832,anp_Deva,0.8610637784004211
Wikipedia,L1,2833,anp_Deva,0.9837301969528198
Wikipedia,L5,2833,anp_Deva,0.9157109260559082
Wikipedia,L20,2833,anp_Deva,0.9433401823043823
Wikipedia,L1,2834,hin_Deva,0.5507761240005493
Wikipedia,L5,2834,anp_Deva,0.8903319835662842
Wikipedia,L20,2834,anp_Deva,0.6571627259254456
Wikipedia,L1,2837,anp_Deva,0.9639673233032227
Wikipedia,L5,2837,hin_Deva,0.8544921278953552
Wikipedia,L20,2837,hin_Deva,0.6336116194725037
Wikipedia,L1,2842,hin_Deva,0.8989467620849609
Wikipedia,L5,2842,hin_Deva,0.8283157348632812
Wikipedia,L20,2842,hin_Deva,0.8002212643623352
Wikipedia,L1,2843,hin_Deva,0.8585250377655029
Wikipedia,L5,2843,anp_Deva,0.8589214086532593
Wikipedia,L20,2843,anp_Deva,0.7042111158370972
Wikipedia,L1,2844,anp_Deva,0.9512411952018738
Wikipedia,L5,2844,anp_Deva,0.9226559400558472
Wikipedia,L20,2844,anp_Deva,0.8996561169624329
Wikipedia,L1,2846,anp_Deva,0.5919296741485596
Wikipedia,L5,2846,anp_Deva,0.5090651512145996
Wikipedia,L20,2846,anp_Deva,0.8466575741767883
Wikipedia,L1,2848,anp_Deva,0.9515309929847717
Wikipedia,L5,2848,anp_Deva,0.9123251438140869
Wikipedia,L20,2848,anp_Deva,0.5649753212928772
Wikipedia,L1,2850,hin_Deva,0.6993024349212646
Wikipedia,L5,2850,hin_Deva,0.6159986853599548
Wikipedia,L20,2850,hin_Deva,0.6573393940925598
Wikipedia,L1,2852,anp_Deva,0.9332320690155029
Wikipedia,L5,2852,anp_Deva,0.8128111958503723
Wikipedia,L20,2852,hin_Deva,0.5003712177276611
Wikipedia,L1,2853,anp_Deva,0.9926401376724243
Wikipedia,L5,2853,anp_Deva,0.7664236426353455
Wikipedia,L20,2853,anp_Deva,0.6315666437149048
Wikipedia,L1,2854,anp_Deva,0.9960511922836304
Wikipedia,L5,2854,anp_Deva,0.9450685381889343
Wikipedia,L20,2854,hin_Deva,0.6007855534553528
Wikipedia,L1,2856,hin_Deva,0.9883586168289185
Wikipedia,L5,2856,anp_Deva,0.7038573026657104
Wikipedia,L20,2856,anp_Deva,0.6860713362693787
Wikipedia,L1,2857,anp_Deva,0.9902011156082153
Wikipedia,L5,2857,anp_Deva,0.5261228084564209
Wikipedia,L20,2857,anp_Deva,0.9422106146812439
Wikipedia,L1,2858,hin_Deva,0.6501877307891846
Wikipedia,L5,2858,anp_Deva,0.5922744870185852
Wikipedia,L20,2858,hin_Deva,0.5757018327713013
Wikipedia,L1,2859,hin_Deva,0.9118101000785828
Wikipedia,L5,2859,hin_Deva,0.7150559425354004
Wikipedia,L20,2859,hin_Deva,0.608597457408905
Wikipedia,L1,2860,anp_Deva,0.997602641582489
Wikipedia,L5,2860,anp_Deva,0.9936907291412354
Wikipedia,L20,2860,anp_Deva,0.8788089752197266
Wikipedia,L1,2861,anp_Deva,0.9222708344459534
Wikipedia,L5,2861,anp_Deva,0.8351573348045349
Wikipedia,L20,2861,hin_Deva,0.704816460609436
Wikipedia,L1,2863,hin_Deva,0.7726035118103027
Wikipedia,L5,2863,hin_Deva,0.710820198059082
Wikipedia,L20,2863,hin_Deva,0.6324701309204102
Wikipedia,L1,2864,hin_Deva,0.794989824295044
Wikipedia,L5,2864,hin_Deva,0.6578094959259033
Wikipedia,L20,2864,hin_Deva,0.6015520095825195
Wikipedia,L1,2866,hin_Deva,0.9006499648094177
Wikipedia,L5,2866,hin_Deva,0.9771779775619507
Wikipedia,L20,2866,hin_Deva,0.8842222094535828
Wikipedia,L1,2867,hin_Deva,0.6032859683036804
Wikipedia,L5,2867,hin_Deva,0.8285356163978577
Wikipedia,L20,2867,hin_Deva,0.6592259407043457
Wikipedia,L1,2868,anp_Deva,0.9569674730300903
Wikipedia,L5,2868,anp_Deva,0.9852165579795837
Wikipedia,L20,2868,anp_Deva,0.90310138463974
Wikipedia,L1,2869,hin_Deva,0.9165118336677551
Wikipedia,L5,2869,anp_Deva,0.609244704246521
Wikipedia,L20,2869,anp_Deva,0.7216736674308777
Wikipedia,L1,2871,hin_Deva,0.8504604697227478
Wikipedia,L5,2871,hin_Deva,0.860851526260376
Wikipedia,L20,2871,hin_Deva,0.8363109827041626
Wikipedia,L1,2872,anp_Deva,0.9998923540115356
Wikipedia,L5,2872,anp_Deva,0.9509937167167664
Wikipedia,L20,2872,anp_Deva,0.9253876209259033
Wikipedia,L1,2873,anp_Deva,0.8554007411003113
Wikipedia,L5,2873,anp_Deva,0.9524300694465637
Wikipedia,L20,2873,anp_Deva,0.8984785676002502
Wikipedia,L1,2876,hin_Deva,0.9356396198272705
Wikipedia,L5,2876,hin_Deva,0.748984694480896
Wikipedia,L20,2876,hin_Deva,0.651448130607605
Wikipedia,L1,2881,hin_Deva,0.5176085233688354
Wikipedia,L5,2881,hin_Deva,0.7960736155509949
Wikipedia,L20,2881,hin_Deva,0.5818033814430237
Wikipedia,L1,2882,anp_Deva,0.9914077520370483
Wikipedia,L5,2882,anp_Deva,0.8189994096755981
Wikipedia,L20,2882,anp_Deva,0.7730591893196106
Wikipedia,L1,2884,anp_Deva,0.8211254477500916
Wikipedia,L5,2884,hin_Deva,0.6555446982383728
Wikipedia,L20,2884,hin_Deva,0.7026349902153015
Wikipedia,L1,2885,hin_Deva,0.9828358292579651
Wikipedia,L5,2885,hin_Deva,0.7998274564743042
Wikipedia,L20,2885,hin_Deva,0.7113638520240784
Wikipedia,L1,2886,anp_Deva,0.5390252470970154
Wikipedia,L5,2886,hin_Deva,0.8030068278312683
Wikipedia,L20,2886,hin_Deva,0.8547857403755188
Wikipedia,L1,2891,anp_Deva,0.952066957950592
Wikipedia,L5,2891,hin_Deva,0.5290665030479431
Wikipedia,L20,2891,hin_Deva,0.8474492430686951
Wikipedia,L1,2893,hin_Deva,0.8547440767288208
Wikipedia,L5,2893,anp_Deva,0.6473572850227356
Wikipedia,L20,2893,anp_Deva,0.8908580541610718
Wikipedia,L1,2894,anp_Deva,0.5077635049819946
Wikipedia,L5,2894,hin_Deva,0.6136690974235535
Wikipedia,L20,2894,hin_Deva,0.8477806448936462
Wikipedia,L1,2898,hin_Deva,0.9859366416931152
Wikipedia,L5,2898,hin_Deva,0.9702228903770447
Wikipedia,L20,2898,hin_Deva,0.7259815335273743
Wikipedia,L1,2899,hin_Deva,0.9873232245445251
Wikipedia,L5,2899,hin_Deva,0.7572659850120544
Wikipedia,L20,2899,hin_Deva,0.7716463208198547
Wikipedia,L1,2900,anp_Deva,0.9983899593353271
Wikipedia,L5,2900,anp_Deva,0.588943362236023
Wikipedia,L20,2900,hin_Deva,0.6965103149414062
Wikipedia,L1,2901,anp_Deva,0.9527139663696289
Wikipedia,L5,2901,anp_Deva,0.9379822015762329
Wikipedia,L20,2901,anp_Deva,0.8130781650543213
Wikipedia,L1,2902,hin_Deva,0.999929666519165
Wikipedia,L5,2902,hin_Deva,0.5292006731033325
Wikipedia,L20,2902,hin_Deva,0.568665623664856
Wikipedia,L1,2903,hin_Deva,0.8901059627532959
Wikipedia,L5,2903,anp_Deva,0.7784169316291809
Wikipedia,L20,2903,hin_Deva,0.7171826958656311
Wikipedia,L1,2910,anp_Deva,0.9204496741294861
Wikipedia,L5,2910,anp_Deva,0.6809338331222534
Wikipedia,L20,2910,anp_Deva,0.8490465879440308
Wikipedia,L1,2912,hin_Deva,0.9229106307029724
Wikipedia,L5,2912,anp_Deva,0.6161571145057678
Wikipedia,L20,2912,hin_Deva,0.6068952083587646
Wikipedia,L1,2913,anp_Deva,0.5552729964256287
Wikipedia,L5,2913,hin_Deva,0.9133756160736084
Wikipedia,L20,2913,hin_Deva,0.665709912776947
Wikipedia,L1,2914,anp_Deva,0.9936769604682922
Wikipedia,L5,2914,hin_Deva,0.685058057308197
Wikipedia,L20,2914,hin_Deva,0.9152624607086182
Wikipedia,L1,2916,anp_Deva,0.9593747854232788
Wikipedia,L5,2916,anp_Deva,0.6226604580879211
Wikipedia,L20,2916,hin_Deva,0.7433031797409058
Wikipedia,L1,2917,hin_Deva,0.9434334635734558
Wikipedia,L5,2917,hin_Deva,0.5280221700668335
Wikipedia,L20,2917,hin_Deva,0.6424969434738159
Wikipedia,L1,2918,hin_Deva,0.9695677757263184
Wikipedia,L5,2918,hin_Deva,0.9452948570251465
Wikipedia,L20,2918,hin_Deva,0.9498118758201599
Wikipedia,L1,2920,hin_Deva,0.9315106868743896
Wikipedia,L5,2920,hin_Deva,0.7806706428527832
Wikipedia,L20,2920,hin_Deva,0.5584855675697327
Wikipedia,L1,2924,anp_Deva,0.9448297023773193
Wikipedia,L5,2924,anp_Deva,0.5031694173812866
Wikipedia,L20,2924,hin_Deva,0.5850176215171814
Wikipedia,L1,2930,anp_Deva,0.8622189164161682
Wikipedia,L5,2930,anp_Deva,0.7523946166038513
Wikipedia,L20,2930,hin_Deva,0.6650344729423523
Wikipedia,L1,2933,anp_Deva,0.983340322971344
Wikipedia,L5,2933,anp_Deva,0.8876808285713196
Wikipedia,L20,2933,anp_Deva,0.5331739783287048
Wikipedia,L1,2935,anp_Deva,0.8947684168815613
Wikipedia,L5,2935,hin_Deva,0.6596887111663818
Wikipedia,L20,2935,hin_Deva,0.6634998917579651
Wikipedia,L1,2937,hin_Deva,0.9764754772186279
Wikipedia,L5,2937,hin_Deva,0.5415918231010437
Wikipedia,L20,2937,hin_Deva,0.6005880236625671
Wikipedia,L1,2938,hin_Deva,0.5716053247451782
Wikipedia,L5,2938,hin_Deva,0.6770421862602234
Wikipedia,L20,2938,hin_Deva,0.9157132506370544
Wikipedia,L1,2939,anp_Deva,0.5829929709434509
Wikipedia,L5,2939,hin_Deva,0.8311243057250977
Wikipedia,L20,2939,hin_Deva,0.8771396279335022
Wikipedia,L1,2941,anp_Deva,0.9935145378112793
Wikipedia,L5,2941,hin_Deva,0.6267982721328735
Wikipedia,L20,2941,anp_Deva,0.7179833650588989
Wikipedia,L1,2943,anp_Deva,0.8409053683280945
Wikipedia,L5,2943,anp_Deva,0.6957331299781799
Wikipedia,L20,2943,hin_Deva,0.7952715754508972
Wikipedia,L1,2944,hin_Deva,0.882821798324585
Wikipedia,L5,2944,anp_Deva,0.7385672926902771
Wikipedia,L20,2944,hin_Deva,0.6277121901512146
Wikipedia,L1,2947,anp_Deva,0.9861123561859131
Wikipedia,L5,2947,hin_Deva,0.7256051301956177
Wikipedia,L20,2947,hin_Deva,0.49712133407592773
Wikipedia,L1,2948,hin_Deva,0.6361085772514343
Wikipedia,L5,2948,hin_Deva,0.8379745483398438
Wikipedia,L20,2948,hin_Deva,0.6912386417388916
Wikipedia,L1,2949,hin_Deva,0.6241471171379089
Wikipedia,L5,2949,hin_Deva,0.6584564447402954
Wikipedia,L20,2949,hin_Deva,0.7646570801734924
Wikipedia,L1,2951,hin_Deva,0.7655999660491943
Wikipedia,L5,2951,hin_Deva,0.7742833495140076
Wikipedia,L20,2951,hin_Deva,0.6266804337501526
Wikipedia,L1,2954,anp_Deva,0.49167633056640625
Wikipedia,L5,2954,anp_Deva,0.9149335026741028
Wikipedia,L20,2954,anp_Deva,0.8462985157966614
Wikipedia,L1,2956,hin_Deva,0.46903836727142334
Wikipedia,L5,2956,anp_Deva,0.8935573101043701
Wikipedia,L20,2956,hin_Deva,0.5371090173721313
Wikipedia,L1,2957,anp_Deva,0.9676653742790222
Wikipedia,L5,2957,anp_Deva,0.763530969619751
Wikipedia,L20,2957,anp_Deva,0.5564364194869995
Wikipedia,L1,2959,anp_Deva,0.9759096503257751
Wikipedia,L5,2959,anp_Deva,0.8727965354919434
Wikipedia,L20,2959,hin_Deva,0.8893426656723022
Wikipedia,L1,2963,hin_Deva,0.8129748702049255
Wikipedia,L5,2963,hin_Deva,0.6535815000534058
Wikipedia,L20,2963,hin_Deva,0.6698868870735168
Wikipedia,L1,2964,hin_Deva,0.9889983534812927
Wikipedia,L5,2964,hin_Deva,0.8862536549568176
Wikipedia,L20,2964,hin_Deva,0.9203186631202698
Wikipedia,L1,2966,hin_Deva,0.7429699301719666
Wikipedia,L5,2966,hin_Deva,0.7274455428123474
Wikipedia,L20,2966,hin_Deva,0.8287121653556824
Wikipedia,L1,2967,hin_Deva,0.8568970561027527
Wikipedia,L5,2967,hin_Deva,0.7662222385406494
Wikipedia,L20,2967,hin_Deva,0.5206261873245239
Wikipedia,L1,2969,hin_Deva,0.8858914375305176
Wikipedia,L5,2969,hin_Deva,0.6674029231071472
Wikipedia,L20,2969,hin_Deva,0.6788795590400696
Wikipedia,L1,2972,anp_Deva,0.9643304347991943
Wikipedia,L5,2972,anp_Deva,0.6893365979194641
Wikipedia,L20,2972,anp_Deva,0.6298059225082397
Wikipedia,L1,2973,hin_Deva,0.6565837264060974
Wikipedia,L5,2973,anp_Deva,0.5469370484352112
Wikipedia,L20,2973,hin_Deva,0.8291659355163574
Wikipedia,L1,2974,anp_Deva,0.7695357799530029
Wikipedia,L5,2974,anp_Deva,0.6227484941482544
Wikipedia,L20,2974,hin_Deva,0.5181213617324829
Wikipedia,L1,2975,anp_Deva,0.8349635004997253
Wikipedia,L5,2975,hin_Deva,0.6169450283050537
Wikipedia,L20,2975,anp_Deva,0.5993174314498901
Wikipedia,L1,2983,hin_Deva,0.55522620677948
Wikipedia,L5,2983,anp_Deva,0.603830873966217
Wikipedia,L20,2983,hin_Deva,0.707427978515625
Wikipedia,L1,2985,anp_Deva,0.6654110550880432
Wikipedia,L5,2985,anp_Deva,0.731035053730011
Wikipedia,L20,2985,anp_Deva,0.7261880040168762
Wikipedia,L1,2989,hin_Deva,0.946556568145752
Wikipedia,L5,2989,hin_Deva,0.7423993349075317
Wikipedia,L20,2989,hin_Deva,0.5085863471031189
Wikipedia,L1,2990,anp_Deva,0.9932292103767395
Wikipedia,L5,2990,anp_Deva,0.5250213742256165
Wikipedia,L20,2990,anp_Deva,0.6587120294570923
Wikipedia,L1,2991,hin_Deva,0.9564403891563416
Wikipedia,L5,2991,hin_Deva,0.9059386849403381
Wikipedia,L20,2991,hin_Deva,0.8757625818252563
Wikipedia,L1,2993,anp_Deva,0.4844071865081787
Wikipedia,L5,2993,anp_Deva,0.890022873878479
Wikipedia,L20,2993,anp_Deva,0.8417690992355347
Wikipedia,L1,2994,hin_Deva,0.9777155518531799
Wikipedia,L5,2994,hin_Deva,0.9771456718444824
Wikipedia,L20,2994,hin_Deva,0.5582546591758728
Wikipedia,L1,2995,anp_Deva,0.5306739211082458
Wikipedia,L5,2995,hin_Deva,0.582332193851471
Wikipedia,L20,2995,anp_Deva,0.7295942902565002
Wikipedia,L1,2996,anp_Deva,0.8790573477745056
Wikipedia,L5,2996,hin_Deva,0.7270609140396118
Wikipedia,L20,2996,hin_Deva,0.5290230512619019
Wikipedia,L1,2998,anp_Deva,0.51990807056427
Wikipedia,L5,2998,anp_Deva,0.7456729412078857
Wikipedia,L20,2998,anp_Deva,0.615079402923584
Wikipedia,L1,3001,mag_Deva,0.5977833271026611
Wikipedia,L5,3001,anp_Deva,0.6763879656791687
Wikipedia,L20,3001,anp_Deva,0.5251587629318237
Wikipedia,L1,3003,anp_Deva,0.5747239589691162
Wikipedia,L5,3003,anp_Deva,0.9328598380088806
Wikipedia,L20,3003,hin_Deva,0.7921289801597595
Wikipedia,L1,3004,hin_Deva,0.7856242656707764
Wikipedia,L5,3004,hin_Deva,0.8810786008834839
Wikipedia,L20,3004,hin_Deva,0.6178966164588928
Wikipedia,L1,3005,hin_Deva,0.7627521753311157
Wikipedia,L5,3005,hin_Deva,0.7029273509979248
Wikipedia,L20,3005,hin_Deva,0.7228158712387085
Wikipedia,L1,3008,hin_Deva,0.5779558420181274
Wikipedia,L5,3008,anp_Deva,0.9455724358558655
Wikipedia,L20,3008,anp_Deva,0.9277942180633545
Wikipedia,L1,3009,anp_Deva,0.9970459938049316
Wikipedia,L5,3009,anp_Deva,0.9134547710418701
Wikipedia,L20,3009,anp_Deva,0.7758600115776062
Wikipedia,L1,3010,awa_Deva,0.9704000949859619
Wikipedia,L5,3010,anp_Deva,0.9780997037887573
Wikipedia,L20,3010,anp_Deva,0.5558823943138123
Wikipedia,L1,3011,anp_Deva,0.9509666562080383
Wikipedia,L5,3011,anp_Deva,0.8362982869148254
Wikipedia,L20,3011,hin_Deva,0.675158679485321
Wikipedia,L1,3013,anp_Deva,0.9287082552909851
Wikipedia,L5,3013,hin_Deva,0.8527502417564392
Wikipedia,L20,3013,hin_Deva,0.7434145212173462
Wikipedia,L1,3015,hin_Deva,0.7770121097564697
Wikipedia,L5,3015,anp_Deva,0.6856988072395325
Wikipedia,L20,3015,hin_Deva,0.5133055448532104
Wikipedia,L1,3017,anp_Deva,0.9827951788902283
Wikipedia,L5,3017,anp_Deva,0.8545418381690979
Wikipedia,L20,3017,anp_Deva,0.8094818592071533
Wikipedia,L1,3019,anp_Deva,0.9312664270401001
Wikipedia,L5,3019,hin_Deva,0.8317065834999084
Wikipedia,L20,3019,hin_Deva,0.7304220199584961
Wikipedia,L1,3021,anp_Deva,0.9962815046310425
Wikipedia,L5,3021,anp_Deva,0.9113507270812988
Wikipedia,L20,3021,anp_Deva,0.7670509219169617
Wikipedia,L1,3022,anp_Deva,0.43426117300987244
Wikipedia,L5,3022,hin_Deva,0.6504437923431396
Wikipedia,L20,3022,hin_Deva,0.8284240365028381
Wikipedia,L1,3025,anp_Deva,0.9889547228813171
Wikipedia,L5,3025,anp_Deva,0.7000856399536133
Wikipedia,L20,3025,hin_Deva,0.6811061501502991
Wikipedia,L1,3026,hin_Deva,0.9479362964630127
Wikipedia,L5,3026,hin_Deva,0.8924254775047302
Wikipedia,L20,3026,hin_Deva,0.9261579513549805
Wikipedia,L1,3027,anp_Deva,0.9947707056999207
Wikipedia,L5,3027,anp_Deva,0.887371301651001
Wikipedia,L20,3027,hin_Deva,0.6449649930000305
Wikipedia,L1,3030,hin_Deva,0.8599271774291992
Wikipedia,L5,3030,anp_Deva,0.5870451927185059
Wikipedia,L20,3030,anp_Deva,0.5966576337814331
Wikipedia,L1,3031,anp_Deva,0.9930354356765747
Wikipedia,L5,3031,anp_Deva,0.9933314919471741
Wikipedia,L20,3031,anp_Deva,0.9777516722679138
Wikipedia,L1,3032,anp_Deva,0.9951960444450378
Wikipedia,L5,3032,anp_Deva,0.9861301183700562
Wikipedia,L20,3032,anp_Deva,0.9860147833824158
Wikipedia,L1,3033,anp_Deva,0.5150291919708252
Wikipedia,L5,3033,anp_Deva,0.8871181607246399
Wikipedia,L20,3033,anp_Deva,0.6503275632858276
Wikipedia,L1,3034,hin_Deva,0.8343139290809631
Wikipedia,L5,3034,hin_Deva,0.5609576106071472
Wikipedia,L20,3034,anp_Deva,0.5059846043586731
Wikipedia,L1,3035,hin_Deva,0.5609354376792908
Wikipedia,L5,3035,anp_Deva,0.6652887463569641
Wikipedia,L20,3035,anp_Deva,0.6144065260887146
Wikipedia,L1,3036,anp_Deva,0.8471074104309082
Wikipedia,L5,3036,hin_Deva,0.8724281191825867
Wikipedia,L20,3036,hin_Deva,0.7817152738571167
Wikipedia,L1,3039,hin_Deva,0.9919494986534119
Wikipedia,L5,3039,anp_Deva,0.613036036491394
Wikipedia,L20,3039,anp_Deva,0.9036107063293457
Wikipedia,L1,3040,anp_Deva,0.5000690221786499
Wikipedia,L5,3040,anp_Deva,0.9767690896987915
Wikipedia,L20,3040,anp_Deva,0.9024125933647156
Wikipedia,L1,3042,anp_Deva,0.8470583558082581
Wikipedia,L5,3042,anp_Deva,0.6969914436340332
Wikipedia,L20,3042,anp_Deva,0.6099661588668823
Wikipedia,L1,3046,anp_Deva,0.9911259412765503
Wikipedia,L5,3046,anp_Deva,0.6152416467666626
Wikipedia,L20,3046,anp_Deva,0.5250619649887085
Wikipedia,L1,3047,hin_Deva,0.9616899490356445
Wikipedia,L5,3047,anp_Deva,0.771342933177948
Wikipedia,L20,3047,anp_Deva,0.7234825491905212
Wikipedia,L1,3048,anp_Deva,0.9320319294929504
Wikipedia,L5,3048,anp_Deva,0.9642544984817505
Wikipedia,L20,3048,hin_Deva,0.5192257761955261
Wikipedia,L1,3050,anp_Deva,0.6525493264198303
Wikipedia,L5,3050,anp_Deva,0.7999154329299927
Wikipedia,L20,3050,anp_Deva,0.5474827885627747
Wikipedia,L1,3051,hin_Deva,0.7300522923469543
Wikipedia,L5,3051,hin_Deva,0.80344158411026
Wikipedia,L20,3051,hin_Deva,0.5766042470932007
Wikipedia,L1,3053,hin_Deva,0.7796105146408081
Wikipedia,L5,3053,anp_Deva,0.7656329870223999
Wikipedia,L20,3053,anp_Deva,0.7833369374275208
Wikipedia,L1,3057,anp_Deva,0.9922815561294556
Wikipedia,L5,3057,anp_Deva,0.6741878986358643
Wikipedia,L20,3057,anp_Deva,0.8190159797668457
Wikipedia,L1,3058,anp_Deva,0.6510568857192993
Wikipedia,L5,3058,anp_Deva,0.5163022875785828
Wikipedia,L20,3058,hin_Deva,0.6141244769096375
Wikipedia,L1,3059,anp_Deva,0.9769765734672546
Wikipedia,L5,3059,hin_Deva,0.8914996385574341
Wikipedia,L20,3059,hin_Deva,0.6222697496414185
Wikipedia,L1,3060,hin_Deva,0.6869441270828247
Wikipedia,L5,3060,anp_Deva,0.6542818546295166
Wikipedia,L20,3060,hin_Deva,0.8839644193649292
Wikipedia,L1,3061,hin_Deva,0.6362078189849854
Wikipedia,L5,3061,hin_Deva,0.5086110830307007
Wikipedia,L20,3061,anp_Deva,0.5840530395507812
Wikipedia,L1,3063,anp_Deva,0.714768648147583
Wikipedia,L5,3063,anp_Deva,0.5807512402534485
Wikipedia,L20,3063,anp_Deva,0.7056757211685181
Wikipedia,L1,3064,anp_Deva,0.7494591474533081
Wikipedia,L5,3064,hin_Deva,0.5309545397758484
Wikipedia,L20,3064,anp_Deva,0.6284933090209961
Wikipedia,L1,3065,anp_Deva,0.9986606240272522
Wikipedia,L5,3065,anp_Deva,0.9750982522964478
Wikipedia,L20,3065,anp_Deva,0.9877834916114807
News,L1,1,hin_Deva,0.9978088736534119
News,L5,1,hin_Deva,0.583550751209259
News,L20,1,hin_Deva,0.9119128584861755
News,L1,11,hin_Deva,0.8249863982200623
News,L5,11,hin_Deva,0.8746795058250427
News,L20,11,hin_Deva,0.9549880027770996
News,L1,16,hin_Deva,0.9362868666648865
News,L5,16,hin_Deva,0.9836407899856567
News,L20,16,hin_Deva,0.9693102240562439
News,L1,28,hin_Deva,0.979246199131012
News,L5,28,hin_Deva,0.9595832824707031
News,L20,28,hin_Deva,0.9719982147216797
News,L1,32,hin_Deva,0.8264631032943726
News,L5,32,hin_Deva,0.9713566899299622
News,L20,32,hin_Deva,0.969094455242157
News,L1,35,hin_Deva,0.9989932179450989
News,L5,35,hin_Deva,0.994696855545044
News,L20,35,hin_Deva,0.9919258952140808
News,L1,58,hin_Deva,0.9761002063751221
News,L5,58,hin_Deva,0.9915422797203064
News,L20,58,hin_Deva,0.9911594390869141
News,L1,76,hin_Deva,0.9987293481826782
News,L5,76,hin_Deva,0.9873198866844177
News,L20,76,hin_Deva,0.9782209992408752
News,L1,77,hin_Deva,0.9646314978599548
News,L5,77,hin_Deva,0.9314520359039307
News,L20,77,hin_Deva,0.9547873735427856
News,L1,95,anp_Deva,0.806192934513092
News,L5,95,anp_Deva,0.6994342803955078
News,L20,95,anp_Deva,0.5388095378875732
News,L1,99,hin_Deva,0.9923606514930725
News,L5,99,hin_Deva,0.9951871633529663
News,L20,99,hin_Deva,0.9964702725410461
News,L1,101,hin_Deva,0.9957053661346436
News,L5,101,hin_Deva,0.994644045829773
News,L20,101,hin_Deva,0.9790006875991821
News,L1,102,hin_Deva,0.8707571625709534
News,L5,102,hin_Deva,0.9526079893112183
News,L20,102,hin_Deva,0.9542540907859802
News,L1,113,awa_Deva,0.40911465883255005
News,L5,113,hin_Deva,0.6846580505371094
News,L20,113,hin_Deva,0.9368976354598999
News,L1,114,hin_Deva,0.6262386441230774
News,L5,114,hin_Deva,0.9949947595596313
News,L20,114,hin_Deva,0.9967651963233948
News,L1,131,hin_Deva,0.947402834892273
News,L5,131,hin_Deva,0.9940567016601562
News,L20,131,hin_Deva,0.9958783388137817
News,L1,136,hin_Deva,0.6029787659645081
News,L5,136,hin_Deva,0.6729539036750793
News,L20,136,hin_Deva,0.9856433272361755
News,L1,155,hin_Deva,0.9597118496894836
News,L5,155,hin_Deva,0.9706483483314514
News,L20,155,hin_Deva,0.9834907650947571
News,L1,174,anp_Deva,0.8271074891090393
News,L5,174,hin_Deva,0.5256461501121521
News,L20,174,anp_Deva,0.5369701981544495
News,L1,179,hin_Deva,0.9976034760475159
News,L5,179,hin_Deva,0.9948638081550598
News,L20,179,hin_Deva,0.9889154434204102
News,L1,185,anp_Deva,0.8605822920799255
News,L5,185,anp_Deva,0.5610082745552063
News,L20,185,hin_Deva,0.5962322354316711
News,L1,205,hin_Deva,0.9913588166236877
News,L5,205,hin_Deva,0.9953368902206421
News,L20,205,hin_Deva,0.9973622560501099
News,L1,211,hin_Deva,0.8672295808792114
News,L5,211,hin_Deva,0.969806432723999
News,L20,211,hin_Deva,0.9828983545303345
News,L1,223,hin_Deva,0.9922902584075928
News,L5,223,hin_Deva,0.9713315963745117
News,L20,223,hin_Deva,0.9889973998069763
News,L1,237,hin_Deva,0.8148958086967468
News,L5,237,hin_Deva,0.8139228224754333
News,L20,237,hin_Deva,0.8983300924301147
News,L1,253,hin_Deva,0.9914077520370483
News,L5,253,hin_Deva,0.9381179213523865
News,L20,253,hin_Deva,0.8892848491668701
News,L1,260,hin_Deva,0.8273889422416687
News,L5,260,hin_Deva,0.9738970398902893
News,L20,260,hin_Deva,0.9829813838005066
News,L1,263,hin_Deva,0.9452376365661621
News,L5,263,hin_Deva,0.9979591965675354
News,L20,263,hin_Deva,0.9989896416664124
News,L1,271,hin_Deva,0.9973060488700867
News,L5,271,hin_Deva,0.9975985288619995
News,L20,271,hin_Deva,0.9969372153282166
News,L1,278,hin_Deva,0.8801369071006775
News,L5,278,hin_Deva,0.9824323654174805
News,L20,278,hin_Deva,0.9738582372665405
News,L1,283,hin_Deva,0.9961252212524414
News,L5,283,hin_Deva,0.9779004454612732
News,L20,283,hin_Deva,0.9866303205490112
News,L1,284,hin_Deva,0.9671409130096436
News,L5,284,hin_Deva,0.9860782623291016
News,L20,284,hin_Deva,0.9863596558570862
News,L1,292,anp_Deva,0.9449275135993958
News,L5,292,hin_Deva,0.9873010516166687
News,L20,292,hin_Deva,0.9495635032653809
News,L1,299,hin_Deva,0.8648911714553833
News,L5,299,hin_Deva,0.8529058694839478
News,L20,299,hin_Deva,0.9708781242370605
News,L1,302,hin_Deva,0.8762203454971313
News,L5,302,hin_Deva,0.5257872343063354
News,L20,302,hin_Deva,0.9442258477210999
News,L1,307,hin_Deva,0.9912577867507935
News,L5,307,hin_Deva,0.9668151140213013
News,L20,307,hin_Deva,0.9570111632347107
News,L1,313,hin_Deva,0.7504802942276001
News,L5,313,hin_Deva,0.7078264355659485
News,L20,313,hin_Deva,0.8574925661087036
News,L1,320,hin_Deva,0.8046748638153076
News,L5,320,hin_Deva,0.9908269643783569
News,L20,320,hin_Deva,0.8961240649223328
News,L1,321,hin_Deva,0.9699385166168213
News,L5,321,hin_Deva,0.9961177706718445
News,L20,321,hin_Deva,0.9888719916343689
News,L1,322,anp_Deva,0.6571771502494812
News,L5,322,hin_Deva,0.96958327293396
News,L20,322,hin_Deva,0.9574728012084961
News,L1,332,hin_Deva,0.9947682023048401
News,L5,332,hin_Deva,0.9529958367347717
News,L20,332,hin_Deva,0.9637680649757385
News,L1,352,anp_Deva,0.5130981802940369
News,L5,352,hin_Deva,0.980324387550354
News,L20,352,hin_Deva,0.9972835183143616
News,L1,358,hin_Deva,0.4876019060611725
News,L5,358,hin_Deva,0.8493616580963135
News,L20,358,hin_Deva,0.9810442328453064
News,L1,364,hin_Deva,0.9909724593162537
News,L5,364,hin_Deva,0.9764025211334229
News,L20,364,hin_Deva,0.9985532760620117
News,L1,370,hin_Deva,0.9820461869239807
News,L5,370,hin_Deva,0.9928075671195984
News,L20,370,hin_Deva,0.9914757013320923
News,L1,372,hin_Deva,0.8486840128898621
News,L5,372,hin_Deva,0.983493983745575
News,L20,372,hin_Deva,0.98664391040802
News,L1,381,hin_Deva,0.9223655462265015
News,L5,381,hin_Deva,0.6993116736412048
News,L20,381,anp_Deva,0.634648323059082
News,L1,386,hin_Deva,0.9920815825462341
News,L5,386,hin_Deva,0.9833400845527649
News,L20,386,hin_Deva,0.993537187576294
News,L1,400,hin_Deva,0.618364691734314
News,L5,400,hin_Deva,0.5782108902931213
News,L20,400,hin_Deva,0.9081592559814453
News,L1,429,hin_Deva,0.9964160323143005
News,L5,429,hin_Deva,0.9855358004570007
News,L20,429,hin_Deva,0.9759016036987305
News,L1,440,hin_Deva,0.9772278666496277
News,L5,440,hin_Deva,0.9704877734184265
News,L20,440,hin_Deva,0.9542001485824585
News,L1,452,anp_Deva,0.9004762768745422
News,L5,452,hin_Deva,0.9846403002738953
News,L20,452,hin_Deva,0.9737007021903992
News,L1,463,anp_Deva,0.5612594485282898
News,L5,463,hin_Deva,0.976425290107727
News,L20,463,hin_Deva,0.9502036571502686
News,L1,471,hin_Deva,0.99825119972229
News,L5,471,hin_Deva,0.9713432788848877
News,L20,471,hin_Deva,0.9905446171760559
News,L1,479,hin_Deva,0.9998478889465332
News,L5,479,hin_Deva,0.9961410760879517
News,L20,479,hin_Deva,0.9985236525535583
News,L1,486,hin_Deva,0.7443728446960449
News,L5,486,hin_Deva,0.8404334187507629
News,L20,486,hin_Deva,0.7713505625724792
News,L1,490,hin_Deva,0.8373329639434814
News,L5,490,anp_Deva,0.5360638499259949
News,L20,490,hin_Deva,0.6775741577148438
News,L1,493,anp_Deva,0.6956801414489746
News,L5,493,hin_Deva,0.9474541544914246
News,L20,493,hin_Deva,0.9831985831260681
News,L1,504,anp_Deva,0.5864685773849487
News,L5,504,hin_Deva,0.9778851270675659
News,L20,504,hin_Deva,0.893410325050354
News,L1,523,hin_Deva,0.9964826703071594
News,L5,523,hin_Deva,0.9614729285240173
News,L20,523,hin_Deva,0.9234334230422974
News,L1,525,anp_Deva,0.792325496673584
News,L5,525,hin_Deva,0.6941908597946167
News,L20,525,hin_Deva,0.9410218596458435
News,L1,527,hin_Deva,0.8575947880744934
News,L5,527,hin_Deva,0.9958228468894958
News,L20,527,hin_Deva,0.9940954446792603
News,L1,534,hin_Deva,0.5722007751464844
News,L5,534,hin_Deva,0.9933933615684509
News,L20,534,hin_Deva,0.9967951774597168
News,L1,538,hin_Deva,0.5944020748138428
News,L5,538,hin_Deva,0.9901091456413269
News,L20,538,hin_Deva,0.9849007725715637
News,L1,540,hin_Deva,0.5549377799034119
News,L5,540,anp_Deva,0.5244975090026855
News,L20,540,anp_Deva,0.6796922087669373
News,L1,550,hin_Deva,0.9954885840415955
News,L5,550,hin_Deva,0.9910308718681335
News,L20,550,hin_Deva,0.9943875670433044
News,L1,551,hin_Deva,0.9976673126220703
News,L5,551,hin_Deva,0.8920276761054993
News,L20,551,hin_Deva,0.9270977973937988
News,L1,561,hin_Deva,0.9036659002304077
News,L5,561,anp_Deva,0.7489492297172546
News,L20,561,hin_Deva,0.9436205625534058
News,L1,571,hin_Deva,0.9905086159706116
News,L5,571,hin_Deva,0.9869886636734009
News,L20,571,hin_Deva,0.9745286703109741
News,L1,580,hin_Deva,0.8758887052536011
News,L5,580,hin_Deva,0.9797049760818481
News,L20,580,hin_Deva,0.9783152937889099
News,L1,584,anp_Deva,0.9833461046218872
News,L5,584,anp_Deva,0.7153378129005432
News,L20,584,anp_Deva,0.5900877714157104
News,L1,590,hin_Deva,0.6638727784156799
News,L5,590,hin_Deva,0.8239998817443848
News,L20,590,hin_Deva,0.8997568488121033
News,L1,592,hin_Deva,0.7800480127334595
News,L5,592,hin_Deva,0.900861918926239
News,L20,592,hin_Deva,0.9545644521713257
News,L1,607,anp_Deva,0.6783826947212219
News,L5,607,hin_Deva,0.5882543921470642
News,L20,607,anp_Deva,0.7828671932220459
News,L1,619,hin_Deva,0.9519479870796204
News,L5,619,hin_Deva,0.7930380702018738
News,L20,619,hin_Deva,0.8721962571144104
News,L1,621,hin_Deva,0.975187361240387
News,L5,621,hin_Deva,0.9925090670585632
News,L20,621,hin_Deva,0.9992547035217285
News,L1,643,hin_Deva,0.5594432353973389
News,L5,643,anp_Deva,0.6737430095672607
News,L20,643,hin_Deva,0.8255033493041992
News,L1,644,hin_Deva,0.8153151869773865
News,L5,644,hin_Deva,0.9880237579345703
News,L20,644,hin_Deva,0.9930964112281799
News,L1,666,hin_Deva,0.9951544404029846
News,L5,666,hin_Deva,0.9674133658409119
News,L20,666,hin_Deva,0.9896321296691895
News,L1,670,anp_Deva,0.8961357474327087
News,L5,670,hin_Deva,0.8645161986351013
News,L20,670,hin_Deva,0.9589852690696716
News,L1,691,hin_Deva,0.973464846611023
News,L5,691,hin_Deva,0.9744396209716797
News,L20,691,hin_Deva,0.9789044857025146
News,L1,692,hin_Deva,0.9761447310447693
News,L5,692,hin_Deva,0.9790637493133545
News,L20,692,hin_Deva,0.9942871928215027
News,L1,696,hin_Deva,0.9161428809165955
News,L5,696,anp_Deva,0.5429206490516663
News,L20,696,hin_Deva,0.6107107400894165
News,L1,717,hin_Deva,0.9568459987640381
News,L5,717,anp_Deva,0.5933855175971985
News,L20,717,anp_Deva,0.5949660539627075
News,L1,725,hin_Deva,0.9997455477714539
News,L5,725,hin_Deva,0.9993463158607483
News,L20,725,hin_Deva,0.9986718893051147
News,L1,752,hin_Deva,0.9884576201438904
News,L5,752,hin_Deva,0.9811552166938782
News,L20,752,hin_Deva,0.9800912141799927
News,L1,755,hin_Deva,0.9577431082725525
News,L5,755,hin_Deva,0.834856390953064
News,L20,755,hin_Deva,0.9894540905952454
News,L1,774,hin_Deva,0.9592362642288208
News,L5,774,hin_Deva,0.9777469038963318
News,L20,774,hin_Deva,0.9454098343849182
News,L1,778,hin_Deva,0.6987452507019043
News,L5,778,hin_Deva,0.9215397834777832
News,L20,778,hin_Deva,0.8944888114929199
News,L1,779,hin_Deva,0.9965318441390991
News,L5,779,hin_Deva,0.9988862872123718
News,L20,779,hin_Deva,0.994608998298645
News,L1,792,hin_Deva,0.9932855367660522
News,L5,792,hin_Deva,0.984433114528656
News,L20,792,hin_Deva,0.9719275832176208
News,L1,796,awa_Deva,0.9326010346412659
News,L5,796,anp_Deva,0.7240025401115417
News,L20,796,anp_Deva,0.7821364402770996
News,L1,818,hin_Deva,0.9470256567001343
News,L5,818,hin_Deva,0.9514684081077576
News,L20,818,hin_Deva,0.9504575133323669
News,L1,821,anp_Deva,0.9570086598396301
News,L5,821,anp_Deva,0.9436134099960327
News,L20,821,anp_Deva,0.950089693069458
News,L1,844,hin_Deva,0.8074701428413391
News,L5,844,hin_Deva,0.9842175841331482
News,L20,844,hin_Deva,0.9892610907554626
News,L1,851,hin_Deva,0.9966257214546204
News,L5,851,hin_Deva,0.9990555644035339
News,L20,851,hin_Deva,0.9967839121818542
News,L1,865,hin_Deva,0.9918760657310486
News,L5,865,hin_Deva,0.9891735315322876
News,L20,865,hin_Deva,0.9967571496963501
News,L1,872,hin_Deva,0.9980891942977905
News,L5,872,hin_Deva,0.9937305450439453
News,L20,872,hin_Deva,0.9722638726234436
News,L1,915,hin_Deva,0.9980350732803345
News,L5,915,hin_Deva,0.9951196312904358
News,L20,915,hin_Deva,0.994771420955658
News,L1,944,hin_Deva,0.9998757839202881
News,L5,944,hin_Deva,0.9844908714294434
News,L20,944,hin_Deva,0.9886194467544556
News,L1,965,hin_Deva,0.8946446776390076
News,L5,965,hin_Deva,0.9647904634475708
News,L20,965,hin_Deva,0.864396870136261
News,L1,981,hin_Deva,0.9989844560623169
News,L5,981,hin_Deva,0.9953399896621704
News,L20,981,hin_Deva,0.9912989139556885
News,L1,987,hin_Deva,0.9771628379821777
News,L5,987,hin_Deva,0.990973174571991
News,L20,987,hin_Deva,0.9872134327888489
News,L1,1002,anp_Deva,0.8554122447967529
News,L5,1002,hin_Deva,0.7471912503242493
News,L20,1002,anp_Deva,0.7239786386489868
News,L1,1015,hin_Deva,0.9832524061203003
News,L5,1015,hin_Deva,0.9495009183883667
News,L20,1015,hin_Deva,0.9676681160926819
News,L1,1027,hin_Deva,0.9945141077041626
News,L5,1027,hin_Deva,0.9255551695823669
News,L20,1027,hin_Deva,0.9599097371101379
News,L1,1035,hin_Deva,0.650016188621521
News,L5,1035,hin_Deva,0.9220760464668274
News,L20,1035,hin_Deva,0.9618003964424133
News,L1,1041,anp_Deva,0.9186391234397888
News,L5,1041,hin_Deva,0.9347770810127258
News,L20,1041,hin_Deva,0.9530161619186401
News,L1,1046,hin_Deva,0.9955440759658813
News,L5,1046,hin_Deva,0.9954602122306824
News,L20,1046,hin_Deva,0.9978338479995728
News,L1,1048,anp_Deva,0.6620230674743652
News,L5,1048,hin_Deva,0.9828612804412842
News,L20,1048,hin_Deva,0.9879438877105713
News,L1,1050,hin_Deva,0.7051747441291809
News,L5,1050,anp_Deva,0.9298943877220154
News,L20,1050,hin_Deva,0.6973111033439636
News,L1,1055,anp_Deva,0.6799594759941101
News,L5,1055,hin_Deva,0.9907070398330688
News,L20,1055,hin_Deva,0.9928871989250183
News,L1,1068,hin_Deva,0.914850115776062
News,L5,1068,hin_Deva,0.9958019256591797
News,L20,1068,hin_Deva,0.9934000968933105
News,L1,1090,hin_Deva,0.9940637946128845
News,L5,1090,hin_Deva,0.5749734044075012
News,L20,1090,anp_Deva,0.6093871593475342
News,L1,1099,anp_Deva,1.0000090599060059
News,L5,1099,anp_Deva,0.7658007740974426
News,L20,1099,hin_Deva,0.7057303190231323
News,L1,1100,hin_Deva,0.7874871492385864
News,L5,1100,hin_Deva,0.7495934963226318
News,L20,1100,hin_Deva,0.6187076568603516
News,L1,1103,hin_Deva,0.8099126815795898
News,L5,1103,hin_Deva,0.9170980453491211
News,L20,1103,hin_Deva,0.849462628364563
News,L1,1107,hin_Deva,0.9975056052207947
News,L5,1107,hin_Deva,0.9951937794685364
News,L20,1107,hin_Deva,0.9958492517471313
News,L1,1115,anp_Deva,0.5631593465805054
News,L5,1115,hin_Deva,0.9785882830619812
News,L20,1115,hin_Deva,0.9796136021614075
News,L1,1132,hin_Deva,0.9616492390632629
News,L5,1132,hin_Deva,0.9492923617362976
News,L20,1132,hin_Deva,0.977939784526825
News,L1,1135,anp_Deva,0.9900268912315369
News,L5,1135,anp_Deva,0.9652737379074097
News,L20,1135,anp_Deva,0.7712794542312622
News,L1,1140,hin_Deva,0.7019817233085632
News,L5,1140,hin_Deva,0.9450575709342957
News,L20,1140,hin_Deva,0.9642059803009033
News,L1,1152,hin_Deva,0.9771790504455566
News,L5,1152,hin_Deva,0.990835964679718
News,L20,1152,hin_Deva,0.961471676826477
News,L1,1153,hin_Deva,0.9616995453834534
News,L5,1153,hin_Deva,0.9970831871032715
News,L20,1153,hin_Deva,0.9956343770027161
News,L1,1154,anp_Deva,0.9545363187789917
News,L5,1154,anp_Deva,0.9610245227813721
News,L20,1154,anp_Deva,0.640859067440033
News,L1,1159,anp_Deva,0.9370620846748352
News,L5,1159,anp_Deva,0.6037515997886658
News,L20,1159,hin_Deva,0.769993245601654
News,L1,1162,hin_Deva,0.9436054825782776
News,L5,1162,hin_Deva,0.9684110879898071
News,L20,1162,hin_Deva,0.9657203555107117
News,L1,1164,hin_Deva,0.9923821687698364
News,L5,1164,hin_Deva,0.9548978209495544
News,L20,1164,hin_Deva,0.8798049688339233
News,L1,1169,hin_Deva,0.8990921378135681
News,L5,1169,hin_Deva,0.8033392429351807
News,L20,1169,hin_Deva,0.516735315322876
News,L1,1171,hin_Deva,0.9656211733818054
News,L5,1171,hin_Deva,0.985352635383606
News,L20,1171,hin_Deva,0.9691159129142761
News,L1,1191,hin_Deva,0.9678637385368347
News,L5,1191,hin_Deva,0.9541964530944824
News,L20,1191,hin_Deva,0.8831064105033875
News,L1,1204,hin_Deva,0.7974914908409119
News,L5,1204,hin_Deva,0.9782101511955261
News,L20,1204,hin_Deva,0.9853577017784119
News,L1,1206,hin_Deva,0.9744888544082642
News,L5,1206,hin_Deva,0.9751920104026794
News,L20,1206,hin_Deva,0.9741299152374268
News,L1,1212,hin_Deva,0.9553853273391724
News,L5,1212,hin_Deva,0.972506046295166
News,L20,1212,hin_Deva,0.9869769215583801
News,L1,1217,hin_Deva,0.8569899201393127
News,L5,1217,hin_Deva,0.9904851317405701
News,L20,1217,hin_Deva,0.9891577959060669
News,L1,1237,hin_Deva,0.9999676942825317
News,L5,1237,hin_Deva,0.988781750202179
News,L20,1237,hin_Deva,0.995485246181488
News,L1,1249,hin_Deva,0.8408491611480713
News,L5,1249,hin_Deva,0.9060907959938049
News,L20,1249,hin_Deva,0.887613832950592
News,L1,1251,hin_Deva,0.9793983697891235
News,L5,1251,hin_Deva,0.9982494115829468
News,L20,1251,hin_Deva,0.9949520230293274
News,L1,1256,hin_Deva,0.9994855523109436
News,L5,1256,hin_Deva,0.9804678559303284
News,L20,1256,hin_Deva,0.9793330430984497
News,L1,1264,hin_Deva,0.9646441340446472
News,L5,1264,hin_Deva,0.639466404914856
News,L20,1264,hin_Deva,0.7943121790885925
News,L1,1270,hin_Deva,0.9182191491127014
News,L5,1270,hin_Deva,0.9870470762252808
News,L20,1270,hin_Deva,0.9765467643737793
News,L1,1276,anp_Deva,0.7753686904907227
News,L5,1276,hin_Deva,0.8010801672935486
News,L20,1276,hin_Deva,0.8027436137199402
News,L1,1280,hin_Deva,0.9027396440505981
News,L5,1280,hin_Deva,0.9890744090080261
News,L20,1280,hin_Deva,0.9944498538970947
News,L1,1282,hin_Deva,0.7161580920219421
News,L5,1282,hin_Deva,0.9949867129325867
News,L20,1282,hin_Deva,0.9726657271385193
News,L1,1299,hin_Deva,0.5953691005706787
News,L5,1299,anp_Deva,0.5492444038391113
News,L20,1299,anp_Deva,0.6129031181335449
News,L1,1300,hin_Deva,0.9994496703147888
News,L5,1300,hin_Deva,0.9897466897964478
News,L20,1300,hin_Deva,0.9950549602508545
News,L1,1313,hin_Deva,0.8708400130271912
News,L5,1313,hin_Deva,0.9991928935050964
News,L20,1313,hin_Deva,0.9975811839103699
News,L1,1341,hin_Deva,0.9990254640579224
News,L5,1341,hin_Deva,0.9909526705741882
News,L20,1341,hin_Deva,0.9890472292900085
News,L1,1346,awa_Deva,0.6175798773765564
News,L5,1346,hin_Deva,0.9822629690170288
News,L20,1346,hin_Deva,0.9841054677963257
News,L1,1349,hin_Deva,0.9036433696746826
News,L5,1349,hin_Deva,0.961120069026947
News,L20,1349,hin_Deva,0.9136773347854614
News,L1,1358,hin_Deva,0.9260233044624329
News,L5,1358,hin_Deva,0.9004971981048584
News,L20,1358,hin_Deva,0.8672226667404175
News,L1,1359,anp_Deva,0.8617368340492249
News,L5,1359,hin_Deva,0.8321361541748047
News,L20,1359,hin_Deva,0.989040195941925
News,L1,1368,hin_Deva,0.8172503709793091
News,L5,1368,hin_Deva,0.8673868775367737
News,L20,1368,hin_Deva,0.9105950593948364
News,L1,1381,hin_Deva,0.9639548063278198
News,L5,1381,hin_Deva,0.6381099224090576
News,L20,1381,hin_Deva,0.8467745184898376
News,L1,1392,hin_Deva,0.9953474998474121
News,L5,1392,hin_Deva,0.9923022985458374
News,L20,1392,hin_Deva,0.9947834610939026
News,L1,1394,hin_Deva,0.9826903939247131
News,L5,1394,hin_Deva,0.96861732006073
News,L20,1394,hin_Deva,0.9857059121131897
News,L1,1406,hin_Deva,0.9817184209823608
News,L5,1406,hin_Deva,0.9941576719284058
News,L20,1406,hin_Deva,0.9815355539321899
News,L1,1412,hin_Deva,0.9984350204467773
News,L5,1412,hin_Deva,0.9911757111549377
News,L20,1412,hin_Deva,0.9010130763053894
News,L1,1413,hin_Deva,0.6239697933197021
News,L5,1413,hin_Deva,0.8400647044181824
News,L20,1413,hin_Deva,0.8705873489379883
News,L1,1414,hin_Deva,0.6444157958030701
News,L5,1414,hin_Deva,0.8113723397254944
News,L20,1414,hin_Deva,0.9498437643051147
News,L1,1416,hin_Deva,0.7926630973815918
News,L5,1416,hin_Deva,0.8786203861236572
News,L20,1416,hin_Deva,0.7273970246315002
News,L1,1425,anp_Deva,0.7288227677345276
News,L5,1425,hin_Deva,0.9656873345375061
News,L20,1425,hin_Deva,0.9956594109535217
News,L1,1429,hin_Deva,0.9903227090835571
News,L5,1429,anp_Deva,0.8839998245239258
News,L20,1429,hin_Deva,0.6869595050811768
News,L1,1434,hin_Deva,0.606026828289032
News,L5,1434,hin_Deva,0.9989418387413025
News,L20,1434,hin_Deva,0.9975391030311584
News,L1,1442,hin_Deva,0.9875524640083313
News,L5,1442,hin_Deva,0.9912042617797852
News,L20,1442,hin_Deva,0.9942027926445007
News,L1,1446,hin_Deva,0.994175374507904
News,L5,1446,hin_Deva,0.9632288217544556
News,L20,1446,hin_Deva,0.8554956316947937
News,L1,1450,hin_Deva,0.9988886713981628
News,L5,1450,hin_Deva,0.9346128106117249
News,L20,1450,hin_Deva,0.7326216101646423
News,L1,1464,anp_Deva,0.7744939923286438
News,L5,1464,hin_Deva,0.8890508413314819
News,L20,1464,hin_Deva,0.9755792617797852
News,L1,1471,hin_Deva,0.8835660219192505
News,L5,1471,hin_Deva,0.9313176274299622
News,L20,1471,hin_Deva,0.960163414478302
News,L1,1474,hin_Deva,0.5338881611824036
News,L5,1474,hin_Deva,0.9197820425033569
News,L20,1474,hin_Deva,0.8545673489570618
News,L1,1480,hin_Deva,0.9788133502006531
News,L5,1480,hin_Deva,0.9688388109207153
News,L20,1480,hin_Deva,0.9878255128860474
News,L1,1482,anp_Deva,0.5712966322898865
News,L5,1482,hin_Deva,0.6808990836143494
News,L20,1482,hin_Deva,0.8867880702018738
News,L1,1483,anp_Deva,0.984094500541687
News,L5,1483,anp_Deva,0.865699827671051
News,L20,1483,hin_Deva,0.796570360660553
News,L1,1485,hin_Deva,0.95453280210495
News,L5,1485,hin_Deva,0.7140061259269714
News,L20,1485,hin_Deva,0.8450049757957458
News,L1,1495,anp_Deva,0.8455619812011719
News,L5,1495,anp_Deva,0.5753426551818848
News,L20,1495,hin_Deva,0.685274600982666
News,L1,1509,hin_Deva,0.9299526214599609
News,L5,1509,hin_Deva,0.9848340749740601
News,L20,1509,hin_Deva,0.9962667226791382
News,L1,1515,hin_Deva,0.8796029090881348
News,L5,1515,hin_Deva,0.6438002586364746
News,L20,1515,hin_Deva,0.6153013110160828
News,L1,1521,hin_Deva,0.9640861749649048
News,L5,1521,hin_Deva,0.97529536485672
News,L20,1521,hin_Deva,0.9905188083648682
News,L1,1544,anp_Deva,0.9583388566970825
News,L5,1544,anp_Deva,0.7424501180648804
News,L20,1544,anp_Deva,0.7235830426216125
News,L1,1579,hin_Deva,0.9655553698539734
News,L5,1579,hin_Deva,0.9790313243865967
News,L20,1579,hin_Deva,0.9840578436851501
News,L1,1581,hin_Deva,0.9535954594612122
News,L5,1581,hin_Deva,0.9284544587135315
News,L20,1581,hin_Deva,0.9291462302207947
News,L1,1599,hin_Deva,0.8235889673233032
News,L5,1599,hin_Deva,0.8544049859046936
News,L20,1599,hin_Deva,0.7753888368606567
News,L1,1606,anp_Deva,0.9856047630310059
News,L5,1606,anp_Deva,0.5687106251716614
News,L20,1606,hin_Deva,0.8887491822242737
News,L1,1617,hin_Deva,0.6357619762420654
News,L5,1617,hin_Deva,0.9420353174209595
News,L20,1617,hin_Deva,0.9846007823944092
News,L1,1620,hin_Deva,0.6146214008331299
News,L5,1620,hin_Deva,0.5488038659095764
News,L20,1620,hin_Deva,0.8792705535888672
News,L1,1633,hin_Deva,0.828335165977478
News,L5,1633,anp_Deva,0.9713656902313232
News,L20,1633,anp_Deva,0.7026792764663696
News,L1,1634,hin_Deva,0.7197155952453613
News,L5,1634,hin_Deva,0.8245922923088074
News,L20,1634,hin_Deva,0.6970140933990479
News,L1,1638,hin_Deva,0.9706704020500183
News,L5,1638,hin_Deva,0.8277007937431335
News,L20,1638,hin_Deva,0.5385428667068481
News,L1,1640,hin_Deva,0.9740816950798035
News,L5,1640,hin_Deva,0.9934406876564026
News,L20,1640,hin_Deva,0.9929999113082886
News,L1,1653,hin_Deva,0.8938857316970825
News,L5,1653,hin_Deva,0.9869757890701294
News,L20,1653,hin_Deva,0.9547153115272522
News,L1,1682,hin_Deva,0.9882728457450867
News,L5,1682,hin_Deva,0.7360035181045532
News,L20,1682,hin_Deva,0.9751261472702026
News,L1,1686,hin_Deva,0.9494839310646057
News,L5,1686,hin_Deva,0.9540516138076782
News,L20,1686,hin_Deva,0.9841708540916443
News,L1,1696,hin_Deva,0.8473654389381409
News,L5,1696,hin_Deva,0.9225544333457947
News,L20,1696,hin_Deva,0.9706526398658752
News,L1,1701,hin_Deva,0.9495303630828857
News,L5,1701,hin_Deva,0.9902634024620056
News,L20,1701,hin_Deva,0.9977853894233704
News,L1,1712,hin_Deva,0.9783328771591187
News,L5,1712,hin_Deva,0.9045557379722595
News,L20,1712,hin_Deva,0.9934586882591248
News,L1,1715,hin_Deva,0.9860279560089111
News,L5,1715,hin_Deva,0.9707844853401184
News,L20,1715,hin_Deva,0.9531539082527161
News,L1,1716,hin_Deva,0.8810792565345764
News,L5,1716,hin_Deva,0.970799446105957
News,L20,1716,hin_Deva,0.9722028970718384
News,L1,1725,hin_Deva,0.9839398264884949
News,L5,1725,hin_Deva,0.9534091353416443
News,L20,1725,hin_Deva,0.9019637107849121
News,L1,1732,hin_Deva,0.9707170128822327
News,L5,1732,hin_Deva,0.9789959192276001
News,L20,1732,hin_Deva,0.9866098761558533
News,L1,1733,anp_Deva,0.7158429622650146
News,L5,1733,hin_Deva,0.9067680239677429
News,L20,1733,hin_Deva,0.9387982487678528
News,L1,1734,anp_Deva,0.6257484555244446
News,L5,1734,anp_Deva,0.8466227650642395
News,L20,1734,anp_Deva,0.5172234177589417
News,L1,1748,hin_Deva,0.7468957901000977
News,L5,1748,hin_Deva,0.9393107891082764
News,L20,1748,hin_Deva,0.8887156248092651
News,L1,1750,anp_Deva,0.9924572706222534
News,L5,1750,hin_Deva,0.8473084568977356
News,L20,1750,hin_Deva,0.8073011040687561
News,L1,1751,anp_Deva,0.5222368836402893
News,L5,1751,hin_Deva,0.9335930943489075
News,L20,1751,hin_Deva,0.8860190510749817
News,L1,1762,hin_Deva,0.9213929176330566
News,L5,1762,hin_Deva,0.8562615513801575
News,L20,1762,hin_Deva,0.9839355945587158
News,L1,1776,hin_Deva,0.991908073425293
News,L5,1776,hin_Deva,0.9564498662948608
News,L20,1776,hin_Deva,0.9602125883102417
News,L1,1795,anp_Deva,0.5658090114593506
News,L5,1795,anp_Deva,0.4388686716556549
News,L20,1795,hin_Deva,0.7177011966705322
News,L1,1798,hin_Deva,0.9747788310050964
News,L5,1798,hin_Deva,0.9942933917045593
News,L20,1798,hin_Deva,0.9951021671295166
News,L1,1805,hin_Deva,0.867464005947113
News,L5,1805,hin_Deva,0.813278317451477
News,L20,1805,hin_Deva,0.6468287706375122
News,L1,1819,anp_Deva,0.8700981140136719
News,L5,1819,hin_Deva,0.5813626646995544
News,L20,1819,hin_Deva,0.5765133500099182
News,L1,1841,hin_Deva,0.9768040776252747
News,L5,1841,hin_Deva,0.9954413175582886
News,L20,1841,hin_Deva,0.987126886844635
News,L1,1863,hin_Deva,0.6356887221336365
News,L5,1863,anp_Deva,0.6567047834396362
News,L20,1863,hin_Deva,0.9658054113388062
News,L1,1893,hin_Deva,0.8619412779808044
News,L5,1893,hin_Deva,0.9827612042427063
News,L20,1893,hin_Deva,0.9975768327713013
News,L1,1923,hin_Deva,0.5461748838424683
News,L5,1923,hin_Deva,0.922694981098175
News,L20,1923,hin_Deva,0.9821211695671082
News,L1,1927,hin_Deva,0.7435773611068726
News,L5,1927,hin_Deva,0.5952154397964478
News,L20,1927,hin_Deva,0.5948493480682373
News,L1,1933,anp_Deva,0.6119670271873474
News,L5,1933,hin_Deva,0.7050682902336121
News,L20,1933,hin_Deva,0.9307098388671875
News,L1,1946,hin_Deva,0.5715961456298828
News,L5,1946,hin_Deva,0.9875560402870178
News,L20,1946,hin_Deva,0.9912663698196411
News,L1,1950,hin_Deva,0.8242161870002747
News,L5,1950,hin_Deva,0.9814316034317017
News,L20,1950,hin_Deva,0.9777129292488098
News,L1,1964,anp_Deva,0.9954304099082947
News,L5,1964,anp_Deva,0.5632584095001221
News,L20,1964,hin_Deva,0.7159263491630554
News,L1,1985,hin_Deva,0.943452775478363
News,L5,1985,hin_Deva,0.8488888740539551
News,L20,1985,hin_Deva,0.961214005947113
News,L1,1996,hin_Deva,0.9480842351913452
News,L5,1996,hin_Deva,0.9435021877288818
News,L20,1996,hin_Deva,0.9746313691139221
News,L1,2008,hin_Deva,0.980600893497467
News,L5,2008,hin_Deva,0.9904465079307556
News,L20,2008,hin_Deva,0.9932044744491577
News,L1,2010,hin_Deva,0.9976115822792053
News,L5,2010,hin_Deva,0.9945488572120667
News,L20,2010,hin_Deva,0.9907878637313843
News,L1,2025,hin_Deva,0.9983495473861694
News,L5,2025,hin_Deva,0.9925546646118164
News,L20,2025,hin_Deva,0.9831860065460205
News,L1,2027,hin_Deva,0.799559473991394
News,L5,2027,hin_Deva,0.9448040723800659
News,L20,2027,hin_Deva,0.9854544997215271
News,L1,2038,anp_Deva,0.7229851484298706
News,L5,2038,anp_Deva,0.9543687105178833
News,L20,2038,anp_Deva,0.7688161134719849
News,L1,2047,hin_Deva,0.9410267472267151
News,L5,2047,hin_Deva,0.9949321150779724
News,L20,2047,hin_Deva,0.9957992434501648
News,L1,2050,hin_Deva,0.978998064994812
News,L5,2050,hin_Deva,0.9946669340133667
News,L20,2050,hin_Deva,0.9911496043205261
News,L1,2057,hin_Deva,0.9932697415351868
News,L5,2057,hin_Deva,0.8419068455696106
News,L20,2057,hin_Deva,0.677473247051239
News,L1,2058,hin_Deva,0.999583899974823
News,L5,2058,hin_Deva,0.9961480498313904
News,L20,2058,hin_Deva,0.9825555086135864
News,L1,2060,hin_Deva,0.831662118434906
News,L5,2060,hin_Deva,0.8808155655860901
News,L20,2060,hin_Deva,0.6283174753189087
News,L1,2072,hin_Deva,0.734149694442749
News,L5,2072,hin_Deva,0.8163245916366577
News,L20,2072,hin_Deva,0.9537630677223206
News,L1,2082,hin_Deva,0.9360241293907166
News,L5,2082,hin_Deva,0.8718826770782471
News,L20,2082,hin_Deva,0.8777155876159668
News,L1,2094,hin_Deva,0.9667109251022339
News,L5,2094,anp_Deva,0.5420457124710083
News,L20,2094,hin_Deva,0.623110294342041
News,L1,2103,hin_Deva,0.6630521416664124
News,L5,2103,anp_Deva,0.557136058807373
News,L20,2103,hin_Deva,0.6616061925888062
News,L1,2104,hin_Deva,0.6138396263122559
News,L5,2104,hin_Deva,0.8592996597290039
News,L20,2104,hin_Deva,0.9861227869987488
News,L1,2105,anp_Deva,0.9998911619186401
News,L5,2105,anp_Deva,0.8373727798461914
News,L20,2105,anp_Deva,0.8777170777320862
News,L1,2112,hin_Deva,0.9513790607452393
News,L5,2112,hin_Deva,0.9917430877685547
News,L20,2112,hin_Deva,0.9949272871017456
News,L1,2113,anp_Deva,0.9938192963600159
News,L5,2113,anp_Deva,0.5098233222961426
News,L20,2113,hin_Deva,0.579694926738739
News,L1,2117,anp_Deva,0.6709932088851929
News,L5,2117,hin_Deva,0.614879846572876
News,L20,2117,hin_Deva,0.8119306564331055
News,L1,2125,hin_Deva,0.9761866331100464
News,L5,2125,hin_Deva,0.9903854727745056
News,L20,2125,hin_Deva,0.9684520363807678
News,L1,2127,hin_Deva,0.9897793531417847
News,L5,2127,hin_Deva,0.941253662109375
News,L20,2127,hin_Deva,0.9745765924453735
News,L1,2131,hin_Deva,0.8808892965316772
News,L5,2131,hin_Deva,0.9197824597358704
News,L20,2131,hin_Deva,0.8682816028594971
News,L1,2139,hin_Deva,0.9864749908447266
News,L5,2139,hin_Deva,0.9812827110290527
News,L20,2139,hin_Deva,0.9158897995948792
News,L1,2140,hin_Deva,0.9730443954467773
News,L5,2140,hin_Deva,0.994368851184845
News,L20,2140,hin_Deva,0.9935924410820007
News,L1,2142,hin_Deva,0.9683122038841248
News,L5,2142,hin_Deva,0.9134595394134521
News,L20,2142,hin_Deva,0.9633045792579651
News,L1,2145,hin_Deva,0.9838969111442566
News,L5,2145,hin_Deva,0.9762426614761353
News,L20,2145,hin_Deva,0.9853570461273193
News,L1,2159,anp_Deva,0.7958398461341858
News,L5,2159,hin_Deva,0.6054333448410034
News,L20,2159,hin_Deva,0.6182987093925476
News,L1,2182,anp_Deva,0.9111583232879639
News,L5,2182,hin_Deva,0.9892748594284058
News,L20,2182,hin_Deva,0.984889805316925
News,L1,2186,anp_Deva,0.946537435054779
News,L5,2186,anp_Deva,0.7020858526229858
News,L20,2186,anp_Deva,0.6040356159210205
News,L1,2187,hin_Deva,0.6987125277519226
News,L5,2187,hin_Deva,0.9867761135101318
News,L20,2187,hin_Deva,0.9777276515960693
News,L1,2195,hin_Deva,0.9313643574714661
News,L5,2195,hin_Deva,0.6158029437065125
News,L20,2195,hin_Deva,0.9387450814247131
News,L1,2196,hin_Deva,0.9604317545890808
News,L5,2196,hin_Deva,0.8341966271400452
News,L20,2196,hin_Deva,0.9540172815322876
News,L1,2237,mar_Deva,0.5324063897132874
News,L5,2237,hin_Deva,0.9532055854797363
News,L20,2237,hin_Deva,0.9886200428009033
News,L1,2245,hin_Deva,0.7737168073654175
News,L5,2245,anp_Deva,0.6934242844581604
News,L20,2245,anp_Deva,0.6440035104751587
News,L1,2246,hin_Deva,0.9900462627410889
News,L5,2246,hin_Deva,0.823839545249939
News,L20,2246,hin_Deva,0.9231398105621338
News,L1,2255,hin_Deva,0.8709644675254822
News,L5,2255,hin_Deva,0.9631515145301819
News,L20,2255,hin_Deva,0.9650720953941345
News,L1,2259,hin_Deva,0.9599937796592712
News,L5,2259,hin_Deva,0.9728205800056458
News,L20,2259,hin_Deva,0.9059717655181885
News,L1,2286,hin_Deva,0.8400078415870667
News,L5,2286,hin_Deva,0.9480982422828674
News,L20,2286,hin_Deva,0.9861524701118469
News,L1,2292,anp_Deva,0.9853017330169678
News,L5,2292,anp_Deva,0.879779577255249
News,L20,2292,anp_Deva,0.8230562210083008
News,L1,2296,hin_Deva,0.9973124265670776
News,L5,2296,hin_Deva,0.9911032319068909
News,L20,2296,hin_Deva,0.9804343581199646
News,L1,2298,hin_Deva,0.9854520559310913
News,L5,2298,hin_Deva,0.6816495060920715
News,L20,2298,anp_Deva,0.5372148156166077
News,L1,2313,hin_Deva,0.8808160424232483
News,L5,2313,anp_Deva,0.5579040050506592
News,L20,2313,hin_Deva,0.8503429293632507
News,L1,2314,hin_Deva,0.8730974793434143
News,L5,2314,hin_Deva,0.9893059134483337
News,L20,2314,hin_Deva,0.9221358299255371
News,L1,2326,anp_Deva,0.7355775833129883
News,L5,2326,hin_Deva,0.5755550861358643
News,L20,2326,anp_Deva,0.7547532916069031
News,L1,2342,hin_Deva,0.9497347474098206
News,L5,2342,hin_Deva,0.687751829624176
News,L20,2342,hin_Deva,0.9324430823326111
News,L1,2349,anp_Deva,0.9780558347702026
News,L5,2349,hin_Deva,0.9224520921707153
News,L20,2349,hin_Deva,0.967295229434967
News,L1,2372,hin_Deva,0.9942103624343872
News,L5,2372,hin_Deva,0.9915154576301575
News,L20,2372,hin_Deva,0.9929273128509521
News,L1,2380,hin_Deva,0.9482980370521545
News,L5,2380,hin_Deva,0.9980224370956421
News,L20,2380,hin_Deva,0.9988476634025574
News,L1,2386,hin_Deva,0.9379940629005432
News,L5,2386,hin_Deva,0.9975274801254272
News,L20,2386,hin_Deva,0.9953158497810364
News,L1,2393,hin_Deva,0.7202947735786438
News,L5,2393,hin_Deva,0.45086413621902466
News,L20,2393,hin_Deva,0.6399716138839722
News,L1,2401,hin_Deva,0.5188265442848206
News,L5,2401,hin_Deva,0.9749759435653687
News,L20,2401,hin_Deva,0.8853896260261536
News,L1,2406,hin_Deva,0.9613211750984192
News,L5,2406,hin_Deva,0.9638423919677734
News,L20,2406,hin_Deva,0.9887262582778931
News,L1,2411,anp_Deva,0.9018872976303101
News,L5,2411,hin_Deva,0.5743469595909119
News,L20,2411,anp_Deva,0.7503910660743713
News,L1,2417,anp_Deva,0.9015099406242371
News,L5,2417,anp_Deva,0.7882723808288574
News,L20,2417,anp_Deva,0.6530653834342957
News,L1,2422,hin_Deva,0.9448179602622986
News,L5,2422,hin_Deva,0.8955497145652771
News,L20,2422,hin_Deva,0.9698049426078796
News,L1,2433,hin_Deva,0.9736418128013611
News,L5,2433,hin_Deva,0.9922574758529663
News,L20,2433,hin_Deva,0.9887668490409851
News,L1,2437,anp_Deva,0.9287475347518921
News,L5,2437,hin_Deva,0.8644477128982544
News,L20,2437,hin_Deva,0.9505894780158997
News,L1,2444,hin_Deva,0.7887047529220581
News,L5,2444,hin_Deva,0.9871777892112732
News,L20,2444,hin_Deva,0.9973774552345276
News,L1,2446,anp_Deva,0.6439312696456909
News,L5,2446,anp_Deva,0.6389390230178833
News,L20,2446,anp_Deva,0.5160776972770691
News,L1,2448,hin_Deva,0.9786416292190552
News,L5,2448,hin_Deva,0.9934275150299072
News,L20,2448,hin_Deva,0.9918703436851501
News,L1,2455,hin_Deva,0.4863168001174927
News,L5,2455,hin_Deva,0.7018210291862488
News,L20,2455,hin_Deva,0.6853638887405396
News,L1,2459,anp_Deva,0.9998792409896851
News,L5,2459,anp_Deva,0.8104058504104614
News,L20,2459,hin_Deva,0.5650491118431091
News,L1,2460,anp_Deva,0.8128315806388855
News,L5,2460,hin_Deva,0.989373505115509
News,L20,2460,hin_Deva,0.9879041314125061
News,L1,2461,anp_Deva,0.5600205659866333
News,L5,2461,hin_Deva,0.8000605702400208
News,L20,2461,hin_Deva,0.9386213421821594
News,L1,2463,hin_Deva,0.7950939536094666
News,L5,2463,hin_Deva,0.9902679920196533
News,L20,2463,hin_Deva,0.988824188709259
News,L1,2464,hin_Deva,0.9967739582061768
News,L5,2464,hin_Deva,0.9531601667404175
News,L20,2464,hin_Deva,0.9717779755592346
News,L1,2469,anp_Deva,0.9994336366653442
News,L5,2469,anp_Deva,0.9486419558525085
News,L20,2469,anp_Deva,0.8396464586257935
News,L1,2471,anp_Deva,0.8662469983100891
News,L5,2471,hin_Deva,0.9703623652458191
News,L20,2471,hin_Deva,0.9801579713821411
News,L1,2496,hin_Deva,0.956805408000946
News,L5,2496,hin_Deva,0.9956364631652832
News,L20,2496,hin_Deva,0.9966311454772949
News,L1,2512,hin_Deva,0.9948621392250061
News,L5,2512,hin_Deva,0.9745835065841675
News,L20,2512,hin_Deva,0.9766321778297424
News,L1,2515,hin_Deva,0.8240865468978882
News,L5,2515,hin_Deva,0.931230366230011
News,L20,2515,hin_Deva,0.9196891784667969
News,L1,2519,hin_Deva,0.7866327166557312
News,L5,2519,hin_Deva,0.9971886873245239
News,L20,2519,hin_Deva,0.9946537017822266
News,L1,2567,hin_Deva,0.542357325553894
News,L5,2567,hin_Deva,0.493817001581192
News,L20,2567,hin_Deva,0.7200366258621216
News,L1,2575,hin_Deva,0.5399845838546753
News,L5,2575,hin_Deva,0.9979764223098755
News,L20,2575,hin_Deva,0.9943700432777405
News,L1,2579,hin_Deva,0.9970998167991638
News,L5,2579,hin_Deva,0.9938191771507263
News,L20,2579,hin_Deva,0.9879228472709656
News,L1,2580,hin_Deva,0.8662804961204529
News,L5,2580,hin_Deva,0.9353007674217224
News,L20,2580,hin_Deva,0.9516521096229553
News,L1,2584,hin_Deva,0.9360780119895935
News,L5,2584,hin_Deva,0.9819530844688416
News,L20,2584,hin_Deva,0.995991587638855
News,L1,2592,hin_Deva,0.6274619698524475
News,L5,2592,anp_Deva,0.5277668833732605
News,L20,2592,hin_Deva,0.6313710808753967
News,L1,2594,hin_Deva,0.9358541965484619
News,L5,2594,hin_Deva,0.8840804100036621
News,L20,2594,hin_Deva,0.9762746691703796
News,L1,2598,hin_Deva,0.9672569632530212
News,L5,2598,hin_Deva,0.9560843706130981
News,L20,2598,hin_Deva,0.9394556879997253
News,L1,2603,hin_Deva,0.6238426566123962
News,L5,2603,hin_Deva,0.9330410957336426
News,L20,2603,hin_Deva,0.9839816093444824
News,L1,2625,hin_Deva,0.6908537149429321
News,L5,2625,hin_Deva,0.9267464876174927
News,L20,2625,hin_Deva,0.9715617299079895
News,L1,2630,awa_Deva,0.9981769323348999
News,L5,2630,hin_Deva,0.6512557864189148
News,L20,2630,hin_Deva,0.9139502644538879
News,L1,2642,hin_Deva,0.6691164970397949
News,L5,2642,anp_Deva,0.7446771860122681
News,L20,2642,hin_Deva,0.5637375712394714
News,L1,2643,hin_Deva,0.9613922238349915
News,L5,2643,hin_Deva,0.9307298064231873
News,L20,2643,hin_Deva,0.9196792840957642
News,L1,2646,awa_Deva,0.5358870029449463
News,L5,2646,anp_Deva,0.8630508184432983
News,L20,2646,anp_Deva,0.6851796507835388
News,L1,2650,anp_Deva,0.9990829229354858
News,L5,2650,hin_Deva,0.6120823621749878
News,L20,2650,hin_Deva,0.8885472416877747
News,L1,2657,hin_Deva,0.9637842178344727
News,L5,2657,hin_Deva,0.9936607480049133
News,L20,2657,hin_Deva,0.9914001226425171
News,L1,2681,anp_Deva,0.809609055519104
News,L5,2681,anp_Deva,0.9842920899391174
News,L20,2681,anp_Deva,0.6561233401298523
News,L1,2683,anp_Deva,0.6829656362533569
News,L5,2683,hin_Deva,0.5565761923789978
News,L20,2683,hin_Deva,0.6177176833152771
News,L1,2685,hin_Deva,0.9543953537940979
News,L5,2685,hin_Deva,0.9965084791183472
News,L20,2685,hin_Deva,0.9970827102661133
News,L1,2690,hin_Deva,0.8654059171676636
News,L5,2690,hin_Deva,0.6416340470314026
News,L20,2690,anp_Deva,0.5234118700027466
News,L1,2695,hin_Deva,0.9921714663505554
News,L5,2695,hin_Deva,0.9844828248023987
News,L20,2695,hin_Deva,0.9779102206230164
News,L1,2704,anp_Deva,0.9230774641036987
News,L5,2704,hin_Deva,0.7668968439102173
News,L20,2704,hin_Deva,0.9077549576759338
News,L1,2705,hin_Deva,0.9507225155830383
News,L5,2705,hin_Deva,0.9015046954154968
News,L20,2705,hin_Deva,0.8238856792449951
News,L1,2730,hin_Deva,0.9837365746498108
News,L5,2730,hin_Deva,0.9037688374519348
News,L20,2730,hin_Deva,0.7400429248809814
News,L1,2759,hin_Deva,0.9989223480224609
News,L5,2759,hin_Deva,0.995483934879303
News,L20,2759,hin_Deva,0.9872220158576965
News,L1,2765,awa_Deva,0.5824108123779297
News,L5,2765,hin_Deva,0.9730783700942993
News,L20,2765,hin_Deva,0.9882290363311768
News,L1,2772,hin_Deva,0.9700940847396851
News,L5,2772,hin_Deva,0.9937507510185242
News,L20,2772,hin_Deva,0.9563742280006409
News,L1,2776,hin_Deva,0.9786476492881775
News,L5,2776,hin_Deva,0.9803135991096497
News,L20,2776,hin_Deva,0.9890561699867249
News,L1,2779,anp_Deva,0.9737610220909119
News,L5,2779,anp_Deva,0.9623952507972717
News,L20,2779,hin_Deva,0.7161248326301575
News,L1,2790,anp_Deva,0.9800499677658081
News,L5,2790,anp_Deva,0.8013664484024048
News,L20,2790,anp_Deva,0.6441829204559326
News,L1,2792,hin_Deva,0.8159319162368774
News,L5,2792,hin_Deva,0.8095439672470093
News,L20,2792,hin_Deva,0.8304122686386108
News,L1,2799,hin_Deva,0.9184146523475647
News,L5,2799,hin_Deva,0.9908000230789185
News,L20,2799,hin_Deva,0.9946356415748596
News,L1,2800,anp_Deva,0.9875351190567017
News,L5,2800,hin_Deva,0.9863744378089905
News,L20,2800,hin_Deva,0.9933929443359375
News,L1,2803,anp_Deva,0.701004683971405
News,L5,2803,hin_Deva,0.9887388944625854
News,L20,2803,hin_Deva,0.9910064935684204
News,L1,2805,hin_Deva,0.9983381628990173
News,L5,2805,hin_Deva,0.9983791708946228
News,L20,2805,hin_Deva,0.9981594085693359
News,L1,2825,hin_Deva,0.9552382230758667
News,L5,2825,hin_Deva,0.9968951344490051
News,L20,2825,hin_Deva,0.9917659759521484
News,L1,2826,hin_Deva,0.9629061818122864
News,L5,2826,hin_Deva,0.6470224261283875
News,L20,2826,hin_Deva,0.8457080125808716
News,L1,2832,hin_Deva,0.9948418140411377
News,L5,2832,hin_Deva,0.997833251953125
News,L20,2832,hin_Deva,0.9975795149803162
News,L1,2835,anp_Deva,0.9342439770698547
News,L5,2835,hin_Deva,0.9352667927742004
News,L20,2835,hin_Deva,0.9616430997848511
News,L1,2851,anp_Deva,0.9298955202102661
News,L5,2851,hin_Deva,0.7195135354995728
News,L20,2851,anp_Deva,0.57047039270401
News,L1,2855,hin_Deva,0.990533173084259
News,L5,2855,hin_Deva,0.9962059259414673
News,L20,2855,hin_Deva,0.9977632164955139
News,L1,2896,anp_Deva,0.7174677848815918
News,L5,2896,hin_Deva,0.889601469039917
News,L20,2896,hin_Deva,0.8064962029457092
News,L1,2905,hin_Deva,0.9862525463104248
News,L5,2905,hin_Deva,0.9743064045906067
News,L20,2905,hin_Deva,0.9893481731414795
News,L1,2911,hin_Deva,0.9962470531463623
News,L5,2911,hin_Deva,0.9929812550544739
News,L20,2911,hin_Deva,0.9909118413925171
News,L1,2915,hin_Deva,0.9984046816825867
News,L5,2915,hin_Deva,0.986156165599823
News,L20,2915,hin_Deva,0.9962088465690613
News,L1,2918,hin_Deva,0.9691402316093445
News,L5,2918,hin_Deva,0.8993409276008606
News,L20,2918,hin_Deva,0.9511817693710327
News,L1,2925,hin_Deva,0.9970124363899231
News,L5,2925,hin_Deva,0.9970095753669739
News,L20,2925,hin_Deva,0.991203248500824
News,L1,2933,hin_Deva,0.9592722058296204
News,L5,2933,hin_Deva,0.9911771416664124
News,L20,2933,hin_Deva,0.9862185716629028
News,L1,2954,hin_Deva,0.999319314956665
News,L5,2954,hin_Deva,0.9550217390060425
News,L20,2954,hin_Deva,0.9688344597816467
News,L1,2956,anp_Deva,0.7766545414924622
News,L5,2956,hin_Deva,0.5988990664482117
News,L20,2956,hin_Deva,0.7566831111907959
News,L1,2959,hin_Deva,0.8743516802787781
News,L5,2959,hin_Deva,0.8984742164611816
News,L20,2959,anp_Deva,0.503596305847168
News,L1,2964,anp_Deva,0.63792884349823
News,L5,2964,anp_Deva,0.6877428889274597
News,L20,2964,anp_Deva,0.6529587507247925
News,L1,2965,awa_Deva,0.8235918283462524
News,L5,2965,anp_Deva,0.6489226818084717
News,L20,2965,anp_Deva,0.7019073963165283
News,L1,2966,hin_Deva,0.9183542132377625
News,L5,2966,hin_Deva,0.9484691619873047
News,L20,2966,hin_Deva,0.991671085357666
News,L1,2974,hin_Deva,0.9987267255783081
News,L5,2974,hin_Deva,0.9975075125694275
News,L20,2974,hin_Deva,0.9984541535377502
News,L1,2983,hin_Deva,0.9839141368865967
News,L5,2983,hin_Deva,0.9935137629508972
News,L20,2983,hin_Deva,0.997785747051239
News,L1,2987,hin_Deva,0.9508037567138672
News,L5,2987,hin_Deva,0.7759533524513245
News,L20,2987,anp_Deva,0.5508779287338257
News,L1,3009,hin_Deva,0.8136758804321289
News,L5,3009,hin_Deva,0.6160356402397156
News,L20,3009,hin_Deva,0.5986070036888123
News,L1,3021,hin_Deva,0.9997137188911438
News,L5,3021,hin_Deva,0.9983506202697754
News,L20,3021,hin_Deva,0.9978830814361572
News,L1,3037,hin_Deva,0.6348546147346497
News,L5,3037,anp_Deva,0.9062732458114624
News,L20,3037,anp_Deva,0.7717969417572021
News,L1,3043,hin_Deva,0.9859053492546082
News,L5,3043,hin_Deva,0.9908856153488159
News,L20,3043,hin_Deva,0.9845343232154846
News,L1,3044,hin_Deva,0.7773513793945312
News,L5,3044,hin_Deva,0.8441198468208313
News,L20,3044,hin_Deva,0.8244643211364746
News,L1,3045,hin_Deva,0.5229095220565796
News,L5,3045,anp_Deva,0.7015020251274109
News,L20,3045,anp_Deva,0.5651513934135437
News,L1,3053,hin_Deva,0.9959666132926941
News,L5,3053,hin_Deva,0.9638247489929199
News,L20,3053,hin_Deva,0.9847354292869568
News,L1,3068,hin_Deva,0.8979840874671936
News,L5,3068,hin_Deva,0.98311847448349
News,L20,3068,hin_Deva,0.9942949414253235
News,L1,3072,hin_Deva,0.905532956123352
News,L5,3072,hin_Deva,0.9697410464286804
News,L20,3072,hin_Deva,0.9547333717346191
News,L1,3074,awa_Deva,0.5707641243934631
News,L5,3074,anp_Deva,0.8222406506538391
News,L20,3074,hin_Deva,0.7357857823371887
News,L1,3076,hin_Deva,0.9740074872970581
News,L5,3076,hin_Deva,0.9876599907875061
News,L20,3076,hin_Deva,0.9889463782310486
News,L1,3077,hin_Deva,0.8387373089790344
News,L5,3077,hin_Deva,0.8485230803489685
News,L20,3077,hin_Deva,0.571454644203186
News,L1,3095,anp_Deva,0.5466231107711792
News,L5,3095,hin_Deva,0.6802018284797668
News,L20,3095,hin_Deva,0.6791533827781677
News,L1,3111,hin_Deva,0.9004762768745422
News,L5,3111,hin_Deva,0.9875257015228271
News,L20,3111,hin_Deva,0.9549443125724792
News,L1,3140,hin_Deva,0.968489944934845
News,L5,3140,hin_Deva,0.977260410785675
News,L20,3140,hin_Deva,0.9814548492431641
News,L1,3160,hin_Deva,0.9190494418144226
News,L5,3160,anp_Deva,0.9195871353149414
News,L20,3160,hin_Deva,0.6079665422439575
News,L1,3161,hin_Deva,0.9988685846328735
News,L5,3161,hin_Deva,0.9865155816078186
News,L20,3161,hin_Deva,0.9848434329032898
News,L1,3164,hin_Deva,0.9879180788993835
News,L5,3164,hin_Deva,0.9935065507888794
News,L20,3164,hin_Deva,0.9842579364776611
News,L1,3172,hin_Deva,0.9065530300140381
News,L5,3172,hin_Deva,0.889096736907959
News,L20,3172,hin_Deva,0.9931769967079163
News,L1,3179,hin_Deva,0.9292941689491272
News,L5,3179,hin_Deva,0.5466997623443604
News,L20,3179,hin_Deva,0.7258400321006775
News,L1,3197,hin_Deva,0.751455545425415
News,L5,3197,anp_Deva,0.5476911067962646
News,L20,3197,hin_Deva,0.9222492575645447
News,L1,3199,hin_Deva,0.8550280928611755
News,L5,3199,anp_Deva,0.8148747682571411
News,L20,3199,hin_Deva,0.5225673913955688
News,L1,3200,hin_Deva,0.9086124300956726
News,L5,3200,hin_Deva,0.9904634952545166
News,L20,3200,hin_Deva,0.9913284778594971
News,L1,3217,hin_Deva,0.9958996176719666
News,L5,3217,hin_Deva,0.9815594553947449
News,L20,3217,hin_Deva,0.9911054372787476
News,L1,3220,hin_Deva,0.9866058230400085
News,L5,3220,hin_Deva,0.991884171962738
News,L20,3220,hin_Deva,0.9813600778579712
News,L1,3258,anp_Deva,0.9895983934402466
News,L5,3258,anp_Deva,0.9880741238594055
News,L20,3258,anp_Deva,0.9334825277328491
News,L1,3268,anp_Deva,0.9894432425498962
News,L5,3268,anp_Deva,0.6951794624328613
News,L20,3268,hin_Deva,0.6990330219268799
News,L1,3272,hin_Deva,0.8745875358581543
News,L5,3272,hin_Deva,0.8877925276756287
News,L20,3272,hin_Deva,0.9834024310112
News,L1,3273,hin_Deva,0.993651807308197
News,L5,3273,hin_Deva,0.9779706597328186
News,L20,3273,hin_Deva,0.9531236886978149
News,L1,3274,hin_Deva,0.9885061979293823
News,L5,3274,hin_Deva,0.9885604977607727
News,L20,3274,hin_Deva,0.9874667525291443
News,L1,3275,hin_Deva,0.960300624370575
News,L5,3275,hin_Deva,0.9634565711021423
News,L20,3275,hin_Deva,0.9894696474075317
News,L1,3282,hin_Deva,0.7301421761512756
News,L5,3282,hin_Deva,0.9088155627250671
News,L20,3282,hin_Deva,0.9552165865898132
News,L1,3284,hin_Deva,0.9955559968948364
News,L5,3284,hin_Deva,0.9979981184005737
News,L20,3284,hin_Deva,0.9981801509857178
News,L1,3290,hin_Deva,0.9840216636657715
News,L5,3290,hin_Deva,0.6155697703361511
News,L20,3290,hin_Deva,0.6926278471946716
News,L1,3316,hin_Deva,0.9651591181755066
News,L5,3316,hin_Deva,0.9809969663619995
News,L20,3316,hin_Deva,0.9968797564506531
News,L1,3323,hin_Deva,0.9299483299255371
News,L5,3323,hin_Deva,0.7741939425468445
News,L20,3323,hin_Deva,0.6007315516471863
News,L1,3341,hin_Deva,0.9800253510475159
News,L5,3341,hin_Deva,0.9959390759468079
News,L20,3341,hin_Deva,0.9898064732551575
News,L1,3369,hin_Deva,0.9992349147796631
News,L5,3369,hin_Deva,0.6103548407554626
News,L20,3369,hin_Deva,0.8196355104446411
News,L1,3410,hin_Deva,0.996457040309906
News,L5,3410,hin_Deva,0.9600861668586731
News,L20,3410,hin_Deva,0.9346882104873657
News,L1,3438,anp_Deva,0.7385672926902771
News,L5,3438,hin_Deva,0.6307490468025208
News,L20,3438,hin_Deva,0.982397198677063
News,L1,3470,hin_Deva,0.7369740009307861
News,L5,3470,hin_Deva,0.9482418894767761
News,L20,3470,hin_Deva,0.9546284079551697
News,L1,3471,hin_Deva,0.9237779974937439
News,L5,3471,hin_Deva,0.9468694925308228
News,L20,3471,hin_Deva,0.9756867289543152
News,L1,3484,hin_Deva,0.8681966066360474
News,L5,3484,hin_Deva,0.9258493185043335
News,L20,3484,hin_Deva,0.8867676854133606
News,L1,3497,hin_Deva,0.9979484677314758
News,L5,3497,hin_Deva,0.9902617931365967
News,L20,3497,hin_Deva,0.9813342690467834
News,L1,3510,anp_Deva,0.5909927487373352
News,L5,3510,hin_Deva,0.8743511438369751
News,L20,3510,hin_Deva,0.9096511006355286
News,L1,3531,hin_Deva,0.8947988748550415
News,L5,3531,hin_Deva,0.9908185601234436
News,L20,3531,hin_Deva,0.9922808408737183
News,L1,3533,hin_Deva,0.9975978136062622
News,L5,3533,hin_Deva,0.9943031072616577
News,L20,3533,hin_Deva,0.9889340996742249
News,L1,3547,hin_Deva,0.9599465727806091
News,L5,3547,hin_Deva,0.9426625370979309
News,L20,3547,hin_Deva,0.972773015499115
News,L1,3571,hin_Deva,0.9955816268920898
News,L5,3571,hin_Deva,0.9488756656646729
News,L20,3571,hin_Deva,0.9369639158248901
News,L1,3574,hin_Deva,0.9154757857322693
News,L5,3574,hin_Deva,0.8873095512390137
News,L20,3574,hin_Deva,0.7953100800514221
News,L1,3589,hin_Deva,0.8945257067680359
News,L5,3589,hin_Deva,0.9858130216598511
News,L20,3589,hin_Deva,0.9931989908218384
News,L1,3610,hin_Deva,0.7970340847969055
News,L5,3610,hin_Deva,0.987363338470459
News,L20,3610,hin_Deva,0.9874359369277954
News,L1,3620,hin_Deva,0.9561167359352112
News,L5,3620,hin_Deva,0.9954001903533936
News,L20,3620,hin_Deva,0.962205171585083
News,L1,3623,anp_Deva,0.6632537245750427
News,L5,3623,anp_Deva,0.6588960289955139
News,L20,3623,anp_Deva,0.8616002798080444
News,L1,3638,hin_Deva,0.8254396915435791
News,L5,3638,hin_Deva,0.9380948543548584
News,L20,3638,hin_Deva,0.9816307425498962
News,L1,3640,anp_Deva,0.7741406559944153
News,L5,3640,hin_Deva,0.6767357587814331
News,L20,3640,anp_Deva,0.5188242197036743
News,L1,3668,hin_Deva,0.5575800538063049
News,L5,3668,hin_Deva,0.5574726462364197
News,L20,3668,anp_Deva,0.6534940004348755
News,L1,3695,anp_Deva,0.9607630968093872
News,L5,3695,hin_Deva,0.9677649140357971
News,L20,3695,hin_Deva,0.8018094897270203
News,L1,3700,hin_Deva,0.9450270533561707
News,L5,3700,hin_Deva,0.803101122379303
News,L20,3700,anp_Deva,0.6286190152168274
News,L1,3707,anp_Deva,0.6999325752258301
News,L5,3707,hin_Deva,0.8560321927070618
News,L20,3707,hin_Deva,0.7791662812232971
News,L1,3714,hin_Deva,0.5571181774139404
News,L5,3714,hin_Deva,0.8815543055534363
News,L20,3714,hin_Deva,0.8187395930290222
News,L1,3726,anp_Deva,0.9394515752792358
News,L5,3726,hin_Deva,0.9437075853347778
News,L20,3726,hin_Deva,0.9867222309112549
News,L1,3748,hin_Deva,0.6497696042060852
News,L5,3748,hin_Deva,0.8674463629722595
News,L20,3748,hin_Deva,0.9810924530029297
News,L1,3760,hin_Deva,0.9837996363639832
News,L5,3760,hin_Deva,0.9444248676300049
News,L20,3760,hin_Deva,0.9582943916320801
News,L1,3762,hin_Deva,0.9341718554496765
News,L5,3762,hin_Deva,0.8762620687484741
News,L20,3762,hin_Deva,0.8933822512626648
News,L1,3763,hin_Deva,0.9023106694221497
News,L5,3763,hin_Deva,0.9480612874031067
News,L20,3763,hin_Deva,0.9316338300704956
News,L1,3769,hin_Deva,0.6786487698554993
News,L5,3769,hin_Deva,0.9929355382919312
News,L20,3769,hin_Deva,0.9964533448219299
News,L1,3778,hin_Deva,0.940913200378418
News,L5,3778,hin_Deva,0.9878267645835876
News,L20,3778,hin_Deva,0.9778376221656799
News,L1,3793,anp_Deva,0.863182783126831
News,L5,3793,hin_Deva,0.7958030700683594
News,L20,3793,hin_Deva,0.939408004283905
News,L1,3797,anp_Deva,0.9112833142280579
News,L5,3797,anp_Deva,0.6870003938674927
News,L20,3797,hin_Deva,0.7376909852027893
News,L1,3821,anp_Deva,0.9719989895820618
News,L5,3821,hin_Deva,0.7062631249427795
News,L20,3821,anp_Deva,0.7114344239234924
News,L1,3823,hin_Deva,0.8877661824226379
News,L5,3823,hin_Deva,0.8192583322525024
News,L20,3823,hin_Deva,0.8351268768310547
News,L1,3834,hin_Deva,0.9878367781639099
News,L5,3834,hin_Deva,0.9899627566337585
News,L20,3834,hin_Deva,0.9951051473617554
News,L1,3837,hin_Deva,0.9048354029655457
News,L5,3837,hin_Deva,0.9905902743339539
News,L20,3837,hin_Deva,0.9949262142181396
News,L1,3855,hin_Deva,0.7088017463684082
News,L5,3855,hin_Deva,0.9715684056282043
News,L20,3855,hin_Deva,0.9616589546203613
News,L1,3863,hin_Deva,0.8099617958068848
News,L5,3863,hin_Deva,0.7181521654129028
News,L20,3863,anp_Deva,0.5813352465629578
News,L1,3874,hin_Deva,0.8607592582702637
News,L5,3874,hin_Deva,0.8969550728797913
News,L20,3874,hin_Deva,0.9880216121673584
News,L1,3875,hin_Deva,0.9925737977027893
News,L5,3875,hin_Deva,0.9976005554199219
News,L20,3875,hin_Deva,0.9986147284507751
News,L1,3894,hin_Deva,0.9971150755882263
News,L5,3894,hin_Deva,0.9209697842597961
News,L20,3894,hin_Deva,0.9861133098602295
News,L1,3898,anp_Deva,0.7699602842330933
News,L5,3898,anp_Deva,0.8164053559303284
News,L20,3898,anp_Deva,0.5697430372238159
News,L1,3912,hin_Deva,0.9452763199806213
News,L5,3912,hin_Deva,0.9085820913314819
News,L20,3912,hin_Deva,0.9790250658988953
News,L1,3925,hin_Deva,0.7607925534248352
News,L5,3925,hin_Deva,0.9235629439353943
News,L20,3925,hin_Deva,0.972548246383667
News,L1,3934,hin_Deva,0.849872350692749
News,L5,3934,hin_Deva,0.9403637647628784
News,L20,3934,hin_Deva,0.9832025766372681
News,L1,3948,hin_Deva,0.9866515398025513
News,L5,3948,hin_Deva,0.9934763312339783
News,L20,3948,hin_Deva,0.9641933441162109
News,L1,3972,hin_Deva,0.9896689057350159
News,L5,3972,hin_Deva,0.950130045413971
News,L20,3972,hin_Deva,0.9584375023841858
News,L1,3989,hin_Deva,0.9271259307861328
News,L5,3989,hin_Deva,0.9471321702003479
News,L20,3989,hin_Deva,0.9627627730369568
News,L1,3995,anp_Deva,0.9795161485671997
News,L5,3995,anp_Deva,0.6717979311943054
News,L20,3995,hin_Deva,0.6780622601509094
News,L1,4002,hin_Deva,0.776838481426239
News,L5,4002,anp_Deva,0.5139701962471008
News,L20,4002,anp_Deva,0.5751245021820068
News,L1,4009,anp_Deva,0.9415538907051086
News,L5,4009,anp_Deva,0.982796311378479
News,L20,4009,anp_Deva,0.9115513563156128
News,L1,4015,hin_Deva,0.9655851721763611
News,L5,4015,hin_Deva,0.9909154176712036
News,L20,4015,hin_Deva,0.9950443506240845
News,L1,4017,hin_Deva,0.9367934465408325
News,L5,4017,hin_Deva,0.9487867951393127
News,L20,4017,hin_Deva,0.8152493238449097
News,L1,4018,anp_Deva,0.9511699676513672
News,L5,4018,hin_Deva,0.8671298027038574
News,L20,4018,hin_Deva,0.6263803839683533
News,L1,4022,hin_Deva,0.9895102381706238
News,L5,4022,hin_Deva,0.9955443143844604
News,L20,4022,hin_Deva,0.9874210953712463
News,L1,4035,anp_Deva,0.7625642418861389
News,L5,4035,hin_Deva,0.8347476124763489
News,L20,4035,hin_Deva,0.9662520289421082
News,L1,4039,anp_Deva,0.9933400750160217
News,L5,4039,hin_Deva,0.7327603697776794
News,L20,4039,hin_Deva,0.696662187576294
News,L1,4045,hin_Deva,0.803376317024231
News,L5,4045,hin_Deva,0.9861693978309631
News,L20,4045,hin_Deva,0.9872944355010986
News,L1,4078,hin_Deva,0.9978314638137817
News,L5,4078,hin_Deva,0.9964983463287354
News,L20,4078,hin_Deva,0.9690651297569275
News,L1,4097,hin_Deva,0.9477478861808777
News,L5,4097,hin_Deva,0.9956467747688293
News,L20,4097,hin_Deva,0.9804098606109619
News,L1,4098,anp_Deva,0.6549082398414612
News,L5,4098,hin_Deva,0.6178478598594666
News,L20,4098,hin_Deva,0.8841534852981567
News,L1,4107,anp_Deva,0.7709155082702637
News,L5,4107,hin_Deva,0.9234697818756104
News,L20,4107,hin_Deva,0.72012859582901
News,L1,4112,anp_Deva,0.9999537467956543
News,L5,4112,anp_Deva,0.957382082939148
News,L20,4112,anp_Deva,0.939043402671814
News,L1,4115,hin_Deva,0.7789827585220337
News,L5,4115,hin_Deva,0.9888337254524231
News,L20,4115,hin_Deva,0.9952392578125
News,L1,4117,hin_Deva,0.7674768567085266
News,L5,4117,anp_Deva,0.6605070233345032
News,L20,4117,hin_Deva,0.8924256563186646
News,L1,4160,hin_Deva,0.997988760471344
News,L5,4160,hin_Deva,0.9888498187065125
News,L20,4160,hin_Deva,0.9939113855361938
News,L1,4170,hin_Deva,0.9435465931892395
News,L5,4170,hin_Deva,0.9977372288703918
News,L20,4170,hin_Deva,0.9923403859138489
News,L1,4200,hin_Deva,0.9256463646888733
News,L5,4200,hin_Deva,0.9485205411911011
News,L20,4200,hin_Deva,0.95599365234375
News,L1,4201,hin_Deva,0.9973174333572388
News,L5,4201,hin_Deva,0.6025474667549133
News,L20,4201,hin_Deva,0.9415809512138367
News,L1,4217,anp_Deva,0.9914299249649048
News,L5,4217,anp_Deva,0.9135887622833252
News,L20,4217,anp_Deva,0.818137526512146
News,L1,4219,hin_Deva,0.5436273813247681
News,L5,4219,hin_Deva,0.8764002323150635
News,L20,4219,hin_Deva,0.9178072214126587
News,L1,4226,hin_Deva,0.8971537351608276
News,L5,4226,hin_Deva,0.9948329925537109
News,L20,4226,hin_Deva,0.9976595044136047
News,L1,4230,hin_Deva,0.7650881409645081
News,L5,4230,hin_Deva,0.7831717729568481
News,L20,4230,hin_Deva,0.8709522485733032
News,L1,4244,anp_Deva,0.9471772909164429
News,L5,4244,hin_Deva,0.8406804203987122
News,L20,4244,hin_Deva,0.787876307964325
News,L1,4250,hin_Deva,0.7265125513076782
News,L5,4250,hin_Deva,0.6996800303459167
News,L20,4250,hin_Deva,0.9860125780105591
News,L1,4254,hin_Deva,0.9844765663146973
News,L5,4254,hin_Deva,0.8593276143074036
News,L20,4254,hin_Deva,0.9255394339561462
News,L1,4273,hin_Deva,0.9344379305839539
News,L5,4273,hin_Deva,0.9505419731140137
News,L20,4273,hin_Deva,0.9798177480697632
News,L1,4301,hin_Deva,0.9709803462028503
News,L5,4301,anp_Deva,0.6477839946746826
News,L20,4301,anp_Deva,0.5933332443237305
News,L1,4303,hin_Deva,0.9312810301780701
News,L5,4303,hin_Deva,0.9373942017555237
News,L20,4303,hin_Deva,0.9663554430007935
News,L1,4310,hin_Deva,0.8593814373016357
News,L5,4310,hin_Deva,0.9750908613204956
News,L20,4310,hin_Deva,0.8945217728614807
News,L1,4312,hin_Deva,0.9157925248146057
News,L5,4312,hin_Deva,0.9765512943267822
News,L20,4312,hin_Deva,0.9862643480300903
News,L1,4327,hin_Deva,0.9936285018920898
News,L5,4327,hin_Deva,0.995247483253479
News,L20,4327,hin_Deva,0.98726886510849
News,L1,4346,awa_Deva,0.7833607196807861
News,L5,4346,hin_Deva,0.6966959834098816
News,L20,4346,hin_Deva,0.8577308058738708
News,L1,4350,hin_Deva,0.991804301738739
News,L5,4350,hin_Deva,0.9958920478820801
News,L20,4350,hin_Deva,0.9905438423156738
News,L1,4368,hin_Deva,0.996385395526886
News,L5,4368,hin_Deva,0.873886227607727
News,L20,4368,hin_Deva,0.9693635106086731
News,L1,4373,hin_Deva,0.9742662310600281
News,L5,4373,hin_Deva,0.9732935428619385
News,L20,4373,hin_Deva,0.9934133887290955
News,L1,4381,hin_Deva,0.8262460827827454
News,L5,4381,hin_Deva,0.9935901165008545
News,L20,4381,hin_Deva,0.9941885471343994
News,L1,4419,hin_Deva,0.9282220602035522
News,L5,4419,hin_Deva,0.9717789888381958
News,L20,4419,hin_Deva,0.8324306011199951
News,L1,4421,hin_Deva,0.9882075190544128
News,L5,4421,hin_Deva,0.9784416556358337
News,L20,4421,hin_Deva,0.9822204113006592
News,L1,4426,anp_Deva,0.6799743175506592
News,L5,4426,anp_Deva,0.5683127641677856
News,L20,4426,hin_Deva,0.9139432907104492
News,L1,4430,hin_Deva,0.9897757172584534
News,L5,4430,hin_Deva,0.9847804307937622
News,L20,4430,hin_Deva,0.9695174694061279
News,L1,4431,anp_Deva,0.7631332874298096
News,L5,4431,hin_Deva,0.9886837601661682
News,L20,4431,hin_Deva,0.9982425570487976
News,L1,4451,anp_Deva,0.8016998767852783
News,L5,4451,anp_Deva,0.9116700887680054
News,L20,4451,anp_Deva,0.7247265577316284
News,L1,4464,hin_Deva,0.9798867106437683
News,L5,4464,hin_Deva,0.9961588382720947
News,L20,4464,hin_Deva,0.9865723252296448
News,L1,4467,hin_Deva,0.6424143314361572
News,L5,4467,hin_Deva,0.9897521734237671
News,L20,4467,hin_Deva,0.9904523491859436
News,L1,4483,hin_Deva,0.9688897132873535
News,L5,4483,hin_Deva,0.9744168519973755
News,L20,4483,hin_Deva,0.9876496195793152
News,L1,4494,hin_Deva,0.9868711829185486
News,L5,4494,hin_Deva,0.9917138814926147
News,L20,4494,hin_Deva,0.9904698133468628
News,L1,4504,hin_Deva,0.7994958162307739
News,L5,4504,anp_Deva,0.8625707626342773
News,L20,4504,anp_Deva,0.7926301956176758
News,L1,4513,hin_Deva,0.9986907839775085
News,L5,4513,hin_Deva,0.9704794883728027
News,L20,4513,hin_Deva,0.898908793926239
News,L1,4515,hin_Deva,0.9993935823440552
News,L5,4515,hin_Deva,0.9989450573921204
News,L20,4515,hin_Deva,0.9983545541763306
News,L1,4521,hin_Deva,0.9889119863510132
News,L5,4521,hin_Deva,0.9857898950576782
News,L20,4521,hin_Deva,0.9947730898857117
News,L1,4524,anp_Deva,0.5821943283081055
News,L5,4524,hin_Deva,0.9961492419242859
News,L20,4524,hin_Deva,0.996016800403595
News,L1,4526,hin_Deva,0.9878599047660828
News,L5,4526,hin_Deva,0.9961252212524414
News,L20,4526,hin_Deva,0.9933308959007263
News,L1,4529,mup_Deva,0.7919867634773254
News,L5,4529,hin_Deva,0.991856038570404
News,L20,4529,hin_Deva,0.9973322749137878
News,L1,4550,anp_Deva,0.866317629814148
News,L5,4550,anp_Deva,0.7823392152786255
News,L20,4550,anp_Deva,0.6343575716018677
News,L1,4560,anp_Deva,0.8582202196121216
News,L5,4560,hin_Deva,0.7546050548553467
News,L20,4560,hin_Deva,0.7398648262023926
News,L1,4578,hin_Deva,0.9215445518493652
News,L5,4578,hin_Deva,0.9418318867683411
News,L20,4578,hin_Deva,0.995058000087738
News,L1,4586,hin_Deva,0.6739583611488342
News,L5,4586,hin_Deva,0.9857264757156372
News,L20,4586,hin_Deva,0.9866322875022888
News,L1,4600,hin_Deva,0.9488653540611267
News,L5,4600,hin_Deva,0.9909917712211609
News,L20,4600,hin_Deva,0.9588231444358826
News,L1,4622,hin_Deva,0.9288577437400818
News,L5,4622,hin_Deva,0.987542450428009
News,L20,4622,hin_Deva,0.9917102456092834
News,L1,4626,hin_Deva,0.8655226230621338
News,L5,4626,hin_Deva,0.9043210744857788
News,L20,4626,hin_Deva,0.9584089517593384
News,L1,4642,hin_Deva,0.9964951276779175
News,L5,4642,hin_Deva,0.994498074054718
News,L20,4642,hin_Deva,0.9896548986434937
News,L1,4650,anp_Deva,0.7932546734809875
News,L5,4650,hin_Deva,0.9918811321258545
News,L20,4650,hin_Deva,0.988369345664978
News,L1,4682,hin_Deva,0.9965094327926636
News,L5,4682,hin_Deva,0.9420960545539856
News,L20,4682,hin_Deva,0.9815073013305664
News,L1,4686,hin_Deva,0.99946528673172
News,L5,4686,hin_Deva,0.9980517625808716
News,L20,4686,hin_Deva,0.9742483496665955
News,L1,4705,anp_Deva,0.5254275798797607
News,L5,4705,hin_Deva,0.6611882448196411
News,L20,4705,hin_Deva,0.534730076789856
News,L1,4708,hin_Deva,0.9777746200561523
News,L5,4708,hin_Deva,0.993515133857727
News,L20,4708,hin_Deva,0.9957647323608398
News,L1,4746,hin_Deva,0.870365560054779
News,L5,4746,hin_Deva,0.9332054853439331
News,L20,4746,hin_Deva,0.9250980019569397
News,L1,4752,hin_Deva,0.6410430669784546
News,L5,4752,hin_Deva,0.9216731190681458
News,L20,4752,hin_Deva,0.9882707595825195
News,L1,4753,hin_Deva,0.8782352209091187
News,L5,4753,hin_Deva,0.9673374891281128
News,L20,4753,hin_Deva,0.9591115713119507
News,L1,4755,hin_Deva,0.8456465601921082
News,L5,4755,hin_Deva,0.9434900283813477
News,L20,4755,hin_Deva,0.9811895489692688
News,L1,4765,hin_Deva,0.9858532547950745
News,L5,4765,hin_Deva,0.9938958287239075
News,L20,4765,hin_Deva,0.9862523078918457
News,L1,4768,hin_Deva,0.7222839593887329
News,L5,4768,hin_Deva,0.9931687712669373
News,L20,4768,hin_Deva,0.9096477031707764
News,L1,4792,hin_Deva,0.9121065139770508
News,L5,4792,hin_Deva,0.5327566862106323
News,L20,4792,hin_Deva,0.7976081371307373
News,L1,4795,hin_Deva,0.9543620347976685
News,L5,4795,hin_Deva,0.8361356854438782
News,L20,4795,hin_Deva,0.9296219348907471
News,L1,4804,hin_Deva,0.6472830176353455
News,L5,4804,hin_Deva,0.811025857925415
News,L20,4804,hin_Deva,0.9542571306228638
News,L1,4824,hin_Deva,0.985834002494812
News,L5,4824,hin_Deva,0.9903522729873657
News,L20,4824,hin_Deva,0.9774996638298035
News,L1,4826,hin_Deva,0.9153994917869568
News,L5,4826,anp_Deva,0.9288825392723083
News,L20,4826,hin_Deva,0.6937602758407593
News,L1,4833,hin_Deva,0.7966907620429993
News,L5,4833,hin_Deva,0.9637405872344971
News,L20,4833,hin_Deva,0.9643429517745972
News,L1,4834,hin_Deva,0.8664810657501221
News,L5,4834,hin_Deva,0.9741144776344299
News,L20,4834,hin_Deva,0.9742693901062012
News,L1,4840,anp_Deva,0.9593110680580139
News,L5,4840,anp_Deva,0.7452619075775146
News,L20,4840,hin_Deva,0.7896972298622131
News,L1,4852,hin_Deva,0.6637744903564453
News,L5,4852,hin_Deva,0.898216962814331
News,L20,4852,hin_Deva,0.9413041472434998
News,L1,4859,hin_Deva,0.9914295673370361
News,L5,4859,hin_Deva,0.9732825756072998
News,L20,4859,hin_Deva,0.9900346994400024
News,L1,4866,hin_Deva,0.9983189105987549
News,L5,4866,hin_Deva,0.9918006658554077
News,L20,4866,hin_Deva,0.9787492752075195
News,L1,4867,hin_Deva,0.7902783751487732
News,L5,4867,hin_Deva,0.9908145666122437
News,L20,4867,hin_Deva,0.9915198087692261
News,L1,4898,hin_Deva,0.5934740900993347
News,L5,4898,hin_Deva,0.9554591178894043
News,L20,4898,hin_Deva,0.9848498702049255
News,L1,4900,anp_Deva,0.6416955590248108
News,L5,4900,anp_Deva,0.8815248608589172
News,L20,4900,hin_Deva,0.5439183115959167
News,L1,4906,hin_Deva,0.9609695672988892
News,L5,4906,hin_Deva,0.9671797156333923
News,L20,4906,hin_Deva,0.988292396068573
News,L1,4909,hin_Deva,0.9733111262321472
News,L5,4909,hin_Deva,0.9158856272697449
News,L20,4909,hin_Deva,0.97952800989151
News,L1,4928,hin_Deva,0.9929101467132568
News,L5,4928,hin_Deva,0.9932113289833069
News,L20,4928,hin_Deva,0.9965222477912903
News,L1,4935,hin_Deva,0.9180629849433899
News,L5,4935,hin_Deva,0.8426147699356079
News,L20,4935,hin_Deva,0.8594000935554504
News,L1,4948,anp_Deva,0.9960252642631531
News,L5,4948,anp_Deva,0.9992759823799133
News,L20,4948,anp_Deva,0.9885735511779785
News,L1,4961,hin_Deva,0.44511693716049194
News,L5,4961,hin_Deva,0.9751842617988586
News,L20,4961,hin_Deva,0.9699294567108154
News,L1,4981,hin_Deva,0.9999419450759888
News,L5,4981,hin_Deva,0.9838835597038269
News,L20,4981,hin_Deva,0.9932945966720581
News,L1,4985,hin_Deva,0.9848422408103943
News,L5,4985,hin_Deva,0.9741476774215698
News,L20,4985,hin_Deva,0.9904128313064575
News,L1,4989,anp_Deva,0.5634124875068665
News,L5,4989,hin_Deva,0.93202805519104
News,L20,4989,hin_Deva,0.9723939895629883
News,L1,4992,hin_Deva,0.9922526478767395
News,L5,4992,hin_Deva,0.9847089648246765
News,L20,4992,hin_Deva,0.9848095178604126
News,L1,5003,hin_Deva,0.5882712602615356
News,L5,5003,hin_Deva,0.9328882694244385
News,L20,5003,hin_Deva,0.9879344701766968
News,L1,5008,hin_Deva,0.9469257593154907
News,L5,5008,hin_Deva,0.97169029712677
News,L20,5008,hin_Deva,0.9958507418632507
News,L1,5010,anp_Deva,0.9855676293373108
News,L5,5010,hin_Deva,0.6087222695350647
News,L20,5010,hin_Deva,0.8590349555015564
News,L1,5012,hin_Deva,0.8449608087539673
News,L5,5012,hin_Deva,0.894565761089325
News,L20,5012,hin_Deva,0.9573840498924255
News,L1,5035,anp_Deva,0.5560204982757568
News,L5,5035,hin_Deva,0.9827561378479004
News,L20,5035,hin_Deva,0.9099751114845276
News,L1,5040,hin_Deva,0.9688156247138977
News,L5,5040,hin_Deva,0.7427477240562439
News,L20,5040,hin_Deva,0.6141842007637024
News,L1,5043,anp_Deva,0.963738203048706
News,L5,5043,hin_Deva,0.987797200679779
News,L20,5043,hin_Deva,0.9920729994773865
News,L1,5052,hin_Deva,0.8209080100059509
News,L5,5052,hin_Deva,0.9744395017623901
News,L20,5052,hin_Deva,0.9928168058395386
News,L1,5074,anp_Deva,0.9103881120681763
News,L5,5074,hin_Deva,0.775945782661438
News,L20,5074,hin_Deva,0.918248176574707
News,L1,5078,anp_Deva,0.9030281901359558
News,L5,5078,hin_Deva,0.9676845669746399
News,L20,5078,hin_Deva,0.992587149143219
News,L1,5083,hin_Deva,0.9665705561637878
News,L5,5083,hin_Deva,0.7098944783210754
News,L20,5083,hin_Deva,0.637905478477478
News,L1,5084,hin_Deva,0.9903667569160461
News,L5,5084,hin_Deva,0.8909792304039001
News,L20,5084,hin_Deva,0.8486647009849548
News,L1,5087,hin_Deva,0.8758055567741394
News,L5,5087,anp_Deva,0.5416586399078369
News,L20,5087,anp_Deva,0.940777063369751
News,L1,5094,hin_Deva,0.9889414310455322
News,L5,5094,hin_Deva,0.9975006580352783
News,L20,5094,hin_Deva,0.9989967942237854
News,L1,5098,hin_Deva,0.9918678402900696
News,L5,5098,hin_Deva,0.9656269550323486
News,L20,5098,hin_Deva,0.9663046002388
News,L1,5123,hin_Deva,0.9369587302207947
News,L5,5123,hin_Deva,0.8681995868682861
News,L20,5123,hin_Deva,0.5655338168144226
News,L1,5156,hin_Deva,0.8371449112892151
News,L5,5156,hin_Deva,0.9172644019126892
News,L20,5156,hin_Deva,0.9746245741844177
News,L1,5163,hin_Deva,0.7398967146873474
News,L5,5163,hin_Deva,0.9615277647972107
News,L20,5163,hin_Deva,0.9857574105262756
News,L1,5185,hin_Deva,0.9055986404418945
News,L5,5185,hin_Deva,0.9665989875793457
News,L20,5185,hin_Deva,0.9590072631835938
News,L1,5198,anp_Deva,0.9994387030601501
News,L5,5198,anp_Deva,0.9363412857055664
News,L20,5198,hin_Deva,0.717292845249176
News,L1,5203,hin_Deva,0.969933271408081
News,L5,5203,hin_Deva,0.9958693385124207
News,L20,5203,hin_Deva,0.9956364631652832
News,L1,5206,hin_Deva,0.8293443918228149
News,L5,5206,hin_Deva,0.9682072401046753
News,L20,5206,hin_Deva,0.9751186370849609
News,L1,5208,hin_Deva,0.5392445921897888
News,L5,5208,hin_Deva,0.8289896845817566
News,L20,5208,hin_Deva,0.8782051801681519
News,L1,5220,hin_Deva,0.990463376045227
News,L5,5220,hin_Deva,0.9921892881393433
News,L20,5220,hin_Deva,0.9928376078605652
News,L1,5222,hin_Deva,0.8715607523918152
News,L5,5222,hin_Deva,0.996019721031189
News,L20,5222,hin_Deva,0.9645934700965881
News,L1,5223,hin_Deva,0.7833917140960693
News,L5,5223,hin_Deva,0.8698139190673828
News,L20,5223,hin_Deva,0.7566220164299011
News,L1,5229,hin_Deva,0.9689421057701111
News,L5,5229,hin_Deva,0.9958486557006836
News,L20,5229,hin_Deva,0.990596354007721
News,L1,5231,hin_Deva,0.9989339709281921
News,L5,5231,hin_Deva,0.9897336959838867
News,L20,5231,hin_Deva,0.9924908876419067
News,L1,5236,hin_Deva,0.9884443283081055
News,L5,5236,hin_Deva,0.988135814666748
News,L20,5236,hin_Deva,0.9965584874153137
News,L1,5253,hin_Deva,0.9837074875831604
News,L5,5253,hin_Deva,0.995014488697052
News,L20,5253,hin_Deva,0.9978378415107727
News,L1,5269,hin_Deva,0.9929831027984619
News,L5,5269,hin_Deva,0.997613251209259
News,L20,5269,hin_Deva,0.9964797496795654
News,L1,5272,hin_Deva,0.9335774779319763
News,L5,5272,hin_Deva,0.9753751158714294
News,L20,5272,hin_Deva,0.9831975102424622
News,L1,5278,anp_Deva,0.9859138131141663
News,L5,5278,hin_Deva,0.9865349531173706
News,L20,5278,hin_Deva,0.9671683311462402
News,L1,5279,anp_Deva,0.5136590600013733
News,L5,5279,hin_Deva,0.9435864686965942
News,L20,5279,hin_Deva,0.9757139682769775
News,L1,5298,hin_Deva,0.9996274709701538
News,L5,5298,hin_Deva,0.9948433637619019
News,L20,5298,hin_Deva,0.9871665835380554
News,L1,5303,hin_Deva,0.928871214389801
News,L5,5303,hin_Deva,0.9600242376327515
News,L20,5303,hin_Deva,0.9856575727462769
News,L1,5349,anp_Deva,0.9987578392028809
News,L5,5349,anp_Deva,0.9594368934631348
News,L20,5349,hin_Deva,0.61532062292099
News,L1,5352,hin_Deva,0.6725442409515381
News,L5,5352,hin_Deva,0.9156913757324219
News,L20,5352,hin_Deva,0.9707896709442139
News,L1,5355,hin_Deva,0.9884709119796753
News,L5,5355,hin_Deva,0.9857699275016785
News,L20,5355,hin_Deva,0.9918329119682312
News,L1,5359,hin_Deva,0.9971001148223877
News,L5,5359,hin_Deva,0.9979551434516907
News,L20,5359,hin_Deva,0.995901346206665
News,L1,5362,hin_Deva,0.9862431287765503
News,L5,5362,hin_Deva,0.9897506237030029
News,L20,5362,hin_Deva,0.9802900552749634
News,L1,5368,hin_Deva,0.9649711847305298
News,L5,5368,hin_Deva,0.9855996966362
News,L20,5368,hin_Deva,0.9925481677055359
News,L1,5374,hin_Deva,0.9703990817070007
News,L5,5374,hin_Deva,0.9791409373283386
News,L20,5374,hin_Deva,0.9858020544052124
News,L1,5396,hin_Deva,0.605522096157074
News,L5,5396,hin_Deva,0.9771642088890076
News,L20,5396,hin_Deva,0.9731685519218445
News,L1,5399,hin_Deva,0.9997290968894958
News,L5,5399,hin_Deva,0.9879184365272522
News,L20,5399,hin_Deva,0.9753512740135193
News,L1,5416,hin_Deva,0.9902125597000122
News,L5,5416,hin_Deva,0.9661914110183716
News,L20,5416,hin_Deva,0.964992344379425
News,L1,5424,hin_Deva,0.9540057182312012
News,L5,5424,hin_Deva,0.9575977325439453
News,L20,5424,hin_Deva,0.991730809211731
News,L1,5439,hin_Deva,0.9445441365242004
News,L5,5439,hin_Deva,0.9631235599517822
News,L20,5439,hin_Deva,0.9308187961578369
News,L1,5454,hin_Deva,0.8741334676742554
News,L5,5454,hin_Deva,0.9702114462852478
News,L20,5454,hin_Deva,0.9613880515098572
News,L1,5455,hin_Deva,0.9691194295883179
News,L5,5455,hin_Deva,0.9927288293838501
News,L20,5455,hin_Deva,0.9876101016998291
News,L1,5461,hin_Deva,0.9461086392402649
News,L5,5461,hin_Deva,0.9896599054336548
News,L20,5461,hin_Deva,0.9856364130973816
News,L1,5463,hin_Deva,0.9960127472877502
News,L5,5463,hin_Deva,0.9944052696228027
News,L20,5463,hin_Deva,0.9690056443214417
News,L1,5481,hin_Deva,0.9998798370361328
News,L5,5481,hin_Deva,0.9977628588676453
News,L20,5481,hin_Deva,0.9872087836265564
News,L1,5487,hin_Deva,0.9886669516563416
News,L5,5487,hin_Deva,0.986575186252594
News,L20,5487,hin_Deva,0.9924151301383972
News,L1,5528,hin_Deva,0.8769100308418274
News,L5,5528,hin_Deva,0.9477875232696533
News,L20,5528,hin_Deva,0.9193595051765442
News,L1,5531,anp_Deva,0.9830811619758606
News,L5,5531,anp_Deva,0.8156014084815979
News,L20,5531,hin_Deva,0.681973397731781
News,L1,5548,hin_Deva,0.9716747403144836
News,L5,5548,hin_Deva,0.9942588806152344
News,L20,5548,hin_Deva,0.9993728995323181
News,L1,5549,anp_Deva,0.7349772453308105
News,L5,5549,hin_Deva,0.6470258235931396
News,L20,5549,hin_Deva,0.9373751282691956
News,L1,5566,hin_Deva,0.9997842907905579
News,L5,5566,hin_Deva,0.9996183514595032
News,L20,5566,hin_Deva,0.985417366027832
News,L1,5575,anp_Deva,0.9760231971740723
News,L5,5575,anp_Deva,0.9701429009437561
News,L20,5575,anp_Deva,0.9218066334724426
News,L1,5597,hin_Deva,0.9972410798072815
News,L5,5597,hin_Deva,0.9451821446418762
News,L20,5597,hin_Deva,0.9741427898406982
News,L1,5601,hin_Deva,0.9273666143417358
News,L5,5601,hin_Deva,0.9770958423614502
News,L20,5601,hin_Deva,0.9717552065849304
News,L1,5611,anp_Deva,0.7018857002258301
News,L5,5611,hin_Deva,0.8907666802406311
News,L20,5611,hin_Deva,0.7731801867485046
News,L1,5629,hin_Deva,0.9421188831329346
News,L5,5629,hin_Deva,0.9653586149215698
News,L20,5629,hin_Deva,0.9792523384094238
News,L1,5660,hin_Deva,0.9770343899726868
News,L5,5660,hin_Deva,0.8947385549545288
News,L20,5660,hin_Deva,0.9061172008514404
News,L1,5661,hin_Deva,0.998897135257721
News,L5,5661,hin_Deva,0.9908765554428101
News,L20,5661,hin_Deva,0.923481285572052
News,L1,5663,hin_Deva,0.9722937941551208
News,L5,5663,hin_Deva,0.970846951007843
News,L20,5663,hin_Deva,0.9753707051277161
News,L1,5672,anp_Deva,0.9999822378158569
News,L5,5672,hin_Deva,0.9764671921730042
News,L20,5672,hin_Deva,0.989890456199646
News,L1,5700,hin_Deva,0.9341602921485901
News,L5,5700,hin_Deva,0.9746192693710327
News,L20,5700,hin_Deva,0.9867000579833984
News,L1,5709,anp_Deva,0.8812350630760193
News,L5,5709,hin_Deva,0.7745962738990784
News,L20,5709,hin_Deva,0.9634100198745728
News,L1,5713,hin_Deva,0.5134158730506897
News,L5,5713,hin_Deva,0.9958027601242065
News,L20,5713,hin_Deva,0.9950786828994751
News,L1,5715,hin_Deva,0.9976414442062378
News,L5,5715,hin_Deva,0.9791977405548096
News,L20,5715,hin_Deva,0.9697493314743042
News,L1,5719,anp_Deva,0.7972237467765808
News,L5,5719,anp_Deva,0.5044458508491516
News,L20,5719,hin_Deva,0.9904897809028625
News,L1,5737,anp_Deva,0.9018275737762451
News,L5,5737,anp_Deva,0.5953739881515503
News,L20,5737,hin_Deva,0.5925536751747131
News,L1,5753,hin_Deva,0.9325084686279297
News,L5,5753,hin_Deva,0.5768048167228699
News,L20,5753,hin_Deva,0.8141956925392151
News,L1,5754,hin_Deva,0.9931932091712952
News,L5,5754,hin_Deva,0.9854004383087158
News,L20,5754,hin_Deva,0.9836125373840332
News,L1,5762,hin_Deva,0.9339519739151001
News,L5,5762,hin_Deva,0.9966291189193726
News,L20,5762,hin_Deva,0.9962191581726074
News,L1,5778,anp_Deva,0.730312168598175
News,L5,5778,hin_Deva,0.9944445490837097
News,L20,5778,hin_Deva,0.9912038445472717
News,L1,5791,hin_Deva,0.9738946557044983
News,L5,5791,hin_Deva,0.9535073041915894
News,L20,5791,hin_Deva,0.9830591678619385
News,L1,5808,hin_Deva,0.9970208406448364
News,L5,5808,hin_Deva,0.9852349162101746
News,L20,5808,hin_Deva,0.9799161553382874
News,L1,5835,hin_Deva,0.8877037167549133
News,L5,5835,anp_Deva,0.5306533575057983
News,L20,5835,anp_Deva,0.5773613452911377
News,L1,5846,anp_Deva,0.5338443517684937
News,L5,5846,anp_Deva,0.8396673798561096
News,L20,5846,anp_Deva,0.6827036738395691
News,L1,5883,hin_Deva,0.9931680560112
News,L5,5883,hin_Deva,0.9986966252326965
News,L20,5883,hin_Deva,0.9887337684631348
News,L1,5900,hin_Deva,0.9542784094810486
News,L5,5900,hin_Deva,0.7505510449409485
News,L20,5900,hin_Deva,0.9503208994865417
News,L1,5954,anp_Deva,0.689592719078064
News,L5,5954,hin_Deva,0.9837619066238403
News,L20,5954,hin_Deva,0.9334977269172668
News,L1,5956,anp_Deva,0.9998668432235718
News,L5,5956,hin_Deva,0.5281784534454346
News,L20,5956,hin_Deva,0.990541934967041
News,L1,5957,anp_Deva,0.9989907145500183
News,L5,5957,anp_Deva,0.9998295903205872
News,L20,5957,hin_Deva,0.5145538449287415
News,L1,5982,hin_Deva,0.8247401118278503
News,L5,5982,hin_Deva,0.9951001405715942
News,L20,5982,hin_Deva,0.9875738024711609
News,L1,5991,anp_Deva,0.6927883625030518
News,L5,5991,hin_Deva,0.9397147297859192
News,L20,5991,hin_Deva,0.9773469567298889
News,L1,6002,anp_Deva,0.39807984232902527
News,L5,6002,hin_Deva,0.8957980275154114
News,L20,6002,hin_Deva,0.8806857466697693
News,L1,6003,hin_Deva,0.9942392110824585
News,L5,6003,hin_Deva,0.9869834780693054
News,L20,6003,hin_Deva,0.9944150447845459
News,L1,6025,hin_Deva,0.7674074172973633
News,L5,6025,hin_Deva,0.9755646586418152
News,L20,6025,hin_Deva,0.9920201301574707
News,L1,6029,anp_Deva,0.6195036172866821
News,L5,6029,hin_Deva,0.9822577834129333
News,L20,6029,hin_Deva,0.9917811751365662
News,L1,6034,hin_Deva,0.9464239478111267
News,L5,6034,hin_Deva,0.9925519227981567
News,L20,6034,hin_Deva,0.9926707744598389
News,L1,6044,anp_Deva,0.48842063546180725
News,L5,6044,hin_Deva,0.979711651802063
News,L20,6044,hin_Deva,0.9852452278137207
News,L1,6049,anp_Deva,0.8820360898971558
News,L5,6049,hin_Deva,0.8102534413337708
News,L20,6049,hin_Deva,0.5545541048049927
News,L1,6057,hin_Deva,0.6568393707275391
News,L5,6057,anp_Deva,0.908374011516571
News,L20,6057,hin_Deva,0.7295429110527039
News,L1,6070,hin_Deva,0.6608313918113708
News,L5,6070,hin_Deva,0.9711653590202332
News,L20,6070,hin_Deva,0.9897039532661438
News,L1,6075,anp_Deva,0.993119478225708
News,L5,6075,anp_Deva,0.9838945269584656
News,L20,6075,anp_Deva,0.6851012110710144
News,L1,6076,anp_Deva,0.7716484665870667
News,L5,6076,anp_Deva,0.9008065462112427
News,L20,6076,anp_Deva,0.5040628910064697
News,L1,6092,hin_Deva,0.9816622138023376
News,L5,6092,hin_Deva,0.98139488697052
News,L20,6092,hin_Deva,0.9739857912063599
News,L1,6106,anp_Deva,0.5005902647972107
News,L5,6106,anp_Deva,0.5180157423019409
News,L20,6106,hin_Deva,0.5291632413864136
News,L1,6118,hin_Deva,0.710883378982544
News,L5,6118,hin_Deva,0.9998319745063782
News,L20,6118,hin_Deva,0.9990869760513306
News,L1,6128,hin_Deva,0.9081031084060669
News,L5,6128,hin_Deva,0.9750457406044006
News,L20,6128,hin_Deva,0.9547282457351685
News,L1,6135,hin_Deva,0.9939542412757874
News,L5,6135,hin_Deva,0.8877996802330017
News,L20,6135,hin_Deva,0.6756479144096375
News,L1,6137,anp_Deva,0.9868088364601135
News,L5,6137,hin_Deva,0.8058908581733704
News,L20,6137,hin_Deva,0.7128732800483704
News,L1,6145,hin_Deva,0.959649384021759
News,L5,6145,hin_Deva,0.9963861107826233
News,L20,6145,hin_Deva,0.9973201751708984
News,L1,6157,hin_Deva,0.9315700531005859
News,L5,6157,hin_Deva,0.9851857423782349
News,L20,6157,hin_Deva,0.9881771206855774
News,L1,6159,anp_Deva,0.9864800572395325
News,L5,6159,anp_Deva,0.5335808396339417
News,L20,6159,anp_Deva,0.5656561851501465
News,L1,6189,hin_Deva,0.9243500828742981
News,L5,6189,hin_Deva,0.9815142154693604
News,L20,6189,hin_Deva,0.9866277575492859
News,L1,6201,hin_Deva,0.9879939556121826
News,L5,6201,hin_Deva,0.9581913352012634
News,L20,6201,hin_Deva,0.9912323951721191
News,L1,6204,sck_Deva,0.3738941252231598
News,L5,6204,hin_Deva,0.9978804588317871
News,L20,6204,hin_Deva,0.9967157244682312
News,L1,6207,anp_Deva,0.9803120493888855
News,L5,6207,anp_Deva,0.8172606825828552
News,L20,6207,anp_Deva,0.8074166178703308
News,L1,6216,hin_Deva,0.993075966835022
News,L5,6216,hin_Deva,0.9880847334861755
News,L20,6216,hin_Deva,0.9749929308891296
News,L1,6222,hin_Deva,0.6696313619613647
News,L5,6222,hin_Deva,0.9558014869689941
News,L20,6222,hin_Deva,0.9817541241645813
News,L1,6229,hin_Deva,0.7995625138282776
News,L5,6229,hin_Deva,0.9331724047660828
News,L20,6229,hin_Deva,0.7690387964248657
News,L1,6231,hin_Deva,0.8378351926803589
News,L5,6231,hin_Deva,0.9150660634040833
News,L20,6231,hin_Deva,0.7723187208175659
News,L1,6234,hin_Deva,0.6426855325698853
News,L5,6234,hin_Deva,0.8845543265342712
News,L20,6234,hin_Deva,0.8009848594665527
News,L1,6249,hin_Deva,0.9477971196174622
News,L5,6249,hin_Deva,0.9145510196685791
News,L20,6249,hin_Deva,0.8633062243461609
News,L1,6256,hin_Deva,0.9788018465042114
News,L5,6256,hin_Deva,0.9978190064430237
News,L20,6256,hin_Deva,0.9859607815742493
News,L1,6260,hin_Deva,0.9960353374481201
News,L5,6260,hin_Deva,0.9683474898338318
News,L20,6260,hin_Deva,0.9847836494445801
News,L1,6268,anp_Deva,0.8088158965110779
News,L5,6268,hin_Deva,0.7760931849479675
News,L20,6268,hin_Deva,0.9788174629211426
News,L1,6282,hin_Deva,0.9972556829452515
News,L5,6282,hin_Deva,0.9973595142364502
News,L20,6282,hin_Deva,0.9928901791572571
News,L1,6293,hin_Deva,0.9953566193580627
News,L5,6293,hin_Deva,0.9942588806152344
News,L20,6293,hin_Deva,0.9962191581726074
News,L1,6299,hin_Deva,0.951557457447052
News,L5,6299,hin_Deva,0.9864888787269592
News,L20,6299,hin_Deva,0.9977798461914062
News,L1,6300,hin_Deva,0.9873055815696716
News,L5,6300,hin_Deva,0.9983817934989929
News,L20,6300,hin_Deva,0.9974423050880432
News,L1,6327,hin_Deva,0.9977290034294128
News,L5,6327,hin_Deva,0.9942036271095276
News,L20,6327,hin_Deva,0.9900593757629395
News,L1,6343,hin_Deva,0.9556551575660706
News,L5,6343,hin_Deva,0.9903222322463989
News,L20,6343,hin_Deva,0.9751094579696655
News,L1,6349,hin_Deva,0.8301917910575867
News,L5,6349,hin_Deva,0.763353168964386
News,L20,6349,hin_Deva,0.6128402352333069
News,L1,6354,hin_Deva,0.9697017073631287
News,L5,6354,hin_Deva,0.905129075050354
News,L20,6354,hin_Deva,0.9817589521408081
News,L1,6364,hin_Deva,0.9963080286979675
News,L5,6364,hin_Deva,0.9960792064666748
News,L20,6364,hin_Deva,0.9781802296638489
News,L1,6367,hin_Deva,0.9777024388313293
News,L5,6367,hin_Deva,0.9879710078239441
News,L20,6367,hin_Deva,0.9876589179039001
News,L1,6369,anp_Deva,0.8843109607696533
News,L5,6369,anp_Deva,0.7492595314979553
News,L20,6369,hin_Deva,0.7319384217262268
News,L1,6391,hin_Deva,0.9979147911071777
News,L5,6391,hin_Deva,0.9363573789596558
News,L20,6391,hin_Deva,0.9313333630561829
News,L1,6406,hin_Deva,0.9892654418945312
News,L5,6406,hin_Deva,0.9939372539520264
News,L20,6406,hin_Deva,0.9936259984970093
News,L1,6408,hin_Deva,0.9893631935119629
News,L5,6408,hin_Deva,0.9891965985298157
News,L20,6408,hin_Deva,0.9875369668006897
News,L1,6409,hin_Deva,0.7018206715583801
News,L5,6409,hin_Deva,0.973453938961029
News,L20,6409,hin_Deva,0.9264870285987854
News,L1,6412,anp_Deva,0.989766538143158
News,L5,6412,anp_Deva,0.5664520859718323
News,L20,6412,hin_Deva,0.7031251788139343
News,L1,6416,anp_Deva,0.9076699018478394
News,L5,6416,anp_Deva,0.7874958515167236
News,L20,6416,anp_Deva,0.7439748048782349
News,L1,6421,hin_Deva,0.9917243123054504
News,L5,6421,hin_Deva,0.9958401322364807
News,L20,6421,hin_Deva,0.993676483631134
News,L1,6424,hin_Deva,0.9380040168762207
News,L5,6424,hin_Deva,0.9262814521789551
News,L20,6424,hin_Deva,0.9784676432609558
News,L1,6442,hin_Deva,0.9768546223640442
News,L5,6442,hin_Deva,0.9988151788711548
News,L20,6442,hin_Deva,0.9951844811439514
News,L1,6449,hin_Deva,0.8921868801116943
News,L5,6449,hin_Deva,0.9983760714530945
News,L20,6449,hin_Deva,0.9975936412811279
News,L1,6478,hin_Deva,0.9941776990890503
News,L5,6478,hin_Deva,0.9819628596305847
News,L20,6478,hin_Deva,0.9928622841835022
News,L1,6491,hin_Deva,0.99817955493927
News,L5,6491,hin_Deva,0.89316326379776
News,L20,6491,hin_Deva,0.9673848152160645
News,L1,6505,hin_Deva,0.9953451752662659
News,L5,6505,hin_Deva,0.9976292252540588
News,L20,6505,hin_Deva,0.9951804280281067
News,L1,6512,anp_Deva,0.9143607020378113
News,L5,6512,hin_Deva,0.9143679738044739
News,L20,6512,hin_Deva,0.9185716509819031
News,L1,6530,hin_Deva,0.9612205028533936
News,L5,6530,hin_Deva,0.9855599999427795
News,L20,6530,hin_Deva,0.992335319519043
News,L1,6533,hin_Deva,0.8860527873039246
News,L5,6533,hin_Deva,0.5481023788452148
News,L20,6533,anp_Deva,0.6506204605102539
News,L1,6541,hin_Deva,0.9493746757507324
News,L5,6541,hin_Deva,0.9716687798500061
News,L20,6541,hin_Deva,0.9824538826942444
News,L1,6544,hin_Deva,0.9970961213111877
News,L5,6544,hin_Deva,0.9832974672317505
News,L20,6544,hin_Deva,0.9897456169128418
News,L1,6554,anp_Deva,0.5088393688201904
News,L5,6554,hin_Deva,0.849252462387085
News,L20,6554,hin_Deva,0.9136382341384888
News,L1,6562,hin_Deva,0.9997226595878601
News,L5,6562,hin_Deva,0.9970763325691223
News,L20,6562,hin_Deva,0.9942313432693481
News,L1,6565,hin_Deva,0.9969906210899353
News,L5,6565,hin_Deva,0.9709861874580383
News,L20,6565,hin_Deva,0.9896916747093201
News,L1,6576,hin_Deva,0.6696352958679199
News,L5,6576,hin_Deva,0.8995216488838196
News,L20,6576,hin_Deva,0.9477165341377258
News,L1,6577,hin_Deva,0.9738831520080566
News,L5,6577,hin_Deva,0.9337780475616455
News,L20,6577,hin_Deva,0.987842321395874
News,L1,6579,anp_Deva,0.7967022657394409
News,L5,6579,hin_Deva,0.9532000422477722
News,L20,6579,hin_Deva,0.9816213250160217
News,L1,6581,anp_Deva,0.9867340922355652
News,L5,6581,hin_Deva,0.5270587205886841
News,L20,6581,hin_Deva,0.9495456218719482
News,L1,6583,hin_Deva,0.9920215010643005
News,L5,6583,hin_Deva,0.9830412864685059
News,L20,6583,hin_Deva,0.9925038814544678
News,L1,6589,hin_Deva,0.9912214875221252
News,L5,6589,hin_Deva,0.9438482522964478
News,L20,6589,hin_Deva,0.9382724165916443
News,L1,6592,hin_Deva,0.9487892389297485
News,L5,6592,hin_Deva,0.7954604029655457
News,L20,6592,hin_Deva,0.892781138420105
News,L1,6593,hin_Deva,0.9998619556427002
News,L5,6593,hin_Deva,0.9958200454711914
News,L20,6593,hin_Deva,0.9973335862159729
News,L1,6595,hin_Deva,0.7707828879356384
News,L5,6595,hin_Deva,0.8600972294807434
News,L20,6595,hin_Deva,0.8544197678565979
News,L1,6610,anp_Deva,0.8543081283569336
News,L5,6610,hin_Deva,0.8816834688186646
News,L20,6610,hin_Deva,0.9301692843437195
News,L1,6616,hin_Deva,0.9733349680900574
News,L5,6616,hin_Deva,0.9792372584342957
News,L20,6616,hin_Deva,0.961620032787323
News,L1,6622,hin_Deva,0.9015983939170837
News,L5,6622,hin_Deva,0.7842254042625427
News,L20,6622,hin_Deva,0.9816148281097412
News,L1,6637,hin_Deva,0.98122638463974
News,L5,6637,hin_Deva,0.6274540424346924
News,L20,6637,anp_Deva,0.6586243510246277
News,L1,6643,anp_Deva,0.9997442364692688
News,L5,6643,hin_Deva,0.8389676213264465
News,L20,6643,hin_Deva,0.9658915996551514
News,L1,6645,hin_Deva,0.9688425064086914
News,L5,6645,hin_Deva,0.9753009676933289
News,L20,6645,hin_Deva,0.9875071048736572
News,L1,6683,hin_Deva,0.984761118888855
News,L5,6683,hin_Deva,0.9813257455825806
News,L20,6683,hin_Deva,0.9667396545410156
News,L1,6684,hin_Deva,0.855599045753479
News,L5,6684,hin_Deva,0.7941272854804993
News,L20,6684,hin_Deva,0.7543336153030396
News,L1,6702,hin_Deva,0.9922356605529785
News,L5,6702,hin_Deva,0.9582945108413696
News,L20,6702,hin_Deva,0.9457662105560303
News,L1,6723,hin_Deva,0.989095151424408
News,L5,6723,hin_Deva,0.9628264904022217
News,L20,6723,hin_Deva,0.9230180382728577
News,L1,6727,hin_Deva,0.9110919237136841
News,L5,6727,hin_Deva,0.8454052209854126
News,L20,6727,hin_Deva,0.9706200361251831
News,L1,6738,hin_Deva,0.9711162447929382
News,L5,6738,hin_Deva,0.8532763123512268
News,L20,6738,hin_Deva,0.6188491582870483
News,L1,6739,anp_Deva,0.9996213316917419
News,L5,6739,anp_Deva,0.9057182669639587
News,L20,6739,anp_Deva,0.5212125182151794
News,L1,6743,hin_Deva,0.9899061918258667
News,L5,6743,hin_Deva,0.9975687265396118
News,L20,6743,hin_Deva,0.9959478378295898
News,L1,6763,hin_Deva,0.8095716238021851
News,L5,6763,hin_Deva,0.9463505148887634
News,L20,6763,hin_Deva,0.9858542680740356
News,L1,6768,hin_Deva,0.9883757829666138
News,L5,6768,hin_Deva,0.917971134185791
News,L20,6768,hin_Deva,0.9765554070472717
News,L1,6769,hin_Deva,0.9833875894546509
News,L5,6769,hin_Deva,0.9931474924087524
News,L20,6769,hin_Deva,0.9943819046020508
News,L1,6771,anp_Deva,0.6104716062545776
News,L5,6771,anp_Deva,0.8024627566337585
News,L20,6771,anp_Deva,0.5132496356964111
News,L1,6775,hin_Deva,0.8440017104148865
News,L5,6775,hin_Deva,0.8595691919326782
News,L20,6775,hin_Deva,0.8828269839286804
News,L1,6777,anp_Deva,0.9985880851745605
News,L5,6777,hin_Deva,0.9854994416236877
News,L20,6777,hin_Deva,0.9833030700683594
News,L1,6794,hin_Deva,0.9784955978393555
News,L5,6794,hin_Deva,0.9374070763587952
News,L20,6794,hin_Deva,0.9923050403594971
News,L1,6799,hin_Deva,0.9438024163246155
News,L5,6799,hin_Deva,0.8817763924598694
News,L20,6799,hin_Deva,0.9898383617401123
News,L1,6800,hin_Deva,0.7415376305580139
News,L5,6800,hin_Deva,0.5102810263633728
News,L20,6800,hin_Deva,0.6239644885063171
News,L1,6803,anp_Deva,0.7257468104362488
News,L5,6803,hin_Deva,0.7758488059043884
News,L20,6803,hin_Deva,0.977143406867981
News,L1,6809,hin_Deva,0.8402518630027771
News,L5,6809,hin_Deva,0.943001925945282
News,L20,6809,hin_Deva,0.9428560733795166
News,L1,6813,hin_Deva,0.9970649480819702
News,L5,6813,hin_Deva,0.8265256285667419
News,L20,6813,anp_Deva,0.5772344470024109
News,L1,6854,anp_Deva,0.9829399585723877
News,L5,6854,anp_Deva,0.7175813913345337
News,L20,6854,anp_Deva,0.5786969065666199
News,L1,6886,hin_Deva,0.9630866050720215
News,L5,6886,hin_Deva,0.929742157459259
News,L20,6886,hin_Deva,0.9857075214385986
News,L1,6887,hin_Deva,0.9476950764656067
News,L5,6887,hin_Deva,0.9543335437774658
News,L20,6887,hin_Deva,0.9814301133155823
News,L1,6892,anp_Deva,0.911620020866394
News,L5,6892,hin_Deva,0.8571571707725525
News,L20,6892,hin_Deva,0.9014332890510559
News,L1,6894,hin_Deva,0.9971647262573242
News,L5,6894,hin_Deva,0.9469469785690308
News,L20,6894,hin_Deva,0.9835456609725952
News,L1,6914,hin_Deva,0.9972779750823975
News,L5,6914,hin_Deva,0.9975286722183228
News,L20,6914,hin_Deva,0.9927498698234558
News,L1,6923,hin_Deva,0.9967350363731384
News,L5,6923,hin_Deva,0.9944762587547302
News,L20,6923,hin_Deva,0.967767059803009
News,L1,6932,anp_Deva,0.8623414635658264
News,L5,6932,hin_Deva,0.6123639345169067
News,L20,6932,hin_Deva,0.9245883822441101
News,L1,6947,anp_Deva,0.964883029460907
News,L5,6947,hin_Deva,0.9318491816520691
News,L20,6947,hin_Deva,0.9267820119857788
News,L1,6948,hin_Deva,0.9385642409324646
News,L5,6948,hin_Deva,0.983964204788208
News,L20,6948,hin_Deva,0.9385300278663635
News,L1,6957,hin_Deva,0.5335938334465027
News,L5,6957,anp_Deva,0.5335812568664551
News,L20,6957,hin_Deva,0.6048160791397095
News,L1,6966,bho_Deva,0.7700120806694031
News,L5,6966,hin_Deva,0.9876027703285217
News,L20,6966,hin_Deva,0.8989536166191101
News,L1,6993,hin_Deva,0.8044413924217224
News,L5,6993,hin_Deva,0.5880679488182068
News,L20,6993,hin_Deva,0.948178231716156
News,L1,7010,hin_Deva,0.861410915851593
News,L5,7010,hin_Deva,0.9629790186882019
News,L20,7010,hin_Deva,0.9897196888923645
News,L1,7014,anp_Deva,0.5977704524993896
News,L5,7014,hin_Deva,0.9379194974899292
News,L20,7014,hin_Deva,0.9855067133903503
News,L1,7017,hin_Deva,0.609170138835907
News,L5,7017,hin_Deva,0.9854011535644531
News,L20,7017,hin_Deva,0.9512667655944824
News,L1,7024,hin_Deva,0.9784750938415527
News,L5,7024,hin_Deva,0.9845852851867676
News,L20,7024,hin_Deva,0.7055951952934265
News,L1,7025,hin_Deva,0.9876202344894409
News,L5,7025,hin_Deva,0.9931471347808838
News,L20,7025,hin_Deva,0.9972248673439026
News,L1,7026,hin_Deva,0.9884341359138489
News,L5,7026,hin_Deva,0.9776106476783752
News,L20,7026,hin_Deva,0.9294541478157043
News,L1,7040,hin_Deva,0.9441609978675842
News,L5,7040,hin_Deva,0.9939601421356201
News,L20,7040,hin_Deva,0.992203414440155
News,L1,7041,hin_Deva,0.8619964718818665
News,L5,7041,hin_Deva,0.9624727964401245
News,L20,7041,hin_Deva,0.9691963195800781
News,L1,7069,hin_Deva,0.9851012825965881
News,L5,7069,hin_Deva,0.9025547504425049
News,L20,7069,hin_Deva,0.939270555973053
News,L1,7080,hin_Deva,0.855570912361145
News,L5,7080,hin_Deva,0.9657431244850159
News,L20,7080,hin_Deva,0.9704980254173279
News,L1,7087,hin_Deva,0.7988260984420776
News,L5,7087,hin_Deva,0.8274545669555664
News,L20,7087,hin_Deva,0.5373684167861938
News,L1,7111,hin_Deva,0.996152937412262
News,L5,7111,hin_Deva,0.9896793961524963
News,L20,7111,hin_Deva,0.9912112951278687
News,L1,7123,hin_Deva,0.8469398617744446
News,L5,7123,hin_Deva,0.8977478742599487
News,L20,7123,hin_Deva,0.9880207180976868
News,L1,7133,anp_Deva,0.5852391123771667
News,L5,7133,hin_Deva,0.9987315535545349
News,L20,7133,hin_Deva,0.9967787265777588
News,L1,7145,anp_Deva,0.9095212817192078
News,L5,7145,hin_Deva,0.9169856905937195
News,L20,7145,hin_Deva,0.951470673084259
News,L1,7155,hin_Deva,0.7556433081626892
News,L5,7155,hin_Deva,0.9605146050453186
News,L20,7155,hin_Deva,0.9879648685455322
News,L1,7178,hin_Deva,0.8398060202598572
News,L5,7178,hin_Deva,0.9805765151977539
News,L20,7178,hin_Deva,0.9749196767807007
News,L1,7190,hin_Deva,0.8192580342292786
News,L5,7190,hin_Deva,0.9767416715621948
News,L20,7190,hin_Deva,0.9893456101417542
News,L1,7213,hin_Deva,0.9644069671630859
News,L5,7213,hin_Deva,0.8574256896972656
News,L20,7213,hin_Deva,0.9525525569915771
News,L1,7244,hin_Deva,0.7571336627006531
News,L5,7244,anp_Deva,0.7429264187812805
News,L20,7244,hin_Deva,0.9705138206481934
News,L1,7261,hin_Deva,0.919012725353241
News,L5,7261,hin_Deva,0.9179213643074036
News,L20,7261,hin_Deva,0.9793935418128967
News,L1,7269,hin_Deva,0.7103001475334167
News,L5,7269,hin_Deva,0.9552549719810486
News,L20,7269,hin_Deva,0.9814406037330627
News,L1,7276,hin_Deva,0.9419260621070862
News,L5,7276,hin_Deva,0.9919837713241577
News,L20,7276,hin_Deva,0.9894546866416931
News,L1,7279,hin_Deva,0.9809892773628235
News,L5,7279,hin_Deva,0.979982316493988
News,L20,7279,hin_Deva,0.9903618693351746
News,L1,7281,hin_Deva,0.8936771154403687
News,L5,7281,hin_Deva,0.9838920831680298
News,L20,7281,hin_Deva,0.9949687123298645
News,L1,7282,hin_Deva,0.9995548129081726
News,L5,7282,hin_Deva,0.9987615346908569
News,L20,7282,hin_Deva,0.9958521723747253
News,L1,7295,hin_Deva,0.9821136593818665
News,L5,7295,hin_Deva,0.9682000875473022
News,L20,7295,hin_Deva,0.977604329586029
News,L1,7299,hin_Deva,0.7304381728172302
News,L5,7299,hin_Deva,0.963491678237915
News,L20,7299,hin_Deva,0.9674453735351562
News,L1,7307,hin_Deva,0.9904473423957825
News,L5,7307,hin_Deva,0.9925721287727356
News,L20,7307,hin_Deva,0.9969971776008606
News,L1,7324,anp_Deva,0.9955854415893555
News,L5,7324,hin_Deva,0.5504850149154663
News,L20,7324,anp_Deva,0.7404923439025879
News,L1,7336,hin_Deva,0.9835091233253479
News,L5,7336,hin_Deva,0.9694132804870605
News,L20,7336,hin_Deva,0.9858953952789307
News,L1,7337,hin_Deva,0.9956095218658447
News,L5,7337,hin_Deva,0.990625262260437
News,L20,7337,hin_Deva,0.9950162172317505
News,L1,7339,hin_Deva,0.7459311485290527
News,L5,7339,hin_Deva,0.980927586555481
News,L20,7339,hin_Deva,0.9794844388961792
News,L1,7353,hin_Deva,0.9684286713600159
News,L5,7353,hin_Deva,0.9930509328842163
News,L20,7353,hin_Deva,0.9791739583015442
News,L1,7356,hin_Deva,0.9562877416610718
News,L5,7356,hin_Deva,0.9894775748252869
News,L20,7356,hin_Deva,0.9822920560836792
News,L1,7371,anp_Deva,0.5672537088394165
News,L5,7371,hin_Deva,0.7025716304779053
News,L20,7371,hin_Deva,0.8619685173034668
News,L1,7376,hin_Deva,0.9924469590187073
News,L5,7376,hin_Deva,0.8948724865913391
News,L20,7376,hin_Deva,0.9774466753005981
News,L1,7382,hin_Deva,0.9954661130905151
News,L5,7382,hin_Deva,0.9655886292457581
News,L20,7382,hin_Deva,0.9424394965171814
News,L1,7383,hin_Deva,0.9984017014503479
News,L5,7383,hin_Deva,0.9182165265083313
News,L20,7383,hin_Deva,0.9469811916351318
News,L1,7385,hin_Deva,0.9898689389228821
News,L5,7385,hin_Deva,0.9903029203414917
News,L20,7385,hin_Deva,0.9850414991378784
News,L1,7390,hin_Deva,0.9725492596626282
News,L5,7390,hin_Deva,0.9663633704185486
News,L20,7390,hin_Deva,0.8570561408996582
News,L1,7408,anp_Deva,0.7213608622550964
News,L5,7408,anp_Deva,0.5247015953063965
News,L20,7408,hin_Deva,0.7552260160446167
News,L1,7409,hin_Deva,0.9933278560638428
News,L5,7409,hin_Deva,0.9869580268859863
News,L20,7409,hin_Deva,0.9945235252380371
News,L1,7419,hin_Deva,0.9950636029243469
News,L5,7419,hin_Deva,0.9980571269989014
News,L20,7419,hin_Deva,0.9975587725639343
News,L1,7420,anp_Deva,0.9994286298751831
News,L5,7420,hin_Deva,0.9842947721481323
News,L20,7420,hin_Deva,0.9776480197906494
News,L1,7425,hin_Deva,0.9335634708404541
News,L5,7425,hin_Deva,0.9787843823432922
News,L20,7425,hin_Deva,0.9895683526992798
News,L1,7432,hin_Deva,0.806812584400177
News,L5,7432,hin_Deva,0.9802368879318237
News,L20,7432,hin_Deva,0.9875726699829102
News,L1,7479,hin_Deva,0.9156128168106079
News,L5,7479,hin_Deva,0.9730758666992188
News,L20,7479,hin_Deva,0.9780961871147156
News,L1,7489,hin_Deva,0.6060401797294617
News,L5,7489,hin_Deva,0.9921680688858032
News,L20,7489,hin_Deva,0.9779183268547058
News,L1,7493,hin_Deva,0.9921761751174927
News,L5,7493,hin_Deva,0.9830204248428345
News,L20,7493,hin_Deva,0.9978482127189636
News,L1,7497,hin_Deva,0.5335979461669922
News,L5,7497,hin_Deva,0.6407468914985657
News,L20,7497,hin_Deva,0.5898680686950684
News,L1,7503,hin_Deva,0.9711130857467651
News,L5,7503,hin_Deva,0.9767990112304688
News,L20,7503,hin_Deva,0.970392107963562
News,L1,7505,hin_Deva,0.9493811130523682
News,L5,7505,hin_Deva,0.9760985374450684
News,L20,7505,hin_Deva,0.9269930720329285
News,L1,7513,hin_Deva,0.8606449365615845
News,L5,7513,hin_Deva,0.9759159088134766
News,L20,7513,hin_Deva,0.9881607294082642
News,L1,7531,hin_Deva,0.9804461598396301
News,L5,7531,hin_Deva,0.9928389191627502
News,L20,7531,hin_Deva,0.9934729337692261
News,L1,7548,anp_Deva,0.980952262878418
News,L5,7548,anp_Deva,0.8025475144386292
News,L20,7548,anp_Deva,0.6108860969543457
News,L1,7568,anp_Deva,0.8171656131744385
News,L5,7568,hin_Deva,0.820586621761322
News,L20,7568,hin_Deva,0.815693199634552
News,L1,7577,anp_Deva,0.51593017578125
News,L5,7577,hin_Deva,0.8504840135574341
News,L20,7577,hin_Deva,0.9839135408401489
News,L1,7593,hin_Deva,0.9784954786300659
News,L5,7593,hin_Deva,0.9250977635383606
News,L20,7593,hin_Deva,0.9727179408073425
News,L1,7611,hin_Deva,0.9952087998390198
News,L5,7611,hin_Deva,0.9849145412445068
News,L20,7611,hin_Deva,0.9860556721687317
News,L1,7613,hin_Deva,0.9889938235282898
News,L5,7613,hin_Deva,0.9825588464736938
News,L20,7613,hin_Deva,0.9884450435638428
News,L1,7649,hin_Deva,0.8642070889472961
News,L5,7649,hin_Deva,0.9793769717216492
News,L20,7649,hin_Deva,0.9665846228599548
News,L1,7655,hin_Deva,0.6545584201812744
News,L5,7655,hin_Deva,0.840924859046936
News,L20,7655,hin_Deva,0.9240220189094543
News,L1,7659,anp_Deva,0.9305791258811951
News,L5,7659,anp_Deva,0.6075412631034851
News,L20,7659,anp_Deva,0.5494564175605774
News,L1,7679,hin_Deva,0.980810821056366
News,L5,7679,hin_Deva,0.9490354061126709
News,L20,7679,hin_Deva,0.9333893060684204
News,L1,7702,hin_Deva,0.9981175661087036
News,L5,7702,hin_Deva,0.9928741455078125
News,L20,7702,hin_Deva,0.9919326305389404
News,L1,7703,anp_Deva,0.8938218951225281
News,L5,7703,hin_Deva,0.6321907043457031
News,L20,7703,hin_Deva,0.6256554126739502
News,L1,7716,hin_Deva,0.9977646470069885
News,L5,7716,hin_Deva,0.9735594391822815
News,L20,7716,hin_Deva,0.925162672996521
News,L1,7723,hin_Deva,0.7140701413154602
News,L5,7723,hin_Deva,0.9956634044647217
News,L20,7723,hin_Deva,0.9895032644271851
News,L1,7775,hin_Deva,0.9981392025947571
News,L5,7775,hin_Deva,0.9994233846664429
News,L20,7775,hin_Deva,0.9954793453216553
News,L1,7777,hin_Deva,0.9300660490989685
News,L5,7777,hin_Deva,0.9873457551002502
News,L20,7777,hin_Deva,0.9916232824325562
News,L1,7801,hin_Deva,0.9305452108383179
News,L5,7801,hin_Deva,0.9650706052780151
News,L20,7801,hin_Deva,0.9927647709846497
News,L1,7803,hin_Deva,0.9555707573890686
News,L5,7803,hin_Deva,0.9979190826416016
News,L20,7803,hin_Deva,0.99663245677948
News,L1,7804,hin_Deva,0.8878704309463501
News,L5,7804,hin_Deva,0.5433907508850098
News,L20,7804,anp_Deva,0.6321266889572144
News,L1,7822,hin_Deva,0.9810155630111694
News,L5,7822,hin_Deva,0.9849273562431335
News,L20,7822,hin_Deva,0.9878520965576172
News,L1,7832,anp_Deva,0.7701112627983093
News,L5,7832,hin_Deva,0.9736064076423645
News,L20,7832,hin_Deva,0.8443507552146912
News,L1,7837,anp_Deva,0.5748019218444824
News,L5,7837,hin_Deva,0.9655337333679199
News,L20,7837,hin_Deva,0.9548569321632385
News,L1,7841,hin_Deva,0.8634273409843445
News,L5,7841,hin_Deva,0.8250589966773987
News,L20,7841,hin_Deva,0.799811601638794
News,L1,7846,hin_Deva,0.9451379776000977
News,L5,7846,hin_Deva,0.8944224119186401
News,L20,7846,hin_Deva,0.8117830753326416
News,L1,7848,hin_Deva,0.8595452904701233
News,L5,7848,hin_Deva,0.9747051000595093
News,L20,7848,hin_Deva,0.9588866829872131
News,L1,7853,hin_Deva,0.8070814609527588
News,L5,7853,hin_Deva,0.9715520739555359
News,L20,7853,hin_Deva,0.9773876070976257
News,L1,7864,hin_Deva,0.8639692664146423
News,L5,7864,anp_Deva,0.5644713044166565
News,L20,7864,hin_Deva,0.7432751059532166
News,L1,7868,anp_Deva,0.9824422001838684
News,L5,7868,hin_Deva,0.6002790331840515
News,L20,7868,hin_Deva,0.8120815753936768
News,L1,7873,hin_Deva,0.9782000780105591
News,L5,7873,hin_Deva,0.9882709383964539
News,L20,7873,hin_Deva,0.9839884638786316
News,L1,7886,hin_Deva,0.9608763456344604
News,L5,7886,hin_Deva,0.9782904386520386
News,L20,7886,hin_Deva,0.9946133494377136
News,L1,7896,hin_Deva,0.833890974521637
News,L5,7896,hin_Deva,0.9405652284622192
News,L20,7896,hin_Deva,0.956114649772644
News,L1,7929,hin_Deva,0.9843178391456604
News,L5,7929,hin_Deva,0.9924421310424805
News,L20,7929,hin_Deva,0.9964218735694885
News,L1,7933,hin_Deva,0.9926501512527466
News,L5,7933,hin_Deva,0.9948462247848511
News,L20,7933,hin_Deva,0.9926340579986572
News,L1,7964,hin_Deva,0.6096962094306946
News,L5,7964,hin_Deva,0.9378439784049988
News,L20,7964,hin_Deva,0.9867203831672668
News,L1,7973,anp_Deva,0.8493356704711914
News,L5,7973,hin_Deva,0.9248964190483093
News,L20,7973,hin_Deva,0.9762067794799805
News,L1,7993,hin_Deva,0.9850097298622131
News,L5,7993,hin_Deva,0.9577172994613647
News,L20,7993,hin_Deva,0.9911127090454102
News,L1,7995,hin_Deva,0.5979214310646057
News,L5,7995,hin_Deva,0.8946691155433655
News,L20,7995,hin_Deva,0.9007821679115295
News,L1,8015,hin_Deva,0.5986703038215637
News,L5,8015,hin_Deva,0.9831582307815552
News,L20,8015,hin_Deva,0.9718076586723328
News,L1,8041,hin_Deva,0.7593104839324951
News,L5,8041,hin_Deva,0.991106390953064
News,L20,8041,hin_Deva,0.9917565584182739
News,L1,8044,anp_Deva,0.642730176448822
News,L5,8044,hin_Deva,0.9395959377288818
News,L20,8044,hin_Deva,0.9768000245094299
News,L1,8090,anp_Deva,0.706315815448761
News,L5,8090,hin_Deva,0.7899146676063538
News,L20,8090,hin_Deva,0.914810299873352
News,L1,8099,hin_Deva,0.9972819685935974
News,L5,8099,hin_Deva,0.9901472330093384
News,L20,8099,hin_Deva,0.9828172922134399
News,L1,8117,hin_Deva,0.6600819230079651
News,L5,8117,hin_Deva,0.5601056814193726
News,L20,8117,hin_Deva,0.8359214663505554
News,L1,8129,hin_Deva,0.9752323627471924
News,L5,8129,hin_Deva,0.9319166541099548
News,L20,8129,hin_Deva,0.9682675004005432
News,L1,8159,hin_Deva,0.9463392496109009
News,L5,8159,hin_Deva,0.8715758919715881
News,L20,8159,hin_Deva,0.9733591675758362
News,L1,8163,anp_Deva,0.992382824420929
News,L5,8163,anp_Deva,0.6208161115646362
News,L20,8163,anp_Deva,0.530712366104126
News,L1,8180,hin_Deva,0.9343946576118469
News,L5,8180,hin_Deva,0.9724960327148438
News,L20,8180,hin_Deva,0.9947201013565063
News,L1,8184,hin_Deva,0.890815258026123
News,L5,8184,hin_Deva,0.9823346138000488
News,L20,8184,hin_Deva,0.969723105430603
News,L1,8194,hin_Deva,0.9777550101280212
News,L5,8194,hin_Deva,0.9850537776947021
News,L20,8194,hin_Deva,0.9881401062011719
News,L1,8212,hin_Deva,0.9768433570861816
News,L5,8212,hin_Deva,0.995185375213623
News,L20,8212,hin_Deva,0.998069703578949
News,L1,8220,anp_Deva,0.9996976852416992
News,L5,8220,hin_Deva,0.7577937245368958
News,L20,8220,hin_Deva,0.6451326608657837
News,L1,8254,anp_Deva,0.523685097694397
News,L5,8254,hin_Deva,0.9016051292419434
News,L20,8254,hin_Deva,0.9859389662742615
News,L1,8261,hin_Deva,0.8712635636329651
News,L5,8261,hin_Deva,0.9639784097671509
News,L20,8261,hin_Deva,0.9898112416267395
News,L1,8283,hin_Deva,0.9868400692939758
News,L5,8283,hin_Deva,0.9997826218605042
News,L20,8283,hin_Deva,0.9980947971343994
News,L1,8309,hin_Deva,0.9270836114883423
News,L5,8309,hin_Deva,0.9771087765693665
News,L20,8309,hin_Deva,0.97590571641922
News,L1,8310,hin_Deva,0.9972822070121765
News,L5,8310,hin_Deva,0.9547551274299622
News,L20,8310,hin_Deva,0.9783488512039185
News,L1,8319,hin_Deva,0.8383110761642456
News,L5,8319,hin_Deva,0.8526719808578491
News,L20,8319,hin_Deva,0.9419718384742737
News,L1,8324,hin_Deva,0.9063535332679749
News,L5,8324,hin_Deva,0.8133142590522766
News,L20,8324,hin_Deva,0.7993335723876953
News,L1,8326,anp_Deva,0.6057531833648682
News,L5,8326,hin_Deva,0.9008406400680542
News,L20,8326,hin_Deva,0.9574621915817261
News,L1,8327,hin_Deva,0.9748622179031372
News,L5,8327,hin_Deva,0.9889870285987854
News,L20,8327,hin_Deva,0.9134917855262756
News,L1,8328,anp_Deva,0.793491780757904
News,L5,8328,hin_Deva,0.9439321756362915
News,L20,8328,hin_Deva,0.9350939393043518
News,L1,8332,hin_Deva,0.9882271885871887
News,L5,8332,hin_Deva,0.9763694405555725
News,L20,8332,hin_Deva,0.9685654044151306
News,L1,8334,hin_Deva,0.9182144999504089
News,L5,8334,hin_Deva,0.9974312782287598
News,L20,8334,hin_Deva,0.9968127012252808
News,L1,8365,hin_Deva,0.7153903841972351
News,L5,8365,hin_Deva,0.853604257106781
News,L20,8365,hin_Deva,0.9870008826255798
News,L1,8368,anp_Deva,0.7393357157707214
News,L5,8368,hin_Deva,0.870199978351593
News,L20,8368,hin_Deva,0.9327979683876038
News,L1,8371,hin_Deva,0.7729174494743347
News,L5,8371,anp_Deva,0.7704358100891113
News,L20,8371,anp_Deva,0.8266360759735107
News,L1,8372,hin_Deva,0.7587411999702454
News,L5,8372,hin_Deva,0.94230055809021
News,L20,8372,hin_Deva,0.8199835419654846
News,L1,8381,hin_Deva,0.9977781772613525
News,L5,8381,hin_Deva,0.9973816871643066
News,L20,8381,hin_Deva,0.9856190085411072
News,L1,8387,hin_Deva,0.9995757937431335
News,L5,8387,hin_Deva,0.9966554045677185
News,L20,8387,hin_Deva,0.987062394618988
News,L1,8402,hin_Deva,0.9969785809516907
News,L5,8402,hin_Deva,0.9954915046691895
News,L20,8402,hin_Deva,0.994610071182251
News,L1,8405,hin_Deva,0.9759846925735474
News,L5,8405,hin_Deva,0.997339129447937
News,L20,8405,hin_Deva,0.9963585734367371
News,L1,8410,hin_Deva,0.9984511733055115
News,L5,8410,hin_Deva,0.9950422048568726
News,L20,8410,hin_Deva,0.981645941734314
News,L1,8420,hin_Deva,0.9583096504211426
News,L5,8420,hin_Deva,0.9704338908195496
News,L20,8420,hin_Deva,0.9915186166763306
News,L1,8429,anp_Deva,0.6760287284851074
News,L5,8429,hin_Deva,0.9957417845726013
News,L20,8429,hin_Deva,0.9944555163383484
News,L1,8435,hin_Deva,0.5623811483383179
News,L5,8435,hin_Deva,0.8217789530754089
News,L20,8435,hin_Deva,0.9090015888214111
News,L1,8441,hin_Deva,0.9932061433792114
News,L5,8441,hin_Deva,0.9978949427604675
News,L20,8441,hin_Deva,0.9942814111709595
News,L1,8442,hin_Deva,0.9492598176002502
News,L5,8442,hin_Deva,0.9840362071990967
News,L20,8442,hin_Deva,0.9924003481864929
News,L1,8446,hin_Deva,0.9647336602210999
News,L5,8446,hin_Deva,0.8098132014274597
News,L20,8446,hin_Deva,0.8405246734619141
News,L1,8455,hin_Deva,0.6013244986534119
News,L5,8455,hin_Deva,0.8134296536445618
News,L20,8455,hin_Deva,0.895766019821167
News,L1,8472,hin_Deva,0.5411282181739807
News,L5,8472,anp_Deva,0.6897475719451904
News,L20,8472,hin_Deva,0.8085176348686218
News,L1,8493,hin_Deva,0.9664706587791443
News,L5,8493,hin_Deva,0.9031027555465698
News,L20,8493,hin_Deva,0.9534993171691895
News,L1,8497,hin_Deva,0.5621066093444824
News,L5,8497,anp_Deva,0.6245936155319214
News,L20,8497,anp_Deva,0.6558117866516113
News,L1,8503,hin_Deva,0.7326756715774536
News,L5,8503,hin_Deva,0.9838777780532837
News,L20,8503,hin_Deva,0.9869946241378784
News,L1,8513,hin_Deva,0.9917539954185486
News,L5,8513,hin_Deva,0.9903651475906372
News,L20,8513,hin_Deva,0.9812445044517517
News,L1,8514,hin_Deva,0.9310881495475769
News,L5,8514,hin_Deva,0.9929499626159668
News,L20,8514,hin_Deva,0.9898232817649841
News,L1,8515,anp_Deva,0.9999830722808838
News,L5,8515,anp_Deva,0.8702079653739929
News,L20,8515,hin_Deva,0.9879710078239441
News,L1,8520,anp_Deva,0.8520772457122803
News,L5,8520,hin_Deva,0.8258836269378662
News,L20,8520,hin_Deva,0.9390363693237305
News,L1,8527,hin_Deva,0.8447311520576477
News,L5,8527,anp_Deva,0.8510962128639221
News,L20,8527,hin_Deva,0.7336097955703735
News,L1,8533,anp_Deva,0.9153802990913391
News,L5,8533,anp_Deva,0.6834344267845154
News,L20,8533,hin_Deva,0.7288104891777039
News,L1,8542,hin_Deva,0.8647946119308472
News,L5,8542,hin_Deva,0.9517918229103088
News,L20,8542,hin_Deva,0.9742040038108826
News,L1,8545,anp_Deva,0.7983492016792297
News,L5,8545,hin_Deva,0.9458632469177246
News,L20,8545,hin_Deva,0.9360142946243286
News,L1,8557,hin_Deva,0.7741369009017944
News,L5,8557,hin_Deva,0.9501932263374329
News,L20,8557,hin_Deva,0.9865990877151489
News,L1,8558,anp_Deva,0.5055595636367798
News,L5,8558,hin_Deva,0.9958410859107971
News,L20,8558,hin_Deva,0.9690840244293213
News,L1,8570,hin_Deva,0.7068765163421631
News,L5,8570,anp_Deva,0.7373942136764526
News,L20,8570,hin_Deva,0.5099522471427917
News,L1,8577,hin_Deva,0.9665217995643616
News,L5,8577,hin_Deva,0.9877991080284119
News,L20,8577,hin_Deva,0.9912694096565247
News,L1,8578,hin_Deva,0.7837077975273132
News,L5,8578,hin_Deva,0.9645768404006958
News,L20,8578,hin_Deva,0.9617740511894226
News,L1,8579,hin_Deva,0.8253494501113892
News,L5,8579,hin_Deva,0.8737382292747498
News,L20,8579,hin_Deva,0.965239405632019
News,L1,8585,hin_Deva,0.9301695823669434
News,L5,8585,hin_Deva,0.7589200735092163
News,L20,8585,hin_Deva,0.7819334268569946
News,L1,8588,anp_Deva,0.5066582560539246
News,L5,8588,hin_Deva,0.8982155919075012
News,L20,8588,hin_Deva,0.6736227869987488
News,L1,8591,hin_Deva,0.7542552947998047
News,L5,8591,hin_Deva,0.9394078850746155
News,L20,8591,hin_Deva,0.9578527808189392
News,L1,8595,anp_Deva,0.9809834361076355
News,L5,8595,hin_Deva,0.9968675374984741
News,L20,8595,hin_Deva,0.996174693107605
News,L1,8598,hin_Deva,0.9731547832489014
News,L5,8598,hin_Deva,0.9935575127601624
News,L20,8598,hin_Deva,0.9988764524459839
News,L1,8610,hin_Deva,0.6321364641189575
News,L5,8610,hin_Deva,0.9723370671272278
News,L20,8610,hin_Deva,0.9886202812194824
News,L1,8611,anp_Deva,0.9961345791816711
News,L5,8611,anp_Deva,0.6695932149887085
News,L20,8611,hin_Deva,0.9067229628562927
News,L1,8617,hin_Deva,0.6209185123443604
News,L5,8617,anp_Deva,0.8231241703033447
News,L20,8617,anp_Deva,0.7837819457054138
News,L1,8635,hin_Deva,0.9829807281494141
News,L5,8635,hin_Deva,0.771515429019928
News,L20,8635,hin_Deva,0.8246980309486389
News,L1,8638,hin_Deva,0.9951624870300293
News,L5,8638,hin_Deva,0.9989279508590698
News,L20,8638,hin_Deva,0.9972972869873047
News,L1,8639,hin_Deva,0.9561908841133118
News,L5,8639,hin_Deva,0.9912218451499939
News,L20,8639,hin_Deva,0.9891983866691589
News,L1,8644,anp_Deva,0.6688167452812195
News,L5,8644,anp_Deva,0.8131933808326721
News,L20,8644,anp_Deva,0.7278650403022766
News,L1,8651,hin_Deva,0.9584242701530457
News,L5,8651,hin_Deva,0.9947927594184875
News,L20,8651,hin_Deva,0.9726176857948303
News,L1,8666,hin_Deva,0.9876105785369873
News,L5,8666,hin_Deva,0.973774254322052
News,L20,8666,hin_Deva,0.9915460348129272
News,L1,8675,hin_Deva,0.9240636825561523
News,L5,8675,hin_Deva,0.9545729160308838
News,L20,8675,hin_Deva,0.9875950813293457
News,L1,8676,hin_Deva,0.9942970871925354
News,L5,8676,hin_Deva,0.9849380850791931
News,L20,8676,hin_Deva,0.9888544678688049
News,L1,8686,hin_Deva,0.930823028087616
News,L5,8686,anp_Deva,0.6656851172447205
News,L20,8686,hin_Deva,0.5669621825218201
News,L1,8687,anp_Deva,0.5746549367904663
News,L5,8687,hin_Deva,0.9752203226089478
News,L20,8687,hin_Deva,0.958012044429779
News,L1,8690,hin_Deva,0.9996004700660706
News,L5,8690,hin_Deva,0.9948914051055908
News,L20,8690,hin_Deva,0.9899037480354309
News,L1,8692,hin_Deva,0.9199902415275574
News,L5,8692,hin_Deva,0.8941538333892822
News,L20,8692,hin_Deva,0.8850971460342407
News,L1,8693,anp_Deva,1.0000075101852417
News,L5,8693,hin_Deva,0.5126422047615051
News,L20,8693,hin_Deva,0.8488703966140747
News,L1,8694,hin_Deva,0.6232926249504089
News,L5,8694,hin_Deva,0.9781622290611267
News,L20,8694,hin_Deva,0.6997201442718506
News,L1,8699,hin_Deva,0.9820805788040161
News,L5,8699,hin_Deva,0.9781985282897949
News,L20,8699,hin_Deva,0.9909956455230713
News,L1,8717,hin_Deva,0.5978587865829468
News,L5,8717,hin_Deva,0.9285169243812561
News,L20,8717,hin_Deva,0.9438508152961731
News,L1,8731,hin_Deva,0.9592852592468262
News,L5,8731,hin_Deva,0.9679473638534546
News,L20,8731,hin_Deva,0.9779009819030762
News,L1,8733,anp_Deva,0.7915704846382141
News,L5,8733,anp_Deva,0.7429503798484802
News,L20,8733,hin_Deva,0.5373498797416687
News,L1,8754,hin_Deva,0.9967839121818542
News,L5,8754,hin_Deva,0.9956386089324951
News,L20,8754,hin_Deva,0.991086483001709
News,L1,8763,hin_Deva,0.9989628791809082
News,L5,8763,hin_Deva,0.9973181486129761
News,L20,8763,hin_Deva,0.9941496849060059
News,L1,8768,hin_Deva,0.9317712187767029
News,L5,8768,hin_Deva,0.8882477879524231
News,L20,8768,hin_Deva,0.8838947415351868
News,L1,8772,anp_Deva,0.6470713019371033
News,L5,8772,hin_Deva,0.9048376083374023
News,L20,8772,hin_Deva,0.9852108955383301
News,L1,8775,hin_Deva,0.934089183807373
News,L5,8775,hin_Deva,0.9766430854797363
News,L20,8775,hin_Deva,0.9902825951576233
News,L1,8778,hin_Deva,0.6926693320274353
News,L5,8778,hin_Deva,0.99195396900177
News,L20,8778,hin_Deva,0.9775652885437012
News,L1,8782,hin_Deva,0.9935562014579773
News,L5,8782,hin_Deva,0.9704791307449341
News,L20,8782,hin_Deva,0.9926741123199463
News,L1,8805,hin_Deva,0.9839675426483154
News,L5,8805,hin_Deva,0.8033693432807922
News,L20,8805,hin_Deva,0.9393460750579834
News,L1,8816,anp_Deva,0.9151182770729065
News,L5,8816,anp_Deva,0.5214248299598694
News,L20,8816,hin_Deva,0.9137950539588928
News,L1,8824,anp_Deva,0.592621922492981
News,L5,8824,hin_Deva,0.8950573205947876
News,L20,8824,hin_Deva,0.6604589819908142
News,L1,8825,hin_Deva,0.5986976623535156
News,L5,8825,hin_Deva,0.749687135219574
News,L20,8825,hin_Deva,0.8683454394340515
News,L1,8836,anp_Deva,0.8718490600585938
News,L5,8836,hin_Deva,0.9059958457946777
News,L20,8836,hin_Deva,0.9709833860397339
News,L1,8840,hin_Deva,0.9103757739067078
News,L5,8840,hin_Deva,0.9717468023300171
News,L20,8840,hin_Deva,0.9920822978019714
News,L1,8848,hin_Deva,0.9859810471534729
News,L5,8848,hin_Deva,0.93751060962677
News,L20,8848,hin_Deva,0.9600657820701599
News,L1,8859,anp_Deva,0.8228871822357178
News,L5,8859,anp_Deva,0.6670464277267456
News,L20,8859,hin_Deva,0.6066986918449402
News,L1,8882,hin_Deva,0.9781854748725891
News,L5,8882,hin_Deva,0.9406537413597107
News,L20,8882,hin_Deva,0.9694095849990845
News,L1,8890,hin_Deva,0.9522090554237366
News,L5,8890,hin_Deva,0.9953141212463379
News,L20,8890,hin_Deva,0.9906729459762573
News,L1,8907,hin_Deva,0.9753644466400146
News,L5,8907,hin_Deva,0.9581069350242615
News,L20,8907,hin_Deva,0.9696311950683594
News,L1,8936,anp_Deva,0.9724720120429993
News,L5,8936,hin_Deva,0.5728581547737122
News,L20,8936,anp_Deva,0.7870630025863647
News,L1,8952,anp_Deva,0.9898222088813782
News,L5,8952,hin_Deva,0.9590867757797241
News,L20,8952,hin_Deva,0.9676404595375061
News,L1,8954,hin_Deva,0.64884352684021
News,L5,8954,hin_Deva,0.9849311709403992
News,L20,8954,hin_Deva,0.9929142594337463
News,L1,8961,hin_Deva,0.9930200576782227
News,L5,8961,hin_Deva,0.9871883392333984
News,L20,8961,hin_Deva,0.9874359369277954
News,L1,8962,hin_Deva,0.8642138242721558
News,L5,8962,hin_Deva,0.9963032603263855
News,L20,8962,hin_Deva,0.9934087991714478
News,L1,8969,hin_Deva,0.90650874376297
News,L5,8969,anp_Deva,0.8157069087028503
News,L20,8969,hin_Deva,0.788078248500824
News,L1,8982,hin_Deva,0.9900178909301758
News,L5,8982,hin_Deva,0.9829376339912415
News,L20,8982,hin_Deva,0.990179717540741
News,L1,8987,hin_Deva,0.9919459819793701
News,L5,8987,hin_Deva,0.996086061000824
News,L20,8987,hin_Deva,0.9788821339607239
News,L1,8990,anp_Deva,0.7827841639518738
News,L5,8990,anp_Deva,0.5690256357192993
News,L20,8990,hin_Deva,0.9546735286712646
News,L1,9008,hin_Deva,0.9314492344856262
News,L5,9008,hin_Deva,0.9861621856689453
News,L20,9008,hin_Deva,0.9885983467102051
News,L1,9009,hin_Deva,0.7783316969871521
News,L5,9009,hin_Deva,0.9607622027397156
News,L20,9009,hin_Deva,0.9840927720069885
News,L1,9022,hin_Deva,0.5692809224128723
News,L5,9022,hin_Deva,0.953347384929657
News,L20,9022,hin_Deva,0.957461416721344
News,L1,9040,hin_Deva,0.9738069176673889
News,L5,9040,hin_Deva,0.9772282242774963
News,L20,9040,hin_Deva,0.990534245967865
News,L1,9049,hin_Deva,0.962338387966156
News,L5,9049,hin_Deva,0.9890293478965759
News,L20,9049,hin_Deva,0.9944684505462646
News,L1,9064,hin_Deva,0.9957051277160645
News,L5,9064,hin_Deva,0.9978853464126587
News,L20,9064,hin_Deva,0.9963961839675903
News,L1,9072,hin_Deva,0.9970680475234985
News,L5,9072,hin_Deva,0.9970564246177673
News,L20,9072,hin_Deva,0.9979493021965027
News,L1,9079,hin_Deva,0.9424421191215515
News,L5,9079,hin_Deva,0.9616397619247437
News,L20,9079,hin_Deva,0.9676365256309509
News,L1,9084,hin_Deva,0.9921166896820068
News,L5,9084,hin_Deva,0.9990382194519043
News,L20,9084,hin_Deva,0.9898644089698792
News,L1,9107,hin_Deva,0.9828975796699524
News,L5,9107,hin_Deva,0.9347065687179565
News,L20,9107,hin_Deva,0.9095675349235535
News,L1,9108,hin_Deva,0.9918515682220459
News,L5,9108,hin_Deva,0.9588088989257812
News,L20,9108,hin_Deva,0.9777144193649292
News,L1,9126,hin_Deva,0.8043479323387146
News,L5,9126,hin_Deva,0.7445483207702637
News,L20,9126,hin_Deva,0.7145673036575317
News,L1,9135,hin_Deva,0.8567294478416443
News,L5,9135,hin_Deva,0.9805386662483215
News,L20,9135,hin_Deva,0.9958305358886719
News,L1,9145,anp_Deva,0.7068343162536621
News,L5,9145,hin_Deva,0.9934171438217163
News,L20,9145,hin_Deva,0.9935474991798401
News,L1,9146,hin_Deva,0.9954664707183838
News,L5,9146,hin_Deva,0.9985343813896179
News,L20,9146,hin_Deva,0.9981917142868042
News,L1,9172,hin_Deva,0.9804053902626038
News,L5,9172,hin_Deva,0.9940588474273682
News,L20,9172,hin_Deva,0.9952674508094788
News,L1,9174,hin_Deva,0.9876794219017029
News,L5,9174,hin_Deva,0.9919212460517883
News,L20,9174,hin_Deva,0.9894299507141113
News,L1,9178,anp_Deva,0.7974823713302612
News,L5,9178,hin_Deva,0.8279757499694824
News,L20,9178,hin_Deva,0.9914470314979553
News,L1,9180,hin_Deva,0.9830060601234436
News,L5,9180,hin_Deva,0.988796591758728
News,L20,9180,hin_Deva,0.9945477843284607
News,L1,9189,hin_Deva,0.9797106981277466
News,L5,9189,hin_Deva,0.9965970516204834
News,L20,9189,hin_Deva,0.9974576234817505
News,L1,9198,hin_Deva,0.8717479705810547
News,L5,9198,hin_Deva,0.9213778376579285
News,L20,9198,hin_Deva,0.8312142491340637
News,L1,9215,hin_Deva,0.9760600328445435
News,L5,9215,hin_Deva,0.9895891547203064
News,L20,9215,hin_Deva,0.9962847232818604
News,L1,9219,hin_Deva,0.9758432507514954
News,L5,9219,hin_Deva,0.998029351234436
News,L20,9219,hin_Deva,0.995953381061554
News,L1,9224,hin_Deva,0.9926173686981201
News,L5,9224,hin_Deva,0.997565746307373
News,L20,9224,hin_Deva,0.9952000379562378
News,L1,9236,hin_Deva,0.6322767734527588
News,L5,9236,hin_Deva,0.988465428352356
News,L20,9236,hin_Deva,0.9867257475852966
News,L1,9243,hin_Deva,0.8939952850341797
News,L5,9243,hin_Deva,0.9736717343330383
News,L20,9243,hin_Deva,0.9935615062713623
News,L1,9245,hin_Deva,0.7547837495803833
News,L5,9245,hin_Deva,0.9329990744590759
News,L20,9245,hin_Deva,0.9862141609191895
News,L1,9259,hin_Deva,0.9753106832504272
News,L5,9259,hin_Deva,0.9936491847038269
News,L20,9259,hin_Deva,0.9951227307319641
News,L1,9271,hin_Deva,0.9707338213920593
News,L5,9271,hin_Deva,0.9549506306648254
News,L20,9271,hin_Deva,0.8784782290458679
News,L1,9276,hin_Deva,0.9209172129631042
News,L5,9276,hin_Deva,0.9662606120109558
News,L20,9276,hin_Deva,0.991902232170105
News,L1,9280,hin_Deva,0.6233342885971069
News,L5,9280,hin_Deva,0.9624962210655212
News,L20,9280,hin_Deva,0.9606670141220093
News,L1,9284,hin_Deva,0.9782646894454956
News,L5,9284,hin_Deva,0.996623694896698
News,L20,9284,hin_Deva,0.9963880181312561
News,L1,9298,anp_Deva,0.7675278782844543
News,L5,9298,anp_Deva,0.5271486043930054
News,L20,9298,hin_Deva,0.9870551228523254
News,L1,9299,hin_Deva,0.9876620769500732
News,L5,9299,hin_Deva,0.9624935388565063
News,L20,9299,hin_Deva,0.9899808764457703
News,L1,9302,hin_Deva,0.950786292552948
News,L5,9302,hin_Deva,0.9832379817962646
News,L20,9302,hin_Deva,0.965123176574707
News,L1,9303,anp_Deva,0.937383234500885
News,L5,9303,anp_Deva,0.8805364370346069
News,L20,9303,anp_Deva,0.5688837170600891
News,L1,9319,hin_Deva,0.9977937340736389
News,L5,9319,hin_Deva,0.9770945906639099
News,L20,9319,hin_Deva,0.9653911590576172
News,L1,9327,anp_Deva,0.9810044765472412
News,L5,9327,anp_Deva,0.6148610711097717
News,L20,9327,hin_Deva,0.6874299645423889
News,L1,9333,hin_Deva,0.9281670451164246
News,L5,9333,hin_Deva,0.9646462798118591
News,L20,9333,hin_Deva,0.9667935967445374
News,L1,9337,hin_Deva,0.6542659997940063
News,L5,9337,anp_Deva,0.9386951923370361
News,L20,9337,anp_Deva,0.9082152843475342
News,L1,9365,hin_Deva,0.9983983039855957
News,L5,9365,hin_Deva,0.9738339781761169
News,L20,9365,hin_Deva,0.9695751667022705
News,L1,9377,hin_Deva,0.9962932467460632
News,L5,9377,hin_Deva,0.9940913319587708
News,L20,9377,hin_Deva,0.986823558807373
News,L1,9390,hin_Deva,0.992159366607666
News,L5,9390,hin_Deva,0.9981705546379089
News,L20,9390,hin_Deva,0.9968451857566833
News,L1,9396,hin_Deva,0.9824903607368469
News,L5,9396,hin_Deva,0.9937356114387512
News,L20,9396,hin_Deva,0.9925867915153503
News,L1,9404,anp_Deva,0.4329289197921753
News,L5,9404,hin_Deva,0.987205982208252
News,L20,9404,hin_Deva,0.9940477609634399
News,L1,9410,anp_Deva,0.9946017861366272
News,L5,9410,hin_Deva,0.5441257357597351
News,L20,9410,hin_Deva,0.8204633593559265
News,L1,9411,hin_Deva,0.9928610324859619
News,L5,9411,hin_Deva,0.9787893891334534
News,L20,9411,hin_Deva,0.9749448299407959
News,L1,9419,anp_Deva,0.9009438753128052
News,L5,9419,anp_Deva,0.7961772084236145
News,L20,9419,anp_Deva,0.5866492390632629
News,L1,9431,hin_Deva,0.9906708598136902
News,L5,9431,hin_Deva,0.9924197196960449
News,L20,9431,hin_Deva,0.9882671236991882
News,L1,9443,hin_Deva,0.9050789475440979
News,L5,9443,hin_Deva,0.9932049512863159
News,L20,9443,hin_Deva,0.9897649884223938
News,L1,9446,hin_Deva,0.9697694182395935
News,L5,9446,hin_Deva,0.993222713470459
News,L20,9446,hin_Deva,0.9905980825424194
News,L1,9447,hin_Deva,0.9318455457687378
News,L5,9447,hin_Deva,0.9548091292381287
News,L20,9447,hin_Deva,0.8776064515113831
News,L1,9450,hin_Deva,0.8276251554489136
News,L5,9450,hin_Deva,0.8505898714065552
News,L20,9450,hin_Deva,0.6559218168258667
News,L1,9454,hin_Deva,0.9742396473884583
News,L5,9454,hin_Deva,0.9791114330291748
News,L20,9454,hin_Deva,0.9932796359062195
News,L1,9462,hin_Deva,0.8193506002426147
News,L5,9462,hin_Deva,0.9614825248718262
News,L20,9462,hin_Deva,0.9771851897239685
News,L1,9470,hin_Deva,0.9595407247543335
News,L5,9470,hin_Deva,0.8676984310150146
News,L20,9470,hin_Deva,0.9842948913574219
News,L1,9475,hin_Deva,0.9969972968101501
News,L5,9475,hin_Deva,0.9976797699928284
News,L20,9475,hin_Deva,0.9934226870536804
News,L1,9477,anp_Deva,0.9420335292816162
News,L5,9477,anp_Deva,0.9582658410072327
News,L20,9477,anp_Deva,0.5144148468971252
News,L1,9480,hin_Deva,0.987589418888092
News,L5,9480,hin_Deva,0.9492208361625671
News,L20,9480,hin_Deva,0.9883720278739929
News,L1,9481,hin_Deva,0.9973782896995544
News,L5,9481,hin_Deva,0.9990105032920837
News,L20,9481,hin_Deva,0.9978787899017334
News,L1,9514,hin_Deva,0.9963659048080444
News,L5,9514,hin_Deva,0.9598573446273804
News,L20,9514,hin_Deva,0.9732615947723389
News,L1,9515,hin_Deva,0.9659525156021118
News,L5,9515,hin_Deva,0.9803390502929688
News,L20,9515,hin_Deva,0.9656175374984741
News,L1,9533,hin_Deva,0.9990988969802856
News,L5,9533,hin_Deva,0.9971144795417786
News,L20,9533,hin_Deva,0.9938151836395264
News,L1,9535,hin_Deva,0.9439753293991089
News,L5,9535,hin_Deva,0.9807009696960449
News,L20,9535,hin_Deva,0.9797725081443787
News,L1,9542,anp_Deva,0.9464159607887268
News,L5,9542,hin_Deva,0.9896030426025391
News,L20,9542,hin_Deva,0.9829633235931396
News,L1,9561,anp_Deva,0.9533360004425049
News,L5,9561,hin_Deva,0.9867987036705017
News,L20,9561,hin_Deva,0.9409182667732239
News,L1,9570,anp_Deva,0.6924423575401306
News,L5,9570,anp_Deva,0.5113229155540466
News,L20,9570,hin_Deva,0.7278759479522705
News,L1,9573,hin_Deva,0.998682975769043
News,L5,9573,hin_Deva,0.9974227547645569
News,L20,9573,hin_Deva,0.9949009418487549
News,L1,9574,hin_Deva,0.9610483050346375
News,L5,9574,hin_Deva,0.996370255947113
News,L20,9574,hin_Deva,0.9903191924095154
News,L1,9575,hin_Deva,0.9665646553039551
News,L5,9575,hin_Deva,0.9964479207992554
News,L20,9575,hin_Deva,0.9820260405540466
News,L1,9582,hin_Deva,0.7453710436820984
News,L5,9582,anp_Deva,0.5051482319831848
News,L20,9582,hin_Deva,0.8588289022445679
News,L1,9585,hin_Deva,0.6750924587249756
News,L5,9585,anp_Deva,0.6472216248512268
News,L20,9585,anp_Deva,0.5740430951118469
News,L1,9596,hin_Deva,0.9919794201850891
News,L5,9596,hin_Deva,0.9969387650489807
News,L20,9596,hin_Deva,0.9953988790512085
News,L1,9599,anp_Deva,0.9504320025444031
News,L5,9599,hin_Deva,0.9923250079154968
News,L20,9599,hin_Deva,0.994981050491333
News,L1,9607,hin_Deva,0.9258739948272705
News,L5,9607,hin_Deva,0.9419589042663574
News,L20,9607,hin_Deva,0.9272119402885437
News,L1,9610,anp_Deva,0.8469940423965454
News,L5,9610,anp_Deva,0.9395020604133606
News,L20,9610,anp_Deva,0.5984684824943542
News,L1,9627,hin_Deva,0.9924499988555908
News,L5,9627,hin_Deva,0.9780668020248413
News,L20,9627,hin_Deva,0.9425193071365356
News,L1,9631,hin_Deva,0.5882034301757812
News,L5,9631,anp_Deva,0.8015950918197632
News,L20,9631,hin_Deva,0.5060986876487732
News,L1,9635,anp_Deva,0.511696994304657
News,L5,9635,hin_Deva,0.9348828196525574
News,L20,9635,hin_Deva,0.9861782193183899
News,L1,9658,hin_Deva,0.6277464032173157
News,L5,9658,hin_Deva,0.8026599287986755
News,L20,9658,hin_Deva,0.9544692039489746
News,L1,9662,hin_Deva,0.9807790517807007
News,L5,9662,hin_Deva,0.9109609127044678
News,L20,9662,hin_Deva,0.8759640455245972
News,L1,9673,hin_Deva,0.636499285697937
News,L5,9673,hin_Deva,0.9039368033409119
News,L20,9673,hin_Deva,0.8184193968772888
News,L1,9681,hin_Deva,0.9954075217247009
News,L5,9681,hin_Deva,0.9186398386955261
News,L20,9681,hin_Deva,0.791845440864563
News,L1,9682,anp_Deva,0.9888957738876343
News,L5,9682,anp_Deva,0.9624131321907043
News,L20,9682,hin_Deva,0.6199976205825806
News,L1,9696,hin_Deva,0.9865986704826355
News,L5,9696,hin_Deva,0.996061384677887
News,L20,9696,hin_Deva,0.9844024181365967
News,L1,9698,hin_Deva,0.9544936418533325
News,L5,9698,hin_Deva,0.993119478225708
News,L20,9698,hin_Deva,0.9641895890235901
News,L1,9714,anp_Deva,0.6944673657417297
News,L5,9714,hin_Deva,0.8204888701438904
News,L20,9714,hin_Deva,0.9116848111152649
News,L1,9726,hin_Deva,0.9925775527954102
News,L5,9726,hin_Deva,0.8842641115188599
News,L20,9726,hin_Deva,0.9977123141288757
News,L1,9732,hin_Deva,0.9724686145782471
News,L5,9732,hin_Deva,0.9915425181388855
News,L20,9732,hin_Deva,0.9954007863998413
News,L1,9734,anp_Deva,0.9991924166679382
News,L5,9734,anp_Deva,0.5782468914985657
News,L20,9734,anp_Deva,0.5064122080802917
News,L1,9739,anp_Deva,0.8802566528320312
News,L5,9739,hin_Deva,0.9812261462211609
News,L20,9739,hin_Deva,0.9941574335098267
News,L1,9759,hin_Deva,0.7098227739334106
News,L5,9759,hin_Deva,0.606290340423584
News,L20,9759,hin_Deva,0.8165056705474854
News,L1,9770,hin_Deva,0.9993814826011658
News,L5,9770,hin_Deva,0.952859103679657
News,L20,9770,hin_Deva,0.6729515194892883
News,L1,9773,hin_Deva,0.8335953950881958
News,L5,9773,hin_Deva,0.9809457063674927
News,L20,9773,hin_Deva,0.9762900471687317
News,L1,9774,hin_Deva,0.9563578367233276
News,L5,9774,hin_Deva,0.9957019686698914
News,L20,9774,hin_Deva,0.9980116486549377
News,L1,9805,hin_Deva,0.8644461035728455
News,L5,9805,hin_Deva,0.9942658543586731
News,L20,9805,hin_Deva,0.9974673390388489
News,L1,9830,hin_Deva,0.9274773597717285
News,L5,9830,anp_Deva,0.5618612766265869
News,L20,9830,hin_Deva,0.706946074962616
News,L1,9833,hin_Deva,0.7055231928825378
News,L5,9833,hin_Deva,0.9656739830970764
News,L20,9833,hin_Deva,0.9506323337554932
News,L1,9838,hin_Deva,0.9725627899169922
News,L5,9838,hin_Deva,0.8879232406616211
News,L20,9838,hin_Deva,0.9286513924598694
News,L1,9843,hin_Deva,0.5588600635528564
News,L5,9843,hin_Deva,0.9286326766014099
News,L20,9843,hin_Deva,0.9402397871017456
News,L1,9863,hin_Deva,0.8997544646263123
News,L5,9863,hin_Deva,0.9908661842346191
News,L20,9863,hin_Deva,0.9902734756469727
News,L1,9876,hin_Deva,0.9601905941963196
News,L5,9876,hin_Deva,0.9970868825912476
News,L20,9876,hin_Deva,0.9698181748390198
News,L1,9881,anp_Deva,0.9723665118217468
News,L5,9881,hin_Deva,0.7478120923042297
News,L20,9881,hin_Deva,0.9517649412155151
News,L1,9890,hin_Deva,0.9894964694976807
News,L5,9890,hin_Deva,0.9890919923782349
News,L20,9890,hin_Deva,0.9557377696037292
News,L1,9894,hin_Deva,0.9460031986236572
News,L5,9894,hin_Deva,0.9676358699798584
News,L20,9894,hin_Deva,0.9733765125274658
News,L1,9896,hin_Deva,0.8688903450965881
News,L5,9896,hin_Deva,0.9283557534217834
News,L20,9896,hin_Deva,0.9013932943344116
News,L1,9901,hin_Deva,0.8936759233474731
News,L5,9901,hin_Deva,0.9902892708778381
News,L20,9901,hin_Deva,0.9825925827026367
News,L1,9904,hin_Deva,0.999038577079773
News,L5,9904,hin_Deva,0.8565101027488708
News,L20,9904,hin_Deva,0.8883415460586548
News,L1,9936,hin_Deva,0.9095342755317688
News,L5,9936,hin_Deva,0.7863864302635193
News,L20,9936,hin_Deva,0.986272931098938
News,L1,9937,hin_Deva,0.9918636679649353
News,L5,9937,hin_Deva,0.9880803227424622
News,L20,9937,hin_Deva,0.9889773726463318
News,L1,9945,hin_Deva,0.8159661293029785
News,L5,9945,hin_Deva,0.5402718782424927
News,L20,9945,hin_Deva,0.8745877742767334
News,L1,9958,hin_Deva,0.9859914779663086
News,L5,9958,hin_Deva,0.9954184889793396
News,L20,9958,hin_Deva,0.9878571033477783
News,L1,9959,anp_Deva,0.9986748695373535
News,L5,9959,anp_Deva,0.5676454901695251
News,L20,9959,hin_Deva,0.5173682570457458
News,L1,9960,hin_Deva,0.9838851690292358
News,L5,9960,hin_Deva,0.9956067204475403
News,L20,9960,hin_Deva,0.9935449361801147
News,L1,9970,hin_Deva,0.9904928207397461
News,L5,9970,hin_Deva,0.9915834069252014
News,L20,9970,hin_Deva,0.984391450881958
News,L1,9972,hin_Deva,0.7415652871131897
News,L5,9972,hin_Deva,0.9936082363128662
News,L20,9972,hin_Deva,0.9670684337615967
News,L1,9986,hin_Deva,0.9931873083114624
News,L5,9986,hin_Deva,0.9935061931610107
News,L20,9986,hin_Deva,0.9886131286621094
News,L1,10001,hin_Deva,0.9557256102561951
News,L5,10001,hin_Deva,0.9970512986183167
News,L20,10001,hin_Deva,0.9971624612808228
News,L1,10010,hin_Deva,0.9623385071754456
News,L5,10010,hin_Deva,0.9503795504570007
News,L20,10010,hin_Deva,0.9492678642272949
News,L1,10022,hin_Deva,0.9633464217185974
News,L5,10022,hin_Deva,0.9576745629310608
News,L20,10022,hin_Deva,0.9835793375968933
News,L1,10023,hin_Deva,0.6279409527778625
News,L5,10023,hin_Deva,0.8744215965270996
News,L20,10023,hin_Deva,0.9711672067642212
News,L1,10030,hin_Deva,0.844193160533905
News,L5,10030,hin_Deva,0.9839352369308472
News,L20,10030,hin_Deva,0.9754747152328491
News,L1,10039,hin_Deva,0.9917000532150269
News,L5,10039,hin_Deva,0.965157687664032
News,L20,10039,hin_Deva,0.9354909062385559
News,L1,10082,hin_Deva,0.6224974989891052
News,L5,10082,hin_Deva,0.7352589964866638
News,L20,10082,hin_Deva,0.7957611680030823
News,L1,10087,hin_Deva,0.6815385222434998
News,L5,10087,anp_Deva,0.8630660772323608
News,L20,10087,hin_Deva,0.7367262244224548
News,L1,10104,hin_Deva,0.8012940883636475
News,L5,10104,hin_Deva,0.9540160894393921
News,L20,10104,hin_Deva,0.958717405796051
News,L1,10142,hin_Deva,0.9891219735145569
News,L5,10142,hin_Deva,0.9924309849739075
News,L20,10142,hin_Deva,0.9960987567901611
News,L1,10148,hin_Deva,0.8009682893753052
News,L5,10148,hin_Deva,0.9142132997512817
News,L20,10148,hin_Deva,0.9652024507522583
News,L1,10153,hin_Deva,0.9959214925765991
News,L5,10153,hin_Deva,0.9984979629516602
News,L20,10153,hin_Deva,0.9978132843971252
News,L1,10161,hin_Deva,0.9868944883346558
News,L5,10161,hin_Deva,0.9762142300605774
News,L20,10161,hin_Deva,0.9635618329048157
News,L1,10167,hin_Deva,0.5766502618789673
News,L5,10167,hin_Deva,0.9055257439613342
News,L20,10167,hin_Deva,0.9721167087554932
News,L1,10177,hin_Deva,0.9980452656745911
News,L5,10177,hin_Deva,0.9952710270881653
News,L20,10177,hin_Deva,0.9868466854095459
News,L1,10184,hin_Deva,0.8279387354850769
News,L5,10184,hin_Deva,0.8886366486549377
News,L20,10184,hin_Deva,0.9714874029159546
News,L1,10187,hin_Deva,0.9945698380470276
News,L5,10187,hin_Deva,0.9621521234512329
News,L20,10187,hin_Deva,0.9500404000282288
News,L1,10210,hin_Deva,0.9343063831329346
News,L5,10210,hin_Deva,0.8446432948112488
News,L20,10210,hin_Deva,0.9831815361976624
News,L1,10230,hin_Deva,0.8486855626106262
News,L5,10230,hin_Deva,0.9507138133049011
News,L20,10230,hin_Deva,0.9310539364814758
News,L1,10233,hin_Deva,0.8968935012817383
News,L5,10233,anp_Deva,0.557782769203186
News,L20,10233,anp_Deva,0.5187966823577881
News,L1,10236,anp_Deva,0.9968815445899963
News,L5,10236,hin_Deva,0.9846041202545166
News,L20,10236,hin_Deva,0.9456470608711243
News,L1,10245,hin_Deva,0.46377527713775635
News,L5,10245,hin_Deva,0.9645546674728394
News,L20,10245,hin_Deva,0.9768353700637817
News,L1,10253,hin_Deva,0.9815235137939453
News,L5,10253,hin_Deva,0.9844921827316284
News,L20,10253,hin_Deva,0.9975318312644958
News,L1,10258,hin_Deva,0.982808530330658
News,L5,10258,hin_Deva,0.9820005297660828
News,L20,10258,hin_Deva,0.9898303747177124
News,L1,10259,anp_Deva,0.9488944411277771
News,L5,10259,anp_Deva,0.6361284255981445
News,L20,10259,hin_Deva,0.6267305612564087
News,L1,10265,hin_Deva,0.9986912608146667
News,L5,10265,hin_Deva,0.9881080985069275
News,L20,10265,hin_Deva,0.9940335154533386
News,L1,10270,anp_Deva,0.8575165271759033
News,L5,10270,hin_Deva,0.9936246871948242
News,L20,10270,hin_Deva,0.9843212962150574
News,L1,10308,hin_Deva,0.9999431371688843
News,L5,10308,hin_Deva,0.9983481168746948
News,L20,10308,hin_Deva,0.992603600025177
News,L1,10311,hin_Deva,0.8913301825523376
News,L5,10311,hin_Deva,0.9568884968757629
News,L20,10311,hin_Deva,0.9914522767066956
News,L1,10317,hin_Deva,0.8288992643356323
News,L5,10317,hin_Deva,0.9930220246315002
News,L20,10317,hin_Deva,0.995128870010376
News,L1,10327,anp_Deva,0.7225703001022339
News,L5,10327,hin_Deva,0.9793304204940796
News,L20,10327,hin_Deva,0.9812208414077759
News,L1,10345,hin_Deva,0.9040078520774841
News,L5,10345,hin_Deva,0.9673342704772949
News,L20,10345,hin_Deva,0.9812586307525635
News,L1,10353,hin_Deva,0.7738181352615356
News,L5,10353,hin_Deva,0.9208776950836182
News,L20,10353,hin_Deva,0.9344464540481567
News,L1,10355,hin_Deva,0.8860207796096802
News,L5,10355,hin_Deva,0.7329956293106079
News,L20,10355,hin_Deva,0.8958981037139893
News,L1,10357,hin_Deva,0.9889215230941772
News,L5,10357,hin_Deva,0.9914600253105164
News,L20,10357,hin_Deva,0.9899622797966003
News,L1,10361,hin_Deva,0.928083062171936
News,L5,10361,hin_Deva,0.9949363470077515
News,L20,10361,hin_Deva,0.9839174747467041
News,L1,10372,hin_Deva,0.994539201259613
News,L5,10372,hin_Deva,0.99123215675354
News,L20,10372,hin_Deva,0.9904086589813232
News,L1,10395,anp_Deva,0.9844784140586853
News,L5,10395,hin_Deva,0.9874104857444763
News,L20,10395,hin_Deva,0.9896093606948853
News,L1,10396,anp_Deva,0.8222286701202393
News,L5,10396,hin_Deva,0.9021975994110107
News,L20,10396,hin_Deva,0.9909520745277405
News,L1,10403,hin_Deva,0.5555448532104492
News,L5,10403,hin_Deva,0.9902452230453491
News,L20,10403,hin_Deva,0.9516206979751587
News,L1,10415,hin_Deva,0.8015381097793579
News,L5,10415,anp_Deva,0.5208075046539307
News,L20,10415,hin_Deva,0.519385814666748
News,L1,10417,hin_Deva,0.9947309494018555
News,L5,10417,hin_Deva,0.9984055161476135
News,L20,10417,hin_Deva,0.998479425907135
News,L1,10418,anp_Deva,0.9993594288825989
News,L5,10418,hin_Deva,0.9033989906311035
News,L20,10418,hin_Deva,0.9639492630958557
News,L1,10420,hin_Deva,0.9768905639648438
News,L5,10420,anp_Deva,0.8659970164299011
News,L20,10420,anp_Deva,0.7039952874183655
News,L1,10429,anp_Deva,0.9196596145629883
News,L5,10429,hin_Deva,0.9881398677825928
News,L20,10429,hin_Deva,0.9929671287536621
News,L1,10430,hin_Deva,0.9951791167259216
News,L5,10430,hin_Deva,0.984847903251648
News,L20,10430,hin_Deva,0.9815629720687866
News,L1,10441,anp_Deva,0.9651402235031128
News,L5,10441,hin_Deva,0.7147764563560486
News,L20,10441,hin_Deva,0.8578314185142517
News,L1,10460,hin_Deva,0.9821624159812927
News,L5,10460,hin_Deva,0.9949325919151306
News,L20,10460,hin_Deva,0.9916972517967224
News,L1,10461,hin_Deva,0.9998422861099243
News,L5,10461,hin_Deva,0.9995391368865967
News,L20,10461,hin_Deva,0.9966880083084106
News,L1,10466,hin_Deva,0.7592648267745972
News,L5,10466,hin_Deva,0.8061760067939758
News,L20,10466,hin_Deva,0.9496256113052368
News,L1,10468,hin_Deva,0.7656129598617554
News,L5,10468,hin_Deva,0.9857274293899536
News,L20,10468,hin_Deva,0.9814397692680359
News,L1,10473,anp_Deva,0.6940755844116211
News,L5,10473,hin_Deva,0.9260377883911133
News,L20,10473,hin_Deva,0.992898166179657
News,L1,10475,anp_Deva,0.9938380122184753
News,L5,10475,hin_Deva,0.985180675983429
News,L20,10475,hin_Deva,0.9930408596992493
News,L1,10487,hin_Deva,0.9984337091445923
News,L5,10487,hin_Deva,0.9947553873062134
News,L20,10487,hin_Deva,0.987902045249939
News,L1,10493,hin_Deva,0.6341785192489624
News,L5,10493,hin_Deva,0.9821885228157043
News,L20,10493,hin_Deva,0.9917402863502502
News,L1,10497,hin_Deva,0.9839682579040527
News,L5,10497,hin_Deva,0.9350774884223938
News,L20,10497,hin_Deva,0.9772935509681702
News,L1,10499,hin_Deva,0.8460307717323303
News,L5,10499,hin_Deva,0.9829726219177246
News,L20,10499,hin_Deva,0.9928146004676819
News,L1,10521,hin_Deva,0.9887869954109192
News,L5,10521,hin_Deva,0.9820939302444458
News,L20,10521,hin_Deva,0.9922862648963928
News,L1,10525,hin_Deva,0.8244714140892029
News,L5,10525,hin_Deva,0.9658291935920715
News,L20,10525,hin_Deva,0.9708681106567383
News,L1,10526,hin_Deva,0.9969332814216614
News,L5,10526,hin_Deva,0.992962658405304
News,L20,10526,hin_Deva,0.9898141622543335
News,L1,10529,hin_Deva,0.9957446455955505
News,L5,10529,hin_Deva,0.9967455267906189
News,L20,10529,hin_Deva,0.9909292459487915
News,L1,10531,hin_Deva,0.9882949590682983
News,L5,10531,hin_Deva,0.9940060377120972
News,L20,10531,hin_Deva,0.9944179058074951
News,L1,10538,hin_Deva,0.9626679420471191
News,L5,10538,hin_Deva,0.9983698725700378
News,L20,10538,hin_Deva,0.9889346957206726
News,L1,10540,hin_Deva,0.9999010562896729
News,L5,10540,hin_Deva,0.9762583374977112
News,L20,10540,hin_Deva,0.9878785014152527
News,L1,10555,hin_Deva,0.9294772148132324
News,L5,10555,hin_Deva,0.9589284658432007
News,L20,10555,hin_Deva,0.9088370203971863
News,L1,10559,hin_Deva,0.9850674271583557
News,L5,10559,hin_Deva,0.9916494488716125
News,L20,10559,hin_Deva,0.9882005453109741
News,L1,10572,hin_Deva,0.7618598937988281
News,L5,10572,hin_Deva,0.9732651710510254
News,L20,10572,hin_Deva,0.927708089351654
News,L1,10585,anp_Deva,0.9473825693130493
News,L5,10585,hin_Deva,0.8367329239845276
News,L20,10585,hin_Deva,0.7332572340965271
News,L1,10602,hin_Deva,0.9775174260139465
News,L5,10602,hin_Deva,0.7904266715049744
News,L20,10602,hin_Deva,0.9666467308998108
News,L1,10608,anp_Deva,0.9927069544792175
News,L5,10608,hin_Deva,0.9315090179443359
News,L20,10608,hin_Deva,0.941962718963623
News,L1,10615,hin_Deva,0.993861198425293
News,L5,10615,hin_Deva,0.9257696270942688
News,L20,10615,hin_Deva,0.9898902177810669
News,L1,10621,hin_Deva,0.9906907677650452
News,L5,10621,hin_Deva,0.9922208786010742
News,L20,10621,hin_Deva,0.992874026298523
News,L1,10625,hin_Deva,0.9901310205459595
News,L5,10625,hin_Deva,0.9942907094955444
News,L20,10625,hin_Deva,0.9851334691047668
News,L1,10630,hin_Deva,0.9641017913818359
News,L5,10630,hin_Deva,0.9947916865348816
News,L20,10630,hin_Deva,0.9856021404266357
News,L1,10640,hin_Deva,0.9939951300621033
News,L5,10640,hin_Deva,0.9930762052536011
News,L20,10640,hin_Deva,0.9839353561401367
News,L1,10641,hin_Deva,0.6914916634559631
News,L5,10641,hin_Deva,0.6953251361846924
News,L20,10641,anp_Deva,0.650443971157074
News,L1,10653,hin_Deva,0.67359858751297
News,L5,10653,hin_Deva,0.9325781464576721
News,L20,10653,hin_Deva,0.8781691193580627
News,L1,10670,anp_Deva,0.994864284992218
News,L5,10670,anp_Deva,0.7244548797607422
News,L20,10670,hin_Deva,0.5619348883628845
News,L1,10671,hin_Deva,0.5213453769683838
News,L5,10671,hin_Deva,0.8428539037704468
News,L20,10671,hin_Deva,0.9080502390861511
News,L1,10680,hin_Deva,0.47551271319389343
News,L5,10680,anp_Deva,0.9170448184013367
News,L20,10680,anp_Deva,0.7557045221328735
News,L1,10684,hin_Deva,0.9794256687164307
News,L5,10684,hin_Deva,0.9250591397285461
News,L20,10684,hin_Deva,0.975104808807373
News,L1,10688,anp_Deva,0.9816979765892029
News,L5,10688,hin_Deva,0.9240750670433044
News,L20,10688,hin_Deva,0.8855870366096497
News,L1,10694,hin_Deva,0.9912504553794861
News,L5,10694,hin_Deva,0.9791714549064636
News,L20,10694,hin_Deva,0.9899227023124695
News,L1,10700,hin_Deva,0.8633037805557251
News,L5,10700,hin_Deva,0.9960380792617798
News,L20,10700,hin_Deva,0.9866964817047119
News,L1,10707,awa_Deva,0.5738390684127808
News,L5,10707,hin_Deva,0.6511794328689575
News,L20,10707,hin_Deva,0.5255036354064941
News,L1,10709,hin_Deva,0.6938347220420837
News,L5,10709,hin_Deva,0.9930086135864258
News,L20,10709,hin_Deva,0.9960212707519531
News,L1,10720,hin_Deva,0.7154183983802795
News,L5,10720,hin_Deva,0.7184592485427856
News,L20,10720,hin_Deva,0.8846182227134705
News,L1,10734,hin_Deva,0.8521859049797058
News,L5,10734,hin_Deva,0.9669576287269592
News,L20,10734,hin_Deva,0.9296311140060425
News,L1,10747,anp_Deva,0.8199069499969482
News,L5,10747,hin_Deva,0.6566931009292603
News,L20,10747,hin_Deva,0.8496026992797852
News,L1,10750,hin_Deva,0.989197313785553
News,L5,10750,hin_Deva,0.9923531413078308
News,L20,10750,hin_Deva,0.973185122013092
News,L1,10762,hin_Deva,0.9925019145011902
News,L5,10762,hin_Deva,0.988131046295166
News,L20,10762,hin_Deva,0.9959629774093628
News,L1,10768,anp_Deva,0.9918256402015686
News,L5,10768,hin_Deva,0.8729447722434998
News,L20,10768,hin_Deva,0.8339978456497192
News,L1,10778,hin_Deva,0.9369686245918274
News,L5,10778,hin_Deva,0.9742411971092224
News,L20,10778,hin_Deva,0.9804753065109253
News,L1,10792,hin_Deva,0.9715249538421631
News,L5,10792,hin_Deva,0.9947395920753479
News,L20,10792,hin_Deva,0.9860167503356934
News,L1,10794,hin_Deva,0.6300909519195557
News,L5,10794,hin_Deva,0.9870196580886841
News,L20,10794,hin_Deva,0.9781055450439453
News,L1,10795,hin_Deva,0.6074544787406921
News,L5,10795,hin_Deva,0.9403323531150818
News,L20,10795,hin_Deva,0.9949290156364441
News,L1,10799,hin_Deva,0.9938281178474426
News,L5,10799,hin_Deva,0.9943258166313171
News,L20,10799,hin_Deva,0.9939576387405396
News,L1,10802,hin_Deva,0.9932214021682739
News,L5,10802,hin_Deva,0.9813672304153442
News,L20,10802,hin_Deva,0.9813315272331238
News,L1,10813,hin_Deva,0.9978538751602173
News,L5,10813,hin_Deva,0.9788558483123779
News,L20,10813,hin_Deva,0.978821337223053
News,L1,10822,hin_Deva,0.9863598942756653
News,L5,10822,hin_Deva,0.9937597513198853
News,L20,10822,hin_Deva,0.9788115620613098
News,L1,10825,anp_Deva,0.48340898752212524
News,L5,10825,anp_Deva,0.8477432131767273
News,L20,10825,anp_Deva,0.6677971482276917
News,L1,10829,hin_Deva,0.9418705105781555
News,L5,10829,hin_Deva,0.9723877906799316
News,L20,10829,hin_Deva,0.9870426654815674
News,L1,10861,hin_Deva,0.8821271061897278
News,L5,10861,hin_Deva,0.9970957636833191
News,L20,10861,hin_Deva,0.9876821041107178
News,L1,10862,hin_Deva,0.9826797246932983
News,L5,10862,hin_Deva,0.9189931154251099
News,L20,10862,hin_Deva,0.9298665523529053
News,L1,10873,hin_Deva,0.924128532409668
News,L5,10873,hin_Deva,0.9968445897102356
News,L20,10873,hin_Deva,0.9982979893684387
News,L1,10893,hin_Deva,0.8866103291511536
News,L5,10893,hin_Deva,0.713198721408844
News,L20,10893,hin_Deva,0.92814701795578
News,L1,10904,hin_Deva,0.9147785902023315
News,L5,10904,hin_Deva,0.975389301776886
News,L20,10904,hin_Deva,0.9857490658760071
News,L1,10918,hin_Deva,0.9321319460868835
News,L5,10918,hin_Deva,0.9244356751441956
News,L20,10918,hin_Deva,0.989234983921051
News,L1,10920,hin_Deva,0.9566894173622131
News,L5,10920,hin_Deva,0.8796883225440979
News,L20,10920,hin_Deva,0.9698095321655273
News,L1,10929,hin_Deva,0.7050800323486328
News,L5,10929,hin_Deva,0.9960212707519531
News,L20,10929,hin_Deva,0.9975787997245789
News,L1,10933,anp_Deva,0.6620880365371704
News,L5,10933,hin_Deva,0.9336743354797363
News,L20,10933,hin_Deva,0.927374005317688
News,L1,10935,hin_Deva,0.9658876061439514
News,L5,10935,hin_Deva,0.513863205909729
News,L20,10935,hin_Deva,0.7323287129402161
News,L1,10939,hin_Deva,0.9447975754737854
News,L5,10939,hin_Deva,0.9712779521942139
News,L20,10939,hin_Deva,0.9725778698921204
News,L1,10974,hin_Deva,0.9537027478218079
News,L5,10974,hin_Deva,0.9765490293502808
News,L20,10974,hin_Deva,0.976542592048645
News,L1,10975,hin_Deva,0.9977689981460571
News,L5,10975,hin_Deva,0.9843230247497559
News,L20,10975,hin_Deva,0.9684376120567322
News,L1,10977,hin_Deva,0.8361437916755676
News,L5,10977,hin_Deva,0.9532419443130493
News,L20,10977,hin_Deva,0.9045771360397339
News,L1,10990,anp_Deva,0.9690616130828857
News,L5,10990,hin_Deva,0.7435414791107178
News,L20,10990,hin_Deva,0.8598032593727112
News,L1,11012,anp_Deva,0.9551514387130737
News,L5,11012,anp_Deva,0.7302852272987366
News,L20,11012,hin_Deva,0.5984179377555847
News,L1,11017,bho_Deva,0.5350783467292786
News,L5,11017,hin_Deva,0.9923626780509949
News,L20,11017,hin_Deva,0.9958547949790955
News,L1,11021,anp_Deva,0.9955037832260132
News,L5,11021,hin_Deva,0.7096871733665466
News,L20,11021,hin_Deva,0.6465984582901001
News,L1,11022,anp_Deva,0.9670562744140625
News,L5,11022,hin_Deva,0.5023036003112793
News,L20,11022,hin_Deva,0.7776550054550171
News,L1,11026,hin_Deva,0.9858256578445435
News,L5,11026,hin_Deva,0.7857881188392639
News,L20,11026,hin_Deva,0.9856859445571899
News,L1,11027,hin_Deva,0.9076187014579773
News,L5,11027,hin_Deva,0.9692432284355164
News,L20,11027,hin_Deva,0.973055899143219
News,L1,11037,hin_Deva,0.9987103939056396
News,L5,11037,hin_Deva,0.9947797656059265
News,L20,11037,hin_Deva,0.9466200470924377
News,L1,11041,hin_Deva,0.9987609386444092
News,L5,11041,hin_Deva,0.9980102181434631
News,L20,11041,hin_Deva,0.9982069134712219
News,L1,11061,hin_Deva,0.9611158967018127
News,L5,11061,hin_Deva,0.9559713006019592
News,L20,11061,hin_Deva,0.8739245533943176
News,L1,11064,hin_Deva,0.5553589463233948
News,L5,11064,hin_Deva,0.9723485708236694
News,L20,11064,hin_Deva,0.9865473508834839
News,L1,11070,hin_Deva,0.8800362348556519
News,L5,11070,hin_Deva,0.9807713627815247
News,L20,11070,hin_Deva,0.956264317035675
News,L1,11087,hin_Deva,0.950599730014801
News,L5,11087,hin_Deva,0.9689075350761414
News,L20,11087,hin_Deva,0.9929184913635254
News,L1,11090,hin_Deva,0.9969549775123596
News,L5,11090,hin_Deva,0.9614672660827637
News,L20,11090,hin_Deva,0.9858131408691406
News,L1,11106,hin_Deva,0.7406549453735352
News,L5,11106,hin_Deva,0.9516032934188843
News,L20,11106,hin_Deva,0.972494900226593
News,L1,11118,hin_Deva,0.7572135329246521
News,L5,11118,hin_Deva,0.7203755378723145
News,L20,11118,hin_Deva,0.8495332598686218
News,L1,11134,hin_Deva,0.9406310319900513
News,L5,11134,hin_Deva,0.9775761961936951
News,L20,11134,hin_Deva,0.9859270453453064
News,L1,11135,anp_Deva,0.8947677612304688
News,L5,11135,anp_Deva,0.5369365811347961
News,L20,11135,hin_Deva,0.598368227481842
News,L1,11179,hin_Deva,0.870326578617096
News,L5,11179,hin_Deva,0.7712127566337585
News,L20,11179,hin_Deva,0.8305050134658813
News,L1,11180,hin_Deva,0.5228740572929382
News,L5,11180,hin_Deva,0.7601751685142517
News,L20,11180,hin_Deva,0.9548169374465942
News,L1,11181,hin_Deva,0.9988549947738647
News,L5,11181,hin_Deva,0.9970394372940063
News,L20,11181,hin_Deva,0.9926093816757202
News,L1,11213,hin_Deva,0.9948348999023438
News,L5,11213,hin_Deva,0.9889380931854248
News,L20,11213,hin_Deva,0.9933470487594604
News,L1,11220,hin_Deva,0.9423961639404297
News,L5,11220,hin_Deva,0.9914573431015015
News,L20,11220,hin_Deva,0.9890790581703186
News,L1,11230,awa_Deva,0.4758700728416443
News,L5,11230,anp_Deva,0.9677884578704834
News,L20,11230,anp_Deva,0.8008104562759399
News,L1,11249,hin_Deva,0.9913350343704224
News,L5,11249,hin_Deva,0.9926559925079346
News,L20,11249,hin_Deva,0.9736794233322144
News,L1,11250,hin_Deva,0.9481627941131592
News,L5,11250,hin_Deva,0.9858789443969727
News,L20,11250,hin_Deva,0.9775554537773132
News,L1,11256,hin_Deva,0.9945234060287476
News,L5,11256,hin_Deva,0.9935600757598877
News,L20,11256,hin_Deva,0.995406448841095
News,L1,11257,anp_Deva,0.7001450061798096
News,L5,11257,hin_Deva,0.9787489771842957
News,L20,11257,hin_Deva,0.9118666648864746
News,L1,11264,hin_Deva,0.5906760692596436
News,L5,11264,hin_Deva,0.986261248588562
News,L20,11264,hin_Deva,0.9916070103645325
News,L1,11265,hin_Deva,0.5679729580879211
News,L5,11265,anp_Deva,0.842529296875
News,L20,11265,anp_Deva,0.5102871656417847
News,L1,11266,hin_Deva,0.8198941946029663
News,L5,11266,hin_Deva,0.563259482383728
News,L20,11266,hin_Deva,0.5830709934234619
News,L1,11268,hin_Deva,0.9893729090690613
News,L5,11268,hin_Deva,0.9783404469490051
News,L20,11268,hin_Deva,0.7454665899276733
News,L1,11272,hin_Deva,0.9984995126724243
News,L5,11272,hin_Deva,0.9960262179374695
News,L20,11272,hin_Deva,0.9833658933639526
News,L1,11283,hin_Deva,0.9426164031028748
News,L5,11283,hin_Deva,0.992662787437439
News,L20,11283,hin_Deva,0.9884636998176575
News,L1,11284,hin_Deva,0.8573644757270813
News,L5,11284,hin_Deva,0.9096645712852478
News,L20,11284,hin_Deva,0.7415030002593994
News,L1,11296,hin_Deva,0.9806613326072693
News,L5,11296,hin_Deva,0.9952690005302429
News,L20,11296,hin_Deva,0.9907655119895935
News,L1,11302,anp_Deva,0.9999650716781616
News,L5,11302,hin_Deva,0.7918460965156555
News,L20,11302,hin_Deva,0.8928682804107666
News,L1,11303,hin_Deva,0.9947132468223572
News,L5,11303,hin_Deva,0.9377339482307434
News,L20,11303,hin_Deva,0.9829089641571045
News,L1,11314,anp_Deva,0.49448147416114807
News,L5,11314,hin_Deva,0.8512787222862244
News,L20,11314,hin_Deva,0.8904929757118225
News,L1,11321,hin_Deva,0.9382242560386658
News,L5,11321,hin_Deva,0.9566540718078613
News,L20,11321,hin_Deva,0.9894577264785767
News,L1,11325,hin_Deva,0.538323163986206
News,L5,11325,hin_Deva,0.6012927293777466
News,L20,11325,hin_Deva,0.9529658555984497
News,L1,11330,anp_Deva,0.7394048571586609
News,L5,11330,hin_Deva,0.8201792240142822
News,L20,11330,hin_Deva,0.7414718270301819
News,L1,11348,hin_Deva,0.9788379073143005
News,L5,11348,hin_Deva,0.9799255132675171
News,L20,11348,hin_Deva,0.9804192781448364
News,L1,11359,awa_Deva,0.8889011740684509
News,L5,11359,hin_Deva,0.9585716724395752
News,L20,11359,hin_Deva,0.9747701287269592
News,L1,11362,hin_Deva,0.9758468866348267
News,L5,11362,hin_Deva,0.9391581416130066
News,L20,11362,hin_Deva,0.889783501625061
News,L1,11365,hin_Deva,0.8533807396888733
News,L5,11365,hin_Deva,0.9768984317779541
News,L20,11365,hin_Deva,0.9739511013031006
News,L1,11370,hin_Deva,0.941510021686554
News,L5,11370,hin_Deva,0.9781591296195984
News,L20,11370,hin_Deva,0.9872626662254333
News,L1,11384,hin_Deva,0.7408418655395508
News,L5,11384,hin_Deva,0.9916637539863586
News,L20,11384,hin_Deva,0.9920832514762878
News,L1,11395,hin_Deva,0.45299962162971497
News,L5,11395,hin_Deva,0.9871541857719421
News,L20,11395,hin_Deva,0.9941157102584839
News,L1,11419,anp_Deva,0.9951595664024353
News,L5,11419,anp_Deva,0.9397120475769043
News,L20,11419,anp_Deva,0.7284910082817078
News,L1,11423,anp_Deva,0.9898564219474792
News,L5,11423,hin_Deva,0.979630172252655
News,L20,11423,hin_Deva,0.9925909042358398
News,L1,11440,hin_Deva,0.98915696144104
News,L5,11440,hin_Deva,0.9893524646759033
News,L20,11440,hin_Deva,0.9892517924308777
News,L1,11457,hin_Deva,0.9660838842391968
News,L5,11457,hin_Deva,0.9957871437072754
News,L20,11457,hin_Deva,0.9956210255622864
News,L1,11459,hin_Deva,0.9974619746208191
News,L5,11459,hin_Deva,0.8773659467697144
News,L20,11459,hin_Deva,0.9804750680923462
News,L1,11467,anp_Deva,0.9996052384376526
News,L5,11467,hin_Deva,0.8575291633605957
News,L20,11467,hin_Deva,0.8761470913887024
News,L1,11475,hin_Deva,0.9832566380500793
News,L5,11475,hin_Deva,0.9940069913864136
News,L20,11475,hin_Deva,0.9466816782951355
News,L1,11480,hin_Deva,0.7747235298156738
News,L5,11480,hin_Deva,0.9929142594337463
News,L20,11480,hin_Deva,0.9896445870399475
News,L1,11491,hin_Deva,0.9270127415657043
News,L5,11491,hin_Deva,0.9334343671798706
News,L20,11491,hin_Deva,0.859032392501831
News,L1,11497,hin_Deva,0.9940323233604431
News,L5,11497,hin_Deva,0.9961879253387451
News,L20,11497,hin_Deva,0.9926274418830872
News,L1,11502,anp_Deva,0.8760990500450134
News,L5,11502,hin_Deva,0.9775715470314026
News,L20,11502,hin_Deva,0.9843090772628784
News,L1,11505,hin_Deva,0.9921873211860657
News,L5,11505,hin_Deva,0.9332714080810547
News,L20,11505,hin_Deva,0.9017328023910522
News,L1,11510,hin_Deva,0.9334665536880493
News,L5,11510,hin_Deva,0.9225717186927795
News,L20,11510,hin_Deva,0.9090279936790466
News,L1,11511,anp_Deva,0.6107969880104065
News,L5,11511,hin_Deva,0.8868932127952576
News,L20,11511,hin_Deva,0.7954658269882202
News,L1,11514,hin_Deva,0.9344722628593445
News,L5,11514,hin_Deva,0.9623028635978699
News,L20,11514,hin_Deva,0.9618912935256958
News,L1,11521,hin_Deva,0.726172924041748
News,L5,11521,hin_Deva,0.7996465563774109
News,L20,11521,hin_Deva,0.8508933782577515
News,L1,11561,hin_Deva,0.9670653343200684
News,L5,11561,hin_Deva,0.9832733869552612
News,L20,11561,hin_Deva,0.9797961115837097
News,L1,11581,hin_Deva,0.8693152070045471
News,L5,11581,hin_Deva,0.8137702941894531
News,L20,11581,hin_Deva,0.8307994604110718
News,L1,11607,anp_Deva,0.9208810925483704
News,L5,11607,hin_Deva,0.9101138114929199
News,L20,11607,hin_Deva,0.9777774214744568
News,L1,11659,anp_Deva,0.9993144273757935
News,L5,11659,hin_Deva,0.7904757857322693
News,L20,11659,hin_Deva,0.9259386658668518
News,L1,11687,hin_Deva,0.9971348643302917
News,L5,11687,hin_Deva,0.9939740300178528
News,L20,11687,hin_Deva,0.9930431842803955
News,L1,11702,hin_Deva,0.9949700832366943
News,L5,11702,hin_Deva,0.9910693764686584
News,L20,11702,hin_Deva,0.9890425205230713
News,L1,11712,hin_Deva,0.7493063807487488
News,L5,11712,hin_Deva,0.9880021810531616
News,L20,11712,hin_Deva,0.9712608456611633
News,L1,11724,hin_Deva,0.9816739559173584
News,L5,11724,hin_Deva,0.9842795133590698
News,L20,11724,hin_Deva,0.9959238171577454
News,L1,11735,anp_Deva,0.9800074100494385
News,L5,11735,anp_Deva,0.6828030347824097
News,L20,11735,anp_Deva,0.7048380970954895
News,L1,11742,anp_Deva,0.6068482995033264
News,L5,11742,hin_Deva,0.980233907699585
News,L20,11742,hin_Deva,0.997948944568634
News,L1,11747,mai_Deva,0.5414693355560303
News,L5,11747,hin_Deva,0.9462652802467346
News,L20,11747,hin_Deva,0.9383997321128845
News,L1,11753,anp_Deva,0.542013943195343
News,L5,11753,hin_Deva,0.7126802206039429
News,L20,11753,hin_Deva,0.9945045113563538
News,L1,11764,hin_Deva,0.9245674014091492
News,L5,11764,hin_Deva,0.9796790480613708
News,L20,11764,hin_Deva,0.9842326045036316
News,L1,11796,hin_Deva,0.5039944052696228
News,L5,11796,anp_Deva,0.7874076962471008
News,L20,11796,hin_Deva,0.7989087700843811
News,L1,11802,hin_Deva,0.9358525276184082
News,L5,11802,hin_Deva,0.9923046827316284
News,L20,11802,hin_Deva,0.995377779006958
News,L1,11815,hin_Deva,0.9951179027557373
News,L5,11815,hin_Deva,0.9949158430099487
News,L20,11815,hin_Deva,0.9920048713684082
News,L1,11817,hin_Deva,0.49955689907073975
News,L5,11817,hin_Deva,0.9241408109664917
News,L20,11817,hin_Deva,0.7104856967926025
News,L1,11835,hin_Deva,0.9277666211128235
News,L5,11835,hin_Deva,0.9971840381622314
News,L20,11835,hin_Deva,0.9976708889007568
News,L1,11840,hin_Deva,0.9169448614120483
News,L5,11840,hin_Deva,0.9695144295692444
News,L20,11840,hin_Deva,0.991488516330719
News,L1,11843,hin_Deva,0.9716939926147461
News,L5,11843,hin_Deva,0.9849991798400879
News,L20,11843,hin_Deva,0.9786719679832458
News,L1,11846,hin_Deva,0.9104276299476624
News,L5,11846,hin_Deva,0.9154868721961975
News,L20,11846,hin_Deva,0.8636658787727356
News,L1,11852,hin_Deva,0.9974686503410339
News,L5,11852,hin_Deva,0.9885448813438416
News,L20,11852,hin_Deva,0.9937168955802917
News,L1,11864,hin_Deva,0.9811765551567078
News,L5,11864,hin_Deva,0.9870469570159912
News,L20,11864,hin_Deva,0.9901617169380188
News,L1,11872,hin_Deva,0.9964887499809265
News,L5,11872,hin_Deva,0.9896937608718872
News,L20,11872,hin_Deva,0.9957458972930908
News,L1,11877,hin_Deva,0.9793078899383545
News,L5,11877,hin_Deva,0.9966323375701904
News,L20,11877,hin_Deva,0.9974274635314941
News,L1,11918,hin_Deva,0.9666159152984619
News,L5,11918,hin_Deva,0.9865590929985046
News,L20,11918,hin_Deva,0.9847835302352905
News,L1,11919,hin_Deva,0.7749906182289124
News,L5,11919,anp_Deva,0.7135153412818909
News,L20,11919,anp_Deva,0.6366686820983887
News,L1,11923,anp_Deva,0.9834326505661011
News,L5,11923,hin_Deva,0.8008381724357605
News,L20,11923,hin_Deva,0.9811763167381287
News,L1,11925,hin_Deva,0.9879988431930542
News,L5,11925,hin_Deva,0.9783214926719666
News,L20,11925,hin_Deva,0.9666801691055298
News,L1,11933,hin_Deva,0.8906222581863403
News,L5,11933,hin_Deva,0.9876404404640198
News,L20,11933,hin_Deva,0.991178035736084
News,L1,11941,hin_Deva,0.9835278987884521
News,L5,11941,hin_Deva,0.9944093823432922
News,L20,11941,hin_Deva,0.989946722984314
News,L1,11982,hin_Deva,0.9010217189788818
News,L5,11982,hin_Deva,0.9973351955413818
News,L20,11982,hin_Deva,0.9949751496315002
News,L1,11988,hin_Deva,0.99732905626297
News,L5,11988,hin_Deva,0.9724358320236206
News,L20,11988,hin_Deva,0.991947591304779
News,L1,11996,anp_Deva,0.9978153109550476
News,L5,11996,hin_Deva,0.9954662322998047
News,L20,11996,hin_Deva,0.989258885383606
News,L1,12008,hin_Deva,0.9918120503425598
News,L5,12008,hin_Deva,0.9967231750488281
News,L20,12008,hin_Deva,0.9870392084121704
News,L1,12014,hin_Deva,0.9932019114494324
News,L5,12014,hin_Deva,0.995520830154419
News,L20,12014,hin_Deva,0.9980708956718445
News,L1,12015,hin_Deva,0.6519888639450073
News,L5,12015,hin_Deva,0.9727304577827454
News,L20,12015,hin_Deva,0.9270874261856079
News,L1,12017,hin_Deva,0.6135430932044983
News,L5,12017,hin_Deva,0.9828186631202698
News,L20,12017,hin_Deva,0.9390774965286255
News,L1,12018,hin_Deva,0.9576184749603271
News,L5,12018,hin_Deva,0.9951387643814087
News,L20,12018,hin_Deva,0.9762821793556213
News,L1,12031,anp_Deva,0.9797623157501221
News,L5,12031,anp_Deva,0.898285448551178
News,L20,12031,anp_Deva,0.712099015712738
News,L1,12062,hin_Deva,0.9943716526031494
News,L5,12062,hin_Deva,0.9898928999900818
News,L20,12062,hin_Deva,0.9673882722854614
News,L1,12076,hin_Deva,0.9964911937713623
News,L5,12076,hin_Deva,0.8487851023674011
News,L20,12076,hin_Deva,0.7302021980285645
News,L1,12083,hin_Deva,0.9828519225120544
News,L5,12083,hin_Deva,0.9948603510856628
News,L20,12083,hin_Deva,0.9991785287857056
News,L1,12094,anp_Deva,0.8715083599090576
News,L5,12094,hin_Deva,0.9564909934997559
News,L20,12094,hin_Deva,0.9788398742675781
News,L1,12101,hin_Deva,0.8167436122894287
News,L5,12101,hin_Deva,0.7188211679458618
News,L20,12101,hin_Deva,0.5962734818458557
News,L1,12102,anp_Deva,0.9433015584945679
News,L5,12102,hin_Deva,0.568231463432312
News,L20,12102,hin_Deva,0.7787948250770569
News,L1,12106,hin_Deva,0.9806751012802124
News,L5,12106,hin_Deva,0.9742593169212341
News,L20,12106,hin_Deva,0.8708300590515137
News,L1,12121,hin_Deva,0.9986667633056641
News,L5,12121,hin_Deva,0.9965095520019531
News,L20,12121,hin_Deva,0.9964818954467773
News,L1,12125,anp_Deva,0.9996767044067383
News,L5,12125,anp_Deva,0.9256377816200256
News,L20,12125,hin_Deva,0.7426479458808899
News,L1,12133,hin_Deva,0.9930790662765503
News,L5,12133,hin_Deva,0.9866485595703125
News,L20,12133,hin_Deva,0.9915831089019775
News,L1,12147,hin_Deva,0.9824635982513428
News,L5,12147,hin_Deva,0.9945802092552185
News,L20,12147,hin_Deva,0.996253252029419
News,L1,12169,anp_Deva,0.6569687128067017
News,L5,12169,hin_Deva,0.8548492789268494
News,L20,12169,hin_Deva,0.8403705954551697
News,L1,12176,hin_Deva,0.9988259077072144
News,L5,12176,hin_Deva,0.9878554940223694
News,L20,12176,hin_Deva,0.9718658924102783
News,L1,12194,anp_Deva,0.5693407654762268
News,L5,12194,hin_Deva,0.9698591232299805
News,L20,12194,hin_Deva,0.9308410882949829
News,L1,12199,hin_Deva,0.9962347745895386
News,L5,12199,hin_Deva,0.9905444383621216
News,L20,12199,hin_Deva,0.9887502789497375
News,L1,12204,hin_Deva,0.7188974022865295
News,L5,12204,hin_Deva,0.9739845395088196
News,L20,12204,hin_Deva,0.9887291789054871
News,L1,12205,hin_Deva,0.987103283405304
News,L5,12205,hin_Deva,0.992568850517273
News,L20,12205,hin_Deva,0.9921402335166931
News,L1,12208,hin_Deva,0.9881492853164673
News,L5,12208,hin_Deva,0.9414000511169434
News,L20,12208,hin_Deva,0.9793773293495178
News,L1,12211,anp_Deva,0.9779362082481384
News,L5,12211,hin_Deva,0.926723837852478
News,L20,12211,hin_Deva,0.9049726128578186
News,L1,12230,anp_Deva,0.9839667677879333
News,L5,12230,hin_Deva,0.5833929777145386
News,L20,12230,hin_Deva,0.9725764393806458
News,L1,12237,hin_Deva,0.98392254114151
News,L5,12237,hin_Deva,0.9941273927688599
News,L20,12237,hin_Deva,0.9835301041603088
News,L1,12263,hin_Deva,0.9644496440887451
News,L5,12263,hin_Deva,0.9963667392730713
News,L20,12263,hin_Deva,0.9957873821258545
News,L1,12265,awa_Deva,0.8959265351295471
News,L5,12265,hin_Deva,0.9844620227813721
News,L20,12265,hin_Deva,0.9424915909767151
News,L1,12275,hin_Deva,0.9977063536643982
News,L5,12275,hin_Deva,0.9950700402259827
News,L20,12275,hin_Deva,0.99028480052948
News,L1,12281,hin_Deva,0.9583390951156616
News,L5,12281,hin_Deva,0.9922822713851929
News,L20,12281,hin_Deva,0.9942454695701599
News,L1,12285,hin_Deva,0.998549222946167
News,L5,12285,hin_Deva,0.9773602485656738
News,L20,12285,hin_Deva,0.9968730211257935
News,L1,12292,anp_Deva,0.8885491490364075
News,L5,12292,hin_Deva,0.5980870723724365
News,L20,12292,hin_Deva,0.8768972754478455
News,L1,12301,hin_Deva,0.7086790204048157
News,L5,12301,hin_Deva,0.5650363564491272
News,L20,12301,hin_Deva,0.7902066111564636
News,L1,12304,hin_Deva,0.9970760941505432
News,L5,12304,hin_Deva,0.9921411871910095
News,L20,12304,hin_Deva,0.9989957213401794
News,L1,12309,hin_Deva,0.886929988861084
News,L5,12309,hin_Deva,0.9951459765434265
News,L20,12309,hin_Deva,0.9961910247802734
News,L1,12310,anp_Deva,0.9286015629768372
News,L5,12310,hin_Deva,0.6094285845756531
News,L20,12310,hin_Deva,0.9635274410247803
News,L1,12313,hin_Deva,0.9461007118225098
News,L5,12313,hin_Deva,0.991426408290863
News,L20,12313,hin_Deva,0.942388653755188
News,L1,12314,anp_Deva,0.842923641204834
News,L5,12314,anp_Deva,0.9589054584503174
News,L20,12314,hin_Deva,0.6906914114952087
News,L1,12327,hin_Deva,0.9952293038368225
News,L5,12327,hin_Deva,0.9737211465835571
News,L20,12327,hin_Deva,0.989557147026062
News,L1,12340,hin_Deva,0.9718188047409058
News,L5,12340,hin_Deva,0.9943654537200928
News,L20,12340,hin_Deva,0.996649980545044
News,L1,12353,hin_Deva,0.5071616172790527
News,L5,12353,hin_Deva,0.8090410232543945
News,L20,12353,hin_Deva,0.7569659948348999
News,L1,12357,hin_Deva,0.8669779300689697
News,L5,12357,hin_Deva,0.9793275594711304
News,L20,12357,hin_Deva,0.9930457472801208
News,L1,12360,hin_Deva,0.9996397495269775
News,L5,12360,hin_Deva,0.9984890818595886
News,L20,12360,hin_Deva,0.9981347918510437
News,L1,12403,hin_Deva,0.9297485947608948
News,L5,12403,hin_Deva,0.9771890640258789
News,L20,12403,hin_Deva,0.9756302237510681
News,L1,12405,hin_Deva,0.9823834896087646
News,L5,12405,hin_Deva,0.9780547022819519
News,L20,12405,hin_Deva,0.9713127017021179
News,L1,12421,hin_Deva,0.9993873238563538
News,L5,12421,hin_Deva,0.9867056608200073
News,L20,12421,hin_Deva,0.9659723043441772
News,L1,12450,hin_Deva,0.9513383507728577
News,L5,12450,hin_Deva,0.9028185606002808
News,L20,12450,hin_Deva,0.9843859076499939
News,L1,12463,hin_Deva,0.9953688979148865
News,L5,12463,hin_Deva,0.9181737899780273
News,L20,12463,hin_Deva,0.9392463564872742
News,L1,12466,hin_Deva,0.8520392775535583
News,L5,12466,hin_Deva,0.6962057948112488
News,L20,12466,hin_Deva,0.6855943202972412
News,L1,12467,hin_Deva,0.9139381051063538
News,L5,12467,hin_Deva,0.9908495545387268
News,L20,12467,hin_Deva,0.9925633072853088
News,L1,12468,anp_Deva,0.5005855560302734
News,L5,12468,hin_Deva,0.4885471761226654
News,L20,12468,hin_Deva,0.8751765489578247
News,L1,12476,hin_Deva,0.9780852794647217
News,L5,12476,hin_Deva,0.9564938545227051
News,L20,12476,hin_Deva,0.9547194838523865
News,L1,12477,hin_Deva,0.9298058748245239
News,L5,12477,hin_Deva,0.9888710379600525
News,L20,12477,hin_Deva,0.9902242422103882
News,L1,12480,anp_Deva,0.7453063726425171
News,L5,12480,hin_Deva,0.9552470445632935
News,L20,12480,hin_Deva,0.9083334803581238
News,L1,12487,anp_Deva,0.5988876819610596
News,L5,12487,hin_Deva,0.9825656414031982
News,L20,12487,hin_Deva,0.9522442817687988
News,L1,12496,hin_Deva,0.9638524651527405
News,L5,12496,hin_Deva,0.9829124212265015
News,L20,12496,hin_Deva,0.9328315258026123
News,L1,12500,hin_Deva,0.7212264537811279
News,L5,12500,anp_Deva,0.8843501210212708
News,L20,12500,anp_Deva,0.5399140119552612
News,L1,12522,anp_Deva,0.8265827894210815
News,L5,12522,anp_Deva,0.8250187635421753
News,L20,12522,hin_Deva,0.5888214111328125
News,L1,12523,hin_Deva,0.994515597820282
News,L5,12523,hin_Deva,0.9956691265106201
News,L20,12523,hin_Deva,0.9958646893501282
