source,length,unit_id,pred,score
Wikipedia,L1,2,hin_Deva,0.9762868285179138
Wikipedia,L5,2,hin_Deva,0.979616105556488
Wikipedia,L20,2,hin_Deva,0.9920933246612549
Wikipedia,L1,3,hin_Deva,0.9498473405838013
Wikipedia,L5,3,hin_Deva,0.9987646341323853
Wikipedia,L20,3,hin_Deva,0.9980773329734802
Wikipedia,L1,4,hin_Deva,0.997536838054657
Wikipedia,L5,4,hin_Deva,0.9983872175216675
Wikipedia,L20,4,hin_Deva,0.99836665391922
Wikipedia,L1,8,hin_Deva,0.9803135991096497
Wikipedia,L5,8,hin_Deva,0.9960653781890869
Wikipedia,L20,8,hin_Deva,0.9973635673522949
Wikipedia,L1,9,hin_Deva,0.9985001087188721
Wikipedia,L5,9,hin_Deva,0.9914859533309937
Wikipedia,L20,9,hin_Deva,0.9957695603370667
Wikipedia,L1,10,hin_Deva,0.9995618462562561
Wikipedia,L5,10,hin_Deva,0.9984269142150879
Wikipedia,L20,10,hin_Deva,0.9990034699440002
Wikipedia,L1,11,hin_Deva,0.9996189475059509
Wikipedia,L5,11,hin_Deva,0.9897375702857971
Wikipedia,L20,11,hin_Deva,0.9714644551277161
Wikipedia,L1,13,hin_Deva,0.5719413757324219
Wikipedia,L5,13,hin_Deva,0.9703150391578674
Wikipedia,L20,13,hin_Deva,0.9874195456504822
Wikipedia,L1,16,hin_Deva,0.9995145797729492
Wikipedia,L5,16,hin_Deva,0.9971907138824463
Wikipedia,L20,16,hin_Deva,0.9984773993492126
Wikipedia,L1,18,hin_Deva,0.9974805116653442
Wikipedia,L5,18,hin_Deva,0.9952293038368225
Wikipedia,L20,18,hin_Deva,0.9846382141113281
Wikipedia,L1,21,hin_Deva,0.9926273226737976
Wikipedia,L5,21,hin_Deva,0.9976039528846741
Wikipedia,L20,21,hin_Deva,0.9986686706542969
Wikipedia,L1,22,hin_Deva,0.9919053912162781
Wikipedia,L5,22,hin_Deva,0.9895370006561279
Wikipedia,L20,22,hin_Deva,0.9958593845367432
Wikipedia,L1,23,hin_Deva,0.8583288788795471
Wikipedia,L5,23,hin_Deva,0.9908328056335449
Wikipedia,L20,23,hin_Deva,0.9941747784614563
Wikipedia,L1,26,hin_Deva,0.9978116154670715
Wikipedia,L5,26,hin_Deva,0.9982321858406067
Wikipedia,L20,26,hin_Deva,0.997049868106842
Wikipedia,L1,27,hin_Deva,0.9982137680053711
Wikipedia,L5,27,hin_Deva,0.9959603548049927
Wikipedia,L20,27,hin_Deva,0.9968215823173523
Wikipedia,L1,28,hin_Deva,0.9692803025245667
Wikipedia,L5,28,hin_Deva,0.9927168488502502
Wikipedia,L20,28,hin_Deva,0.993563175201416
Wikipedia,L1,29,hin_Deva,0.9282099604606628
Wikipedia,L5,29,hin_Deva,0.9961623549461365
Wikipedia,L20,29,hin_Deva,0.9970327019691467
Wikipedia,L1,30,hin_Deva,0.9990291595458984
Wikipedia,L5,30,hin_Deva,0.9968845844268799
Wikipedia,L20,30,hin_Deva,0.9985394477844238
Wikipedia,L1,31,hin_Deva,0.9365535378456116
Wikipedia,L5,31,hin_Deva,0.9963638782501221
Wikipedia,L20,31,hin_Deva,0.9929541945457458
Wikipedia,L1,32,hin_Deva,0.9984304904937744
Wikipedia,L5,32,hin_Deva,0.9775715470314026
Wikipedia,L20,32,hin_Deva,0.9941755533218384
Wikipedia,L1,35,hin_Deva,0.9230591654777527
Wikipedia,L5,35,hin_Deva,0.9967365264892578
Wikipedia,L20,35,hin_Deva,0.9964276552200317
Wikipedia,L1,37,hin_Deva,0.9974039793014526
Wikipedia,L5,37,hin_Deva,0.9987937808036804
Wikipedia,L20,37,hin_Deva,0.9992401599884033
Wikipedia,L1,39,hin_Deva,0.9990187287330627
Wikipedia,L5,39,hin_Deva,0.9877464175224304
Wikipedia,L20,39,hin_Deva,0.9925763607025146
Wikipedia,L1,40,hin_Deva,0.9996015429496765
Wikipedia,L5,40,hin_Deva,0.9978625774383545
Wikipedia,L20,40,hin_Deva,0.9985496997833252
Wikipedia,L1,43,hin_Deva,0.9158666729927063
Wikipedia,L5,43,hin_Deva,0.9923251271247864
Wikipedia,L20,43,hin_Deva,0.9900302886962891
Wikipedia,L1,44,hin_Deva,0.9911800622940063
Wikipedia,L5,44,hin_Deva,0.9991095066070557
Wikipedia,L20,44,hin_Deva,0.9983006119728088
Wikipedia,L1,47,awa_Deva,0.45448029041290283
Wikipedia,L5,47,hin_Deva,0.9505448937416077
Wikipedia,L20,47,hin_Deva,0.994763970375061
Wikipedia,L1,49,hin_Deva,0.9891512393951416
Wikipedia,L5,49,hin_Deva,0.8756467700004578
Wikipedia,L20,49,hin_Deva,0.9592734575271606
Wikipedia,L1,51,hin_Deva,0.8589077591896057
Wikipedia,L5,51,hin_Deva,0.9955223202705383
Wikipedia,L20,51,hin_Deva,0.99690181016922
Wikipedia,L1,52,hin_Deva,0.9967762231826782
Wikipedia,L5,52,hin_Deva,0.9983187913894653
Wikipedia,L20,52,hin_Deva,0.9986849427223206
Wikipedia,L1,53,hin_Deva,0.9779184460639954
Wikipedia,L5,53,hin_Deva,0.9956525564193726
Wikipedia,L20,53,hin_Deva,0.9948025345802307
Wikipedia,L1,55,hin_Deva,0.9317882061004639
Wikipedia,L5,55,hin_Deva,0.9976549744606018
Wikipedia,L20,55,hin_Deva,0.9936462640762329
Wikipedia,L1,56,hin_Deva,0.9913284778594971
Wikipedia,L5,56,hin_Deva,0.9989242553710938
Wikipedia,L20,56,hin_Deva,0.9984673261642456
Wikipedia,L1,57,hin_Deva,0.9926183819770813
Wikipedia,L5,57,hin_Deva,0.9975022077560425
Wikipedia,L20,57,hin_Deva,0.9988187551498413
Wikipedia,L1,60,hin_Deva,0.9184582829475403
Wikipedia,L5,60,hin_Deva,0.9897220134735107
Wikipedia,L20,60,hin_Deva,0.9953091144561768
Wikipedia,L1,65,new_Deva,0.5226683020591736
Wikipedia,L5,65,hin_Deva,0.9974668622016907
Wikipedia,L20,65,hin_Deva,0.9958579540252686
Wikipedia,L1,68,hin_Deva,0.9919829368591309
Wikipedia,L5,68,hin_Deva,0.9989722967147827
Wikipedia,L20,68,hin_Deva,0.9984115958213806
Wikipedia,L1,69,hin_Deva,0.9971935153007507
Wikipedia,L5,69,hin_Deva,0.989841639995575
Wikipedia,L20,69,hin_Deva,0.9953887462615967
Wikipedia,L1,73,hin_Deva,0.9940459728240967
Wikipedia,L5,73,hin_Deva,0.9952274560928345
Wikipedia,L20,73,hin_Deva,0.9969637393951416
Wikipedia,L1,76,hin_Deva,0.9978641867637634
Wikipedia,L5,76,hin_Deva,0.9985804557800293
Wikipedia,L20,76,hin_Deva,0.998599112033844
Wikipedia,L1,79,hin_Deva,0.9695601463317871
Wikipedia,L5,79,hin_Deva,0.9954297542572021
Wikipedia,L20,79,hin_Deva,0.9954417943954468
Wikipedia,L1,80,hin_Deva,0.9990637898445129
Wikipedia,L5,80,hin_Deva,0.9983798861503601
Wikipedia,L20,80,hin_Deva,0.9989964365959167
Wikipedia,L1,82,hin_Deva,0.5474585294723511
Wikipedia,L5,82,hin_Deva,0.984114408493042
Wikipedia,L20,82,hin_Deva,0.9861103892326355
Wikipedia,L1,83,hin_Deva,0.6620836853981018
Wikipedia,L5,83,hin_Deva,0.9835484027862549
Wikipedia,L20,83,hin_Deva,0.992467999458313
Wikipedia,L1,86,hin_Deva,0.9993381500244141
Wikipedia,L5,86,hin_Deva,0.9994705319404602
Wikipedia,L20,86,hin_Deva,0.9977025985717773
Wikipedia,L1,87,hin_Deva,0.9391567707061768
Wikipedia,L5,87,hin_Deva,0.996721625328064
Wikipedia,L20,87,hin_Deva,0.9960291981697083
Wikipedia,L1,88,hin_Deva,0.9187883734703064
Wikipedia,L5,88,hin_Deva,0.9785292744636536
Wikipedia,L20,88,hin_Deva,0.9943108558654785
Wikipedia,L1,89,hin_Deva,0.9974733591079712
Wikipedia,L5,89,hin_Deva,0.9985212683677673
Wikipedia,L20,89,hin_Deva,0.9972069263458252
Wikipedia,L1,90,hin_Deva,0.6683240532875061
Wikipedia,L5,90,hin_Deva,0.9936749935150146
Wikipedia,L20,90,hin_Deva,0.9975496530532837
Wikipedia,L1,91,hin_Deva,0.9895506501197815
Wikipedia,L5,91,hin_Deva,0.998900830745697
Wikipedia,L20,91,hin_Deva,0.9987459778785706
Wikipedia,L1,92,hin_Deva,0.9627801775932312
Wikipedia,L5,92,hin_Deva,0.9952177405357361
Wikipedia,L20,92,hin_Deva,0.9926490783691406
Wikipedia,L1,95,hin_Deva,0.9930187463760376
Wikipedia,L5,95,hin_Deva,0.9975118041038513
Wikipedia,L20,95,hin_Deva,0.9984384775161743
Wikipedia,L1,97,awa_Deva,0.6746031641960144
Wikipedia,L5,97,hin_Deva,0.9727166295051575
Wikipedia,L20,97,hin_Deva,0.9982606768608093
Wikipedia,L1,98,hin_Deva,0.9991674423217773
Wikipedia,L5,98,hin_Deva,0.9948822855949402
Wikipedia,L20,98,hin_Deva,0.9967200756072998
Wikipedia,L1,100,awa_Deva,0.8698952794075012
Wikipedia,L5,100,hin_Deva,0.9385485649108887
Wikipedia,L20,100,hin_Deva,0.9821999073028564
Wikipedia,L1,101,hin_Deva,0.9847673177719116
Wikipedia,L5,101,hin_Deva,0.9968148469924927
Wikipedia,L20,101,hin_Deva,0.9972459673881531
Wikipedia,L1,103,hin_Deva,0.9938768744468689
Wikipedia,L5,103,hin_Deva,0.9921671152114868
Wikipedia,L20,103,hin_Deva,0.9938923120498657
Wikipedia,L1,104,hin_Deva,0.9946498274803162
Wikipedia,L5,104,hin_Deva,0.9959536194801331
Wikipedia,L20,104,hin_Deva,0.997256875038147
Wikipedia,L1,106,hin_Deva,0.9682841300964355
Wikipedia,L5,106,hin_Deva,0.9970728754997253
Wikipedia,L20,106,hin_Deva,0.9975590109825134
Wikipedia,L1,108,hin_Deva,0.9964134693145752
Wikipedia,L5,108,hin_Deva,0.9986215829849243
Wikipedia,L20,108,hin_Deva,0.9991138577461243
Wikipedia,L1,110,hin_Deva,0.7852223515510559
Wikipedia,L5,110,hin_Deva,0.9761343002319336
Wikipedia,L20,110,hin_Deva,0.9982850551605225
Wikipedia,L1,111,hin_Deva,0.9803900718688965
Wikipedia,L5,111,hin_Deva,0.9916918873786926
Wikipedia,L20,111,hin_Deva,0.9977841973304749
Wikipedia,L1,113,hin_Deva,0.9954373836517334
Wikipedia,L5,113,hin_Deva,0.9955044984817505
Wikipedia,L20,113,hin_Deva,0.9961851835250854
Wikipedia,L1,114,hin_Deva,0.7973687648773193
Wikipedia,L5,114,hin_Deva,0.9662135243415833
Wikipedia,L20,114,hin_Deva,0.9867255091667175
Wikipedia,L1,116,hin_Deva,0.999290406703949
Wikipedia,L5,116,hin_Deva,0.9957200288772583
Wikipedia,L20,116,hin_Deva,0.9936321377754211
Wikipedia,L1,120,hin_Deva,0.994573175907135
Wikipedia,L5,120,hin_Deva,0.997148871421814
Wikipedia,L20,120,hin_Deva,0.9986420273780823
Wikipedia,L1,121,hin_Deva,0.9189126491546631
Wikipedia,L5,121,hin_Deva,0.9980953931808472
Wikipedia,L20,121,hin_Deva,0.9984307289123535
Wikipedia,L1,123,hin_Deva,0.9352928400039673
Wikipedia,L5,123,hin_Deva,0.9836084246635437
Wikipedia,L20,123,hin_Deva,0.9861128330230713
Wikipedia,L1,124,hin_Deva,0.9875925183296204
Wikipedia,L5,124,hin_Deva,0.9986551403999329
Wikipedia,L20,124,hin_Deva,0.9990215301513672
Wikipedia,L1,125,hin_Deva,0.95649254322052
Wikipedia,L5,125,hin_Deva,0.9700158834457397
Wikipedia,L20,125,hin_Deva,0.9902786016464233
Wikipedia,L1,126,hin_Deva,0.9996802806854248
Wikipedia,L5,126,hin_Deva,0.9939543604850769
Wikipedia,L20,126,hin_Deva,0.9938031435012817
Wikipedia,L1,133,hin_Deva,0.9645606279373169
Wikipedia,L5,133,hin_Deva,0.9973653554916382
Wikipedia,L20,133,hin_Deva,0.9951512813568115
Wikipedia,L1,134,hin_Deva,0.9925811886787415
Wikipedia,L5,134,hin_Deva,0.9970381855964661
Wikipedia,L20,134,hin_Deva,0.9914948344230652
Wikipedia,L1,135,hin_Deva,0.9978839159011841
Wikipedia,L5,135,hin_Deva,0.9855214357376099
Wikipedia,L20,135,hin_Deva,0.9969305992126465
Wikipedia,L1,136,hin_Deva,0.9501230716705322
Wikipedia,L5,136,hin_Deva,0.9907816648483276
Wikipedia,L20,136,hin_Deva,0.9947100877761841
Wikipedia,L1,138,hin_Deva,0.9999110698699951
Wikipedia,L5,138,hin_Deva,0.9993550181388855
Wikipedia,L20,138,hin_Deva,0.9991786479949951
Wikipedia,L1,139,awa_Deva,0.8403385877609253
Wikipedia,L5,139,hin_Deva,0.8460663557052612
Wikipedia,L20,139,hin_Deva,0.982386589050293
Wikipedia,L1,140,hin_Deva,0.9760044813156128
Wikipedia,L5,140,hin_Deva,0.9784640073776245
Wikipedia,L20,140,hin_Deva,0.9935933947563171
Wikipedia,L1,143,hin_Deva,0.9969456195831299
Wikipedia,L5,143,hin_Deva,0.9926519989967346
Wikipedia,L20,143,hin_Deva,0.9985170960426331
Wikipedia,L1,145,hin_Deva,0.5805111527442932
Wikipedia,L5,145,hin_Deva,0.9974713325500488
Wikipedia,L20,145,hin_Deva,0.9965430498123169
Wikipedia,L1,146,hin_Deva,0.991250216960907
Wikipedia,L5,146,hin_Deva,0.9991913437843323
Wikipedia,L20,146,hin_Deva,0.9988273978233337
Wikipedia,L1,147,hin_Deva,0.9986881613731384
Wikipedia,L5,147,hin_Deva,0.9917361736297607
Wikipedia,L20,147,hin_Deva,0.9953071475028992
Wikipedia,L1,148,hin_Deva,0.9998447895050049
Wikipedia,L5,148,hin_Deva,0.9977802038192749
Wikipedia,L20,148,hin_Deva,0.9970641136169434
Wikipedia,L1,149,hin_Deva,0.9841508865356445
Wikipedia,L5,149,hin_Deva,0.9891953468322754
Wikipedia,L20,149,hin_Deva,0.9882596731185913
Wikipedia,L1,150,hin_Deva,0.9974930882453918
Wikipedia,L5,150,hin_Deva,0.9851639866828918
Wikipedia,L20,150,hin_Deva,0.9929108619689941
Wikipedia,L1,151,hin_Deva,0.9970706105232239
Wikipedia,L5,151,hin_Deva,0.98760986328125
Wikipedia,L20,151,hin_Deva,0.9963669180870056
Wikipedia,L1,155,hin_Deva,0.9789451956748962
Wikipedia,L5,155,hin_Deva,0.9897334575653076
Wikipedia,L20,155,hin_Deva,0.9954167604446411
Wikipedia,L1,158,hin_Deva,0.991962730884552
Wikipedia,L5,158,hin_Deva,0.9981871843338013
Wikipedia,L20,158,hin_Deva,0.998996913433075
Wikipedia,L1,159,hin_Deva,0.9943231344223022
Wikipedia,L5,159,hin_Deva,0.9972754716873169
Wikipedia,L20,159,hin_Deva,0.9981409907341003
Wikipedia,L1,160,hin_Deva,0.9952412247657776
Wikipedia,L5,160,hin_Deva,0.9982137680053711
Wikipedia,L20,160,hin_Deva,0.998894989490509
Wikipedia,L1,161,hin_Deva,0.9924232363700867
Wikipedia,L5,161,hin_Deva,0.9986134171485901
Wikipedia,L20,161,hin_Deva,0.9980780482292175
Wikipedia,L1,164,awa_Deva,0.6275532245635986
Wikipedia,L5,164,hin_Deva,0.9955772757530212
Wikipedia,L20,164,hin_Deva,0.9972395300865173
Wikipedia,L1,166,hin_Deva,0.9979283213615417
Wikipedia,L5,166,hin_Deva,0.9934027791023254
Wikipedia,L20,166,hin_Deva,0.9929397702217102
Wikipedia,L1,167,hin_Deva,0.9958695769309998
Wikipedia,L5,167,hin_Deva,0.9980908632278442
Wikipedia,L20,167,hin_Deva,0.9987437129020691
Wikipedia,L1,169,hin_Deva,0.9922744035720825
Wikipedia,L5,169,hin_Deva,0.9973911643028259
Wikipedia,L20,169,hin_Deva,0.997915506362915
Wikipedia,L1,170,hin_Deva,0.9773445725440979
Wikipedia,L5,170,hin_Deva,0.994772732257843
Wikipedia,L20,170,hin_Deva,0.9980241060256958
Wikipedia,L1,172,hin_Deva,0.5108273029327393
Wikipedia,L5,172,hin_Deva,0.983421266078949
Wikipedia,L20,172,hin_Deva,0.994026780128479
Wikipedia,L1,174,hin_Deva,0.9826212525367737
Wikipedia,L5,174,hin_Deva,0.977059543132782
Wikipedia,L20,174,hin_Deva,0.9791234135627747
Wikipedia,L1,177,hin_Deva,0.9970242977142334
Wikipedia,L5,177,hin_Deva,0.9987810254096985
Wikipedia,L20,177,hin_Deva,0.9976919889450073
Wikipedia,L1,178,hin_Deva,0.9842029213905334
Wikipedia,L5,178,hin_Deva,0.9975798726081848
Wikipedia,L20,178,hin_Deva,0.9983552694320679
Wikipedia,L1,179,hin_Deva,0.9968358278274536
Wikipedia,L5,179,hin_Deva,0.9974571466445923
Wikipedia,L20,179,hin_Deva,0.9983734488487244
Wikipedia,L1,180,awa_Deva,0.7500655055046082
Wikipedia,L5,180,hin_Deva,0.8908376097679138
Wikipedia,L20,180,hin_Deva,0.9939192533493042
Wikipedia,L1,183,hin_Deva,0.9891021251678467
Wikipedia,L5,183,hin_Deva,0.9959878325462341
Wikipedia,L20,183,hin_Deva,0.9949350357055664
Wikipedia,L1,184,awa_Deva,0.8263113498687744
Wikipedia,L5,184,hin_Deva,0.916471540927887
Wikipedia,L20,184,hin_Deva,0.9851590394973755
Wikipedia,L1,185,hin_Deva,0.998574435710907
Wikipedia,L5,185,hin_Deva,0.9872652292251587
Wikipedia,L20,185,hin_Deva,0.9801216721534729
Wikipedia,L1,188,hin_Deva,0.9969238042831421
Wikipedia,L5,188,hin_Deva,0.9969376921653748
Wikipedia,L20,188,hin_Deva,0.9982588291168213
Wikipedia,L1,190,hin_Deva,0.9777823686599731
Wikipedia,L5,190,hin_Deva,0.9894925355911255
Wikipedia,L20,190,hin_Deva,0.9984440207481384
Wikipedia,L1,192,hin_Deva,0.9990630745887756
Wikipedia,L5,192,hin_Deva,0.9988921284675598
Wikipedia,L20,192,hin_Deva,0.9988502860069275
Wikipedia,L1,194,awa_Deva,0.9396957159042358
Wikipedia,L5,194,hin_Deva,0.9884616136550903
Wikipedia,L20,194,hin_Deva,0.9881812334060669
Wikipedia,L1,196,hin_Deva,0.8693849444389343
Wikipedia,L5,196,hin_Deva,0.7044306993484497
Wikipedia,L20,196,hin_Deva,0.9796808362007141
Wikipedia,L1,198,hin_Deva,0.9973985552787781
Wikipedia,L5,198,hin_Deva,0.9908426403999329
Wikipedia,L20,198,hin_Deva,0.9977166652679443
Wikipedia,L1,200,hin_Deva,0.997877836227417
Wikipedia,L5,200,hin_Deva,0.9850425720214844
Wikipedia,L20,200,hin_Deva,0.9935954213142395
Wikipedia,L1,202,hin_Deva,0.9098686575889587
Wikipedia,L5,202,hin_Deva,0.9973435401916504
Wikipedia,L20,202,hin_Deva,0.9980983138084412
Wikipedia,L1,204,hin_Deva,0.9555098414421082
Wikipedia,L5,204,hin_Deva,0.987147331237793
Wikipedia,L20,204,hin_Deva,0.9932729601860046
Wikipedia,L1,205,hin_Deva,0.9738284945487976
Wikipedia,L5,205,hin_Deva,0.9912369847297668
Wikipedia,L20,205,hin_Deva,0.9955976009368896
Wikipedia,L1,207,hin_Deva,0.9954158067703247
Wikipedia,L5,207,hin_Deva,0.9979873299598694
Wikipedia,L20,207,hin_Deva,0.9993636012077332
Wikipedia,L1,209,hin_Deva,0.9491630792617798
Wikipedia,L5,209,hin_Deva,0.9901226758956909
Wikipedia,L20,209,hin_Deva,0.9843587279319763
Wikipedia,L1,217,hin_Deva,0.9938415288925171
Wikipedia,L5,217,hin_Deva,0.9963327646255493
Wikipedia,L20,217,hin_Deva,0.9976903200149536
Wikipedia,L1,221,hin_Deva,0.997422993183136
Wikipedia,L5,221,hin_Deva,0.9947047829627991
Wikipedia,L20,221,hin_Deva,0.9950783252716064
Wikipedia,L1,222,hin_Deva,0.9990930557250977
Wikipedia,L5,222,hin_Deva,0.9934739470481873
Wikipedia,L20,222,hin_Deva,0.9925146102905273
Wikipedia,L1,223,hin_Deva,0.999202311038971
Wikipedia,L5,223,hin_Deva,0.9995575547218323
Wikipedia,L20,223,hin_Deva,0.9982385039329529
Wikipedia,L1,225,hin_Deva,0.9975554347038269
Wikipedia,L5,225,hin_Deva,0.9987969994544983
Wikipedia,L20,225,hin_Deva,0.9984505772590637
Wikipedia,L1,226,hin_Deva,0.9903619885444641
Wikipedia,L5,226,hin_Deva,0.9927913546562195
Wikipedia,L20,226,hin_Deva,0.9980584383010864
Wikipedia,L1,228,hin_Deva,0.8152855634689331
Wikipedia,L5,228,hin_Deva,0.958603024482727
Wikipedia,L20,228,hin_Deva,0.972602128982544
Wikipedia,L1,229,hin_Deva,0.7498392462730408
Wikipedia,L5,229,hin_Deva,0.997832179069519
Wikipedia,L20,229,hin_Deva,0.9925777912139893
Wikipedia,L1,230,hin_Deva,0.9510806202888489
Wikipedia,L5,230,hin_Deva,0.9964852929115295
Wikipedia,L20,230,hin_Deva,0.9937905669212341
Wikipedia,L1,231,hin_Deva,0.9173818826675415
Wikipedia,L5,231,hin_Deva,0.9851500391960144
Wikipedia,L20,231,hin_Deva,0.9925081133842468
Wikipedia,L1,232,hin_Deva,0.9857804775238037
Wikipedia,L5,232,hin_Deva,0.9972633719444275
Wikipedia,L20,232,hin_Deva,0.9973170757293701
Wikipedia,L1,234,hin_Deva,0.7254967093467712
Wikipedia,L5,234,hin_Deva,0.9915637373924255
Wikipedia,L20,234,hin_Deva,0.988765299320221
Wikipedia,L1,237,hin_Deva,0.9889495968818665
Wikipedia,L5,237,hin_Deva,0.9981685280799866
Wikipedia,L20,237,hin_Deva,0.9906630516052246
Wikipedia,L1,241,new_Deva,0.9965054392814636
Wikipedia,L5,241,hin_Deva,0.6919450759887695
Wikipedia,L20,241,hin_Deva,0.9404802322387695
Wikipedia,L1,245,hin_Deva,0.997321367263794
Wikipedia,L5,245,hin_Deva,0.9973363876342773
Wikipedia,L20,245,hin_Deva,0.9977051615715027
Wikipedia,L1,246,hin_Deva,0.9947100877761841
Wikipedia,L5,246,hin_Deva,0.9993433356285095
Wikipedia,L20,246,hin_Deva,0.996837317943573
Wikipedia,L1,249,hin_Deva,0.9966264367103577
Wikipedia,L5,249,hin_Deva,0.998040497303009
Wikipedia,L20,249,hin_Deva,0.9967355728149414
Wikipedia,L1,251,hin_Deva,0.9849948883056641
Wikipedia,L5,251,hin_Deva,0.995581328868866
Wikipedia,L20,251,hin_Deva,0.9981162548065186
Wikipedia,L1,252,hin_Deva,0.8900155425071716
Wikipedia,L5,252,hin_Deva,0.9933478832244873
Wikipedia,L20,252,hin_Deva,0.9973108172416687
Wikipedia,L1,253,hin_Deva,0.9973412752151489
Wikipedia,L5,253,hin_Deva,0.9928961396217346
Wikipedia,L20,253,hin_Deva,0.9919494986534119
Wikipedia,L1,257,hin_Deva,0.9970002174377441
Wikipedia,L5,257,hin_Deva,0.996063232421875
Wikipedia,L20,257,hin_Deva,0.9974708557128906
Wikipedia,L1,258,hin_Deva,0.8975524306297302
Wikipedia,L5,258,hin_Deva,0.9563809633255005
Wikipedia,L20,258,hin_Deva,0.9865865707397461
Wikipedia,L1,259,hin_Deva,0.9915922284126282
Wikipedia,L5,259,hin_Deva,0.9989004731178284
Wikipedia,L20,259,hin_Deva,0.9968997836112976
Wikipedia,L1,260,hin_Deva,0.9977980852127075
Wikipedia,L5,260,hin_Deva,0.9957741498947144
Wikipedia,L20,260,hin_Deva,0.9982790946960449
Wikipedia,L1,261,hin_Deva,0.9730539917945862
Wikipedia,L5,261,hin_Deva,0.9974257946014404
Wikipedia,L20,261,hin_Deva,0.9983220100402832
Wikipedia,L1,263,hin_Deva,0.999134361743927
Wikipedia,L5,263,hin_Deva,0.9985331892967224
Wikipedia,L20,263,hin_Deva,0.998152494430542
Wikipedia,L1,264,hin_Deva,0.9963953495025635
Wikipedia,L5,264,hin_Deva,0.994199275970459
Wikipedia,L20,264,hin_Deva,0.995919942855835
Wikipedia,L1,266,hin_Deva,0.989718496799469
Wikipedia,L5,266,hin_Deva,0.9809938073158264
Wikipedia,L20,266,hin_Deva,0.9796255826950073
Wikipedia,L1,267,hin_Deva,0.9909641146659851
Wikipedia,L5,267,hin_Deva,0.996778130531311
Wikipedia,L20,267,hin_Deva,0.9980257749557495
Wikipedia,L1,268,hin_Deva,0.9742670059204102
Wikipedia,L5,268,hin_Deva,0.9955323934555054
Wikipedia,L20,268,hin_Deva,0.9981654286384583
Wikipedia,L1,269,hin_Deva,0.9975219964981079
Wikipedia,L5,269,hin_Deva,0.9900396466255188
Wikipedia,L20,269,hin_Deva,0.9972482919692993
Wikipedia,L1,272,hin_Deva,0.9996894598007202
Wikipedia,L5,272,hin_Deva,0.9957001805305481
Wikipedia,L20,272,hin_Deva,0.9986639022827148
Wikipedia,L1,273,hin_Deva,0.9950982928276062
Wikipedia,L5,273,hin_Deva,0.9996734857559204
Wikipedia,L20,273,hin_Deva,0.9994614720344543
Wikipedia,L1,274,hin_Deva,0.9920991659164429
Wikipedia,L5,274,hin_Deva,0.9970000982284546
Wikipedia,L20,274,hin_Deva,0.9974347352981567
Wikipedia,L1,275,hin_Deva,0.9994045495986938
Wikipedia,L5,275,hin_Deva,0.9973710179328918
Wikipedia,L20,275,hin_Deva,0.9946779012680054
Wikipedia,L1,281,hin_Deva,0.9959332942962646
Wikipedia,L5,281,hin_Deva,0.9971132874488831
Wikipedia,L20,281,hin_Deva,0.9969314336776733
Wikipedia,L1,283,awa_Deva,0.8097597360610962
Wikipedia,L5,283,hin_Deva,0.8680282235145569
Wikipedia,L20,283,hin_Deva,0.9822714328765869
Wikipedia,L1,284,hin_Deva,0.992775022983551
Wikipedia,L5,284,hin_Deva,0.9989328980445862
Wikipedia,L20,284,hin_Deva,0.99851393699646
Wikipedia,L1,285,hin_Deva,0.9406480193138123
Wikipedia,L5,285,hin_Deva,0.9894540905952454
Wikipedia,L20,285,hin_Deva,0.9923014044761658
Wikipedia,L1,286,hin_Deva,0.4648343324661255
Wikipedia,L5,286,hin_Deva,0.9881962537765503
Wikipedia,L20,286,hin_Deva,0.9981198310852051
Wikipedia,L1,289,hin_Deva,0.9866805672645569
Wikipedia,L5,289,hin_Deva,0.983717143535614
Wikipedia,L20,289,hin_Deva,0.9931267499923706
Wikipedia,L1,291,hin_Deva,0.9681066870689392
Wikipedia,L5,291,hin_Deva,0.9983923435211182
Wikipedia,L20,291,hin_Deva,0.9991244673728943
Wikipedia,L1,293,hin_Deva,0.9956938028335571
Wikipedia,L5,293,hin_Deva,0.9993783831596375
Wikipedia,L20,293,hin_Deva,0.999209463596344
Wikipedia,L1,297,hin_Deva,0.9996384382247925
Wikipedia,L5,297,hin_Deva,0.9996206164360046
Wikipedia,L20,297,hin_Deva,0.998549222946167
Wikipedia,L1,298,hin_Deva,0.985684335231781
Wikipedia,L5,298,hin_Deva,0.9947920441627502
Wikipedia,L20,298,hin_Deva,0.9955819845199585
Wikipedia,L1,303,hin_Deva,0.9749159216880798
Wikipedia,L5,303,hin_Deva,0.9939384460449219
Wikipedia,L20,303,hin_Deva,0.9953765869140625
Wikipedia,L1,305,hin_Deva,0.9988973736763
Wikipedia,L5,305,hin_Deva,0.9718186855316162
Wikipedia,L20,305,hin_Deva,0.9920920133590698
Wikipedia,L1,306,hin_Deva,0.9990212917327881
Wikipedia,L5,306,hin_Deva,0.9940204620361328
Wikipedia,L20,306,hin_Deva,0.9964658617973328
Wikipedia,L1,307,hin_Deva,0.9908574819564819
Wikipedia,L5,307,hin_Deva,0.9982394576072693
Wikipedia,L20,307,hin_Deva,0.9984251260757446
Wikipedia,L1,309,hin_Deva,0.9779646396636963
Wikipedia,L5,309,hin_Deva,0.9988998770713806
Wikipedia,L20,309,hin_Deva,0.9990432262420654
Wikipedia,L1,310,hin_Deva,0.9988193511962891
Wikipedia,L5,310,hin_Deva,0.9947343468666077
Wikipedia,L20,310,hin_Deva,0.9947094917297363
Wikipedia,L1,315,hin_Deva,0.9976592659950256
Wikipedia,L5,315,hin_Deva,0.9959097504615784
Wikipedia,L20,315,hin_Deva,0.9964892268180847
Wikipedia,L1,316,hin_Deva,0.9928061366081238
Wikipedia,L5,316,hin_Deva,0.9737434983253479
Wikipedia,L20,316,hin_Deva,0.9933298826217651
Wikipedia,L1,318,hin_Deva,0.9670954942703247
Wikipedia,L5,318,hin_Deva,0.9818899631500244
Wikipedia,L20,318,hin_Deva,0.9954797029495239
Wikipedia,L1,319,hin_Deva,0.9929446578025818
Wikipedia,L5,319,hin_Deva,0.9861383438110352
Wikipedia,L20,319,hin_Deva,0.9969989657402039
Wikipedia,L1,322,hin_Deva,0.9533517360687256
Wikipedia,L5,322,hin_Deva,0.9700023531913757
Wikipedia,L20,322,hin_Deva,0.9886824488639832
Wikipedia,L1,323,hin_Deva,0.9577921032905579
Wikipedia,L5,323,hin_Deva,0.9952003955841064
Wikipedia,L20,323,hin_Deva,0.9967403411865234
Wikipedia,L1,324,hin_Deva,0.9841344952583313
Wikipedia,L5,324,hin_Deva,0.9926862120628357
Wikipedia,L20,324,hin_Deva,0.9956550598144531
Wikipedia,L1,326,hin_Deva,0.9993663430213928
Wikipedia,L5,326,hin_Deva,0.9989842176437378
Wikipedia,L20,326,hin_Deva,0.9986376762390137
Wikipedia,L1,331,hin_Deva,0.9988469481468201
Wikipedia,L5,331,hin_Deva,0.9973462224006653
Wikipedia,L20,331,hin_Deva,0.9942071437835693
Wikipedia,L1,335,hin_Deva,0.9945212602615356
Wikipedia,L5,335,hin_Deva,0.9843559861183167
Wikipedia,L20,335,hin_Deva,0.9881112575531006
Wikipedia,L1,336,hin_Deva,0.9914543032646179
Wikipedia,L5,336,hin_Deva,0.9967739582061768
Wikipedia,L20,336,hin_Deva,0.9948744177818298
Wikipedia,L1,338,hin_Deva,0.9879505634307861
Wikipedia,L5,338,hin_Deva,0.9987664222717285
Wikipedia,L20,338,hin_Deva,0.9986907839775085
Wikipedia,L1,339,awa_Deva,0.5488414168357849
Wikipedia,L5,339,hin_Deva,0.9729812741279602
Wikipedia,L20,339,hin_Deva,0.9925349354743958
Wikipedia,L1,340,hin_Deva,0.9795172810554504
Wikipedia,L5,340,hin_Deva,0.9945646524429321
Wikipedia,L20,340,hin_Deva,0.9975128769874573
Wikipedia,L1,341,hin_Deva,0.9995627999305725
Wikipedia,L5,341,hin_Deva,0.9938868880271912
Wikipedia,L20,341,hin_Deva,0.9920365214347839
Wikipedia,L1,343,hin_Deva,0.9995682835578918
Wikipedia,L5,343,hin_Deva,0.997299075126648
Wikipedia,L20,343,hin_Deva,0.9987771511077881
Wikipedia,L1,344,hin_Deva,0.8391951322555542
Wikipedia,L5,344,hin_Deva,0.9823147058486938
Wikipedia,L20,344,hin_Deva,0.9969314932823181
Wikipedia,L1,345,hin_Deva,0.9608998894691467
Wikipedia,L5,345,hin_Deva,0.9952609539031982
Wikipedia,L20,345,hin_Deva,0.996421754360199
Wikipedia,L1,348,hin_Deva,0.9927977919578552
Wikipedia,L5,348,hin_Deva,0.9977465867996216
Wikipedia,L20,348,hin_Deva,0.9982569217681885
Wikipedia,L1,349,hin_Deva,0.9990365505218506
Wikipedia,L5,349,hin_Deva,0.99899822473526
Wikipedia,L20,349,hin_Deva,0.9992054104804993
Wikipedia,L1,352,hin_Deva,0.9665046334266663
Wikipedia,L5,352,hin_Deva,0.9842427968978882
Wikipedia,L20,352,hin_Deva,0.9961652159690857
Wikipedia,L1,353,hin_Deva,0.9271593689918518
Wikipedia,L5,353,hin_Deva,0.9971829652786255
Wikipedia,L20,353,hin_Deva,0.9979156255722046
Wikipedia,L1,354,hin_Deva,0.9781036972999573
Wikipedia,L5,354,hin_Deva,0.992884635925293
Wikipedia,L20,354,hin_Deva,0.995989203453064
Wikipedia,L1,355,hin_Deva,0.9684549570083618
Wikipedia,L5,355,hin_Deva,0.9978545904159546
Wikipedia,L20,355,hin_Deva,0.9978358149528503
Wikipedia,L1,356,hin_Deva,0.9911669492721558
Wikipedia,L5,356,hin_Deva,0.9976328015327454
Wikipedia,L20,356,hin_Deva,0.9964568018913269
Wikipedia,L1,360,hin_Deva,0.9927180409431458
Wikipedia,L5,360,hin_Deva,0.9869139194488525
Wikipedia,L20,360,hin_Deva,0.9946132302284241
Wikipedia,L1,361,hin_Deva,0.9669637680053711
Wikipedia,L5,361,hin_Deva,0.9705928564071655
Wikipedia,L20,361,hin_Deva,0.9915610551834106
Wikipedia,L1,362,hin_Deva,0.9994078874588013
Wikipedia,L5,362,hin_Deva,0.9946337938308716
Wikipedia,L20,362,hin_Deva,0.9967261552810669
Wikipedia,L1,363,hin_Deva,0.9839914441108704
Wikipedia,L5,363,hin_Deva,0.9701436758041382
Wikipedia,L20,363,hin_Deva,0.9917848110198975
Wikipedia,L1,365,awa_Deva,0.9992377758026123
Wikipedia,L5,365,hin_Deva,0.9955297708511353
Wikipedia,L20,365,hin_Deva,0.9889116287231445
Wikipedia,L1,366,hin_Deva,0.9982823133468628
Wikipedia,L5,366,hin_Deva,0.996393084526062
Wikipedia,L20,366,hin_Deva,0.9880684018135071
Wikipedia,L1,367,hin_Deva,0.9761982560157776
Wikipedia,L5,367,hin_Deva,0.9982860088348389
Wikipedia,L20,367,hin_Deva,0.9957000613212585
Wikipedia,L1,368,hin_Deva,0.928830623626709
Wikipedia,L5,368,hin_Deva,0.9987327456474304
Wikipedia,L20,368,hin_Deva,0.9987568855285645
Wikipedia,L1,369,hin_Deva,0.9997431635856628
Wikipedia,L5,369,hin_Deva,0.998908519744873
Wikipedia,L20,369,hin_Deva,0.9982956051826477
Wikipedia,L1,371,hin_Deva,0.9730632305145264
Wikipedia,L5,371,hin_Deva,0.9927141666412354
Wikipedia,L20,371,hin_Deva,0.9960775375366211
Wikipedia,L1,373,hin_Deva,0.9949433207511902
Wikipedia,L5,373,hin_Deva,0.9933239817619324
Wikipedia,L20,373,hin_Deva,0.9973880052566528
Wikipedia,L1,375,hin_Deva,0.8129696846008301
Wikipedia,L5,375,hin_Deva,0.9946393370628357
Wikipedia,L20,375,hin_Deva,0.9966762661933899
Wikipedia,L1,376,hin_Deva,0.9852787852287292
Wikipedia,L5,376,hin_Deva,0.9948805570602417
Wikipedia,L20,376,hin_Deva,0.9980412125587463
Wikipedia,L1,379,hin_Deva,0.772475004196167
Wikipedia,L5,379,hin_Deva,0.987876296043396
Wikipedia,L20,379,hin_Deva,0.9987280368804932
Wikipedia,L1,381,hin_Deva,0.9659702181816101
Wikipedia,L5,381,hin_Deva,0.9966418147087097
Wikipedia,L20,381,hin_Deva,0.9966099858283997
Wikipedia,L1,383,hin_Deva,0.9592045545578003
Wikipedia,L5,383,hin_Deva,0.9968867301940918
Wikipedia,L20,383,hin_Deva,0.9979939460754395
Wikipedia,L1,384,hin_Deva,0.987002968788147
Wikipedia,L5,384,hin_Deva,0.9916080236434937
Wikipedia,L20,384,hin_Deva,0.9884622693061829
Wikipedia,L1,385,hin_Deva,0.9888091683387756
Wikipedia,L5,385,hin_Deva,0.9933820962905884
Wikipedia,L20,385,hin_Deva,0.9948510527610779
Wikipedia,L1,386,hin_Deva,0.9092656373977661
Wikipedia,L5,386,hin_Deva,0.9788704514503479
Wikipedia,L20,386,hin_Deva,0.9955748915672302
Wikipedia,L1,388,hin_Deva,0.9440097212791443
Wikipedia,L5,388,hin_Deva,0.9938246011734009
Wikipedia,L20,388,hin_Deva,0.9971315264701843
Wikipedia,L1,392,hin_Deva,0.9996777772903442
Wikipedia,L5,392,hin_Deva,0.9995214939117432
Wikipedia,L20,392,hin_Deva,0.9988377690315247
Wikipedia,L1,393,hin_Deva,0.7935951352119446
Wikipedia,L5,393,hin_Deva,0.9918948411941528
Wikipedia,L20,393,hin_Deva,0.9958592653274536
Wikipedia,L1,394,hin_Deva,0.9998382329940796
Wikipedia,L5,394,hin_Deva,0.9992738366127014
Wikipedia,L20,394,hin_Deva,0.9989670515060425
Wikipedia,L1,397,hin_Deva,0.9928513765335083
Wikipedia,L5,397,hin_Deva,0.9979181289672852
Wikipedia,L20,397,hin_Deva,0.9981867074966431
Wikipedia,L1,399,hin_Deva,0.9843227863311768
Wikipedia,L5,399,hin_Deva,0.9740694761276245
Wikipedia,L20,399,hin_Deva,0.9977192878723145
Wikipedia,L1,402,hin_Deva,0.9802337884902954
Wikipedia,L5,402,hin_Deva,0.9958910942077637
Wikipedia,L20,402,hin_Deva,0.9969013333320618
Wikipedia,L1,403,hin_Deva,0.9943130016326904
Wikipedia,L5,403,hin_Deva,0.99350506067276
Wikipedia,L20,403,hin_Deva,0.9967058897018433
Wikipedia,L1,411,hin_Deva,0.9967085719108582
Wikipedia,L5,411,hin_Deva,0.9950213432312012
Wikipedia,L20,411,hin_Deva,0.997305691242218
Wikipedia,L1,412,hin_Deva,0.997046947479248
Wikipedia,L5,412,hin_Deva,0.998329222202301
Wikipedia,L20,412,hin_Deva,0.9961944222450256
Wikipedia,L1,413,hin_Deva,0.9830859899520874
Wikipedia,L5,413,hin_Deva,0.9992660880088806
Wikipedia,L20,413,hin_Deva,0.9979990720748901
Wikipedia,L1,415,hin_Deva,0.9268790483474731
Wikipedia,L5,415,hin_Deva,0.9268573522567749
Wikipedia,L20,415,hin_Deva,0.9961922764778137
Wikipedia,L1,416,hin_Deva,0.9980230331420898
Wikipedia,L5,416,hin_Deva,0.9991652965545654
Wikipedia,L20,416,hin_Deva,0.9932621121406555
Wikipedia,L1,418,hin_Deva,0.9864317178726196
Wikipedia,L5,418,hin_Deva,0.9973930716514587
Wikipedia,L20,418,hin_Deva,0.9974895119667053
Wikipedia,L1,419,hin_Deva,0.9989087581634521
Wikipedia,L5,419,hin_Deva,0.9982984662055969
Wikipedia,L20,419,hin_Deva,0.9974064826965332
Wikipedia,L1,420,hin_Deva,0.9875589609146118
Wikipedia,L5,420,hin_Deva,0.9977797269821167
Wikipedia,L20,420,hin_Deva,0.9972013831138611
Wikipedia,L1,422,hin_Deva,0.9329628348350525
Wikipedia,L5,422,hin_Deva,0.9946374297142029
Wikipedia,L20,422,hin_Deva,0.9976034760475159
Wikipedia,L1,426,hin_Deva,0.9978711009025574
Wikipedia,L5,426,hin_Deva,0.9990022778511047
Wikipedia,L20,426,hin_Deva,0.9981114268302917
Wikipedia,L1,427,hin_Deva,0.9897835850715637
Wikipedia,L5,427,hin_Deva,0.9983179569244385
Wikipedia,L20,427,hin_Deva,0.9983451962471008
Wikipedia,L1,428,hin_Deva,0.9994242191314697
Wikipedia,L5,428,hin_Deva,0.9970763325691223
Wikipedia,L20,428,hin_Deva,0.9978585243225098
Wikipedia,L1,429,hin_Deva,0.9739169478416443
Wikipedia,L5,429,hin_Deva,0.9983386397361755
Wikipedia,L20,429,hin_Deva,0.9977628588676453
Wikipedia,L1,430,hin_Deva,0.9484798908233643
Wikipedia,L5,430,hin_Deva,0.9935920238494873
Wikipedia,L20,430,hin_Deva,0.997477650642395
Wikipedia,L1,431,hin_Deva,0.9976245164871216
Wikipedia,L5,431,hin_Deva,0.9992570877075195
Wikipedia,L20,431,hin_Deva,0.9984996318817139
Wikipedia,L1,435,mai_Deva,0.9400529861450195
Wikipedia,L5,435,hin_Deva,0.8778566122055054
Wikipedia,L20,435,hin_Deva,0.9402909278869629
Wikipedia,L1,437,hin_Deva,0.9982432126998901
Wikipedia,L5,437,hin_Deva,0.9890742897987366
Wikipedia,L20,437,hin_Deva,0.997039258480072
Wikipedia,L1,438,hin_Deva,0.6962543725967407
Wikipedia,L5,438,hin_Deva,0.9809427261352539
Wikipedia,L20,438,hin_Deva,0.9825692176818848
Wikipedia,L1,439,hin_Deva,0.9571675658226013
Wikipedia,L5,439,hin_Deva,0.9969046115875244
Wikipedia,L20,439,hin_Deva,0.9993243217468262
Wikipedia,L1,440,hin_Deva,0.9958369135856628
Wikipedia,L5,440,hin_Deva,0.9987610578536987
Wikipedia,L20,440,hin_Deva,0.9983251094818115
Wikipedia,L1,441,hin_Deva,0.9962748885154724
Wikipedia,L5,441,hin_Deva,0.9977219104766846
Wikipedia,L20,441,hin_Deva,0.9984534382820129
Wikipedia,L1,442,hin_Deva,0.9723262786865234
Wikipedia,L5,442,hin_Deva,0.9880720376968384
Wikipedia,L20,442,hin_Deva,0.9911817908287048
Wikipedia,L1,443,new_Deva,0.503518283367157
Wikipedia,L5,443,hin_Deva,0.9956095218658447
Wikipedia,L20,443,hin_Deva,0.9974821209907532
Wikipedia,L1,445,hin_Deva,0.9975619912147522
Wikipedia,L5,445,hin_Deva,0.9989574551582336
Wikipedia,L20,445,hin_Deva,0.9982374310493469
Wikipedia,L1,446,hin_Deva,0.756523847579956
Wikipedia,L5,446,hin_Deva,0.9984094500541687
Wikipedia,L20,446,hin_Deva,0.9981884956359863
Wikipedia,L1,448,hin_Deva,0.9408912062644958
Wikipedia,L5,448,hin_Deva,0.9841978549957275
Wikipedia,L20,448,hin_Deva,0.9945422410964966
Wikipedia,L1,451,hin_Deva,0.999667763710022
Wikipedia,L5,451,hin_Deva,0.9981645941734314
Wikipedia,L20,451,hin_Deva,0.9969529509544373
Wikipedia,L1,452,hin_Deva,0.9895671010017395
Wikipedia,L5,452,hin_Deva,0.969182014465332
Wikipedia,L20,452,hin_Deva,0.9838098287582397
Wikipedia,L1,456,hin_Deva,0.9834141135215759
Wikipedia,L5,456,hin_Deva,0.9981394410133362
Wikipedia,L20,456,hin_Deva,0.998335063457489
Wikipedia,L1,457,hin_Deva,0.9987340569496155
Wikipedia,L5,457,hin_Deva,0.9948956370353699
Wikipedia,L20,457,hin_Deva,0.9961654543876648
Wikipedia,L1,460,hin_Deva,0.9988565444946289
Wikipedia,L5,460,hin_Deva,0.9985805749893188
Wikipedia,L20,460,hin_Deva,0.9946736097335815
Wikipedia,L1,461,hin_Deva,0.9859432578086853
Wikipedia,L5,461,hin_Deva,0.9948686361312866
Wikipedia,L20,461,hin_Deva,0.9968926906585693
Wikipedia,L1,462,hin_Deva,0.985112190246582
Wikipedia,L5,462,hin_Deva,0.998117208480835
Wikipedia,L20,462,hin_Deva,0.9973131418228149
Wikipedia,L1,466,hin_Deva,0.9988951086997986
Wikipedia,L5,466,hin_Deva,0.9991453289985657
Wikipedia,L20,466,hin_Deva,0.9978137612342834
Wikipedia,L1,467,hin_Deva,0.9964110851287842
Wikipedia,L5,467,hin_Deva,0.9982267022132874
Wikipedia,L20,467,hin_Deva,0.9950911998748779
Wikipedia,L1,468,hin_Deva,0.9987609386444092
Wikipedia,L5,468,hin_Deva,0.995228111743927
Wikipedia,L20,468,hin_Deva,0.9968048930168152
Wikipedia,L1,469,hin_Deva,0.9973798990249634
Wikipedia,L5,469,hin_Deva,0.9964717030525208
Wikipedia,L20,469,hin_Deva,0.9899577498435974
Wikipedia,L1,471,hin_Deva,0.9993958473205566
Wikipedia,L5,471,hin_Deva,0.9981431365013123
Wikipedia,L20,471,hin_Deva,0.9991279244422913
Wikipedia,L1,474,hin_Deva,0.992516815662384
Wikipedia,L5,474,hin_Deva,0.9921132922172546
Wikipedia,L20,474,hin_Deva,0.9894210696220398
Wikipedia,L1,475,hin_Deva,0.9954512119293213
Wikipedia,L5,475,hin_Deva,0.9989820718765259
Wikipedia,L20,475,hin_Deva,0.9957627058029175
Wikipedia,L1,476,hin_Deva,0.9948945641517639
Wikipedia,L5,476,hin_Deva,0.9894695281982422
Wikipedia,L20,476,hin_Deva,0.9907510280609131
Wikipedia,L1,477,hin_Deva,0.9910885691642761
Wikipedia,L5,477,hin_Deva,0.9953184723854065
Wikipedia,L20,477,hin_Deva,0.997468888759613
Wikipedia,L1,480,hin_Deva,0.9941433072090149
Wikipedia,L5,480,hin_Deva,0.9953634738922119
Wikipedia,L20,480,hin_Deva,0.9971957802772522
Wikipedia,L1,482,hin_Deva,0.9752414226531982
Wikipedia,L5,482,hin_Deva,0.9950058460235596
Wikipedia,L20,482,hin_Deva,0.9947665929794312
Wikipedia,L1,483,hin_Deva,0.9960085153579712
Wikipedia,L5,483,hin_Deva,0.9989862442016602
Wikipedia,L20,483,hin_Deva,0.999512791633606
Wikipedia,L1,485,hin_Deva,0.8776516914367676
Wikipedia,L5,485,hin_Deva,0.992125928401947
Wikipedia,L20,485,hin_Deva,0.9967418909072876
Wikipedia,L1,486,hin_Deva,0.9869182109832764
Wikipedia,L5,486,hin_Deva,0.9968402981758118
Wikipedia,L20,486,hin_Deva,0.9974504709243774
Wikipedia,L1,487,hin_Deva,0.9882330298423767
Wikipedia,L5,487,hin_Deva,0.9965716004371643
Wikipedia,L20,487,hin_Deva,0.9977913498878479
Wikipedia,L1,488,hin_Deva,0.9947027564048767
Wikipedia,L5,488,hin_Deva,0.998045027256012
Wikipedia,L20,488,hin_Deva,0.9977858662605286
Wikipedia,L1,490,hin_Deva,0.9984625577926636
Wikipedia,L5,490,hin_Deva,0.9986804723739624
Wikipedia,L20,490,hin_Deva,0.9976997375488281
Wikipedia,L1,493,hin_Deva,0.9140639901161194
Wikipedia,L5,493,hin_Deva,0.9903354644775391
Wikipedia,L20,493,hin_Deva,0.988467276096344
Wikipedia,L1,495,hin_Deva,0.9841659665107727
Wikipedia,L5,495,hin_Deva,0.9949540495872498
Wikipedia,L20,495,hin_Deva,0.9976573586463928
Wikipedia,L1,496,hin_Deva,0.992150604724884
Wikipedia,L5,496,hin_Deva,0.9920490980148315
Wikipedia,L20,496,hin_Deva,0.9963312149047852
Wikipedia,L1,497,hin_Deva,0.9117251634597778
Wikipedia,L5,497,hin_Deva,0.984879732131958
Wikipedia,L20,497,hin_Deva,0.9874287247657776
Wikipedia,L1,498,hin_Deva,0.956993043422699
Wikipedia,L5,498,hin_Deva,0.979529857635498
Wikipedia,L20,498,hin_Deva,0.9959601163864136
Wikipedia,L1,502,hin_Deva,0.9956054091453552
Wikipedia,L5,502,hin_Deva,0.995509684085846
Wikipedia,L20,502,hin_Deva,0.9985159635543823
Wikipedia,L1,503,hin_Deva,0.9996291399002075
Wikipedia,L5,503,hin_Deva,0.9935983419418335
Wikipedia,L20,503,hin_Deva,0.9925348162651062
Wikipedia,L1,505,hin_Deva,0.9989609718322754
Wikipedia,L5,505,hin_Deva,0.9979270100593567
Wikipedia,L20,505,hin_Deva,0.9984579086303711
Wikipedia,L1,507,hin_Deva,0.9945552349090576
Wikipedia,L5,507,hin_Deva,0.9981977343559265
Wikipedia,L20,507,hin_Deva,0.9983462691307068
Wikipedia,L1,509,hin_Deva,0.9999178647994995
Wikipedia,L5,509,hin_Deva,0.9995081424713135
Wikipedia,L20,509,hin_Deva,0.9993686079978943
Wikipedia,L1,511,hin_Deva,0.9969716668128967
Wikipedia,L5,511,hin_Deva,0.9970242977142334
Wikipedia,L20,511,hin_Deva,0.9955427646636963
Wikipedia,L1,512,awa_Deva,0.6253220438957214
Wikipedia,L5,512,hin_Deva,0.9866561889648438
Wikipedia,L20,512,hin_Deva,0.9942711591720581
Wikipedia,L1,515,hin_Deva,0.9999358654022217
Wikipedia,L5,515,hin_Deva,0.9288521409034729
Wikipedia,L20,515,hin_Deva,0.9955416917800903
Wikipedia,L1,517,hin_Deva,0.998674750328064
Wikipedia,L5,517,hin_Deva,0.981595516204834
Wikipedia,L20,517,hin_Deva,0.9957777261734009
Wikipedia,L1,520,hin_Deva,0.9841864109039307
Wikipedia,L5,520,hin_Deva,0.9976631999015808
Wikipedia,L20,520,hin_Deva,0.997883677482605
Wikipedia,L1,522,hin_Deva,0.9852423667907715
Wikipedia,L5,522,hin_Deva,0.9492915272712708
Wikipedia,L20,522,hin_Deva,0.993053674697876
Wikipedia,L1,527,hin_Deva,0.9055483341217041
Wikipedia,L5,527,hin_Deva,0.998702347278595
Wikipedia,L20,527,hin_Deva,0.9984302520751953
Wikipedia,L1,528,hin_Deva,0.9967776536941528
Wikipedia,L5,528,hin_Deva,0.9978030920028687
Wikipedia,L20,528,hin_Deva,0.9989438652992249
Wikipedia,L1,530,hin_Deva,0.9950976967811584
Wikipedia,L5,530,hin_Deva,0.9971209764480591
Wikipedia,L20,530,hin_Deva,0.9989909529685974
Wikipedia,L1,531,hin_Deva,0.9857761859893799
Wikipedia,L5,531,hin_Deva,0.9960998296737671
Wikipedia,L20,531,hin_Deva,0.9988285899162292
Wikipedia,L1,532,hin_Deva,0.9995556473731995
Wikipedia,L5,532,hin_Deva,0.9981949925422668
Wikipedia,L20,532,hin_Deva,0.9982276558876038
Wikipedia,L1,533,hin_Deva,0.9989084005355835
Wikipedia,L5,533,hin_Deva,0.9989800453186035
Wikipedia,L20,533,hin_Deva,0.9981018900871277
Wikipedia,L1,534,hin_Deva,0.943169116973877
Wikipedia,L5,534,hin_Deva,0.9818354845046997
Wikipedia,L20,534,hin_Deva,0.9917290210723877
Wikipedia,L1,535,hin_Deva,0.938045859336853
Wikipedia,L5,535,hin_Deva,0.9967436790466309
Wikipedia,L20,535,hin_Deva,0.9938389658927917
Wikipedia,L1,536,hin_Deva,0.9737557172775269
Wikipedia,L5,536,hin_Deva,0.9854053258895874
Wikipedia,L20,536,hin_Deva,0.9936825037002563
Wikipedia,L1,537,hin_Deva,0.9834801554679871
Wikipedia,L5,537,hin_Deva,0.9947022795677185
Wikipedia,L20,537,hin_Deva,0.9919813871383667
Wikipedia,L1,538,hin_Deva,0.9995130300521851
Wikipedia,L5,538,hin_Deva,0.9971663951873779
Wikipedia,L20,538,hin_Deva,0.9911611676216125
Wikipedia,L1,539,hin_Deva,0.956979513168335
Wikipedia,L5,539,hin_Deva,0.9924764037132263
Wikipedia,L20,539,hin_Deva,0.990966260433197
Wikipedia,L1,540,hin_Deva,0.9982800483703613
Wikipedia,L5,540,hin_Deva,0.9922937750816345
Wikipedia,L20,540,hin_Deva,0.9941198825836182
Wikipedia,L1,541,hin_Deva,0.9755538702011108
Wikipedia,L5,541,hin_Deva,0.9930303692817688
Wikipedia,L20,541,hin_Deva,0.9968439936637878
Wikipedia,L1,543,new_Deva,0.7877317667007446
Wikipedia,L5,543,hin_Deva,0.966198742389679
Wikipedia,L20,543,hin_Deva,0.9630712270736694
Wikipedia,L1,544,awa_Deva,0.9459955096244812
Wikipedia,L5,544,hin_Deva,0.9985784292221069
Wikipedia,L20,544,hin_Deva,0.9941312670707703
Wikipedia,L1,545,hin_Deva,0.7632963061332703
Wikipedia,L5,545,hin_Deva,0.9890839457511902
Wikipedia,L20,545,hin_Deva,0.9897069334983826
Wikipedia,L1,546,hin_Deva,0.9955686330795288
Wikipedia,L5,546,hin_Deva,0.9980973601341248
Wikipedia,L20,546,hin_Deva,0.9976826310157776
Wikipedia,L1,548,hin_Deva,0.9960960149765015
Wikipedia,L5,548,hin_Deva,0.997927725315094
Wikipedia,L20,548,hin_Deva,0.9984763860702515
Wikipedia,L1,549,hin_Deva,0.9999061822891235
Wikipedia,L5,549,hin_Deva,0.9992110133171082
Wikipedia,L20,549,hin_Deva,0.9987729787826538
Wikipedia,L1,550,hin_Deva,0.9995317459106445
Wikipedia,L5,550,hin_Deva,0.9977513551712036
Wikipedia,L20,550,hin_Deva,0.9988381266593933
Wikipedia,L1,553,hin_Deva,0.9992426633834839
Wikipedia,L5,553,hin_Deva,0.9961996674537659
Wikipedia,L20,553,hin_Deva,0.9972196221351624
Wikipedia,L1,555,hin_Deva,0.9543081521987915
Wikipedia,L5,555,hin_Deva,0.9926429390907288
Wikipedia,L20,555,hin_Deva,0.9942728877067566
Wikipedia,L1,556,hin_Deva,0.9519955515861511
Wikipedia,L5,556,hin_Deva,0.9975415468215942
Wikipedia,L20,556,hin_Deva,0.9964944124221802
Wikipedia,L1,557,hin_Deva,0.884283185005188
Wikipedia,L5,557,hin_Deva,0.9929818511009216
Wikipedia,L20,557,hin_Deva,0.997878909111023
Wikipedia,L1,559,hin_Deva,0.9795211553573608
Wikipedia,L5,559,hin_Deva,0.9925854206085205
Wikipedia,L20,559,hin_Deva,0.9961538314819336
Wikipedia,L1,560,hin_Deva,0.9848878383636475
Wikipedia,L5,560,hin_Deva,0.9910988807678223
Wikipedia,L20,560,hin_Deva,0.9930064082145691
Wikipedia,L1,563,awa_Deva,0.6985752582550049
Wikipedia,L5,563,hin_Deva,0.9982541799545288
Wikipedia,L20,563,hin_Deva,0.9981848001480103
Wikipedia,L1,566,hin_Deva,0.996433436870575
Wikipedia,L5,566,hin_Deva,0.9956843256950378
Wikipedia,L20,566,hin_Deva,0.9956067204475403
Wikipedia,L1,569,hin_Deva,0.9985402822494507
Wikipedia,L5,569,hin_Deva,0.9991672039031982
Wikipedia,L20,569,hin_Deva,0.9972301721572876
Wikipedia,L1,570,hin_Deva,0.9836247563362122
Wikipedia,L5,570,hin_Deva,0.9601585865020752
Wikipedia,L20,570,hin_Deva,0.9922198057174683
Wikipedia,L1,571,hin_Deva,0.9974303245544434
Wikipedia,L5,571,hin_Deva,0.9983522891998291
Wikipedia,L20,571,hin_Deva,0.9948636889457703
Wikipedia,L1,572,hin_Deva,0.9889088273048401
Wikipedia,L5,572,hin_Deva,0.9948227405548096
Wikipedia,L20,572,hin_Deva,0.9932408332824707
Wikipedia,L1,573,hin_Deva,0.9696593284606934
Wikipedia,L5,573,hin_Deva,0.9935336112976074
Wikipedia,L20,573,hin_Deva,0.9751607179641724
Wikipedia,L1,574,hin_Deva,0.9886364340782166
Wikipedia,L5,574,hin_Deva,0.9946560859680176
Wikipedia,L20,574,hin_Deva,0.9960626363754272
Wikipedia,L1,577,hin_Deva,0.9933674931526184
Wikipedia,L5,577,hin_Deva,0.9970951676368713
Wikipedia,L20,577,hin_Deva,0.9977295994758606
Wikipedia,L1,578,hin_Deva,0.9763942360877991
Wikipedia,L5,578,hin_Deva,0.9989333748817444
Wikipedia,L20,578,hin_Deva,0.9982398152351379
Wikipedia,L1,582,hin_Deva,0.9994705319404602
Wikipedia,L5,582,hin_Deva,0.9954553842544556
Wikipedia,L20,582,hin_Deva,0.9908082485198975
Wikipedia,L1,583,hin_Deva,0.9991165995597839
Wikipedia,L5,583,hin_Deva,0.9974797964096069
Wikipedia,L20,583,hin_Deva,0.9982054829597473
Wikipedia,L1,584,hin_Deva,0.9960301518440247
Wikipedia,L5,584,hin_Deva,0.9921308755874634
Wikipedia,L20,584,hin_Deva,0.9913591742515564
Wikipedia,L1,585,hin_Deva,0.9992362260818481
Wikipedia,L5,585,hin_Deva,0.9980388283729553
Wikipedia,L20,585,hin_Deva,0.9980945587158203
Wikipedia,L1,589,hin_Deva,0.9912989139556885
Wikipedia,L5,589,hin_Deva,0.9945547580718994
Wikipedia,L20,589,hin_Deva,0.9974548816680908
Wikipedia,L1,590,hin_Deva,0.9915305972099304
Wikipedia,L5,590,hin_Deva,0.9894074201583862
Wikipedia,L20,590,hin_Deva,0.9953036904335022
Wikipedia,L1,592,hin_Deva,0.9331332445144653
Wikipedia,L5,592,hin_Deva,0.9971979260444641
Wikipedia,L20,592,hin_Deva,0.9965910315513611
Wikipedia,L1,593,hin_Deva,0.9972966909408569
Wikipedia,L5,593,hin_Deva,0.998220682144165
Wikipedia,L20,593,hin_Deva,0.9975174069404602
Wikipedia,L1,596,hin_Deva,0.9985658526420593
Wikipedia,L5,596,hin_Deva,0.989242434501648
Wikipedia,L20,596,hin_Deva,0.9938421249389648
Wikipedia,L1,597,new_Deva,0.5057660341262817
Wikipedia,L5,597,hin_Deva,0.9931963682174683
Wikipedia,L20,597,hin_Deva,0.9926478862762451
Wikipedia,L1,598,hin_Deva,0.9796993732452393
Wikipedia,L5,598,hin_Deva,0.9754775166511536
Wikipedia,L20,598,hin_Deva,0.9831286072731018
Wikipedia,L1,601,hin_Deva,0.9342292547225952
Wikipedia,L5,601,hin_Deva,0.9879853129386902
Wikipedia,L20,601,hin_Deva,0.9963565468788147
Wikipedia,L1,602,hin_Deva,0.9952540993690491
Wikipedia,L5,602,hin_Deva,0.9991618394851685
Wikipedia,L20,602,hin_Deva,0.99815833568573
Wikipedia,L1,603,hin_Deva,0.5690924525260925
Wikipedia,L5,603,hin_Deva,0.9084762334823608
Wikipedia,L20,603,hin_Deva,0.9463118314743042
Wikipedia,L1,605,hin_Deva,0.9744046330451965
Wikipedia,L5,605,hin_Deva,0.9948028922080994
Wikipedia,L20,605,hin_Deva,0.9974514245986938
Wikipedia,L1,607,hin_Deva,0.9728890657424927
Wikipedia,L5,607,hin_Deva,0.9972319602966309
Wikipedia,L20,607,hin_Deva,0.9985653758049011
Wikipedia,L1,608,awa_Deva,0.688198983669281
Wikipedia,L5,608,hin_Deva,0.9916475415229797
Wikipedia,L20,608,hin_Deva,0.9966999292373657
Wikipedia,L1,611,hin_Deva,0.9835835099220276
Wikipedia,L5,611,hin_Deva,0.995875358581543
Wikipedia,L20,611,hin_Deva,0.9985644221305847
Wikipedia,L1,614,hin_Deva,0.8090495467185974
Wikipedia,L5,614,hin_Deva,0.9926552772521973
Wikipedia,L20,614,hin_Deva,0.9956702589988708
Wikipedia,L1,615,hin_Deva,0.9710827469825745
Wikipedia,L5,615,hin_Deva,0.9961597919464111
Wikipedia,L20,615,hin_Deva,0.9985538721084595
Wikipedia,L1,616,hin_Deva,0.9948666095733643
Wikipedia,L5,616,hin_Deva,0.9985995888710022
Wikipedia,L20,616,hin_Deva,0.99746173620224
Wikipedia,L1,621,hin_Deva,0.9681406617164612
Wikipedia,L5,621,hin_Deva,0.9970419406890869
Wikipedia,L20,621,hin_Deva,0.9948359131813049
Wikipedia,L1,623,hin_Deva,0.983163058757782
Wikipedia,L5,623,hin_Deva,0.9869545102119446
Wikipedia,L20,623,hin_Deva,0.9897382855415344
Wikipedia,L1,625,hin_Deva,0.9902481436729431
Wikipedia,L5,625,hin_Deva,0.996758222579956
Wikipedia,L20,625,hin_Deva,0.9946910738945007
Wikipedia,L1,626,hin_Deva,0.9930949211120605
Wikipedia,L5,626,hin_Deva,0.996557891368866
Wikipedia,L20,626,hin_Deva,0.9986034035682678
Wikipedia,L1,631,hin_Deva,0.7863802313804626
Wikipedia,L5,631,hin_Deva,0.9917744994163513
Wikipedia,L20,631,hin_Deva,0.9977262020111084
Wikipedia,L1,634,hin_Deva,0.9986570477485657
Wikipedia,L5,634,hin_Deva,0.9981337189674377
Wikipedia,L20,634,hin_Deva,0.9969787001609802
Wikipedia,L1,635,awa_Deva,0.5926998853683472
Wikipedia,L5,635,hin_Deva,0.9928979277610779
Wikipedia,L20,635,hin_Deva,0.9952466487884521
Wikipedia,L1,638,hin_Deva,0.9813867211341858
Wikipedia,L5,638,hin_Deva,0.9989539980888367
Wikipedia,L20,638,hin_Deva,0.9987672567367554
Wikipedia,L1,640,awa_Deva,0.5261514186859131
Wikipedia,L5,640,hin_Deva,0.9487144947052002
Wikipedia,L20,640,hin_Deva,0.9784759879112244
Wikipedia,L1,641,hin_Deva,0.9992194175720215
Wikipedia,L5,641,hin_Deva,0.9936707615852356
Wikipedia,L20,641,hin_Deva,0.99300217628479
Wikipedia,L1,642,hin_Deva,0.9134684801101685
Wikipedia,L5,642,hin_Deva,0.9923620820045471
Wikipedia,L20,642,hin_Deva,0.9926601052284241
Wikipedia,L1,643,hin_Deva,0.9176082611083984
Wikipedia,L5,643,hin_Deva,0.9904478192329407
Wikipedia,L20,643,hin_Deva,0.9986118674278259
Wikipedia,L1,644,hin_Deva,0.5009889602661133
Wikipedia,L5,644,hin_Deva,0.9995472431182861
Wikipedia,L20,644,hin_Deva,0.9981777667999268
Wikipedia,L1,646,hin_Deva,0.9938036203384399
Wikipedia,L5,646,hin_Deva,0.998979926109314
Wikipedia,L20,646,hin_Deva,0.998775839805603
Wikipedia,L1,649,hin_Deva,0.9885376691818237
Wikipedia,L5,649,hin_Deva,0.976493239402771
Wikipedia,L20,649,hin_Deva,0.9966810345649719
Wikipedia,L1,652,hin_Deva,0.949622631072998
Wikipedia,L5,652,hin_Deva,0.9921419024467468
Wikipedia,L20,652,hin_Deva,0.9964175820350647
Wikipedia,L1,654,hin_Deva,0.9839928150177002
Wikipedia,L5,654,hin_Deva,0.992942214012146
Wikipedia,L20,654,hin_Deva,0.997793972492218
Wikipedia,L1,656,hin_Deva,0.9861974716186523
Wikipedia,L5,656,hin_Deva,0.9964231848716736
Wikipedia,L20,656,hin_Deva,0.9958020448684692
Wikipedia,L1,659,hin_Deva,0.9967777729034424
Wikipedia,L5,659,hin_Deva,0.9932728409767151
Wikipedia,L20,659,hin_Deva,0.9982782602310181
Wikipedia,L1,660,hin_Deva,0.9791138172149658
Wikipedia,L5,660,hin_Deva,0.9986935257911682
Wikipedia,L20,660,hin_Deva,0.9975609183311462
Wikipedia,L1,661,hin_Deva,0.9079697132110596
Wikipedia,L5,661,hin_Deva,0.9963603019714355
Wikipedia,L20,661,hin_Deva,0.9988496899604797
Wikipedia,L1,663,hin_Deva,0.992615818977356
Wikipedia,L5,663,hin_Deva,0.9977391362190247
Wikipedia,L20,663,hin_Deva,0.9987860321998596
Wikipedia,L1,665,awa_Deva,0.45639923214912415
Wikipedia,L5,665,hin_Deva,0.9570258259773254
Wikipedia,L20,665,hin_Deva,0.99170982837677
Wikipedia,L1,666,hin_Deva,0.9993166923522949
Wikipedia,L5,666,hin_Deva,0.9987390637397766
Wikipedia,L20,666,hin_Deva,0.9979849457740784
Wikipedia,L1,667,hin_Deva,0.995090126991272
Wikipedia,L5,667,hin_Deva,0.9975007772445679
Wikipedia,L20,667,hin_Deva,0.9964513182640076
Wikipedia,L1,669,hin_Deva,0.9994481205940247
Wikipedia,L5,669,hin_Deva,0.9971649646759033
Wikipedia,L20,669,hin_Deva,0.9984220266342163
Wikipedia,L1,670,hin_Deva,0.9820559620857239
Wikipedia,L5,670,hin_Deva,0.9910834431648254
Wikipedia,L20,670,hin_Deva,0.9957358837127686
Wikipedia,L1,671,hin_Deva,0.9939128160476685
Wikipedia,L5,671,hin_Deva,0.9979708194732666
Wikipedia,L20,671,hin_Deva,0.9984310865402222
Wikipedia,L1,672,hin_Deva,0.9984294176101685
Wikipedia,L5,672,hin_Deva,0.9971199631690979
Wikipedia,L20,672,hin_Deva,0.9943991303443909
Wikipedia,L1,673,hin_Deva,0.9979307055473328
Wikipedia,L5,673,hin_Deva,0.9944334626197815
Wikipedia,L20,673,hin_Deva,0.9985078573226929
Wikipedia,L1,674,hin_Deva,0.9944321513175964
Wikipedia,L5,674,hin_Deva,0.9946680665016174
Wikipedia,L20,674,hin_Deva,0.9909740686416626
Wikipedia,L1,677,hin_Deva,0.9898185133934021
Wikipedia,L5,677,hin_Deva,0.9970493316650391
Wikipedia,L20,677,hin_Deva,0.9981536865234375
Wikipedia,L1,678,hin_Deva,0.9778982400894165
Wikipedia,L5,678,hin_Deva,0.9970474243164062
Wikipedia,L20,678,hin_Deva,0.9975172877311707
Wikipedia,L1,679,awa_Deva,0.9198669791221619
Wikipedia,L5,679,hin_Deva,0.9885862469673157
Wikipedia,L20,679,hin_Deva,0.9885638952255249
Wikipedia,L1,683,hin_Deva,0.9972431063652039
Wikipedia,L5,683,hin_Deva,0.997419536113739
Wikipedia,L20,683,hin_Deva,0.9917593002319336
Wikipedia,L1,684,hin_Deva,0.9970834255218506
Wikipedia,L5,684,hin_Deva,0.9980997443199158
Wikipedia,L20,684,hin_Deva,0.9978069067001343
Wikipedia,L1,685,hin_Deva,0.9828189015388489
Wikipedia,L5,685,hin_Deva,0.9906356334686279
Wikipedia,L20,685,hin_Deva,0.9977966547012329
Wikipedia,L1,688,hin_Deva,0.9742608070373535
Wikipedia,L5,688,hin_Deva,0.9934196472167969
Wikipedia,L20,688,hin_Deva,0.9971691370010376
Wikipedia,L1,692,hin_Deva,0.9993057250976562
Wikipedia,L5,692,hin_Deva,0.9983150959014893
Wikipedia,L20,692,hin_Deva,0.9974377751350403
Wikipedia,L1,693,hin_Deva,0.5708961486816406
Wikipedia,L5,693,hin_Deva,0.9988049268722534
Wikipedia,L20,693,hin_Deva,0.9984332323074341
Wikipedia,L1,697,hin_Deva,0.9970973134040833
Wikipedia,L5,697,hin_Deva,0.9979837536811829
Wikipedia,L20,697,hin_Deva,0.9984868168830872
Wikipedia,L1,698,hin_Deva,0.9913297295570374
Wikipedia,L5,698,hin_Deva,0.9993045330047607
Wikipedia,L20,698,hin_Deva,0.9984813332557678
Wikipedia,L1,701,hin_Deva,0.9723454117774963
Wikipedia,L5,701,hin_Deva,0.9969435930252075
Wikipedia,L20,701,hin_Deva,0.9982115030288696
Wikipedia,L1,703,awa_Deva,0.7677250504493713
Wikipedia,L5,703,hin_Deva,0.9142958521842957
Wikipedia,L20,703,hin_Deva,0.9822240471839905
Wikipedia,L1,705,hin_Deva,0.998924970626831
Wikipedia,L5,705,hin_Deva,0.9936914443969727
Wikipedia,L20,705,hin_Deva,0.9931628704071045
Wikipedia,L1,707,hin_Deva,0.9954050183296204
Wikipedia,L5,707,hin_Deva,0.9936923980712891
Wikipedia,L20,707,hin_Deva,0.994619607925415
Wikipedia,L1,709,hin_Deva,0.9946662187576294
Wikipedia,L5,709,hin_Deva,0.9920942783355713
Wikipedia,L20,709,hin_Deva,0.9857493042945862
Wikipedia,L1,710,hin_Deva,0.9801133275032043
Wikipedia,L5,710,hin_Deva,0.9986060261726379
Wikipedia,L20,710,hin_Deva,0.9983363747596741
Wikipedia,L1,711,hin_Deva,0.9968016743659973
Wikipedia,L5,711,hin_Deva,0.9925315976142883
Wikipedia,L20,711,hin_Deva,0.9942499399185181
Wikipedia,L1,712,hin_Deva,0.997487485408783
Wikipedia,L5,712,hin_Deva,0.9981638789176941
Wikipedia,L20,712,hin_Deva,0.9984064698219299
Wikipedia,L1,713,hin_Deva,0.9008857607841492
Wikipedia,L5,713,hin_Deva,0.9699971675872803
Wikipedia,L20,713,hin_Deva,0.9897159337997437
Wikipedia,L1,714,hin_Deva,0.9991360306739807
Wikipedia,L5,714,hin_Deva,0.9994487166404724
Wikipedia,L20,714,hin_Deva,0.9987690448760986
Wikipedia,L1,715,hin_Deva,0.8462223410606384
Wikipedia,L5,715,hin_Deva,0.9516505002975464
Wikipedia,L20,715,hin_Deva,0.9905287623405457
Wikipedia,L1,716,hin_Deva,0.9012128710746765
Wikipedia,L5,716,hin_Deva,0.9905551671981812
Wikipedia,L20,716,hin_Deva,0.9853593707084656
Wikipedia,L1,718,new_Deva,0.7726618051528931
Wikipedia,L5,718,new_Deva,0.8126587271690369
Wikipedia,L20,718,new_Deva,0.7652437686920166
Wikipedia,L1,719,hin_Deva,0.9986916184425354
Wikipedia,L5,719,hin_Deva,0.997367799282074
Wikipedia,L20,719,hin_Deva,0.9963622093200684
Wikipedia,L1,723,hin_Deva,0.8879056572914124
Wikipedia,L5,723,hin_Deva,0.9975990056991577
Wikipedia,L20,723,hin_Deva,0.9952278137207031
Wikipedia,L1,729,hin_Deva,0.9945781230926514
Wikipedia,L5,729,hin_Deva,0.9991932511329651
Wikipedia,L20,729,hin_Deva,0.9993636012077332
Wikipedia,L1,730,hin_Deva,0.853199303150177
Wikipedia,L5,730,hin_Deva,0.9933845400810242
Wikipedia,L20,730,hin_Deva,0.997050940990448
Wikipedia,L1,731,hin_Deva,0.988666832447052
Wikipedia,L5,731,hin_Deva,0.9993103742599487
Wikipedia,L20,731,hin_Deva,0.9992049336433411
Wikipedia,L1,733,hin_Deva,0.9649907946586609
Wikipedia,L5,733,hin_Deva,0.9943751096725464
Wikipedia,L20,733,hin_Deva,0.999049723148346
Wikipedia,L1,737,hin_Deva,0.8092892169952393
Wikipedia,L5,737,hin_Deva,0.9865768551826477
Wikipedia,L20,737,hin_Deva,0.9931702613830566
Wikipedia,L1,740,hin_Deva,0.9988023042678833
Wikipedia,L5,740,hin_Deva,0.9965859055519104
Wikipedia,L20,740,hin_Deva,0.9972130060195923
Wikipedia,L1,741,hin_Deva,0.9922155737876892
Wikipedia,L5,741,hin_Deva,0.9983331561088562
Wikipedia,L20,741,hin_Deva,0.9973486065864563
Wikipedia,L1,742,hin_Deva,0.9991506338119507
Wikipedia,L5,742,hin_Deva,0.9972226023674011
Wikipedia,L20,742,hin_Deva,0.9974324703216553
Wikipedia,L1,743,hin_Deva,0.810355544090271
Wikipedia,L5,743,hin_Deva,0.8401683568954468
Wikipedia,L20,743,hin_Deva,0.9635021686553955
Wikipedia,L1,744,hin_Deva,0.8543117046356201
Wikipedia,L5,744,hin_Deva,0.9970114827156067
Wikipedia,L20,744,hin_Deva,0.9988365769386292
Wikipedia,L1,746,hin_Deva,0.9998194575309753
Wikipedia,L5,746,hin_Deva,0.9992159008979797
Wikipedia,L20,746,hin_Deva,0.9977037310600281
Wikipedia,L1,750,hin_Deva,0.9993046522140503
Wikipedia,L5,750,hin_Deva,0.9974585175514221
Wikipedia,L20,750,hin_Deva,0.9986469149589539
Wikipedia,L1,751,hin_Deva,0.9999338388442993
Wikipedia,L5,751,hin_Deva,0.9623238444328308
Wikipedia,L20,751,hin_Deva,0.9890516400337219
Wikipedia,L1,752,hin_Deva,0.9800069332122803
Wikipedia,L5,752,hin_Deva,0.9921424984931946
Wikipedia,L20,752,hin_Deva,0.9947880506515503
Wikipedia,L1,753,hin_Deva,0.9962865710258484
Wikipedia,L5,753,hin_Deva,0.9982450008392334
Wikipedia,L20,753,hin_Deva,0.9933257699012756
Wikipedia,L1,755,hin_Deva,0.9877989888191223
Wikipedia,L5,755,hin_Deva,0.9991605281829834
Wikipedia,L20,755,hin_Deva,0.9993191957473755
Wikipedia,L1,756,hin_Deva,0.9950937032699585
Wikipedia,L5,756,hin_Deva,0.9923068881034851
Wikipedia,L20,756,hin_Deva,0.994202196598053
Wikipedia,L1,760,hin_Deva,0.9536215662956238
Wikipedia,L5,760,hin_Deva,0.9894249439239502
Wikipedia,L20,760,hin_Deva,0.9953576922416687
Wikipedia,L1,761,hin_Deva,0.9531458020210266
Wikipedia,L5,761,hin_Deva,0.9968684911727905
Wikipedia,L20,761,hin_Deva,0.9958098530769348
Wikipedia,L1,762,hin_Deva,0.9969221353530884
Wikipedia,L5,762,hin_Deva,0.9984069466590881
Wikipedia,L20,762,hin_Deva,0.9987674951553345
Wikipedia,L1,763,hin_Deva,0.9994615912437439
Wikipedia,L5,763,hin_Deva,0.9970714449882507
Wikipedia,L20,763,hin_Deva,0.9984402060508728
Wikipedia,L1,768,hin_Deva,0.9630020260810852
Wikipedia,L5,768,hin_Deva,0.9830678105354309
Wikipedia,L20,768,hin_Deva,0.995286226272583
Wikipedia,L1,770,hin_Deva,0.9992124438285828
Wikipedia,L5,770,hin_Deva,0.9990184903144836
Wikipedia,L20,770,hin_Deva,0.9995554089546204
Wikipedia,L1,771,hin_Deva,0.9902037978172302
Wikipedia,L5,771,hin_Deva,0.9954689741134644
Wikipedia,L20,771,hin_Deva,0.9895227551460266
Wikipedia,L1,773,hin_Deva,0.7767611145973206
Wikipedia,L5,773,hin_Deva,0.9942528605461121
Wikipedia,L20,773,hin_Deva,0.9963234066963196
Wikipedia,L1,775,hin_Deva,0.9609578847885132
Wikipedia,L5,775,hin_Deva,0.9930223822593689
Wikipedia,L20,775,hin_Deva,0.9985360503196716
Wikipedia,L1,776,hin_Deva,0.997908353805542
Wikipedia,L5,776,hin_Deva,0.9962509870529175
Wikipedia,L20,776,hin_Deva,0.9978916049003601
Wikipedia,L1,777,hin_Deva,0.9939462542533875
Wikipedia,L5,777,hin_Deva,0.9929360151290894
Wikipedia,L20,777,hin_Deva,0.9958215951919556
Wikipedia,L1,779,hin_Deva,0.9746124744415283
Wikipedia,L5,779,hin_Deva,0.9989503026008606
Wikipedia,L20,779,hin_Deva,0.9989058971405029
Wikipedia,L1,780,hin_Deva,0.9431166052818298
Wikipedia,L5,780,hin_Deva,0.9988714456558228
Wikipedia,L20,780,hin_Deva,0.998244047164917
Wikipedia,L1,781,hin_Deva,0.9834225177764893
Wikipedia,L5,781,hin_Deva,0.9762890338897705
Wikipedia,L20,781,hin_Deva,0.9963240027427673
Wikipedia,L1,782,hin_Deva,0.8456503748893738
Wikipedia,L5,782,hin_Deva,0.9983388781547546
Wikipedia,L20,782,hin_Deva,0.9973308444023132
Wikipedia,L1,783,hin_Deva,0.9956011772155762
Wikipedia,L5,783,hin_Deva,0.994448184967041
Wikipedia,L20,783,hin_Deva,0.9966781735420227
Wikipedia,L1,785,hin_Deva,0.9300848245620728
Wikipedia,L5,785,hin_Deva,0.9969446659088135
Wikipedia,L20,785,hin_Deva,0.9983065724372864
Wikipedia,L1,787,hin_Deva,0.9906550645828247
Wikipedia,L5,787,hin_Deva,0.9946633577346802
Wikipedia,L20,787,hin_Deva,0.9921911954879761
Wikipedia,L1,789,hin_Deva,0.9996170401573181
Wikipedia,L5,789,hin_Deva,0.9993896484375
Wikipedia,L20,789,hin_Deva,0.9994545578956604
Wikipedia,L1,790,hin_Deva,0.8451066017150879
Wikipedia,L5,790,hin_Deva,0.9952186942100525
Wikipedia,L20,790,hin_Deva,0.9941257238388062
Wikipedia,L1,791,hin_Deva,0.9975770711898804
Wikipedia,L5,791,hin_Deva,0.9810521602630615
Wikipedia,L20,791,hin_Deva,0.9975686073303223
Wikipedia,L1,792,hin_Deva,0.9700420498847961
Wikipedia,L5,792,hin_Deva,0.9889312982559204
Wikipedia,L20,792,hin_Deva,0.9932692646980286
Wikipedia,L1,793,awa_Deva,0.778713047504425
Wikipedia,L5,793,hin_Deva,0.9173197150230408
Wikipedia,L20,793,hin_Deva,0.9163197875022888
Wikipedia,L1,795,awa_Deva,0.9985141754150391
Wikipedia,L5,795,hin_Deva,0.9974492788314819
Wikipedia,L20,795,hin_Deva,0.9977944493293762
Wikipedia,L1,796,hin_Deva,0.9985451698303223
Wikipedia,L5,796,hin_Deva,0.9963731169700623
Wikipedia,L20,796,hin_Deva,0.9982149600982666
Wikipedia,L1,797,hin_Deva,0.6713528037071228
Wikipedia,L5,797,hin_Deva,0.9807364344596863
Wikipedia,L20,797,hin_Deva,0.9708256125450134
Wikipedia,L1,799,hin_Deva,0.9950771331787109
Wikipedia,L5,799,hin_Deva,0.9892625212669373
Wikipedia,L20,799,hin_Deva,0.9905465245246887
Wikipedia,L1,803,hin_Deva,0.9990614056587219
Wikipedia,L5,803,hin_Deva,0.9979321360588074
Wikipedia,L20,803,hin_Deva,0.9973204135894775
Wikipedia,L1,805,hin_Deva,0.9921094179153442
Wikipedia,L5,805,hin_Deva,0.9979478716850281
Wikipedia,L20,805,hin_Deva,0.9987622499465942
Wikipedia,L1,806,hin_Deva,0.9988559484481812
Wikipedia,L5,806,hin_Deva,0.9981222152709961
Wikipedia,L20,806,hin_Deva,0.997748613357544
Wikipedia,L1,808,hin_Deva,0.997802734375
Wikipedia,L5,808,hin_Deva,0.9974710941314697
Wikipedia,L20,808,hin_Deva,0.9985871315002441
Wikipedia,L1,811,hin_Deva,0.9901008605957031
Wikipedia,L5,811,hin_Deva,0.998532235622406
Wikipedia,L20,811,hin_Deva,0.9987711906433105
Wikipedia,L1,813,hin_Deva,0.9982354044914246
Wikipedia,L5,813,hin_Deva,0.995664119720459
Wikipedia,L20,813,hin_Deva,0.996192991733551
Wikipedia,L1,815,hin_Deva,0.986784815788269
Wikipedia,L5,815,hin_Deva,0.9990717768669128
Wikipedia,L20,815,hin_Deva,0.9902182221412659
Wikipedia,L1,816,hin_Deva,0.9991957545280457
Wikipedia,L5,816,hin_Deva,0.9961725473403931
Wikipedia,L20,816,hin_Deva,0.9975546002388
Wikipedia,L1,817,hin_Deva,0.9998880624771118
Wikipedia,L5,817,hin_Deva,0.9992740750312805
Wikipedia,L20,817,hin_Deva,0.9984412789344788
Wikipedia,L1,820,hin_Deva,0.9945490956306458
Wikipedia,L5,820,hin_Deva,0.9867509007453918
Wikipedia,L20,820,hin_Deva,0.9821804761886597
Wikipedia,L1,821,hin_Deva,0.9878149032592773
Wikipedia,L5,821,hin_Deva,0.9955164194107056
Wikipedia,L20,821,hin_Deva,0.996272623538971
Wikipedia,L1,822,hin_Deva,0.9980815052986145
Wikipedia,L5,822,hin_Deva,0.9694839715957642
Wikipedia,L20,822,hin_Deva,0.9977768659591675
Wikipedia,L1,823,hin_Deva,0.99281245470047
Wikipedia,L5,823,hin_Deva,0.9978868961334229
Wikipedia,L20,823,hin_Deva,0.9980699419975281
Wikipedia,L1,825,hin_Deva,0.9997478127479553
Wikipedia,L5,825,hin_Deva,0.9990911483764648
Wikipedia,L20,825,hin_Deva,0.9986483454704285
Wikipedia,L1,827,hin_Deva,0.9802758097648621
Wikipedia,L5,827,hin_Deva,0.9978227615356445
Wikipedia,L20,827,hin_Deva,0.9988654851913452
Wikipedia,L1,829,hin_Deva,0.684255838394165
Wikipedia,L5,829,hin_Deva,0.9865444898605347
Wikipedia,L20,829,hin_Deva,0.9919452667236328
Wikipedia,L1,830,hin_Deva,0.9995404481887817
Wikipedia,L5,830,hin_Deva,0.9981875419616699
Wikipedia,L20,830,hin_Deva,0.9989732503890991
Wikipedia,L1,832,hin_Deva,0.9768385887145996
Wikipedia,L5,832,hin_Deva,0.9539357423782349
Wikipedia,L20,832,hin_Deva,0.9918994307518005
Wikipedia,L1,834,hin_Deva,0.9977283477783203
Wikipedia,L5,834,hin_Deva,0.9987273216247559
Wikipedia,L20,834,hin_Deva,0.9977292418479919
Wikipedia,L1,835,hin_Deva,0.9870564937591553
Wikipedia,L5,835,hin_Deva,0.9850823283195496
Wikipedia,L20,835,hin_Deva,0.9971790909767151
Wikipedia,L1,838,hin_Deva,0.8755428791046143
Wikipedia,L5,838,hin_Deva,0.9951348900794983
Wikipedia,L20,838,hin_Deva,0.9981235265731812
Wikipedia,L1,840,hin_Deva,0.9932926893234253
Wikipedia,L5,840,hin_Deva,0.9969675540924072
Wikipedia,L20,840,hin_Deva,0.997475266456604
Wikipedia,L1,841,hin_Deva,0.988862156867981
Wikipedia,L5,841,hin_Deva,0.9925100207328796
Wikipedia,L20,841,hin_Deva,0.9958066940307617
Wikipedia,L1,842,hin_Deva,0.9495896100997925
Wikipedia,L5,842,hin_Deva,0.9986119866371155
Wikipedia,L20,842,hin_Deva,0.9974232316017151
Wikipedia,L1,843,hin_Deva,0.9759916663169861
Wikipedia,L5,843,hin_Deva,0.9920657277107239
Wikipedia,L20,843,hin_Deva,0.9968253970146179
Wikipedia,L1,844,hin_Deva,0.8197236061096191
Wikipedia,L5,844,hin_Deva,0.9502017498016357
Wikipedia,L20,844,hin_Deva,0.9800916314125061
Wikipedia,L1,845,hin_Deva,0.976414144039154
Wikipedia,L5,845,hin_Deva,0.9881695508956909
Wikipedia,L20,845,hin_Deva,0.9946709275245667
Wikipedia,L1,847,hin_Deva,0.9882241487503052
Wikipedia,L5,847,hin_Deva,0.9981967806816101
Wikipedia,L20,847,hin_Deva,0.9987854361534119
Wikipedia,L1,849,hin_Deva,0.9963222146034241
Wikipedia,L5,849,hin_Deva,0.998941957950592
Wikipedia,L20,849,hin_Deva,0.9959149956703186
Wikipedia,L1,850,hin_Deva,0.9265588521957397
Wikipedia,L5,850,hin_Deva,0.9905487298965454
Wikipedia,L20,850,hin_Deva,0.9735484719276428
Wikipedia,L1,851,hin_Deva,0.9822330474853516
Wikipedia,L5,851,hin_Deva,0.9995597004890442
Wikipedia,L20,851,hin_Deva,0.9989917874336243
Wikipedia,L1,852,hin_Deva,0.9882434606552124
Wikipedia,L5,852,hin_Deva,0.9980276823043823
Wikipedia,L20,852,hin_Deva,0.9958503842353821
Wikipedia,L1,853,hin_Deva,0.9968514442443848
Wikipedia,L5,853,hin_Deva,0.9926374554634094
Wikipedia,L20,853,hin_Deva,0.9957990050315857
Wikipedia,L1,854,hin_Deva,0.9996510744094849
Wikipedia,L5,854,hin_Deva,0.9987362027168274
Wikipedia,L20,854,hin_Deva,0.9993560910224915
Wikipedia,L1,855,hin_Deva,0.9968847036361694
Wikipedia,L5,855,hin_Deva,0.9996519088745117
Wikipedia,L20,855,hin_Deva,0.9989891052246094
Wikipedia,L1,856,hin_Deva,0.8313942551612854
Wikipedia,L5,856,hin_Deva,0.9168458580970764
Wikipedia,L20,856,hin_Deva,0.9933300018310547
Wikipedia,L1,857,hin_Deva,0.981784462928772
Wikipedia,L5,857,hin_Deva,0.9966992735862732
Wikipedia,L20,857,hin_Deva,0.9985923767089844
Wikipedia,L1,858,hin_Deva,0.9963754415512085
Wikipedia,L5,858,hin_Deva,0.9952467679977417
Wikipedia,L20,858,hin_Deva,0.9919937252998352
Wikipedia,L1,859,hin_Deva,0.996338427066803
Wikipedia,L5,859,hin_Deva,0.997270941734314
Wikipedia,L20,859,hin_Deva,0.9990386962890625
Wikipedia,L1,861,hin_Deva,0.9683509469032288
Wikipedia,L5,861,hin_Deva,0.9978174567222595
Wikipedia,L20,861,hin_Deva,0.9980040788650513
Wikipedia,L1,862,hin_Deva,0.9968178272247314
Wikipedia,L5,862,hin_Deva,0.9980422854423523
Wikipedia,L20,862,hin_Deva,0.9987651109695435
Wikipedia,L1,864,hin_Deva,0.9790715575218201
Wikipedia,L5,864,hin_Deva,0.999243974685669
Wikipedia,L20,864,hin_Deva,0.9978078603744507
Wikipedia,L1,865,hin_Deva,0.9778794646263123
Wikipedia,L5,865,hin_Deva,0.9701476097106934
Wikipedia,L20,865,hin_Deva,0.9873479604721069
Wikipedia,L1,867,hin_Deva,0.9959331750869751
Wikipedia,L5,867,hin_Deva,0.9931415915489197
Wikipedia,L20,867,hin_Deva,0.907437264919281
Wikipedia,L1,869,hin_Deva,0.958771824836731
Wikipedia,L5,869,hin_Deva,0.996314287185669
Wikipedia,L20,869,hin_Deva,0.9944309592247009
Wikipedia,L1,871,hin_Deva,0.9996262788772583
Wikipedia,L5,871,hin_Deva,0.9967049360275269
Wikipedia,L20,871,hin_Deva,0.9977325797080994
Wikipedia,L1,872,hin_Deva,0.9907807111740112
Wikipedia,L5,872,hin_Deva,0.9955476522445679
Wikipedia,L20,872,hin_Deva,0.9946393370628357
Wikipedia,L1,873,hin_Deva,0.9962222576141357
Wikipedia,L5,873,hin_Deva,0.9972848296165466
Wikipedia,L20,873,hin_Deva,0.9988157749176025
Wikipedia,L1,875,hin_Deva,0.9259490966796875
Wikipedia,L5,875,hin_Deva,0.988806962966919
Wikipedia,L20,875,hin_Deva,0.9960366487503052
Wikipedia,L1,879,hin_Deva,0.615523099899292
Wikipedia,L5,879,hin_Deva,0.9898870587348938
Wikipedia,L20,879,hin_Deva,0.9961409568786621
Wikipedia,L1,880,hin_Deva,0.9093480706214905
Wikipedia,L5,880,hin_Deva,0.9580026865005493
Wikipedia,L20,880,hin_Deva,0.983574628829956
Wikipedia,L1,884,hin_Deva,0.9927545785903931
Wikipedia,L5,884,hin_Deva,0.9995579123497009
Wikipedia,L20,884,hin_Deva,0.998859167098999
Wikipedia,L1,886,hin_Deva,0.9742818474769592
Wikipedia,L5,886,hin_Deva,0.9955922961235046
Wikipedia,L20,886,hin_Deva,0.9945858716964722
Wikipedia,L1,887,hin_Deva,0.9832811951637268
Wikipedia,L5,887,hin_Deva,0.9908869862556458
Wikipedia,L20,887,hin_Deva,0.9813308119773865
Wikipedia,L1,889,hin_Deva,0.9944958090782166
Wikipedia,L5,889,hin_Deva,0.9944076538085938
Wikipedia,L20,889,hin_Deva,0.9979404211044312
Wikipedia,L1,891,hin_Deva,0.976952075958252
Wikipedia,L5,891,hin_Deva,0.9929795861244202
Wikipedia,L20,891,hin_Deva,0.9958209991455078
Wikipedia,L1,892,hin_Deva,0.9450697302818298
Wikipedia,L5,892,hin_Deva,0.9899038672447205
Wikipedia,L20,892,hin_Deva,0.9918638467788696
Wikipedia,L1,894,hin_Deva,0.9445918202400208
Wikipedia,L5,894,hin_Deva,0.9976698160171509
Wikipedia,L20,894,hin_Deva,0.9970226287841797
Wikipedia,L1,895,hin_Deva,0.9855989813804626
Wikipedia,L5,895,hin_Deva,0.9914579391479492
Wikipedia,L20,895,hin_Deva,0.996891975402832
Wikipedia,L1,896,hin_Deva,0.9866526126861572
Wikipedia,L5,896,hin_Deva,0.994238018989563
Wikipedia,L20,896,hin_Deva,0.9934058785438538
Wikipedia,L1,899,hin_Deva,0.9990874528884888
Wikipedia,L5,899,hin_Deva,0.9964517951011658
Wikipedia,L20,899,hin_Deva,0.9963619709014893
Wikipedia,L1,900,awa_Deva,0.5255195498466492
Wikipedia,L5,900,hin_Deva,0.9986527562141418
Wikipedia,L20,900,hin_Deva,0.9988265037536621
Wikipedia,L1,901,hin_Deva,0.9442920684814453
Wikipedia,L5,901,hin_Deva,0.991904079914093
Wikipedia,L20,901,hin_Deva,0.9962810277938843
Wikipedia,L1,904,hin_Deva,0.9986228942871094
Wikipedia,L5,904,hin_Deva,0.998471736907959
Wikipedia,L20,904,hin_Deva,0.9981086850166321
Wikipedia,L1,909,hin_Deva,0.983842134475708
Wikipedia,L5,909,hin_Deva,0.9970831871032715
Wikipedia,L20,909,hin_Deva,0.9975100159645081
Wikipedia,L1,911,hin_Deva,0.9802939295768738
Wikipedia,L5,911,hin_Deva,0.9976205825805664
Wikipedia,L20,911,hin_Deva,0.9960137009620667
Wikipedia,L1,912,hin_Deva,0.949172854423523
Wikipedia,L5,912,hin_Deva,0.9927482008934021
Wikipedia,L20,912,hin_Deva,0.9985339045524597
Wikipedia,L1,916,hin_Deva,0.9963214993476868
Wikipedia,L5,916,hin_Deva,0.9817465543746948
Wikipedia,L20,916,hin_Deva,0.9915343523025513
Wikipedia,L1,917,hin_Deva,0.9992145895957947
Wikipedia,L5,917,hin_Deva,0.9925251603126526
Wikipedia,L20,917,hin_Deva,0.9967728853225708
Wikipedia,L1,918,hin_Deva,0.9943125247955322
Wikipedia,L5,918,hin_Deva,0.998619556427002
Wikipedia,L20,918,hin_Deva,0.9965085983276367
Wikipedia,L1,921,hin_Deva,0.9307137727737427
Wikipedia,L5,921,hin_Deva,0.9973495602607727
Wikipedia,L20,921,hin_Deva,0.9901770353317261
Wikipedia,L1,923,hin_Deva,0.9904681444168091
Wikipedia,L5,923,hin_Deva,0.996622622013092
Wikipedia,L20,923,hin_Deva,0.9981438517570496
Wikipedia,L1,924,hin_Deva,0.8863792419433594
Wikipedia,L5,924,hin_Deva,0.9977452754974365
Wikipedia,L20,924,hin_Deva,0.9969487190246582
Wikipedia,L1,927,hin_Deva,0.9981058239936829
Wikipedia,L5,927,hin_Deva,0.9957965016365051
Wikipedia,L20,927,hin_Deva,0.990601122379303
Wikipedia,L1,928,hin_Deva,0.9944674968719482
Wikipedia,L5,928,hin_Deva,0.9912878274917603
Wikipedia,L20,928,hin_Deva,0.9945607781410217
Wikipedia,L1,929,hin_Deva,0.9988168478012085
Wikipedia,L5,929,hin_Deva,0.9986873269081116
Wikipedia,L20,929,hin_Deva,0.9990155100822449
Wikipedia,L1,930,hin_Deva,0.9903181195259094
Wikipedia,L5,930,hin_Deva,0.9978389143943787
Wikipedia,L20,930,hin_Deva,0.9938644170761108
Wikipedia,L1,931,hin_Deva,0.9668733477592468
Wikipedia,L5,931,hin_Deva,0.9993587136268616
Wikipedia,L20,931,hin_Deva,0.9988607168197632
Wikipedia,L1,932,hin_Deva,0.9994783997535706
Wikipedia,L5,932,hin_Deva,0.992972195148468
Wikipedia,L20,932,hin_Deva,0.9985454082489014
Wikipedia,L1,933,hin_Deva,0.9972391724586487
Wikipedia,L5,933,hin_Deva,0.9921457767486572
Wikipedia,L20,933,hin_Deva,0.9981765747070312
Wikipedia,L1,934,hin_Deva,0.994519829750061
Wikipedia,L5,934,hin_Deva,0.9900346994400024
Wikipedia,L20,934,hin_Deva,0.9928328990936279
Wikipedia,L1,935,hin_Deva,0.9992376565933228
Wikipedia,L5,935,hin_Deva,0.9969078302383423
Wikipedia,L20,935,hin_Deva,0.9975152611732483
Wikipedia,L1,936,hin_Deva,0.9981637597084045
Wikipedia,L5,936,hin_Deva,0.9881789088249207
Wikipedia,L20,936,hin_Deva,0.9830778241157532
Wikipedia,L1,937,new_Deva,0.8299363255500793
Wikipedia,L5,937,hin_Deva,0.9542303085327148
Wikipedia,L20,937,hin_Deva,0.9925721287727356
Wikipedia,L1,938,hin_Deva,0.9996228814125061
Wikipedia,L5,938,hin_Deva,0.9729067087173462
Wikipedia,L20,938,hin_Deva,0.977997362613678
Wikipedia,L1,939,hin_Deva,0.9940721392631531
Wikipedia,L5,939,hin_Deva,0.9973191022872925
Wikipedia,L20,939,hin_Deva,0.9980320930480957
Wikipedia,L1,941,hin_Deva,0.8223248720169067
Wikipedia,L5,941,hin_Deva,0.993608832359314
Wikipedia,L20,941,hin_Deva,0.9954474568367004
Wikipedia,L1,942,hin_Deva,0.9599005579948425
Wikipedia,L5,942,hin_Deva,0.9942343831062317
Wikipedia,L20,942,hin_Deva,0.9972670674324036
Wikipedia,L1,943,hin_Deva,0.9881826043128967
Wikipedia,L5,943,hin_Deva,0.9973935484886169
Wikipedia,L20,943,hin_Deva,0.998238742351532
Wikipedia,L1,944,hin_Deva,0.9002174139022827
Wikipedia,L5,944,hin_Deva,0.9971590638160706
Wikipedia,L20,944,hin_Deva,0.998656690120697
Wikipedia,L1,945,hin_Deva,0.9979882836341858
Wikipedia,L5,945,hin_Deva,0.9892162084579468
Wikipedia,L20,945,hin_Deva,0.9970558285713196
Wikipedia,L1,948,hin_Deva,0.9974303245544434
Wikipedia,L5,948,hin_Deva,0.9989034533500671
Wikipedia,L20,948,hin_Deva,0.9989801645278931
Wikipedia,L1,950,hin_Deva,0.99342280626297
Wikipedia,L5,950,hin_Deva,0.9994670748710632
Wikipedia,L20,950,hin_Deva,0.9993143081665039
Wikipedia,L1,951,hin_Deva,0.9958347082138062
Wikipedia,L5,951,hin_Deva,0.9922838807106018
Wikipedia,L20,951,hin_Deva,0.9946903586387634
Wikipedia,L1,953,hin_Deva,0.9936681389808655
Wikipedia,L5,953,hin_Deva,0.9981719851493835
Wikipedia,L20,953,hin_Deva,0.9965572953224182
Wikipedia,L1,954,hin_Deva,0.9950469136238098
Wikipedia,L5,954,hin_Deva,0.9988297820091248
Wikipedia,L20,954,hin_Deva,0.9992321729660034
Wikipedia,L1,955,hin_Deva,0.6703150868415833
Wikipedia,L5,955,hin_Deva,0.9952539801597595
Wikipedia,L20,955,hin_Deva,0.9948670864105225
Wikipedia,L1,957,hin_Deva,0.923520028591156
Wikipedia,L5,957,hin_Deva,0.9805996417999268
Wikipedia,L20,957,hin_Deva,0.986944317817688
Wikipedia,L1,959,hin_Deva,0.7235209941864014
Wikipedia,L5,959,hin_Deva,0.9345667362213135
Wikipedia,L20,959,hin_Deva,0.9945048689842224
Wikipedia,L1,960,hin_Deva,0.959517776966095
Wikipedia,L5,960,hin_Deva,0.9744824767112732
Wikipedia,L20,960,hin_Deva,0.9889129996299744
Wikipedia,L1,961,hin_Deva,0.9858939051628113
Wikipedia,L5,961,hin_Deva,0.9965819120407104
Wikipedia,L20,961,hin_Deva,0.9986370801925659
Wikipedia,L1,963,hin_Deva,0.9739429354667664
Wikipedia,L5,963,hin_Deva,0.9994745850563049
Wikipedia,L20,963,hin_Deva,0.9988468289375305
Wikipedia,L1,965,hin_Deva,0.8979365825653076
Wikipedia,L5,965,hin_Deva,0.9975732564926147
Wikipedia,L20,965,hin_Deva,0.9920726418495178
Wikipedia,L1,967,hin_Deva,0.958069920539856
Wikipedia,L5,967,hin_Deva,0.9595901370048523
Wikipedia,L20,967,hin_Deva,0.9921634793281555
Wikipedia,L1,968,hin_Deva,0.9985721707344055
Wikipedia,L5,968,hin_Deva,0.9992228746414185
Wikipedia,L20,968,hin_Deva,0.9984221458435059
Wikipedia,L1,969,hin_Deva,0.9991200566291809
Wikipedia,L5,969,hin_Deva,0.9977772235870361
Wikipedia,L20,969,hin_Deva,0.9979566931724548
Wikipedia,L1,972,hin_Deva,0.9768503904342651
Wikipedia,L5,972,hin_Deva,0.9980491995811462
Wikipedia,L20,972,hin_Deva,0.996487557888031
Wikipedia,L1,973,hin_Deva,0.9424258470535278
Wikipedia,L5,973,hin_Deva,0.9976893067359924
Wikipedia,L20,973,hin_Deva,0.9980841875076294
Wikipedia,L1,974,hin_Deva,0.98435378074646
Wikipedia,L5,974,hin_Deva,0.9952723979949951
Wikipedia,L20,974,hin_Deva,0.9970616102218628
Wikipedia,L1,976,hin_Deva,0.9975186586380005
Wikipedia,L5,976,hin_Deva,0.9943423271179199
Wikipedia,L20,976,hin_Deva,0.997002363204956
Wikipedia,L1,980,hin_Deva,0.9867322444915771
Wikipedia,L5,980,hin_Deva,0.9970839023590088
Wikipedia,L20,980,hin_Deva,0.9983229637145996
Wikipedia,L1,981,hin_Deva,0.9841471910476685
Wikipedia,L5,981,hin_Deva,0.9812498688697815
Wikipedia,L20,981,hin_Deva,0.9726510643959045
Wikipedia,L1,983,hin_Deva,0.6674333810806274
Wikipedia,L5,983,hin_Deva,0.9965713620185852
Wikipedia,L20,983,hin_Deva,0.9992132782936096
Wikipedia,L1,984,hin_Deva,0.9802057147026062
Wikipedia,L5,984,hin_Deva,0.9910250306129456
Wikipedia,L20,984,hin_Deva,0.9934951663017273
Wikipedia,L1,985,hin_Deva,0.9338173270225525
Wikipedia,L5,985,hin_Deva,0.9188496470451355
Wikipedia,L20,985,hin_Deva,0.9737279415130615
Wikipedia,L1,987,hin_Deva,0.7733801603317261
Wikipedia,L5,987,hin_Deva,0.9895885586738586
Wikipedia,L20,987,hin_Deva,0.9739052057266235
Wikipedia,L1,988,hin_Deva,0.99681556224823
Wikipedia,L5,988,hin_Deva,0.9961915016174316
Wikipedia,L20,988,hin_Deva,0.9958252310752869
Wikipedia,L1,989,hin_Deva,0.9984633922576904
Wikipedia,L5,989,hin_Deva,0.9994861483573914
Wikipedia,L20,989,hin_Deva,0.9936142563819885
Wikipedia,L1,991,hin_Deva,0.9873895645141602
Wikipedia,L5,991,hin_Deva,0.9945501685142517
Wikipedia,L20,991,hin_Deva,0.9972025752067566
Wikipedia,L1,992,hin_Deva,0.6886219382286072
Wikipedia,L5,992,hin_Deva,0.997988760471344
Wikipedia,L20,992,hin_Deva,0.9973889589309692
Wikipedia,L1,993,hin_Deva,0.866609513759613
Wikipedia,L5,993,hin_Deva,0.9928397536277771
Wikipedia,L20,993,hin_Deva,0.9926722049713135
Wikipedia,L1,994,hin_Deva,0.9974536895751953
Wikipedia,L5,994,hin_Deva,0.9984944462776184
Wikipedia,L20,994,hin_Deva,0.9981833696365356
Wikipedia,L1,996,hin_Deva,0.9970414638519287
Wikipedia,L5,996,hin_Deva,0.9991692304611206
Wikipedia,L20,996,hin_Deva,0.9980624914169312
Wikipedia,L1,997,hin_Deva,0.9098531603813171
Wikipedia,L5,997,hin_Deva,0.9951739311218262
Wikipedia,L20,997,hin_Deva,0.9975941181182861
Wikipedia,L1,999,hin_Deva,0.9705860614776611
Wikipedia,L5,999,hin_Deva,0.9796836972236633
Wikipedia,L20,999,hin_Deva,0.987382173538208
Wikipedia,L1,1000,hin_Deva,0.9433574080467224
Wikipedia,L5,1000,hin_Deva,0.9889066219329834
Wikipedia,L20,1000,hin_Deva,0.9988687038421631
Wikipedia,L1,1003,hin_Deva,0.9997105598449707
Wikipedia,L5,1003,hin_Deva,0.9876822233200073
Wikipedia,L20,1003,hin_Deva,0.9960503578186035
Wikipedia,L1,1004,hin_Deva,0.9931466579437256
Wikipedia,L5,1004,hin_Deva,0.9993909597396851
Wikipedia,L20,1004,hin_Deva,0.998419463634491
Wikipedia,L1,1006,hin_Deva,0.9659340381622314
Wikipedia,L5,1006,hin_Deva,0.9984161257743835
Wikipedia,L20,1006,hin_Deva,0.9988785982131958
Wikipedia,L1,1007,hin_Deva,0.9984335899353027
Wikipedia,L5,1007,hin_Deva,0.9986406564712524
Wikipedia,L20,1007,hin_Deva,0.9989987015724182
Wikipedia,L1,1009,hin_Deva,0.8843246102333069
Wikipedia,L5,1009,hin_Deva,0.993144154548645
Wikipedia,L20,1009,hin_Deva,0.9848318696022034
Wikipedia,L1,1010,hin_Deva,0.9990015625953674
Wikipedia,L5,1010,hin_Deva,0.9977257251739502
Wikipedia,L20,1010,hin_Deva,0.9988589286804199
Wikipedia,L1,1012,hin_Deva,0.937319815158844
Wikipedia,L5,1012,hin_Deva,0.9859751462936401
Wikipedia,L20,1012,hin_Deva,0.9929280877113342
Wikipedia,L1,1013,hin_Deva,0.9964044690132141
Wikipedia,L5,1013,hin_Deva,0.9966126680374146
Wikipedia,L20,1013,hin_Deva,0.9986944794654846
Wikipedia,L1,1014,hin_Deva,0.970757007598877
Wikipedia,L5,1014,hin_Deva,0.995784342288971
Wikipedia,L20,1014,hin_Deva,0.9958563446998596
Wikipedia,L1,1015,hin_Deva,0.9301137924194336
Wikipedia,L5,1015,hin_Deva,0.9972330331802368
Wikipedia,L20,1015,hin_Deva,0.9975486993789673
Wikipedia,L1,1016,awa_Deva,0.4833069443702698
Wikipedia,L5,1016,hin_Deva,0.9423680305480957
Wikipedia,L20,1016,hin_Deva,0.9948993921279907
Wikipedia,L1,1018,hin_Deva,0.9919435381889343
Wikipedia,L5,1018,hin_Deva,0.9860691428184509
Wikipedia,L20,1018,hin_Deva,0.9932094216346741
Wikipedia,L1,1019,hin_Deva,0.9949397444725037
Wikipedia,L5,1019,hin_Deva,0.9965354800224304
Wikipedia,L20,1019,hin_Deva,0.9974402785301208
Wikipedia,L1,1020,hin_Deva,0.995670735836029
Wikipedia,L5,1020,hin_Deva,0.9942277669906616
Wikipedia,L20,1020,hin_Deva,0.9974472522735596
Wikipedia,L1,1021,hin_Deva,0.9942774176597595
Wikipedia,L5,1021,hin_Deva,0.9975399374961853
Wikipedia,L20,1021,hin_Deva,0.995519757270813
Wikipedia,L1,1023,hin_Deva,0.9850906729698181
Wikipedia,L5,1023,hin_Deva,0.9951738119125366
Wikipedia,L20,1023,hin_Deva,0.9911187887191772
Wikipedia,L1,1024,hin_Deva,0.999829113483429
Wikipedia,L5,1024,hin_Deva,0.9969086647033691
Wikipedia,L20,1024,hin_Deva,0.9988265037536621
Wikipedia,L1,1027,hin_Deva,0.7062010169029236
Wikipedia,L5,1027,hin_Deva,0.9962975978851318
Wikipedia,L20,1027,hin_Deva,0.990081787109375
Wikipedia,L1,1028,hin_Deva,0.9682906270027161
Wikipedia,L5,1028,hin_Deva,0.9498879909515381
Wikipedia,L20,1028,hin_Deva,0.9946619272232056
Wikipedia,L1,1031,hin_Deva,0.8409369587898254
Wikipedia,L5,1031,hin_Deva,0.997049868106842
Wikipedia,L20,1031,hin_Deva,0.9930001497268677
Wikipedia,L1,1032,hin_Deva,0.9516964554786682
Wikipedia,L5,1032,hin_Deva,0.997821033000946
Wikipedia,L20,1032,hin_Deva,0.998379647731781
Wikipedia,L1,1037,hin_Deva,0.984050989151001
Wikipedia,L5,1037,hin_Deva,0.9860984683036804
Wikipedia,L20,1037,hin_Deva,0.9925447702407837
Wikipedia,L1,1044,hin_Deva,0.9990668892860413
Wikipedia,L5,1044,hin_Deva,0.9949151277542114
Wikipedia,L20,1044,hin_Deva,0.9973469376564026
Wikipedia,L1,1045,hin_Deva,0.9970031976699829
Wikipedia,L5,1045,hin_Deva,0.9963573813438416
Wikipedia,L20,1045,hin_Deva,0.996772050857544
Wikipedia,L1,1048,hin_Deva,0.9944550395011902
Wikipedia,L5,1048,hin_Deva,0.9715401530265808
Wikipedia,L20,1048,hin_Deva,0.9952256679534912
Wikipedia,L1,1049,hin_Deva,0.9967275261878967
Wikipedia,L5,1049,hin_Deva,0.9952676892280579
Wikipedia,L20,1049,hin_Deva,0.9923422336578369
Wikipedia,L1,1052,hin_Deva,0.9978597164154053
Wikipedia,L5,1052,hin_Deva,0.9933587908744812
Wikipedia,L20,1052,hin_Deva,0.9972601532936096
Wikipedia,L1,1054,hin_Deva,0.9943332672119141
Wikipedia,L5,1054,hin_Deva,0.9971186518669128
Wikipedia,L20,1054,hin_Deva,0.9986578822135925
Wikipedia,L1,1058,hin_Deva,0.9847651124000549
Wikipedia,L5,1058,hin_Deva,0.9979304671287537
Wikipedia,L20,1058,hin_Deva,0.9981116652488708
Wikipedia,L1,1059,hin_Deva,0.9949740171432495
Wikipedia,L5,1059,hin_Deva,0.9975319504737854
Wikipedia,L20,1059,hin_Deva,0.995536744594574
Wikipedia,L1,1063,hin_Deva,0.9915448427200317
Wikipedia,L5,1063,hin_Deva,0.9949345588684082
Wikipedia,L20,1063,hin_Deva,0.996830940246582
Wikipedia,L1,1064,hin_Deva,0.9933760762214661
Wikipedia,L5,1064,hin_Deva,0.9941211342811584
Wikipedia,L20,1064,hin_Deva,0.9961748123168945
Wikipedia,L1,1069,hin_Deva,0.9248935580253601
Wikipedia,L5,1069,hin_Deva,0.991416335105896
Wikipedia,L20,1069,hin_Deva,0.9940167665481567
Wikipedia,L1,1070,hin_Deva,0.9943477511405945
Wikipedia,L5,1070,hin_Deva,0.99615478515625
Wikipedia,L20,1070,hin_Deva,0.9989231824874878
Wikipedia,L1,1072,hin_Deva,0.9902315139770508
Wikipedia,L5,1072,hin_Deva,0.9971736073493958
Wikipedia,L20,1072,hin_Deva,0.9974267482757568
Wikipedia,L1,1074,hin_Deva,0.9998798370361328
Wikipedia,L5,1074,hin_Deva,0.9963231682777405
Wikipedia,L20,1074,hin_Deva,0.9963504076004028
Wikipedia,L1,1075,hin_Deva,0.9808028340339661
Wikipedia,L5,1075,hin_Deva,0.9977493286132812
Wikipedia,L20,1075,hin_Deva,0.9981339573860168
Wikipedia,L1,1076,hin_Deva,0.997031033039093
Wikipedia,L5,1076,hin_Deva,0.9995538592338562
Wikipedia,L20,1076,hin_Deva,0.9988527297973633
Wikipedia,L1,1077,hin_Deva,0.909852147102356
Wikipedia,L5,1077,hin_Deva,0.9928471446037292
Wikipedia,L20,1077,hin_Deva,0.9961755275726318
Wikipedia,L1,1078,hin_Deva,0.9751712679862976
Wikipedia,L5,1078,hin_Deva,0.9891218543052673
Wikipedia,L20,1078,hin_Deva,0.9905985593795776
Wikipedia,L1,1079,hin_Deva,0.9997074604034424
Wikipedia,L5,1079,hin_Deva,0.9997987151145935
Wikipedia,L20,1079,hin_Deva,0.9996782541275024
Wikipedia,L1,1080,hin_Deva,0.999595582485199
Wikipedia,L5,1080,hin_Deva,0.9983449578285217
Wikipedia,L20,1080,hin_Deva,0.9979184865951538
Wikipedia,L1,1081,hin_Deva,0.9827063083648682
Wikipedia,L5,1081,hin_Deva,0.9965673685073853
Wikipedia,L20,1081,hin_Deva,0.9975654482841492
Wikipedia,L1,1086,hin_Deva,0.9940097332000732
Wikipedia,L5,1086,hin_Deva,0.9979040026664734
Wikipedia,L20,1086,hin_Deva,0.9981663823127747
Wikipedia,L1,1087,hin_Deva,0.9985862970352173
Wikipedia,L5,1087,hin_Deva,0.9984022974967957
Wikipedia,L20,1087,hin_Deva,0.9992390871047974
Wikipedia,L1,1089,hin_Deva,0.9920475482940674
Wikipedia,L5,1089,hin_Deva,0.9950711131095886
Wikipedia,L20,1089,hin_Deva,0.9968215823173523
Wikipedia,L1,1092,hin_Deva,0.8888672590255737
Wikipedia,L5,1092,hin_Deva,0.9878029227256775
Wikipedia,L20,1092,hin_Deva,0.9986491799354553
Wikipedia,L1,1094,hin_Deva,0.9150119423866272
Wikipedia,L5,1094,hin_Deva,0.987509548664093
Wikipedia,L20,1094,hin_Deva,0.990052342414856
Wikipedia,L1,1095,hin_Deva,0.7898120284080505
Wikipedia,L5,1095,hin_Deva,0.9618508219718933
Wikipedia,L20,1095,hin_Deva,0.9735249876976013
Wikipedia,L1,1096,hin_Deva,0.9977205991744995
Wikipedia,L5,1096,hin_Deva,0.9966036677360535
Wikipedia,L20,1096,hin_Deva,0.9966326951980591
Wikipedia,L1,1097,hin_Deva,0.9967223405838013
Wikipedia,L5,1097,hin_Deva,0.9921273589134216
Wikipedia,L20,1097,hin_Deva,0.9987366795539856
Wikipedia,L1,1098,awa_Deva,0.8405361771583557
Wikipedia,L5,1098,hin_Deva,0.9464643001556396
Wikipedia,L20,1098,hin_Deva,0.9826738238334656
Wikipedia,L1,1100,hin_Deva,0.949084460735321
Wikipedia,L5,1100,hin_Deva,0.9976705312728882
Wikipedia,L20,1100,hin_Deva,0.9963201880455017
Wikipedia,L1,1101,hin_Deva,0.9965682625770569
Wikipedia,L5,1101,hin_Deva,0.9917418956756592
Wikipedia,L20,1101,hin_Deva,0.9928038120269775
Wikipedia,L1,1103,hin_Deva,0.975247859954834
Wikipedia,L5,1103,hin_Deva,0.9846448302268982
Wikipedia,L20,1103,hin_Deva,0.9819363951683044
Wikipedia,L1,1104,hin_Deva,0.9695708155632019
Wikipedia,L5,1104,hin_Deva,0.9958807826042175
Wikipedia,L20,1104,hin_Deva,0.9972952604293823
Wikipedia,L1,1105,hin_Deva,0.9974113702774048
Wikipedia,L5,1105,hin_Deva,0.9979947805404663
Wikipedia,L20,1105,hin_Deva,0.9965062737464905
Wikipedia,L1,1107,hin_Deva,0.9892499446868896
Wikipedia,L5,1107,hin_Deva,0.9560071229934692
Wikipedia,L20,1107,hin_Deva,0.9893083572387695
Wikipedia,L1,1109,hin_Deva,0.9926328659057617
Wikipedia,L5,1109,hin_Deva,0.9749788045883179
Wikipedia,L20,1109,hin_Deva,0.9787507653236389
Wikipedia,L1,1110,hin_Deva,0.9816091656684875
Wikipedia,L5,1110,hin_Deva,0.9968820214271545
Wikipedia,L20,1110,hin_Deva,0.9983996152877808
Wikipedia,L1,1115,hin_Deva,0.8580624461174011
Wikipedia,L5,1115,hin_Deva,0.9714078307151794
Wikipedia,L20,1115,hin_Deva,0.9848568439483643
Wikipedia,L1,1117,hin_Deva,0.8887724876403809
Wikipedia,L5,1117,hin_Deva,0.9901536703109741
Wikipedia,L20,1117,hin_Deva,0.9840524196624756
Wikipedia,L1,1118,hin_Deva,0.9865961074829102
Wikipedia,L5,1118,hin_Deva,0.9426064491271973
Wikipedia,L20,1118,hin_Deva,0.9882325530052185
Wikipedia,L1,1119,hin_Deva,0.9922457337379456
Wikipedia,L5,1119,hin_Deva,0.9984089732170105
Wikipedia,L20,1119,hin_Deva,0.9972360730171204
Wikipedia,L1,1120,hin_Deva,0.9924029111862183
Wikipedia,L5,1120,hin_Deva,0.9972249269485474
Wikipedia,L20,1120,hin_Deva,0.9983608722686768
Wikipedia,L1,1124,hin_Deva,0.9664375185966492
Wikipedia,L5,1124,hin_Deva,0.9962636232376099
Wikipedia,L20,1124,hin_Deva,0.9961268901824951
Wikipedia,L1,1125,hin_Deva,0.9122340679168701
Wikipedia,L5,1125,hin_Deva,0.9981598854064941
Wikipedia,L20,1125,hin_Deva,0.9983015656471252
Wikipedia,L1,1126,hin_Deva,0.9851066470146179
Wikipedia,L5,1126,hin_Deva,0.9987590312957764
Wikipedia,L20,1126,hin_Deva,0.9978200793266296
Wikipedia,L1,1127,hin_Deva,0.49092596769332886
Wikipedia,L5,1127,hin_Deva,0.9970673322677612
Wikipedia,L20,1127,hin_Deva,0.9941907525062561
Wikipedia,L1,1128,hin_Deva,0.9875026941299438
Wikipedia,L5,1128,hin_Deva,0.9957289099693298
Wikipedia,L20,1128,hin_Deva,0.9987175464630127
Wikipedia,L1,1130,hin_Deva,0.9986501336097717
Wikipedia,L5,1130,hin_Deva,0.9974446892738342
Wikipedia,L20,1130,hin_Deva,0.998904287815094
Wikipedia,L1,1132,hin_Deva,0.9896425008773804
Wikipedia,L5,1132,hin_Deva,0.994789719581604
Wikipedia,L20,1132,hin_Deva,0.9968682527542114
Wikipedia,L1,1134,hin_Deva,0.985999584197998
Wikipedia,L5,1134,hin_Deva,0.9910393953323364
Wikipedia,L20,1134,hin_Deva,0.9957857728004456
Wikipedia,L1,1135,hin_Deva,0.9978489279747009
Wikipedia,L5,1135,hin_Deva,0.9964064955711365
Wikipedia,L20,1135,hin_Deva,0.99761962890625
Wikipedia,L1,1136,hin_Deva,0.9975928068161011
Wikipedia,L5,1136,hin_Deva,0.998173177242279
Wikipedia,L20,1136,hin_Deva,0.9988896250724792
Wikipedia,L1,1137,hin_Deva,0.9926277995109558
Wikipedia,L5,1137,hin_Deva,0.9923297762870789
Wikipedia,L20,1137,hin_Deva,0.9873130321502686
Wikipedia,L1,1139,hin_Deva,0.9907867908477783
Wikipedia,L5,1139,hin_Deva,0.9920423030853271
Wikipedia,L20,1139,hin_Deva,0.9965262413024902
Wikipedia,L1,1140,hin_Deva,0.9402990341186523
Wikipedia,L5,1140,hin_Deva,0.9941755533218384
Wikipedia,L20,1140,hin_Deva,0.9864928126335144
Wikipedia,L1,1141,hin_Deva,0.6504411101341248
Wikipedia,L5,1141,hin_Deva,0.9955646395683289
Wikipedia,L20,1141,hin_Deva,0.9939208030700684
Wikipedia,L1,1143,hin_Deva,0.9981880187988281
Wikipedia,L5,1143,hin_Deva,0.9983580112457275
Wikipedia,L20,1143,hin_Deva,0.9982507228851318
Wikipedia,L1,1146,hin_Deva,0.7623669505119324
Wikipedia,L5,1146,hin_Deva,0.9627901315689087
Wikipedia,L20,1146,hin_Deva,0.993024468421936
Wikipedia,L1,1148,awa_Deva,0.7118970155715942
Wikipedia,L5,1148,hin_Deva,0.9919266104698181
Wikipedia,L20,1148,hin_Deva,0.9925292730331421
Wikipedia,L1,1151,hin_Deva,0.9913817644119263
Wikipedia,L5,1151,hin_Deva,0.9967144131660461
Wikipedia,L20,1151,hin_Deva,0.9948325157165527
Wikipedia,L1,1152,hin_Deva,0.9996603727340698
Wikipedia,L5,1152,hin_Deva,0.9995785355567932
Wikipedia,L20,1152,hin_Deva,0.9989426732063293
Wikipedia,L1,1155,hin_Deva,0.9801592230796814
Wikipedia,L5,1155,hin_Deva,0.9938890933990479
Wikipedia,L20,1155,hin_Deva,0.9924452900886536
Wikipedia,L1,1157,hin_Deva,0.935964047908783
Wikipedia,L5,1157,hin_Deva,0.9976319670677185
Wikipedia,L20,1157,hin_Deva,0.9980931282043457
Wikipedia,L1,1158,hin_Deva,0.9755827784538269
Wikipedia,L5,1158,hin_Deva,0.9881014823913574
Wikipedia,L20,1158,hin_Deva,0.9920192956924438
Wikipedia,L1,1161,hin_Deva,0.9979249835014343
Wikipedia,L5,1161,hin_Deva,0.997218906879425
Wikipedia,L20,1161,hin_Deva,0.9956926107406616
Wikipedia,L1,1164,hin_Deva,0.9880572557449341
Wikipedia,L5,1164,hin_Deva,0.992926836013794
Wikipedia,L20,1164,hin_Deva,0.996089518070221
Wikipedia,L1,1171,hin_Deva,0.998223066329956
Wikipedia,L5,1171,hin_Deva,0.9995806813240051
Wikipedia,L20,1171,hin_Deva,0.9991834759712219
Wikipedia,L1,1174,hin_Deva,0.9992532730102539
Wikipedia,L5,1174,hin_Deva,0.9991955161094666
Wikipedia,L20,1174,hin_Deva,0.9990703463554382
Wikipedia,L1,1176,hin_Deva,0.9889047145843506
Wikipedia,L5,1176,hin_Deva,0.9986807107925415
Wikipedia,L20,1176,hin_Deva,0.9987173080444336
Wikipedia,L1,1177,hin_Deva,0.9990130066871643
Wikipedia,L5,1177,hin_Deva,0.9967250823974609
Wikipedia,L20,1177,hin_Deva,0.995095431804657
Wikipedia,L1,1180,hin_Deva,0.9928873181343079
Wikipedia,L5,1180,hin_Deva,0.9984995126724243
Wikipedia,L20,1180,hin_Deva,0.9978418946266174
Wikipedia,L1,1183,hin_Deva,0.9925625324249268
Wikipedia,L5,1183,hin_Deva,0.9967248439788818
Wikipedia,L20,1183,hin_Deva,0.9876541495323181
Wikipedia,L1,1185,hin_Deva,0.6816467642784119
Wikipedia,L5,1185,hin_Deva,0.9982622265815735
Wikipedia,L20,1185,hin_Deva,0.9980103373527527
Wikipedia,L1,1186,hin_Deva,0.7429953813552856
Wikipedia,L5,1186,hin_Deva,0.9795109033584595
Wikipedia,L20,1186,hin_Deva,0.994654655456543
Wikipedia,L1,1188,hin_Deva,0.9988662004470825
Wikipedia,L5,1188,hin_Deva,0.9986635446548462
Wikipedia,L20,1188,hin_Deva,0.9992202520370483
Wikipedia,L1,1189,hin_Deva,0.9576349854469299
Wikipedia,L5,1189,hin_Deva,0.9818332195281982
Wikipedia,L20,1189,hin_Deva,0.9976045489311218
Wikipedia,L1,1190,hin_Deva,0.9979555010795593
Wikipedia,L5,1190,hin_Deva,0.9888269901275635
Wikipedia,L20,1190,hin_Deva,0.9957541823387146
Wikipedia,L1,1191,hin_Deva,0.973239004611969
Wikipedia,L5,1191,hin_Deva,0.9946631193161011
Wikipedia,L20,1191,hin_Deva,0.997523307800293
Wikipedia,L1,1192,hin_Deva,0.995139479637146
Wikipedia,L5,1192,hin_Deva,0.9994368553161621
Wikipedia,L20,1192,hin_Deva,0.9991937279701233
Wikipedia,L1,1196,hin_Deva,0.9980661869049072
Wikipedia,L5,1196,hin_Deva,0.9936810731887817
Wikipedia,L20,1196,hin_Deva,0.9930538535118103
Wikipedia,L1,1197,hin_Deva,0.9966840744018555
Wikipedia,L5,1197,hin_Deva,0.9982551336288452
Wikipedia,L20,1197,hin_Deva,0.9969606399536133
Wikipedia,L1,1199,hin_Deva,0.9935439825057983
Wikipedia,L5,1199,hin_Deva,0.9968119859695435
Wikipedia,L20,1199,hin_Deva,0.9977046847343445
Wikipedia,L1,1200,hin_Deva,0.9913577437400818
Wikipedia,L5,1200,hin_Deva,0.998856782913208
Wikipedia,L20,1200,hin_Deva,0.9982905387878418
Wikipedia,L1,1203,hin_Deva,0.8706236481666565
Wikipedia,L5,1203,hin_Deva,0.9969584345817566
Wikipedia,L20,1203,hin_Deva,0.9973976016044617
Wikipedia,L1,1205,hin_Deva,0.9786880016326904
Wikipedia,L5,1205,hin_Deva,0.9911047220230103
Wikipedia,L20,1205,hin_Deva,0.9911179542541504
Wikipedia,L1,1207,hin_Deva,0.890060544013977
Wikipedia,L5,1207,hin_Deva,0.9870499968528748
Wikipedia,L20,1207,hin_Deva,0.9868861436843872
Wikipedia,L1,1208,hin_Deva,0.8569536209106445
Wikipedia,L5,1208,hin_Deva,0.95262211561203
Wikipedia,L20,1208,hin_Deva,0.9770632982254028
Wikipedia,L1,1210,hin_Deva,0.9986368417739868
Wikipedia,L5,1210,hin_Deva,0.9939478635787964
Wikipedia,L20,1210,hin_Deva,0.9984076619148254
Wikipedia,L1,1211,hin_Deva,0.8966270089149475
Wikipedia,L5,1211,hin_Deva,0.9918912053108215
Wikipedia,L20,1211,hin_Deva,0.9957721829414368
Wikipedia,L1,1213,hin_Deva,0.9984400868415833
Wikipedia,L5,1213,hin_Deva,0.9863998293876648
Wikipedia,L20,1213,hin_Deva,0.9844775795936584
Wikipedia,L1,1215,hin_Deva,0.9959149956703186
Wikipedia,L5,1215,hin_Deva,0.998024582862854
Wikipedia,L20,1215,hin_Deva,0.9975959062576294
Wikipedia,L1,1216,awa_Deva,0.5882164835929871
Wikipedia,L5,1216,hin_Deva,0.9640363454818726
Wikipedia,L20,1216,hin_Deva,0.9872366786003113
Wikipedia,L1,1217,hin_Deva,0.995359480381012
Wikipedia,L5,1217,hin_Deva,0.9986823797225952
Wikipedia,L20,1217,hin_Deva,0.9992602467536926
Wikipedia,L1,1218,hin_Deva,0.9926765561103821
Wikipedia,L5,1218,hin_Deva,0.9988547563552856
Wikipedia,L20,1218,hin_Deva,0.9986253976821899
Wikipedia,L1,1220,hin_Deva,0.9927569031715393
Wikipedia,L5,1220,hin_Deva,0.9949069619178772
Wikipedia,L20,1220,hin_Deva,0.9963672757148743
Wikipedia,L1,1223,awa_Deva,0.8406729698181152
Wikipedia,L5,1223,hin_Deva,0.9919933676719666
Wikipedia,L20,1223,hin_Deva,0.9955469369888306
Wikipedia,L1,1225,hin_Deva,0.9926321506500244
Wikipedia,L5,1225,hin_Deva,0.9991870522499084
Wikipedia,L20,1225,hin_Deva,0.9988151788711548
Wikipedia,L1,1227,hin_Deva,0.9946286678314209
Wikipedia,L5,1227,hin_Deva,0.9955021142959595
Wikipedia,L20,1227,hin_Deva,0.9733068346977234
Wikipedia,L1,1228,awa_Deva,0.9514582753181458
Wikipedia,L5,1228,hin_Deva,0.9848067760467529
Wikipedia,L20,1228,hin_Deva,0.9838738441467285
Wikipedia,L1,1229,hin_Deva,0.6685831546783447
Wikipedia,L5,1229,hin_Deva,0.9896492958068848
Wikipedia,L20,1229,hin_Deva,0.9921994209289551
Wikipedia,L1,1230,hin_Deva,0.9975650906562805
Wikipedia,L5,1230,hin_Deva,0.9995999932289124
Wikipedia,L20,1230,hin_Deva,0.9976438283920288
Wikipedia,L1,1232,hin_Deva,0.9910568594932556
Wikipedia,L5,1232,hin_Deva,0.9919117093086243
Wikipedia,L20,1232,hin_Deva,0.9938395619392395
Wikipedia,L1,1235,hin_Deva,0.9836723208427429
Wikipedia,L5,1235,hin_Deva,0.9951682686805725
Wikipedia,L20,1235,hin_Deva,0.9861084222793579
Wikipedia,L1,1236,hin_Deva,0.7207544445991516
Wikipedia,L5,1236,hin_Deva,0.7700167298316956
Wikipedia,L20,1236,hin_Deva,0.9847434163093567
Wikipedia,L1,1238,hin_Deva,0.976269006729126
Wikipedia,L5,1238,hin_Deva,0.9940081834793091
Wikipedia,L20,1238,hin_Deva,0.995582103729248
Wikipedia,L1,1239,hin_Deva,0.9922261238098145
Wikipedia,L5,1239,hin_Deva,0.9796444773674011
Wikipedia,L20,1239,hin_Deva,0.9863593578338623
Wikipedia,L1,1241,hin_Deva,0.8823131322860718
Wikipedia,L5,1241,hin_Deva,0.9964245557785034
Wikipedia,L20,1241,hin_Deva,0.9985918998718262
Wikipedia,L1,1242,hin_Deva,0.9908283352851868
Wikipedia,L5,1242,hin_Deva,0.9969649314880371
Wikipedia,L20,1242,hin_Deva,0.9981484413146973
Wikipedia,L1,1244,hin_Deva,0.9941288232803345
Wikipedia,L5,1244,hin_Deva,0.9946154952049255
Wikipedia,L20,1244,hin_Deva,0.9969372153282166
Wikipedia,L1,1247,hin_Deva,0.9986898303031921
Wikipedia,L5,1247,hin_Deva,0.9984065890312195
Wikipedia,L20,1247,hin_Deva,0.9981679320335388
Wikipedia,L1,1248,hin_Deva,0.9929288029670715
Wikipedia,L5,1248,hin_Deva,0.9986045956611633
Wikipedia,L20,1248,hin_Deva,0.9963189959526062
Wikipedia,L1,1250,hin_Deva,0.9675467014312744
Wikipedia,L5,1250,hin_Deva,0.9804036617279053
Wikipedia,L20,1250,hin_Deva,0.9933458566665649
Wikipedia,L1,1253,hin_Deva,0.9659339785575867
Wikipedia,L5,1253,hin_Deva,0.978294312953949
Wikipedia,L20,1253,hin_Deva,0.9902632832527161
Wikipedia,L1,1258,new_Deva,0.6189293265342712
Wikipedia,L5,1258,hin_Deva,0.9842590689659119
Wikipedia,L20,1258,hin_Deva,0.9955602884292603
Wikipedia,L1,1260,hin_Deva,0.8995444178581238
Wikipedia,L5,1260,hin_Deva,0.9742994904518127
Wikipedia,L20,1260,hin_Deva,0.9964145421981812
Wikipedia,L1,1261,hin_Deva,0.998175323009491
Wikipedia,L5,1261,hin_Deva,0.9990850687026978
Wikipedia,L20,1261,hin_Deva,0.9986585974693298
Wikipedia,L1,1263,hin_Deva,0.9931760430335999
Wikipedia,L5,1263,hin_Deva,0.992786169052124
Wikipedia,L20,1263,hin_Deva,0.9902734756469727
Wikipedia,L1,1264,hin_Deva,0.9991409182548523
Wikipedia,L5,1264,hin_Deva,0.999248743057251
Wikipedia,L20,1264,hin_Deva,0.9989886283874512
Wikipedia,L1,1265,hin_Deva,0.9984335899353027
Wikipedia,L5,1265,hin_Deva,0.999636173248291
Wikipedia,L20,1265,hin_Deva,0.9994282722473145
Wikipedia,L1,1267,hin_Deva,0.9946002960205078
Wikipedia,L5,1267,hin_Deva,0.991973876953125
Wikipedia,L20,1267,hin_Deva,0.9933573007583618
Wikipedia,L1,1270,hin_Deva,0.9992982745170593
Wikipedia,L5,1270,hin_Deva,0.9983518123626709
Wikipedia,L20,1270,hin_Deva,0.9979867339134216
Wikipedia,L1,1271,hin_Deva,0.9833494424819946
Wikipedia,L5,1271,hin_Deva,0.9952393770217896
Wikipedia,L20,1271,hin_Deva,0.9974176287651062
Wikipedia,L1,1273,hin_Deva,0.9996159672737122
Wikipedia,L5,1273,hin_Deva,0.9989765882492065
Wikipedia,L20,1273,hin_Deva,0.9981315732002258
Wikipedia,L1,1274,hin_Deva,0.9987042546272278
Wikipedia,L5,1274,hin_Deva,0.9985736012458801
Wikipedia,L20,1274,hin_Deva,0.9980583190917969
Wikipedia,L1,1277,hin_Deva,0.9886470437049866
Wikipedia,L5,1277,hin_Deva,0.9978886842727661
Wikipedia,L20,1277,hin_Deva,0.9977812767028809
Wikipedia,L1,1279,hin_Deva,0.9882689714431763
Wikipedia,L5,1279,hin_Deva,0.9990678429603577
Wikipedia,L20,1279,hin_Deva,0.9984517693519592
Wikipedia,L1,1280,hin_Deva,0.9951582551002502
Wikipedia,L5,1280,hin_Deva,0.9993005990982056
Wikipedia,L20,1280,hin_Deva,0.998620867729187
Wikipedia,L1,1281,hin_Deva,0.9429064393043518
Wikipedia,L5,1281,hin_Deva,0.9036511182785034
Wikipedia,L20,1281,hin_Deva,0.9727213382720947
Wikipedia,L1,1283,hin_Deva,0.9846325516700745
Wikipedia,L5,1283,hin_Deva,0.9973101019859314
Wikipedia,L20,1283,hin_Deva,0.9940431714057922
Wikipedia,L1,1286,hin_Deva,0.9983235597610474
Wikipedia,L5,1286,hin_Deva,0.9845750331878662
Wikipedia,L20,1286,hin_Deva,0.9861941933631897
Wikipedia,L1,1288,hin_Deva,0.9940417408943176
Wikipedia,L5,1288,hin_Deva,0.998977780342102
Wikipedia,L20,1288,hin_Deva,0.9990360736846924
Wikipedia,L1,1290,hin_Deva,0.9636061191558838
Wikipedia,L5,1290,hin_Deva,0.9968637824058533
Wikipedia,L20,1290,hin_Deva,0.9986119866371155
Wikipedia,L1,1291,hin_Deva,0.987962543964386
Wikipedia,L5,1291,hin_Deva,0.9920520186424255
Wikipedia,L20,1291,hin_Deva,0.9974650740623474
Wikipedia,L1,1292,hin_Deva,0.9287741780281067
Wikipedia,L5,1292,hin_Deva,0.9887479543685913
Wikipedia,L20,1292,hin_Deva,0.9959083199501038
Wikipedia,L1,1293,hin_Deva,0.8717678189277649
Wikipedia,L5,1293,hin_Deva,0.9945045113563538
Wikipedia,L20,1293,hin_Deva,0.9946896433830261
Wikipedia,L1,1294,hin_Deva,0.9998581409454346
Wikipedia,L5,1294,hin_Deva,0.9972689151763916
Wikipedia,L20,1294,hin_Deva,0.9965418577194214
Wikipedia,L1,1295,hin_Deva,0.9981974959373474
Wikipedia,L5,1295,hin_Deva,0.9966050982475281
Wikipedia,L20,1295,hin_Deva,0.9946073293685913
Wikipedia,L1,1296,hin_Deva,0.8758728504180908
Wikipedia,L5,1296,hin_Deva,0.9931892156600952
Wikipedia,L20,1296,hin_Deva,0.9973259568214417
Wikipedia,L1,1297,hin_Deva,0.9890100359916687
Wikipedia,L5,1297,hin_Deva,0.9941410422325134
Wikipedia,L20,1297,hin_Deva,0.9966105818748474
Wikipedia,L1,1298,hin_Deva,0.930452823638916
Wikipedia,L5,1298,hin_Deva,0.8857299089431763
Wikipedia,L20,1298,hin_Deva,0.97799152135849
Wikipedia,L1,1299,hin_Deva,0.9976011514663696
Wikipedia,L5,1299,hin_Deva,0.996059000492096
Wikipedia,L20,1299,hin_Deva,0.9961822628974915
Wikipedia,L1,1300,hin_Deva,0.9794192910194397
Wikipedia,L5,1300,hin_Deva,0.9954586625099182
Wikipedia,L20,1300,hin_Deva,0.9983277320861816
Wikipedia,L1,1303,hin_Deva,0.5619573593139648
Wikipedia,L5,1303,hin_Deva,0.9951268434524536
Wikipedia,L20,1303,hin_Deva,0.9917417168617249
Wikipedia,L1,1305,hin_Deva,0.9936855435371399
Wikipedia,L5,1305,hin_Deva,0.9955101609230042
Wikipedia,L20,1305,hin_Deva,0.9946460127830505
Wikipedia,L1,1308,hin_Deva,0.9929171800613403
Wikipedia,L5,1308,hin_Deva,0.9974833130836487
Wikipedia,L20,1308,hin_Deva,0.9859919548034668
Wikipedia,L1,1309,hin_Deva,0.8063104748725891
Wikipedia,L5,1309,hin_Deva,0.9890908002853394
Wikipedia,L20,1309,hin_Deva,0.9927015900611877
Wikipedia,L1,1310,hin_Deva,0.7299675345420837
Wikipedia,L5,1310,hin_Deva,0.9743881225585938
Wikipedia,L20,1310,hin_Deva,0.9869956374168396
Wikipedia,L1,1311,hin_Deva,0.7706529498100281
Wikipedia,L5,1311,hin_Deva,0.9960563778877258
Wikipedia,L20,1311,hin_Deva,0.9927999973297119
Wikipedia,L1,1312,hin_Deva,0.9954289197921753
Wikipedia,L5,1312,hin_Deva,0.9932665824890137
Wikipedia,L20,1312,hin_Deva,0.9959134459495544
Wikipedia,L1,1314,hin_Deva,0.8560947179794312
Wikipedia,L5,1314,hin_Deva,0.9415143728256226
Wikipedia,L20,1314,hin_Deva,0.9733517169952393
Wikipedia,L1,1316,hin_Deva,0.9808176159858704
Wikipedia,L5,1316,hin_Deva,0.999552845954895
Wikipedia,L20,1316,hin_Deva,0.9979824423789978
Wikipedia,L1,1318,hin_Deva,0.9886791110038757
Wikipedia,L5,1318,hin_Deva,0.9937783479690552
Wikipedia,L20,1318,hin_Deva,0.9906412959098816
Wikipedia,L1,1319,hin_Deva,0.9994444251060486
Wikipedia,L5,1319,hin_Deva,0.9985781908035278
Wikipedia,L20,1319,hin_Deva,0.9970061779022217
Wikipedia,L1,1323,hin_Deva,0.9899330735206604
Wikipedia,L5,1323,hin_Deva,0.9952161908149719
Wikipedia,L20,1323,hin_Deva,0.9972524642944336
Wikipedia,L1,1324,hin_Deva,0.9974749088287354
Wikipedia,L5,1324,hin_Deva,0.9987753629684448
Wikipedia,L20,1324,hin_Deva,0.9985120296478271
Wikipedia,L1,1325,hin_Deva,0.714311420917511
Wikipedia,L5,1325,hin_Deva,0.9919729232788086
Wikipedia,L20,1325,hin_Deva,0.9965878129005432
Wikipedia,L1,1329,hin_Deva,0.9972714185714722
Wikipedia,L5,1329,hin_Deva,0.9954781532287598
Wikipedia,L20,1329,hin_Deva,0.997784435749054
Wikipedia,L1,1330,hin_Deva,0.9930284023284912
Wikipedia,L5,1330,hin_Deva,0.9960199594497681
Wikipedia,L20,1330,hin_Deva,0.9976816773414612
Wikipedia,L1,1331,hin_Deva,0.9987571239471436
Wikipedia,L5,1331,hin_Deva,0.9995551705360413
Wikipedia,L20,1331,hin_Deva,0.9989122152328491
Wikipedia,L1,1332,hin_Deva,0.9989344477653503
Wikipedia,L5,1332,hin_Deva,0.9937800765037537
Wikipedia,L20,1332,hin_Deva,0.9970465898513794
Wikipedia,L1,1334,hin_Deva,0.9987002015113831
Wikipedia,L5,1334,hin_Deva,0.9965442419052124
Wikipedia,L20,1334,hin_Deva,0.9983291029930115
Wikipedia,L1,1338,hin_Deva,0.9914196133613586
Wikipedia,L5,1338,hin_Deva,0.9943233728408813
Wikipedia,L20,1338,hin_Deva,0.9951093792915344
Wikipedia,L1,1339,hin_Deva,0.9727360010147095
Wikipedia,L5,1339,hin_Deva,0.9712499380111694
Wikipedia,L20,1339,hin_Deva,0.9894705414772034
Wikipedia,L1,1340,hin_Deva,0.9952332377433777
Wikipedia,L5,1340,hin_Deva,0.9883881211280823
Wikipedia,L20,1340,hin_Deva,0.9967454075813293
Wikipedia,L1,1346,hin_Deva,0.9991809129714966
Wikipedia,L5,1346,hin_Deva,0.9993363618850708
Wikipedia,L20,1346,hin_Deva,0.9980117678642273
Wikipedia,L1,1347,hin_Deva,0.998099148273468
Wikipedia,L5,1347,hin_Deva,0.9976154565811157
Wikipedia,L20,1347,hin_Deva,0.9988721609115601
Wikipedia,L1,1349,hin_Deva,0.9848580956459045
Wikipedia,L5,1349,hin_Deva,0.9943256974220276
Wikipedia,L20,1349,hin_Deva,0.996990978717804
Wikipedia,L1,1351,hin_Deva,0.9918561577796936
Wikipedia,L5,1351,hin_Deva,0.9991846680641174
Wikipedia,L20,1351,hin_Deva,0.9978628158569336
Wikipedia,L1,1352,hin_Deva,0.9765635132789612
Wikipedia,L5,1352,hin_Deva,0.9812105298042297
Wikipedia,L20,1352,hin_Deva,0.9719282984733582
Wikipedia,L1,1353,hin_Deva,0.9917926788330078
Wikipedia,L5,1353,hin_Deva,0.994208574295044
Wikipedia,L20,1353,hin_Deva,0.9980015754699707
Wikipedia,L1,1354,hin_Deva,0.9301089644432068
Wikipedia,L5,1354,hin_Deva,0.9662986993789673
Wikipedia,L20,1354,hin_Deva,0.9786765575408936
Wikipedia,L1,1356,hin_Deva,0.9993541836738586
Wikipedia,L5,1356,hin_Deva,0.9924469590187073
Wikipedia,L20,1356,hin_Deva,0.9961832165718079
Wikipedia,L1,1358,hin_Deva,0.9882150888442993
Wikipedia,L5,1358,hin_Deva,0.9970908761024475
Wikipedia,L20,1358,hin_Deva,0.998071014881134
Wikipedia,L1,1359,hin_Deva,0.9971136450767517
Wikipedia,L5,1359,hin_Deva,0.9975948333740234
Wikipedia,L20,1359,hin_Deva,0.9982605576515198
Wikipedia,L1,1361,hin_Deva,0.9886787533760071
Wikipedia,L5,1361,hin_Deva,0.9922085404396057
Wikipedia,L20,1361,hin_Deva,0.9916478991508484
Wikipedia,L1,1363,hin_Deva,0.8685858249664307
Wikipedia,L5,1363,hin_Deva,0.9940692186355591
Wikipedia,L20,1363,hin_Deva,0.997454047203064
Wikipedia,L1,1364,hin_Deva,0.9986969828605652
Wikipedia,L5,1364,hin_Deva,0.9984566569328308
Wikipedia,L20,1364,hin_Deva,0.9954631328582764
Wikipedia,L1,1366,hin_Deva,0.9104950428009033
Wikipedia,L5,1366,hin_Deva,0.9851512908935547
Wikipedia,L20,1366,hin_Deva,0.9930174350738525
Wikipedia,L1,1368,hin_Deva,0.9906286597251892
Wikipedia,L5,1368,hin_Deva,0.9949814081192017
Wikipedia,L20,1368,hin_Deva,0.9912397861480713
Wikipedia,L1,1369,hin_Deva,0.9984692335128784
Wikipedia,L5,1369,hin_Deva,0.9955129027366638
Wikipedia,L20,1369,hin_Deva,0.9976572394371033
Wikipedia,L1,1370,hin_Deva,0.9995077848434448
Wikipedia,L5,1370,hin_Deva,0.9972891211509705
Wikipedia,L20,1370,hin_Deva,0.9976950883865356
Wikipedia,L1,1371,hin_Deva,0.9696666598320007
Wikipedia,L5,1371,hin_Deva,0.9964204430580139
Wikipedia,L20,1371,hin_Deva,0.997962236404419
Wikipedia,L1,1372,hin_Deva,0.9969591498374939
Wikipedia,L5,1372,hin_Deva,0.9966092705726624
Wikipedia,L20,1372,hin_Deva,0.9973559379577637
Wikipedia,L1,1373,hin_Deva,0.9970911145210266
Wikipedia,L5,1373,hin_Deva,0.998091459274292
Wikipedia,L20,1373,hin_Deva,0.9978134036064148
Wikipedia,L1,1374,hin_Deva,0.9534451961517334
Wikipedia,L5,1374,hin_Deva,0.9896261692047119
Wikipedia,L20,1374,hin_Deva,0.9882751703262329
Wikipedia,L1,1375,awa_Deva,0.5380774736404419
Wikipedia,L5,1375,hin_Deva,0.9684829115867615
Wikipedia,L20,1375,hin_Deva,0.9584229588508606
Wikipedia,L1,1377,hin_Deva,0.9985557794570923
Wikipedia,L5,1377,hin_Deva,0.9781751036643982
Wikipedia,L20,1377,hin_Deva,0.9886343479156494
Wikipedia,L1,1378,hin_Deva,0.9024210572242737
Wikipedia,L5,1378,hin_Deva,0.9979435205459595
Wikipedia,L20,1378,hin_Deva,0.9929949641227722
Wikipedia,L1,1380,hin_Deva,0.8194180130958557
Wikipedia,L5,1380,hin_Deva,0.9482196569442749
Wikipedia,L20,1380,hin_Deva,0.9821217060089111
Wikipedia,L1,1382,hin_Deva,0.9982507228851318
Wikipedia,L5,1382,hin_Deva,0.9960393905639648
Wikipedia,L20,1382,hin_Deva,0.9934307932853699
Wikipedia,L1,1383,hin_Deva,0.9907950162887573
Wikipedia,L5,1383,hin_Deva,0.9973054528236389
Wikipedia,L20,1383,hin_Deva,0.9907132387161255
Wikipedia,L1,1384,hin_Deva,0.9340498447418213
Wikipedia,L5,1384,hin_Deva,0.9667925834655762
Wikipedia,L20,1384,hin_Deva,0.9781336188316345
Wikipedia,L1,1387,hin_Deva,0.9632643461227417
Wikipedia,L5,1387,hin_Deva,0.9941703081130981
Wikipedia,L20,1387,hin_Deva,0.9972628951072693
Wikipedia,L1,1388,hin_Deva,0.9989769458770752
Wikipedia,L5,1388,hin_Deva,0.9919772744178772
Wikipedia,L20,1388,hin_Deva,0.9971094131469727
Wikipedia,L1,1391,hin_Deva,0.9988382458686829
Wikipedia,L5,1391,hin_Deva,0.9946268200874329
Wikipedia,L20,1391,hin_Deva,0.9930818676948547
Wikipedia,L1,1393,hin_Deva,0.9506584405899048
Wikipedia,L5,1393,hin_Deva,0.9957178831100464
Wikipedia,L20,1393,hin_Deva,0.9946193695068359
Wikipedia,L1,1394,hin_Deva,0.9635589718818665
Wikipedia,L5,1394,hin_Deva,0.9967777729034424
Wikipedia,L20,1394,hin_Deva,0.9952727556228638
Wikipedia,L1,1398,hin_Deva,0.9969372153282166
Wikipedia,L5,1398,hin_Deva,0.9956649541854858
Wikipedia,L20,1398,hin_Deva,0.9971903562545776
Wikipedia,L1,1399,hin_Deva,0.9868637323379517
Wikipedia,L5,1399,hin_Deva,0.9852004647254944
Wikipedia,L20,1399,hin_Deva,0.9795753955841064
Wikipedia,L1,1401,hin_Deva,0.9975294470787048
Wikipedia,L5,1401,hin_Deva,0.9960963726043701
Wikipedia,L20,1401,hin_Deva,0.9958421587944031
Wikipedia,L1,1402,hin_Deva,0.6397544741630554
Wikipedia,L5,1402,hin_Deva,0.9984685182571411
Wikipedia,L20,1402,hin_Deva,0.9982247352600098
Wikipedia,L1,1404,hin_Deva,0.9990584254264832
Wikipedia,L5,1404,hin_Deva,0.9971445798873901
Wikipedia,L20,1404,hin_Deva,0.9991217255592346
Wikipedia,L1,1406,hin_Deva,0.9974985122680664
Wikipedia,L5,1406,hin_Deva,0.9986299276351929
Wikipedia,L20,1406,hin_Deva,0.9985769391059875
Wikipedia,L1,1407,hin_Deva,0.9989479184150696
Wikipedia,L5,1407,hin_Deva,0.9988603591918945
Wikipedia,L20,1407,hin_Deva,0.9990567564964294
Wikipedia,L1,1408,hin_Deva,0.9976191520690918
Wikipedia,L5,1408,hin_Deva,0.9992973208427429
Wikipedia,L20,1408,hin_Deva,0.9992610812187195
Wikipedia,L1,1410,hin_Deva,0.9957315921783447
Wikipedia,L5,1410,hin_Deva,0.996239960193634
Wikipedia,L20,1410,hin_Deva,0.9901822209358215
Wikipedia,L1,1412,awa_Deva,0.5250400900840759
Wikipedia,L5,1412,hin_Deva,0.9694135189056396
Wikipedia,L20,1412,hin_Deva,0.9964654445648193
Wikipedia,L1,1415,hin_Deva,0.9991320967674255
Wikipedia,L5,1415,hin_Deva,0.9969038963317871
Wikipedia,L20,1415,hin_Deva,0.9982374310493469
Wikipedia,L1,1416,hin_Deva,0.9994867444038391
Wikipedia,L5,1416,hin_Deva,0.9964048266410828
Wikipedia,L20,1416,hin_Deva,0.9988116025924683
Wikipedia,L1,1417,hin_Deva,0.997785747051239
Wikipedia,L5,1417,hin_Deva,0.9984657764434814
Wikipedia,L20,1417,hin_Deva,0.9978251457214355
Wikipedia,L1,1419,hin_Deva,0.9923957586288452
Wikipedia,L5,1419,hin_Deva,0.998077929019928
Wikipedia,L20,1419,hin_Deva,0.9966188669204712
Wikipedia,L1,1420,hin_Deva,0.9955421686172485
Wikipedia,L5,1420,hin_Deva,0.9933027029037476
Wikipedia,L20,1420,hin_Deva,0.9959064722061157
Wikipedia,L1,1422,hin_Deva,0.9896944761276245
Wikipedia,L5,1422,hin_Deva,0.999414324760437
Wikipedia,L20,1422,hin_Deva,0.99856036901474
Wikipedia,L1,1423,hin_Deva,0.938909649848938
Wikipedia,L5,1423,hin_Deva,0.979260265827179
Wikipedia,L20,1423,hin_Deva,0.9916917681694031
Wikipedia,L1,1424,hin_Deva,0.9839484095573425
Wikipedia,L5,1424,hin_Deva,0.9849401712417603
Wikipedia,L20,1424,hin_Deva,0.9838761687278748
Wikipedia,L1,1425,hin_Deva,0.9915782809257507
Wikipedia,L5,1425,hin_Deva,0.9973362684249878
Wikipedia,L20,1425,hin_Deva,0.9978722929954529
Wikipedia,L1,1426,hin_Deva,0.9988613128662109
Wikipedia,L5,1426,hin_Deva,0.9989011883735657
Wikipedia,L20,1426,hin_Deva,0.9992505311965942
Wikipedia,L1,1428,awa_Deva,0.6553511023521423
Wikipedia,L5,1428,hin_Deva,0.9853740334510803
Wikipedia,L20,1428,hin_Deva,0.9941532015800476
Wikipedia,L1,1429,hin_Deva,0.9972856640815735
Wikipedia,L5,1429,hin_Deva,0.9989038109779358
Wikipedia,L20,1429,hin_Deva,0.9987815022468567
Wikipedia,L1,1431,hin_Deva,0.9964972734451294
Wikipedia,L5,1431,hin_Deva,0.9986158013343811
Wikipedia,L20,1431,hin_Deva,0.9963842034339905
Wikipedia,L1,1432,hin_Deva,0.9937288761138916
Wikipedia,L5,1432,hin_Deva,0.9865924119949341
Wikipedia,L20,1432,hin_Deva,0.9961093664169312
Wikipedia,L1,1433,hin_Deva,0.8945038318634033
Wikipedia,L5,1433,hin_Deva,0.9941484928131104
Wikipedia,L20,1433,hin_Deva,0.9928333759307861
Wikipedia,L1,1434,hin_Deva,0.7990278005599976
Wikipedia,L5,1434,hin_Deva,0.9843658804893494
Wikipedia,L20,1434,hin_Deva,0.9881476759910583
Wikipedia,L1,1436,hin_Deva,0.9966245293617249
Wikipedia,L5,1436,hin_Deva,0.9971424341201782
Wikipedia,L20,1436,hin_Deva,0.9965084791183472
Wikipedia,L1,1438,hin_Deva,0.9740146398544312
Wikipedia,L5,1438,hin_Deva,0.995451807975769
Wikipedia,L20,1438,hin_Deva,0.997348964214325
Wikipedia,L1,1440,hin_Deva,0.9959022998809814
Wikipedia,L5,1440,hin_Deva,0.9976941347122192
Wikipedia,L20,1440,hin_Deva,0.9970850944519043
Wikipedia,L1,1441,hin_Deva,0.9661170840263367
Wikipedia,L5,1441,hin_Deva,0.9908233284950256
Wikipedia,L20,1441,hin_Deva,0.9912908673286438
Wikipedia,L1,1442,hin_Deva,0.9996625185012817
Wikipedia,L5,1442,hin_Deva,0.9991267323493958
Wikipedia,L20,1442,hin_Deva,0.9984999895095825
Wikipedia,L1,1448,hin_Deva,0.9949082732200623
Wikipedia,L5,1448,hin_Deva,0.9897060394287109
Wikipedia,L20,1448,hin_Deva,0.9916209578514099
Wikipedia,L1,1450,hin_Deva,0.8892877697944641
Wikipedia,L5,1450,hin_Deva,0.9980785250663757
Wikipedia,L20,1450,hin_Deva,0.9975686073303223
Wikipedia,L1,1451,hin_Deva,0.9959709048271179
Wikipedia,L5,1451,hin_Deva,0.9629765748977661
Wikipedia,L20,1451,hin_Deva,0.9384753108024597
Wikipedia,L1,1452,hin_Deva,0.9784002304077148
Wikipedia,L5,1452,hin_Deva,0.9939969778060913
Wikipedia,L20,1452,hin_Deva,0.9943280816078186
Wikipedia,L1,1453,hin_Deva,0.8603867888450623
Wikipedia,L5,1453,hin_Deva,0.9736951589584351
Wikipedia,L20,1453,hin_Deva,0.9953217506408691
Wikipedia,L1,1455,hin_Deva,0.968204915523529
Wikipedia,L5,1455,hin_Deva,0.9987518191337585
Wikipedia,L20,1455,hin_Deva,0.999017059803009
Wikipedia,L1,1458,hin_Deva,0.9954831004142761
Wikipedia,L5,1458,hin_Deva,0.99315345287323
Wikipedia,L20,1458,hin_Deva,0.9947580695152283
Wikipedia,L1,1459,hin_Deva,0.632565438747406
Wikipedia,L5,1459,hin_Deva,0.9918825030326843
Wikipedia,L20,1459,hin_Deva,0.9767001271247864
Wikipedia,L1,1460,awa_Deva,0.9441752433776855
Wikipedia,L5,1460,hin_Deva,0.9826471209526062
Wikipedia,L20,1460,hin_Deva,0.9885531663894653
Wikipedia,L1,1462,hin_Deva,0.8577693104743958
Wikipedia,L5,1462,hin_Deva,0.9792690277099609
Wikipedia,L20,1462,hin_Deva,0.986965000629425
Wikipedia,L1,1463,hin_Deva,0.9985585808753967
Wikipedia,L5,1463,hin_Deva,0.9845772981643677
Wikipedia,L20,1463,hin_Deva,0.9935664534568787
Wikipedia,L1,1464,hin_Deva,0.985935628414154
Wikipedia,L5,1464,hin_Deva,0.9972254037857056
Wikipedia,L20,1464,hin_Deva,0.9950292110443115
Wikipedia,L1,1465,hin_Deva,0.7617405652999878
Wikipedia,L5,1465,hin_Deva,0.996000349521637
Wikipedia,L20,1465,hin_Deva,0.9970592856407166
Wikipedia,L1,1466,hin_Deva,0.518154501914978
Wikipedia,L5,1466,hin_Deva,0.9494199156761169
Wikipedia,L20,1466,hin_Deva,0.987621009349823
Wikipedia,L1,1467,hin_Deva,0.6275742650032043
Wikipedia,L5,1467,hin_Deva,0.930526614189148
Wikipedia,L20,1467,hin_Deva,0.9861524701118469
Wikipedia,L1,1469,hin_Deva,0.7627549767494202
Wikipedia,L5,1469,hin_Deva,0.9907835721969604
Wikipedia,L20,1469,hin_Deva,0.9963060021400452
Wikipedia,L1,1470,hin_Deva,0.9999892711639404
Wikipedia,L5,1470,hin_Deva,0.9941869974136353
Wikipedia,L20,1470,hin_Deva,0.9786790609359741
Wikipedia,L1,1472,hin_Deva,0.9863181710243225
Wikipedia,L5,1472,hin_Deva,0.9981444478034973
Wikipedia,L20,1472,hin_Deva,0.998447597026825
Wikipedia,L1,1474,hin_Deva,0.9732473492622375
Wikipedia,L5,1474,hin_Deva,0.9953940510749817
Wikipedia,L20,1474,hin_Deva,0.9946846961975098
Wikipedia,L1,1477,hin_Deva,0.9822944402694702
Wikipedia,L5,1477,hin_Deva,0.9985325932502747
Wikipedia,L20,1477,hin_Deva,0.9979084730148315
Wikipedia,L1,1478,hin_Deva,0.9682556390762329
Wikipedia,L5,1478,hin_Deva,0.9907200932502747
Wikipedia,L20,1478,hin_Deva,0.9937092065811157
Wikipedia,L1,1480,hin_Deva,0.9975600838661194
Wikipedia,L5,1480,hin_Deva,0.9974550008773804
Wikipedia,L20,1480,hin_Deva,0.9940609335899353
Wikipedia,L1,1481,hin_Deva,0.9772680401802063
Wikipedia,L5,1481,hin_Deva,0.9997883439064026
Wikipedia,L20,1481,hin_Deva,0.9996472597122192
Wikipedia,L1,1482,hin_Deva,0.9807847142219543
Wikipedia,L5,1482,hin_Deva,0.9988605976104736
Wikipedia,L20,1482,hin_Deva,0.999099612236023
Wikipedia,L1,1483,hin_Deva,0.9984018206596375
Wikipedia,L5,1483,hin_Deva,0.9991211295127869
Wikipedia,L20,1483,hin_Deva,0.998546838760376
Wikipedia,L1,1486,hin_Deva,0.9706145524978638
Wikipedia,L5,1486,hin_Deva,0.9963842034339905
Wikipedia,L20,1486,hin_Deva,0.9949837923049927
Wikipedia,L1,1487,hin_Deva,0.9491214156150818
Wikipedia,L5,1487,hin_Deva,0.9979181289672852
Wikipedia,L20,1487,hin_Deva,0.9992421865463257
Wikipedia,L1,1489,new_Deva,0.7408048510551453
Wikipedia,L5,1489,hin_Deva,0.8158807754516602
Wikipedia,L20,1489,hin_Deva,0.9518973231315613
Wikipedia,L1,1493,hin_Deva,0.9827476143836975
Wikipedia,L5,1493,hin_Deva,0.9973452687263489
Wikipedia,L20,1493,hin_Deva,0.999078094959259
Wikipedia,L1,1496,hin_Deva,0.9537234902381897
Wikipedia,L5,1496,hin_Deva,0.9931166768074036
Wikipedia,L20,1496,hin_Deva,0.9979820847511292
Wikipedia,L1,1503,hin_Deva,0.9057520627975464
Wikipedia,L5,1503,hin_Deva,0.9964345097541809
Wikipedia,L20,1503,hin_Deva,0.9979408979415894
Wikipedia,L1,1505,hin_Deva,0.9993209838867188
Wikipedia,L5,1505,hin_Deva,0.9992668032646179
Wikipedia,L20,1505,hin_Deva,0.9992964863777161
Wikipedia,L1,1506,hin_Deva,0.8922109603881836
Wikipedia,L5,1506,hin_Deva,0.9742702841758728
Wikipedia,L20,1506,hin_Deva,0.9923753142356873
Wikipedia,L1,1507,hin_Deva,0.9945607781410217
Wikipedia,L5,1507,hin_Deva,0.9932528138160706
Wikipedia,L20,1507,hin_Deva,0.9725403189659119
Wikipedia,L1,1508,hin_Deva,0.9996433258056641
Wikipedia,L5,1508,hin_Deva,0.9993639588356018
Wikipedia,L20,1508,hin_Deva,0.9978870153427124
Wikipedia,L1,1509,hin_Deva,0.9987282752990723
Wikipedia,L5,1509,hin_Deva,0.9982371926307678
Wikipedia,L20,1509,hin_Deva,0.9953179955482483
Wikipedia,L1,1510,hin_Deva,0.9796822667121887
Wikipedia,L5,1510,hin_Deva,0.9996817111968994
Wikipedia,L20,1510,hin_Deva,0.9993366003036499
Wikipedia,L1,1511,hin_Deva,0.9310108423233032
Wikipedia,L5,1511,hin_Deva,0.9405292868614197
Wikipedia,L20,1511,hin_Deva,0.9791092276573181
Wikipedia,L1,1513,hin_Deva,0.9996607303619385
Wikipedia,L5,1513,hin_Deva,0.998042643070221
Wikipedia,L20,1513,hin_Deva,0.9993588328361511
Wikipedia,L1,1515,hin_Deva,0.9981225728988647
Wikipedia,L5,1515,hin_Deva,0.9985086917877197
Wikipedia,L20,1515,hin_Deva,0.9987780451774597
Wikipedia,L1,1516,hin_Deva,0.9762151837348938
Wikipedia,L5,1516,hin_Deva,0.9972642064094543
Wikipedia,L20,1516,hin_Deva,0.9993031024932861
Wikipedia,L1,1517,hin_Deva,0.9991118907928467
Wikipedia,L5,1517,hin_Deva,0.998868465423584
Wikipedia,L20,1517,hin_Deva,0.9983764290809631
Wikipedia,L1,1518,hin_Deva,0.9962848424911499
Wikipedia,L5,1518,hin_Deva,0.9887503981590271
Wikipedia,L20,1518,hin_Deva,0.9976070523262024
Wikipedia,L1,1519,hin_Deva,0.9992907643318176
Wikipedia,L5,1519,hin_Deva,0.9984676837921143
Wikipedia,L20,1519,hin_Deva,0.9974135756492615
Wikipedia,L1,1520,hin_Deva,0.9994460940361023
Wikipedia,L5,1520,hin_Deva,0.9951059222221375
Wikipedia,L20,1520,hin_Deva,0.996580958366394
Wikipedia,L1,1521,hin_Deva,0.9795176386833191
Wikipedia,L5,1521,hin_Deva,0.9974288940429688
Wikipedia,L20,1521,hin_Deva,0.9986911416053772
Wikipedia,L1,1523,hin_Deva,0.9736350178718567
Wikipedia,L5,1523,hin_Deva,0.9963738322257996
Wikipedia,L20,1523,hin_Deva,0.9967565536499023
Wikipedia,L1,1524,hin_Deva,0.9841978549957275
Wikipedia,L5,1524,hin_Deva,0.9952202439308167
Wikipedia,L20,1524,hin_Deva,0.9978216290473938
Wikipedia,L1,1526,hin_Deva,0.5232278108596802
Wikipedia,L5,1526,hin_Deva,0.9988548755645752
Wikipedia,L20,1526,hin_Deva,0.9967944622039795
Wikipedia,L1,1529,hin_Deva,0.9993976354598999
Wikipedia,L5,1529,hin_Deva,0.9982395768165588
Wikipedia,L20,1529,hin_Deva,0.9961361289024353
Wikipedia,L1,1531,hin_Deva,0.9483138918876648
Wikipedia,L5,1531,hin_Deva,0.9975102543830872
Wikipedia,L20,1531,hin_Deva,0.999593198299408
Wikipedia,L1,1532,hin_Deva,0.999853253364563
Wikipedia,L5,1532,hin_Deva,0.9975767135620117
Wikipedia,L20,1532,hin_Deva,0.9983336329460144
Wikipedia,L1,1534,hin_Deva,0.9901654720306396
Wikipedia,L5,1534,hin_Deva,0.9957213401794434
Wikipedia,L20,1534,hin_Deva,0.9832664728164673
Wikipedia,L1,1537,hin_Deva,0.9971027374267578
Wikipedia,L5,1537,hin_Deva,0.9981364607810974
Wikipedia,L20,1537,hin_Deva,0.9971451759338379
Wikipedia,L1,1538,hin_Deva,0.9891026020050049
Wikipedia,L5,1538,hin_Deva,0.9972432255744934
Wikipedia,L20,1538,hin_Deva,0.9978908896446228
Wikipedia,L1,1542,hin_Deva,0.95513916015625
Wikipedia,L5,1542,hin_Deva,0.9941348433494568
Wikipedia,L20,1542,hin_Deva,0.9975419044494629
Wikipedia,L1,1546,hin_Deva,0.9682908654212952
Wikipedia,L5,1546,hin_Deva,0.9907090067863464
Wikipedia,L20,1546,hin_Deva,0.9841915369033813
Wikipedia,L1,1551,hin_Deva,0.9854689836502075
Wikipedia,L5,1551,hin_Deva,0.9958108067512512
Wikipedia,L20,1551,hin_Deva,0.9947894811630249
Wikipedia,L1,1552,hin_Deva,0.883683979511261
Wikipedia,L5,1552,hin_Deva,0.9936209321022034
Wikipedia,L20,1552,hin_Deva,0.9951993227005005
Wikipedia,L1,1554,hin_Deva,0.8818623423576355
Wikipedia,L5,1554,hin_Deva,0.9481417536735535
Wikipedia,L20,1554,hin_Deva,0.9876798987388611
Wikipedia,L1,1556,hin_Deva,0.9147169589996338
Wikipedia,L5,1556,hin_Deva,0.9956696629524231
Wikipedia,L20,1556,hin_Deva,0.9981983304023743
Wikipedia,L1,1558,hin_Deva,0.9823262095451355
Wikipedia,L5,1558,hin_Deva,0.9973218441009521
Wikipedia,L20,1558,hin_Deva,0.9987025856971741
Wikipedia,L1,1559,hin_Deva,0.7951508164405823
Wikipedia,L5,1559,hin_Deva,0.9937648773193359
Wikipedia,L20,1559,hin_Deva,0.9946401119232178
Wikipedia,L1,1561,hin_Deva,0.9650907516479492
Wikipedia,L5,1561,hin_Deva,0.9790155291557312
Wikipedia,L20,1561,hin_Deva,0.9921582937240601
Wikipedia,L1,1562,hin_Deva,0.9874075055122375
Wikipedia,L5,1562,hin_Deva,0.9977861046791077
Wikipedia,L20,1562,hin_Deva,0.996463418006897
Wikipedia,L1,1563,hin_Deva,0.9712367653846741
Wikipedia,L5,1563,hin_Deva,0.9900785088539124
Wikipedia,L20,1563,hin_Deva,0.9956731200218201
Wikipedia,L1,1565,hin_Deva,0.9993356466293335
Wikipedia,L5,1565,hin_Deva,0.9978116154670715
Wikipedia,L20,1565,hin_Deva,0.9986323118209839
Wikipedia,L1,1566,hin_Deva,0.998802900314331
Wikipedia,L5,1566,hin_Deva,0.9985532760620117
Wikipedia,L20,1566,hin_Deva,0.997551679611206
Wikipedia,L1,1567,hin_Deva,0.9900372624397278
Wikipedia,L5,1567,hin_Deva,0.9991423487663269
Wikipedia,L20,1567,hin_Deva,0.9985622763633728
Wikipedia,L1,1568,new_Deva,0.5609052777290344
Wikipedia,L5,1568,hin_Deva,0.9835585951805115
Wikipedia,L20,1568,hin_Deva,0.9946634769439697
Wikipedia,L1,1570,hin_Deva,0.9988666772842407
Wikipedia,L5,1570,hin_Deva,0.9986159205436707
Wikipedia,L20,1570,hin_Deva,0.9994024038314819
Wikipedia,L1,1571,hin_Deva,0.9980515241622925
Wikipedia,L5,1571,hin_Deva,0.9998239874839783
Wikipedia,L20,1571,hin_Deva,0.9995740056037903
Wikipedia,L1,1578,hin_Deva,0.9908433556556702
Wikipedia,L5,1578,hin_Deva,0.9852780103683472
Wikipedia,L20,1578,hin_Deva,0.9969397187232971
Wikipedia,L1,1580,hin_Deva,0.9876762628555298
Wikipedia,L5,1580,hin_Deva,0.9987348914146423
Wikipedia,L20,1580,hin_Deva,0.9982761740684509
Wikipedia,L1,1581,hin_Deva,0.9994673132896423
Wikipedia,L5,1581,hin_Deva,0.986473798751831
Wikipedia,L20,1581,hin_Deva,0.9908218383789062
Wikipedia,L1,1584,hin_Deva,0.9782929420471191
Wikipedia,L5,1584,hin_Deva,0.9990710616111755
Wikipedia,L20,1584,hin_Deva,0.9993588328361511
Wikipedia,L1,1587,hin_Deva,0.971176266670227
Wikipedia,L5,1587,hin_Deva,0.9964876770973206
Wikipedia,L20,1587,hin_Deva,0.9988758563995361
Wikipedia,L1,1588,hin_Deva,0.7255979180335999
Wikipedia,L5,1588,hin_Deva,0.9823379516601562
Wikipedia,L20,1588,hin_Deva,0.9946306943893433
Wikipedia,L1,1590,hin_Deva,0.9928020238876343
Wikipedia,L5,1590,hin_Deva,0.9978999495506287
Wikipedia,L20,1590,hin_Deva,0.9967983961105347
Wikipedia,L1,1591,hin_Deva,0.9983368515968323
Wikipedia,L5,1591,hin_Deva,0.9988105297088623
Wikipedia,L20,1591,hin_Deva,0.9986628293991089
Wikipedia,L1,1592,hin_Deva,0.9956052899360657
Wikipedia,L5,1592,hin_Deva,0.9956576228141785
Wikipedia,L20,1592,hin_Deva,0.9981472492218018
Wikipedia,L1,1593,hin_Deva,0.9918418526649475
Wikipedia,L5,1593,hin_Deva,0.9955451488494873
Wikipedia,L20,1593,hin_Deva,0.993995726108551
Wikipedia,L1,1594,hin_Deva,0.9993416666984558
Wikipedia,L5,1594,hin_Deva,0.9148150086402893
Wikipedia,L20,1594,hin_Deva,0.816234290599823
Wikipedia,L1,1595,hin_Deva,0.5578452348709106
Wikipedia,L5,1595,hin_Deva,0.9976610541343689
Wikipedia,L20,1595,hin_Deva,0.9972679018974304
Wikipedia,L1,1596,hin_Deva,0.9956663846969604
Wikipedia,L5,1596,hin_Deva,0.9986307621002197
Wikipedia,L20,1596,hin_Deva,0.9977765083312988
Wikipedia,L1,1597,hin_Deva,0.9902746677398682
Wikipedia,L5,1597,hin_Deva,0.9982278943061829
Wikipedia,L20,1597,hin_Deva,0.9981735348701477
Wikipedia,L1,1598,hin_Deva,0.9982379078865051
Wikipedia,L5,1598,hin_Deva,0.9992202520370483
Wikipedia,L20,1598,hin_Deva,0.9990912675857544
Wikipedia,L1,1599,hin_Deva,0.9982995390892029
Wikipedia,L5,1599,hin_Deva,0.9986547827720642
Wikipedia,L20,1599,hin_Deva,0.9984504580497742
Wikipedia,L1,1602,hin_Deva,0.9996189475059509
Wikipedia,L5,1602,hin_Deva,0.9947558641433716
Wikipedia,L20,1602,hin_Deva,0.996742844581604
Wikipedia,L1,1603,hin_Deva,0.7461628317832947
Wikipedia,L5,1603,hin_Deva,0.9983417391777039
Wikipedia,L20,1603,hin_Deva,0.9993118047714233
Wikipedia,L1,1604,hin_Deva,0.9916675686836243
Wikipedia,L5,1604,hin_Deva,0.9754142165184021
Wikipedia,L20,1604,hin_Deva,0.9855743050575256
Wikipedia,L1,1606,hin_Deva,0.5583341717720032
Wikipedia,L5,1606,hin_Deva,0.984142005443573
Wikipedia,L20,1606,hin_Deva,0.9892298579216003
Wikipedia,L1,1607,hin_Deva,0.9980512857437134
Wikipedia,L5,1607,hin_Deva,0.999402642250061
Wikipedia,L20,1607,hin_Deva,0.9988641738891602
Wikipedia,L1,1608,hin_Deva,0.8797765374183655
Wikipedia,L5,1608,hin_Deva,0.9947846531867981
Wikipedia,L20,1608,hin_Deva,0.9923558235168457
Wikipedia,L1,1609,hin_Deva,0.9734335541725159
Wikipedia,L5,1609,hin_Deva,0.9961476922035217
Wikipedia,L20,1609,hin_Deva,0.9983764290809631
Wikipedia,L1,1610,mai_Deva,0.4319283366203308
Wikipedia,L5,1610,hin_Deva,0.9601336717605591
Wikipedia,L20,1610,hin_Deva,0.9827436208724976
Wikipedia,L1,1613,hin_Deva,0.9992005228996277
Wikipedia,L5,1613,hin_Deva,0.9972160458564758
Wikipedia,L20,1613,hin_Deva,0.9970785975456238
Wikipedia,L1,1616,hin_Deva,0.9982033371925354
Wikipedia,L5,1616,hin_Deva,0.9863739609718323
Wikipedia,L20,1616,hin_Deva,0.9912500977516174
Wikipedia,L1,1618,hin_Deva,0.997285783290863
Wikipedia,L5,1618,hin_Deva,0.9914116263389587
Wikipedia,L20,1618,hin_Deva,0.9974002242088318
Wikipedia,L1,1620,hin_Deva,0.9411035776138306
Wikipedia,L5,1620,hin_Deva,0.9958661198616028
Wikipedia,L20,1620,hin_Deva,0.9987922310829163
Wikipedia,L1,1622,hin_Deva,0.9911900162696838
Wikipedia,L5,1622,hin_Deva,0.9912503361701965
Wikipedia,L20,1622,hin_Deva,0.9975965023040771
Wikipedia,L1,1623,hin_Deva,0.9967326521873474
Wikipedia,L5,1623,hin_Deva,0.9986292123794556
Wikipedia,L20,1623,hin_Deva,0.9980218410491943
Wikipedia,L1,1624,hin_Deva,0.9985440969467163
Wikipedia,L5,1624,hin_Deva,0.9977317452430725
Wikipedia,L20,1624,hin_Deva,0.996604859828949
Wikipedia,L1,1625,hin_Deva,0.9935828447341919
Wikipedia,L5,1625,hin_Deva,0.9974196553230286
Wikipedia,L20,1625,hin_Deva,0.9972822070121765
Wikipedia,L1,1626,hin_Deva,0.9237991571426392
Wikipedia,L5,1626,hin_Deva,0.9965471029281616
Wikipedia,L20,1626,hin_Deva,0.9956083297729492
Wikipedia,L1,1629,hin_Deva,0.9993715882301331
Wikipedia,L5,1629,hin_Deva,0.9966868162155151
Wikipedia,L20,1629,hin_Deva,0.9963250756263733
Wikipedia,L1,1633,hin_Deva,0.9962661266326904
Wikipedia,L5,1633,hin_Deva,0.998142421245575
Wikipedia,L20,1633,hin_Deva,0.9988798499107361
Wikipedia,L1,1635,hin_Deva,0.8564141392707825
Wikipedia,L5,1635,hin_Deva,0.9981832504272461
Wikipedia,L20,1635,hin_Deva,0.9939814209938049
Wikipedia,L1,1636,hin_Deva,0.9466261267662048
Wikipedia,L5,1636,hin_Deva,0.9553993940353394
Wikipedia,L20,1636,hin_Deva,0.9855876564979553
Wikipedia,L1,1637,hin_Deva,0.5429096221923828
Wikipedia,L5,1637,hin_Deva,0.9813944101333618
Wikipedia,L20,1637,hin_Deva,0.9939005374908447
Wikipedia,L1,1639,hin_Deva,0.9904637336730957
Wikipedia,L5,1639,hin_Deva,0.9968531131744385
Wikipedia,L20,1639,hin_Deva,0.9976176023483276
Wikipedia,L1,1640,hin_Deva,0.998801052570343
Wikipedia,L5,1640,hin_Deva,0.9980363249778748
Wikipedia,L20,1640,hin_Deva,0.9960949420928955
Wikipedia,L1,1643,hin_Deva,0.9633803367614746
Wikipedia,L5,1643,hin_Deva,0.957981526851654
Wikipedia,L20,1643,hin_Deva,0.9904689788818359
Wikipedia,L1,1644,awa_Deva,0.7732961773872375
Wikipedia,L5,1644,hin_Deva,0.8593818545341492
Wikipedia,L20,1644,hin_Deva,0.9877491593360901
Wikipedia,L1,1645,hin_Deva,0.9673260450363159
Wikipedia,L5,1645,hin_Deva,0.9907881021499634
Wikipedia,L20,1645,hin_Deva,0.9944750666618347
Wikipedia,L1,1646,hin_Deva,0.9884849786758423
Wikipedia,L5,1646,hin_Deva,0.988436758518219
Wikipedia,L20,1646,hin_Deva,0.9883400201797485
Wikipedia,L1,1647,hin_Deva,0.9995998740196228
Wikipedia,L5,1647,hin_Deva,0.9998207688331604
Wikipedia,L20,1647,hin_Deva,0.998952329158783
Wikipedia,L1,1650,hin_Deva,0.9875642657279968
Wikipedia,L5,1650,hin_Deva,0.9919728636741638
Wikipedia,L20,1650,hin_Deva,0.9974175095558167
Wikipedia,L1,1652,hin_Deva,0.9998528957366943
Wikipedia,L5,1652,hin_Deva,0.9932321310043335
Wikipedia,L20,1652,hin_Deva,0.9940489530563354
Wikipedia,L1,1653,hin_Deva,0.9798020124435425
Wikipedia,L5,1653,hin_Deva,0.7892401814460754
Wikipedia,L20,1653,hin_Deva,0.9623599648475647
Wikipedia,L1,1657,hin_Deva,0.9928680658340454
Wikipedia,L5,1657,hin_Deva,0.9975496530532837
Wikipedia,L20,1657,hin_Deva,0.9856787919998169
Wikipedia,L1,1658,hin_Deva,0.9638774991035461
Wikipedia,L5,1658,hin_Deva,0.9989975094795227
Wikipedia,L20,1658,hin_Deva,0.9985944032669067
Wikipedia,L1,1659,hin_Deva,0.9958164691925049
Wikipedia,L5,1659,hin_Deva,0.9810699820518494
Wikipedia,L20,1659,hin_Deva,0.9648283123970032
Wikipedia,L1,1660,hin_Deva,0.9776192903518677
Wikipedia,L5,1660,hin_Deva,0.9929007291793823
Wikipedia,L20,1660,hin_Deva,0.9947919249534607
Wikipedia,L1,1663,hin_Deva,0.978118896484375
Wikipedia,L5,1663,hin_Deva,0.9764288067817688
Wikipedia,L20,1663,hin_Deva,0.9900197386741638
Wikipedia,L1,1665,hin_Deva,0.9869123697280884
Wikipedia,L5,1665,hin_Deva,0.9926656484603882
Wikipedia,L20,1665,hin_Deva,0.9867615699768066
Wikipedia,L1,1670,hin_Deva,0.9375316500663757
Wikipedia,L5,1670,hin_Deva,0.9910693764686584
Wikipedia,L20,1670,hin_Deva,0.9941600561141968
Wikipedia,L1,1671,hin_Deva,0.9699912071228027
Wikipedia,L5,1671,hin_Deva,0.9943676590919495
Wikipedia,L20,1671,hin_Deva,0.9954739212989807
Wikipedia,L1,1674,hin_Deva,0.9989480376243591
Wikipedia,L5,1674,hin_Deva,0.9989786148071289
Wikipedia,L20,1674,hin_Deva,0.9960634708404541
Wikipedia,L1,1675,hin_Deva,0.9814086556434631
Wikipedia,L5,1675,hin_Deva,0.9949402213096619
Wikipedia,L20,1675,hin_Deva,0.9971386790275574
Wikipedia,L1,1676,hin_Deva,0.9793108701705933
Wikipedia,L5,1676,hin_Deva,0.9957582354545593
Wikipedia,L20,1676,hin_Deva,0.9928373694419861
Wikipedia,L1,1680,hin_Deva,0.9544963240623474
Wikipedia,L5,1680,hin_Deva,0.9608532190322876
Wikipedia,L20,1680,hin_Deva,0.9801967740058899
Wikipedia,L1,1681,hin_Deva,0.9879416823387146
Wikipedia,L5,1681,hin_Deva,0.9847250580787659
Wikipedia,L20,1681,hin_Deva,0.9987010359764099
Wikipedia,L1,1682,hin_Deva,0.9967812895774841
Wikipedia,L5,1682,hin_Deva,0.9992626309394836
Wikipedia,L20,1682,hin_Deva,0.9992968440055847
Wikipedia,L1,1683,hin_Deva,0.9964596033096313
Wikipedia,L5,1683,hin_Deva,0.9915667772293091
Wikipedia,L20,1683,hin_Deva,0.9986228942871094
Wikipedia,L1,1688,hin_Deva,0.9880892634391785
Wikipedia,L5,1688,hin_Deva,0.9797900319099426
Wikipedia,L20,1688,hin_Deva,0.9940876960754395
Wikipedia,L1,1689,hin_Deva,0.9907186031341553
Wikipedia,L5,1689,hin_Deva,0.9966492652893066
Wikipedia,L20,1689,hin_Deva,0.9975597262382507
Wikipedia,L1,1691,hin_Deva,0.9917720556259155
Wikipedia,L5,1691,hin_Deva,0.9894739389419556
Wikipedia,L20,1691,hin_Deva,0.9905580878257751
Wikipedia,L1,1693,hin_Deva,0.9946261048316956
Wikipedia,L5,1693,hin_Deva,0.9983665347099304
Wikipedia,L20,1693,hin_Deva,0.9982441663742065
Wikipedia,L1,1694,hin_Deva,0.9948365092277527
Wikipedia,L5,1694,hin_Deva,0.9979087114334106
Wikipedia,L20,1694,hin_Deva,0.998835027217865
Wikipedia,L1,1695,hin_Deva,0.991902232170105
Wikipedia,L5,1695,hin_Deva,0.995803952217102
Wikipedia,L20,1695,hin_Deva,0.9986612200737
Wikipedia,L1,1696,hin_Deva,0.9882723689079285
Wikipedia,L5,1696,hin_Deva,0.9984156489372253
Wikipedia,L20,1696,hin_Deva,0.9987016320228577
Wikipedia,L1,1697,hin_Deva,0.9543129205703735
Wikipedia,L5,1697,hin_Deva,0.9978047609329224
Wikipedia,L20,1697,hin_Deva,0.997709333896637
Wikipedia,L1,1698,hin_Deva,0.9969087839126587
Wikipedia,L5,1698,hin_Deva,0.9927075505256653
Wikipedia,L20,1698,hin_Deva,0.9943150877952576
Wikipedia,L1,1701,hin_Deva,0.9751558303833008
Wikipedia,L5,1701,hin_Deva,0.9978174567222595
Wikipedia,L20,1701,hin_Deva,0.9973915219306946
Wikipedia,L1,1702,awa_Deva,0.9024915099143982
Wikipedia,L5,1702,hin_Deva,0.993057906627655
Wikipedia,L20,1702,hin_Deva,0.996921718120575
Wikipedia,L1,1704,hin_Deva,0.9903717041015625
Wikipedia,L5,1704,hin_Deva,0.9941166639328003
Wikipedia,L20,1704,hin_Deva,0.9980422854423523
Wikipedia,L1,1708,hin_Deva,0.9990668892860413
Wikipedia,L5,1708,hin_Deva,0.998170793056488
Wikipedia,L20,1708,hin_Deva,0.9990039467811584
Wikipedia,L1,1709,hin_Deva,0.994343638420105
Wikipedia,L5,1709,hin_Deva,0.9997320771217346
Wikipedia,L20,1709,hin_Deva,0.9996587038040161
Wikipedia,L1,1711,hin_Deva,0.8313634991645813
Wikipedia,L5,1711,hin_Deva,0.9925101399421692
Wikipedia,L20,1711,hin_Deva,0.9918787479400635
Wikipedia,L1,1714,hin_Deva,0.9956947565078735
Wikipedia,L5,1714,hin_Deva,0.9983854293823242
Wikipedia,L20,1714,hin_Deva,0.9982324242591858
Wikipedia,L1,1715,hin_Deva,0.9995114803314209
Wikipedia,L5,1715,hin_Deva,0.9992658495903015
Wikipedia,L20,1715,hin_Deva,0.99908447265625
Wikipedia,L1,1716,hin_Deva,0.5690100193023682
Wikipedia,L5,1716,hin_Deva,0.9962059259414673
Wikipedia,L20,1716,hin_Deva,0.9982514381408691
Wikipedia,L1,1717,hin_Deva,0.9373705387115479
Wikipedia,L5,1717,hin_Deva,0.9993413686752319
Wikipedia,L20,1717,hin_Deva,0.9974694848060608
Wikipedia,L1,1718,hin_Deva,0.6095024943351746
Wikipedia,L5,1718,hin_Deva,0.8641510009765625
Wikipedia,L20,1718,hin_Deva,0.9662131071090698
Wikipedia,L1,1719,hin_Deva,0.998802900314331
Wikipedia,L5,1719,hin_Deva,0.9992631077766418
Wikipedia,L20,1719,hin_Deva,0.9985158443450928
Wikipedia,L1,1720,hin_Deva,0.9960930347442627
Wikipedia,L5,1720,hin_Deva,0.9988604784011841
Wikipedia,L20,1720,hin_Deva,0.9982832670211792
Wikipedia,L1,1722,hin_Deva,0.8453373312950134
Wikipedia,L5,1722,hin_Deva,0.9988424181938171
Wikipedia,L20,1722,hin_Deva,0.9985548257827759
Wikipedia,L1,1723,hin_Deva,0.9969031810760498
Wikipedia,L5,1723,hin_Deva,0.9902216792106628
Wikipedia,L20,1723,hin_Deva,0.9984689950942993
Wikipedia,L1,1724,hin_Deva,0.9991176724433899
Wikipedia,L5,1724,hin_Deva,0.9989957213401794
Wikipedia,L20,1724,hin_Deva,0.998699963092804
Wikipedia,L1,1727,new_Deva,0.8668360114097595
Wikipedia,L5,1727,hin_Deva,0.9443495869636536
Wikipedia,L20,1727,hin_Deva,0.9913647770881653
Wikipedia,L1,1731,hin_Deva,0.997920572757721
Wikipedia,L5,1731,hin_Deva,0.9987393021583557
Wikipedia,L20,1731,hin_Deva,0.9987391829490662
Wikipedia,L1,1733,hin_Deva,0.991209089756012
Wikipedia,L5,1733,hin_Deva,0.9944745898246765
Wikipedia,L20,1733,hin_Deva,0.9952329993247986
Wikipedia,L1,1735,hin_Deva,0.9978670477867126
Wikipedia,L5,1735,hin_Deva,0.9975694417953491
Wikipedia,L20,1735,hin_Deva,0.998198926448822
Wikipedia,L1,1736,hin_Deva,0.9827654957771301
Wikipedia,L5,1736,hin_Deva,0.9706624150276184
Wikipedia,L20,1736,hin_Deva,0.9940422177314758
Wikipedia,L1,1739,hin_Deva,0.9405843615531921
Wikipedia,L5,1739,hin_Deva,0.8785504698753357
Wikipedia,L20,1739,hin_Deva,0.9844643473625183
Wikipedia,L1,1740,hin_Deva,0.9990536570549011
Wikipedia,L5,1740,hin_Deva,0.9997310042381287
Wikipedia,L20,1740,hin_Deva,0.9973984360694885
Wikipedia,L1,1742,hin_Deva,0.9989265203475952
Wikipedia,L5,1742,hin_Deva,0.9997897744178772
Wikipedia,L20,1742,hin_Deva,0.998397946357727
Wikipedia,L1,1743,hin_Deva,0.9399922490119934
Wikipedia,L5,1743,hin_Deva,0.986108660697937
Wikipedia,L20,1743,hin_Deva,0.9828223586082458
Wikipedia,L1,1745,hin_Deva,0.5413014888763428
Wikipedia,L5,1745,hin_Deva,0.9990197420120239
Wikipedia,L20,1745,hin_Deva,0.995604932308197
Wikipedia,L1,1748,hin_Deva,0.967857837677002
Wikipedia,L5,1748,hin_Deva,0.9972463250160217
Wikipedia,L20,1748,hin_Deva,0.9992415904998779
Wikipedia,L1,1751,hin_Deva,0.7472765445709229
Wikipedia,L5,1751,hin_Deva,0.9203957319259644
Wikipedia,L20,1751,hin_Deva,0.9928934574127197
Wikipedia,L1,1753,hin_Deva,0.9864242672920227
Wikipedia,L5,1753,hin_Deva,0.997200071811676
Wikipedia,L20,1753,hin_Deva,0.9986648559570312
Wikipedia,L1,1754,hin_Deva,0.9955372214317322
Wikipedia,L5,1754,hin_Deva,0.9987953305244446
Wikipedia,L20,1754,hin_Deva,0.9985513687133789
Wikipedia,L1,1755,hin_Deva,0.9979689121246338
Wikipedia,L5,1755,hin_Deva,0.9977232217788696
Wikipedia,L20,1755,hin_Deva,0.9981053471565247
Wikipedia,L1,1757,hin_Deva,0.9224352240562439
Wikipedia,L5,1757,hin_Deva,0.9900937080383301
Wikipedia,L20,1757,hin_Deva,0.9907321929931641
Wikipedia,L1,1758,hin_Deva,0.9987480044364929
Wikipedia,L5,1758,hin_Deva,0.9983401894569397
Wikipedia,L20,1758,hin_Deva,0.9947983026504517
Wikipedia,L1,1760,hin_Deva,0.9797148704528809
Wikipedia,L5,1760,hin_Deva,0.9957619905471802
Wikipedia,L20,1760,hin_Deva,0.9956737160682678
Wikipedia,L1,1761,hin_Deva,0.9862782955169678
Wikipedia,L5,1761,hin_Deva,0.997161328792572
Wikipedia,L20,1761,hin_Deva,0.997174084186554
Wikipedia,L1,1763,hin_Deva,0.9595581889152527
Wikipedia,L5,1763,hin_Deva,0.9961605072021484
Wikipedia,L20,1763,hin_Deva,0.9930999875068665
Wikipedia,L1,1764,hin_Deva,0.9712687134742737
Wikipedia,L5,1764,hin_Deva,0.9882681965827942
Wikipedia,L20,1764,hin_Deva,0.9932392835617065
Wikipedia,L1,1765,hin_Deva,0.9987304210662842
Wikipedia,L5,1765,hin_Deva,0.9960956573486328
Wikipedia,L20,1765,hin_Deva,0.9968075156211853
Wikipedia,L1,1766,hin_Deva,0.9609803557395935
Wikipedia,L5,1766,hin_Deva,0.9938110709190369
Wikipedia,L20,1766,hin_Deva,0.9963334798812866
Wikipedia,L1,1768,hin_Deva,0.9962878823280334
Wikipedia,L5,1768,hin_Deva,0.9974133372306824
Wikipedia,L20,1768,hin_Deva,0.9957880973815918
Wikipedia,L1,1769,hin_Deva,0.9891323447227478
Wikipedia,L5,1769,hin_Deva,0.9973845481872559
Wikipedia,L20,1769,hin_Deva,0.9987059235572815
Wikipedia,L1,1774,hin_Deva,0.997789204120636
Wikipedia,L5,1774,hin_Deva,0.997032105922699
Wikipedia,L20,1774,hin_Deva,0.998171865940094
Wikipedia,L1,1775,hin_Deva,0.9929643273353577
Wikipedia,L5,1775,hin_Deva,0.9957656860351562
Wikipedia,L20,1775,hin_Deva,0.9972608685493469
Wikipedia,L1,1776,hin_Deva,0.9772801399230957
Wikipedia,L5,1776,hin_Deva,0.9961927533149719
Wikipedia,L20,1776,hin_Deva,0.997795820236206
Wikipedia,L1,1779,hin_Deva,0.991892397403717
Wikipedia,L5,1779,hin_Deva,0.9903231859207153
Wikipedia,L20,1779,hin_Deva,0.9907603859901428
Wikipedia,L1,1780,hin_Deva,0.9834741950035095
Wikipedia,L5,1780,hin_Deva,0.9847857356071472
Wikipedia,L20,1780,hin_Deva,0.9969730973243713
Wikipedia,L1,1783,hin_Deva,0.9994447827339172
Wikipedia,L5,1783,hin_Deva,0.9994420409202576
Wikipedia,L20,1783,hin_Deva,0.9988941550254822
Wikipedia,L1,1784,hin_Deva,0.9971187710762024
Wikipedia,L5,1784,hin_Deva,0.9988922476768494
Wikipedia,L20,1784,hin_Deva,0.9984506964683533
Wikipedia,L1,1791,hin_Deva,0.9148164987564087
Wikipedia,L5,1791,hin_Deva,0.9943390488624573
Wikipedia,L20,1791,hin_Deva,0.9965744614601135
Wikipedia,L1,1792,hin_Deva,0.9990348815917969
Wikipedia,L5,1792,hin_Deva,0.9945052266120911
Wikipedia,L20,1792,hin_Deva,0.9931402802467346
Wikipedia,L1,1793,hin_Deva,0.9971661567687988
Wikipedia,L5,1793,hin_Deva,0.9987381100654602
Wikipedia,L20,1793,hin_Deva,0.9992464780807495
Wikipedia,L1,1794,hin_Deva,0.9408366680145264
Wikipedia,L5,1794,hin_Deva,0.9966682195663452
Wikipedia,L20,1794,hin_Deva,0.9975495338439941
Wikipedia,L1,1795,hin_Deva,0.9819918274879456
Wikipedia,L5,1795,hin_Deva,0.9975502490997314
Wikipedia,L20,1795,hin_Deva,0.9979931116104126
Wikipedia,L1,1796,hin_Deva,0.9728598594665527
Wikipedia,L5,1796,hin_Deva,0.9858431816101074
Wikipedia,L20,1796,hin_Deva,0.9951587319374084
Wikipedia,L1,1797,hin_Deva,0.9521737098693848
Wikipedia,L5,1797,hin_Deva,0.995922863483429
Wikipedia,L20,1797,hin_Deva,0.9970917105674744
Wikipedia,L1,1798,hin_Deva,0.9981433749198914
Wikipedia,L5,1798,hin_Deva,0.9977238178253174
Wikipedia,L20,1798,hin_Deva,0.9956188797950745
Wikipedia,L1,1800,hin_Deva,0.9998078942298889
Wikipedia,L5,1800,hin_Deva,0.9970508217811584
Wikipedia,L20,1800,hin_Deva,0.9979623556137085
Wikipedia,L1,1801,hin_Deva,0.9983948469161987
Wikipedia,L5,1801,hin_Deva,0.9943069815635681
Wikipedia,L20,1801,hin_Deva,0.9976261854171753
Wikipedia,L1,1806,hin_Deva,0.9988952279090881
Wikipedia,L5,1806,hin_Deva,0.9853483438491821
Wikipedia,L20,1806,hin_Deva,0.9928956627845764
Wikipedia,L1,1807,hin_Deva,0.9479489922523499
Wikipedia,L5,1807,hin_Deva,0.951544463634491
Wikipedia,L20,1807,hin_Deva,0.9854744076728821
Wikipedia,L1,1808,hin_Deva,0.9931110143661499
Wikipedia,L5,1808,hin_Deva,0.9787603616714478
Wikipedia,L20,1808,hin_Deva,0.9982527494430542
Wikipedia,L1,1813,hin_Deva,0.9966967701911926
Wikipedia,L5,1813,hin_Deva,0.9989919066429138
Wikipedia,L20,1813,hin_Deva,0.9982779026031494
Wikipedia,L1,1814,hin_Deva,0.9949405789375305
Wikipedia,L5,1814,hin_Deva,0.9839910864830017
Wikipedia,L20,1814,hin_Deva,0.9966481924057007
Wikipedia,L1,1815,hin_Deva,0.8783414363861084
Wikipedia,L5,1815,hin_Deva,0.9967055320739746
Wikipedia,L20,1815,hin_Deva,0.9985865354537964
Wikipedia,L1,1816,hin_Deva,0.9175760746002197
Wikipedia,L5,1816,hin_Deva,0.99680095911026
Wikipedia,L20,1816,hin_Deva,0.997832179069519
Wikipedia,L1,1817,hin_Deva,0.9630448222160339
Wikipedia,L5,1817,hin_Deva,0.9976873993873596
Wikipedia,L20,1817,hin_Deva,0.9976038336753845
Wikipedia,L1,1818,hin_Deva,0.992225706577301
Wikipedia,L5,1818,hin_Deva,0.9925087094306946
Wikipedia,L20,1818,hin_Deva,0.9952095746994019
Wikipedia,L1,1819,hin_Deva,0.9109166264533997
Wikipedia,L5,1819,hin_Deva,0.9993233680725098
Wikipedia,L20,1819,hin_Deva,0.9992879033088684
Wikipedia,L1,1820,hin_Deva,0.9994074106216431
Wikipedia,L5,1820,hin_Deva,0.9977567791938782
Wikipedia,L20,1820,hin_Deva,0.9937642216682434
Wikipedia,L1,1821,hin_Deva,0.9906080365180969
Wikipedia,L5,1821,hin_Deva,0.9987784028053284
Wikipedia,L20,1821,hin_Deva,0.9987728595733643
Wikipedia,L1,1822,hin_Deva,0.9948132634162903
Wikipedia,L5,1822,hin_Deva,0.9988884329795837
Wikipedia,L20,1822,hin_Deva,0.9969867467880249
Wikipedia,L1,1823,hin_Deva,0.9971522688865662
Wikipedia,L5,1823,hin_Deva,0.9991693496704102
Wikipedia,L20,1823,hin_Deva,0.9978418946266174
Wikipedia,L1,1824,hin_Deva,0.5264830589294434
Wikipedia,L5,1824,hin_Deva,0.973021924495697
Wikipedia,L20,1824,hin_Deva,0.9915256500244141
Wikipedia,L1,1825,hin_Deva,0.9969708323478699
Wikipedia,L5,1825,hin_Deva,0.9985511302947998
Wikipedia,L20,1825,hin_Deva,0.9993510842323303
Wikipedia,L1,1826,hin_Deva,0.9643157124519348
Wikipedia,L5,1826,hin_Deva,0.9965783357620239
Wikipedia,L20,1826,hin_Deva,0.9982683062553406
Wikipedia,L1,1828,hin_Deva,0.9800506830215454
Wikipedia,L5,1828,hin_Deva,0.9862862825393677
Wikipedia,L20,1828,hin_Deva,0.997868001461029
Wikipedia,L1,1829,hin_Deva,0.9954632520675659
Wikipedia,L5,1829,hin_Deva,0.997201144695282
Wikipedia,L20,1829,hin_Deva,0.9981896877288818
Wikipedia,L1,1830,hin_Deva,0.9940750002861023
Wikipedia,L5,1830,hin_Deva,0.9748247265815735
Wikipedia,L20,1830,hin_Deva,0.9918797016143799
Wikipedia,L1,1832,hin_Deva,0.9962136149406433
Wikipedia,L5,1832,hin_Deva,0.9902087450027466
Wikipedia,L20,1832,hin_Deva,0.9965071082115173
Wikipedia,L1,1833,hin_Deva,0.9800996780395508
Wikipedia,L5,1833,hin_Deva,0.997263491153717
Wikipedia,L20,1833,hin_Deva,0.9982806444168091
Wikipedia,L1,1834,hin_Deva,0.9756145477294922
Wikipedia,L5,1834,hin_Deva,0.9961434602737427
Wikipedia,L20,1834,hin_Deva,0.9938793182373047
Wikipedia,L1,1835,hin_Deva,0.9957574009895325
Wikipedia,L5,1835,hin_Deva,0.9965022206306458
Wikipedia,L20,1835,hin_Deva,0.9985236525535583
Wikipedia,L1,1836,hin_Deva,0.9974067211151123
Wikipedia,L5,1836,hin_Deva,0.9928429126739502
Wikipedia,L20,1836,hin_Deva,0.9954050183296204
Wikipedia,L1,1837,hin_Deva,0.9588083624839783
Wikipedia,L5,1837,hin_Deva,0.9956145286560059
Wikipedia,L20,1837,hin_Deva,0.9980687499046326
Wikipedia,L1,1838,hin_Deva,0.9961819052696228
Wikipedia,L5,1838,hin_Deva,0.9953904151916504
Wikipedia,L20,1838,hin_Deva,0.9929344654083252
Wikipedia,L1,1840,new_Deva,0.9706647396087646
Wikipedia,L5,1840,hin_Deva,0.9744620323181152
Wikipedia,L20,1840,hin_Deva,0.9958335161209106
Wikipedia,L1,1842,hin_Deva,0.8905155062675476
Wikipedia,L5,1842,hin_Deva,0.9404091835021973
Wikipedia,L20,1842,hin_Deva,0.9811767935752869
Wikipedia,L1,1843,hin_Deva,0.9815282225608826
Wikipedia,L5,1843,hin_Deva,0.9963739514350891
Wikipedia,L20,1843,hin_Deva,0.9945756196975708
Wikipedia,L1,1844,hin_Deva,0.9456440806388855
Wikipedia,L5,1844,hin_Deva,0.9780153632164001
Wikipedia,L20,1844,hin_Deva,0.9863444566726685
Wikipedia,L1,1847,hin_Deva,0.8565977215766907
Wikipedia,L5,1847,hin_Deva,0.9908437132835388
Wikipedia,L20,1847,hin_Deva,0.9948010444641113
Wikipedia,L1,1848,hin_Deva,0.8922372460365295
Wikipedia,L5,1848,hin_Deva,0.9944378137588501
Wikipedia,L20,1848,hin_Deva,0.9933332800865173
Wikipedia,L1,1849,hin_Deva,0.9987334609031677
Wikipedia,L5,1849,hin_Deva,0.9969487190246582
Wikipedia,L20,1849,hin_Deva,0.9943916201591492
Wikipedia,L1,1850,hin_Deva,0.9288897514343262
Wikipedia,L5,1850,hin_Deva,0.9988521933555603
Wikipedia,L20,1850,hin_Deva,0.9985002279281616
Wikipedia,L1,1852,hin_Deva,0.9920096397399902
Wikipedia,L5,1852,hin_Deva,0.9945725798606873
Wikipedia,L20,1852,hin_Deva,0.9938228130340576
Wikipedia,L1,1858,hin_Deva,0.9785236120223999
Wikipedia,L5,1858,hin_Deva,0.996379017829895
Wikipedia,L20,1858,hin_Deva,0.9974088668823242
Wikipedia,L1,1859,new_Deva,0.3612643778324127
Wikipedia,L5,1859,hin_Deva,0.9167608022689819
Wikipedia,L20,1859,hin_Deva,0.9864100217819214
Wikipedia,L1,1860,awa_Deva,0.6161498427391052
Wikipedia,L5,1860,hin_Deva,0.9647678732872009
Wikipedia,L20,1860,hin_Deva,0.9953456521034241
Wikipedia,L1,1861,hin_Deva,0.9913798570632935
Wikipedia,L5,1861,hin_Deva,0.9935526847839355
Wikipedia,L20,1861,hin_Deva,0.9918126463890076
Wikipedia,L1,1866,hin_Deva,0.9683898687362671
Wikipedia,L5,1866,hin_Deva,0.9880142211914062
Wikipedia,L20,1866,hin_Deva,0.9982343316078186
Wikipedia,L1,1867,hin_Deva,0.9905138611793518
Wikipedia,L5,1867,hin_Deva,0.8665359616279602
Wikipedia,L20,1867,hin_Deva,0.9955930113792419
Wikipedia,L1,1868,hin_Deva,0.9947636127471924
Wikipedia,L5,1868,hin_Deva,0.9896063208580017
Wikipedia,L20,1868,hin_Deva,0.9968989491462708
Wikipedia,L1,1871,hin_Deva,0.9827609658241272
Wikipedia,L5,1871,hin_Deva,0.9900440573692322
Wikipedia,L20,1871,hin_Deva,0.9924334287643433
Wikipedia,L1,1873,hin_Deva,0.9437131285667419
Wikipedia,L5,1873,hin_Deva,0.9929165840148926
Wikipedia,L20,1873,hin_Deva,0.9958722591400146
Wikipedia,L1,1874,hin_Deva,0.9762959480285645
Wikipedia,L5,1874,hin_Deva,0.9775094389915466
Wikipedia,L20,1874,hin_Deva,0.9447897672653198
Wikipedia,L1,1876,mag_Deva,0.6735253930091858
Wikipedia,L5,1876,hin_Deva,0.8356565833091736
Wikipedia,L20,1876,hin_Deva,0.9369718432426453
Wikipedia,L1,1877,hin_Deva,0.9939508438110352
Wikipedia,L5,1877,hin_Deva,0.987959623336792
Wikipedia,L20,1877,hin_Deva,0.9935725927352905
Wikipedia,L1,1878,hin_Deva,0.9940846562385559
Wikipedia,L5,1878,hin_Deva,0.9928830862045288
Wikipedia,L20,1878,hin_Deva,0.9920783042907715
Wikipedia,L1,1879,hin_Deva,0.5355541706085205
Wikipedia,L5,1879,hin_Deva,0.9955170154571533
Wikipedia,L20,1879,hin_Deva,0.9945888519287109
Wikipedia,L1,1880,hin_Deva,0.5290319919586182
Wikipedia,L5,1880,hin_Deva,0.9894310235977173
Wikipedia,L20,1880,hin_Deva,0.9968345165252686
Wikipedia,L1,1886,hin_Deva,0.984494686126709
Wikipedia,L5,1886,hin_Deva,0.9984892010688782
Wikipedia,L20,1886,hin_Deva,0.9955360293388367
Wikipedia,L1,1887,hin_Deva,0.9856832027435303
Wikipedia,L5,1887,hin_Deva,0.9951223731040955
Wikipedia,L20,1887,hin_Deva,0.9980052709579468
Wikipedia,L1,1890,hin_Deva,0.9819157123565674
Wikipedia,L5,1890,hin_Deva,0.9949491024017334
Wikipedia,L20,1890,hin_Deva,0.996668815612793
Wikipedia,L1,1892,hin_Deva,0.9765235781669617
Wikipedia,L5,1892,hin_Deva,0.9926273226737976
Wikipedia,L20,1892,hin_Deva,0.9963284730911255
Wikipedia,L1,1893,hin_Deva,0.9998654127120972
Wikipedia,L5,1893,hin_Deva,0.9963380694389343
Wikipedia,L20,1893,hin_Deva,0.9980654716491699
Wikipedia,L1,1894,hin_Deva,0.8747828006744385
Wikipedia,L5,1894,hin_Deva,0.9988381266593933
Wikipedia,L20,1894,hin_Deva,0.9994027614593506
Wikipedia,L1,1895,hin_Deva,0.991109311580658
Wikipedia,L5,1895,hin_Deva,0.958788275718689
Wikipedia,L20,1895,hin_Deva,0.9642723798751831
Wikipedia,L1,1897,hin_Deva,0.9926424622535706
Wikipedia,L5,1897,hin_Deva,0.9964739680290222
Wikipedia,L20,1897,hin_Deva,0.9980689883232117
Wikipedia,L1,1898,hin_Deva,0.9925475716590881
Wikipedia,L5,1898,hin_Deva,0.9974411129951477
Wikipedia,L20,1898,hin_Deva,0.9961141347885132
Wikipedia,L1,1899,hin_Deva,0.8089576959609985
Wikipedia,L5,1899,hin_Deva,0.9891339540481567
Wikipedia,L20,1899,hin_Deva,0.9974492788314819
Wikipedia,L1,1905,hin_Deva,0.9898264408111572
Wikipedia,L5,1905,hin_Deva,0.9879769682884216
Wikipedia,L20,1905,hin_Deva,0.9942678213119507
Wikipedia,L1,1907,hin_Deva,0.9957247376441956
Wikipedia,L5,1907,hin_Deva,0.998751699924469
Wikipedia,L20,1907,hin_Deva,0.9968129396438599
Wikipedia,L1,1909,hin_Deva,0.9959032535552979
Wikipedia,L5,1909,hin_Deva,0.9994820952415466
Wikipedia,L20,1909,hin_Deva,0.9984718561172485
Wikipedia,L1,1910,hin_Deva,0.9554057717323303
Wikipedia,L5,1910,hin_Deva,0.990462064743042
Wikipedia,L20,1910,hin_Deva,0.9879955649375916
Wikipedia,L1,1911,hin_Deva,0.9953242540359497
Wikipedia,L5,1911,hin_Deva,0.9984585046768188
Wikipedia,L20,1911,hin_Deva,0.9988965392112732
Wikipedia,L1,1912,hin_Deva,0.9992308616638184
Wikipedia,L5,1912,hin_Deva,0.9956228733062744
Wikipedia,L20,1912,hin_Deva,0.9923415184020996
Wikipedia,L1,1913,hin_Deva,0.9992973208427429
Wikipedia,L5,1913,hin_Deva,0.9986587166786194
Wikipedia,L20,1913,hin_Deva,0.9990404844284058
Wikipedia,L1,1915,hin_Deva,0.9995818734169006
Wikipedia,L5,1915,hin_Deva,0.9997313618659973
Wikipedia,L20,1915,hin_Deva,0.9994526505470276
Wikipedia,L1,1918,hin_Deva,0.9705377221107483
Wikipedia,L5,1918,hin_Deva,0.9965751767158508
Wikipedia,L20,1918,hin_Deva,0.9973427057266235
Wikipedia,L1,1921,hin_Deva,0.9622477889060974
Wikipedia,L5,1921,hin_Deva,0.9915488362312317
Wikipedia,L20,1921,hin_Deva,0.9932863712310791
Wikipedia,L1,1922,hin_Deva,0.9884482026100159
Wikipedia,L5,1922,hin_Deva,0.994096040725708
Wikipedia,L20,1922,hin_Deva,0.9963302612304688
Wikipedia,L1,1924,hin_Deva,0.9828816652297974
Wikipedia,L5,1924,hin_Deva,0.9925059080123901
Wikipedia,L20,1924,hin_Deva,0.9923261404037476
Wikipedia,L1,1926,hin_Deva,0.996784508228302
Wikipedia,L5,1926,hin_Deva,0.9961918592453003
Wikipedia,L20,1926,hin_Deva,0.9958336353302002
Wikipedia,L1,1928,hin_Deva,0.9995294809341431
Wikipedia,L5,1928,hin_Deva,0.9983842372894287
Wikipedia,L20,1928,hin_Deva,0.997223436832428
Wikipedia,L1,1930,hin_Deva,0.9996404647827148
Wikipedia,L5,1930,hin_Deva,0.9987429976463318
Wikipedia,L20,1930,hin_Deva,0.9987433552742004
Wikipedia,L1,1931,hin_Deva,0.9941639304161072
Wikipedia,L5,1931,hin_Deva,0.9943318367004395
Wikipedia,L20,1931,hin_Deva,0.9951667189598083
Wikipedia,L1,1936,hin_Deva,0.982910692691803
Wikipedia,L5,1936,hin_Deva,0.9940791130065918
Wikipedia,L20,1936,hin_Deva,0.9970031976699829
Wikipedia,L1,1938,hin_Deva,0.670616090297699
Wikipedia,L5,1938,hin_Deva,0.9943451285362244
Wikipedia,L20,1938,hin_Deva,0.9969175457954407
Wikipedia,L1,1939,hin_Deva,0.9950652122497559
Wikipedia,L5,1939,hin_Deva,0.9888278245925903
Wikipedia,L20,1939,hin_Deva,0.9906013607978821
Wikipedia,L1,1940,hin_Deva,0.6049888134002686
Wikipedia,L5,1940,hin_Deva,0.9951567053794861
Wikipedia,L20,1940,hin_Deva,0.9949700832366943
Wikipedia,L1,1942,hin_Deva,0.9833257794380188
Wikipedia,L5,1942,hin_Deva,0.9972490072250366
Wikipedia,L20,1942,hin_Deva,0.9972179532051086
Wikipedia,L1,1943,hin_Deva,0.9802223443984985
Wikipedia,L5,1943,hin_Deva,0.9403237104415894
Wikipedia,L20,1943,hin_Deva,0.9959217309951782
Wikipedia,L1,1947,hin_Deva,0.9874039888381958
Wikipedia,L5,1947,hin_Deva,0.9850653409957886
Wikipedia,L20,1947,hin_Deva,0.994249701499939
Wikipedia,L1,1948,hin_Deva,0.9933784604072571
Wikipedia,L5,1948,hin_Deva,0.9952165484428406
Wikipedia,L20,1948,hin_Deva,0.9941495656967163
Wikipedia,L1,1949,hin_Deva,0.6794358491897583
Wikipedia,L5,1949,hin_Deva,0.9889352917671204
Wikipedia,L20,1949,hin_Deva,0.9898868203163147
Wikipedia,L1,1950,hin_Deva,0.9107199311256409
Wikipedia,L5,1950,hin_Deva,0.9990717768669128
Wikipedia,L20,1950,hin_Deva,0.9971743226051331
Wikipedia,L1,1951,hin_Deva,0.9955991506576538
Wikipedia,L5,1951,hin_Deva,0.995779812335968
Wikipedia,L20,1951,hin_Deva,0.9970439672470093
Wikipedia,L1,1953,hin_Deva,0.6855602264404297
Wikipedia,L5,1953,awa_Deva,0.5034012198448181
Wikipedia,L20,1953,hin_Deva,0.9272100925445557
Wikipedia,L1,1956,hin_Deva,0.9946563839912415
Wikipedia,L5,1956,hin_Deva,0.9895616173744202
Wikipedia,L20,1956,hin_Deva,0.986102283000946
Wikipedia,L1,1958,hin_Deva,0.4391176998615265
Wikipedia,L5,1958,hin_Deva,0.8943101763725281
Wikipedia,L20,1958,hin_Deva,0.890952467918396
Wikipedia,L1,1959,awa_Deva,0.7486478090286255
Wikipedia,L5,1959,hin_Deva,0.9946243166923523
Wikipedia,L20,1959,hin_Deva,0.9879451990127563
Wikipedia,L1,1962,hin_Deva,0.9870855212211609
Wikipedia,L5,1962,hin_Deva,0.9569222927093506
Wikipedia,L20,1962,hin_Deva,0.9957371950149536
Wikipedia,L1,1965,hin_Deva,0.9740126132965088
Wikipedia,L5,1965,hin_Deva,0.9771193861961365
Wikipedia,L20,1965,hin_Deva,0.9858177900314331
Wikipedia,L1,1966,hin_Deva,0.9969022870063782
Wikipedia,L5,1966,hin_Deva,0.9982562065124512
Wikipedia,L20,1966,hin_Deva,0.9974472522735596
Wikipedia,L1,1970,hin_Deva,0.9959161281585693
Wikipedia,L5,1970,hin_Deva,0.9587941765785217
Wikipedia,L20,1970,hin_Deva,0.9936082363128662
Wikipedia,L1,1971,hin_Deva,0.90950608253479
Wikipedia,L5,1971,hin_Deva,0.9958013296127319
Wikipedia,L20,1971,hin_Deva,0.9943128824234009
Wikipedia,L1,1975,hin_Deva,0.9845595359802246
Wikipedia,L5,1975,hin_Deva,0.9762268662452698
Wikipedia,L20,1975,hin_Deva,0.994231104850769
Wikipedia,L1,1977,hin_Deva,0.9562756419181824
Wikipedia,L5,1977,hin_Deva,0.9888739585876465
Wikipedia,L20,1977,hin_Deva,0.9847484827041626
Wikipedia,L1,1978,hin_Deva,0.9961711168289185
Wikipedia,L5,1978,hin_Deva,0.9889379739761353
Wikipedia,L20,1978,hin_Deva,0.9982038140296936
Wikipedia,L1,1981,hin_Deva,0.990515410900116
Wikipedia,L5,1981,hin_Deva,0.9804487228393555
Wikipedia,L20,1981,hin_Deva,0.994657576084137
Wikipedia,L1,1983,hin_Deva,0.8960232734680176
Wikipedia,L5,1983,hin_Deva,0.9660364985466003
Wikipedia,L20,1983,hin_Deva,0.9909048080444336
Wikipedia,L1,1984,hin_Deva,0.9858353734016418
Wikipedia,L5,1984,hin_Deva,0.9897043704986572
Wikipedia,L20,1984,hin_Deva,0.9933062195777893
Wikipedia,L1,1985,hin_Deva,0.9975090622901917
Wikipedia,L5,1985,hin_Deva,0.998562753200531
Wikipedia,L20,1985,hin_Deva,0.9950852990150452
Wikipedia,L1,1987,hin_Deva,0.9950513243675232
Wikipedia,L5,1987,hin_Deva,0.9955258965492249
Wikipedia,L20,1987,hin_Deva,0.9956384897232056
Wikipedia,L1,1989,hin_Deva,0.9511144757270813
Wikipedia,L5,1989,hin_Deva,0.9991156458854675
Wikipedia,L20,1989,hin_Deva,0.9984527230262756
Wikipedia,L1,1990,hin_Deva,0.9963278770446777
Wikipedia,L5,1990,hin_Deva,0.990634024143219
Wikipedia,L20,1990,hin_Deva,0.9878343343734741
Wikipedia,L1,1992,hin_Deva,0.9938070774078369
Wikipedia,L5,1992,hin_Deva,0.9984744787216187
Wikipedia,L20,1992,hin_Deva,0.9980400204658508
Wikipedia,L1,1993,hin_Deva,0.995567262172699
Wikipedia,L5,1993,hin_Deva,0.9962595105171204
Wikipedia,L20,1993,hin_Deva,0.9939234852790833
Wikipedia,L1,1994,hin_Deva,0.9973060488700867
Wikipedia,L5,1994,hin_Deva,0.999687671661377
Wikipedia,L20,1994,hin_Deva,0.9991476535797119
Wikipedia,L1,1997,hin_Deva,0.9879403114318848
Wikipedia,L5,1997,hin_Deva,0.9913380742073059
Wikipedia,L20,1997,hin_Deva,0.9906679391860962
Wikipedia,L1,1999,hin_Deva,0.9995369911193848
Wikipedia,L5,1999,hin_Deva,0.9977762699127197
Wikipedia,L20,1999,hin_Deva,0.9982556104660034
Wikipedia,L1,2000,hin_Deva,0.9922513961791992
Wikipedia,L5,2000,hin_Deva,0.9953534007072449
Wikipedia,L20,2000,hin_Deva,0.9966541528701782
Wikipedia,L1,2002,hin_Deva,0.9991464018821716
Wikipedia,L5,2002,hin_Deva,0.9984496235847473
Wikipedia,L20,2002,hin_Deva,0.9984990358352661
Wikipedia,L1,2003,new_Deva,0.6386346817016602
Wikipedia,L5,2003,hin_Deva,0.9914949536323547
Wikipedia,L20,2003,hin_Deva,0.9927391409873962
Wikipedia,L1,2005,hin_Deva,0.9999339580535889
Wikipedia,L5,2005,hin_Deva,0.9997221827507019
Wikipedia,L20,2005,hin_Deva,0.99870765209198
Wikipedia,L1,2006,hin_Deva,0.9549062848091125
Wikipedia,L5,2006,hin_Deva,0.9901182651519775
Wikipedia,L20,2006,hin_Deva,0.9912117719650269
Wikipedia,L1,2011,hin_Deva,0.990547239780426
Wikipedia,L5,2011,hin_Deva,0.9969926476478577
Wikipedia,L20,2011,hin_Deva,0.9961003661155701
Wikipedia,L1,2013,hin_Deva,0.9969890117645264
Wikipedia,L5,2013,hin_Deva,0.9976483583450317
Wikipedia,L20,2013,hin_Deva,0.9984986782073975
Wikipedia,L1,2014,hin_Deva,0.9994997978210449
Wikipedia,L5,2014,hin_Deva,0.9998753070831299
Wikipedia,L20,2014,hin_Deva,0.9997655749320984
Wikipedia,L1,2015,hin_Deva,0.9896327257156372
Wikipedia,L5,2015,hin_Deva,0.9965184330940247
Wikipedia,L20,2015,hin_Deva,0.9974958896636963
Wikipedia,L1,2016,hin_Deva,0.9883385896682739
Wikipedia,L5,2016,hin_Deva,0.9978727698326111
Wikipedia,L20,2016,hin_Deva,0.9984266757965088
Wikipedia,L1,2017,hin_Deva,0.9201978445053101
Wikipedia,L5,2017,hin_Deva,0.9956846833229065
Wikipedia,L20,2017,hin_Deva,0.9983561038970947
Wikipedia,L1,2018,hin_Deva,0.9915983080863953
Wikipedia,L5,2018,hin_Deva,0.9954646825790405
Wikipedia,L20,2018,hin_Deva,0.9964960813522339
Wikipedia,L1,2019,hin_Deva,0.9968502521514893
Wikipedia,L5,2019,hin_Deva,0.9965857863426208
Wikipedia,L20,2019,hin_Deva,0.9945465326309204
Wikipedia,L1,2022,awa_Deva,0.7770841121673584
Wikipedia,L5,2022,hin_Deva,0.9869516491889954
Wikipedia,L20,2022,hin_Deva,0.9944009184837341
Wikipedia,L1,2023,hin_Deva,0.9934949278831482
Wikipedia,L5,2023,hin_Deva,0.9982679486274719
Wikipedia,L20,2023,hin_Deva,0.9970823526382446
Wikipedia,L1,2025,hin_Deva,0.9991497993469238
Wikipedia,L5,2025,hin_Deva,0.9986898303031921
Wikipedia,L20,2025,hin_Deva,0.9982458353042603
Wikipedia,L1,2027,hin_Deva,0.9989494681358337
Wikipedia,L5,2027,hin_Deva,0.999853253364563
Wikipedia,L20,2027,hin_Deva,0.999152421951294
Wikipedia,L1,2029,hin_Deva,0.9960507154464722
Wikipedia,L5,2029,hin_Deva,0.9994124174118042
Wikipedia,L20,2029,hin_Deva,0.9994226694107056
Wikipedia,L1,2030,hin_Deva,0.9828886985778809
Wikipedia,L5,2030,hin_Deva,0.9951121807098389
Wikipedia,L20,2030,hin_Deva,0.9964690804481506
Wikipedia,L1,2031,hin_Deva,0.8690245151519775
Wikipedia,L5,2031,hin_Deva,0.9941161870956421
Wikipedia,L20,2031,hin_Deva,0.9948666095733643
Wikipedia,L1,2032,hin_Deva,0.9738953113555908
Wikipedia,L5,2032,hin_Deva,0.9990742802619934
Wikipedia,L20,2032,hin_Deva,0.999430775642395
Wikipedia,L1,2033,hin_Deva,0.9990523457527161
Wikipedia,L5,2033,hin_Deva,0.9987800717353821
Wikipedia,L20,2033,hin_Deva,0.9987024664878845
Wikipedia,L1,2034,hin_Deva,0.8978837728500366
Wikipedia,L5,2034,hin_Deva,0.9951544404029846
Wikipedia,L20,2034,hin_Deva,0.9964969158172607
Wikipedia,L1,2035,hin_Deva,0.9949508905410767
Wikipedia,L5,2035,hin_Deva,0.99696946144104
Wikipedia,L20,2035,hin_Deva,0.9975603222846985
Wikipedia,L1,2038,hin_Deva,0.988899827003479
Wikipedia,L5,2038,hin_Deva,0.97873455286026
Wikipedia,L20,2038,hin_Deva,0.9961839318275452
Wikipedia,L1,2039,hin_Deva,0.9922382235527039
Wikipedia,L5,2039,hin_Deva,0.994574785232544
Wikipedia,L20,2039,hin_Deva,0.988157331943512
Wikipedia,L1,2040,hin_Deva,0.996090829372406
Wikipedia,L5,2040,hin_Deva,0.9943095445632935
Wikipedia,L20,2040,hin_Deva,0.9967132210731506
Wikipedia,L1,2042,kas_Deva,0.834380567073822
Wikipedia,L5,2042,hin_Deva,0.9973308444023132
Wikipedia,L20,2042,hin_Deva,0.9980507493019104
Wikipedia,L1,2043,hin_Deva,0.9706168174743652
Wikipedia,L5,2043,hin_Deva,0.996133029460907
Wikipedia,L20,2043,hin_Deva,0.9979782700538635
Wikipedia,L1,2044,hin_Deva,0.9974599480628967
Wikipedia,L5,2044,hin_Deva,0.9986245632171631
Wikipedia,L20,2044,hin_Deva,0.9983394742012024
Wikipedia,L1,2046,hin_Deva,0.9975663423538208
Wikipedia,L5,2046,hin_Deva,0.9986308813095093
Wikipedia,L20,2046,hin_Deva,0.9990475177764893
Wikipedia,L1,2049,hin_Deva,0.9519093632698059
Wikipedia,L5,2049,hin_Deva,0.958320677280426
Wikipedia,L20,2049,hin_Deva,0.9916952848434448
Wikipedia,L1,2053,hin_Deva,0.9997009038925171
Wikipedia,L5,2053,hin_Deva,0.9969940781593323
Wikipedia,L20,2053,hin_Deva,0.9984412789344788
Wikipedia,L1,2054,hin_Deva,0.9684033989906311
Wikipedia,L5,2054,hin_Deva,0.9905897974967957
Wikipedia,L20,2054,hin_Deva,0.9959681630134583
Wikipedia,L1,2055,hin_Deva,0.9815685153007507
Wikipedia,L5,2055,hin_Deva,0.9936022162437439
Wikipedia,L20,2055,hin_Deva,0.9942270517349243
Wikipedia,L1,2056,hin_Deva,0.7731155157089233
Wikipedia,L5,2056,hin_Deva,0.9904806613922119
Wikipedia,L20,2056,hin_Deva,0.9966606497764587
Wikipedia,L1,2057,hin_Deva,0.9918813705444336
Wikipedia,L5,2057,hin_Deva,0.9962475299835205
Wikipedia,L20,2057,hin_Deva,0.9948899745941162
Wikipedia,L1,2058,hin_Deva,0.6982865333557129
Wikipedia,L5,2058,hin_Deva,0.9964820146560669
Wikipedia,L20,2058,hin_Deva,0.996399462223053
Wikipedia,L1,2059,hin_Deva,0.8749731183052063
Wikipedia,L5,2059,hin_Deva,0.9453909397125244
Wikipedia,L20,2059,hin_Deva,0.9924166798591614
Wikipedia,L1,2060,hin_Deva,0.998073399066925
Wikipedia,L5,2060,hin_Deva,0.996985673904419
Wikipedia,L20,2060,hin_Deva,0.9991282820701599
Wikipedia,L1,2062,hin_Deva,0.928894579410553
Wikipedia,L5,2062,hin_Deva,0.9884006977081299
Wikipedia,L20,2062,hin_Deva,0.9953632354736328
Wikipedia,L1,2064,hin_Deva,0.997332751750946
Wikipedia,L5,2064,hin_Deva,0.977562665939331
Wikipedia,L20,2064,hin_Deva,0.9961665272712708
Wikipedia,L1,2065,hin_Deva,0.9971832036972046
Wikipedia,L5,2065,hin_Deva,0.9694054126739502
Wikipedia,L20,2065,hin_Deva,0.9941483736038208
Wikipedia,L1,2068,hin_Deva,0.9962973594665527
Wikipedia,L5,2068,hin_Deva,0.9994275569915771
Wikipedia,L20,2068,hin_Deva,0.9993757605552673
Wikipedia,L1,2070,hin_Deva,0.9993335008621216
Wikipedia,L5,2070,hin_Deva,0.9943641424179077
Wikipedia,L20,2070,hin_Deva,0.997772216796875
Wikipedia,L1,2072,awa_Deva,0.7972163558006287
Wikipedia,L5,2072,hin_Deva,0.8087462782859802
Wikipedia,L20,2072,hin_Deva,0.9499834179878235
Wikipedia,L1,2073,hin_Deva,0.8882901072502136
Wikipedia,L5,2073,hin_Deva,0.9977373480796814
Wikipedia,L20,2073,hin_Deva,0.9971370100975037
Wikipedia,L1,2074,hin_Deva,0.9905832409858704
Wikipedia,L5,2074,hin_Deva,0.9972407221794128
Wikipedia,L20,2074,hin_Deva,0.9984189867973328
Wikipedia,L1,2075,hin_Deva,0.9959835410118103
Wikipedia,L5,2075,hin_Deva,0.9896124005317688
Wikipedia,L20,2075,hin_Deva,0.9953445792198181
Wikipedia,L1,2076,hin_Deva,0.9696077704429626
Wikipedia,L5,2076,hin_Deva,0.9954611659049988
Wikipedia,L20,2076,hin_Deva,0.9951222538948059
Wikipedia,L1,2078,hin_Deva,0.979181706905365
Wikipedia,L5,2078,hin_Deva,0.9965398907661438
Wikipedia,L20,2078,hin_Deva,0.9979064464569092
Wikipedia,L1,2079,hin_Deva,0.9974421858787537
Wikipedia,L5,2079,hin_Deva,0.9962356090545654
Wikipedia,L20,2079,hin_Deva,0.994714081287384
Wikipedia,L1,2082,hin_Deva,0.8776041269302368
Wikipedia,L5,2082,hin_Deva,0.5819239020347595
Wikipedia,L20,2082,hin_Deva,0.9872593283653259
Wikipedia,L1,2085,hin_Deva,0.9591678977012634
Wikipedia,L5,2085,hin_Deva,0.9850364327430725
Wikipedia,L20,2085,hin_Deva,0.9948008060455322
Wikipedia,L1,2086,hin_Deva,0.9612213969230652
Wikipedia,L5,2086,hin_Deva,0.997635543346405
Wikipedia,L20,2086,hin_Deva,0.9943366646766663
Wikipedia,L1,2089,hin_Deva,0.9361017346382141
Wikipedia,L5,2089,hin_Deva,0.9895513653755188
Wikipedia,L20,2089,hin_Deva,0.9932522177696228
Wikipedia,L1,2090,hin_Deva,0.9926849007606506
Wikipedia,L5,2090,hin_Deva,0.8257437944412231
Wikipedia,L20,2090,hin_Deva,0.9641693830490112
Wikipedia,L1,2092,hin_Deva,0.9843569993972778
Wikipedia,L5,2092,hin_Deva,0.9931082129478455
Wikipedia,L20,2092,hin_Deva,0.9960483312606812
Wikipedia,L1,2093,hin_Deva,0.9995206594467163
Wikipedia,L5,2093,hin_Deva,0.9990506768226624
Wikipedia,L20,2093,hin_Deva,0.9968391060829163
Wikipedia,L1,2094,hin_Deva,0.9772167205810547
Wikipedia,L5,2094,hin_Deva,0.9984062314033508
Wikipedia,L20,2094,hin_Deva,0.9913864731788635
Wikipedia,L1,2095,hin_Deva,0.803067684173584
Wikipedia,L5,2095,hin_Deva,0.9763427376747131
Wikipedia,L20,2095,hin_Deva,0.9775614142417908
Wikipedia,L1,2096,hin_Deva,0.9939223527908325
Wikipedia,L5,2096,hin_Deva,0.9977402091026306
Wikipedia,L20,2096,hin_Deva,0.9976641535758972
Wikipedia,L1,2099,hin_Deva,0.990196943283081
Wikipedia,L5,2099,hin_Deva,0.9941622614860535
Wikipedia,L20,2099,hin_Deva,0.9934601187705994
Wikipedia,L1,2100,hin_Deva,0.9790073037147522
Wikipedia,L5,2100,hin_Deva,0.9871156215667725
Wikipedia,L20,2100,hin_Deva,0.9946452975273132
Wikipedia,L1,2101,hin_Deva,0.9996522665023804
Wikipedia,L5,2101,hin_Deva,0.9881123304367065
Wikipedia,L20,2101,hin_Deva,0.9885580539703369
Wikipedia,L1,2102,hin_Deva,0.9473646879196167
Wikipedia,L5,2102,hin_Deva,0.9976916313171387
Wikipedia,L20,2102,hin_Deva,0.9967441558837891
Wikipedia,L1,2103,hin_Deva,0.9908303618431091
Wikipedia,L5,2103,hin_Deva,0.9876960515975952
Wikipedia,L20,2103,hin_Deva,0.9853954911231995
Wikipedia,L1,2104,hin_Deva,0.8919994235038757
Wikipedia,L5,2104,hin_Deva,0.9823979735374451
Wikipedia,L20,2104,hin_Deva,0.9889057874679565
Wikipedia,L1,2105,hin_Deva,0.9971660375595093
Wikipedia,L5,2105,hin_Deva,0.9971714019775391
Wikipedia,L20,2105,hin_Deva,0.9943887591362
Wikipedia,L1,2106,hin_Deva,0.9762688875198364
Wikipedia,L5,2106,hin_Deva,0.9968398213386536
Wikipedia,L20,2106,hin_Deva,0.9951125383377075
Wikipedia,L1,2109,hin_Deva,0.6259960532188416
Wikipedia,L5,2109,hin_Deva,0.9948020577430725
Wikipedia,L20,2109,hin_Deva,0.9972358345985413
Wikipedia,L1,2110,hin_Deva,0.9970381855964661
Wikipedia,L5,2110,hin_Deva,0.9807539582252502
Wikipedia,L20,2110,hin_Deva,0.9906336665153503
Wikipedia,L1,2111,hin_Deva,0.8769083023071289
Wikipedia,L5,2111,hin_Deva,0.9645493030548096
Wikipedia,L20,2111,hin_Deva,0.9856762290000916
Wikipedia,L1,2112,hin_Deva,0.9997486472129822
Wikipedia,L5,2112,hin_Deva,0.988763689994812
Wikipedia,L20,2112,hin_Deva,0.9984539151191711
Wikipedia,L1,2113,hin_Deva,0.9990848302841187
Wikipedia,L5,2113,hin_Deva,0.9980589151382446
Wikipedia,L20,2113,hin_Deva,0.9983494281768799
Wikipedia,L1,2114,hin_Deva,0.9961913824081421
Wikipedia,L5,2114,hin_Deva,0.9957254528999329
Wikipedia,L20,2114,hin_Deva,0.9946861267089844
Wikipedia,L1,2115,hin_Deva,0.8629859089851379
Wikipedia,L5,2115,hin_Deva,0.9905205368995667
Wikipedia,L20,2115,hin_Deva,0.9954171180725098
Wikipedia,L1,2117,hin_Deva,0.999006450176239
Wikipedia,L5,2117,hin_Deva,0.9970750212669373
Wikipedia,L20,2117,hin_Deva,0.9969509243965149
Wikipedia,L1,2119,hin_Deva,0.9969841241836548
Wikipedia,L5,2119,hin_Deva,0.9943238496780396
Wikipedia,L20,2119,hin_Deva,0.9977692365646362
Wikipedia,L1,2120,hin_Deva,0.8678080439567566
Wikipedia,L5,2120,hin_Deva,0.983655571937561
Wikipedia,L20,2120,hin_Deva,0.9822361469268799
Wikipedia,L1,2121,hin_Deva,0.9990089535713196
Wikipedia,L5,2121,hin_Deva,0.9963263273239136
Wikipedia,L20,2121,hin_Deva,0.9989310503005981
Wikipedia,L1,2123,hin_Deva,0.9994587302207947
Wikipedia,L5,2123,hin_Deva,0.9986878037452698
Wikipedia,L20,2123,hin_Deva,0.9980775713920593
Wikipedia,L1,2125,hin_Deva,0.9930071234703064
Wikipedia,L5,2125,hin_Deva,0.9969984889030457
Wikipedia,L20,2125,hin_Deva,0.9930035471916199
Wikipedia,L1,2128,hin_Deva,0.994142472743988
Wikipedia,L5,2128,hin_Deva,0.9976456165313721
Wikipedia,L20,2128,hin_Deva,0.9986975789070129
Wikipedia,L1,2129,new_Deva,0.7423110604286194
Wikipedia,L5,2129,hin_Deva,0.9687538743019104
Wikipedia,L20,2129,hin_Deva,0.9826852083206177
Wikipedia,L1,2131,hin_Deva,0.9763967394828796
Wikipedia,L5,2131,hin_Deva,0.9966431260108948
Wikipedia,L20,2131,hin_Deva,0.998380720615387
Wikipedia,L1,2132,hin_Deva,0.9464385509490967
Wikipedia,L5,2132,hin_Deva,0.984812319278717
Wikipedia,L20,2132,hin_Deva,0.9937092065811157
Wikipedia,L1,2133,hin_Deva,0.9988881945610046
Wikipedia,L5,2133,hin_Deva,0.9984384775161743
Wikipedia,L20,2133,hin_Deva,0.9980809092521667
Wikipedia,L1,2134,hin_Deva,0.9887489080429077
Wikipedia,L5,2134,hin_Deva,0.9982191324234009
Wikipedia,L20,2134,hin_Deva,0.997639536857605
Wikipedia,L1,2136,hin_Deva,0.9960890412330627
Wikipedia,L5,2136,hin_Deva,0.9977455139160156
Wikipedia,L20,2136,hin_Deva,0.996306836605072
Wikipedia,L1,2142,hin_Deva,0.9898258447647095
Wikipedia,L5,2142,hin_Deva,0.9983296990394592
Wikipedia,L20,2142,hin_Deva,0.9969236850738525
Wikipedia,L1,2143,hin_Deva,0.9972173571586609
Wikipedia,L5,2143,hin_Deva,0.9995875954627991
Wikipedia,L20,2143,hin_Deva,0.9993002414703369
Wikipedia,L1,2145,hin_Deva,0.8859756588935852
Wikipedia,L5,2145,hin_Deva,0.9756602048873901
Wikipedia,L20,2145,hin_Deva,0.9921303987503052
Wikipedia,L1,2146,hin_Deva,0.9992745518684387
Wikipedia,L5,2146,hin_Deva,0.9940027594566345
Wikipedia,L20,2146,hin_Deva,0.9958569407463074
Wikipedia,L1,2147,hin_Deva,0.9941117167472839
Wikipedia,L5,2147,hin_Deva,0.9794738292694092
Wikipedia,L20,2147,hin_Deva,0.9889605641365051
Wikipedia,L1,2153,hin_Deva,0.9952100515365601
Wikipedia,L5,2153,hin_Deva,0.9992613196372986
Wikipedia,L20,2153,hin_Deva,0.9991110563278198
Wikipedia,L1,2154,hin_Deva,0.9464648365974426
Wikipedia,L5,2154,hin_Deva,0.9950903654098511
Wikipedia,L20,2154,hin_Deva,0.9909571409225464
Wikipedia,L1,2155,hin_Deva,0.9911020398139954
Wikipedia,L5,2155,hin_Deva,0.9982914924621582
Wikipedia,L20,2155,hin_Deva,0.9994688630104065
Wikipedia,L1,2158,hin_Deva,0.9704049229621887
Wikipedia,L5,2158,hin_Deva,0.996070921421051
Wikipedia,L20,2158,hin_Deva,0.9989489912986755
Wikipedia,L1,2159,hin_Deva,0.9516966938972473
Wikipedia,L5,2159,hin_Deva,0.9802186489105225
Wikipedia,L20,2159,hin_Deva,0.9936133027076721
Wikipedia,L1,2160,hin_Deva,0.9904311895370483
Wikipedia,L5,2160,hin_Deva,0.9958361983299255
Wikipedia,L20,2160,hin_Deva,0.9983597993850708
Wikipedia,L1,2161,hin_Deva,0.9989655017852783
Wikipedia,L5,2161,hin_Deva,0.9947823882102966
Wikipedia,L20,2161,hin_Deva,0.9989401698112488
Wikipedia,L1,2162,hin_Deva,0.9954150915145874
Wikipedia,L5,2162,hin_Deva,0.9988216161727905
Wikipedia,L20,2162,hin_Deva,0.9986928105354309
Wikipedia,L1,2164,hin_Deva,0.9738545417785645
Wikipedia,L5,2164,hin_Deva,0.9955337047576904
Wikipedia,L20,2164,hin_Deva,0.9969674348831177
Wikipedia,L1,2165,hin_Deva,0.9984644651412964
Wikipedia,L5,2165,hin_Deva,0.9994657635688782
Wikipedia,L20,2165,hin_Deva,0.9992887377738953
Wikipedia,L1,2166,hin_Deva,0.9998145699501038
Wikipedia,L5,2166,hin_Deva,0.9981721043586731
Wikipedia,L20,2166,hin_Deva,0.9978633522987366
Wikipedia,L1,2167,hin_Deva,0.9956172108650208
Wikipedia,L5,2167,hin_Deva,0.9981176853179932
Wikipedia,L20,2167,hin_Deva,0.9969836473464966
Wikipedia,L1,2169,hin_Deva,0.9840402603149414
Wikipedia,L5,2169,hin_Deva,0.9870156049728394
Wikipedia,L20,2169,hin_Deva,0.9979362487792969
Wikipedia,L1,2170,hin_Deva,0.9946801066398621
Wikipedia,L5,2170,hin_Deva,0.9970298409461975
Wikipedia,L20,2170,hin_Deva,0.9970593452453613
Wikipedia,L1,2171,hin_Deva,0.9651405811309814
Wikipedia,L5,2171,hin_Deva,0.9990716576576233
Wikipedia,L20,2171,hin_Deva,0.9980851411819458
Wikipedia,L1,2175,hin_Deva,0.9936246871948242
Wikipedia,L5,2175,hin_Deva,0.9963732361793518
Wikipedia,L20,2175,hin_Deva,0.9976686239242554
Wikipedia,L1,2179,awa_Deva,0.5164605975151062
Wikipedia,L5,2179,hin_Deva,0.9620468616485596
Wikipedia,L20,2179,hin_Deva,0.9937118291854858
Wikipedia,L1,2180,awa_Deva,0.9102411270141602
Wikipedia,L5,2180,hin_Deva,0.9391167163848877
Wikipedia,L20,2180,hin_Deva,0.9820936918258667
Wikipedia,L1,2182,hin_Deva,0.817291796207428
Wikipedia,L5,2182,hin_Deva,0.9895163178443909
Wikipedia,L20,2182,hin_Deva,0.9967809319496155
Wikipedia,L1,2184,hin_Deva,0.9969240427017212
Wikipedia,L5,2184,hin_Deva,0.9979224801063538
Wikipedia,L20,2184,hin_Deva,0.9935802221298218
Wikipedia,L1,2185,hin_Deva,0.9845988154411316
Wikipedia,L5,2185,hin_Deva,0.9960669279098511
Wikipedia,L20,2185,hin_Deva,0.9952301383018494
Wikipedia,L1,2187,hin_Deva,0.9972371459007263
Wikipedia,L5,2187,hin_Deva,0.9984257221221924
Wikipedia,L20,2187,hin_Deva,0.9978119730949402
Wikipedia,L1,2189,hin_Deva,0.9979742765426636
Wikipedia,L5,2189,hin_Deva,0.99756920337677
Wikipedia,L20,2189,hin_Deva,0.9974687695503235
Wikipedia,L1,2191,hin_Deva,0.9966857433319092
Wikipedia,L5,2191,hin_Deva,0.9975562691688538
Wikipedia,L20,2191,hin_Deva,0.9976540207862854
Wikipedia,L1,2192,hin_Deva,0.8783956170082092
Wikipedia,L5,2192,hin_Deva,0.9853314757347107
Wikipedia,L20,2192,hin_Deva,0.9923631548881531
Wikipedia,L1,2194,awa_Deva,0.9677876830101013
Wikipedia,L5,2194,hin_Deva,0.9852156043052673
Wikipedia,L20,2194,hin_Deva,0.9967501759529114
Wikipedia,L1,2195,hin_Deva,0.9681461453437805
Wikipedia,L5,2195,hin_Deva,0.9961872100830078
Wikipedia,L20,2195,hin_Deva,0.9940127730369568
Wikipedia,L1,2196,hin_Deva,0.9992555379867554
Wikipedia,L5,2196,hin_Deva,0.9989681243896484
Wikipedia,L20,2196,hin_Deva,0.9987246990203857
Wikipedia,L1,2199,hin_Deva,0.9962995052337646
Wikipedia,L5,2199,hin_Deva,0.9972517490386963
Wikipedia,L20,2199,hin_Deva,0.9969210028648376
Wikipedia,L1,2201,hin_Deva,0.9989156723022461
Wikipedia,L5,2201,hin_Deva,0.99972003698349
Wikipedia,L20,2201,hin_Deva,0.9995949864387512
Wikipedia,L1,2202,hin_Deva,0.9859469532966614
Wikipedia,L5,2202,hin_Deva,0.9940809607505798
Wikipedia,L20,2202,hin_Deva,0.9970217943191528
Wikipedia,L1,2203,hin_Deva,0.962543785572052
Wikipedia,L5,2203,hin_Deva,0.9944648146629333
Wikipedia,L20,2203,hin_Deva,0.9914764165878296
Wikipedia,L1,2205,hin_Deva,0.9858692288398743
Wikipedia,L5,2205,hin_Deva,0.9935888051986694
Wikipedia,L20,2205,hin_Deva,0.9876484870910645
Wikipedia,L1,2206,hin_Deva,0.8480517864227295
Wikipedia,L5,2206,hin_Deva,0.9981074929237366
Wikipedia,L20,2206,hin_Deva,0.9989367127418518
Wikipedia,L1,2207,hin_Deva,0.9433584213256836
Wikipedia,L5,2207,hin_Deva,0.997768223285675
Wikipedia,L20,2207,hin_Deva,0.9982003569602966
Wikipedia,L1,2208,hin_Deva,0.9829167723655701
Wikipedia,L5,2208,hin_Deva,0.9982954859733582
Wikipedia,L20,2208,hin_Deva,0.9994096755981445
Wikipedia,L1,2210,hin_Deva,0.934560239315033
Wikipedia,L5,2210,hin_Deva,0.9978604316711426
Wikipedia,L20,2210,hin_Deva,0.998021125793457
Wikipedia,L1,2212,hin_Deva,0.9973476529121399
Wikipedia,L5,2212,hin_Deva,0.9939507246017456
Wikipedia,L20,2212,hin_Deva,0.9970902800559998
Wikipedia,L1,2213,hin_Deva,0.9924670457839966
Wikipedia,L5,2213,hin_Deva,0.9947943091392517
Wikipedia,L20,2213,hin_Deva,0.9984108805656433
Wikipedia,L1,2214,hin_Deva,0.998186469078064
Wikipedia,L5,2214,hin_Deva,0.9678080081939697
Wikipedia,L20,2214,hin_Deva,0.9892992973327637
Wikipedia,L1,2216,hin_Deva,0.9775798320770264
Wikipedia,L5,2216,hin_Deva,0.9958755970001221
Wikipedia,L20,2216,hin_Deva,0.9975975751876831
Wikipedia,L1,2219,hin_Deva,0.9073897004127502
Wikipedia,L5,2219,hin_Deva,0.996617317199707
Wikipedia,L20,2219,hin_Deva,0.9976829886436462
Wikipedia,L1,2220,hin_Deva,0.9750420451164246
Wikipedia,L5,2220,hin_Deva,0.9847920536994934
Wikipedia,L20,2220,hin_Deva,0.9962761998176575
Wikipedia,L1,2221,hin_Deva,0.8653445243835449
Wikipedia,L5,2221,hin_Deva,0.9921695590019226
Wikipedia,L20,2221,hin_Deva,0.9652277827262878
Wikipedia,L1,2222,hin_Deva,0.9616427421569824
Wikipedia,L5,2222,hin_Deva,0.9805113077163696
Wikipedia,L20,2222,hin_Deva,0.9687260389328003
Wikipedia,L1,2227,hin_Deva,0.8460844159126282
Wikipedia,L5,2227,hin_Deva,0.9931803941726685
Wikipedia,L20,2227,hin_Deva,0.9928796887397766
Wikipedia,L1,2230,hin_Deva,0.9793509244918823
Wikipedia,L5,2230,hin_Deva,0.9838237762451172
Wikipedia,L20,2230,hin_Deva,0.9907335638999939
Wikipedia,L1,2234,hin_Deva,0.8395897746086121
Wikipedia,L5,2234,hin_Deva,0.8465768694877625
Wikipedia,L20,2234,hin_Deva,0.9044922590255737
Wikipedia,L1,2235,hin_Deva,0.9992794394493103
Wikipedia,L5,2235,hin_Deva,0.9996892213821411
Wikipedia,L20,2235,hin_Deva,0.9989746809005737
Wikipedia,L1,2238,hin_Deva,0.9915655255317688
Wikipedia,L5,2238,hin_Deva,0.9978504180908203
Wikipedia,L20,2238,hin_Deva,0.9979727268218994
Wikipedia,L1,2239,hin_Deva,0.9998779296875
Wikipedia,L5,2239,hin_Deva,0.9974358677864075
Wikipedia,L20,2239,hin_Deva,0.994728684425354
Wikipedia,L1,2240,hin_Deva,0.9981852769851685
Wikipedia,L5,2240,hin_Deva,0.9983764290809631
Wikipedia,L20,2240,hin_Deva,0.9924646615982056
Wikipedia,L1,2241,hin_Deva,0.9951529502868652
Wikipedia,L5,2241,hin_Deva,0.9974994659423828
Wikipedia,L20,2241,hin_Deva,0.9962993860244751
Wikipedia,L1,2242,hin_Deva,0.9757903814315796
Wikipedia,L5,2242,hin_Deva,0.9707220196723938
Wikipedia,L20,2242,hin_Deva,0.9731779098510742
Wikipedia,L1,2243,awa_Deva,0.9372938871383667
Wikipedia,L5,2243,hin_Deva,0.975544810295105
Wikipedia,L20,2243,hin_Deva,0.995360255241394
Wikipedia,L1,2245,hin_Deva,0.8405744433403015
Wikipedia,L5,2245,hin_Deva,0.9936674237251282
Wikipedia,L20,2245,hin_Deva,0.9942623972892761
Wikipedia,L1,2246,hin_Deva,0.9981042742729187
Wikipedia,L5,2246,hin_Deva,0.9977266788482666
Wikipedia,L20,2246,hin_Deva,0.998054027557373
Wikipedia,L1,2250,hin_Deva,0.9960837364196777
Wikipedia,L5,2250,hin_Deva,0.997345507144928
Wikipedia,L20,2250,hin_Deva,0.9971038103103638
Wikipedia,L1,2252,hin_Deva,0.9971337914466858
Wikipedia,L5,2252,hin_Deva,0.9915332794189453
Wikipedia,L20,2252,hin_Deva,0.9938254356384277
Wikipedia,L1,2254,hin_Deva,0.8163419961929321
Wikipedia,L5,2254,hin_Deva,0.9959357976913452
Wikipedia,L20,2254,hin_Deva,0.9965178370475769
Wikipedia,L1,2255,hin_Deva,0.9881962537765503
Wikipedia,L5,2255,hin_Deva,0.9841373562812805
Wikipedia,L20,2255,hin_Deva,0.9922755360603333
Wikipedia,L1,2256,hin_Deva,0.6759448647499084
Wikipedia,L5,2256,hin_Deva,0.9796550273895264
Wikipedia,L20,2256,hin_Deva,0.9915319681167603
Wikipedia,L1,2257,awa_Deva,0.49167388677597046
Wikipedia,L5,2257,hin_Deva,0.9888534545898438
Wikipedia,L20,2257,hin_Deva,0.9953717589378357
Wikipedia,L1,2258,hin_Deva,0.9954667091369629
Wikipedia,L5,2258,hin_Deva,0.9975466728210449
Wikipedia,L20,2258,hin_Deva,0.9916872978210449
Wikipedia,L1,2261,hin_Deva,0.9870926141738892
Wikipedia,L5,2261,hin_Deva,0.9907368421554565
Wikipedia,L20,2261,hin_Deva,0.9957994818687439
Wikipedia,L1,2262,hin_Deva,0.9754693508148193
Wikipedia,L5,2262,hin_Deva,0.9971479177474976
Wikipedia,L20,2262,hin_Deva,0.9974548816680908
Wikipedia,L1,2266,hin_Deva,0.9886919260025024
Wikipedia,L5,2266,hin_Deva,0.9943608045578003
Wikipedia,L20,2266,hin_Deva,0.9913519024848938
Wikipedia,L1,2267,hin_Deva,0.7309576272964478
Wikipedia,L5,2267,hin_Deva,0.9969350695610046
Wikipedia,L20,2267,hin_Deva,0.9976897835731506
Wikipedia,L1,2268,hin_Deva,0.9898913502693176
Wikipedia,L5,2268,hin_Deva,0.9981641173362732
Wikipedia,L20,2268,hin_Deva,0.9954341053962708
Wikipedia,L1,2269,hin_Deva,0.9981752038002014
Wikipedia,L5,2269,hin_Deva,0.9964586496353149
Wikipedia,L20,2269,hin_Deva,0.9949542880058289
Wikipedia,L1,2272,hin_Deva,0.9947819113731384
Wikipedia,L5,2272,hin_Deva,0.9985895156860352
Wikipedia,L20,2272,hin_Deva,0.9984895586967468
Wikipedia,L1,2273,hin_Deva,0.9907391667366028
Wikipedia,L5,2273,hin_Deva,0.9956096410751343
Wikipedia,L20,2273,hin_Deva,0.9972177147865295
Wikipedia,L1,2275,hin_Deva,0.9942322373390198
Wikipedia,L5,2275,hin_Deva,0.9995410442352295
Wikipedia,L20,2275,hin_Deva,0.9992250204086304
Wikipedia,L1,2276,hin_Deva,0.9983474016189575
Wikipedia,L5,2276,hin_Deva,0.9991346001625061
Wikipedia,L20,2276,hin_Deva,0.9990000128746033
Wikipedia,L1,2278,hin_Deva,0.999778687953949
Wikipedia,L5,2278,hin_Deva,0.9991156458854675
Wikipedia,L20,2278,hin_Deva,0.9987121820449829
Wikipedia,L1,2279,hin_Deva,0.9908250570297241
Wikipedia,L5,2279,hin_Deva,0.99442058801651
Wikipedia,L20,2279,hin_Deva,0.984769880771637
Wikipedia,L1,2280,hin_Deva,0.9891198873519897
Wikipedia,L5,2280,hin_Deva,0.9870231747627258
Wikipedia,L20,2280,hin_Deva,0.9974009394645691
Wikipedia,L1,2281,hin_Deva,0.9884117245674133
Wikipedia,L5,2281,hin_Deva,0.9977870583534241
Wikipedia,L20,2281,hin_Deva,0.9973711371421814
Wikipedia,L1,2282,hin_Deva,0.983595609664917
Wikipedia,L5,2282,hin_Deva,0.9990960359573364
Wikipedia,L20,2282,hin_Deva,0.9991005659103394
Wikipedia,L1,2285,hin_Deva,0.9934535026550293
Wikipedia,L5,2285,hin_Deva,0.9947563409805298
Wikipedia,L20,2285,hin_Deva,0.9937689304351807
Wikipedia,L1,2286,hin_Deva,0.9988681077957153
Wikipedia,L5,2286,hin_Deva,0.9985193610191345
Wikipedia,L20,2286,hin_Deva,0.9973843097686768
Wikipedia,L1,2288,hin_Deva,0.9899863600730896
Wikipedia,L5,2288,hin_Deva,0.9998512268066406
Wikipedia,L20,2288,hin_Deva,0.9996040463447571
Wikipedia,L1,2290,hin_Deva,0.9828658699989319
Wikipedia,L5,2290,hin_Deva,0.9987263679504395
Wikipedia,L20,2290,hin_Deva,0.9983779788017273
Wikipedia,L1,2296,hin_Deva,0.9949564337730408
Wikipedia,L5,2296,hin_Deva,0.9973554015159607
Wikipedia,L20,2296,hin_Deva,0.9974396824836731
Wikipedia,L1,2297,hin_Deva,0.9985158443450928
Wikipedia,L5,2297,hin_Deva,0.9952952265739441
Wikipedia,L20,2297,hin_Deva,0.9830689430236816
Wikipedia,L1,2298,hin_Deva,0.9984662532806396
Wikipedia,L5,2298,hin_Deva,0.9986666440963745
Wikipedia,L20,2298,hin_Deva,0.9986016154289246
Wikipedia,L1,2299,hin_Deva,0.9986472725868225
Wikipedia,L5,2299,hin_Deva,0.9988806843757629
Wikipedia,L20,2299,hin_Deva,0.9971218109130859
Wikipedia,L1,2300,hin_Deva,0.9939494132995605
Wikipedia,L5,2300,hin_Deva,0.9981790781021118
Wikipedia,L20,2300,hin_Deva,0.9993723034858704
Wikipedia,L1,2303,hin_Deva,0.9968180060386658
Wikipedia,L5,2303,hin_Deva,0.9987021088600159
Wikipedia,L20,2303,hin_Deva,0.9970783591270447
Wikipedia,L1,2305,hin_Deva,0.9982385039329529
Wikipedia,L5,2305,hin_Deva,0.9954017400741577
Wikipedia,L20,2305,hin_Deva,0.9987511038780212
Wikipedia,L1,2306,hin_Deva,0.9942241311073303
Wikipedia,L5,2306,hin_Deva,0.9982383847236633
Wikipedia,L20,2306,hin_Deva,0.9991031885147095
Wikipedia,L1,2309,hin_Deva,0.9954317212104797
Wikipedia,L5,2309,hin_Deva,0.9963840842247009
Wikipedia,L20,2309,hin_Deva,0.9979672431945801
Wikipedia,L1,2311,awa_Deva,0.5751025080680847
Wikipedia,L5,2311,hin_Deva,0.9888049364089966
Wikipedia,L20,2311,hin_Deva,0.9974120855331421
Wikipedia,L1,2313,hin_Deva,0.9998310208320618
Wikipedia,L5,2313,hin_Deva,0.9996620416641235
Wikipedia,L20,2313,hin_Deva,0.9988598823547363
Wikipedia,L1,2315,hin_Deva,0.9872573614120483
Wikipedia,L5,2315,hin_Deva,0.9972536563873291
Wikipedia,L20,2315,hin_Deva,0.9975630640983582
Wikipedia,L1,2316,hin_Deva,0.9438046216964722
Wikipedia,L5,2316,hin_Deva,0.9964181780815125
Wikipedia,L20,2316,hin_Deva,0.9981622099876404
Wikipedia,L1,2317,hin_Deva,0.999312162399292
Wikipedia,L5,2317,hin_Deva,0.9989250898361206
Wikipedia,L20,2317,hin_Deva,0.9982735514640808
Wikipedia,L1,2318,hin_Deva,0.9972265958786011
Wikipedia,L5,2318,hin_Deva,0.9987322688102722
Wikipedia,L20,2318,hin_Deva,0.9986479878425598
Wikipedia,L1,2320,hin_Deva,0.9110171794891357
Wikipedia,L5,2320,hin_Deva,0.9548965096473694
Wikipedia,L20,2320,hin_Deva,0.9874782562255859
Wikipedia,L1,2321,hin_Deva,0.9994403719902039
Wikipedia,L5,2321,hin_Deva,0.9993833899497986
Wikipedia,L20,2321,hin_Deva,0.9974114894866943
Wikipedia,L1,2325,hin_Deva,0.9918889999389648
Wikipedia,L5,2325,hin_Deva,0.9963940382003784
Wikipedia,L20,2325,hin_Deva,0.997577428817749
Wikipedia,L1,2327,hin_Deva,0.9812067151069641
Wikipedia,L5,2327,hin_Deva,0.9969022870063782
Wikipedia,L20,2327,hin_Deva,0.9987180233001709
Wikipedia,L1,2328,hin_Deva,0.959542453289032
Wikipedia,L5,2328,hin_Deva,0.9947685599327087
Wikipedia,L20,2328,hin_Deva,0.9935922026634216
Wikipedia,L1,2330,hin_Deva,0.9997715353965759
Wikipedia,L5,2330,hin_Deva,0.9535521864891052
Wikipedia,L20,2330,hin_Deva,0.9730056524276733
Wikipedia,L1,2333,hin_Deva,0.8817212581634521
Wikipedia,L5,2333,hin_Deva,0.9954622387886047
Wikipedia,L20,2333,hin_Deva,0.9975618720054626
Wikipedia,L1,2334,hin_Deva,0.9992057681083679
Wikipedia,L5,2334,hin_Deva,0.9981935620307922
Wikipedia,L20,2334,hin_Deva,0.9980247020721436
Wikipedia,L1,2335,hin_Deva,0.8559153079986572
Wikipedia,L5,2335,hin_Deva,0.9853256940841675
Wikipedia,L20,2335,hin_Deva,0.9921841621398926
Wikipedia,L1,2336,hin_Deva,0.9694498181343079
Wikipedia,L5,2336,hin_Deva,0.9952576756477356
Wikipedia,L20,2336,hin_Deva,0.989762544631958
Wikipedia,L1,2337,hin_Deva,0.9478682279586792
Wikipedia,L5,2337,hin_Deva,0.9621499180793762
Wikipedia,L20,2337,hin_Deva,0.9931769967079163
Wikipedia,L1,2339,awa_Deva,0.5738742351531982
Wikipedia,L5,2339,hin_Deva,0.9939302206039429
Wikipedia,L20,2339,hin_Deva,0.9957610368728638
Wikipedia,L1,2340,hin_Deva,0.9989407658576965
Wikipedia,L5,2340,hin_Deva,0.9971866607666016
Wikipedia,L20,2340,hin_Deva,0.9977796077728271
Wikipedia,L1,2341,awa_Deva,0.798694372177124
Wikipedia,L5,2341,hin_Deva,0.9666640162467957
Wikipedia,L20,2341,hin_Deva,0.9927896857261658
Wikipedia,L1,2342,hin_Deva,0.9996427297592163
Wikipedia,L5,2342,hin_Deva,0.9988579750061035
Wikipedia,L20,2342,hin_Deva,0.9978424906730652
Wikipedia,L1,2343,hin_Deva,0.9944907426834106
Wikipedia,L5,2343,hin_Deva,0.9988120794296265
Wikipedia,L20,2343,hin_Deva,0.9926592707633972
Wikipedia,L1,2344,hin_Deva,0.9902697205543518
Wikipedia,L5,2344,hin_Deva,0.9825945496559143
Wikipedia,L20,2344,hin_Deva,0.985256016254425
Wikipedia,L1,2346,hin_Deva,0.9982106685638428
Wikipedia,L5,2346,hin_Deva,0.999114453792572
Wikipedia,L20,2346,hin_Deva,0.9988628625869751
Wikipedia,L1,2350,hin_Deva,0.9993255138397217
Wikipedia,L5,2350,hin_Deva,0.9963369965553284
Wikipedia,L20,2350,hin_Deva,0.9967095255851746
Wikipedia,L1,2353,new_Deva,0.7137667536735535
Wikipedia,L5,2353,hin_Deva,0.9754919409751892
Wikipedia,L20,2353,hin_Deva,0.9879717230796814
Wikipedia,L1,2356,hin_Deva,0.9540299773216248
Wikipedia,L5,2356,hin_Deva,0.9961052536964417
Wikipedia,L20,2356,hin_Deva,0.9977064728736877
Wikipedia,L1,2357,hin_Deva,0.8855622410774231
Wikipedia,L5,2357,hin_Deva,0.9940819144248962
Wikipedia,L20,2357,hin_Deva,0.9845365285873413
Wikipedia,L1,2358,awa_Deva,0.6524329781532288
Wikipedia,L5,2358,hin_Deva,0.9746806621551514
Wikipedia,L20,2358,hin_Deva,0.9977319836616516
Wikipedia,L1,2359,hin_Deva,0.9976674318313599
Wikipedia,L5,2359,hin_Deva,0.9965586066246033
Wikipedia,L20,2359,hin_Deva,0.9984058737754822
Wikipedia,L1,2361,hin_Deva,0.9909842610359192
Wikipedia,L5,2361,hin_Deva,0.9737269282341003
Wikipedia,L20,2361,hin_Deva,0.9638454914093018
Wikipedia,L1,2363,hin_Deva,0.9935294985771179
Wikipedia,L5,2363,hin_Deva,0.9987797141075134
Wikipedia,L20,2363,hin_Deva,0.9959582686424255
Wikipedia,L1,2364,hin_Deva,0.832886278629303
Wikipedia,L5,2364,hin_Deva,0.9943467974662781
Wikipedia,L20,2364,hin_Deva,0.9903799891471863
Wikipedia,L1,2367,hin_Deva,0.9210076928138733
Wikipedia,L5,2367,hin_Deva,0.9956355094909668
Wikipedia,L20,2367,hin_Deva,0.9970229864120483
Wikipedia,L1,2368,hin_Deva,0.9983878135681152
Wikipedia,L5,2368,hin_Deva,0.9925238490104675
Wikipedia,L20,2368,hin_Deva,0.9914049506187439
Wikipedia,L1,2370,hin_Deva,0.7117237448692322
Wikipedia,L5,2370,hin_Deva,0.9114164710044861
Wikipedia,L20,2370,hin_Deva,0.9830787181854248
Wikipedia,L1,2372,hin_Deva,0.9399815797805786
Wikipedia,L5,2372,hin_Deva,0.9496195912361145
Wikipedia,L20,2372,hin_Deva,0.9693512320518494
Wikipedia,L1,2375,hin_Deva,0.9874966144561768
Wikipedia,L5,2375,hin_Deva,0.996163547039032
Wikipedia,L20,2375,hin_Deva,0.9949615001678467
Wikipedia,L1,2377,hin_Deva,0.9981970191001892
Wikipedia,L5,2377,hin_Deva,0.9988057613372803
Wikipedia,L20,2377,hin_Deva,0.9982439279556274
Wikipedia,L1,2378,hin_Deva,0.9958652853965759
Wikipedia,L5,2378,hin_Deva,0.9976798892021179
Wikipedia,L20,2378,hin_Deva,0.9983859062194824
Wikipedia,L1,2379,hin_Deva,0.9985310435295105
Wikipedia,L5,2379,hin_Deva,0.9953787326812744
Wikipedia,L20,2379,hin_Deva,0.9942160248756409
Wikipedia,L1,2380,hin_Deva,0.9941693544387817
Wikipedia,L5,2380,hin_Deva,0.9955651164054871
Wikipedia,L20,2380,hin_Deva,0.9955229163169861
Wikipedia,L1,2382,hin_Deva,0.9967776536941528
Wikipedia,L5,2382,hin_Deva,0.985495388507843
Wikipedia,L20,2382,hin_Deva,0.9926228523254395
Wikipedia,L1,2383,hin_Deva,0.5616385340690613
Wikipedia,L5,2383,hin_Deva,0.9731438159942627
Wikipedia,L20,2383,hin_Deva,0.9918110966682434
Wikipedia,L1,2385,hin_Deva,0.9956293702125549
Wikipedia,L5,2385,hin_Deva,0.9952653050422668
Wikipedia,L20,2385,hin_Deva,0.9928431510925293
Wikipedia,L1,2387,hin_Deva,0.9992471933364868
Wikipedia,L5,2387,hin_Deva,0.9982282519340515
Wikipedia,L20,2387,hin_Deva,0.9978578090667725
Wikipedia,L1,2389,hin_Deva,0.99873286485672
Wikipedia,L5,2389,hin_Deva,0.9944791793823242
Wikipedia,L20,2389,hin_Deva,0.9894970655441284
Wikipedia,L1,2390,hin_Deva,0.9997038841247559
Wikipedia,L5,2390,hin_Deva,0.9990797638893127
Wikipedia,L20,2390,hin_Deva,0.9988142251968384
Wikipedia,L1,2391,hin_Deva,0.657323956489563
Wikipedia,L5,2391,hin_Deva,0.9667929410934448
Wikipedia,L20,2391,hin_Deva,0.9862998127937317
Wikipedia,L1,2392,hin_Deva,0.9300423264503479
Wikipedia,L5,2392,hin_Deva,0.9899022579193115
Wikipedia,L20,2392,hin_Deva,0.9953100681304932
Wikipedia,L1,2393,hin_Deva,0.997965931892395
Wikipedia,L5,2393,hin_Deva,0.999021053314209
Wikipedia,L20,2393,hin_Deva,0.9977699518203735
Wikipedia,L1,2395,hin_Deva,0.9973935484886169
Wikipedia,L5,2395,hin_Deva,0.9968301057815552
Wikipedia,L20,2395,hin_Deva,0.9980864524841309
Wikipedia,L1,2398,hin_Deva,0.9871698617935181
Wikipedia,L5,2398,hin_Deva,0.9932296872138977
Wikipedia,L20,2398,hin_Deva,0.9978077411651611
Wikipedia,L1,2406,hin_Deva,0.9997569918632507
Wikipedia,L5,2406,hin_Deva,0.9995125532150269
Wikipedia,L20,2406,hin_Deva,0.9988054037094116
Wikipedia,L1,2414,hin_Deva,0.986376941204071
Wikipedia,L5,2414,hin_Deva,0.9926083087921143
Wikipedia,L20,2414,hin_Deva,0.9964892268180847
Wikipedia,L1,2416,hin_Deva,0.9975619912147522
Wikipedia,L5,2416,hin_Deva,0.9957209825515747
Wikipedia,L20,2416,hin_Deva,0.9948295950889587
Wikipedia,L1,2418,hin_Deva,0.9143974781036377
Wikipedia,L5,2418,hin_Deva,0.9888211488723755
Wikipedia,L20,2418,hin_Deva,0.9956085681915283
Wikipedia,L1,2419,hin_Deva,0.971595048904419
Wikipedia,L5,2419,hin_Deva,0.9892683625221252
Wikipedia,L20,2419,hin_Deva,0.9935044646263123
Wikipedia,L1,2421,hin_Deva,0.9396306872367859
Wikipedia,L5,2421,hin_Deva,0.9946757555007935
Wikipedia,L20,2421,hin_Deva,0.9960313439369202
Wikipedia,L1,2424,hin_Deva,0.9441700577735901
Wikipedia,L5,2424,hin_Deva,0.9870228171348572
Wikipedia,L20,2424,hin_Deva,0.9888482093811035
Wikipedia,L1,2425,hin_Deva,0.9982243776321411
Wikipedia,L5,2425,hin_Deva,0.9987175464630127
Wikipedia,L20,2425,hin_Deva,0.9988930821418762
Wikipedia,L1,2426,hin_Deva,0.9299500584602356
Wikipedia,L5,2426,hin_Deva,0.9953451752662659
Wikipedia,L20,2426,hin_Deva,0.9968593716621399
Wikipedia,L1,2430,hin_Deva,0.9927396178245544
Wikipedia,L5,2430,hin_Deva,0.9981924295425415
Wikipedia,L20,2430,hin_Deva,0.9985615611076355
Wikipedia,L1,2431,awa_Deva,0.5235007405281067
Wikipedia,L5,2431,hin_Deva,0.8965982794761658
Wikipedia,L20,2431,hin_Deva,0.9813067317008972
Wikipedia,L1,2433,hin_Deva,0.9970304369926453
Wikipedia,L5,2433,hin_Deva,0.9988054037094116
Wikipedia,L20,2433,hin_Deva,0.9945401549339294
Wikipedia,L1,2436,hin_Deva,0.9940411448478699
Wikipedia,L5,2436,hin_Deva,0.99941086769104
Wikipedia,L20,2436,hin_Deva,0.9984617233276367
Wikipedia,L1,2438,hin_Deva,0.9997779726982117
Wikipedia,L5,2438,hin_Deva,0.998081624507904
Wikipedia,L20,2438,hin_Deva,0.9986814260482788
Wikipedia,L1,2439,hin_Deva,0.9904904961585999
Wikipedia,L5,2439,hin_Deva,0.9971828460693359
Wikipedia,L20,2439,hin_Deva,0.9987612962722778
Wikipedia,L1,2442,hin_Deva,0.9922230839729309
Wikipedia,L5,2442,hin_Deva,0.9972873330116272
Wikipedia,L20,2442,hin_Deva,0.9977661967277527
Wikipedia,L1,2445,hin_Deva,0.9916932582855225
Wikipedia,L5,2445,hin_Deva,0.9968977570533752
Wikipedia,L20,2445,hin_Deva,0.9944907426834106
Wikipedia,L1,2447,hin_Deva,0.9915403127670288
Wikipedia,L5,2447,hin_Deva,0.9977826476097107
Wikipedia,L20,2447,hin_Deva,0.9981041550636292
Wikipedia,L1,2448,hin_Deva,0.9830045700073242
Wikipedia,L5,2448,hin_Deva,0.9932512044906616
Wikipedia,L20,2448,hin_Deva,0.9946478009223938
Wikipedia,L1,2455,hin_Deva,0.9900003671646118
Wikipedia,L5,2455,hin_Deva,0.994090735912323
Wikipedia,L20,2455,hin_Deva,0.997972846031189
Wikipedia,L1,2458,hin_Deva,0.9971047639846802
Wikipedia,L5,2458,hin_Deva,0.9989844560623169
Wikipedia,L20,2458,hin_Deva,0.9991710186004639
Wikipedia,L1,2459,hin_Deva,0.995403528213501
Wikipedia,L5,2459,hin_Deva,0.9905434846878052
Wikipedia,L20,2459,hin_Deva,0.9926633834838867
Wikipedia,L1,2460,hin_Deva,0.9885844588279724
Wikipedia,L5,2460,hin_Deva,0.9977062344551086
Wikipedia,L20,2460,hin_Deva,0.9986233711242676
Wikipedia,L1,2461,hin_Deva,0.9754085540771484
Wikipedia,L5,2461,hin_Deva,0.9208433032035828
Wikipedia,L20,2461,hin_Deva,0.9717978835105896
Wikipedia,L1,2464,hin_Deva,0.9967215061187744
Wikipedia,L5,2464,hin_Deva,0.9978911280632019
Wikipedia,L20,2464,hin_Deva,0.9950487017631531
Wikipedia,L1,2467,hin_Deva,0.9925925731658936
Wikipedia,L5,2467,hin_Deva,0.998012125492096
Wikipedia,L20,2467,hin_Deva,0.998451292514801
Wikipedia,L1,2469,hin_Deva,0.9987187385559082
Wikipedia,L5,2469,hin_Deva,0.9924052953720093
Wikipedia,L20,2469,hin_Deva,0.9975562691688538
Wikipedia,L1,2470,hin_Deva,0.9895449280738831
Wikipedia,L5,2470,hin_Deva,0.9983317255973816
Wikipedia,L20,2470,hin_Deva,0.9976856112480164
Wikipedia,L1,2471,hin_Deva,0.9880663156509399
Wikipedia,L5,2471,hin_Deva,0.9976071715354919
Wikipedia,L20,2471,hin_Deva,0.998016893863678
Wikipedia,L1,2473,hin_Deva,0.8857137560844421
Wikipedia,L5,2473,hin_Deva,0.9954005479812622
Wikipedia,L20,2473,hin_Deva,0.9822136163711548
Wikipedia,L1,2474,hin_Deva,0.9946328401565552
Wikipedia,L5,2474,hin_Deva,0.9953854084014893
Wikipedia,L20,2474,hin_Deva,0.9902617931365967
Wikipedia,L1,2475,hin_Deva,0.9999947547912598
Wikipedia,L5,2475,hin_Deva,0.9996476173400879
Wikipedia,L20,2475,hin_Deva,0.9984346628189087
Wikipedia,L1,2476,hin_Deva,0.9985407590866089
Wikipedia,L5,2476,hin_Deva,0.9961172938346863
Wikipedia,L20,2476,hin_Deva,0.9970572590827942
Wikipedia,L1,2477,hin_Deva,0.9997660517692566
Wikipedia,L5,2477,hin_Deva,0.9980573654174805
Wikipedia,L20,2477,hin_Deva,0.99796062707901
Wikipedia,L1,2479,hin_Deva,0.9924259185791016
Wikipedia,L5,2479,hin_Deva,0.9968587756156921
Wikipedia,L20,2479,hin_Deva,0.9982708096504211
Wikipedia,L1,2480,hin_Deva,0.948654055595398
Wikipedia,L5,2480,hin_Deva,0.9943853616714478
Wikipedia,L20,2480,hin_Deva,0.9923984408378601
Wikipedia,L1,2481,hin_Deva,0.9956493377685547
Wikipedia,L5,2481,hin_Deva,0.9992886185646057
Wikipedia,L20,2481,hin_Deva,0.9987736940383911
Wikipedia,L1,2482,hin_Deva,0.9989793300628662
Wikipedia,L5,2482,hin_Deva,0.9936186075210571
Wikipedia,L20,2482,hin_Deva,0.9819791913032532
Wikipedia,L1,2483,hin_Deva,0.6513172388076782
Wikipedia,L5,2483,hin_Deva,0.9979264140129089
Wikipedia,L20,2483,hin_Deva,0.9975731372833252
Wikipedia,L1,2486,hin_Deva,0.9723289608955383
Wikipedia,L5,2486,hin_Deva,0.9716933965682983
Wikipedia,L20,2486,hin_Deva,0.9914261698722839
Wikipedia,L1,2488,hin_Deva,0.988269567489624
Wikipedia,L5,2488,hin_Deva,0.9966129064559937
Wikipedia,L20,2488,hin_Deva,0.9960672855377197
Wikipedia,L1,2489,hin_Deva,0.9967506527900696
Wikipedia,L5,2489,hin_Deva,0.9974942207336426
Wikipedia,L20,2489,hin_Deva,0.9941068887710571
Wikipedia,L1,2490,hin_Deva,0.5410259366035461
Wikipedia,L5,2490,hin_Deva,0.9843645095825195
Wikipedia,L20,2490,hin_Deva,0.9965745806694031
Wikipedia,L1,2491,hin_Deva,0.9980587959289551
Wikipedia,L5,2491,hin_Deva,0.9983449578285217
Wikipedia,L20,2491,hin_Deva,0.997844398021698
Wikipedia,L1,2492,hin_Deva,0.9864915609359741
Wikipedia,L5,2492,hin_Deva,0.9944779872894287
Wikipedia,L20,2492,hin_Deva,0.9957011342048645
Wikipedia,L1,2493,hin_Deva,0.8057841062545776
Wikipedia,L5,2493,hin_Deva,0.9822729229927063
Wikipedia,L20,2493,hin_Deva,0.9903183579444885
Wikipedia,L1,2494,awa_Deva,0.8858569264411926
Wikipedia,L5,2494,hin_Deva,0.9680123925209045
Wikipedia,L20,2494,hin_Deva,0.9951416254043579
Wikipedia,L1,2496,hin_Deva,0.9967557191848755
Wikipedia,L5,2496,hin_Deva,0.9896087646484375
Wikipedia,L20,2496,hin_Deva,0.9659038186073303
Wikipedia,L1,2497,hin_Deva,0.8558863401412964
Wikipedia,L5,2497,hin_Deva,0.9948036074638367
Wikipedia,L20,2497,hin_Deva,0.9982718825340271
Wikipedia,L1,2498,hin_Deva,0.9932690858840942
Wikipedia,L5,2498,hin_Deva,0.9949122667312622
Wikipedia,L20,2498,hin_Deva,0.9969116449356079
Wikipedia,L1,2499,hin_Deva,0.8524596095085144
Wikipedia,L5,2499,hin_Deva,0.9716794490814209
Wikipedia,L20,2499,hin_Deva,0.925781786441803
Wikipedia,L1,2500,hin_Deva,0.999158501625061
Wikipedia,L5,2500,hin_Deva,0.9967198371887207
Wikipedia,L20,2500,hin_Deva,0.9972705841064453
Wikipedia,L1,2501,hin_Deva,0.9346308708190918
Wikipedia,L5,2501,hin_Deva,0.989730179309845
Wikipedia,L20,2501,hin_Deva,0.9949272871017456
Wikipedia,L1,2502,hin_Deva,0.9884833693504333
Wikipedia,L5,2502,hin_Deva,0.9854781031608582
Wikipedia,L20,2502,hin_Deva,0.9955177307128906
Wikipedia,L1,2504,hin_Deva,0.9964876770973206
Wikipedia,L5,2504,hin_Deva,0.9996614456176758
Wikipedia,L20,2504,hin_Deva,0.99919193983078
Wikipedia,L1,2506,hin_Deva,0.9747658371925354
Wikipedia,L5,2506,hin_Deva,0.9802379012107849
Wikipedia,L20,2506,hin_Deva,0.9891020059585571
Wikipedia,L1,2508,hin_Deva,0.9972749948501587
Wikipedia,L5,2508,hin_Deva,0.9974967241287231
Wikipedia,L20,2508,hin_Deva,0.9986788034439087
Wikipedia,L1,2509,hin_Deva,0.8707181215286255
Wikipedia,L5,2509,hin_Deva,0.990169107913971
Wikipedia,L20,2509,hin_Deva,0.9974030256271362
Wikipedia,L1,2510,hin_Deva,0.9911859035491943
Wikipedia,L5,2510,hin_Deva,0.9959143996238708
Wikipedia,L20,2510,hin_Deva,0.9953820109367371
Wikipedia,L1,2511,hin_Deva,0.9367856979370117
Wikipedia,L5,2511,hin_Deva,0.9839836955070496
Wikipedia,L20,2511,hin_Deva,0.9852845668792725
Wikipedia,L1,2512,hin_Deva,0.9451580047607422
Wikipedia,L5,2512,hin_Deva,0.987114667892456
Wikipedia,L20,2512,hin_Deva,0.9937467575073242
Wikipedia,L1,2515,hin_Deva,0.7950847744941711
Wikipedia,L5,2515,hin_Deva,0.9387872219085693
Wikipedia,L20,2515,hin_Deva,0.9885382652282715
Wikipedia,L1,2516,hin_Deva,0.942979633808136
Wikipedia,L5,2516,hin_Deva,0.9934954047203064
Wikipedia,L20,2516,hin_Deva,0.9906103610992432
Wikipedia,L1,2518,hin_Deva,0.9994992017745972
Wikipedia,L5,2518,hin_Deva,0.99736487865448
Wikipedia,L20,2518,hin_Deva,0.9886521697044373
Wikipedia,L1,2519,hin_Deva,0.9995512962341309
Wikipedia,L5,2519,hin_Deva,0.9970293641090393
Wikipedia,L20,2519,hin_Deva,0.9973922371864319
Wikipedia,L1,2520,hin_Deva,0.9891616106033325
Wikipedia,L5,2520,hin_Deva,0.9933040142059326
Wikipedia,L20,2520,hin_Deva,0.9942489862442017
Wikipedia,L1,2521,hin_Deva,0.9599630236625671
Wikipedia,L5,2521,hin_Deva,0.9974609017372131
Wikipedia,L20,2521,hin_Deva,0.9981678128242493
Wikipedia,L1,2522,hin_Deva,0.96781986951828
Wikipedia,L5,2522,hin_Deva,0.9995512962341309
Wikipedia,L20,2522,hin_Deva,0.9982666373252869
Wikipedia,L1,2523,awa_Deva,0.7106267809867859
Wikipedia,L5,2523,hin_Deva,0.9362773299217224
Wikipedia,L20,2523,hin_Deva,0.9925088286399841
Wikipedia,L1,2525,hin_Deva,0.9553200602531433
Wikipedia,L5,2525,hin_Deva,0.9949070811271667
Wikipedia,L20,2525,hin_Deva,0.9972478151321411
Wikipedia,L1,2527,hin_Deva,0.992028534412384
Wikipedia,L5,2527,hin_Deva,0.9602540135383606
Wikipedia,L20,2527,hin_Deva,0.9891879558563232
Wikipedia,L1,2528,hin_Deva,0.8421460390090942
Wikipedia,L5,2528,hin_Deva,0.9797496199607849
Wikipedia,L20,2528,hin_Deva,0.9691156148910522
Wikipedia,L1,2529,hin_Deva,0.98729407787323
Wikipedia,L5,2529,hin_Deva,0.9940016865730286
Wikipedia,L20,2529,hin_Deva,0.9892508387565613
Wikipedia,L1,2530,hin_Deva,0.9993317127227783
Wikipedia,L5,2530,hin_Deva,0.9927375316619873
Wikipedia,L20,2530,hin_Deva,0.9975420236587524
Wikipedia,L1,2531,hin_Deva,0.8837170004844666
Wikipedia,L5,2531,hin_Deva,0.9919525384902954
Wikipedia,L20,2531,hin_Deva,0.9923871755599976
Wikipedia,L1,2532,hin_Deva,0.9841585159301758
Wikipedia,L5,2532,hin_Deva,0.9933155179023743
Wikipedia,L20,2532,hin_Deva,0.9934707880020142
Wikipedia,L1,2533,hin_Deva,0.9833468794822693
Wikipedia,L5,2533,hin_Deva,0.9910768866539001
Wikipedia,L20,2533,hin_Deva,0.9971067905426025
Wikipedia,L1,2534,awa_Deva,0.979733943939209
Wikipedia,L5,2534,hin_Deva,0.9986830949783325
Wikipedia,L20,2534,hin_Deva,0.9981193542480469
Wikipedia,L1,2535,hin_Deva,0.9953149557113647
Wikipedia,L5,2535,hin_Deva,0.947326123714447
Wikipedia,L20,2535,hin_Deva,0.968456506729126
Wikipedia,L1,2537,hin_Deva,0.9990060925483704
Wikipedia,L5,2537,hin_Deva,0.9923979043960571
Wikipedia,L20,2537,hin_Deva,0.9965087175369263
Wikipedia,L1,2539,hin_Deva,0.9976621270179749
Wikipedia,L5,2539,hin_Deva,0.9990936517715454
Wikipedia,L20,2539,hin_Deva,0.9986985325813293
Wikipedia,L1,2541,hin_Deva,0.9970945715904236
Wikipedia,L5,2541,hin_Deva,0.9961788058280945
Wikipedia,L20,2541,hin_Deva,0.9977832436561584
Wikipedia,L1,2543,hin_Deva,0.9660289287567139
Wikipedia,L5,2543,hin_Deva,0.9974790811538696
Wikipedia,L20,2543,hin_Deva,0.9970735907554626
Wikipedia,L1,2544,hin_Deva,0.9882424473762512
Wikipedia,L5,2544,hin_Deva,0.996610701084137
Wikipedia,L20,2544,hin_Deva,0.9960832595825195
Wikipedia,L1,2545,hin_Deva,0.5715057253837585
Wikipedia,L5,2545,hin_Deva,0.9836857914924622
Wikipedia,L20,2545,hin_Deva,0.9971402287483215
Wikipedia,L1,2546,new_Deva,0.5994453430175781
Wikipedia,L5,2546,hin_Deva,0.9952321648597717
Wikipedia,L20,2546,hin_Deva,0.9973545670509338
Wikipedia,L1,2547,hin_Deva,0.9276955127716064
Wikipedia,L5,2547,hin_Deva,0.9955332279205322
Wikipedia,L20,2547,hin_Deva,0.9967222213745117
Wikipedia,L1,2548,hin_Deva,0.9969074726104736
Wikipedia,L5,2548,hin_Deva,0.9969445466995239
Wikipedia,L20,2548,hin_Deva,0.9987221956253052
Wikipedia,L1,2549,mai_Deva,0.7390522956848145
Wikipedia,L5,2549,hin_Deva,0.9946868419647217
Wikipedia,L20,2549,hin_Deva,0.9960631132125854
Wikipedia,L1,2552,hin_Deva,0.9961588382720947
Wikipedia,L5,2552,hin_Deva,0.9980916976928711
Wikipedia,L20,2552,hin_Deva,0.9972370266914368
Wikipedia,L1,2553,hin_Deva,0.9418960213661194
Wikipedia,L5,2553,hin_Deva,0.9947119355201721
Wikipedia,L20,2553,hin_Deva,0.9913806915283203
Wikipedia,L1,2555,mag_Deva,0.8796671032905579
Wikipedia,L5,2555,hin_Deva,0.9928156733512878
Wikipedia,L20,2555,hin_Deva,0.9974181056022644
Wikipedia,L1,2557,hin_Deva,0.9960038661956787
Wikipedia,L5,2557,hin_Deva,0.9664866328239441
Wikipedia,L20,2557,hin_Deva,0.9874186515808105
Wikipedia,L1,2558,hin_Deva,0.9995225667953491
Wikipedia,L5,2558,hin_Deva,0.9993624091148376
Wikipedia,L20,2558,hin_Deva,0.9991021156311035
Wikipedia,L1,2560,hin_Deva,0.9898688197135925
Wikipedia,L5,2560,hin_Deva,0.992145299911499
Wikipedia,L20,2560,hin_Deva,0.9936186075210571
Wikipedia,L1,2562,hin_Deva,0.6843069195747375
Wikipedia,L5,2562,hin_Deva,0.9892163276672363
Wikipedia,L20,2562,hin_Deva,0.9873849153518677
Wikipedia,L1,2563,hin_Deva,0.9752434492111206
Wikipedia,L5,2563,hin_Deva,0.9855993390083313
Wikipedia,L20,2563,hin_Deva,0.9950937628746033
Wikipedia,L1,2565,hin_Deva,0.9963333606719971
Wikipedia,L5,2565,hin_Deva,0.9901934266090393
Wikipedia,L20,2565,hin_Deva,0.994125247001648
Wikipedia,L1,2567,hin_Deva,0.9965710043907166
Wikipedia,L5,2567,hin_Deva,0.9949628114700317
Wikipedia,L20,2567,hin_Deva,0.9942096471786499
Wikipedia,L1,2568,hin_Deva,0.9988640546798706
Wikipedia,L5,2568,hin_Deva,0.9950862526893616
Wikipedia,L20,2568,hin_Deva,0.9945015907287598
Wikipedia,L1,2569,hin_Deva,0.9958792328834534
Wikipedia,L5,2569,hin_Deva,0.9973058104515076
Wikipedia,L20,2569,hin_Deva,0.9964510798454285
Wikipedia,L1,2572,hin_Deva,0.9999457597732544
Wikipedia,L5,2572,hin_Deva,0.9991338849067688
Wikipedia,L20,2572,hin_Deva,0.9991429448127747
Wikipedia,L1,2575,hin_Deva,0.9701247215270996
Wikipedia,L5,2575,hin_Deva,0.9926701188087463
Wikipedia,L20,2575,hin_Deva,0.9969161152839661
Wikipedia,L1,2576,hin_Deva,0.9882211089134216
Wikipedia,L5,2576,hin_Deva,0.9988622665405273
Wikipedia,L20,2576,hin_Deva,0.9988806843757629
Wikipedia,L1,2577,hin_Deva,0.9986326694488525
Wikipedia,L5,2577,hin_Deva,0.996891975402832
Wikipedia,L20,2577,hin_Deva,0.9984302520751953
Wikipedia,L1,2578,hin_Deva,0.8391252160072327
Wikipedia,L5,2578,hin_Deva,0.9878047704696655
Wikipedia,L20,2578,hin_Deva,0.9962505102157593
Wikipedia,L1,2580,hin_Deva,0.968991219997406
Wikipedia,L5,2580,hin_Deva,0.9816973805427551
Wikipedia,L20,2580,hin_Deva,0.9824244379997253
Wikipedia,L1,2581,hin_Deva,0.9992712140083313
Wikipedia,L5,2581,hin_Deva,0.9987703561782837
Wikipedia,L20,2581,hin_Deva,0.9984644651412964
Wikipedia,L1,2582,hin_Deva,0.932262659072876
Wikipedia,L5,2582,hin_Deva,0.9966235756874084
Wikipedia,L20,2582,hin_Deva,0.996638834476471
Wikipedia,L1,2584,hin_Deva,0.9880396723747253
Wikipedia,L5,2584,hin_Deva,0.9947103261947632
Wikipedia,L20,2584,hin_Deva,0.9961751699447632
Wikipedia,L1,2585,hin_Deva,0.9749735593795776
Wikipedia,L5,2585,hin_Deva,0.9974413514137268
Wikipedia,L20,2585,hin_Deva,0.9993948936462402
Wikipedia,L1,2586,hin_Deva,0.9967482686042786
Wikipedia,L5,2586,hin_Deva,0.9977560639381409
Wikipedia,L20,2586,hin_Deva,0.997150182723999
Wikipedia,L1,2587,hin_Deva,0.9851580262184143
Wikipedia,L5,2587,hin_Deva,0.9981473684310913
Wikipedia,L20,2587,hin_Deva,0.9983735680580139
Wikipedia,L1,2588,hin_Deva,0.9998282790184021
Wikipedia,L5,2588,hin_Deva,0.9991279244422913
Wikipedia,L20,2588,hin_Deva,0.9962472915649414
Wikipedia,L1,2590,hin_Deva,0.9998375177383423
Wikipedia,L5,2590,hin_Deva,0.9992807507514954
Wikipedia,L20,2590,hin_Deva,0.9979011416435242
Wikipedia,L1,2592,hin_Deva,0.9678249955177307
Wikipedia,L5,2592,hin_Deva,0.9985988736152649
Wikipedia,L20,2592,hin_Deva,0.9983913898468018
Wikipedia,L1,2594,hin_Deva,0.9989811182022095
Wikipedia,L5,2594,hin_Deva,0.996734082698822
Wikipedia,L20,2594,hin_Deva,0.9988413453102112
Wikipedia,L1,2595,hin_Deva,0.8971092104911804
Wikipedia,L5,2595,hin_Deva,0.9928718209266663
Wikipedia,L20,2595,hin_Deva,0.9933487772941589
Wikipedia,L1,2596,hin_Deva,0.9705690741539001
Wikipedia,L5,2596,hin_Deva,0.9957018494606018
Wikipedia,L20,2596,hin_Deva,0.9992320537567139
Wikipedia,L1,2597,hin_Deva,0.9983984231948853
Wikipedia,L5,2597,hin_Deva,0.9987353682518005
Wikipedia,L20,2597,hin_Deva,0.9985637068748474
Wikipedia,L1,2598,hin_Deva,0.9700780510902405
Wikipedia,L5,2598,hin_Deva,0.995857298374176
Wikipedia,L20,2598,hin_Deva,0.9940958023071289
Wikipedia,L1,2599,hin_Deva,0.9957065582275391
Wikipedia,L5,2599,hin_Deva,0.9890806674957275
Wikipedia,L20,2599,hin_Deva,0.9984654188156128
Wikipedia,L1,2600,hin_Deva,0.9968461990356445
Wikipedia,L5,2600,hin_Deva,0.9994097948074341
Wikipedia,L20,2600,hin_Deva,0.9986759424209595
Wikipedia,L1,2602,hin_Deva,0.9984637498855591
Wikipedia,L5,2602,hin_Deva,0.9944317936897278
Wikipedia,L20,2602,hin_Deva,0.9950693845748901
Wikipedia,L1,2603,hin_Deva,0.9975519180297852
Wikipedia,L5,2603,hin_Deva,0.9863389134407043
Wikipedia,L20,2603,hin_Deva,0.993040144443512
Wikipedia,L1,2604,awa_Deva,0.8591005802154541
Wikipedia,L5,2604,hin_Deva,0.9826378226280212
Wikipedia,L20,2604,hin_Deva,0.9885033965110779
Wikipedia,L1,2605,hin_Deva,0.7493450045585632
Wikipedia,L5,2605,hin_Deva,0.9035123586654663
Wikipedia,L20,2605,hin_Deva,0.9970536828041077
Wikipedia,L1,2606,hin_Deva,0.9267276525497437
Wikipedia,L5,2606,hin_Deva,0.9926227331161499
Wikipedia,L20,2606,hin_Deva,0.9857481718063354
Wikipedia,L1,2608,hin_Deva,0.8983124494552612
Wikipedia,L5,2608,hin_Deva,0.9935397505760193
Wikipedia,L20,2608,hin_Deva,0.9967387914657593
Wikipedia,L1,2610,hin_Deva,0.845574676990509
Wikipedia,L5,2610,hin_Deva,0.9957008957862854
Wikipedia,L20,2610,hin_Deva,0.9971657991409302
Wikipedia,L1,2614,hin_Deva,0.9928514957427979
Wikipedia,L5,2614,hin_Deva,0.9967324137687683
Wikipedia,L20,2614,hin_Deva,0.9976369738578796
Wikipedia,L1,2615,hin_Deva,0.9846093058586121
Wikipedia,L5,2615,hin_Deva,0.9985388517379761
Wikipedia,L20,2615,hin_Deva,0.9959527850151062
Wikipedia,L1,2616,hin_Deva,0.46794605255126953
Wikipedia,L5,2616,hin_Deva,0.9959945678710938
Wikipedia,L20,2616,hin_Deva,0.9946362376213074
Wikipedia,L1,2617,hin_Deva,0.9742060303688049
Wikipedia,L5,2617,hin_Deva,0.9967027902603149
Wikipedia,L20,2617,hin_Deva,0.9978166222572327
Wikipedia,L1,2618,hin_Deva,0.9755071401596069
Wikipedia,L5,2618,hin_Deva,0.9923475384712219
Wikipedia,L20,2618,hin_Deva,0.9937105178833008
Wikipedia,L1,2622,hin_Deva,0.8239616751670837
Wikipedia,L5,2622,hin_Deva,0.9883347749710083
Wikipedia,L20,2622,hin_Deva,0.9896398186683655
Wikipedia,L1,2623,hin_Deva,0.9930644631385803
Wikipedia,L5,2623,hin_Deva,0.9603773355484009
Wikipedia,L20,2623,hin_Deva,0.9829584956169128
Wikipedia,L1,2625,hin_Deva,0.9912909865379333
Wikipedia,L5,2625,hin_Deva,0.989717960357666
Wikipedia,L20,2625,hin_Deva,0.9968348741531372
Wikipedia,L1,2626,kas_Deva,0.6755144596099854
Wikipedia,L5,2626,hin_Deva,0.9970651865005493
Wikipedia,L20,2626,hin_Deva,0.9970327019691467
Wikipedia,L1,2627,hin_Deva,0.9928601980209351
Wikipedia,L5,2627,hin_Deva,0.9991154074668884
Wikipedia,L20,2627,hin_Deva,0.9991496801376343
Wikipedia,L1,2630,hin_Deva,0.745241105556488
Wikipedia,L5,2630,hin_Deva,0.9515002369880676
Wikipedia,L20,2630,hin_Deva,0.9767560958862305
Wikipedia,L1,2631,hin_Deva,0.9989917874336243
Wikipedia,L5,2631,hin_Deva,0.9951338171958923
Wikipedia,L20,2631,hin_Deva,0.9947737455368042
Wikipedia,L1,2632,hin_Deva,0.9642066359519958
Wikipedia,L5,2632,hin_Deva,0.9966223835945129
Wikipedia,L20,2632,hin_Deva,0.9991360306739807
Wikipedia,L1,2633,hin_Deva,0.9949837923049927
Wikipedia,L5,2633,hin_Deva,0.9935910701751709
Wikipedia,L20,2633,hin_Deva,0.9968891143798828
Wikipedia,L1,2635,hin_Deva,0.9549251794815063
Wikipedia,L5,2635,hin_Deva,0.988996148109436
Wikipedia,L20,2635,hin_Deva,0.9961664080619812
Wikipedia,L1,2636,hin_Deva,0.8659690022468567
Wikipedia,L5,2636,hin_Deva,0.9990886449813843
Wikipedia,L20,2636,hin_Deva,0.9995423555374146
Wikipedia,L1,2637,hin_Deva,0.8081364631652832
Wikipedia,L5,2637,hin_Deva,0.9578136205673218
Wikipedia,L20,2637,hin_Deva,0.9822840094566345
Wikipedia,L1,2641,hin_Deva,0.9749969244003296
Wikipedia,L5,2641,hin_Deva,0.9954469799995422
Wikipedia,L20,2641,hin_Deva,0.9935449361801147
Wikipedia,L1,2642,hin_Deva,0.9979653358459473
Wikipedia,L5,2642,hin_Deva,0.9956396818161011
Wikipedia,L20,2642,hin_Deva,0.9946946501731873
Wikipedia,L1,2644,hin_Deva,0.9909957647323608
Wikipedia,L5,2644,hin_Deva,0.9986305236816406
Wikipedia,L20,2644,hin_Deva,0.9957676529884338
Wikipedia,L1,2646,hin_Deva,0.9993114471435547
Wikipedia,L5,2646,hin_Deva,0.9912967085838318
Wikipedia,L20,2646,hin_Deva,0.9954873919487
Wikipedia,L1,2649,hin_Deva,0.5802391171455383
Wikipedia,L5,2649,hin_Deva,0.9887328147888184
Wikipedia,L20,2649,hin_Deva,0.9954105019569397
Wikipedia,L1,2650,hin_Deva,0.9984531998634338
Wikipedia,L5,2650,hin_Deva,0.9868749976158142
Wikipedia,L20,2650,hin_Deva,0.9897372126579285
Wikipedia,L1,2651,hin_Deva,0.9850555062294006
Wikipedia,L5,2651,hin_Deva,0.9944235682487488
Wikipedia,L20,2651,hin_Deva,0.9982613921165466
Wikipedia,L1,2652,hin_Deva,0.9985355734825134
Wikipedia,L5,2652,hin_Deva,0.9989296197891235
Wikipedia,L20,2652,hin_Deva,0.996730625629425
Wikipedia,L1,2653,hin_Deva,0.9987029433250427
Wikipedia,L5,2653,hin_Deva,0.9954928159713745
Wikipedia,L20,2653,hin_Deva,0.9950273633003235
Wikipedia,L1,2655,hin_Deva,0.9994840025901794
Wikipedia,L5,2655,hin_Deva,0.9992585778236389
Wikipedia,L20,2655,hin_Deva,0.9981532096862793
Wikipedia,L1,2656,hin_Deva,0.9987353682518005
Wikipedia,L5,2656,hin_Deva,0.9984950423240662
Wikipedia,L20,2656,hin_Deva,0.9982542991638184
Wikipedia,L1,2657,hin_Deva,0.9195564985275269
Wikipedia,L5,2657,hin_Deva,0.9885594248771667
Wikipedia,L20,2657,hin_Deva,0.9983282089233398
Wikipedia,L1,2658,hin_Deva,0.8188127875328064
Wikipedia,L5,2658,hin_Deva,0.9968856573104858
Wikipedia,L20,2658,hin_Deva,0.9967973232269287
Wikipedia,L1,2659,hin_Deva,0.9787700772285461
Wikipedia,L5,2659,hin_Deva,0.9967203140258789
Wikipedia,L20,2659,hin_Deva,0.9934718608856201
Wikipedia,L1,2660,hin_Deva,0.988120436668396
Wikipedia,L5,2660,hin_Deva,0.9492045044898987
Wikipedia,L20,2660,hin_Deva,0.9932858943939209
Wikipedia,L1,2661,hin_Deva,0.9083876609802246
Wikipedia,L5,2661,hin_Deva,0.9986716508865356
Wikipedia,L20,2661,hin_Deva,0.9956638813018799
Wikipedia,L1,2662,awa_Deva,0.7706363201141357
Wikipedia,L5,2662,hin_Deva,0.9834229946136475
Wikipedia,L20,2662,hin_Deva,0.9939823746681213
Wikipedia,L1,2664,hin_Deva,0.9989175796508789
Wikipedia,L5,2664,hin_Deva,0.9952385425567627
Wikipedia,L20,2664,hin_Deva,0.9985785484313965
Wikipedia,L1,2665,hin_Deva,0.9638048410415649
Wikipedia,L5,2665,hin_Deva,0.9886577725410461
Wikipedia,L20,2665,hin_Deva,0.9943172335624695
Wikipedia,L1,2668,hin_Deva,0.989961564540863
Wikipedia,L5,2668,hin_Deva,0.996251106262207
Wikipedia,L20,2668,hin_Deva,0.9943133592605591
Wikipedia,L1,2670,hin_Deva,0.9669582843780518
Wikipedia,L5,2670,hin_Deva,0.9932161569595337
Wikipedia,L20,2670,hin_Deva,0.9950777292251587
Wikipedia,L1,2672,hin_Deva,0.9295074939727783
Wikipedia,L5,2672,hin_Deva,0.8073171973228455
Wikipedia,L20,2672,hin_Deva,0.9718768000602722
Wikipedia,L1,2673,hin_Deva,0.9961478114128113
Wikipedia,L5,2673,hin_Deva,0.9935383200645447
Wikipedia,L20,2673,hin_Deva,0.9907001256942749
Wikipedia,L1,2675,hin_Deva,0.9997355341911316
Wikipedia,L5,2675,hin_Deva,0.9985201954841614
Wikipedia,L20,2675,hin_Deva,0.9935289025306702
Wikipedia,L1,2677,hin_Deva,0.9502210021018982
Wikipedia,L5,2677,hin_Deva,0.980195164680481
Wikipedia,L20,2677,hin_Deva,0.9852820634841919
Wikipedia,L1,2680,hin_Deva,0.9993433356285095
Wikipedia,L5,2680,hin_Deva,0.9792676568031311
Wikipedia,L20,2680,hin_Deva,0.992382824420929
Wikipedia,L1,2681,hin_Deva,0.9636422991752625
Wikipedia,L5,2681,hin_Deva,0.9912444353103638
Wikipedia,L20,2681,hin_Deva,0.9867632985115051
Wikipedia,L1,2682,hin_Deva,0.9997887015342712
Wikipedia,L5,2682,hin_Deva,0.9986006617546082
Wikipedia,L20,2682,hin_Deva,0.9973781704902649
Wikipedia,L1,2684,hin_Deva,0.9956187605857849
Wikipedia,L5,2684,hin_Deva,0.9985878467559814
Wikipedia,L20,2684,hin_Deva,0.997310221195221
Wikipedia,L1,2685,hin_Deva,0.920982301235199
Wikipedia,L5,2685,hin_Deva,0.981826901435852
Wikipedia,L20,2685,hin_Deva,0.9905314445495605
Wikipedia,L1,2686,hin_Deva,0.9981865882873535
Wikipedia,L5,2686,hin_Deva,0.9982879161834717
Wikipedia,L20,2686,hin_Deva,0.9965771436691284
Wikipedia,L1,2687,hin_Deva,0.9793733358383179
Wikipedia,L5,2687,hin_Deva,0.9871631264686584
Wikipedia,L20,2687,hin_Deva,0.9934409260749817
Wikipedia,L1,2689,hin_Deva,0.952664315700531
Wikipedia,L5,2689,hin_Deva,0.956841766834259
Wikipedia,L20,2689,hin_Deva,0.9966058135032654
Wikipedia,L1,2690,hin_Deva,0.9982306361198425
Wikipedia,L5,2690,hin_Deva,0.9994058609008789
Wikipedia,L20,2690,hin_Deva,0.9970669746398926
Wikipedia,L1,2692,hin_Deva,0.9539455771446228
Wikipedia,L5,2692,hin_Deva,0.9854209423065186
Wikipedia,L20,2692,hin_Deva,0.994278073310852
Wikipedia,L1,2694,hin_Deva,0.9850889444351196
Wikipedia,L5,2694,hin_Deva,0.9941881895065308
Wikipedia,L20,2694,hin_Deva,0.9916619658470154
Wikipedia,L1,2695,hin_Deva,0.9920244216918945
Wikipedia,L5,2695,hin_Deva,0.9981438517570496
Wikipedia,L20,2695,hin_Deva,0.9969446659088135
Wikipedia,L1,2697,hin_Deva,0.9974412322044373
Wikipedia,L5,2697,hin_Deva,0.9996071457862854
Wikipedia,L20,2697,hin_Deva,0.998551607131958
Wikipedia,L1,2703,hin_Deva,0.9997091293334961
Wikipedia,L5,2703,hin_Deva,0.9947974681854248
Wikipedia,L20,2703,hin_Deva,0.9983434081077576
Wikipedia,L1,2705,hin_Deva,0.9966109395027161
Wikipedia,L5,2705,hin_Deva,0.9993133544921875
Wikipedia,L20,2705,hin_Deva,0.9987713098526001
Wikipedia,L1,2706,hin_Deva,0.8567383289337158
Wikipedia,L5,2706,hin_Deva,0.9899468421936035
Wikipedia,L20,2706,hin_Deva,0.9926510453224182
Wikipedia,L1,2708,hin_Deva,0.9758607149124146
Wikipedia,L5,2708,hin_Deva,0.9755909442901611
Wikipedia,L20,2708,hin_Deva,0.9887107014656067
Wikipedia,L1,2710,hin_Deva,0.9913284778594971
Wikipedia,L5,2710,hin_Deva,0.9975911378860474
Wikipedia,L20,2710,hin_Deva,0.9968977570533752
Wikipedia,L1,2713,hin_Deva,0.9758522510528564
Wikipedia,L5,2713,hin_Deva,0.9958985447883606
Wikipedia,L20,2713,hin_Deva,0.9969453811645508
Wikipedia,L1,2718,hin_Deva,0.9720240831375122
Wikipedia,L5,2718,hin_Deva,0.9702802300453186
Wikipedia,L20,2718,hin_Deva,0.9920286536216736
Wikipedia,L1,2719,hin_Deva,0.9893220067024231
Wikipedia,L5,2719,hin_Deva,0.9936726093292236
Wikipedia,L20,2719,hin_Deva,0.9977800846099854
Wikipedia,L1,2720,hin_Deva,0.7924151420593262
Wikipedia,L5,2720,hin_Deva,0.9710234999656677
Wikipedia,L20,2720,hin_Deva,0.9914334416389465
Wikipedia,L1,2722,hin_Deva,0.9995947480201721
Wikipedia,L5,2722,hin_Deva,0.9976696968078613
Wikipedia,L20,2722,hin_Deva,0.9984117150306702
Wikipedia,L1,2724,hin_Deva,0.6579750180244446
Wikipedia,L5,2724,hin_Deva,0.9957128167152405
Wikipedia,L20,2724,hin_Deva,0.9919165372848511
Wikipedia,L1,2725,hin_Deva,0.9624701142311096
Wikipedia,L5,2725,hin_Deva,0.9918767809867859
Wikipedia,L20,2725,hin_Deva,0.9937291145324707
Wikipedia,L1,2728,hin_Deva,0.9797717332839966
Wikipedia,L5,2728,hin_Deva,0.9995923638343811
Wikipedia,L20,2728,hin_Deva,0.9989817142486572
Wikipedia,L1,2729,hin_Deva,0.8190104365348816
Wikipedia,L5,2729,hin_Deva,0.9935844540596008
Wikipedia,L20,2729,hin_Deva,0.9954115152359009
Wikipedia,L1,2731,hin_Deva,0.9977288246154785
Wikipedia,L5,2731,hin_Deva,0.9998113512992859
Wikipedia,L20,2731,hin_Deva,0.9995771050453186
Wikipedia,L1,2732,hin_Deva,0.9999183416366577
Wikipedia,L5,2732,hin_Deva,0.9985335469245911
Wikipedia,L20,2732,hin_Deva,0.9987844824790955
Wikipedia,L1,2733,hin_Deva,0.9911089539527893
Wikipedia,L5,2733,hin_Deva,0.9963496923446655
Wikipedia,L20,2733,hin_Deva,0.9964408874511719
Wikipedia,L1,2734,hin_Deva,0.9989345669746399
Wikipedia,L5,2734,hin_Deva,0.9984104037284851
Wikipedia,L20,2734,hin_Deva,0.996129035949707
Wikipedia,L1,2735,hin_Deva,0.9651296138763428
Wikipedia,L5,2735,hin_Deva,0.998326301574707
Wikipedia,L20,2735,hin_Deva,0.9990812540054321
Wikipedia,L1,2736,hin_Deva,0.9955928921699524
Wikipedia,L5,2736,hin_Deva,0.9960103631019592
Wikipedia,L20,2736,hin_Deva,0.9965060353279114
Wikipedia,L1,2738,hin_Deva,0.5856603980064392
Wikipedia,L5,2738,hin_Deva,0.9333718419075012
Wikipedia,L20,2738,hin_Deva,0.984294056892395
Wikipedia,L1,2739,hin_Deva,0.9991581439971924
Wikipedia,L5,2739,hin_Deva,0.9996184706687927
Wikipedia,L20,2739,hin_Deva,0.9992597699165344
Wikipedia,L1,2740,awa_Deva,0.9915211796760559
Wikipedia,L5,2740,awa_Deva,0.9121898412704468
Wikipedia,L20,2740,awa_Deva,0.6470798850059509
Wikipedia,L1,2743,hin_Deva,0.7666123509407043
Wikipedia,L5,2743,hin_Deva,0.9962016344070435
Wikipedia,L20,2743,hin_Deva,0.9964956045150757
Wikipedia,L1,2744,hin_Deva,0.9980102181434631
Wikipedia,L5,2744,hin_Deva,0.9977432489395142
Wikipedia,L20,2744,hin_Deva,0.9980230331420898
Wikipedia,L1,2746,hin_Deva,0.9968250393867493
Wikipedia,L5,2746,hin_Deva,0.9948144555091858
Wikipedia,L20,2746,hin_Deva,0.9913988709449768
Wikipedia,L1,2747,hin_Deva,0.9110252261161804
Wikipedia,L5,2747,hin_Deva,0.8989982008934021
Wikipedia,L20,2747,hin_Deva,0.9938104748725891
Wikipedia,L1,2748,hin_Deva,0.9999247789382935
Wikipedia,L5,2748,hin_Deva,0.9991528987884521
Wikipedia,L20,2748,hin_Deva,0.9996256828308105
Wikipedia,L1,2749,hin_Deva,0.9743943214416504
Wikipedia,L5,2749,hin_Deva,0.9918834567070007
Wikipedia,L20,2749,hin_Deva,0.998399019241333
Wikipedia,L1,2750,hin_Deva,0.9993457198143005
Wikipedia,L5,2750,hin_Deva,0.9966007471084595
Wikipedia,L20,2750,hin_Deva,0.998612105846405
Wikipedia,L1,2753,hin_Deva,0.9854907393455505
Wikipedia,L5,2753,hin_Deva,0.9966807961463928
Wikipedia,L20,2753,hin_Deva,0.9947088956832886
Wikipedia,L1,2755,hin_Deva,0.9904832243919373
Wikipedia,L5,2755,hin_Deva,0.9990334510803223
Wikipedia,L20,2755,hin_Deva,0.9990754723548889
Wikipedia,L1,2757,hin_Deva,0.9946845769882202
Wikipedia,L5,2757,hin_Deva,0.9941210150718689
Wikipedia,L20,2757,hin_Deva,0.9976192712783813
Wikipedia,L1,2759,hin_Deva,0.9936848282814026
Wikipedia,L5,2759,hin_Deva,0.9970924258232117
Wikipedia,L20,2759,hin_Deva,0.9958902597427368
Wikipedia,L1,2761,hin_Deva,0.995963454246521
Wikipedia,L5,2761,hin_Deva,0.9980616569519043
Wikipedia,L20,2761,hin_Deva,0.9984971284866333
Wikipedia,L1,2762,hin_Deva,0.9998608827590942
Wikipedia,L5,2762,hin_Deva,0.9991124868392944
Wikipedia,L20,2762,hin_Deva,0.9980100989341736
Wikipedia,L1,2765,hin_Deva,0.9930776357650757
Wikipedia,L5,2765,hin_Deva,0.9947082996368408
Wikipedia,L20,2765,hin_Deva,0.9946010112762451
Wikipedia,L1,2766,hin_Deva,0.9993523955345154
Wikipedia,L5,2766,hin_Deva,0.9982178211212158
Wikipedia,L20,2766,hin_Deva,0.9992365837097168
Wikipedia,L1,2767,hin_Deva,0.9990049004554749
Wikipedia,L5,2767,hin_Deva,0.9992895722389221
Wikipedia,L20,2767,hin_Deva,0.9991388916969299
Wikipedia,L1,2768,hin_Deva,0.9931463003158569
Wikipedia,L5,2768,hin_Deva,0.9995107650756836
Wikipedia,L20,2768,hin_Deva,0.9992734789848328
Wikipedia,L1,2770,hin_Deva,0.9649593830108643
Wikipedia,L5,2770,hin_Deva,0.9956994652748108
Wikipedia,L20,2770,hin_Deva,0.9970945715904236
Wikipedia,L1,2778,hin_Deva,0.9854345917701721
Wikipedia,L5,2778,hin_Deva,0.9652162194252014
Wikipedia,L20,2778,hin_Deva,0.699293315410614
Wikipedia,L1,2780,hin_Deva,0.997087836265564
Wikipedia,L5,2780,hin_Deva,0.9970864057540894
Wikipedia,L20,2780,hin_Deva,0.9982442855834961
Wikipedia,L1,2782,hin_Deva,0.9944835305213928
Wikipedia,L5,2782,hin_Deva,0.9320873022079468
Wikipedia,L20,2782,hin_Deva,0.9786216616630554
Wikipedia,L1,2783,hin_Deva,0.9968996644020081
Wikipedia,L5,2783,hin_Deva,0.9978878498077393
Wikipedia,L20,2783,hin_Deva,0.9903481602668762
Wikipedia,L1,2784,hin_Deva,0.9701591730117798
Wikipedia,L5,2784,hin_Deva,0.9992054104804993
Wikipedia,L20,2784,hin_Deva,0.9989941716194153
Wikipedia,L1,2785,hin_Deva,0.9995614886283875
Wikipedia,L5,2785,hin_Deva,0.997985303401947
Wikipedia,L20,2785,hin_Deva,0.9953305125236511
Wikipedia,L1,2787,mag_Deva,0.9867462515830994
Wikipedia,L5,2787,hin_Deva,0.9913524389266968
Wikipedia,L20,2787,hin_Deva,0.9976611733436584
Wikipedia,L1,2788,hin_Deva,0.9980133175849915
Wikipedia,L5,2788,hin_Deva,0.999134361743927
Wikipedia,L20,2788,hin_Deva,0.9974194169044495
Wikipedia,L1,2789,hin_Deva,0.998865008354187
Wikipedia,L5,2789,hin_Deva,0.9955272078514099
Wikipedia,L20,2789,hin_Deva,0.9989888668060303
Wikipedia,L1,2791,hin_Deva,0.970249354839325
Wikipedia,L5,2791,hin_Deva,0.997519850730896
Wikipedia,L20,2791,hin_Deva,0.9981584548950195
Wikipedia,L1,2793,hin_Deva,0.9972776174545288
Wikipedia,L5,2793,hin_Deva,0.9963968992233276
Wikipedia,L20,2793,hin_Deva,0.9960370063781738
Wikipedia,L1,2795,hin_Deva,0.9762774109840393
Wikipedia,L5,2795,hin_Deva,0.9986351728439331
Wikipedia,L20,2795,hin_Deva,0.9935846924781799
Wikipedia,L1,2797,hin_Deva,0.9726940393447876
Wikipedia,L5,2797,hin_Deva,0.9975571036338806
Wikipedia,L20,2797,hin_Deva,0.9978604316711426
Wikipedia,L1,2799,awa_Deva,0.995683491230011
Wikipedia,L5,2799,hin_Deva,0.9972965717315674
Wikipedia,L20,2799,hin_Deva,0.9969502687454224
Wikipedia,L1,2800,hin_Deva,0.8908883333206177
Wikipedia,L5,2800,hin_Deva,0.9960902333259583
Wikipedia,L20,2800,hin_Deva,0.9948124885559082
Wikipedia,L1,2801,hin_Deva,0.9835607409477234
Wikipedia,L5,2801,hin_Deva,0.9941166639328003
Wikipedia,L20,2801,hin_Deva,0.9961457848548889
Wikipedia,L1,2804,hin_Deva,0.9985524415969849
Wikipedia,L5,2804,hin_Deva,0.9954403638839722
Wikipedia,L20,2804,hin_Deva,0.9908819794654846
Wikipedia,L1,2805,hin_Deva,0.9581977725028992
Wikipedia,L5,2805,hin_Deva,0.9918810129165649
Wikipedia,L20,2805,hin_Deva,0.9974827170372009
Wikipedia,L1,2806,hin_Deva,0.9868074655532837
Wikipedia,L5,2806,hin_Deva,0.997718095779419
Wikipedia,L20,2806,hin_Deva,0.9869976043701172
Wikipedia,L1,2808,hin_Deva,0.9954512119293213
Wikipedia,L5,2808,hin_Deva,0.9966636300086975
Wikipedia,L20,2808,hin_Deva,0.9915792346000671
Wikipedia,L1,2811,hin_Deva,0.9997987151145935
Wikipedia,L5,2811,hin_Deva,0.9996819496154785
Wikipedia,L20,2811,hin_Deva,0.998737633228302
Wikipedia,L1,2812,hin_Deva,0.9945937991142273
Wikipedia,L5,2812,hin_Deva,0.9976744651794434
Wikipedia,L20,2812,hin_Deva,0.9981686472892761
Wikipedia,L1,2814,hin_Deva,0.9459445476531982
Wikipedia,L5,2814,hin_Deva,0.998798668384552
Wikipedia,L20,2814,hin_Deva,0.9992243051528931
Wikipedia,L1,2816,hin_Deva,0.989199161529541
Wikipedia,L5,2816,hin_Deva,0.9990081191062927
Wikipedia,L20,2816,hin_Deva,0.9982558488845825
Wikipedia,L1,2819,hin_Deva,0.992876410484314
Wikipedia,L5,2819,hin_Deva,0.9978042840957642
Wikipedia,L20,2819,hin_Deva,0.9974745512008667
Wikipedia,L1,2821,hin_Deva,0.48789045214653015
Wikipedia,L5,2821,hin_Deva,0.8170206546783447
Wikipedia,L20,2821,hin_Deva,0.9788531064987183
Wikipedia,L1,2824,hin_Deva,0.999874472618103
Wikipedia,L5,2824,hin_Deva,0.9978411793708801
Wikipedia,L20,2824,hin_Deva,0.9978198409080505
Wikipedia,L1,2825,hne_Deva,0.705902099609375
Wikipedia,L5,2825,hin_Deva,0.9893926382064819
Wikipedia,L20,2825,hin_Deva,0.9966630339622498
Wikipedia,L1,2831,hin_Deva,0.9982607960700989
Wikipedia,L5,2831,hin_Deva,0.998569667339325
Wikipedia,L20,2831,hin_Deva,0.9882534146308899
Wikipedia,L1,2832,hin_Deva,0.905286431312561
Wikipedia,L5,2832,hin_Deva,0.9871935844421387
Wikipedia,L20,2832,hin_Deva,0.9926953315734863
Wikipedia,L1,2833,hin_Deva,0.9232273101806641
Wikipedia,L5,2833,hin_Deva,0.9892325401306152
Wikipedia,L20,2833,hin_Deva,0.9842637777328491
Wikipedia,L1,2834,hin_Deva,0.9326552748680115
Wikipedia,L5,2834,hin_Deva,0.9948111772537231
Wikipedia,L20,2834,hin_Deva,0.994813859462738
Wikipedia,L1,2837,hin_Deva,0.8890623450279236
Wikipedia,L5,2837,hin_Deva,0.9960253834724426
Wikipedia,L20,2837,hin_Deva,0.9941820502281189
Wikipedia,L1,2842,hin_Deva,0.7329447269439697
Wikipedia,L5,2842,hin_Deva,0.9932268261909485
Wikipedia,L20,2842,hin_Deva,0.9956954717636108
Wikipedia,L1,2843,hin_Deva,0.9992583394050598
Wikipedia,L5,2843,hin_Deva,0.9979089498519897
Wikipedia,L20,2843,hin_Deva,0.9890059232711792
Wikipedia,L1,2844,hin_Deva,0.9535579085350037
Wikipedia,L5,2844,hin_Deva,0.9896024465560913
Wikipedia,L20,2844,hin_Deva,0.9921634793281555
Wikipedia,L1,2846,hin_Deva,0.9920455813407898
Wikipedia,L5,2846,hin_Deva,0.9679997563362122
Wikipedia,L20,2846,hin_Deva,0.9951943755149841
Wikipedia,L1,2848,hin_Deva,0.6064203977584839
Wikipedia,L5,2848,hin_Deva,0.987250030040741
Wikipedia,L20,2848,hin_Deva,0.9957919120788574
Wikipedia,L1,2850,hin_Deva,0.9829636812210083
Wikipedia,L5,2850,hin_Deva,0.9990585446357727
Wikipedia,L20,2850,hin_Deva,0.997791588306427
Wikipedia,L1,2852,hin_Deva,0.9545183777809143
Wikipedia,L5,2852,hin_Deva,0.9912012219429016
Wikipedia,L20,2852,hin_Deva,0.9945620894432068
Wikipedia,L1,2853,awa_Deva,0.9164968132972717
Wikipedia,L5,2853,hin_Deva,0.9971908330917358
Wikipedia,L20,2853,hin_Deva,0.9983349442481995
Wikipedia,L1,2854,hin_Deva,0.9887658953666687
Wikipedia,L5,2854,hin_Deva,0.9928557276725769
Wikipedia,L20,2854,hin_Deva,0.996814489364624
Wikipedia,L1,2856,hin_Deva,0.999904990196228
Wikipedia,L5,2856,hin_Deva,0.9905571341514587
Wikipedia,L20,2856,hin_Deva,0.9966491460800171
Wikipedia,L1,2857,hin_Deva,0.8686874508857727
Wikipedia,L5,2857,hin_Deva,0.9985934495925903
Wikipedia,L20,2857,hin_Deva,0.995750904083252
Wikipedia,L1,2858,hin_Deva,0.9979144334793091
Wikipedia,L5,2858,hin_Deva,0.9900750517845154
Wikipedia,L20,2858,hin_Deva,0.992185652256012
Wikipedia,L1,2859,hin_Deva,0.9992607235908508
Wikipedia,L5,2859,hin_Deva,0.9975969791412354
Wikipedia,L20,2859,hin_Deva,0.9910807609558105
Wikipedia,L1,2860,hin_Deva,0.9972736835479736
Wikipedia,L5,2860,hin_Deva,0.9991320967674255
Wikipedia,L20,2860,hin_Deva,0.9984913468360901
Wikipedia,L1,2861,hin_Deva,0.9495452046394348
Wikipedia,L5,2861,hin_Deva,0.9908140897750854
Wikipedia,L20,2861,hin_Deva,0.9954490065574646
Wikipedia,L1,2863,hin_Deva,0.9998475313186646
Wikipedia,L5,2863,hin_Deva,0.9991888403892517
Wikipedia,L20,2863,hin_Deva,0.9981755614280701
Wikipedia,L1,2864,hin_Deva,0.9071049690246582
Wikipedia,L5,2864,hin_Deva,0.9948822855949402
Wikipedia,L20,2864,hin_Deva,0.9944655299186707
Wikipedia,L1,2866,hin_Deva,0.9996969699859619
Wikipedia,L5,2866,hin_Deva,0.9988741874694824
Wikipedia,L20,2866,hin_Deva,0.9989765882492065
Wikipedia,L1,2867,hin_Deva,0.9826670289039612
Wikipedia,L5,2867,hin_Deva,0.9771944880485535
Wikipedia,L20,2867,hin_Deva,0.9606136083602905
Wikipedia,L1,2868,hin_Deva,0.8215402364730835
Wikipedia,L5,2868,hin_Deva,0.9986012578010559
Wikipedia,L20,2868,hin_Deva,0.99443519115448
Wikipedia,L1,2869,hin_Deva,0.8913791179656982
Wikipedia,L5,2869,hin_Deva,0.9785698056221008
Wikipedia,L20,2869,hin_Deva,0.9889091849327087
Wikipedia,L1,2871,hin_Deva,0.9804937243461609
Wikipedia,L5,2871,hin_Deva,0.9971225261688232
Wikipedia,L20,2871,hin_Deva,0.9979932308197021
Wikipedia,L1,2872,hin_Deva,0.9700618982315063
Wikipedia,L5,2872,hin_Deva,0.9650932550430298
Wikipedia,L20,2872,hin_Deva,0.9722452759742737
Wikipedia,L1,2873,hin_Deva,0.9878201484680176
Wikipedia,L5,2873,hin_Deva,0.9839463233947754
Wikipedia,L20,2873,hin_Deva,0.9875866174697876
Wikipedia,L1,2876,hin_Deva,0.9861718416213989
Wikipedia,L5,2876,hin_Deva,0.9970681667327881
Wikipedia,L20,2876,hin_Deva,0.9971792101860046
Wikipedia,L1,2881,hin_Deva,0.9738767743110657
Wikipedia,L5,2881,hin_Deva,0.9991394877433777
Wikipedia,L20,2881,hin_Deva,0.9969860315322876
Wikipedia,L1,2882,hin_Deva,0.9999127388000488
Wikipedia,L5,2882,hin_Deva,0.9936202168464661
Wikipedia,L20,2882,hin_Deva,0.9978224039077759
Wikipedia,L1,2884,hin_Deva,0.9706588387489319
Wikipedia,L5,2884,hin_Deva,0.9581918716430664
Wikipedia,L20,2884,hin_Deva,0.9913385510444641
Wikipedia,L1,2885,hin_Deva,0.9988248348236084
Wikipedia,L5,2885,hin_Deva,0.9983991384506226
Wikipedia,L20,2885,hin_Deva,0.9971763491630554
Wikipedia,L1,2886,hin_Deva,0.9993506073951721
Wikipedia,L5,2886,hin_Deva,0.999090313911438
Wikipedia,L20,2886,hin_Deva,0.9994409680366516
Wikipedia,L1,2891,hin_Deva,0.9961403608322144
Wikipedia,L5,2891,hin_Deva,0.9994024038314819
Wikipedia,L20,2891,hin_Deva,0.9989327788352966
Wikipedia,L1,2893,hin_Deva,0.6985258460044861
Wikipedia,L5,2893,hin_Deva,0.9936909675598145
Wikipedia,L20,2893,hin_Deva,0.996202826499939
Wikipedia,L1,2894,hin_Deva,0.995106041431427
Wikipedia,L5,2894,hin_Deva,0.9959629774093628
Wikipedia,L20,2894,hin_Deva,0.9955872297286987
Wikipedia,L1,2898,hin_Deva,0.9831398129463196
Wikipedia,L5,2898,hin_Deva,0.9967530369758606
Wikipedia,L20,2898,hin_Deva,0.9974501132965088
Wikipedia,L1,2899,hin_Deva,0.9916502237319946
Wikipedia,L5,2899,hin_Deva,0.9797413945198059
Wikipedia,L20,2899,hin_Deva,0.9937394857406616
Wikipedia,L1,2900,hin_Deva,0.9930607080459595
Wikipedia,L5,2900,hin_Deva,0.9992324113845825
Wikipedia,L20,2900,hin_Deva,0.9993194341659546
Wikipedia,L1,2901,hin_Deva,0.9254035353660583
Wikipedia,L5,2901,hin_Deva,0.9869400262832642
Wikipedia,L20,2901,hin_Deva,0.9943959712982178
Wikipedia,L1,2902,hin_Deva,0.9994465708732605
Wikipedia,L5,2902,hin_Deva,0.9721106290817261
Wikipedia,L20,2902,hin_Deva,0.9908953309059143
Wikipedia,L1,2903,hin_Deva,0.9730281233787537
Wikipedia,L5,2903,hin_Deva,0.9919893741607666
Wikipedia,L20,2903,hin_Deva,0.9958967566490173
Wikipedia,L1,2910,hin_Deva,0.979207456111908
Wikipedia,L5,2910,hin_Deva,0.9975441694259644
Wikipedia,L20,2910,hin_Deva,0.9958826899528503
Wikipedia,L1,2912,hin_Deva,0.9647315740585327
Wikipedia,L5,2912,hin_Deva,0.9976854920387268
Wikipedia,L20,2912,hin_Deva,0.9989211559295654
Wikipedia,L1,2913,hin_Deva,0.9996763467788696
Wikipedia,L5,2913,hin_Deva,0.9993420243263245
Wikipedia,L20,2913,hin_Deva,0.9984951615333557
Wikipedia,L1,2914,hin_Deva,0.993057906627655
Wikipedia,L5,2914,hin_Deva,0.9976590275764465
Wikipedia,L20,2914,hin_Deva,0.9990742802619934
Wikipedia,L1,2916,hin_Deva,0.8993457555770874
Wikipedia,L5,2916,hin_Deva,0.9933869242668152
Wikipedia,L20,2916,hin_Deva,0.9987041354179382
Wikipedia,L1,2917,hin_Deva,0.9895814657211304
Wikipedia,L5,2917,hin_Deva,0.9985727667808533
Wikipedia,L20,2917,hin_Deva,0.9983521699905396
Wikipedia,L1,2918,hin_Deva,0.9904636144638062
Wikipedia,L5,2918,hin_Deva,0.9981686472892761
Wikipedia,L20,2918,hin_Deva,0.9984333515167236
Wikipedia,L1,2920,hin_Deva,0.9961325526237488
Wikipedia,L5,2920,hin_Deva,0.9956697821617126
Wikipedia,L20,2920,hin_Deva,0.9981454610824585
Wikipedia,L1,2924,mai_Deva,0.782802939414978
Wikipedia,L5,2924,hin_Deva,0.9769177436828613
Wikipedia,L20,2924,hin_Deva,0.9941906332969666
Wikipedia,L1,2930,hin_Deva,0.9014929533004761
Wikipedia,L5,2930,hin_Deva,0.9866148829460144
Wikipedia,L20,2930,hin_Deva,0.995223879814148
Wikipedia,L1,2933,hin_Deva,0.9981155395507812
Wikipedia,L5,2933,hin_Deva,0.9970885515213013
Wikipedia,L20,2933,hin_Deva,0.9989120960235596
Wikipedia,L1,2935,hin_Deva,0.9507869482040405
Wikipedia,L5,2935,hin_Deva,0.9978847503662109
Wikipedia,L20,2935,hin_Deva,0.9976041913032532
Wikipedia,L1,2937,hin_Deva,0.989325761795044
Wikipedia,L5,2937,hin_Deva,0.9929969906806946
Wikipedia,L20,2937,hin_Deva,0.9948400855064392
Wikipedia,L1,2938,hin_Deva,0.7001490592956543
Wikipedia,L5,2938,hin_Deva,0.9969164729118347
Wikipedia,L20,2938,hin_Deva,0.9974358677864075
Wikipedia,L1,2939,hin_Deva,0.9883837699890137
Wikipedia,L5,2939,hin_Deva,0.997843325138092
Wikipedia,L20,2939,hin_Deva,0.9990559220314026
Wikipedia,L1,2941,hin_Deva,0.9629899859428406
Wikipedia,L5,2941,hin_Deva,0.9711354970932007
Wikipedia,L20,2941,hin_Deva,0.9871118068695068
Wikipedia,L1,2943,hin_Deva,0.998557984828949
Wikipedia,L5,2943,hin_Deva,0.9991273283958435
Wikipedia,L20,2943,hin_Deva,0.9984238147735596
Wikipedia,L1,2944,hin_Deva,0.9714853763580322
Wikipedia,L5,2944,hin_Deva,0.9987599849700928
Wikipedia,L20,2944,hin_Deva,0.9984302520751953
Wikipedia,L1,2947,hin_Deva,0.9966955780982971
Wikipedia,L5,2947,hin_Deva,0.998253583908081
Wikipedia,L20,2947,hin_Deva,0.9924017786979675
Wikipedia,L1,2948,hin_Deva,0.9451462030410767
Wikipedia,L5,2948,hin_Deva,0.8227094411849976
Wikipedia,L20,2948,hin_Deva,0.8973792195320129
Wikipedia,L1,2949,hin_Deva,0.9964556097984314
Wikipedia,L5,2949,hin_Deva,0.9981533288955688
Wikipedia,L20,2949,hin_Deva,0.9956352114677429
Wikipedia,L1,2951,hin_Deva,0.9943153262138367
Wikipedia,L5,2951,hin_Deva,0.9986516833305359
Wikipedia,L20,2951,hin_Deva,0.9968594908714294
Wikipedia,L1,2954,hin_Deva,0.8467708230018616
Wikipedia,L5,2954,hin_Deva,0.994852602481842
Wikipedia,L20,2954,hin_Deva,0.9951286315917969
Wikipedia,L1,2956,hin_Deva,0.9866743087768555
Wikipedia,L5,2956,hin_Deva,0.9888840913772583
Wikipedia,L20,2956,hin_Deva,0.9930827021598816
Wikipedia,L1,2957,hin_Deva,0.9651118516921997
Wikipedia,L5,2957,hin_Deva,0.9972146153450012
Wikipedia,L20,2957,hin_Deva,0.9982216358184814
Wikipedia,L1,2959,hin_Deva,0.7226912379264832
Wikipedia,L5,2959,hin_Deva,0.9886454343795776
Wikipedia,L20,2959,hin_Deva,0.9958717226982117
Wikipedia,L1,2963,hin_Deva,0.9301353693008423
Wikipedia,L5,2963,hin_Deva,0.9530088305473328
Wikipedia,L20,2963,hin_Deva,0.9773935079574585
Wikipedia,L1,2964,hin_Deva,0.998051106929779
Wikipedia,L5,2964,hin_Deva,0.9991636276245117
Wikipedia,L20,2964,hin_Deva,0.9996122717857361
Wikipedia,L1,2966,hin_Deva,0.741165280342102
Wikipedia,L5,2966,hin_Deva,0.9971656799316406
Wikipedia,L20,2966,hin_Deva,0.998931884765625
Wikipedia,L1,2967,hin_Deva,0.9980079531669617
Wikipedia,L5,2967,hin_Deva,0.9962520599365234
Wikipedia,L20,2967,hin_Deva,0.9966473579406738
Wikipedia,L1,2969,hin_Deva,0.9974241256713867
Wikipedia,L5,2969,hin_Deva,0.9969739317893982
Wikipedia,L20,2969,hin_Deva,0.9978241920471191
Wikipedia,L1,2972,hin_Deva,0.9921266436576843
Wikipedia,L5,2972,hin_Deva,0.9980505108833313
Wikipedia,L20,2972,hin_Deva,0.9963729977607727
Wikipedia,L1,2973,hin_Deva,0.9938872456550598
Wikipedia,L5,2973,hin_Deva,0.9984990358352661
Wikipedia,L20,2973,hin_Deva,0.9990605711936951
Wikipedia,L1,2974,hin_Deva,0.9496464729309082
Wikipedia,L5,2974,hin_Deva,0.9904944896697998
Wikipedia,L20,2974,hin_Deva,0.9905335307121277
Wikipedia,L1,2975,hin_Deva,0.8475799560546875
Wikipedia,L5,2975,hin_Deva,0.9961190819740295
Wikipedia,L20,2975,hin_Deva,0.9925867915153503
Wikipedia,L1,2983,hin_Deva,0.9624612927436829
Wikipedia,L5,2983,hin_Deva,0.983998715877533
Wikipedia,L20,2983,hin_Deva,0.9943272471427917
Wikipedia,L1,2985,hin_Deva,0.9963352084159851
Wikipedia,L5,2985,hin_Deva,0.9862432479858398
Wikipedia,L20,2985,hin_Deva,0.9830101728439331
Wikipedia,L1,2989,hin_Deva,0.9991475343704224
Wikipedia,L5,2989,hin_Deva,0.9965010285377502
Wikipedia,L20,2989,hin_Deva,0.9905965924263
Wikipedia,L1,2990,awa_Deva,0.8769904971122742
Wikipedia,L5,2990,hin_Deva,0.9872006773948669
Wikipedia,L20,2990,hin_Deva,0.9977349638938904
Wikipedia,L1,2991,hin_Deva,0.8681356906890869
Wikipedia,L5,2991,hin_Deva,0.9965903162956238
Wikipedia,L20,2991,hin_Deva,0.9983514547348022
Wikipedia,L1,2993,awa_Deva,0.623913586139679
Wikipedia,L5,2993,hin_Deva,0.8873051404953003
Wikipedia,L20,2993,hin_Deva,0.9693964719772339
Wikipedia,L1,2994,hin_Deva,0.998670220375061
Wikipedia,L5,2994,hin_Deva,0.9975624680519104
Wikipedia,L20,2994,hin_Deva,0.9968838691711426
Wikipedia,L1,2995,hin_Deva,0.9992124438285828
Wikipedia,L5,2995,hin_Deva,0.9952009916305542
Wikipedia,L20,2995,hin_Deva,0.9944555163383484
Wikipedia,L1,2996,hin_Deva,0.9551205635070801
Wikipedia,L5,2996,hin_Deva,0.9921582937240601
Wikipedia,L20,2996,hin_Deva,0.9910615682601929
Wikipedia,L1,2998,hin_Deva,0.966629683971405
Wikipedia,L5,2998,hin_Deva,0.9662922024726868
Wikipedia,L20,2998,hin_Deva,0.9934421181678772
Wikipedia,L1,3001,mag_Deva,0.956111490726471
Wikipedia,L5,3001,hin_Deva,0.9864031672477722
Wikipedia,L20,3001,hin_Deva,0.9967138171195984
Wikipedia,L1,3003,awa_Deva,0.9723774194717407
Wikipedia,L5,3003,hin_Deva,0.9509613513946533
Wikipedia,L20,3003,hin_Deva,0.982009768486023
Wikipedia,L1,3004,hin_Deva,0.9986687898635864
Wikipedia,L5,3004,hin_Deva,0.9969861507415771
Wikipedia,L20,3004,hin_Deva,0.9959835410118103
Wikipedia,L1,3005,hin_Deva,0.9903273582458496
Wikipedia,L5,3005,hin_Deva,0.985830545425415
Wikipedia,L20,3005,hin_Deva,0.990699052810669
Wikipedia,L1,3008,hin_Deva,0.9911029934883118
Wikipedia,L5,3008,hin_Deva,0.9831207990646362
Wikipedia,L20,3008,hin_Deva,0.9960811138153076
Wikipedia,L1,3009,hin_Deva,0.9857845306396484
Wikipedia,L5,3009,hin_Deva,0.9665488600730896
Wikipedia,L20,3009,hin_Deva,0.9935178756713867
Wikipedia,L1,3010,awa_Deva,0.9807150959968567
Wikipedia,L5,3010,hin_Deva,0.9709057211875916
Wikipedia,L20,3010,hin_Deva,0.9946444034576416
Wikipedia,L1,3011,hin_Deva,0.9815100431442261
Wikipedia,L5,3011,hin_Deva,0.9899353981018066
Wikipedia,L20,3011,hin_Deva,0.9890567660331726
Wikipedia,L1,3013,hin_Deva,0.9965521693229675
Wikipedia,L5,3013,hin_Deva,0.9960597157478333
Wikipedia,L20,3013,hin_Deva,0.9967270493507385
Wikipedia,L1,3015,hin_Deva,0.9991071224212646
Wikipedia,L5,3015,hin_Deva,0.9962505102157593
Wikipedia,L20,3015,hin_Deva,0.9974073171615601
Wikipedia,L1,3017,hin_Deva,0.9999045133590698
Wikipedia,L5,3017,hin_Deva,0.9791949987411499
Wikipedia,L20,3017,hin_Deva,0.9967606067657471
Wikipedia,L1,3019,hin_Deva,0.9995551705360413
Wikipedia,L5,3019,hin_Deva,0.9988154172897339
Wikipedia,L20,3019,hin_Deva,0.9980231523513794
Wikipedia,L1,3021,hin_Deva,0.9887606501579285
Wikipedia,L5,3021,hin_Deva,0.9524534940719604
Wikipedia,L20,3021,hin_Deva,0.9844340682029724
Wikipedia,L1,3022,hin_Deva,0.8200002908706665
Wikipedia,L5,3022,hin_Deva,0.9980857372283936
Wikipedia,L20,3022,hin_Deva,0.9992647767066956
Wikipedia,L1,3025,hin_Deva,0.9985674023628235
Wikipedia,L5,3025,hin_Deva,0.974456787109375
Wikipedia,L20,3025,hin_Deva,0.9980085492134094
Wikipedia,L1,3026,hin_Deva,0.9996364116668701
Wikipedia,L5,3026,hin_Deva,0.9996827840805054
Wikipedia,L20,3026,hin_Deva,0.9992772936820984
Wikipedia,L1,3027,hin_Deva,0.9440457224845886
Wikipedia,L5,3027,hin_Deva,0.9992713332176208
Wikipedia,L20,3027,hin_Deva,0.9983553886413574
Wikipedia,L1,3030,hin_Deva,0.9878535270690918
Wikipedia,L5,3030,hin_Deva,0.9828203916549683
Wikipedia,L20,3030,hin_Deva,0.994604766368866
Wikipedia,L1,3031,hin_Deva,0.9154971837997437
Wikipedia,L5,3031,hin_Deva,0.9646064639091492
Wikipedia,L20,3031,hin_Deva,0.9863489866256714
Wikipedia,L1,3032,hin_Deva,0.9858624935150146
Wikipedia,L5,3032,hin_Deva,0.9628158807754517
Wikipedia,L20,3032,hin_Deva,0.9628204107284546
Wikipedia,L1,3033,awa_Deva,0.7093392014503479
Wikipedia,L5,3033,hin_Deva,0.9444562196731567
Wikipedia,L20,3033,hin_Deva,0.9841511249542236
Wikipedia,L1,3034,hin_Deva,0.9397079944610596
Wikipedia,L5,3034,hin_Deva,0.9878295660018921
Wikipedia,L20,3034,hin_Deva,0.9959391951560974
Wikipedia,L1,3035,hin_Deva,0.8094583749771118
Wikipedia,L5,3035,hin_Deva,0.9484614133834839
Wikipedia,L20,3035,hin_Deva,0.9831538796424866
Wikipedia,L1,3036,hin_Deva,0.9792178273200989
Wikipedia,L5,3036,hin_Deva,0.9985802173614502
Wikipedia,L20,3036,hin_Deva,0.997663676738739
Wikipedia,L1,3039,hin_Deva,0.9966648817062378
Wikipedia,L5,3039,hin_Deva,0.9971806406974792
Wikipedia,L20,3039,hin_Deva,0.9945617318153381
Wikipedia,L1,3040,hin_Deva,0.9912018179893494
Wikipedia,L5,3040,hin_Deva,0.9904699325561523
Wikipedia,L20,3040,hin_Deva,0.9768794178962708
Wikipedia,L1,3042,hin_Deva,0.9979245066642761
Wikipedia,L5,3042,hin_Deva,0.993461012840271
Wikipedia,L20,3042,hin_Deva,0.9982494115829468
Wikipedia,L1,3046,hin_Deva,0.7689111232757568
Wikipedia,L5,3046,hin_Deva,0.9969183802604675
Wikipedia,L20,3046,hin_Deva,0.9974029064178467
Wikipedia,L1,3047,hin_Deva,0.9935116171836853
Wikipedia,L5,3047,hin_Deva,0.9971070289611816
Wikipedia,L20,3047,hin_Deva,0.9958977103233337
Wikipedia,L1,3048,hin_Deva,0.9983838796615601
Wikipedia,L5,3048,hin_Deva,0.9973471760749817
Wikipedia,L20,3048,hin_Deva,0.9970558285713196
Wikipedia,L1,3050,hin_Deva,0.994329035282135
Wikipedia,L5,3050,hin_Deva,0.9788742661476135
Wikipedia,L20,3050,hin_Deva,0.9872303009033203
Wikipedia,L1,3051,hin_Deva,0.998712420463562
Wikipedia,L5,3051,hin_Deva,0.9991496801376343
Wikipedia,L20,3051,hin_Deva,0.9974243640899658
Wikipedia,L1,3053,hin_Deva,0.7987271547317505
Wikipedia,L5,3053,hin_Deva,0.9890093207359314
Wikipedia,L20,3053,hin_Deva,0.991625964641571
Wikipedia,L1,3057,hin_Deva,0.8071079850196838
Wikipedia,L5,3057,hin_Deva,0.9822925329208374
Wikipedia,L20,3057,hin_Deva,0.9914681315422058
Wikipedia,L1,3058,hin_Deva,0.7678494453430176
Wikipedia,L5,3058,hin_Deva,0.9963101744651794
Wikipedia,L20,3058,hin_Deva,0.9983397126197815
Wikipedia,L1,3059,hin_Deva,0.9917491674423218
Wikipedia,L5,3059,hin_Deva,0.9830191731452942
Wikipedia,L20,3059,hin_Deva,0.9809842705726624
Wikipedia,L1,3060,hin_Deva,0.9848322868347168
Wikipedia,L5,3060,hin_Deva,0.9955626130104065
Wikipedia,L20,3060,hin_Deva,0.9945647716522217
Wikipedia,L1,3061,hin_Deva,0.9959834218025208
Wikipedia,L5,3061,hin_Deva,0.9926391839981079
Wikipedia,L20,3061,hin_Deva,0.9924460053443909
Wikipedia,L1,3063,hin_Deva,0.7758119702339172
Wikipedia,L5,3063,hin_Deva,0.9763992428779602
Wikipedia,L20,3063,hin_Deva,0.9830725193023682
Wikipedia,L1,3064,hin_Deva,0.9971722960472107
Wikipedia,L5,3064,hin_Deva,0.9962237477302551
Wikipedia,L20,3064,hin_Deva,0.9972071647644043
Wikipedia,L1,3065,awa_Deva,0.7882065176963806
Wikipedia,L5,3065,hin_Deva,0.9842429161071777
Wikipedia,L20,3065,hin_Deva,0.9716923832893372
News,L1,1,hin_Deva,0.9999666213989258
News,L5,1,hin_Deva,0.9986329078674316
News,L20,1,hin_Deva,0.9996011853218079
News,L1,11,hin_Deva,0.999150276184082
News,L5,11,hin_Deva,0.9976082444190979
News,L20,11,hin_Deva,0.9991346001625061
News,L1,16,hin_Deva,0.9109866619110107
News,L5,16,hin_Deva,0.9981618523597717
News,L20,16,hin_Deva,0.9989845752716064
News,L1,28,hin_Deva,0.9946857690811157
News,L5,28,hin_Deva,0.997019350528717
News,L20,28,hin_Deva,0.9992488622665405
News,L1,32,hin_Deva,0.9610226154327393
News,L5,32,hin_Deva,0.9952552914619446
News,L20,32,hin_Deva,0.9986758232116699
News,L1,35,hin_Deva,0.9999364614486694
News,L5,35,hin_Deva,0.999675989151001
News,L20,35,hin_Deva,0.9994068145751953
News,L1,58,hin_Deva,0.9999880790710449
News,L5,58,hin_Deva,0.9996806383132935
News,L20,58,hin_Deva,0.9995624423027039
News,L1,76,hin_Deva,0.9999819993972778
News,L5,76,hin_Deva,0.9983962774276733
News,L20,76,hin_Deva,0.9990448951721191
News,L1,77,hin_Deva,0.9580458998680115
News,L5,77,hin_Deva,0.9985798597335815
News,L20,77,hin_Deva,0.9988389611244202
News,L1,95,hin_Deva,0.9813361167907715
News,L5,95,hin_Deva,0.9955670237541199
News,L20,95,hin_Deva,0.9946112632751465
News,L1,99,hin_Deva,0.9992269277572632
News,L5,99,hin_Deva,0.9995099306106567
News,L20,99,hin_Deva,0.9995119571685791
News,L1,101,hin_Deva,0.9995765089988708
News,L5,101,hin_Deva,0.9992935061454773
News,L20,101,hin_Deva,0.9988414645195007
News,L1,102,hin_Deva,0.995633065700531
News,L5,102,hin_Deva,0.9989825487136841
News,L20,102,hin_Deva,0.9992601275444031
News,L1,113,awa_Deva,0.7164865136146545
News,L5,113,hin_Deva,0.9446864724159241
News,L20,113,hin_Deva,0.9990041851997375
News,L1,114,hin_Deva,0.9733810424804688
News,L5,114,hin_Deva,0.999203622341156
News,L20,114,hin_Deva,0.999613344669342
News,L1,131,hin_Deva,0.9919560551643372
News,L5,131,hin_Deva,0.994619607925415
News,L20,131,hin_Deva,0.9991407990455627
News,L1,136,hin_Deva,0.998668909072876
News,L5,136,hin_Deva,0.9968545436859131
News,L20,136,hin_Deva,0.9985125064849854
News,L1,155,hin_Deva,0.9989531636238098
News,L5,155,hin_Deva,0.9992964863777161
News,L20,155,hin_Deva,0.9982649683952332
News,L1,174,hin_Deva,0.9124952554702759
News,L5,174,hin_Deva,0.9745892286300659
News,L20,174,hin_Deva,0.9963785409927368
News,L1,179,hin_Deva,0.9998525381088257
News,L5,179,hin_Deva,0.999322772026062
News,L20,179,hin_Deva,0.9988223314285278
News,L1,185,hin_Deva,0.9876453280448914
News,L5,185,hin_Deva,0.9975261688232422
News,L20,185,hin_Deva,0.9973187446594238
News,L1,205,hin_Deva,0.9997230172157288
News,L5,205,hin_Deva,0.999239444732666
News,L20,205,hin_Deva,0.9996719360351562
News,L1,211,hin_Deva,0.9335573315620422
News,L5,211,hin_Deva,0.9888656735420227
News,L20,211,hin_Deva,0.9970309138298035
News,L1,223,hin_Deva,0.9994094371795654
News,L5,223,hin_Deva,0.9991765022277832
News,L20,223,hin_Deva,0.9995143413543701
News,L1,237,hin_Deva,0.9991666078567505
News,L5,237,hin_Deva,0.9901925921440125
News,L20,237,hin_Deva,0.9953116178512573
News,L1,253,hin_Deva,0.9975833296775818
News,L5,253,hin_Deva,0.9990973472595215
News,L20,253,hin_Deva,0.9997192025184631
News,L1,260,hin_Deva,0.9905914068222046
News,L5,260,hin_Deva,0.9998950958251953
News,L20,260,hin_Deva,0.9997307658195496
News,L1,263,hin_Deva,0.9997738003730774
News,L5,263,hin_Deva,0.999706506729126
News,L20,263,hin_Deva,0.9998094439506531
News,L1,271,hin_Deva,0.9996843338012695
News,L5,271,hin_Deva,0.9997689127922058
News,L20,271,hin_Deva,0.9998785257339478
News,L1,278,hin_Deva,0.9987877011299133
News,L5,278,hin_Deva,0.9987989068031311
News,L20,278,hin_Deva,0.9990161061286926
News,L1,283,hin_Deva,0.9998118281364441
News,L5,283,hin_Deva,0.9996378421783447
News,L20,283,hin_Deva,0.999601423740387
News,L1,284,hin_Deva,0.9861733317375183
News,L5,284,hin_Deva,0.997627317905426
News,L20,284,hin_Deva,0.9994468092918396
News,L1,292,hin_Deva,0.9979652166366577
News,L5,292,hin_Deva,0.9993450045585632
News,L20,292,hin_Deva,0.999457061290741
News,L1,299,hin_Deva,0.9996476173400879
News,L5,299,hin_Deva,0.9998852014541626
News,L20,299,hin_Deva,0.9998564720153809
News,L1,302,hin_Deva,0.9966784119606018
News,L5,302,hin_Deva,0.9971327185630798
News,L20,302,hin_Deva,0.9986671209335327
News,L1,307,hin_Deva,0.9986423850059509
News,L5,307,hin_Deva,0.9988884329795837
News,L20,307,hin_Deva,0.9978821277618408
News,L1,313,hin_Deva,0.9962119460105896
News,L5,313,hin_Deva,0.9954527616500854
News,L20,313,hin_Deva,0.9980091452598572
News,L1,320,hin_Deva,0.9660161733627319
News,L5,320,hin_Deva,0.9966956973075867
News,L20,320,hin_Deva,0.998447835445404
News,L1,321,hin_Deva,0.9890516400337219
News,L5,321,hin_Deva,0.9989914298057556
News,L20,321,hin_Deva,0.9991521835327148
News,L1,322,hin_Deva,0.9991062879562378
News,L5,322,hin_Deva,0.9947512149810791
News,L20,322,hin_Deva,0.9977788925170898
News,L1,332,hin_Deva,0.9996289014816284
News,L5,332,hin_Deva,0.9978993535041809
News,L20,332,hin_Deva,0.9988856911659241
News,L1,352,hin_Deva,0.9991518259048462
News,L5,352,hin_Deva,0.9985578656196594
News,L20,352,hin_Deva,0.9998368620872498
News,L1,358,hin_Deva,0.9088375568389893
News,L5,358,hin_Deva,0.9993677735328674
News,L20,358,hin_Deva,0.9993261098861694
News,L1,364,hin_Deva,0.9997228980064392
News,L5,364,hin_Deva,0.9998514652252197
News,L20,364,hin_Deva,0.9998564720153809
News,L1,370,hin_Deva,0.9876761436462402
News,L5,370,hin_Deva,0.9989365935325623
News,L20,370,hin_Deva,0.9994880557060242
News,L1,372,hin_Deva,0.9394537806510925
News,L5,372,hin_Deva,0.9994977712631226
News,L20,372,hin_Deva,0.9990355968475342
News,L1,381,hin_Deva,0.9722501039505005
News,L5,381,hin_Deva,0.9851494431495667
News,L20,381,hin_Deva,0.9763710498809814
News,L1,386,hin_Deva,0.9997583031654358
News,L5,386,hin_Deva,0.9998729228973389
News,L20,386,hin_Deva,0.9998263716697693
News,L1,400,hin_Deva,0.9271911978721619
News,L5,400,hin_Deva,0.9950766563415527
News,L20,400,hin_Deva,0.9951590895652771
News,L1,429,hin_Deva,0.9996401071548462
News,L5,429,hin_Deva,0.9977044463157654
News,L20,429,hin_Deva,0.9991927742958069
News,L1,440,hin_Deva,0.9861908555030823
News,L5,440,hin_Deva,0.9990276098251343
News,L20,440,hin_Deva,0.9997467398643494
News,L1,452,hin_Deva,0.9988284707069397
News,L5,452,hin_Deva,0.9997105598449707
News,L20,452,hin_Deva,0.9990262985229492
News,L1,463,hin_Deva,0.9975307583808899
News,L5,463,hin_Deva,0.998892605304718
News,L20,463,hin_Deva,0.999626636505127
News,L1,471,hin_Deva,0.9996910095214844
News,L5,471,hin_Deva,0.9990962743759155
News,L20,471,hin_Deva,0.9997913241386414
News,L1,479,hin_Deva,0.9998980760574341
News,L5,479,hin_Deva,0.9996904134750366
News,L20,479,hin_Deva,0.9999276399612427
News,L1,486,hin_Deva,0.9990668892860413
News,L5,486,hin_Deva,0.99019455909729
News,L20,486,hin_Deva,0.971638023853302
News,L1,490,hin_Deva,0.924614667892456
News,L5,490,hin_Deva,0.9938884377479553
News,L20,490,hin_Deva,0.9950933456420898
News,L1,493,hin_Deva,0.9908165335655212
News,L5,493,hin_Deva,0.9979993104934692
News,L20,493,hin_Deva,0.9988564252853394
News,L1,504,hin_Deva,0.9718649983406067
News,L5,504,hin_Deva,0.999528169631958
News,L20,504,hin_Deva,0.9994055032730103
News,L1,523,hin_Deva,0.9978380799293518
News,L5,523,hin_Deva,0.9976465702056885
News,L20,523,hin_Deva,0.9981088042259216
News,L1,525,hin_Deva,0.9396588802337646
News,L5,525,hin_Deva,0.9204058051109314
News,L20,525,hin_Deva,0.9826675057411194
News,L1,527,hin_Deva,0.9998313784599304
News,L5,527,hin_Deva,0.9997568726539612
News,L20,527,hin_Deva,0.9996362924575806
News,L1,534,hin_Deva,0.9981797933578491
News,L5,534,hin_Deva,0.9998890161514282
News,L20,534,hin_Deva,0.9999240636825562
News,L1,538,hin_Deva,0.9994625449180603
News,L5,538,hin_Deva,0.9991940855979919
News,L20,538,hin_Deva,0.9996743202209473
News,L1,540,hin_Deva,0.794721782207489
News,L5,540,hin_Deva,0.9962835311889648
News,L20,540,hin_Deva,0.9985154867172241
News,L1,550,hin_Deva,0.9993622899055481
News,L5,550,hin_Deva,0.9998012185096741
News,L20,550,hin_Deva,0.9996311664581299
News,L1,551,hin_Deva,0.9985517263412476
News,L5,551,hin_Deva,0.9994111061096191
News,L20,551,hin_Deva,0.9995757937431335
News,L1,561,hin_Deva,0.9809125661849976
News,L5,561,hin_Deva,0.9987885355949402
News,L20,561,hin_Deva,0.9990108609199524
News,L1,571,hin_Deva,0.9997425675392151
News,L5,571,hin_Deva,0.9995156526565552
News,L20,571,hin_Deva,0.99937504529953
News,L1,580,hin_Deva,0.7932002544403076
News,L5,580,hin_Deva,0.988055408000946
News,L20,580,hin_Deva,0.9980375170707703
News,L1,584,hin_Deva,0.9738069176673889
News,L5,584,hin_Deva,0.9644683599472046
News,L20,584,hin_Deva,0.9866638779640198
News,L1,590,hin_Deva,0.7060012817382812
News,L5,590,hin_Deva,0.9847606420516968
News,L20,590,hin_Deva,0.9952214360237122
News,L1,592,hin_Deva,0.9998255372047424
News,L5,592,hin_Deva,0.9998691082000732
News,L20,592,hin_Deva,0.9995554089546204
News,L1,607,hin_Deva,0.8224674463272095
News,L5,607,hin_Deva,0.9872345924377441
News,L20,607,hin_Deva,0.9904003143310547
News,L1,619,hin_Deva,0.8743143081665039
News,L5,619,hin_Deva,0.9995522499084473
News,L20,619,hin_Deva,0.9982236623764038
News,L1,621,hin_Deva,0.9786830544471741
News,L5,621,hin_Deva,0.9986320734024048
News,L20,621,hin_Deva,0.9998430013656616
News,L1,643,hin_Deva,0.8522257208824158
News,L5,643,hin_Deva,0.9919409155845642
News,L20,643,hin_Deva,0.9989782571792603
News,L1,644,hin_Deva,0.9981918334960938
News,L5,644,hin_Deva,0.9990290403366089
News,L20,644,hin_Deva,0.9994070529937744
News,L1,666,hin_Deva,0.999908447265625
News,L5,666,hin_Deva,0.999061644077301
News,L20,666,hin_Deva,0.9990313053131104
News,L1,670,hin_Deva,0.9703197479248047
News,L5,670,hin_Deva,0.9992239475250244
News,L20,670,hin_Deva,0.9996598958969116
News,L1,691,hin_Deva,0.9899103045463562
News,L5,691,hin_Deva,0.9961385726928711
News,L20,691,hin_Deva,0.9990610480308533
News,L1,692,hin_Deva,0.993062436580658
News,L5,692,hin_Deva,0.9997442364692688
News,L20,692,hin_Deva,0.9996874332427979
News,L1,696,hin_Deva,0.9981319308280945
News,L5,696,hin_Deva,0.9936366081237793
News,L20,696,hin_Deva,0.9882005453109741
News,L1,717,hin_Deva,0.9793651700019836
News,L5,717,hin_Deva,0.9638457298278809
News,L20,717,hin_Deva,0.9916737079620361
News,L1,725,hin_Deva,0.9998762607574463
News,L5,725,hin_Deva,0.9997527003288269
News,L20,725,hin_Deva,0.9997748732566833
News,L1,752,hin_Deva,0.9880539774894714
News,L5,752,hin_Deva,0.9959044456481934
News,L20,752,hin_Deva,0.998524010181427
News,L1,755,hin_Deva,0.7340259552001953
News,L5,755,hin_Deva,0.996147096157074
News,L20,755,hin_Deva,0.9988387227058411
News,L1,774,hin_Deva,0.9977507591247559
News,L5,774,hin_Deva,0.999167799949646
News,L20,774,hin_Deva,0.9990697503089905
News,L1,778,hin_Deva,0.8334743976593018
News,L5,778,hin_Deva,0.9854673743247986
News,L20,778,hin_Deva,0.9963870644569397
News,L1,779,hin_Deva,0.9997639060020447
News,L5,779,hin_Deva,0.9999014139175415
News,L20,779,hin_Deva,0.99979168176651
News,L1,792,hin_Deva,0.9995403289794922
News,L5,792,hin_Deva,0.9985994696617126
News,L20,792,hin_Deva,0.9972329139709473
News,L1,796,hin_Deva,0.5811936259269714
News,L5,796,hin_Deva,0.986236035823822
News,L20,796,hin_Deva,0.9957046508789062
News,L1,818,hin_Deva,0.9836109280586243
News,L5,818,hin_Deva,0.9991656541824341
News,L20,818,hin_Deva,0.9991963505744934
News,L1,821,hin_Deva,0.9935725927352905
News,L5,821,hin_Deva,0.9927631616592407
News,L20,821,hin_Deva,0.982910692691803
News,L1,844,hin_Deva,0.993082582950592
News,L5,844,hin_Deva,0.9984424710273743
News,L20,844,hin_Deva,0.9990701079368591
News,L1,851,hin_Deva,0.999788224697113
News,L5,851,hin_Deva,0.9999920129776001
News,L20,851,hin_Deva,0.9998007416725159
News,L1,865,hin_Deva,0.9976449012756348
News,L5,865,hin_Deva,0.9994894862174988
News,L20,865,hin_Deva,0.9996793270111084
News,L1,872,hin_Deva,0.9985647797584534
News,L5,872,hin_Deva,0.9996722936630249
News,L20,872,hin_Deva,0.9993960857391357
News,L1,915,hin_Deva,0.999710202217102
News,L5,915,hin_Deva,0.9997337460517883
News,L20,915,hin_Deva,0.9995997548103333
News,L1,944,hin_Deva,0.9999196529388428
News,L5,944,hin_Deva,0.997406005859375
News,L20,944,hin_Deva,0.9991803169250488
News,L1,965,hin_Deva,0.9996009469032288
News,L5,965,hin_Deva,0.9976640343666077
News,L20,965,hin_Deva,0.9967963695526123
News,L1,981,hin_Deva,0.9980514049530029
News,L5,981,hin_Deva,0.999176025390625
News,L20,981,hin_Deva,0.999440610408783
News,L1,987,hin_Deva,0.9991638660430908
News,L5,987,hin_Deva,0.9965949058532715
News,L20,987,hin_Deva,0.9977470636367798
News,L1,1002,hin_Deva,0.9901565909385681
News,L5,1002,hin_Deva,0.9993089437484741
News,L20,1002,hin_Deva,0.9989783763885498
News,L1,1015,hin_Deva,0.9985388517379761
News,L5,1015,hin_Deva,0.9973706603050232
News,L20,1015,hin_Deva,0.9989689588546753
News,L1,1027,hin_Deva,0.9988260269165039
News,L5,1027,hin_Deva,0.9971009492874146
News,L20,1027,hin_Deva,0.9978010654449463
News,L1,1035,hin_Deva,0.9793945550918579
News,L5,1035,hin_Deva,0.9986739158630371
News,L20,1035,hin_Deva,0.9981578588485718
News,L1,1041,hin_Deva,0.9962179660797119
News,L5,1041,hin_Deva,0.999774158000946
News,L20,1041,hin_Deva,0.9986470341682434
News,L1,1046,hin_Deva,0.992128849029541
News,L5,1046,hin_Deva,0.9998025298118591
News,L20,1046,hin_Deva,0.9996429681777954
News,L1,1048,hin_Deva,0.9954454302787781
News,L5,1048,hin_Deva,0.9993646740913391
News,L20,1048,hin_Deva,0.9993104934692383
News,L1,1050,hin_Deva,0.9445835947990417
News,L5,1050,hin_Deva,0.9929908514022827
News,L20,1050,hin_Deva,0.9891921877861023
News,L1,1055,hin_Deva,0.9994946718215942
News,L5,1055,hin_Deva,0.9993175268173218
News,L20,1055,hin_Deva,0.9992946982383728
News,L1,1068,hin_Deva,0.9978118538856506
News,L5,1068,hin_Deva,0.9998289942741394
News,L20,1068,hin_Deva,0.999194324016571
News,L1,1090,hin_Deva,0.9993255138397217
News,L5,1090,hin_Deva,0.998222827911377
News,L20,1090,hin_Deva,0.997279703617096
News,L1,1099,awa_Deva,0.6841008067131042
News,L5,1099,hin_Deva,0.9592775106430054
News,L20,1099,hin_Deva,0.996961236000061
News,L1,1100,hin_Deva,0.9428924322128296
News,L5,1100,hin_Deva,0.999263346195221
News,L20,1100,hin_Deva,0.9978622198104858
News,L1,1103,awa_Deva,0.5623539090156555
News,L5,1103,hin_Deva,0.9755855202674866
News,L20,1103,hin_Deva,0.9934802055358887
News,L1,1107,hin_Deva,0.9995697140693665
News,L5,1107,hin_Deva,0.9994648098945618
News,L20,1107,hin_Deva,0.9993628859519958
News,L1,1115,hin_Deva,0.926763653755188
News,L5,1115,hin_Deva,0.9918711185455322
News,L20,1115,hin_Deva,0.9978920817375183
News,L1,1132,hin_Deva,0.9401707649230957
News,L5,1132,hin_Deva,0.9989516139030457
News,L20,1132,hin_Deva,0.9994354248046875
News,L1,1135,hin_Deva,0.83592689037323
News,L5,1135,hin_Deva,0.9955795407295227
News,L20,1135,hin_Deva,0.994454562664032
News,L1,1140,hin_Deva,0.8318163752555847
News,L5,1140,hin_Deva,0.9948523640632629
News,L20,1140,hin_Deva,0.9981549978256226
News,L1,1152,hin_Deva,0.9538034796714783
News,L5,1152,hin_Deva,0.9981551170349121
News,L20,1152,hin_Deva,0.9952818751335144
News,L1,1153,hin_Deva,0.9532107710838318
News,L5,1153,hin_Deva,0.9993606209754944
News,L20,1153,hin_Deva,0.9992100596427917
News,L1,1154,hin_Deva,0.9899022579193115
News,L5,1154,hin_Deva,0.991095244884491
News,L20,1154,hin_Deva,0.9807901978492737
News,L1,1159,hin_Deva,0.5851420760154724
News,L5,1159,hin_Deva,0.9887765049934387
News,L20,1159,hin_Deva,0.9977565407752991
News,L1,1162,hin_Deva,0.9666574597358704
News,L5,1162,hin_Deva,0.9880437254905701
News,L20,1162,hin_Deva,0.9972639679908752
News,L1,1164,hin_Deva,0.9980774521827698
News,L5,1164,hin_Deva,0.9986717700958252
News,L20,1164,hin_Deva,0.9996366500854492
News,L1,1169,hin_Deva,0.9994722008705139
News,L5,1169,hin_Deva,0.9944572448730469
News,L20,1169,hin_Deva,0.9953307509422302
News,L1,1171,hin_Deva,0.9981156587600708
News,L5,1171,hin_Deva,0.999496579170227
News,L20,1171,hin_Deva,0.9991695880889893
News,L1,1191,hin_Deva,0.9860085248947144
News,L5,1191,hin_Deva,0.99836665391922
News,L20,1191,hin_Deva,0.9998568296432495
News,L1,1204,hin_Deva,0.9678211808204651
News,L5,1204,hin_Deva,0.99875807762146
News,L20,1204,hin_Deva,0.9990612864494324
News,L1,1206,hin_Deva,0.9941160678863525
News,L5,1206,hin_Deva,0.9984784722328186
News,L20,1206,hin_Deva,0.9983179569244385
News,L1,1212,hin_Deva,0.9940620064735413
News,L5,1212,hin_Deva,0.9973002672195435
News,L20,1212,hin_Deva,0.9993429780006409
News,L1,1217,hin_Deva,0.9987722635269165
News,L5,1217,hin_Deva,0.997157871723175
News,L20,1217,hin_Deva,0.9994968175888062
News,L1,1237,hin_Deva,0.9999589920043945
News,L5,1237,hin_Deva,0.9998396635055542
News,L20,1237,hin_Deva,0.9995617270469666
News,L1,1249,hin_Deva,0.9969744086265564
News,L5,1249,hin_Deva,0.9919849038124084
News,L20,1249,hin_Deva,0.9976004362106323
News,L1,1251,hin_Deva,0.9930890202522278
News,L5,1251,hin_Deva,0.9994617104530334
News,L20,1251,hin_Deva,0.9993757605552673
News,L1,1256,hin_Deva,0.9995786547660828
News,L5,1256,hin_Deva,0.9949048757553101
News,L20,1256,hin_Deva,0.9973320364952087
News,L1,1264,hin_Deva,0.9888433218002319
News,L5,1264,hin_Deva,0.9944631457328796
News,L20,1264,hin_Deva,0.9955539107322693
News,L1,1270,hin_Deva,0.9897261261940002
News,L5,1270,hin_Deva,0.9986478686332703
News,L20,1270,hin_Deva,0.9981727004051208
News,L1,1276,hin_Deva,0.975651204586029
News,L5,1276,hin_Deva,0.9985334277153015
News,L20,1276,hin_Deva,0.9983745217323303
News,L1,1280,hin_Deva,0.981866180896759
News,L5,1280,hin_Deva,0.9975307583808899
News,L20,1280,hin_Deva,0.9990649819374084
News,L1,1282,hin_Deva,0.9996384382247925
News,L5,1282,hin_Deva,0.9992289543151855
News,L20,1282,hin_Deva,0.9994181394577026
News,L1,1299,hin_Deva,0.9939659237861633
News,L5,1299,hin_Deva,0.980296790599823
News,L20,1299,hin_Deva,0.9908250570297241
News,L1,1300,hin_Deva,0.9999099969863892
News,L5,1300,hin_Deva,0.9991220831871033
News,L20,1300,hin_Deva,0.9996552467346191
News,L1,1313,hin_Deva,0.9857622981071472
News,L5,1313,hin_Deva,0.999940037727356
News,L20,1313,hin_Deva,0.9998119473457336
News,L1,1341,hin_Deva,0.9996185898780823
News,L5,1341,hin_Deva,0.9987462162971497
News,L20,1341,hin_Deva,0.9992688298225403
News,L1,1346,hin_Deva,0.9791650176048279
News,L5,1346,hin_Deva,0.9995408058166504
News,L20,1346,hin_Deva,0.999650239944458
News,L1,1349,hin_Deva,0.9970457553863525
News,L5,1349,hin_Deva,0.9952035546302795
News,L20,1349,hin_Deva,0.998021125793457
News,L1,1358,hin_Deva,0.9999423027038574
News,L5,1358,hin_Deva,0.9997560381889343
News,L20,1358,hin_Deva,0.9995279312133789
News,L1,1359,hin_Deva,0.981343686580658
News,L5,1359,hin_Deva,0.9993245601654053
News,L20,1359,hin_Deva,0.9996490478515625
News,L1,1368,hin_Deva,0.9972640872001648
News,L5,1368,hin_Deva,0.9848242402076721
News,L20,1368,hin_Deva,0.9914661049842834
News,L1,1381,hin_Deva,0.9960545301437378
News,L5,1381,hin_Deva,0.9953667521476746
News,L20,1381,hin_Deva,0.9965628385543823
News,L1,1392,hin_Deva,0.9985690712928772
News,L5,1392,hin_Deva,0.9997425675392151
News,L20,1392,hin_Deva,0.9995943903923035
News,L1,1394,hin_Deva,0.9957000613212585
News,L5,1394,hin_Deva,0.9990013241767883
News,L20,1394,hin_Deva,0.9991075992584229
News,L1,1406,hin_Deva,0.9953470230102539
News,L5,1406,hin_Deva,0.9987176656723022
News,L20,1406,hin_Deva,0.9990538954734802
News,L1,1412,hin_Deva,0.9988546371459961
News,L5,1412,hin_Deva,0.9996381998062134
News,L20,1412,hin_Deva,0.9986531138420105
News,L1,1413,hin_Deva,0.9738033413887024
News,L5,1413,hin_Deva,0.9963445663452148
News,L20,1413,hin_Deva,0.9939764738082886
News,L1,1414,hin_Deva,0.9528809785842896
News,L5,1414,hin_Deva,0.9158232808113098
News,L20,1414,hin_Deva,0.994285523891449
News,L1,1416,hin_Deva,0.9725104570388794
News,L5,1416,hin_Deva,0.98358154296875
News,L20,1416,hin_Deva,0.9852092266082764
News,L1,1425,hin_Deva,0.48660117387771606
News,L5,1425,hin_Deva,0.9990097880363464
News,L20,1425,hin_Deva,0.9996254444122314
News,L1,1429,hin_Deva,0.8735842704772949
News,L5,1429,hin_Deva,0.9792723655700684
News,L20,1429,hin_Deva,0.9940673112869263
News,L1,1434,hin_Deva,0.6229215860366821
News,L5,1434,hin_Deva,0.9992434978485107
News,L20,1434,hin_Deva,0.9997285008430481
News,L1,1442,hin_Deva,0.8801233172416687
News,L5,1442,hin_Deva,0.9995619654655457
News,L20,1442,hin_Deva,0.9992621541023254
News,L1,1446,hin_Deva,0.9996639490127563
News,L5,1446,hin_Deva,0.9988399147987366
News,L20,1446,hin_Deva,0.9991482496261597
News,L1,1450,hin_Deva,0.9988127946853638
News,L5,1450,hin_Deva,0.9994935989379883
News,L20,1450,hin_Deva,0.9979720115661621
News,L1,1464,hin_Deva,0.99454665184021
News,L5,1464,hin_Deva,0.9953070282936096
News,L20,1464,hin_Deva,0.998859167098999
News,L1,1471,hin_Deva,0.9930100440979004
News,L5,1471,hin_Deva,0.9982313513755798
News,L20,1471,hin_Deva,0.9995624423027039
News,L1,1474,hin_Deva,0.9521383047103882
News,L5,1474,hin_Deva,0.9625835418701172
News,L20,1474,hin_Deva,0.9961732625961304
News,L1,1480,hin_Deva,0.9894989132881165
News,L5,1480,hin_Deva,0.9993564486503601
News,L20,1480,hin_Deva,0.9978604316711426
News,L1,1482,hin_Deva,0.9947589039802551
News,L5,1482,hin_Deva,0.9933308959007263
News,L20,1482,hin_Deva,0.9967346787452698
News,L1,1483,hin_Deva,0.955093502998352
News,L5,1483,hin_Deva,0.9586132764816284
News,L20,1483,hin_Deva,0.9979994297027588
News,L1,1485,hin_Deva,0.9840553998947144
News,L5,1485,hin_Deva,0.9691380858421326
News,L20,1485,hin_Deva,0.9921260476112366
News,L1,1495,hin_Deva,0.7330488562583923
News,L5,1495,hin_Deva,0.988399863243103
News,L20,1495,hin_Deva,0.9849007725715637
News,L1,1509,hin_Deva,0.9690523743629456
News,L5,1509,hin_Deva,0.9979974031448364
News,L20,1509,hin_Deva,0.9994634985923767
News,L1,1515,hin_Deva,0.9995607733726501
News,L5,1515,hin_Deva,0.9939561486244202
News,L20,1515,hin_Deva,0.9906259179115295
News,L1,1521,hin_Deva,0.9819630980491638
News,L5,1521,hin_Deva,0.9979599118232727
News,L20,1521,hin_Deva,0.998985767364502
News,L1,1544,hin_Deva,0.9659506678581238
News,L5,1544,hin_Deva,0.9823006987571716
News,L20,1544,hin_Deva,0.9980208277702332
News,L1,1579,hin_Deva,0.9865636229515076
News,L5,1579,hin_Deva,0.9972090721130371
News,L20,1579,hin_Deva,0.9990209341049194
News,L1,1581,hin_Deva,0.9986184239387512
News,L5,1581,hin_Deva,0.9990771412849426
News,L20,1581,hin_Deva,0.9993215799331665
News,L1,1599,hin_Deva,0.9154567122459412
News,L5,1599,hin_Deva,0.9974527359008789
News,L20,1599,hin_Deva,0.9962461590766907
News,L1,1606,hin_Deva,0.9730080366134644
News,L5,1606,hin_Deva,0.9973958134651184
News,L20,1606,hin_Deva,0.9985368251800537
News,L1,1617,hin_Deva,0.9999377727508545
News,L5,1617,hin_Deva,0.9986544251441956
News,L20,1617,hin_Deva,0.9994438290596008
News,L1,1620,hin_Deva,0.961288332939148
News,L5,1620,hin_Deva,0.9954059720039368
News,L20,1620,hin_Deva,0.9952895641326904
News,L1,1633,hin_Deva,0.9919021129608154
News,L5,1633,hin_Deva,0.9848936796188354
News,L20,1633,hin_Deva,0.9938456416130066
News,L1,1634,hin_Deva,0.8126969337463379
News,L5,1634,hin_Deva,0.9936597943305969
News,L20,1634,hin_Deva,0.997211217880249
News,L1,1638,hin_Deva,0.9929800629615784
News,L5,1638,hin_Deva,0.9965760111808777
News,L20,1638,hin_Deva,0.9949945211410522
News,L1,1640,hin_Deva,0.9981199502944946
News,L5,1640,hin_Deva,0.9996527433395386
News,L20,1640,hin_Deva,0.9990546107292175
News,L1,1653,hin_Deva,0.9740848541259766
News,L5,1653,hin_Deva,0.9989181756973267
News,L20,1653,hin_Deva,0.9996572732925415
News,L1,1682,hin_Deva,0.9909716248512268
News,L5,1682,hin_Deva,0.9985020160675049
News,L20,1682,hin_Deva,0.9989725351333618
News,L1,1686,hin_Deva,0.99395751953125
News,L5,1686,hin_Deva,0.9980446696281433
News,L20,1686,hin_Deva,0.9996304512023926
News,L1,1696,hin_Deva,0.995875358581543
News,L5,1696,hin_Deva,0.9985230565071106
News,L20,1696,hin_Deva,0.9983734488487244
News,L1,1701,hin_Deva,0.9693517684936523
News,L5,1701,hin_Deva,0.9996784925460815
News,L20,1701,hin_Deva,0.9999092817306519
News,L1,1712,hin_Deva,0.9998595714569092
News,L5,1712,hin_Deva,0.9996901750564575
News,L20,1712,hin_Deva,0.9996159672737122
News,L1,1715,hin_Deva,0.9991174340248108
News,L5,1715,hin_Deva,0.992880642414093
News,L20,1715,hin_Deva,0.9929619431495667
News,L1,1716,hin_Deva,0.9989398121833801
News,L5,1716,hin_Deva,0.9995509386062622
News,L20,1716,hin_Deva,0.9998177886009216
News,L1,1725,hin_Deva,0.9990620017051697
News,L5,1725,hin_Deva,0.9937222599983215
News,L20,1725,hin_Deva,0.998717188835144
News,L1,1732,hin_Deva,0.997684895992279
News,L5,1732,hin_Deva,0.9989355206489563
News,L20,1732,hin_Deva,0.9997740387916565
News,L1,1733,hin_Deva,0.9982091784477234
News,L5,1733,hin_Deva,0.998237669467926
News,L20,1733,hin_Deva,0.9970008134841919
News,L1,1734,hin_Deva,0.9292703866958618
News,L5,1734,hin_Deva,0.9902135133743286
News,L20,1734,hin_Deva,0.9882270693778992
News,L1,1748,hin_Deva,0.9896110892295837
News,L5,1748,hin_Deva,0.9988835453987122
News,L20,1748,hin_Deva,0.998430609703064
News,L1,1750,hin_Deva,0.6700642704963684
News,L5,1750,hin_Deva,0.9897915124893188
News,L20,1750,hin_Deva,0.992949366569519
News,L1,1751,hin_Deva,0.9221636056900024
News,L5,1751,hin_Deva,0.9932419061660767
News,L20,1751,hin_Deva,0.9888448119163513
News,L1,1762,hin_Deva,0.9990209341049194
News,L5,1762,hin_Deva,0.9990253448486328
News,L20,1762,hin_Deva,0.9993789792060852
News,L1,1776,hin_Deva,0.9988546371459961
News,L5,1776,hin_Deva,0.9974548816680908
News,L20,1776,hin_Deva,0.9985036849975586
News,L1,1795,hin_Deva,0.7112332582473755
News,L5,1795,hin_Deva,0.7836272716522217
News,L20,1795,hin_Deva,0.9889127612113953
News,L1,1798,hin_Deva,0.934836745262146
News,L5,1798,hin_Deva,0.9988155364990234
News,L20,1798,hin_Deva,0.9995254278182983
News,L1,1805,hin_Deva,0.9998612403869629
News,L5,1805,hin_Deva,0.9932181239128113
News,L20,1805,hin_Deva,0.997551679611206
News,L1,1819,hin_Deva,0.9955201148986816
News,L5,1819,hin_Deva,0.9971648454666138
News,L20,1819,hin_Deva,0.9947965145111084
News,L1,1841,hin_Deva,0.7597063779830933
News,L5,1841,hin_Deva,0.9990479946136475
News,L20,1841,hin_Deva,0.9997267127037048
News,L1,1863,hin_Deva,0.9794668555259705
News,L5,1863,hin_Deva,0.999129593372345
News,L20,1863,hin_Deva,0.9994075298309326
News,L1,1893,hin_Deva,0.9951035976409912
News,L5,1893,hin_Deva,0.9997517466545105
News,L20,1893,hin_Deva,0.9997348189353943
News,L1,1923,hin_Deva,0.999769389629364
News,L5,1923,hin_Deva,0.9992772936820984
News,L20,1923,hin_Deva,0.999197781085968
News,L1,1927,hin_Deva,0.9777186512947083
News,L5,1927,hin_Deva,0.9980815052986145
News,L20,1927,hin_Deva,0.9979394674301147
News,L1,1933,hin_Deva,0.9976630806922913
News,L5,1933,hin_Deva,0.9984617233276367
News,L20,1933,hin_Deva,0.9982434511184692
News,L1,1946,hin_Deva,0.999610960483551
News,L5,1946,hin_Deva,0.9993889331817627
News,L20,1946,hin_Deva,0.9993540644645691
News,L1,1950,hin_Deva,0.9874752759933472
News,L5,1950,hin_Deva,0.9986650943756104
News,L20,1950,hin_Deva,0.9989603161811829
News,L1,1964,hin_Deva,0.9954034090042114
News,L5,1964,hin_Deva,0.9857591390609741
News,L20,1964,hin_Deva,0.989212691783905
News,L1,1985,hin_Deva,0.9916636347770691
News,L5,1985,hin_Deva,0.9968581795692444
News,L20,1985,hin_Deva,0.9991816282272339
News,L1,1996,hin_Deva,0.8099706768989563
News,L5,1996,hin_Deva,0.9937030076980591
News,L20,1996,hin_Deva,0.9986013770103455
News,L1,2008,hin_Deva,0.9872968792915344
News,L5,2008,hin_Deva,0.9994551539421082
News,L20,2008,hin_Deva,0.9995980858802795
News,L1,2010,hin_Deva,0.9998760223388672
News,L5,2010,hin_Deva,0.9997264742851257
News,L20,2010,hin_Deva,0.9997956156730652
News,L1,2025,hin_Deva,0.9991937279701233
News,L5,2025,hin_Deva,0.9980934858322144
News,L20,2025,hin_Deva,0.9987759590148926
News,L1,2027,hin_Deva,0.9991218447685242
News,L5,2027,hin_Deva,0.9994654059410095
News,L20,2027,hin_Deva,0.9995695948600769
News,L1,2038,hin_Deva,0.9996887445449829
News,L5,2038,hin_Deva,0.9956347346305847
News,L20,2038,hin_Deva,0.9955925345420837
News,L1,2047,hin_Deva,0.9723571538925171
News,L5,2047,hin_Deva,0.9996121525764465
News,L20,2047,hin_Deva,0.9991799592971802
News,L1,2050,hin_Deva,0.9933993816375732
News,L5,2050,hin_Deva,0.998930811882019
News,L20,2050,hin_Deva,0.9990031123161316
News,L1,2057,hin_Deva,0.9997082948684692
News,L5,2057,hin_Deva,0.9984504580497742
News,L20,2057,hin_Deva,0.9981917142868042
News,L1,2058,hin_Deva,0.9998997449874878
News,L5,2058,hin_Deva,0.9996527433395386
News,L20,2058,hin_Deva,0.9990025162696838
News,L1,2060,hin_Deva,0.9881552457809448
News,L5,2060,hin_Deva,0.9953266382217407
News,L20,2060,hin_Deva,0.9883818030357361
News,L1,2072,hin_Deva,0.9999449253082275
News,L5,2072,hin_Deva,0.9973952174186707
News,L20,2072,hin_Deva,0.9993290901184082
News,L1,2082,hin_Deva,0.9950248599052429
News,L5,2082,hin_Deva,0.9968782067298889
News,L20,2082,hin_Deva,0.9965872168540955
News,L1,2094,hin_Deva,0.9328000545501709
News,L5,2094,hin_Deva,0.8830240964889526
News,L20,2094,hin_Deva,0.939651370048523
News,L1,2103,hin_Deva,0.9473365545272827
News,L5,2103,hin_Deva,0.9922037124633789
News,L20,2103,hin_Deva,0.9951563477516174
News,L1,2104,hin_Deva,0.9977318644523621
News,L5,2104,hin_Deva,0.999679446220398
News,L20,2104,hin_Deva,0.9994204044342041
News,L1,2105,awa_Deva,0.5388859510421753
News,L5,2105,hin_Deva,0.962441086769104
News,L20,2105,hin_Deva,0.9881718754768372
News,L1,2112,hin_Deva,0.9997028112411499
News,L5,2112,hin_Deva,0.9993873238563538
News,L20,2112,hin_Deva,0.9996834993362427
News,L1,2113,hin_Deva,0.9849629998207092
News,L5,2113,hin_Deva,0.9774394035339355
News,L20,2113,hin_Deva,0.9967449307441711
News,L1,2117,hin_Deva,0.9537798762321472
News,L5,2117,hin_Deva,0.9736434817314148
News,L20,2117,hin_Deva,0.9849939942359924
News,L1,2125,hin_Deva,0.9989017844200134
News,L5,2125,hin_Deva,0.999615490436554
News,L20,2125,hin_Deva,0.9994595646858215
News,L1,2127,hin_Deva,0.9979292750358582
News,L5,2127,hin_Deva,0.9983816742897034
News,L20,2127,hin_Deva,0.9992344379425049
News,L1,2131,hin_Deva,0.9971547722816467
News,L5,2131,hin_Deva,0.9992363452911377
News,L20,2131,hin_Deva,0.9995272159576416
News,L1,2139,hin_Deva,0.9925463199615479
News,L5,2139,hin_Deva,0.9983160495758057
News,L20,2139,hin_Deva,0.9991143345832825
News,L1,2140,hin_Deva,0.9539569616317749
News,L5,2140,hin_Deva,0.9986992478370667
News,L20,2140,hin_Deva,0.9992542266845703
News,L1,2142,hin_Deva,0.9406179785728455
News,L5,2142,hin_Deva,0.9970341324806213
News,L20,2142,hin_Deva,0.9981158971786499
News,L1,2145,hin_Deva,0.9987136125564575
News,L5,2145,hin_Deva,0.9990540146827698
News,L20,2145,hin_Deva,0.998674750328064
News,L1,2159,hin_Deva,0.8768860101699829
News,L5,2159,hin_Deva,0.9928442239761353
News,L20,2159,hin_Deva,0.9939163327217102
News,L1,2182,awa_Deva,0.6763626337051392
News,L5,2182,hin_Deva,0.9993612170219421
News,L20,2182,hin_Deva,0.9993984699249268
News,L1,2186,hin_Deva,0.9843929409980774
News,L5,2186,hin_Deva,0.9941626191139221
News,L20,2186,hin_Deva,0.995876669883728
News,L1,2187,hin_Deva,0.9897950291633606
News,L5,2187,hin_Deva,0.9995332956314087
News,L20,2187,hin_Deva,0.9995970129966736
News,L1,2195,hin_Deva,0.9999552965164185
News,L5,2195,hin_Deva,0.9995369911193848
News,L20,2195,hin_Deva,0.9990045428276062
News,L1,2196,hin_Deva,0.9953967928886414
News,L5,2196,hin_Deva,0.9991225600242615
News,L20,2196,hin_Deva,0.9992479085922241
News,L1,2237,hin_Deva,0.9421116709709167
News,L5,2237,hin_Deva,0.9981268644332886
News,L20,2237,hin_Deva,0.9988741874694824
News,L1,2245,hin_Deva,0.9788590669631958
News,L5,2245,hin_Deva,0.9900546669960022
News,L20,2245,hin_Deva,0.9963529706001282
News,L1,2246,hin_Deva,0.9913877248764038
News,L5,2246,hin_Deva,0.9995404481887817
News,L20,2246,hin_Deva,0.9991598129272461
News,L1,2255,hin_Deva,0.9996501207351685
News,L5,2255,hin_Deva,0.999024510383606
News,L20,2255,hin_Deva,0.9985932111740112
News,L1,2259,hin_Deva,0.997829794883728
News,L5,2259,hin_Deva,0.9988874793052673
News,L20,2259,hin_Deva,0.9987629652023315
News,L1,2286,hin_Deva,0.9241737127304077
News,L5,2286,hin_Deva,0.9852644205093384
News,L20,2286,hin_Deva,0.997943639755249
News,L1,2292,hin_Deva,0.9921868443489075
News,L5,2292,hin_Deva,0.9974148869514465
News,L20,2292,hin_Deva,0.9964872002601624
News,L1,2296,hin_Deva,0.9998536109924316
News,L5,2296,hin_Deva,0.9999275207519531
News,L20,2296,hin_Deva,0.9998173117637634
News,L1,2298,hin_Deva,0.9847606420516968
News,L5,2298,hin_Deva,0.9950518608093262
News,L20,2298,hin_Deva,0.9894394278526306
News,L1,2313,hin_Deva,0.8905521035194397
News,L5,2313,hin_Deva,0.9459742307662964
News,L20,2313,hin_Deva,0.984073281288147
News,L1,2314,hin_Deva,0.9971082210540771
News,L5,2314,hin_Deva,0.9993382692337036
News,L20,2314,hin_Deva,0.99826580286026
News,L1,2326,hin_Deva,0.7328005433082581
News,L5,2326,hin_Deva,0.9942638278007507
News,L20,2326,hin_Deva,0.9956265687942505
News,L1,2342,hin_Deva,0.9863624572753906
News,L5,2342,hin_Deva,0.9982484579086304
News,L20,2342,hin_Deva,0.9971463680267334
News,L1,2349,hin_Deva,0.9943839311599731
News,L5,2349,hin_Deva,0.99973064661026
News,L20,2349,hin_Deva,0.9996135830879211
News,L1,2372,hin_Deva,0.9966175556182861
News,L5,2372,hin_Deva,0.9983556270599365
News,L20,2372,hin_Deva,0.9988862872123718
News,L1,2380,hin_Deva,0.9942517280578613
News,L5,2380,hin_Deva,0.9994639754295349
News,L20,2380,hin_Deva,0.9997673630714417
News,L1,2386,hin_Deva,0.981806218624115
News,L5,2386,hin_Deva,0.9993519186973572
News,L20,2386,hin_Deva,0.9992826581001282
News,L1,2393,hin_Deva,0.9744897484779358
News,L5,2393,hin_Deva,0.9461760520935059
News,L20,2393,hin_Deva,0.9347543716430664
News,L1,2401,hin_Deva,0.9992764592170715
News,L5,2401,hin_Deva,0.9905120134353638
News,L20,2401,hin_Deva,0.9961515069007874
News,L1,2406,hin_Deva,0.9952791333198547
News,L5,2406,hin_Deva,0.9991269707679749
News,L20,2406,hin_Deva,0.9981904029846191
News,L1,2411,hin_Deva,0.9986766576766968
News,L5,2411,hin_Deva,0.9986491799354553
News,L20,2411,hin_Deva,0.98573899269104
News,L1,2417,hin_Deva,0.9987875819206238
News,L5,2417,hin_Deva,0.9984743595123291
News,L20,2417,hin_Deva,0.9976519346237183
News,L1,2422,hin_Deva,0.9825940728187561
News,L5,2422,hin_Deva,0.9943062663078308
News,L20,2422,hin_Deva,0.9987086057662964
News,L1,2433,hin_Deva,0.9957799315452576
News,L5,2433,hin_Deva,0.9986563324928284
News,L20,2433,hin_Deva,0.9985873699188232
News,L1,2437,hin_Deva,0.7386962175369263
News,L5,2437,hin_Deva,0.9855979681015015
News,L20,2437,hin_Deva,0.9919714331626892
News,L1,2444,hin_Deva,0.9422585368156433
News,L5,2444,hin_Deva,0.998229444026947
News,L20,2444,hin_Deva,0.9996674060821533
News,L1,2446,hin_Deva,0.9990010857582092
News,L5,2446,hin_Deva,0.991491436958313
News,L20,2446,hin_Deva,0.9942948222160339
News,L1,2448,hin_Deva,0.9984100461006165
News,L5,2448,hin_Deva,0.9979997873306274
News,L20,2448,hin_Deva,0.9994240999221802
News,L1,2455,hin_Deva,0.9504897594451904
News,L5,2455,hin_Deva,0.9819144606590271
News,L20,2455,hin_Deva,0.988935649394989
News,L1,2459,hin_Deva,0.9805918335914612
News,L5,2459,hin_Deva,0.9993767142295837
News,L20,2459,hin_Deva,0.9941312670707703
News,L1,2460,hin_Deva,0.9538812637329102
News,L5,2460,hin_Deva,0.9997124075889587
News,L20,2460,hin_Deva,0.9988834261894226
News,L1,2461,mai_Deva,0.8595795035362244
News,L5,2461,hin_Deva,0.9966395497322083
News,L20,2461,hin_Deva,0.9982954859733582
News,L1,2463,hin_Deva,0.9646729826927185
News,L5,2463,hin_Deva,0.9992458820343018
News,L20,2463,hin_Deva,0.9992925524711609
News,L1,2464,hin_Deva,0.9833301901817322
News,L5,2464,hin_Deva,0.9913957118988037
News,L20,2464,hin_Deva,0.9972462058067322
News,L1,2469,hin_Deva,0.917766809463501
News,L5,2469,hin_Deva,0.9979722499847412
News,L20,2469,hin_Deva,0.9965538382530212
News,L1,2471,hin_Deva,0.9994780421257019
News,L5,2471,hin_Deva,0.9996428489685059
News,L20,2471,hin_Deva,0.9995423555374146
News,L1,2496,hin_Deva,0.9978017807006836
News,L5,2496,hin_Deva,0.9982134103775024
News,L20,2496,hin_Deva,0.9993240833282471
News,L1,2512,hin_Deva,0.9996476173400879
News,L5,2512,hin_Deva,0.9958213567733765
News,L20,2512,hin_Deva,0.9980275630950928
News,L1,2515,hin_Deva,0.9931257367134094
News,L5,2515,hin_Deva,0.9948250651359558
News,L20,2515,hin_Deva,0.9977449178695679
News,L1,2519,hin_Deva,0.9976708889007568
News,L5,2519,hin_Deva,0.9997435212135315
News,L20,2519,hin_Deva,0.999779999256134
News,L1,2567,hin_Deva,0.9578076601028442
News,L5,2567,hin_Deva,0.8818483352661133
News,L20,2567,hin_Deva,0.9946397542953491
News,L1,2575,hin_Deva,0.5684816241264343
News,L5,2575,hin_Deva,0.9999713897705078
News,L20,2575,hin_Deva,0.9998306632041931
News,L1,2579,hin_Deva,0.9991059303283691
News,L5,2579,hin_Deva,0.999679446220398
News,L20,2579,hin_Deva,0.9993537068367004
News,L1,2580,awa_Deva,0.6835335493087769
News,L5,2580,hin_Deva,0.9970791935920715
News,L20,2580,hin_Deva,0.9976112246513367
News,L1,2584,hin_Deva,0.9948674440383911
News,L5,2584,hin_Deva,0.998043954372406
News,L20,2584,hin_Deva,0.999715268611908
News,L1,2592,hin_Deva,0.9946499466896057
News,L5,2592,hin_Deva,0.9971076250076294
News,L20,2592,hin_Deva,0.9954276084899902
News,L1,2594,hin_Deva,0.9942963719367981
News,L5,2594,hin_Deva,0.9980250597000122
News,L20,2594,hin_Deva,0.9982306361198425
News,L1,2598,hin_Deva,0.9943369030952454
News,L5,2598,hin_Deva,0.9991809129714966
News,L20,2598,hin_Deva,0.9977883696556091
News,L1,2603,hin_Deva,0.9235916137695312
News,L5,2603,hin_Deva,0.9744682312011719
News,L20,2603,hin_Deva,0.9980566501617432
News,L1,2625,hin_Deva,0.9959407448768616
News,L5,2625,hin_Deva,0.9998461008071899
News,L20,2625,hin_Deva,0.9985998272895813
News,L1,2630,awa_Deva,0.9969927668571472
News,L5,2630,hin_Deva,0.802560567855835
News,L20,2630,hin_Deva,0.9877824187278748
News,L1,2642,hin_Deva,0.8381606340408325
News,L5,2642,hin_Deva,0.9870726466178894
News,L20,2642,hin_Deva,0.9938628673553467
News,L1,2643,hin_Deva,0.9710620641708374
News,L5,2643,hin_Deva,0.9937419295310974
News,L20,2643,hin_Deva,0.9964204430580139
News,L1,2646,awa_Deva,0.7614766359329224
News,L5,2646,hin_Deva,0.5748226046562195
News,L20,2646,hin_Deva,0.9855688810348511
News,L1,2650,hin_Deva,0.991819441318512
News,L5,2650,hin_Deva,0.9986879229545593
News,L20,2650,hin_Deva,0.9974731206893921
News,L1,2657,hin_Deva,0.9947276711463928
News,L5,2657,hin_Deva,0.9993914365768433
News,L20,2657,hin_Deva,0.9989643096923828
News,L1,2681,hin_Deva,0.9934194087982178
News,L5,2681,hin_Deva,0.9904881715774536
News,L20,2681,hin_Deva,0.9852834343910217
News,L1,2683,hin_Deva,0.9521263837814331
News,L5,2683,hin_Deva,0.9682121872901917
News,L20,2683,hin_Deva,0.9444493055343628
News,L1,2685,hin_Deva,0.994676947593689
News,L5,2685,hin_Deva,0.9999041557312012
News,L20,2685,hin_Deva,0.999658465385437
News,L1,2690,hin_Deva,0.9989750385284424
News,L5,2690,hin_Deva,0.9977455139160156
News,L20,2690,hin_Deva,0.9977033734321594
News,L1,2695,hin_Deva,0.9989765882492065
News,L5,2695,hin_Deva,0.998429536819458
News,L20,2695,hin_Deva,0.9991689920425415
News,L1,2704,hin_Deva,0.969043493270874
News,L5,2704,hin_Deva,0.9991169571876526
News,L20,2704,hin_Deva,0.9982559680938721
News,L1,2705,hin_Deva,0.995322585105896
News,L5,2705,hin_Deva,0.9960882067680359
News,L20,2705,hin_Deva,0.9967257976531982
News,L1,2730,hin_Deva,0.9985198378562927
News,L5,2730,hin_Deva,0.9995923638343811
News,L20,2730,hin_Deva,0.9989576935768127
News,L1,2759,hin_Deva,0.9997208714485168
News,L5,2759,hin_Deva,0.9998019337654114
News,L20,2759,hin_Deva,0.9998471736907959
News,L1,2765,awa_Deva,0.5641332268714905
News,L5,2765,hin_Deva,0.9982736706733704
News,L20,2765,hin_Deva,0.998516857624054
News,L1,2772,hin_Deva,0.9974424242973328
News,L5,2772,hin_Deva,0.9998507499694824
News,L20,2772,hin_Deva,0.9993630051612854
News,L1,2776,hin_Deva,0.9999901056289673
News,L5,2776,hin_Deva,0.9994472861289978
News,L20,2776,hin_Deva,0.9996868371963501
News,L1,2779,hin_Deva,0.9541606307029724
News,L5,2779,hin_Deva,0.9815711379051208
News,L20,2779,hin_Deva,0.9933034181594849
News,L1,2790,awa_Deva,0.9973459839820862
News,L5,2790,hin_Deva,0.9921190142631531
News,L20,2790,hin_Deva,0.9940415024757385
News,L1,2792,hin_Deva,0.8882420063018799
News,L5,2792,hin_Deva,0.9502022862434387
News,L20,2792,hin_Deva,0.9949451088905334
News,L1,2799,hin_Deva,0.9909968972206116
News,L5,2799,hin_Deva,0.9989021420478821
News,L20,2799,hin_Deva,0.9994336366653442
News,L1,2800,hin_Deva,0.9984707832336426
News,L5,2800,hin_Deva,0.9957631826400757
News,L20,2800,hin_Deva,0.9987797141075134
News,L1,2803,hin_Deva,0.639715313911438
News,L5,2803,hin_Deva,0.9995657801628113
News,L20,2803,hin_Deva,0.9997349381446838
News,L1,2805,hin_Deva,0.9996040463447571
News,L5,2805,hin_Deva,0.9993908405303955
News,L20,2805,hin_Deva,0.999853253364563
News,L1,2825,hin_Deva,0.9517199993133545
News,L5,2825,hin_Deva,0.9994151592254639
News,L20,2825,hin_Deva,0.9994778037071228
News,L1,2826,hin_Deva,0.9938848614692688
News,L5,2826,hin_Deva,0.9967445731163025
News,L20,2826,hin_Deva,0.998649537563324
News,L1,2832,hin_Deva,0.9999375343322754
News,L5,2832,hin_Deva,0.9999164342880249
News,L20,2832,hin_Deva,0.9999141693115234
News,L1,2835,hin_Deva,0.9956928491592407
News,L5,2835,hin_Deva,0.9940045475959778
News,L20,2835,hin_Deva,0.9952342510223389
News,L1,2851,hin_Deva,0.9810589551925659
News,L5,2851,hin_Deva,0.9961735010147095
News,L20,2851,hin_Deva,0.9905882477760315
News,L1,2855,hin_Deva,0.9992936253547668
News,L5,2855,hin_Deva,0.9993525147438049
News,L20,2855,hin_Deva,0.9996531009674072
News,L1,2896,hin_Deva,0.9851810336112976
News,L5,2896,hin_Deva,0.9916765093803406
News,L20,2896,hin_Deva,0.9982684254646301
News,L1,2905,hin_Deva,0.9978194832801819
News,L5,2905,hin_Deva,0.9989782571792603
News,L20,2905,hin_Deva,0.9993928670883179
News,L1,2911,hin_Deva,0.9932938814163208
News,L5,2911,hin_Deva,0.9978185296058655
News,L20,2911,hin_Deva,0.9995089769363403
News,L1,2915,hin_Deva,0.9988223314285278
News,L5,2915,hin_Deva,0.995995044708252
News,L20,2915,hin_Deva,0.9983950853347778
News,L1,2918,hin_Deva,0.9669408798217773
News,L5,2918,hin_Deva,0.9963259100914001
News,L20,2918,hin_Deva,0.9968488216400146
News,L1,2925,hin_Deva,0.9997197985649109
News,L5,2925,hin_Deva,0.9996466636657715
News,L20,2925,hin_Deva,0.9993677735328674
News,L1,2933,hin_Deva,0.9777184128761292
News,L5,2933,hin_Deva,0.9971516728401184
News,L20,2933,hin_Deva,0.9985998272895813
News,L1,2954,hin_Deva,0.9994714856147766
News,L5,2954,hin_Deva,0.9994859099388123
News,L20,2954,hin_Deva,0.9989761114120483
News,L1,2956,hin_Deva,0.9837304353713989
News,L5,2956,hin_Deva,0.9928251504898071
News,L20,2956,hin_Deva,0.9920215010643005
News,L1,2959,hin_Deva,0.9161298274993896
News,L5,2959,hin_Deva,0.9951547980308533
News,L20,2959,hin_Deva,0.9977878928184509
News,L1,2964,hin_Deva,0.9965071082115173
News,L5,2964,hin_Deva,0.9975778460502625
News,L20,2964,hin_Deva,0.9888174533843994
News,L1,2965,awa_Deva,0.7501952052116394
News,L5,2965,awa_Deva,0.6865865588188171
News,L20,2965,hin_Deva,0.9943693280220032
News,L1,2966,hin_Deva,0.9941794872283936
News,L5,2966,hin_Deva,0.9994526505470276
News,L20,2966,hin_Deva,0.9991971850395203
News,L1,2974,hin_Deva,0.9976646900177002
News,L5,2974,hin_Deva,0.99759840965271
News,L20,2974,hin_Deva,0.9995972514152527
News,L1,2983,hin_Deva,0.9971334338188171
News,L5,2983,hin_Deva,0.999352753162384
News,L20,2983,hin_Deva,0.9996346235275269
News,L1,2987,hin_Deva,0.9958043098449707
News,L5,2987,hin_Deva,0.9977481365203857
News,L20,2987,hin_Deva,0.9975239038467407
News,L1,3009,hin_Deva,0.9511216878890991
News,L5,3009,hin_Deva,0.989722728729248
News,L20,3009,hin_Deva,0.995648980140686
News,L1,3021,hin_Deva,0.9998466968536377
News,L5,3021,hin_Deva,0.9998995065689087
News,L20,3021,hin_Deva,0.9997243285179138
News,L1,3037,hin_Deva,0.9944339394569397
News,L5,3037,hin_Deva,0.9955912232398987
News,L20,3037,hin_Deva,0.9977519512176514
News,L1,3043,hin_Deva,0.9828739166259766
News,L5,3043,hin_Deva,0.9994855523109436
News,L20,3043,hin_Deva,0.9993017911911011
News,L1,3044,hin_Deva,0.998329222202301
News,L5,3044,hin_Deva,0.9910445809364319
News,L20,3044,hin_Deva,0.9907124042510986
News,L1,3045,hin_Deva,0.9534761309623718
News,L5,3045,hin_Deva,0.9963341951370239
News,L20,3045,hin_Deva,0.9979892373085022
News,L1,3053,hin_Deva,0.9917293787002563
News,L5,3053,hin_Deva,0.9986259937286377
News,L20,3053,hin_Deva,0.9991710186004639
News,L1,3068,hin_Deva,0.9894310235977173
News,L5,3068,hin_Deva,0.9992792010307312
News,L20,3068,hin_Deva,0.9995306730270386
News,L1,3072,hin_Deva,0.9852845668792725
News,L5,3072,hin_Deva,0.992618978023529
News,L20,3072,hin_Deva,0.9950225949287415
News,L1,3074,awa_Deva,0.5189811587333679
News,L5,3074,hin_Deva,0.9910899996757507
News,L20,3074,hin_Deva,0.9939560294151306
News,L1,3076,hin_Deva,0.9846068024635315
News,L5,3076,hin_Deva,0.9982103109359741
News,L20,3076,hin_Deva,0.9970126748085022
News,L1,3077,hin_Deva,0.9973812103271484
News,L5,3077,hin_Deva,0.9894920587539673
News,L20,3077,hin_Deva,0.987554669380188
News,L1,3095,hin_Deva,0.8938148021697998
News,L5,3095,hin_Deva,0.9837828278541565
News,L20,3095,hin_Deva,0.9793252944946289
News,L1,3111,hin_Deva,0.9979376792907715
News,L5,3111,hin_Deva,0.999512791633606
News,L20,3111,hin_Deva,0.9986473917961121
News,L1,3140,hin_Deva,0.9999303817749023
News,L5,3140,hin_Deva,0.9995797276496887
News,L20,3140,hin_Deva,0.999645471572876
News,L1,3160,hin_Deva,0.9735504984855652
News,L5,3160,hin_Deva,0.9989719390869141
News,L20,3160,hin_Deva,0.9973350763320923
News,L1,3161,hin_Deva,0.9991406798362732
News,L5,3161,hin_Deva,0.9997076988220215
News,L20,3161,hin_Deva,0.9993081092834473
News,L1,3164,hin_Deva,0.9951834082603455
News,L5,3164,hin_Deva,0.9992783665657043
News,L20,3164,hin_Deva,0.9989017844200134
News,L1,3172,hin_Deva,0.9857962131500244
News,L5,3172,hin_Deva,0.9977571368217468
News,L20,3172,hin_Deva,0.9992628693580627
News,L1,3179,mai_Deva,0.823330819606781
News,L5,3179,hin_Deva,0.9840844869613647
News,L20,3179,hin_Deva,0.9843193292617798
News,L1,3197,hin_Deva,0.8910344839096069
News,L5,3197,hin_Deva,0.9568369388580322
News,L20,3197,hin_Deva,0.9936015009880066
News,L1,3199,hin_Deva,0.813742458820343
News,L5,3199,hin_Deva,0.9782995581626892
News,L20,3199,hin_Deva,0.9758920669555664
News,L1,3200,hin_Deva,0.9978389143943787
News,L5,3200,hin_Deva,0.99921053647995
News,L20,3200,hin_Deva,0.9994308948516846
News,L1,3217,hin_Deva,0.9995284080505371
News,L5,3217,hin_Deva,0.9998849630355835
News,L20,3217,hin_Deva,0.9997344613075256
News,L1,3220,hin_Deva,0.9957213401794434
News,L5,3220,hin_Deva,0.9986587166786194
News,L20,3220,hin_Deva,0.9988569021224976
News,L1,3258,hin_Deva,0.7279555201530457
News,L5,3258,hin_Deva,0.9895667433738708
News,L20,3258,hin_Deva,0.9944836497306824
News,L1,3268,hin_Deva,0.9846264123916626
News,L5,3268,hin_Deva,0.9215043187141418
News,L20,3268,hin_Deva,0.953458845615387
News,L1,3272,hin_Deva,0.999394416809082
News,L5,3272,hin_Deva,0.9996185898780823
News,L20,3272,hin_Deva,0.9994472861289978
News,L1,3273,hin_Deva,0.9863091111183167
News,L5,3273,hin_Deva,0.968711256980896
News,L20,3273,hin_Deva,0.9957137703895569
News,L1,3274,hin_Deva,0.9919291138648987
News,L5,3274,hin_Deva,0.9997036457061768
News,L20,3274,hin_Deva,0.9996907711029053
News,L1,3275,hin_Deva,0.9939318895339966
News,L5,3275,hin_Deva,0.9984779953956604
News,L20,3275,hin_Deva,0.999612033367157
News,L1,3282,hin_Deva,0.9964629411697388
News,L5,3282,hin_Deva,0.9917916655540466
News,L20,3282,hin_Deva,0.9971995949745178
News,L1,3284,hin_Deva,0.9997566342353821
News,L5,3284,hin_Deva,0.9998317360877991
News,L20,3284,hin_Deva,0.9999449253082275
News,L1,3290,hin_Deva,0.9997274279594421
News,L5,3290,hin_Deva,0.9995409250259399
News,L20,3290,hin_Deva,0.9994219541549683
News,L1,3316,hin_Deva,0.9994288682937622
News,L5,3316,hin_Deva,0.9997013807296753
News,L20,3316,hin_Deva,0.9997067451477051
News,L1,3323,hin_Deva,0.9872756004333496
News,L5,3323,hin_Deva,0.9937763214111328
News,L20,3323,hin_Deva,0.9962363243103027
News,L1,3341,hin_Deva,0.9963438510894775
News,L5,3341,hin_Deva,0.9994187355041504
News,L20,3341,hin_Deva,0.9993777871131897
News,L1,3369,hin_Deva,0.9998310208320618
News,L5,3369,hin_Deva,0.9921767711639404
News,L20,3369,hin_Deva,0.9874892830848694
News,L1,3410,hin_Deva,0.9997811913490295
News,L5,3410,hin_Deva,0.9998344779014587
News,L20,3410,hin_Deva,0.9990732073783875
News,L1,3438,hin_Deva,0.9998915195465088
News,L5,3438,hin_Deva,0.9983468055725098
News,L20,3438,hin_Deva,0.9997206330299377
News,L1,3470,hin_Deva,0.903991162776947
News,L5,3470,hin_Deva,0.99666428565979
News,L20,3470,hin_Deva,0.9972187876701355
News,L1,3471,hin_Deva,0.9978033304214478
News,L5,3471,hin_Deva,0.9994348287582397
News,L20,3471,hin_Deva,0.9994921088218689
News,L1,3484,hin_Deva,0.9997079372406006
News,L5,3484,hin_Deva,0.9974515438079834
News,L20,3484,hin_Deva,0.9968891143798828
News,L1,3497,hin_Deva,0.9988106489181519
News,L5,3497,hin_Deva,0.9998619556427002
News,L20,3497,hin_Deva,0.9995691180229187
News,L1,3510,hin_Deva,0.9984641075134277
News,L5,3510,hin_Deva,0.9978492856025696
News,L20,3510,hin_Deva,0.9987727403640747
News,L1,3531,hin_Deva,0.991923451423645
News,L5,3531,hin_Deva,0.9985969066619873
News,L20,3531,hin_Deva,0.9986562132835388
News,L1,3533,hin_Deva,0.9998317360877991
News,L5,3533,hin_Deva,0.9999538660049438
News,L20,3533,hin_Deva,0.9997994303703308
News,L1,3547,hin_Deva,0.8268569111824036
News,L5,3547,hin_Deva,0.9982107877731323
News,L20,3547,hin_Deva,0.9997486472129822
News,L1,3571,hin_Deva,0.9995850920677185
News,L5,3571,hin_Deva,0.9962488412857056
News,L20,3571,hin_Deva,0.9954320788383484
News,L1,3574,hin_Deva,0.9961157441139221
News,L5,3574,hin_Deva,0.9950788021087646
News,L20,3574,hin_Deva,0.9962679147720337
News,L1,3589,hin_Deva,0.9628422260284424
News,L5,3589,hin_Deva,0.9996119141578674
News,L20,3589,hin_Deva,0.9998569488525391
News,L1,3610,hin_Deva,0.988775372505188
News,L5,3610,hin_Deva,0.9990667700767517
News,L20,3610,hin_Deva,0.9986692667007446
News,L1,3620,hin_Deva,0.9987132549285889
News,L5,3620,hin_Deva,0.9992337226867676
News,L20,3620,hin_Deva,0.9992574453353882
News,L1,3623,hin_Deva,0.9999048709869385
News,L5,3623,hin_Deva,0.9686717987060547
News,L20,3623,hin_Deva,0.9929782748222351
News,L1,3638,hin_Deva,0.9770047664642334
News,L5,3638,hin_Deva,0.9993345737457275
News,L20,3638,hin_Deva,0.9991320967674255
News,L1,3640,hin_Deva,0.9978504180908203
News,L5,3640,hin_Deva,0.9987474083900452
News,L20,3640,hin_Deva,0.9987084865570068
News,L1,3668,hin_Deva,0.9996891021728516
News,L5,3668,hin_Deva,0.9917122721672058
News,L20,3668,hin_Deva,0.9964275360107422
News,L1,3695,hin_Deva,0.9987890124320984
News,L5,3695,hin_Deva,0.9998148083686829
News,L20,3695,hin_Deva,0.9993694424629211
News,L1,3700,hin_Deva,0.97948157787323
News,L5,3700,hin_Deva,0.9902740716934204
News,L20,3700,hin_Deva,0.9945533275604248
News,L1,3707,hin_Deva,0.9657745957374573
News,L5,3707,hin_Deva,0.9685478806495667
News,L20,3707,hin_Deva,0.998023509979248
News,L1,3714,hin_Deva,0.8909560441970825
News,L5,3714,hin_Deva,0.9887181520462036
News,L20,3714,hin_Deva,0.9920600056648254
News,L1,3726,hin_Deva,0.986709475517273
News,L5,3726,hin_Deva,0.9991918206214905
News,L20,3726,hin_Deva,0.9988585710525513
News,L1,3748,hin_Deva,0.9282625317573547
News,L5,3748,hin_Deva,0.9994809031486511
News,L20,3748,hin_Deva,0.9997469782829285
News,L1,3760,hin_Deva,0.9876593947410583
News,L5,3760,hin_Deva,0.9945342540740967
News,L20,3760,hin_Deva,0.998910665512085
News,L1,3762,hin_Deva,0.9874963760375977
News,L5,3762,hin_Deva,0.9962811470031738
News,L20,3762,hin_Deva,0.9984685182571411
News,L1,3763,hin_Deva,0.9538244605064392
News,L5,3763,hin_Deva,0.9792437553405762
News,L20,3763,hin_Deva,0.9941571950912476
News,L1,3769,hin_Deva,0.9931992292404175
News,L5,3769,hin_Deva,0.9994312524795532
News,L20,3769,hin_Deva,0.9995347261428833
News,L1,3778,hin_Deva,0.9996718168258667
News,L5,3778,hin_Deva,0.9989599585533142
News,L20,3778,hin_Deva,0.9966509342193604
News,L1,3793,hin_Deva,0.99791419506073
News,L5,3793,hin_Deva,0.9992923140525818
News,L20,3793,hin_Deva,0.9996371269226074
News,L1,3797,hin_Deva,0.9757753610610962
News,L5,3797,hin_Deva,0.9923147559165955
News,L20,3797,hin_Deva,0.9959597587585449
News,L1,3821,hin_Deva,0.8995621800422668
News,L5,3821,hin_Deva,0.9952641725540161
News,L20,3821,hin_Deva,0.9939245581626892
News,L1,3823,hin_Deva,0.9973117113113403
News,L5,3823,hin_Deva,0.9992808699607849
News,L20,3823,hin_Deva,0.998940646648407
News,L1,3834,hin_Deva,0.9977023601531982
News,L5,3834,hin_Deva,0.9984729290008545
News,L20,3834,hin_Deva,0.9995377063751221
News,L1,3837,hin_Deva,0.9965800046920776
News,L5,3837,hin_Deva,0.9974150061607361
News,L20,3837,hin_Deva,0.9987513422966003
News,L1,3855,hin_Deva,0.991483211517334
News,L5,3855,hin_Deva,0.9993615746498108
News,L20,3855,hin_Deva,0.9981476068496704
News,L1,3863,hin_Deva,0.8707008957862854
News,L5,3863,hin_Deva,0.9408243298530579
News,L20,3863,hin_Deva,0.9876292943954468
News,L1,3874,hin_Deva,0.9997273087501526
News,L5,3874,hin_Deva,0.9983468055725098
News,L20,3874,hin_Deva,0.9989683628082275
News,L1,3875,hin_Deva,0.9926604628562927
News,L5,3875,hin_Deva,0.9997578263282776
News,L20,3875,hin_Deva,0.9998202919960022
News,L1,3894,hin_Deva,0.9906139969825745
News,L5,3894,hin_Deva,0.995294988155365
News,L20,3894,hin_Deva,0.9990836381912231
News,L1,3898,hin_Deva,0.98542720079422
News,L5,3898,hin_Deva,0.9902925491333008
News,L20,3898,hin_Deva,0.993768572807312
News,L1,3912,hin_Deva,0.9970666170120239
News,L5,3912,hin_Deva,0.9997482895851135
News,L20,3912,hin_Deva,0.9993381500244141
News,L1,3925,hin_Deva,0.9973742365837097
News,L5,3925,hin_Deva,0.9991173148155212
News,L20,3925,hin_Deva,0.9995716214179993
News,L1,3934,hin_Deva,0.9999945163726807
News,L5,3934,hin_Deva,0.9998053908348083
News,L20,3934,hin_Deva,0.9998030066490173
News,L1,3948,hin_Deva,0.9595175385475159
News,L5,3948,hin_Deva,0.9988111257553101
News,L20,3948,hin_Deva,0.9987282752990723
News,L1,3972,hin_Deva,0.9754244685173035
News,L5,3972,hin_Deva,0.99869304895401
News,L20,3972,hin_Deva,0.9973707795143127
News,L1,3989,hin_Deva,0.9980804324150085
News,L5,3989,hin_Deva,0.9993663430213928
News,L20,3989,hin_Deva,0.9996644258499146
News,L1,3995,hin_Deva,0.9992895722389221
News,L5,3995,hin_Deva,0.9883536100387573
News,L20,3995,hin_Deva,0.9918822646141052
News,L1,4002,hin_Deva,0.9997902512550354
News,L5,4002,hin_Deva,0.9991105794906616
News,L20,4002,hin_Deva,0.9964998364448547
News,L1,4009,hin_Deva,0.8885560035705566
News,L5,4009,hin_Deva,0.987689733505249
News,L20,4009,hin_Deva,0.9959299564361572
News,L1,4015,hin_Deva,0.9987421631813049
News,L5,4015,hin_Deva,0.9980079531669617
News,L20,4015,hin_Deva,0.9992696642875671
News,L1,4017,hin_Deva,0.6373888850212097
News,L5,4017,hin_Deva,0.9983595609664917
News,L20,4017,hin_Deva,0.998242199420929
News,L1,4018,hin_Deva,0.9972427487373352
News,L5,4018,hin_Deva,0.9995142221450806
News,L20,4018,hin_Deva,0.9978964924812317
News,L1,4022,hin_Deva,0.9934559464454651
News,L5,4022,hin_Deva,0.9990742802619934
News,L20,4022,hin_Deva,0.9994397759437561
News,L1,4035,hin_Deva,0.9699947237968445
News,L5,4035,hin_Deva,0.9965434074401855
News,L20,4035,hin_Deva,0.9984272718429565
News,L1,4039,awa_Deva,0.4822820723056793
News,L5,4039,hin_Deva,0.9969608783721924
News,L20,4039,hin_Deva,0.9972156882286072
News,L1,4045,hin_Deva,0.9514524340629578
News,L5,4045,hin_Deva,0.9980795979499817
News,L20,4045,hin_Deva,0.9982787370681763
News,L1,4078,hin_Deva,0.9999250173568726
News,L5,4078,hin_Deva,0.99964439868927
News,L20,4078,hin_Deva,0.9983697533607483
News,L1,4097,hin_Deva,0.9838475584983826
News,L5,4097,hin_Deva,0.9998735189437866
News,L20,4097,hin_Deva,0.9979739189147949
News,L1,4098,hin_Deva,0.8470491170883179
News,L5,4098,hin_Deva,0.9708124995231628
News,L20,4098,hin_Deva,0.9971159100532532
News,L1,4107,hin_Deva,0.9939181804656982
News,L5,4107,hin_Deva,0.9998927116394043
News,L20,4107,hin_Deva,0.9990604519844055
News,L1,4112,hin_Deva,0.6945586204528809
News,L5,4112,hin_Deva,0.9940376281738281
News,L20,4112,hin_Deva,0.9960185289382935
News,L1,4115,hin_Deva,0.9755891561508179
News,L5,4115,hin_Deva,0.9982565641403198
News,L20,4115,hin_Deva,0.9990333318710327
News,L1,4117,hin_Deva,0.9595390558242798
News,L5,4117,hin_Deva,0.968320369720459
News,L20,4117,hin_Deva,0.993356466293335
News,L1,4160,hin_Deva,0.9983692765235901
News,L5,4160,hin_Deva,0.999466598033905
News,L20,4160,hin_Deva,0.9992223978042603
News,L1,4170,hin_Deva,0.9996700286865234
News,L5,4170,hin_Deva,0.9996812343597412
News,L20,4170,hin_Deva,0.999234676361084
News,L1,4200,hin_Deva,0.999707818031311
News,L5,4200,hin_Deva,0.9999086856842041
News,L20,4200,hin_Deva,0.9995130300521851
News,L1,4201,hin_Deva,0.9999234676361084
News,L5,4201,hin_Deva,0.9990365505218506
News,L20,4201,hin_Deva,0.9995585083961487
News,L1,4217,hin_Deva,0.9443032145500183
News,L5,4217,hin_Deva,0.999748170375824
News,L20,4217,hin_Deva,0.9985929727554321
News,L1,4219,hin_Deva,0.9997554421424866
News,L5,4219,hin_Deva,0.9997080564498901
News,L20,4219,hin_Deva,0.9992349147796631
News,L1,4226,hin_Deva,0.9874885082244873
News,L5,4226,hin_Deva,0.9964075684547424
News,L20,4226,hin_Deva,0.9995644688606262
News,L1,4230,hin_Deva,0.9178935885429382
News,L5,4230,hin_Deva,0.925952136516571
News,L20,4230,hin_Deva,0.9925104975700378
News,L1,4244,awa_Deva,0.9583806991577148
News,L5,4244,hin_Deva,0.9194587469100952
News,L20,4244,hin_Deva,0.9895803928375244
News,L1,4250,hin_Deva,0.9513527154922485
News,L5,4250,hin_Deva,0.9953206181526184
News,L20,4250,hin_Deva,0.9980447888374329
News,L1,4254,hin_Deva,0.9958195686340332
News,L5,4254,hin_Deva,0.9995416402816772
News,L20,4254,hin_Deva,0.9989751577377319
News,L1,4273,hin_Deva,0.9986660480499268
News,L5,4273,hin_Deva,0.9994503855705261
News,L20,4273,hin_Deva,0.9997326731681824
News,L1,4301,hin_Deva,0.9983348250389099
News,L5,4301,hin_Deva,0.9968425631523132
News,L20,4301,hin_Deva,0.9953340888023376
News,L1,4303,hin_Deva,0.9749570488929749
News,L5,4303,hin_Deva,0.9996289014816284
News,L20,4303,hin_Deva,0.9995448589324951
News,L1,4310,hin_Deva,0.793788492679596
News,L5,4310,hin_Deva,0.979240894317627
News,L20,4310,hin_Deva,0.9864623546600342
News,L1,4312,hin_Deva,0.7455742955207825
News,L5,4312,hin_Deva,0.9958206415176392
News,L20,4312,hin_Deva,0.9993937015533447
News,L1,4327,hin_Deva,0.9988535642623901
News,L5,4327,hin_Deva,0.9996078610420227
News,L20,4327,hin_Deva,0.9987528920173645
News,L1,4346,hin_Deva,0.7820759415626526
News,L5,4346,hin_Deva,0.9817911386489868
News,L20,4346,hin_Deva,0.9917372465133667
News,L1,4350,hin_Deva,0.99574875831604
News,L5,4350,hin_Deva,0.9994849562644958
News,L20,4350,hin_Deva,0.9994532465934753
News,L1,4368,hin_Deva,0.9996126294136047
News,L5,4368,hin_Deva,0.9941190481185913
News,L20,4368,hin_Deva,0.9980839490890503
News,L1,4373,hin_Deva,0.9744271636009216
News,L5,4373,hin_Deva,0.9978044033050537
News,L20,4373,hin_Deva,0.9993197917938232
News,L1,4381,hin_Deva,0.9990867376327515
News,L5,4381,hin_Deva,0.9997473359107971
News,L20,4381,hin_Deva,0.9995936751365662
News,L1,4419,hin_Deva,0.9050968289375305
News,L5,4419,hin_Deva,0.9940425753593445
News,L20,4419,hin_Deva,0.9969947934150696
News,L1,4421,hin_Deva,0.9907549023628235
News,L5,4421,hin_Deva,0.996674120426178
News,L20,4421,hin_Deva,0.998791515827179
News,L1,4426,hin_Deva,0.5431718826293945
News,L5,4426,hin_Deva,0.9852054119110107
News,L20,4426,hin_Deva,0.9948230981826782
News,L1,4430,hin_Deva,0.9953397512435913
News,L5,4430,hin_Deva,0.9989355206489563
News,L20,4430,hin_Deva,0.9976598620414734
News,L1,4431,hin_Deva,0.9047386646270752
News,L5,4431,hin_Deva,0.9996525049209595
News,L20,4431,hin_Deva,0.9999126195907593
News,L1,4451,hin_Deva,0.8798041939735413
News,L5,4451,hin_Deva,0.9713376760482788
News,L20,4451,hin_Deva,0.9754393100738525
News,L1,4464,hin_Deva,0.9924153685569763
News,L5,4464,hin_Deva,0.9994221925735474
News,L20,4464,hin_Deva,0.9975711107254028
News,L1,4467,hin_Deva,0.9630479216575623
News,L5,4467,hin_Deva,0.9990488290786743
News,L20,4467,hin_Deva,0.9992347955703735
News,L1,4483,hin_Deva,0.9677137732505798
News,L5,4483,hin_Deva,0.9988377690315247
News,L20,4483,hin_Deva,0.9984633922576904
News,L1,4494,hin_Deva,0.9978966116905212
News,L5,4494,hin_Deva,0.99956876039505
News,L20,4494,hin_Deva,0.9989691972732544
News,L1,4504,hin_Deva,0.5853885412216187
News,L5,4504,hin_Deva,0.9938642978668213
News,L20,4504,hin_Deva,0.9956634044647217
News,L1,4513,hin_Deva,0.994652271270752
News,L5,4513,hin_Deva,0.9964849352836609
News,L20,4513,hin_Deva,0.9945083260536194
News,L1,4515,hin_Deva,0.9998425245285034
News,L5,4515,hin_Deva,0.9998914003372192
News,L20,4515,hin_Deva,0.9999048709869385
News,L1,4521,hin_Deva,0.9672195315361023
News,L5,4521,hin_Deva,0.9976978302001953
News,L20,4521,hin_Deva,0.9992113709449768
News,L1,4524,hin_Deva,0.7895217537879944
News,L5,4524,hin_Deva,0.9995028972625732
News,L20,4524,hin_Deva,0.9998689889907837
News,L1,4526,hin_Deva,0.9731302857398987
News,L5,4526,hin_Deva,0.9994542002677917
News,L20,4526,hin_Deva,0.9993350505828857
News,L1,4529,hin_Deva,0.7054361701011658
News,L5,4529,hin_Deva,0.9989491105079651
News,L20,4529,hin_Deva,0.999847412109375
News,L1,4550,hin_Deva,0.9908857345581055
News,L5,4550,hin_Deva,0.9940738081932068
News,L20,4550,hin_Deva,0.9946168065071106
News,L1,4560,hin_Deva,0.9607877135276794
News,L5,4560,hin_Deva,0.9924055337905884
News,L20,4560,hin_Deva,0.9956914186477661
News,L1,4578,hin_Deva,0.994539201259613
News,L5,4578,hin_Deva,0.9981414675712585
News,L20,4578,hin_Deva,0.9996639490127563
News,L1,4586,hin_Deva,0.7597355842590332
News,L5,4586,hin_Deva,0.9777605533599854
News,L20,4586,hin_Deva,0.9955143332481384
News,L1,4600,hin_Deva,0.9995682835578918
News,L5,4600,hin_Deva,0.998826265335083
News,L20,4600,hin_Deva,0.9975571036338806
News,L1,4622,hin_Deva,0.9472933411598206
News,L5,4622,hin_Deva,0.9974960088729858
News,L20,4622,hin_Deva,0.9993700385093689
News,L1,4626,hin_Deva,0.975505530834198
News,L5,4626,hin_Deva,0.9997422099113464
News,L20,4626,hin_Deva,0.9993478655815125
News,L1,4642,hin_Deva,0.9936571717262268
News,L5,4642,hin_Deva,0.9993091821670532
News,L20,4642,hin_Deva,0.999032735824585
News,L1,4650,hin_Deva,0.9997954964637756
News,L5,4650,hin_Deva,0.9994845986366272
News,L20,4650,hin_Deva,0.9994737505912781
News,L1,4682,hin_Deva,0.9991965889930725
News,L5,4682,hin_Deva,0.9952877759933472
News,L20,4682,hin_Deva,0.9988484978675842
News,L1,4686,hin_Deva,0.9961265325546265
News,L5,4686,hin_Deva,0.999568521976471
News,L20,4686,hin_Deva,0.9991047382354736
News,L1,4705,hin_Deva,0.7524499893188477
News,L5,4705,hin_Deva,0.9489461779594421
News,L20,4705,hin_Deva,0.9921031594276428
News,L1,4708,hin_Deva,0.9806646704673767
News,L5,4708,hin_Deva,0.9993396997451782
News,L20,4708,hin_Deva,0.99948650598526
News,L1,4746,hin_Deva,0.9997684359550476
News,L5,4746,hin_Deva,0.9997860789299011
News,L20,4746,hin_Deva,0.9991970658302307
News,L1,4752,hin_Deva,0.9926672577857971
News,L5,4752,hin_Deva,0.9560292363166809
News,L20,4752,hin_Deva,0.9980591535568237
News,L1,4753,hin_Deva,0.9963863492012024
News,L5,4753,hin_Deva,0.9993608593940735
News,L20,4753,hin_Deva,0.9988505244255066
News,L1,4755,hin_Deva,0.9944437146186829
News,L5,4755,hin_Deva,0.9987301826477051
News,L20,4755,hin_Deva,0.9994565844535828
News,L1,4765,hin_Deva,0.9998993873596191
News,L5,4765,hin_Deva,0.9997031688690186
News,L20,4765,hin_Deva,0.9984626770019531
News,L1,4768,awa_Deva,0.9310976266860962
News,L5,4768,hin_Deva,0.9982394576072693
News,L20,4768,hin_Deva,0.9944926500320435
News,L1,4792,hin_Deva,0.995855987071991
News,L5,4792,hin_Deva,0.9617417454719543
News,L20,4792,hin_Deva,0.9860825538635254
News,L1,4795,hin_Deva,0.99784916639328
News,L5,4795,hin_Deva,0.9982508420944214
News,L20,4795,hin_Deva,0.9993472695350647
News,L1,4804,hin_Deva,0.8788500428199768
News,L5,4804,hin_Deva,0.9935674071311951
News,L20,4804,hin_Deva,0.9978229999542236
News,L1,4824,hin_Deva,0.9478781223297119
News,L5,4824,hin_Deva,0.9980286359786987
News,L20,4824,hin_Deva,0.9988020062446594
News,L1,4826,hin_Deva,0.9997239708900452
News,L5,4826,hin_Deva,0.9959039688110352
News,L20,4826,hin_Deva,0.989149808883667
News,L1,4833,hin_Deva,0.9531769752502441
News,L5,4833,hin_Deva,0.9989093542098999
News,L20,4833,hin_Deva,0.999270498752594
News,L1,4834,hin_Deva,0.999723494052887
News,L5,4834,hin_Deva,0.9993510842323303
News,L20,4834,hin_Deva,0.9993608593940735
News,L1,4840,hin_Deva,0.9945514798164368
News,L5,4840,hin_Deva,0.9957436919212341
News,L20,4840,hin_Deva,0.9925157427787781
News,L1,4852,hin_Deva,0.6526535153388977
News,L5,4852,hin_Deva,0.9787226915359497
News,L20,4852,hin_Deva,0.9986745119094849
News,L1,4859,hin_Deva,0.9960114359855652
News,L5,4859,hin_Deva,0.9979052543640137
News,L20,4859,hin_Deva,0.9992179274559021
News,L1,4866,hin_Deva,0.9996046423912048
News,L5,4866,hin_Deva,0.9993153810501099
News,L20,4866,hin_Deva,0.9994939565658569
News,L1,4867,hin_Deva,0.9994343519210815
News,L5,4867,hin_Deva,0.9984654188156128
News,L20,4867,hin_Deva,0.9982655644416809
News,L1,4898,hin_Deva,0.9950441122055054
News,L5,4898,hin_Deva,0.9992258548736572
News,L20,4898,hin_Deva,0.9998155236244202
News,L1,4900,hin_Deva,0.996953547000885
News,L5,4900,hin_Deva,0.9968220591545105
News,L20,4900,hin_Deva,0.9885575771331787
News,L1,4906,hin_Deva,0.8957709670066833
News,L5,4906,hin_Deva,0.9953386783599854
News,L20,4906,hin_Deva,0.9982835054397583
News,L1,4909,hin_Deva,0.9956103563308716
News,L5,4909,hin_Deva,0.9988343119621277
News,L20,4909,hin_Deva,0.9988051652908325
News,L1,4928,hin_Deva,0.9782024025917053
News,L5,4928,hin_Deva,0.999950647354126
News,L20,4928,hin_Deva,0.9997522234916687
News,L1,4935,hin_Deva,0.9785026907920837
News,L5,4935,hin_Deva,0.9922745227813721
News,L20,4935,hin_Deva,0.9959530234336853
News,L1,4948,hin_Deva,0.9688611030578613
News,L5,4948,hin_Deva,0.9873461127281189
News,L20,4948,hin_Deva,0.985406219959259
News,L1,4961,hin_Deva,0.9938386082649231
News,L5,4961,hin_Deva,0.9982038140296936
News,L20,4961,hin_Deva,0.9959813952445984
News,L1,4981,hin_Deva,0.9999642372131348
News,L5,4981,hin_Deva,0.9999954700469971
News,L20,4981,hin_Deva,0.9997897744178772
News,L1,4985,hin_Deva,0.9976080060005188
News,L5,4985,hin_Deva,0.9979463815689087
News,L20,4985,hin_Deva,0.9993520379066467
News,L1,4989,hin_Deva,0.999413013458252
News,L5,4989,hin_Deva,0.9994373321533203
News,L20,4989,hin_Deva,0.998602569103241
News,L1,4992,hin_Deva,0.9926766753196716
News,L5,4992,hin_Deva,0.9990600943565369
News,L20,4992,hin_Deva,0.9997126460075378
News,L1,5003,hin_Deva,0.9634252786636353
News,L5,5003,hin_Deva,0.9994416832923889
News,L20,5003,hin_Deva,0.9992350339889526
News,L1,5008,hin_Deva,0.9918555617332458
News,L5,5008,hin_Deva,0.9976768493652344
News,L20,5008,hin_Deva,0.9984698295593262
News,L1,5010,awa_Deva,0.9880679845809937
News,L5,5010,hin_Deva,0.9888617396354675
News,L20,5010,hin_Deva,0.9969497919082642
News,L1,5012,hin_Deva,0.9996203780174255
News,L5,5012,hin_Deva,0.9983155727386475
News,L20,5012,hin_Deva,0.9984812140464783
News,L1,5035,hin_Deva,0.9753155708312988
News,L5,5035,hin_Deva,0.9898734092712402
News,L20,5035,hin_Deva,0.9981712698936462
News,L1,5040,hin_Deva,0.9997765421867371
News,L5,5040,hin_Deva,0.9901663064956665
News,L20,5040,hin_Deva,0.9979235529899597
News,L1,5043,mup_Deva,0.5532707571983337
News,L5,5043,hin_Deva,0.9986167550086975
News,L20,5043,hin_Deva,0.9991514682769775
News,L1,5052,hin_Deva,0.9456552267074585
News,L5,5052,hin_Deva,0.998458743095398
News,L20,5052,hin_Deva,0.9995928406715393
News,L1,5074,awa_Deva,0.8725113272666931
News,L5,5074,hin_Deva,0.9891435503959656
News,L20,5074,hin_Deva,0.9975254535675049
News,L1,5078,hin_Deva,0.9759790301322937
News,L5,5078,hin_Deva,0.9987452626228333
News,L20,5078,hin_Deva,0.9994545578956604
News,L1,5083,hin_Deva,0.9995294809341431
News,L5,5083,hin_Deva,0.996884822845459
News,L20,5083,hin_Deva,0.9952921271324158
News,L1,5084,hin_Deva,0.999627947807312
News,L5,5084,hin_Deva,0.99217689037323
News,L20,5084,hin_Deva,0.9946538209915161
News,L1,5087,hin_Deva,0.9943395256996155
News,L5,5087,hin_Deva,0.9988418221473694
News,L20,5087,hin_Deva,0.988692045211792
News,L1,5094,hin_Deva,0.977443516254425
News,L5,5094,hin_Deva,0.997106671333313
News,L20,5094,hin_Deva,0.999701976776123
News,L1,5098,hin_Deva,0.9933339953422546
News,L5,5098,hin_Deva,0.9986333847045898
News,L20,5098,hin_Deva,0.9991544485092163
News,L1,5123,hin_Deva,0.9940813183784485
News,L5,5123,hin_Deva,0.9978594779968262
News,L20,5123,hin_Deva,0.9948238134384155
News,L1,5156,hin_Deva,0.998778760433197
News,L5,5156,hin_Deva,0.9915256500244141
News,L20,5156,hin_Deva,0.9978033304214478
News,L1,5163,hin_Deva,0.9715031385421753
News,L5,5163,hin_Deva,0.996824324131012
News,L20,5163,hin_Deva,0.9990469217300415
News,L1,5185,hin_Deva,0.999349057674408
News,L5,5185,hin_Deva,0.9988355040550232
News,L20,5185,hin_Deva,0.9987509846687317
News,L1,5198,hin_Deva,0.7877191305160522
News,L5,5198,hin_Deva,0.9967496991157532
News,L20,5198,hin_Deva,0.9925049543380737
News,L1,5203,hin_Deva,0.9962589144706726
News,L5,5203,hin_Deva,0.9995522499084473
News,L20,5203,hin_Deva,0.999574601650238
News,L1,5206,hin_Deva,0.9751985669136047
News,L5,5206,hin_Deva,0.9994729161262512
News,L20,5206,hin_Deva,0.9989237785339355
News,L1,5208,new_Deva,0.7830125093460083
News,L5,5208,hin_Deva,0.9968702793121338
News,L20,5208,hin_Deva,0.9974349737167358
News,L1,5220,hin_Deva,0.9991299510002136
News,L5,5220,hin_Deva,0.9986867308616638
News,L20,5220,hin_Deva,0.9988254308700562
News,L1,5222,hin_Deva,0.999327540397644
News,L5,5222,hin_Deva,0.9997921586036682
News,L20,5222,hin_Deva,0.9983501434326172
News,L1,5223,hin_Deva,0.9586712718009949
News,L5,5223,hin_Deva,0.9788254499435425
News,L20,5223,hin_Deva,0.9933136105537415
News,L1,5229,hin_Deva,0.9971914291381836
News,L5,5229,hin_Deva,0.9996398687362671
News,L20,5229,hin_Deva,0.9992837309837341
News,L1,5231,hin_Deva,0.9998355507850647
News,L5,5231,hin_Deva,0.9992334842681885
News,L20,5231,hin_Deva,0.999602735042572
News,L1,5236,hin_Deva,0.9989725351333618
News,L5,5236,hin_Deva,0.9994763731956482
News,L20,5236,hin_Deva,0.9996657371520996
News,L1,5253,hin_Deva,0.9980091452598572
News,L5,5253,hin_Deva,0.9991652965545654
News,L20,5253,hin_Deva,0.999642014503479
News,L1,5269,hin_Deva,0.9997672438621521
News,L5,5269,hin_Deva,0.9998319745063782
News,L20,5269,hin_Deva,0.9997146725654602
News,L1,5272,hin_Deva,0.9985242486000061
News,L5,5272,hin_Deva,0.9971052408218384
News,L20,5272,hin_Deva,0.9974831938743591
News,L1,5278,hin_Deva,0.9997468590736389
News,L5,5278,hin_Deva,0.9990776181221008
News,L20,5278,hin_Deva,0.9991851449012756
News,L1,5279,hin_Deva,0.9999440908432007
News,L5,5279,hin_Deva,0.9993966817855835
News,L20,5279,hin_Deva,0.9996522665023804
News,L1,5298,hin_Deva,0.998443067073822
News,L5,5298,hin_Deva,0.9994932413101196
News,L20,5298,hin_Deva,0.9996097683906555
News,L1,5303,hin_Deva,0.9931077361106873
News,L5,5303,hin_Deva,0.9969410300254822
News,L20,5303,hin_Deva,0.9981403946876526
News,L1,5349,hin_Deva,0.9409824013710022
News,L5,5349,hin_Deva,0.9875418543815613
News,L20,5349,hin_Deva,0.9971928596496582
News,L1,5352,hin_Deva,0.9999722242355347
News,L5,5352,hin_Deva,0.9994860291481018
News,L20,5352,hin_Deva,0.9995406866073608
News,L1,5355,hin_Deva,0.9992063641548157
News,L5,5355,hin_Deva,0.9988800883293152
News,L20,5355,hin_Deva,0.9994982481002808
News,L1,5359,hin_Deva,0.9985666871070862
News,L5,5359,hin_Deva,0.9996880292892456
News,L20,5359,hin_Deva,0.9997850060462952
News,L1,5362,hin_Deva,0.9973630905151367
News,L5,5362,hin_Deva,0.9996556043624878
News,L20,5362,hin_Deva,0.9994861483573914
News,L1,5368,hin_Deva,0.9668827056884766
News,L5,5368,hin_Deva,0.9940152764320374
News,L20,5368,hin_Deva,0.9974946975708008
News,L1,5374,hin_Deva,0.9921416640281677
News,L5,5374,hin_Deva,0.9973695874214172
News,L20,5374,hin_Deva,0.9986448884010315
News,L1,5396,hin_Deva,0.973405122756958
News,L5,5396,hin_Deva,0.9970602989196777
News,L20,5396,hin_Deva,0.999049186706543
News,L1,5399,hin_Deva,0.9996286630630493
News,L5,5399,hin_Deva,0.9993960857391357
News,L20,5399,hin_Deva,0.9989375472068787
News,L1,5416,hin_Deva,0.9838947057723999
News,L5,5416,hin_Deva,0.9952603578567505
News,L20,5416,hin_Deva,0.9992462396621704
News,L1,5424,hin_Deva,0.9998119473457336
News,L5,5424,hin_Deva,0.9992116093635559
News,L20,5424,hin_Deva,0.9996070265769958
News,L1,5439,hin_Deva,0.9979084730148315
News,L5,5439,hin_Deva,0.9986427426338196
News,L20,5439,hin_Deva,0.9983711838722229
News,L1,5454,hin_Deva,0.9152625203132629
News,L5,5454,hin_Deva,0.9978637099266052
News,L20,5454,hin_Deva,0.9977257251739502
News,L1,5455,hin_Deva,0.9980408549308777
News,L5,5455,hin_Deva,0.9996751546859741
News,L20,5455,hin_Deva,0.9994306564331055
News,L1,5461,hin_Deva,0.9981472492218018
News,L5,5461,hin_Deva,0.9994615912437439
News,L20,5461,hin_Deva,0.9993616938591003
News,L1,5463,hin_Deva,0.9995517730712891
News,L5,5463,hin_Deva,0.9989193677902222
News,L20,5463,hin_Deva,0.9964839816093445
News,L1,5481,hin_Deva,1.0000052452087402
News,L5,5481,hin_Deva,0.9988539218902588
News,L20,5481,hin_Deva,0.994796872138977
News,L1,5487,hin_Deva,0.9970771670341492
News,L5,5487,hin_Deva,0.9980130791664124
News,L20,5487,hin_Deva,0.9985935688018799
News,L1,5528,hin_Deva,0.7293835282325745
News,L5,5528,hin_Deva,0.9870417714118958
News,L20,5528,hin_Deva,0.9979673624038696
News,L1,5531,hin_Deva,0.9351338744163513
News,L5,5531,hin_Deva,0.9921770691871643
News,L20,5531,hin_Deva,0.9949148893356323
News,L1,5548,hin_Deva,0.9993515610694885
News,L5,5548,hin_Deva,0.9997274279594421
News,L20,5548,hin_Deva,0.999768078327179
News,L1,5549,hin_Deva,0.9885639548301697
News,L5,5549,hin_Deva,0.9831283688545227
News,L20,5549,hin_Deva,0.9935611486434937
News,L1,5566,hin_Deva,0.9999805688858032
News,L5,5566,hin_Deva,0.9997484087944031
News,L20,5566,hin_Deva,0.9998251795768738
News,L1,5575,hin_Deva,0.9278740286827087
News,L5,5575,hin_Deva,0.9833693504333496
News,L20,5575,hin_Deva,0.9788265228271484
News,L1,5597,hin_Deva,0.9984699487686157
News,L5,5597,hin_Deva,0.9959757328033447
News,L20,5597,hin_Deva,0.9988186359405518
News,L1,5601,hin_Deva,0.9781845808029175
News,L5,5601,hin_Deva,0.9979012608528137
News,L20,5601,hin_Deva,0.9911783933639526
News,L1,5611,hin_Deva,0.7841267585754395
News,L5,5611,hin_Deva,0.9905584454536438
News,L20,5611,hin_Deva,0.992636501789093
News,L1,5629,hin_Deva,0.9980974793434143
News,L5,5629,hin_Deva,0.9981834888458252
News,L20,5629,hin_Deva,0.9988201856613159
News,L1,5660,hin_Deva,0.9354163408279419
News,L5,5660,hin_Deva,0.9610226154327393
News,L20,5660,hin_Deva,0.9882069230079651
News,L1,5661,hin_Deva,1.000001072883606
News,L5,5661,hin_Deva,0.9997695088386536
News,L20,5661,hin_Deva,0.9986609816551208
News,L1,5663,hin_Deva,0.9957320690155029
News,L5,5663,hin_Deva,0.9968169927597046
News,L20,5663,hin_Deva,0.999159574508667
News,L1,5672,sck_Deva,0.9936034083366394
News,L5,5672,hin_Deva,0.9986664056777954
News,L20,5672,hin_Deva,0.9980547428131104
News,L1,5700,hin_Deva,0.9982035756111145
News,L5,5700,hin_Deva,0.9990236759185791
News,L20,5700,hin_Deva,0.999103307723999
News,L1,5709,hin_Deva,0.9998293519020081
News,L5,5709,hin_Deva,0.999461829662323
News,L20,5709,hin_Deva,0.9989807605743408
News,L1,5713,hin_Deva,0.9563654065132141
News,L5,5713,hin_Deva,0.9995017051696777
News,L20,5713,hin_Deva,0.9997357726097107
News,L1,5715,hin_Deva,0.9992774128913879
News,L5,5715,hin_Deva,0.9953178763389587
News,L20,5715,hin_Deva,0.9987490773200989
News,L1,5719,hin_Deva,0.9919875264167786
News,L5,5719,hin_Deva,0.9996732473373413
News,L20,5719,hin_Deva,0.9998764991760254
News,L1,5737,hin_Deva,0.7483597993850708
News,L5,5737,hin_Deva,0.9982849359512329
News,L20,5737,hin_Deva,0.9974601864814758
News,L1,5753,hin_Deva,0.9980639219284058
News,L5,5753,hin_Deva,0.9987940192222595
News,L20,5753,hin_Deva,0.9963070750236511
News,L1,5754,hin_Deva,0.9997872710227966
News,L5,5754,hin_Deva,0.9991456866264343
News,L20,5754,hin_Deva,0.9991835951805115
News,L1,5762,hin_Deva,0.9999651908874512
News,L5,5762,hin_Deva,0.9998486042022705
News,L20,5762,hin_Deva,0.9996737241744995
News,L1,5778,hin_Deva,0.995705246925354
News,L5,5778,hin_Deva,0.9997432827949524
News,L20,5778,hin_Deva,0.9997187256813049
News,L1,5791,hin_Deva,0.9993452429771423
News,L5,5791,hin_Deva,0.9978077411651611
News,L20,5791,hin_Deva,0.9985040426254272
News,L1,5808,hin_Deva,0.997843325138092
News,L5,5808,hin_Deva,0.9973970055580139
News,L20,5808,hin_Deva,0.9988859295845032
News,L1,5835,hin_Deva,0.987840473651886
News,L5,5835,hin_Deva,0.9791706204414368
News,L20,5835,hin_Deva,0.9788470268249512
News,L1,5846,hin_Deva,0.6637613773345947
News,L5,5846,hin_Deva,0.9994194507598877
News,L20,5846,hin_Deva,0.9983590841293335
News,L1,5883,hin_Deva,0.9995260238647461
News,L5,5883,hin_Deva,0.9999332427978516
News,L20,5883,hin_Deva,0.9997584223747253
News,L1,5900,hin_Deva,0.9995678067207336
News,L5,5900,hin_Deva,0.9988842606544495
News,L20,5900,hin_Deva,0.998851478099823
News,L1,5954,hin_Deva,0.9851750135421753
News,L5,5954,hin_Deva,0.9983501434326172
News,L20,5954,hin_Deva,0.9975115656852722
News,L1,5956,hin_Deva,0.998473048210144
News,L5,5956,hin_Deva,0.9994972944259644
News,L20,5956,hin_Deva,0.9991900324821472
News,L1,5957,awa_Deva,0.6083804965019226
News,L5,5957,hin_Deva,0.7852416038513184
News,L20,5957,hin_Deva,0.9966205954551697
News,L1,5982,hin_Deva,0.978618323802948
News,L5,5982,hin_Deva,0.9995296001434326
News,L20,5982,hin_Deva,0.9997143149375916
News,L1,5991,hin_Deva,0.9945299029350281
News,L5,5991,hin_Deva,0.9988044500350952
News,L20,5991,hin_Deva,0.998670220375061
News,L1,6002,awa_Deva,0.8533696532249451
News,L5,6002,hin_Deva,0.9885818362236023
News,L20,6002,hin_Deva,0.9870560169219971
News,L1,6003,hin_Deva,0.9998410940170288
News,L5,6003,hin_Deva,0.999575674533844
News,L20,6003,hin_Deva,0.9994598031044006
News,L1,6025,hin_Deva,0.8997232913970947
News,L5,6025,hin_Deva,0.9964521527290344
News,L20,6025,hin_Deva,0.9992188811302185
News,L1,6029,hin_Deva,0.9999710321426392
News,L5,6029,hin_Deva,0.9988231658935547
News,L20,6029,hin_Deva,0.9993202686309814
News,L1,6034,hin_Deva,0.9986393451690674
News,L5,6034,hin_Deva,0.9994367361068726
News,L20,6034,hin_Deva,0.9995947480201721
News,L1,6044,hin_Deva,0.9715462327003479
News,L5,6044,hin_Deva,0.999380886554718
News,L20,6044,hin_Deva,0.9996404647827148
News,L1,6049,hin_Deva,0.9691380858421326
News,L5,6049,hin_Deva,0.9816601872444153
News,L20,6049,hin_Deva,0.9841804504394531
News,L1,6057,hin_Deva,0.9973400831222534
News,L5,6057,hin_Deva,0.9958115220069885
News,L20,6057,hin_Deva,0.9931198358535767
News,L1,6070,hin_Deva,0.9998289942741394
News,L5,6070,hin_Deva,0.9997993111610413
News,L20,6070,hin_Deva,0.9998036026954651
News,L1,6075,hin_Deva,0.9724631309509277
News,L5,6075,hin_Deva,0.9792011380195618
News,L20,6075,hin_Deva,0.9915543794631958
News,L1,6076,hin_Deva,0.6984639763832092
News,L5,6076,hin_Deva,0.9730386137962341
News,L20,6076,hin_Deva,0.9755694270133972
News,L1,6092,hin_Deva,0.9948011636734009
News,L5,6092,hin_Deva,0.9990900754928589
News,L20,6092,hin_Deva,0.9985982775688171
News,L1,6106,hin_Deva,0.9982079863548279
News,L5,6106,hin_Deva,0.9955559968948364
News,L20,6106,hin_Deva,0.9958873987197876
News,L1,6118,hin_Deva,0.999157190322876
News,L5,6118,hin_Deva,0.999972939491272
News,L20,6118,hin_Deva,0.9997851252555847
News,L1,6128,hin_Deva,0.9992972016334534
News,L5,6128,hin_Deva,0.9901692271232605
News,L20,6128,hin_Deva,0.9887729287147522
News,L1,6135,hin_Deva,0.9995218515396118
News,L5,6135,hin_Deva,0.9990212917327881
News,L20,6135,hin_Deva,0.9974793195724487
News,L1,6137,hin_Deva,0.9989908337593079
News,L5,6137,hin_Deva,0.9976406097412109
News,L20,6137,hin_Deva,0.9990597367286682
News,L1,6145,hin_Deva,0.8632135987281799
News,L5,6145,hin_Deva,0.9991220831871033
News,L20,6145,hin_Deva,0.999572217464447
News,L1,6157,hin_Deva,0.9947723746299744
News,L5,6157,hin_Deva,0.9992735981941223
News,L20,6157,hin_Deva,0.9989712238311768
News,L1,6159,hin_Deva,0.6034054756164551
News,L5,6159,hin_Deva,0.9979861378669739
News,L20,6159,hin_Deva,0.9972808957099915
News,L1,6189,hin_Deva,0.9965808391571045
News,L5,6189,hin_Deva,0.9983230829238892
News,L20,6189,hin_Deva,0.9989530444145203
News,L1,6201,hin_Deva,0.9999620914459229
News,L5,6201,hin_Deva,0.9993308782577515
News,L20,6201,hin_Deva,0.9996848106384277
News,L1,6204,hin_Deva,0.9260388612747192
News,L5,6204,hin_Deva,0.9981679320335388
News,L20,6204,hin_Deva,0.999250054359436
News,L1,6207,hin_Deva,0.9774414896965027
News,L5,6207,hin_Deva,0.948900580406189
News,L20,6207,hin_Deva,0.9890193343162537
News,L1,6216,hin_Deva,0.9997312426567078
News,L5,6216,hin_Deva,0.9994538426399231
News,L20,6216,hin_Deva,0.9989849328994751
News,L1,6222,hin_Deva,0.9957687258720398
News,L5,6222,hin_Deva,0.9975214004516602
News,L20,6222,hin_Deva,0.9980189204216003
News,L1,6229,hin_Deva,0.9246053099632263
News,L5,6229,hin_Deva,0.9852336645126343
News,L20,6229,hin_Deva,0.9943564534187317
News,L1,6231,hin_Deva,0.9992985725402832
News,L5,6231,hin_Deva,0.9986406564712524
News,L20,6231,hin_Deva,0.997917890548706
News,L1,6234,hin_Deva,0.9993318319320679
News,L5,6234,hin_Deva,0.9986090064048767
News,L20,6234,hin_Deva,0.9977521896362305
News,L1,6249,hin_Deva,0.9772782921791077
News,L5,6249,hin_Deva,0.9971552491188049
News,L20,6249,hin_Deva,0.9954373836517334
News,L1,6256,hin_Deva,0.999315619468689
News,L5,6256,hin_Deva,0.999756395816803
News,L20,6256,hin_Deva,0.999505877494812
News,L1,6260,hin_Deva,0.9999039173126221
News,L5,6260,hin_Deva,0.9987468123435974
News,L20,6260,hin_Deva,0.9994408488273621
News,L1,6268,hin_Deva,0.9853843450546265
News,L5,6268,hin_Deva,0.9992192387580872
News,L20,6268,hin_Deva,0.9985657334327698
News,L1,6282,hin_Deva,0.998235285282135
News,L5,6282,hin_Deva,0.9992313385009766
News,L20,6282,hin_Deva,0.999646782875061
News,L1,6293,hin_Deva,0.9963310956954956
News,L5,6293,hin_Deva,0.9983382821083069
News,L20,6293,hin_Deva,0.9996596574783325
News,L1,6299,hin_Deva,0.9858677387237549
News,L5,6299,hin_Deva,0.9974393248558044
News,L20,6299,hin_Deva,0.9997012615203857
News,L1,6300,hin_Deva,0.9981578588485718
News,L5,6300,hin_Deva,0.9981418251991272
News,L20,6300,hin_Deva,0.999547004699707
News,L1,6327,hin_Deva,0.9996240735054016
News,L5,6327,hin_Deva,0.9996764659881592
News,L20,6327,hin_Deva,0.9993451237678528
News,L1,6343,hin_Deva,0.9932364821434021
News,L5,6343,hin_Deva,0.9992542266845703
News,L20,6343,hin_Deva,0.9997931122779846
News,L1,6349,hin_Deva,0.889803409576416
News,L5,6349,hin_Deva,0.9911788702011108
News,L20,6349,hin_Deva,0.9755162000656128
News,L1,6354,hin_Deva,0.9909531474113464
News,L5,6354,hin_Deva,0.9948983788490295
News,L20,6354,hin_Deva,0.9960082769393921
News,L1,6364,hin_Deva,0.9997445940971375
News,L5,6364,hin_Deva,0.9998840093612671
News,L20,6364,hin_Deva,0.99952232837677
News,L1,6367,hin_Deva,0.9912400245666504
News,L5,6367,hin_Deva,0.9982852935791016
News,L20,6367,hin_Deva,0.9973041415214539
News,L1,6369,hin_Deva,0.9739671349525452
News,L5,6369,hin_Deva,0.9945470690727234
News,L20,6369,hin_Deva,0.9942002296447754
News,L1,6391,hin_Deva,0.9995885491371155
News,L5,6391,hin_Deva,0.9991637468338013
News,L20,6391,hin_Deva,0.9971293210983276
News,L1,6406,hin_Deva,0.9990550875663757
News,L5,6406,hin_Deva,0.9993330240249634
News,L20,6406,hin_Deva,0.9991880059242249
News,L1,6408,hin_Deva,0.9925830364227295
News,L5,6408,hin_Deva,0.9991049766540527
News,L20,6408,hin_Deva,0.9993102550506592
News,L1,6409,hin_Deva,0.8827562928199768
News,L5,6409,hin_Deva,0.9988948702812195
News,L20,6409,hin_Deva,0.9994140863418579
News,L1,6412,hin_Deva,0.9826976656913757
News,L5,6412,hin_Deva,0.9722220301628113
News,L20,6412,hin_Deva,0.9857298731803894
News,L1,6416,awa_Deva,0.7701390385627747
News,L5,6416,hin_Deva,0.9698606729507446
News,L20,6416,hin_Deva,0.9916543364524841
News,L1,6421,hin_Deva,0.9983412623405457
News,L5,6421,hin_Deva,0.9996910095214844
News,L20,6421,hin_Deva,0.9998500347137451
News,L1,6424,hin_Deva,0.989833652973175
News,L5,6424,hin_Deva,0.9967527985572815
News,L20,6424,hin_Deva,0.9982946515083313
News,L1,6442,hin_Deva,0.9937940835952759
News,L5,6442,hin_Deva,0.9996817111968994
News,L20,6442,hin_Deva,0.9996378421783447
News,L1,6449,hin_Deva,0.9296745657920837
News,L5,6449,hin_Deva,0.9994414448738098
News,L20,6449,hin_Deva,0.9997984766960144
News,L1,6478,hin_Deva,0.9958290457725525
News,L5,6478,hin_Deva,0.9992682337760925
News,L20,6478,hin_Deva,0.9993485808372498
News,L1,6491,hin_Deva,0.9999836683273315
News,L5,6491,hin_Deva,0.9997419714927673
News,L20,6491,hin_Deva,0.9994332790374756
News,L1,6505,hin_Deva,0.9989666938781738
News,L5,6505,hin_Deva,0.9967476725578308
News,L20,6505,hin_Deva,0.9984572529792786
News,L1,6512,hin_Deva,0.9589305520057678
News,L5,6512,hin_Deva,0.9993708729743958
News,L20,6512,hin_Deva,0.9990817308425903
News,L1,6530,hin_Deva,0.9983411431312561
News,L5,6530,hin_Deva,0.9995440244674683
News,L20,6530,hin_Deva,0.9997871518135071
News,L1,6533,hin_Deva,0.9959849715232849
News,L5,6533,hin_Deva,0.9997649788856506
News,L20,6533,hin_Deva,0.9982457160949707
News,L1,6541,hin_Deva,0.9997968077659607
News,L5,6541,hin_Deva,0.9986951947212219
News,L20,6541,hin_Deva,0.9991933703422546
News,L1,6544,hin_Deva,0.9992175698280334
News,L5,6544,hin_Deva,0.9981261491775513
News,L20,6544,hin_Deva,0.9985161423683167
News,L1,6554,hin_Deva,0.9554167985916138
News,L5,6554,hin_Deva,0.9960365295410156
News,L20,6554,hin_Deva,0.9916539788246155
News,L1,6562,hin_Deva,0.9995256662368774
News,L5,6562,hin_Deva,0.9975703954696655
News,L20,6562,hin_Deva,0.998765230178833
News,L1,6565,hin_Deva,0.9989849328994751
News,L5,6565,hin_Deva,0.9964808225631714
News,L20,6565,hin_Deva,0.9984215497970581
News,L1,6576,hin_Deva,0.9983341097831726
News,L5,6576,hin_Deva,0.9997314810752869
News,L20,6576,hin_Deva,0.9998922348022461
News,L1,6577,hin_Deva,0.9122482538223267
News,L5,6577,hin_Deva,0.995437741279602
News,L20,6577,hin_Deva,0.9984674453735352
News,L1,6579,hin_Deva,0.8316202759742737
News,L5,6579,hin_Deva,0.9982795715332031
News,L20,6579,hin_Deva,0.9990779757499695
News,L1,6581,hin_Deva,0.615962028503418
News,L5,6581,hin_Deva,0.9991776943206787
News,L20,6581,hin_Deva,0.9990479946136475
News,L1,6583,hin_Deva,0.9961335062980652
News,L5,6583,hin_Deva,0.9990001320838928
News,L20,6583,hin_Deva,0.9997996687889099
News,L1,6589,hin_Deva,0.9974744319915771
News,L5,6589,hin_Deva,0.9991042613983154
News,L20,6589,hin_Deva,0.9990178942680359
News,L1,6592,hin_Deva,0.993831217288971
News,L5,6592,hin_Deva,0.9995736479759216
News,L20,6592,hin_Deva,0.9992815852165222
News,L1,6593,hin_Deva,0.9993289709091187
News,L5,6593,hin_Deva,0.9996274709701538
News,L20,6593,hin_Deva,0.9995757937431335
News,L1,6595,hin_Deva,0.9984962940216064
News,L5,6595,hin_Deva,0.9965823888778687
News,L20,6595,hin_Deva,0.99603271484375
News,L1,6610,hin_Deva,0.9123720526695251
News,L5,6610,hin_Deva,0.9902034401893616
News,L20,6610,hin_Deva,0.9939963817596436
News,L1,6616,hin_Deva,0.9578062295913696
News,L5,6616,hin_Deva,0.9974974393844604
News,L20,6616,hin_Deva,0.9922698140144348
News,L1,6622,hin_Deva,0.911644697189331
News,L5,6622,hin_Deva,0.9930751323699951
News,L20,6622,hin_Deva,0.9986510872840881
News,L1,6637,hin_Deva,0.9973665475845337
News,L5,6637,hin_Deva,0.9984096884727478
News,L20,6637,hin_Deva,0.995857834815979
News,L1,6643,hin_Deva,0.9985109567642212
News,L5,6643,hin_Deva,0.9986901879310608
News,L20,6643,hin_Deva,0.9990302324295044
News,L1,6645,hin_Deva,0.9257082343101501
News,L5,6645,hin_Deva,0.9668147563934326
News,L20,6645,hin_Deva,0.997257649898529
News,L1,6683,hin_Deva,0.9990861415863037
News,L5,6683,hin_Deva,0.9990597367286682
News,L20,6683,hin_Deva,0.9993746876716614
News,L1,6684,awa_Deva,0.7333733439445496
News,L5,6684,hin_Deva,0.9368027448654175
News,L20,6684,hin_Deva,0.9792925715446472
News,L1,6702,hin_Deva,0.9942530989646912
News,L5,6702,hin_Deva,0.9961540699005127
News,L20,6702,hin_Deva,0.9939128160476685
News,L1,6723,hin_Deva,0.9988475441932678
News,L5,6723,hin_Deva,0.9980373978614807
News,L20,6723,hin_Deva,0.9962977170944214
News,L1,6727,hin_Deva,0.999414324760437
News,L5,6727,hin_Deva,0.9986350536346436
News,L20,6727,hin_Deva,0.9990453720092773
News,L1,6738,hin_Deva,0.9910773634910583
News,L5,6738,hin_Deva,0.9888566136360168
News,L20,6738,hin_Deva,0.9896345734596252
News,L1,6739,hin_Deva,0.9516157507896423
News,L5,6739,hin_Deva,0.9379081726074219
News,L20,6739,hin_Deva,0.9896136522293091
News,L1,6743,hin_Deva,0.9994391798973083
News,L5,6743,hin_Deva,0.9998931884765625
News,L20,6743,hin_Deva,0.999767005443573
News,L1,6763,hin_Deva,0.9980202317237854
News,L5,6763,hin_Deva,0.9998645782470703
News,L20,6763,hin_Deva,0.9998152852058411
News,L1,6768,hin_Deva,0.996939480304718
News,L5,6768,hin_Deva,0.9994773268699646
News,L20,6768,hin_Deva,0.9991933703422546
News,L1,6769,hin_Deva,0.9924355745315552
News,L5,6769,hin_Deva,0.9981533288955688
News,L20,6769,hin_Deva,0.9991289973258972
News,L1,6771,hin_Deva,0.9689908027648926
News,L5,6771,hin_Deva,0.9985533952713013
News,L20,6771,hin_Deva,0.9981456995010376
News,L1,6775,hin_Deva,0.9970303177833557
News,L5,6775,hin_Deva,0.9980424046516418
News,L20,6775,hin_Deva,0.9968719482421875
News,L1,6777,hin_Deva,0.9706419706344604
News,L5,6777,hin_Deva,0.9997281432151794
News,L20,6777,hin_Deva,0.9996023774147034
News,L1,6794,hin_Deva,0.9993141889572144
News,L5,6794,hin_Deva,0.9988079071044922
News,L20,6794,hin_Deva,0.9992019534111023
News,L1,6799,hin_Deva,0.9970731139183044
News,L5,6799,hin_Deva,0.9994052648544312
News,L20,6799,hin_Deva,0.9993452429771423
News,L1,6800,hin_Deva,0.9942538142204285
News,L5,6800,hin_Deva,0.9932911396026611
News,L20,6800,hin_Deva,0.9864426255226135
News,L1,6803,hin_Deva,0.997972846031189
News,L5,6803,hin_Deva,0.9989310503005981
News,L20,6803,hin_Deva,0.9994325637817383
News,L1,6809,hin_Deva,0.9403111338615417
News,L5,6809,hin_Deva,0.9876633286476135
News,L20,6809,hin_Deva,0.9921990633010864
News,L1,6813,hin_Deva,0.9980359077453613
News,L5,6813,hin_Deva,0.9974263906478882
News,L20,6813,hin_Deva,0.9604240655899048
News,L1,6854,hin_Deva,0.9870951771736145
News,L5,6854,hin_Deva,0.9857059121131897
News,L20,6854,hin_Deva,0.9915540218353271
News,L1,6886,hin_Deva,0.9952105283737183
News,L5,6886,hin_Deva,0.9956389665603638
News,L20,6886,hin_Deva,0.999320387840271
News,L1,6887,hin_Deva,0.9996726512908936
News,L5,6887,hin_Deva,0.9939206838607788
News,L20,6887,hin_Deva,0.998478353023529
News,L1,6892,hin_Deva,0.9999520778656006
News,L5,6892,hin_Deva,0.9979545474052429
News,L20,6892,hin_Deva,0.9979299902915955
News,L1,6894,hin_Deva,0.999738872051239
News,L5,6894,hin_Deva,0.9979533553123474
News,L20,6894,hin_Deva,0.9987815022468567
News,L1,6914,hin_Deva,0.9997116923332214
News,L5,6914,hin_Deva,0.9998195767402649
News,L20,6914,hin_Deva,0.9997227787971497
News,L1,6923,hin_Deva,0.9998206496238708
News,L5,6923,hin_Deva,0.9996139407157898
News,L20,6923,hin_Deva,0.999610960483551
News,L1,6932,hin_Deva,0.9997889399528503
News,L5,6932,hin_Deva,0.9984966516494751
News,L20,6932,hin_Deva,0.9993925094604492
News,L1,6947,hin_Deva,0.9985824823379517
News,L5,6947,hin_Deva,0.998979926109314
News,L20,6947,hin_Deva,0.9990705847740173
News,L1,6948,hin_Deva,0.9962447285652161
News,L5,6948,hin_Deva,0.9954836964607239
News,L20,6948,hin_Deva,0.9881089329719543
News,L1,6957,hin_Deva,0.9920085072517395
News,L5,6957,hin_Deva,0.9945309162139893
News,L20,6957,hin_Deva,0.9900962710380554
News,L1,6966,hin_Deva,0.5434268116950989
News,L5,6966,hin_Deva,0.9984002113342285
News,L20,6966,hin_Deva,0.997120201587677
News,L1,6993,hin_Deva,0.999118983745575
News,L5,6993,hin_Deva,0.9987403750419617
News,L20,6993,hin_Deva,0.9986318349838257
News,L1,7010,hin_Deva,0.9880264401435852
News,L5,7010,hin_Deva,0.9928504228591919
News,L20,7010,hin_Deva,0.9993100166320801
News,L1,7014,hin_Deva,0.9988842606544495
News,L5,7014,hin_Deva,0.9998194575309753
News,L20,7014,hin_Deva,0.9999192953109741
News,L1,7017,hin_Deva,0.99994957447052
News,L5,7017,hin_Deva,0.9997020959854126
News,L20,7017,hin_Deva,0.9990125298500061
News,L1,7024,hin_Deva,0.999992847442627
News,L5,7024,hin_Deva,0.99958735704422
News,L20,7024,hin_Deva,0.9970527291297913
News,L1,7025,hin_Deva,0.9987173080444336
News,L5,7025,hin_Deva,0.99875807762146
News,L20,7025,hin_Deva,0.9995673298835754
News,L1,7026,hin_Deva,0.9963784217834473
News,L5,7026,hin_Deva,0.998934805393219
News,L20,7026,hin_Deva,0.9982932806015015
News,L1,7040,hin_Deva,0.9987646341323853
News,L5,7040,hin_Deva,0.9998682737350464
News,L20,7040,hin_Deva,0.9994938373565674
News,L1,7041,hin_Deva,0.9948883056640625
News,L5,7041,hin_Deva,0.9962953329086304
News,L20,7041,hin_Deva,0.9982014298439026
News,L1,7069,hin_Deva,0.9337654709815979
News,L5,7069,hin_Deva,0.999833881855011
News,L20,7069,hin_Deva,0.9994996786117554
News,L1,7080,hin_Deva,0.9880086183547974
News,L5,7080,hin_Deva,0.9994297027587891
News,L20,7080,hin_Deva,0.9983947277069092
News,L1,7087,awa_Deva,0.7666801810264587
News,L5,7087,hin_Deva,0.9800426363945007
News,L20,7087,hin_Deva,0.9947016835212708
News,L1,7111,hin_Deva,0.9991041421890259
News,L5,7111,hin_Deva,0.9987003207206726
News,L20,7111,hin_Deva,0.9995405673980713
News,L1,7123,hin_Deva,0.9911385774612427
News,L5,7123,hin_Deva,0.9995636343955994
News,L20,7123,hin_Deva,0.9997091293334961
News,L1,7133,hin_Deva,0.9965382218360901
News,L5,7133,hin_Deva,0.9996015429496765
News,L20,7133,hin_Deva,0.9985406398773193
News,L1,7145,hin_Deva,0.9450038075447083
News,L5,7145,hin_Deva,0.9991369843482971
News,L20,7145,hin_Deva,0.9985901117324829
News,L1,7155,hin_Deva,0.9902923107147217
News,L5,7155,hin_Deva,0.9976878762245178
News,L20,7155,hin_Deva,0.998604953289032
News,L1,7178,hin_Deva,0.995847225189209
News,L5,7178,hin_Deva,0.9991801977157593
News,L20,7178,hin_Deva,0.9978634715080261
News,L1,7190,hin_Deva,0.9983874559402466
News,L5,7190,hin_Deva,0.9994285106658936
News,L20,7190,hin_Deva,0.9994593262672424
News,L1,7213,hin_Deva,0.9897905588150024
News,L5,7213,hin_Deva,0.9988908171653748
News,L20,7213,hin_Deva,0.9988012909889221
News,L1,7244,hin_Deva,0.9899306297302246
News,L5,7244,hin_Deva,0.9975472688674927
News,L20,7244,hin_Deva,0.9981480836868286
News,L1,7261,hin_Deva,0.993267297744751
News,L5,7261,hin_Deva,0.985223114490509
News,L20,7261,hin_Deva,0.9978231191635132
News,L1,7269,hin_Deva,0.9498250484466553
News,L5,7269,hin_Deva,0.9994115829467773
News,L20,7269,hin_Deva,0.9997239708900452
News,L1,7276,hin_Deva,0.9951158761978149
News,L5,7276,hin_Deva,0.9971631765365601
News,L20,7276,hin_Deva,0.9986804723739624
News,L1,7279,hin_Deva,0.9885287880897522
News,L5,7279,hin_Deva,0.9947451949119568
News,L20,7279,hin_Deva,0.9977639317512512
News,L1,7281,hin_Deva,0.9941734671592712
News,L5,7281,hin_Deva,0.999098539352417
News,L20,7281,hin_Deva,0.9996944665908813
News,L1,7282,hin_Deva,0.9999061822891235
News,L5,7282,hin_Deva,0.9999139308929443
News,L20,7282,hin_Deva,0.9998636245727539
News,L1,7295,hin_Deva,0.9994408488273621
News,L5,7295,hin_Deva,0.9990271329879761
News,L20,7295,hin_Deva,0.9983288049697876
News,L1,7299,hin_Deva,0.9995520114898682
News,L5,7299,hin_Deva,0.9992926716804504
News,L20,7299,hin_Deva,0.9984888434410095
News,L1,7307,hin_Deva,0.9991800785064697
News,L5,7307,hin_Deva,0.9987440705299377
News,L20,7307,hin_Deva,0.9998016953468323
News,L1,7324,hin_Deva,0.9860888123512268
News,L5,7324,hin_Deva,0.9867141246795654
News,L20,7324,hin_Deva,0.9839671850204468
News,L1,7336,hin_Deva,0.9993497729301453
News,L5,7336,hin_Deva,0.9973385334014893
News,L20,7336,hin_Deva,0.9997602105140686
News,L1,7337,hin_Deva,0.9988974928855896
News,L5,7337,hin_Deva,0.9986479878425598
News,L20,7337,hin_Deva,0.9996658563613892
News,L1,7339,hin_Deva,0.9096572995185852
News,L5,7339,hin_Deva,0.9986646175384521
News,L20,7339,hin_Deva,0.9971213340759277
News,L1,7353,hin_Deva,0.9964177012443542
News,L5,7353,hin_Deva,0.9990830421447754
News,L20,7353,hin_Deva,0.9966192245483398
News,L1,7356,hin_Deva,0.999778687953949
News,L5,7356,hin_Deva,0.998071014881134
News,L20,7356,hin_Deva,0.9957430958747864
News,L1,7371,hin_Deva,0.9956395626068115
News,L5,7371,hin_Deva,0.9997038841247559
News,L20,7371,hin_Deva,0.9992832541465759
News,L1,7376,hin_Deva,0.9974013566970825
News,L5,7376,hin_Deva,0.9989892840385437
News,L20,7376,hin_Deva,0.999301552772522
News,L1,7382,hin_Deva,0.999167799949646
News,L5,7382,hin_Deva,0.9960451722145081
News,L20,7382,hin_Deva,0.9836968779563904
News,L1,7383,hin_Deva,0.9960605502128601
News,L5,7383,hin_Deva,0.9999110698699951
News,L20,7383,hin_Deva,0.999148964881897
News,L1,7385,hin_Deva,0.9991047382354736
News,L5,7385,hin_Deva,0.9997909665107727
News,L20,7385,hin_Deva,0.9992424249649048
News,L1,7390,hin_Deva,0.9996999502182007
News,L5,7390,hin_Deva,0.9989539980888367
News,L20,7390,hin_Deva,0.9978042840957642
News,L1,7408,hin_Deva,0.9955665469169617
News,L5,7408,hin_Deva,0.9978956580162048
News,L20,7408,hin_Deva,0.9974917769432068
News,L1,7409,hin_Deva,0.9983076453208923
News,L5,7409,hin_Deva,0.9998570680618286
News,L20,7409,hin_Deva,0.9995985627174377
News,L1,7419,hin_Deva,0.9912356734275818
News,L5,7419,hin_Deva,0.9988484978675842
News,L20,7419,hin_Deva,0.9994337558746338
News,L1,7420,hin_Deva,0.998411238193512
News,L5,7420,hin_Deva,0.9988815188407898
News,L20,7420,hin_Deva,0.9992489814758301
News,L1,7425,hin_Deva,0.996833086013794
News,L5,7425,hin_Deva,0.9980965852737427
News,L20,7425,hin_Deva,0.9989916682243347
News,L1,7432,hin_Deva,0.9998416900634766
News,L5,7432,hin_Deva,0.999685525894165
News,L20,7432,hin_Deva,0.9993412494659424
News,L1,7479,hin_Deva,0.9946006536483765
News,L5,7479,hin_Deva,0.9990236759185791
News,L20,7479,hin_Deva,0.9985133409500122
News,L1,7489,hin_Deva,0.7176852226257324
News,L5,7489,hin_Deva,0.9956580996513367
News,L20,7489,hin_Deva,0.9894589185714722
News,L1,7493,hin_Deva,0.9997337460517883
News,L5,7493,hin_Deva,0.9999455213546753
News,L20,7493,hin_Deva,0.9999579191207886
News,L1,7497,hin_Deva,0.9300476312637329
News,L5,7497,hin_Deva,0.9110337495803833
News,L20,7497,hin_Deva,0.9716913104057312
News,L1,7503,hin_Deva,0.9998749494552612
News,L5,7503,hin_Deva,0.9987696409225464
News,L20,7503,hin_Deva,0.9974526166915894
News,L1,7505,hin_Deva,0.9985033273696899
News,L5,7505,hin_Deva,0.999074399471283
News,L20,7505,hin_Deva,0.9982625842094421
News,L1,7513,awa_Deva,0.7437965273857117
News,L5,7513,hin_Deva,0.9990494847297668
News,L20,7513,hin_Deva,0.9991318583488464
News,L1,7531,hin_Deva,0.9954413175582886
News,L5,7531,hin_Deva,0.9974830746650696
News,L20,7531,hin_Deva,0.999254584312439
News,L1,7548,hin_Deva,0.9859601855278015
News,L5,7548,hin_Deva,0.9972850680351257
News,L20,7548,hin_Deva,0.9965404868125916
News,L1,7568,hin_Deva,0.9989495873451233
News,L5,7568,hin_Deva,0.9993677735328674
News,L20,7568,hin_Deva,0.9982236623764038
News,L1,7577,hin_Deva,0.9993183612823486
News,L5,7577,hin_Deva,0.9995821118354797
News,L20,7577,hin_Deva,0.9990873336791992
News,L1,7593,hin_Deva,0.999495267868042
News,L5,7593,hin_Deva,0.9998689889907837
News,L20,7593,hin_Deva,0.9997060298919678
News,L1,7611,hin_Deva,0.9998525381088257
News,L5,7611,hin_Deva,0.998497486114502
News,L20,7611,hin_Deva,0.999131977558136
News,L1,7613,hin_Deva,0.9997193217277527
News,L5,7613,hin_Deva,0.9984616041183472
News,L20,7613,hin_Deva,0.9994958639144897
News,L1,7649,hin_Deva,0.9432827234268188
News,L5,7649,hin_Deva,0.9946387410163879
News,L20,7649,hin_Deva,0.9962471723556519
News,L1,7655,hin_Deva,0.9833984375
News,L5,7655,hin_Deva,0.9968045353889465
News,L20,7655,hin_Deva,0.9974157214164734
News,L1,7659,hin_Deva,0.9997921586036682
News,L5,7659,hin_Deva,0.9963152408599854
News,L20,7659,hin_Deva,0.9947122931480408
News,L1,7679,hin_Deva,0.9977591633796692
News,L5,7679,hin_Deva,0.9987657070159912
News,L20,7679,hin_Deva,0.999045729637146
News,L1,7702,hin_Deva,0.9983001351356506
News,L5,7702,hin_Deva,0.9990704655647278
News,L20,7702,hin_Deva,0.999244213104248
News,L1,7703,hin_Deva,0.9725372791290283
News,L5,7703,hin_Deva,0.9956250190734863
News,L20,7703,hin_Deva,0.9945796132087708
News,L1,7716,hin_Deva,0.9927129745483398
News,L5,7716,hin_Deva,0.9749980568885803
News,L20,7716,hin_Deva,0.9910321831703186
News,L1,7723,hin_Deva,0.8524869084358215
News,L5,7723,hin_Deva,0.998813271522522
News,L20,7723,hin_Deva,0.9994181394577026
News,L1,7775,hin_Deva,0.9978319406509399
News,L5,7775,hin_Deva,0.9996616840362549
News,L20,7775,hin_Deva,0.9996806383132935
News,L1,7777,hin_Deva,0.9948689937591553
News,L5,7777,hin_Deva,0.9992527961730957
News,L20,7777,hin_Deva,0.9994489550590515
News,L1,7801,hin_Deva,0.9996839761734009
News,L5,7801,hin_Deva,0.9991360306739807
News,L20,7801,hin_Deva,0.9994293451309204
News,L1,7803,hin_Deva,0.9943318367004395
News,L5,7803,hin_Deva,0.9998297095298767
News,L20,7803,hin_Deva,0.9996347427368164
News,L1,7804,hin_Deva,0.9971745610237122
News,L5,7804,hin_Deva,0.9626100659370422
News,L20,7804,hin_Deva,0.995163083076477
News,L1,7822,hin_Deva,0.9998525381088257
News,L5,7822,hin_Deva,0.9996170401573181
News,L20,7822,hin_Deva,0.9986371994018555
News,L1,7832,hin_Deva,0.9243163466453552
News,L5,7832,hin_Deva,0.9996658563613892
News,L20,7832,hin_Deva,0.9993981122970581
News,L1,7837,hin_Deva,0.9995511770248413
News,L5,7837,hin_Deva,0.9992200136184692
News,L20,7837,hin_Deva,0.998782217502594
News,L1,7841,awa_Deva,0.634442925453186
News,L5,7841,hin_Deva,0.9940155744552612
News,L20,7841,hin_Deva,0.9940134882926941
News,L1,7846,hin_Deva,0.9812328219413757
News,L5,7846,hin_Deva,0.9905426502227783
News,L20,7846,hin_Deva,0.994097113609314
News,L1,7848,hin_Deva,0.9977012872695923
News,L5,7848,hin_Deva,0.9983765482902527
News,L20,7848,hin_Deva,0.9956832528114319
News,L1,7853,hin_Deva,0.9696422219276428
News,L5,7853,hin_Deva,0.9954447150230408
News,L20,7853,hin_Deva,0.9967395067214966
News,L1,7864,hin_Deva,0.9826290607452393
News,L5,7864,hin_Deva,0.9796587824821472
News,L20,7864,hin_Deva,0.9707890152931213
News,L1,7868,hin_Deva,0.9940217137336731
News,L5,7868,hin_Deva,0.9995497465133667
News,L20,7868,hin_Deva,0.9972717761993408
News,L1,7873,hin_Deva,0.998688280582428
News,L5,7873,hin_Deva,0.9996815919876099
News,L20,7873,hin_Deva,0.9991497993469238
News,L1,7886,hin_Deva,0.9980051517486572
News,L5,7886,hin_Deva,0.9954977631568909
News,L20,7886,hin_Deva,0.9988572597503662
News,L1,7896,hin_Deva,0.9904619455337524
News,L5,7896,hin_Deva,0.995727002620697
News,L20,7896,hin_Deva,0.9973831176757812
News,L1,7929,hin_Deva,0.9971438646316528
News,L5,7929,hin_Deva,0.9994581341743469
News,L20,7929,hin_Deva,0.9995523691177368
News,L1,7933,hin_Deva,0.9964586496353149
News,L5,7933,hin_Deva,0.9986299276351929
News,L20,7933,hin_Deva,0.9992056488990784
News,L1,7964,hin_Deva,0.9988529682159424
News,L5,7964,hin_Deva,0.9982286095619202
News,L20,7964,hin_Deva,0.9990988969802856
News,L1,7973,hin_Deva,0.6659983992576599
News,L5,7973,hin_Deva,0.9797534942626953
News,L20,7973,hin_Deva,0.9973418712615967
News,L1,7993,hin_Deva,0.9962257742881775
News,L5,7993,hin_Deva,0.9941060543060303
News,L20,7993,hin_Deva,0.9980820417404175
News,L1,7995,hin_Deva,0.9993312358856201
News,L5,7995,hin_Deva,0.9975265264511108
News,L20,7995,hin_Deva,0.999201238155365
News,L1,8015,hin_Deva,0.9729892015457153
News,L5,8015,hin_Deva,0.9971507787704468
News,L20,8015,hin_Deva,0.9979686737060547
News,L1,8041,hin_Deva,0.9901806712150574
News,L5,8041,hin_Deva,0.9996740818023682
News,L20,8041,hin_Deva,0.9995100498199463
News,L1,8044,hin_Deva,0.9991356730461121
News,L5,8044,hin_Deva,0.9974673390388489
News,L20,8044,hin_Deva,0.9991967082023621
News,L1,8090,hin_Deva,0.6926125884056091
News,L5,8090,hin_Deva,0.9931216239929199
News,L20,8090,hin_Deva,0.9963859915733337
News,L1,8099,hin_Deva,0.9996134638786316
News,L5,8099,hin_Deva,0.9998716115951538
News,L20,8099,hin_Deva,0.9995431900024414
News,L1,8117,awa_Deva,0.7287634015083313
News,L5,8117,hin_Deva,0.9894551634788513
News,L20,8117,hin_Deva,0.9911321401596069
News,L1,8129,hin_Deva,0.999993085861206
News,L5,8129,hin_Deva,0.9996683597564697
News,L20,8129,hin_Deva,0.9997320771217346
News,L1,8159,hin_Deva,0.9998781681060791
News,L5,8159,hin_Deva,0.9993681311607361
News,L20,8159,hin_Deva,0.9987425208091736
News,L1,8163,hin_Deva,0.9996304512023926
News,L5,8163,hin_Deva,0.9989626407623291
News,L20,8163,hin_Deva,0.9983804821968079
News,L1,8180,hin_Deva,0.9997562766075134
News,L5,8180,hin_Deva,0.9987603425979614
News,L20,8180,hin_Deva,0.9996644258499146
News,L1,8184,hin_Deva,0.9826077818870544
News,L5,8184,hin_Deva,0.9904211759567261
News,L20,8184,hin_Deva,0.9808996319770813
News,L1,8194,hin_Deva,0.9929747581481934
News,L5,8194,hin_Deva,0.9997057914733887
News,L20,8194,hin_Deva,0.9992876648902893
News,L1,8212,hin_Deva,0.9863401055335999
News,L5,8212,hin_Deva,0.9960500001907349
News,L20,8212,hin_Deva,0.9995149374008179
News,L1,8220,hin_Deva,0.9946367144584656
News,L5,8220,hin_Deva,0.9936288595199585
News,L20,8220,hin_Deva,0.9850977063179016
News,L1,8254,hin_Deva,0.9982813596725464
News,L5,8254,hin_Deva,0.9971452951431274
News,L20,8254,hin_Deva,0.9977285861968994
News,L1,8261,hin_Deva,0.8668748736381531
News,L5,8261,hin_Deva,0.9991379380226135
News,L20,8261,hin_Deva,0.9989069700241089
News,L1,8283,hin_Deva,0.9999536275863647
News,L5,8283,hin_Deva,0.9998648166656494
News,L20,8283,hin_Deva,0.9999101161956787
News,L1,8309,hin_Deva,0.9997548460960388
News,L5,8309,hin_Deva,0.9993515610694885
News,L20,8309,hin_Deva,0.9992029070854187
News,L1,8310,hin_Deva,0.965095043182373
News,L5,8310,hin_Deva,0.9995362758636475
News,L20,8310,hin_Deva,0.9998866319656372
News,L1,8319,hin_Deva,0.9489976167678833
News,L5,8319,hin_Deva,0.9851309061050415
News,L20,8319,hin_Deva,0.9973682761192322
News,L1,8324,hin_Deva,0.9995959401130676
News,L5,8324,hin_Deva,0.9794175624847412
News,L20,8324,hin_Deva,0.9978687167167664
News,L1,8326,hin_Deva,0.9999895095825195
News,L5,8326,hin_Deva,0.9998623132705688
News,L20,8326,hin_Deva,0.9996221661567688
News,L1,8327,hin_Deva,0.9950341582298279
News,L5,8327,hin_Deva,0.9964668154716492
News,L20,8327,hin_Deva,0.9967728853225708
News,L1,8328,hin_Deva,0.9902768731117249
News,L5,8328,hin_Deva,0.9962286353111267
News,L20,8328,hin_Deva,0.9980535507202148
News,L1,8332,hin_Deva,0.9989036917686462
News,L5,8332,hin_Deva,0.9993616938591003
News,L20,8332,hin_Deva,0.9987067580223083
News,L1,8334,hin_Deva,0.9981103539466858
News,L5,8334,hin_Deva,0.9997768998146057
News,L20,8334,hin_Deva,0.9997205138206482
News,L1,8365,hin_Deva,0.9797932505607605
News,L5,8365,hin_Deva,0.9955682754516602
News,L20,8365,hin_Deva,0.9987969994544983
News,L1,8368,hin_Deva,0.9971898794174194
News,L5,8368,hin_Deva,0.9921634793281555
News,L20,8368,hin_Deva,0.9948734641075134
News,L1,8371,hin_Deva,0.9748750329017639
News,L5,8371,hin_Deva,0.9851638078689575
News,L20,8371,hin_Deva,0.992570698261261
News,L1,8372,awa_Deva,0.8514591455459595
News,L5,8372,hin_Deva,0.9733965396881104
News,L20,8372,hin_Deva,0.9872009754180908
News,L1,8381,hin_Deva,0.999897837638855
News,L5,8381,hin_Deva,0.999129593372345
News,L20,8381,hin_Deva,0.9995755553245544
News,L1,8387,hin_Deva,0.9999992847442627
News,L5,8387,hin_Deva,0.999866247177124
News,L20,8387,hin_Deva,0.9993420243263245
News,L1,8402,hin_Deva,0.9982895851135254
News,L5,8402,hin_Deva,0.9993768334388733
News,L20,8402,hin_Deva,0.9987476468086243
News,L1,8405,hin_Deva,0.9663289785385132
News,L5,8405,hin_Deva,0.9996485710144043
News,L20,8405,hin_Deva,0.9995930790901184
News,L1,8410,hin_Deva,0.9906542301177979
News,L5,8410,hin_Deva,0.9993925094604492
News,L20,8410,hin_Deva,0.9997543692588806
News,L1,8420,hin_Deva,0.9966039061546326
News,L5,8420,hin_Deva,0.9997405409812927
News,L20,8420,hin_Deva,0.9995063543319702
News,L1,8429,hin_Deva,0.9991645812988281
News,L5,8429,hin_Deva,0.9997746348381042
News,L20,8429,hin_Deva,0.9994500279426575
News,L1,8435,hin_Deva,0.9462140798568726
News,L5,8435,hin_Deva,0.9902718663215637
News,L20,8435,hin_Deva,0.9950406551361084
News,L1,8441,hin_Deva,0.9976406097412109
News,L5,8441,hin_Deva,0.999629020690918
News,L20,8441,hin_Deva,0.9995803236961365
News,L1,8442,hin_Deva,0.991276204586029
News,L5,8442,hin_Deva,0.9991046190261841
News,L20,8442,hin_Deva,0.9991400837898254
News,L1,8446,hin_Deva,0.9998363852500916
News,L5,8446,hin_Deva,0.99650639295578
News,L20,8446,hin_Deva,0.9968096017837524
News,L1,8455,hin_Deva,0.972071647644043
News,L5,8455,hin_Deva,0.9938459992408752
News,L20,8455,hin_Deva,0.9946215152740479
News,L1,8472,hin_Deva,0.9795576333999634
News,L5,8472,hin_Deva,0.993063747882843
News,L20,8472,hin_Deva,0.9927788972854614
News,L1,8493,hin_Deva,0.9835339188575745
News,L5,8493,hin_Deva,0.9909456372261047
News,L20,8493,hin_Deva,0.9980455040931702
News,L1,8497,hin_Deva,0.9203212857246399
News,L5,8497,hin_Deva,0.9736205339431763
News,L20,8497,hin_Deva,0.987128496170044
News,L1,8503,hin_Deva,0.999164342880249
News,L5,8503,hin_Deva,0.999091625213623
News,L20,8503,hin_Deva,0.9989744424819946
News,L1,8513,hin_Deva,0.9993584752082825
News,L5,8513,hin_Deva,0.9994317293167114
News,L20,8513,hin_Deva,0.9994156360626221
News,L1,8514,hin_Deva,0.9194823503494263
News,L5,8514,hin_Deva,0.9969267845153809
News,L20,8514,hin_Deva,0.9977495670318604
News,L1,8515,mar_Deva,0.8507447838783264
News,L5,8515,hin_Deva,0.9954474568367004
News,L20,8515,hin_Deva,0.9994747042655945
News,L1,8520,hin_Deva,0.9996554851531982
News,L5,8520,hin_Deva,0.9985493421554565
News,L20,8520,hin_Deva,0.9968664646148682
News,L1,8527,hin_Deva,0.9931078553199768
News,L5,8527,hin_Deva,0.9906413555145264
News,L20,8527,hin_Deva,0.9973486065864563
News,L1,8533,hin_Deva,0.9984234571456909
News,L5,8533,hin_Deva,0.9983545541763306
News,L20,8533,hin_Deva,0.9967753887176514
News,L1,8542,hin_Deva,0.9419274926185608
News,L5,8542,hin_Deva,0.9975399374961853
News,L20,8542,hin_Deva,0.9992200136184692
News,L1,8545,hin_Deva,0.910760223865509
News,L5,8545,hin_Deva,0.9986507296562195
News,L20,8545,hin_Deva,0.9989897608757019
News,L1,8557,hin_Deva,0.9986086487770081
News,L5,8557,hin_Deva,0.9994113445281982
News,L20,8557,hin_Deva,0.9994545578956604
News,L1,8558,hin_Deva,0.9972445368766785
News,L5,8558,hin_Deva,0.9994881749153137
News,L20,8558,hin_Deva,0.9988269805908203
News,L1,8570,hin_Deva,0.9266998767852783
News,L5,8570,hin_Deva,0.9631468653678894
News,L20,8570,hin_Deva,0.9895927906036377
News,L1,8577,hin_Deva,0.9989369511604309
News,L5,8577,hin_Deva,0.9995940327644348
News,L20,8577,hin_Deva,0.9998379945755005
News,L1,8578,hin_Deva,0.9969815015792847
News,L5,8578,hin_Deva,0.9973123073577881
News,L20,8578,hin_Deva,0.9965987205505371
News,L1,8579,hin_Deva,0.9972659945487976
News,L5,8579,hin_Deva,0.9912134408950806
News,L20,8579,hin_Deva,0.9964160323143005
News,L1,8585,hin_Deva,0.9977080225944519
News,L5,8585,hin_Deva,0.9967694878578186
News,L20,8585,hin_Deva,0.9893978834152222
News,L1,8588,awa_Deva,0.7632021307945251
News,L5,8588,hin_Deva,0.9948475956916809
News,L20,8588,hin_Deva,0.994238018989563
News,L1,8591,hin_Deva,0.9999643564224243
News,L5,8591,hin_Deva,0.9998464584350586
News,L20,8591,hin_Deva,0.99986732006073
News,L1,8595,hin_Deva,0.9998655319213867
News,L5,8595,hin_Deva,0.999839186668396
News,L20,8595,hin_Deva,0.9996629953384399
News,L1,8598,hin_Deva,0.9971091747283936
News,L5,8598,hin_Deva,0.9984341859817505
News,L20,8598,hin_Deva,0.9997949004173279
News,L1,8610,hin_Deva,0.9950881004333496
News,L5,8610,hin_Deva,0.9992262125015259
News,L20,8610,hin_Deva,0.9994280338287354
News,L1,8611,hin_Deva,0.9859552979469299
News,L5,8611,hin_Deva,0.9988692998886108
News,L20,8611,hin_Deva,0.9990218877792358
News,L1,8617,hin_Deva,0.981732189655304
News,L5,8617,hin_Deva,0.9863949418067932
News,L20,8617,hin_Deva,0.9832491874694824
News,L1,8635,hin_Deva,0.9964911937713623
News,L5,8635,hin_Deva,0.9830575585365295
News,L20,8635,hin_Deva,0.9954162836074829
News,L1,8638,hin_Deva,0.9990956783294678
News,L5,8638,hin_Deva,0.9996269941329956
News,L20,8638,hin_Deva,0.9995304346084595
News,L1,8639,hin_Deva,0.9457744359970093
News,L5,8639,hin_Deva,0.9994227886199951
News,L20,8639,hin_Deva,0.9989256858825684
News,L1,8644,hin_Deva,0.9262552857398987
News,L5,8644,hin_Deva,0.994767963886261
News,L20,8644,hin_Deva,0.9951724410057068
News,L1,8651,hin_Deva,0.7543148398399353
News,L5,8651,hin_Deva,0.993990957736969
News,L20,8651,hin_Deva,0.9966541528701782
News,L1,8666,hin_Deva,0.9988183975219727
News,L5,8666,hin_Deva,0.9993963241577148
News,L20,8666,hin_Deva,0.9996335506439209
News,L1,8675,hin_Deva,0.9825810790061951
News,L5,8675,hin_Deva,0.9928251504898071
News,L20,8675,hin_Deva,0.9991726875305176
News,L1,8676,hin_Deva,0.9981322884559631
News,L5,8676,hin_Deva,0.9957919120788574
News,L20,8676,hin_Deva,0.9990538954734802
News,L1,8686,hin_Deva,0.9734386801719666
News,L5,8686,hin_Deva,0.9977285861968994
News,L20,8686,hin_Deva,0.9910486340522766
News,L1,8687,hin_Deva,0.9964938163757324
News,L5,8687,hin_Deva,0.9992006421089172
News,L20,8687,hin_Deva,0.9992362260818481
News,L1,8690,hin_Deva,0.9999490976333618
News,L5,8690,hin_Deva,0.9985032081604004
News,L20,8690,hin_Deva,0.9992382526397705
News,L1,8692,hin_Deva,0.9998238682746887
News,L5,8692,hin_Deva,0.9974178671836853
News,L20,8692,hin_Deva,0.9991864562034607
News,L1,8693,hne_Deva,0.620159387588501
News,L5,8693,hin_Deva,0.9930489659309387
News,L20,8693,hin_Deva,0.9931952953338623
News,L1,8694,hin_Deva,0.6879329085350037
News,L5,8694,hin_Deva,0.9972538948059082
News,L20,8694,hin_Deva,0.989248514175415
News,L1,8699,hin_Deva,0.9992603659629822
News,L5,8699,hin_Deva,0.9988173246383667
News,L20,8699,hin_Deva,0.9993394613265991
News,L1,8717,hin_Deva,0.9979751110076904
News,L5,8717,hin_Deva,0.999679684638977
News,L20,8717,hin_Deva,0.9992185235023499
News,L1,8731,hin_Deva,0.8702762722969055
News,L5,8731,hin_Deva,0.9853206872940063
News,L20,8731,hin_Deva,0.9959484338760376
News,L1,8733,hin_Deva,0.9839820861816406
News,L5,8733,hin_Deva,0.9868656992912292
News,L20,8733,hin_Deva,0.9973001480102539
News,L1,8754,hin_Deva,0.9971920251846313
News,L5,8754,hin_Deva,0.9991588592529297
News,L20,8754,hin_Deva,0.999599039554596
News,L1,8763,hin_Deva,0.9997459053993225
News,L5,8763,hin_Deva,0.9996551275253296
News,L20,8763,hin_Deva,0.9989616870880127
News,L1,8768,hin_Deva,0.9868384599685669
News,L5,8768,hin_Deva,0.993755578994751
News,L20,8768,hin_Deva,0.9982406497001648
News,L1,8772,hin_Deva,0.998365581035614
News,L5,8772,hin_Deva,0.9945428371429443
News,L20,8772,hin_Deva,0.9981812238693237
News,L1,8775,hin_Deva,0.9993952512741089
News,L5,8775,hin_Deva,0.9986502528190613
News,L20,8775,hin_Deva,0.9994826912879944
News,L1,8778,hin_Deva,0.9996634721755981
News,L5,8778,hin_Deva,0.9996439218521118
News,L20,8778,hin_Deva,0.9995030164718628
News,L1,8782,hin_Deva,0.9979466199874878
News,L5,8782,hin_Deva,0.9998098015785217
News,L20,8782,hin_Deva,0.9993496537208557
News,L1,8805,hin_Deva,0.9998942613601685
News,L5,8805,hin_Deva,0.9973592758178711
News,L20,8805,hin_Deva,0.9879041314125061
News,L1,8816,hin_Deva,0.706964373588562
News,L5,8816,hin_Deva,0.9955121874809265
News,L20,8816,hin_Deva,0.9963462352752686
News,L1,8824,hin_Deva,0.9163458943367004
News,L5,8824,hin_Deva,0.9970113635063171
News,L20,8824,hin_Deva,0.9967069625854492
News,L1,8825,hin_Deva,0.9993935823440552
News,L5,8825,hin_Deva,0.9995368719100952
News,L20,8825,hin_Deva,0.9992716908454895
News,L1,8836,hin_Deva,0.9777722954750061
News,L5,8836,hin_Deva,0.9895803928375244
News,L20,8836,hin_Deva,0.9967086911201477
News,L1,8840,hin_Deva,0.8159207105636597
News,L5,8840,hin_Deva,0.9985337853431702
News,L20,8840,hin_Deva,0.9989277124404907
News,L1,8848,hin_Deva,0.998597264289856
News,L5,8848,hin_Deva,0.998829185962677
News,L20,8848,hin_Deva,0.9991642236709595
News,L1,8859,mar_Deva,0.4134266674518585
News,L5,8859,hin_Deva,0.8537156581878662
News,L20,8859,hin_Deva,0.9116756916046143
News,L1,8882,hin_Deva,0.992802619934082
News,L5,8882,hin_Deva,0.9977381825447083
News,L20,8882,hin_Deva,0.9989349246025085
News,L1,8890,hin_Deva,0.9805864691734314
News,L5,8890,hin_Deva,0.9969420433044434
News,L20,8890,hin_Deva,0.9989701509475708
News,L1,8907,hin_Deva,0.9980393052101135
News,L5,8907,hin_Deva,0.9987779259681702
News,L20,8907,hin_Deva,0.9994803071022034
News,L1,8936,hin_Deva,0.995432436466217
News,L5,8936,hin_Deva,0.9633602499961853
News,L20,8936,hin_Deva,0.9824422597885132
News,L1,8952,hin_Deva,0.9473700523376465
News,L5,8952,hin_Deva,0.9992167353630066
News,L20,8952,hin_Deva,0.9982891082763672
News,L1,8954,hin_Deva,0.9999310970306396
News,L5,8954,hin_Deva,0.9976519346237183
News,L20,8954,hin_Deva,0.9997895359992981
News,L1,8961,hin_Deva,0.9992879033088684
News,L5,8961,hin_Deva,0.997292160987854
News,L20,8961,hin_Deva,0.9981638789176941
News,L1,8962,hin_Deva,0.9840793013572693
News,L5,8962,hin_Deva,0.9988856911659241
News,L20,8962,hin_Deva,0.9991970658302307
News,L1,8969,hin_Deva,0.9997028112411499
News,L5,8969,hin_Deva,0.9991257786750793
News,L20,8969,hin_Deva,0.9991171956062317
News,L1,8982,hin_Deva,0.9883004426956177
News,L5,8982,hin_Deva,0.9991046190261841
News,L20,8982,hin_Deva,0.999029278755188
News,L1,8987,hin_Deva,0.9722867012023926
News,L5,8987,hin_Deva,0.9987152814865112
News,L20,8987,hin_Deva,0.9985201954841614
News,L1,8990,awa_Deva,0.9836545586585999
News,L5,8990,hin_Deva,0.8766367435455322
News,L20,8990,hin_Deva,0.995654821395874
News,L1,9008,hin_Deva,0.9984592199325562
News,L5,9008,hin_Deva,0.9994701743125916
News,L20,9008,hin_Deva,0.9996973276138306
News,L1,9009,hin_Deva,0.9920353889465332
News,L5,9009,hin_Deva,0.9959203004837036
News,L20,9009,hin_Deva,0.998299777507782
News,L1,9022,hin_Deva,0.9937517046928406
News,L5,9022,hin_Deva,0.9996827840805054
News,L20,9022,hin_Deva,0.9992508888244629
News,L1,9040,hin_Deva,0.9907069206237793
News,L5,9040,hin_Deva,0.9986780881881714
News,L20,9040,hin_Deva,0.9980204701423645
News,L1,9049,hin_Deva,0.999036431312561
News,L5,9049,hin_Deva,0.9985518455505371
News,L20,9049,hin_Deva,0.9995662569999695
News,L1,9064,hin_Deva,0.9976305365562439
News,L5,9064,hin_Deva,0.9992067217826843
News,L20,9064,hin_Deva,0.9982563257217407
News,L1,9072,hin_Deva,0.9993630051612854
News,L5,9072,hin_Deva,0.9993711113929749
News,L20,9072,hin_Deva,0.9995724558830261
News,L1,9079,hin_Deva,0.9998049139976501
News,L5,9079,hin_Deva,0.9997190833091736
News,L20,9079,hin_Deva,0.9998120665550232
News,L1,9084,hin_Deva,0.9993682503700256
News,L5,9084,hin_Deva,0.9999793767929077
News,L20,9084,hin_Deva,0.9998214840888977
News,L1,9107,hin_Deva,0.9990047812461853
News,L5,9107,hin_Deva,0.9983867406845093
News,L20,9107,hin_Deva,0.9987310767173767
News,L1,9108,hin_Deva,0.9985135793685913
News,L5,9108,hin_Deva,0.9980452656745911
News,L20,9108,hin_Deva,0.9989670515060425
News,L1,9126,hin_Deva,0.9645146131515503
News,L5,9126,hin_Deva,0.9871327877044678
News,L20,9126,hin_Deva,0.9768288731575012
News,L1,9135,hin_Deva,0.9917823672294617
News,L5,9135,hin_Deva,0.9984275102615356
News,L20,9135,hin_Deva,0.9997406601905823
News,L1,9145,hin_Deva,0.9996497631072998
News,L5,9145,hin_Deva,0.9986796379089355
News,L20,9145,hin_Deva,0.9980891942977905
News,L1,9146,hin_Deva,0.9994982481002808
News,L5,9146,hin_Deva,0.9993420243263245
News,L20,9146,hin_Deva,0.9992076754570007
News,L1,9172,hin_Deva,0.9991590976715088
News,L5,9172,hin_Deva,0.9988401532173157
News,L20,9172,hin_Deva,0.9984698295593262
News,L1,9174,hin_Deva,0.9974631667137146
News,L5,9174,hin_Deva,0.9991223216056824
News,L20,9174,hin_Deva,0.9987155199050903
News,L1,9178,hin_Deva,0.9593197107315063
News,L5,9178,hin_Deva,0.9995831847190857
News,L20,9178,hin_Deva,0.9995982050895691
News,L1,9180,hin_Deva,0.9638746976852417
News,L5,9180,hin_Deva,0.9974371790885925
News,L20,9180,hin_Deva,0.9983698725700378
News,L1,9189,hin_Deva,0.9997628331184387
News,L5,9189,hin_Deva,0.9996275901794434
News,L20,9189,hin_Deva,0.9996531009674072
News,L1,9198,hin_Deva,0.9597585201263428
News,L5,9198,hin_Deva,0.9949173331260681
News,L20,9198,hin_Deva,0.9969341158866882
News,L1,9215,hin_Deva,0.9749969244003296
News,L5,9215,hin_Deva,0.9966714382171631
News,L20,9215,hin_Deva,0.9990105032920837
News,L1,9219,hin_Deva,0.9896093606948853
News,L5,9219,hin_Deva,0.9996974468231201
News,L20,9219,hin_Deva,0.99929279088974
News,L1,9224,hin_Deva,0.9983746409416199
News,L5,9224,hin_Deva,0.999685525894165
News,L20,9224,hin_Deva,0.999167799949646
News,L1,9236,hin_Deva,0.9987521767616272
News,L5,9236,hin_Deva,0.9998084902763367
News,L20,9236,hin_Deva,0.9993001222610474
News,L1,9243,hin_Deva,0.9997480511665344
News,L5,9243,hin_Deva,0.9971330761909485
News,L20,9243,hin_Deva,0.9997755885124207
News,L1,9245,hin_Deva,0.999819815158844
News,L5,9245,hin_Deva,0.984602153301239
News,L20,9245,hin_Deva,0.9965287446975708
News,L1,9259,hin_Deva,0.9657919406890869
News,L5,9259,hin_Deva,0.9984778761863708
News,L20,9259,hin_Deva,0.9987678527832031
News,L1,9271,hin_Deva,0.9937313795089722
News,L5,9271,hin_Deva,0.9956706166267395
News,L20,9271,hin_Deva,0.9991557598114014
News,L1,9276,hin_Deva,0.9964599609375
News,L5,9276,hin_Deva,0.9992443323135376
News,L20,9276,hin_Deva,0.9993929862976074
News,L1,9280,hin_Deva,0.9898037910461426
News,L5,9280,hin_Deva,0.999141275882721
News,L20,9280,hin_Deva,0.9986732006072998
News,L1,9284,hin_Deva,0.9985706210136414
News,L5,9284,hin_Deva,0.9998884201049805
News,L20,9284,hin_Deva,0.99958735704422
News,L1,9298,hin_Deva,0.7652175426483154
News,L5,9298,hin_Deva,0.9946752786636353
News,L20,9298,hin_Deva,0.9974569082260132
News,L1,9299,hin_Deva,0.9983090758323669
News,L5,9299,hin_Deva,0.9983229637145996
News,L20,9299,hin_Deva,0.9989264011383057
News,L1,9302,hin_Deva,0.9701446890830994
News,L5,9302,hin_Deva,0.9983271360397339
News,L20,9302,hin_Deva,0.9939479827880859
News,L1,9303,hin_Deva,0.7210422158241272
News,L5,9303,hin_Deva,0.9668246507644653
News,L20,9303,hin_Deva,0.9896379709243774
News,L1,9319,hin_Deva,0.998984694480896
News,L5,9319,hin_Deva,0.99798983335495
News,L20,9319,hin_Deva,0.9996567964553833
News,L1,9327,hin_Deva,0.98431795835495
News,L5,9327,hin_Deva,0.999354898929596
News,L20,9327,hin_Deva,0.9974329471588135
News,L1,9333,hin_Deva,0.9937899708747864
News,L5,9333,hin_Deva,0.9752094745635986
News,L20,9333,hin_Deva,0.9977815747261047
News,L1,9337,hin_Deva,0.9236065745353699
News,L5,9337,hin_Deva,0.9831483364105225
News,L20,9337,hin_Deva,0.9856967329978943
News,L1,9365,hin_Deva,0.9999511241912842
News,L5,9365,hin_Deva,0.9995880722999573
News,L20,9365,hin_Deva,0.999210774898529
News,L1,9377,hin_Deva,0.9264246821403503
News,L5,9377,hin_Deva,0.9984099268913269
News,L20,9377,hin_Deva,0.9989678859710693
News,L1,9390,hin_Deva,0.9677870273590088
News,L5,9390,hin_Deva,0.9995806813240051
News,L20,9390,hin_Deva,0.9993566870689392
News,L1,9396,hin_Deva,0.996336042881012
News,L5,9396,hin_Deva,0.9985706210136414
News,L20,9396,hin_Deva,0.998840868473053
News,L1,9404,mai_Deva,0.4550679326057434
News,L5,9404,hin_Deva,0.9980649948120117
News,L20,9404,hin_Deva,0.9988158941268921
News,L1,9410,hin_Deva,0.9682679176330566
News,L5,9410,hin_Deva,0.9486549496650696
News,L20,9410,hin_Deva,0.9786410331726074
News,L1,9411,hin_Deva,0.9998001456260681
News,L5,9411,hin_Deva,0.9997482895851135
News,L20,9411,hin_Deva,0.9995071887969971
News,L1,9419,hin_Deva,0.9948244094848633
News,L5,9419,hin_Deva,0.9962770342826843
News,L20,9419,hin_Deva,0.9963687062263489
News,L1,9431,hin_Deva,0.9993884563446045
News,L5,9431,hin_Deva,0.998865008354187
News,L20,9431,hin_Deva,0.9989432692527771
News,L1,9443,hin_Deva,0.9982151985168457
News,L5,9443,hin_Deva,0.9993442893028259
News,L20,9443,hin_Deva,0.9989748001098633
News,L1,9446,hin_Deva,0.9890733361244202
News,L5,9446,hin_Deva,0.9998199343681335
News,L20,9446,hin_Deva,0.999181866645813
News,L1,9447,hin_Deva,0.8451747298240662
News,L5,9447,hin_Deva,0.9970497488975525
News,L20,9447,hin_Deva,0.998195469379425
News,L1,9450,hin_Deva,0.842957079410553
News,L5,9450,hin_Deva,0.9969014525413513
News,L20,9450,hin_Deva,0.9947699904441833
News,L1,9454,hin_Deva,0.997382640838623
News,L5,9454,hin_Deva,0.9984021782875061
News,L20,9454,hin_Deva,0.9995920062065125
News,L1,9462,hin_Deva,0.9974815845489502
News,L5,9462,hin_Deva,0.9987634420394897
News,L20,9462,hin_Deva,0.9994774460792542
News,L1,9470,hin_Deva,0.9846181273460388
News,L5,9470,hin_Deva,0.9974970817565918
News,L20,9470,hin_Deva,0.9961344599723816
News,L1,9475,hin_Deva,0.9996564388275146
News,L5,9475,hin_Deva,0.9997178912162781
News,L20,9475,hin_Deva,0.9997943043708801
News,L1,9477,hin_Deva,0.935662031173706
News,L5,9477,hin_Deva,0.9969040155410767
News,L20,9477,hin_Deva,0.9967806339263916
News,L1,9480,hin_Deva,0.9995591044425964
News,L5,9480,hin_Deva,0.9987109899520874
News,L20,9480,hin_Deva,0.9993112087249756
News,L1,9481,hin_Deva,0.9946673512458801
News,L5,9481,hin_Deva,0.9991211295127869
News,L20,9481,hin_Deva,0.9995273351669312
News,L1,9514,hin_Deva,0.9994683861732483
News,L5,9514,hin_Deva,0.9972800612449646
News,L20,9514,hin_Deva,0.998167097568512
News,L1,9515,hin_Deva,0.9862374663352966
News,L5,9515,hin_Deva,0.9987728595733643
News,L20,9515,hin_Deva,0.9990097880363464
News,L1,9533,hin_Deva,0.9994891285896301
News,L5,9533,hin_Deva,0.9998838901519775
News,L20,9533,hin_Deva,0.9997931122779846
News,L1,9535,hin_Deva,0.9988651275634766
News,L5,9535,hin_Deva,0.9953697323799133
News,L20,9535,hin_Deva,0.9971141219139099
News,L1,9542,hin_Deva,0.9997059106826782
News,L5,9542,hin_Deva,0.9997579455375671
News,L20,9542,hin_Deva,0.99961918592453
News,L1,9561,hin_Deva,0.9789409637451172
News,L5,9561,hin_Deva,0.999114453792572
News,L20,9561,hin_Deva,0.9990247488021851
News,L1,9570,hin_Deva,0.9965493679046631
News,L5,9570,hin_Deva,0.9974631667137146
News,L20,9570,hin_Deva,0.9979091882705688
News,L1,9573,hin_Deva,0.9983125925064087
News,L5,9573,hin_Deva,0.9993065595626831
News,L20,9573,hin_Deva,0.9991500377655029
News,L1,9574,hin_Deva,0.9809749722480774
News,L5,9574,hin_Deva,0.9990880489349365
News,L20,9574,hin_Deva,0.9982385039329529
News,L1,9575,hin_Deva,0.9331664443016052
News,L5,9575,hin_Deva,0.9996164441108704
News,L20,9575,hin_Deva,0.9974023103713989
News,L1,9582,hin_Deva,0.8972053527832031
News,L5,9582,hin_Deva,0.96335768699646
News,L20,9582,hin_Deva,0.973013699054718
News,L1,9585,hin_Deva,0.9888265132904053
News,L5,9585,hin_Deva,0.9973623752593994
News,L20,9585,hin_Deva,0.9974576234817505
News,L1,9596,hin_Deva,0.9989848136901855
News,L5,9596,hin_Deva,0.9993993043899536
News,L20,9596,hin_Deva,0.9992502927780151
News,L1,9599,awa_Deva,0.8436332941055298
News,L5,9599,hin_Deva,0.9996695518493652
News,L20,9599,hin_Deva,0.9996747970581055
News,L1,9607,hin_Deva,0.9938264489173889
News,L5,9607,hin_Deva,0.9970362782478333
News,L20,9607,hin_Deva,0.9932559132575989
News,L1,9610,hin_Deva,0.9841716289520264
News,L5,9610,hin_Deva,0.9201537370681763
News,L20,9610,hin_Deva,0.9659197330474854
News,L1,9627,hin_Deva,0.9838052988052368
News,L5,9627,hin_Deva,0.9989896416664124
News,L20,9627,hin_Deva,0.9985681176185608
News,L1,9631,hin_Deva,0.9795467853546143
News,L5,9631,hin_Deva,0.9927076697349548
News,L20,9631,hin_Deva,0.9549403786659241
News,L1,9635,hin_Deva,0.9899722337722778
News,L5,9635,hin_Deva,0.9989495873451233
News,L20,9635,hin_Deva,0.9993891716003418
News,L1,9658,hin_Deva,0.8383561372756958
News,L5,9658,hin_Deva,0.9711589813232422
News,L20,9658,hin_Deva,0.9989821910858154
News,L1,9662,hin_Deva,0.998691737651825
News,L5,9662,hin_Deva,0.9988653659820557
News,L20,9662,hin_Deva,0.9993605017662048
News,L1,9673,hin_Deva,0.994831919670105
News,L5,9673,hin_Deva,0.9976214170455933
News,L20,9673,hin_Deva,0.9963067173957825
News,L1,9681,hin_Deva,0.9992281198501587
News,L5,9681,hin_Deva,0.9790419340133667
News,L20,9681,hin_Deva,0.9945135116577148
News,L1,9682,hin_Deva,0.9600225687026978
News,L5,9682,hin_Deva,0.9827653765678406
News,L20,9682,hin_Deva,0.9664756655693054
News,L1,9696,hin_Deva,0.9990404844284058
News,L5,9696,hin_Deva,0.9997901320457458
News,L20,9696,hin_Deva,0.9984953999519348
News,L1,9698,hin_Deva,0.9892852902412415
News,L5,9698,hin_Deva,0.9992051720619202
News,L20,9698,hin_Deva,0.9983471632003784
News,L1,9714,hin_Deva,0.9068070650100708
News,L5,9714,hin_Deva,0.9966780543327332
News,L20,9714,hin_Deva,0.9950768947601318
News,L1,9726,hin_Deva,0.996146023273468
News,L5,9726,hin_Deva,0.9965389370918274
News,L20,9726,hin_Deva,0.9999427795410156
News,L1,9732,hin_Deva,0.9858487248420715
News,L5,9732,hin_Deva,0.9992905259132385
News,L20,9732,hin_Deva,0.9992926716804504
News,L1,9734,hin_Deva,0.9769649505615234
News,L5,9734,hin_Deva,0.9976426362991333
News,L20,9734,hin_Deva,0.995572566986084
News,L1,9739,hin_Deva,0.9938270449638367
News,L5,9739,hin_Deva,0.999562680721283
News,L20,9739,hin_Deva,0.9997159838676453
News,L1,9759,hin_Deva,0.9724292755126953
News,L5,9759,hin_Deva,0.995413064956665
News,L20,9759,hin_Deva,0.99489825963974
News,L1,9770,hin_Deva,0.999874472618103
News,L5,9770,hin_Deva,0.999805748462677
News,L20,9770,hin_Deva,0.996881902217865
News,L1,9773,hin_Deva,0.9994781613349915
News,L5,9773,hin_Deva,0.9995810389518738
News,L20,9773,hin_Deva,0.9996309280395508
News,L1,9774,hin_Deva,0.9906705021858215
News,L5,9774,hin_Deva,0.996226966381073
News,L20,9774,hin_Deva,0.9995520114898682
News,L1,9805,hin_Deva,0.9958478212356567
News,L5,9805,hin_Deva,0.9997092485427856
News,L20,9805,hin_Deva,0.9996231198310852
News,L1,9830,hin_Deva,0.9812641143798828
News,L5,9830,hin_Deva,0.9983638525009155
News,L20,9830,hin_Deva,0.9968553185462952
News,L1,9833,hin_Deva,0.9066274166107178
News,L5,9833,hin_Deva,0.9919409155845642
News,L20,9833,hin_Deva,0.9974456429481506
News,L1,9838,hin_Deva,0.9994699358940125
News,L5,9838,hin_Deva,0.9984004497528076
News,L20,9838,hin_Deva,0.9969725012779236
News,L1,9843,hin_Deva,0.9464280009269714
News,L5,9843,hin_Deva,0.9975190162658691
News,L20,9843,hin_Deva,0.9991962313652039
News,L1,9863,hin_Deva,0.9523200988769531
News,L5,9863,hin_Deva,0.9994662404060364
News,L20,9863,hin_Deva,0.9997667670249939
News,L1,9876,hin_Deva,0.9983278512954712
News,L5,9876,hin_Deva,0.9997979998588562
News,L20,9876,hin_Deva,0.9996869564056396
News,L1,9881,hin_Deva,0.9717944264411926
News,L5,9881,hin_Deva,0.9765546321868896
News,L20,9881,hin_Deva,0.9947879314422607
News,L1,9890,hin_Deva,0.9901723861694336
News,L5,9890,hin_Deva,0.9989068508148193
News,L20,9890,hin_Deva,0.9965521693229675
News,L1,9894,hin_Deva,0.9496271014213562
News,L5,9894,hin_Deva,0.9930676221847534
News,L20,9894,hin_Deva,0.9971930980682373
News,L1,9896,hin_Deva,0.9996792078018188
News,L5,9896,hin_Deva,0.9993969202041626
News,L20,9896,hin_Deva,0.9978458285331726
News,L1,9901,hin_Deva,0.9981474876403809
News,L5,9901,hin_Deva,0.9997068643569946
News,L20,9901,hin_Deva,0.9996618032455444
News,L1,9904,hin_Deva,0.9995198249816895
News,L5,9904,hin_Deva,0.9961130619049072
News,L20,9904,hin_Deva,0.9989811182022095
News,L1,9936,hin_Deva,0.9987887740135193
News,L5,9936,hin_Deva,0.9996654987335205
News,L20,9936,hin_Deva,0.9995598196983337
News,L1,9937,hin_Deva,0.9987042546272278
News,L5,9937,hin_Deva,0.999076783657074
News,L20,9937,hin_Deva,0.999210774898529
News,L1,9945,hin_Deva,0.9562472105026245
News,L5,9945,hin_Deva,0.6807047128677368
News,L20,9945,hin_Deva,0.9796311855316162
News,L1,9958,hin_Deva,0.9996127486228943
News,L5,9958,hin_Deva,0.9992387294769287
News,L20,9958,hin_Deva,0.9993090629577637
News,L1,9959,hin_Deva,0.7514061331748962
News,L5,9959,hin_Deva,0.9927792549133301
News,L20,9959,hin_Deva,0.996155858039856
News,L1,9960,hin_Deva,0.9945766925811768
News,L5,9960,hin_Deva,0.9991661310195923
News,L20,9960,hin_Deva,0.9994814991950989
News,L1,9970,hin_Deva,0.9807097315788269
News,L5,9970,hin_Deva,0.9944726824760437
News,L20,9970,hin_Deva,0.9983034729957581
News,L1,9972,hin_Deva,0.9635345935821533
News,L5,9972,hin_Deva,0.9982746243476868
News,L20,9972,hin_Deva,0.9981225728988647
News,L1,9986,hin_Deva,0.9998987913131714
News,L5,9986,hin_Deva,0.9995614886283875
News,L20,9986,hin_Deva,0.9993478655815125
News,L1,10001,hin_Deva,0.9854795932769775
News,L5,10001,hin_Deva,0.9993259906768799
News,L20,10001,hin_Deva,0.9996515512466431
News,L1,10010,hin_Deva,0.984761655330658
News,L5,10010,hin_Deva,0.9962800741195679
News,L20,10010,hin_Deva,0.9946653842926025
News,L1,10022,hin_Deva,0.9998360276222229
News,L5,10022,hin_Deva,0.9995893836021423
News,L20,10022,hin_Deva,0.9998406171798706
News,L1,10023,hin_Deva,0.954748809337616
News,L5,10023,hin_Deva,0.9814780354499817
News,L20,10023,hin_Deva,0.994938850402832
News,L1,10030,hin_Deva,0.9880431890487671
News,L5,10030,hin_Deva,0.9976022243499756
News,L20,10030,hin_Deva,0.9981673359870911
News,L1,10039,hin_Deva,0.9996417760848999
News,L5,10039,hin_Deva,0.9957695603370667
News,L20,10039,hin_Deva,0.9972856640815735
News,L1,10082,mai_Deva,0.5072015523910522
News,L5,10082,hin_Deva,0.9888743162155151
News,L20,10082,hin_Deva,0.9912479519844055
News,L1,10087,hin_Deva,0.978748619556427
News,L5,10087,hin_Deva,0.9994634985923767
News,L20,10087,hin_Deva,0.9975090622901917
News,L1,10104,hin_Deva,0.9059037566184998
News,L5,10104,hin_Deva,0.8947061896324158
News,L20,10104,hin_Deva,0.973950207233429
News,L1,10142,hin_Deva,0.9996179938316345
News,L5,10142,hin_Deva,0.9987973570823669
News,L20,10142,hin_Deva,0.9989250898361206
News,L1,10148,hin_Deva,0.9978386759757996
News,L5,10148,hin_Deva,0.9998027682304382
News,L20,10148,hin_Deva,0.9998180270195007
News,L1,10153,hin_Deva,0.999262273311615
News,L5,10153,hin_Deva,0.9998109936714172
News,L20,10153,hin_Deva,0.9992215633392334
News,L1,10161,hin_Deva,0.9985884428024292
News,L5,10161,hin_Deva,0.9987863898277283
News,L20,10161,hin_Deva,0.9944145679473877
News,L1,10167,hin_Deva,0.9568425416946411
News,L5,10167,hin_Deva,0.9994328022003174
News,L20,10167,hin_Deva,0.9994480013847351
News,L1,10177,hin_Deva,0.9999433755874634
News,L5,10177,hin_Deva,0.9987979531288147
News,L20,10177,hin_Deva,0.9986011385917664
News,L1,10184,hin_Deva,0.9301707148551941
News,L5,10184,hin_Deva,0.9898250102996826
News,L20,10184,hin_Deva,0.9976725578308105
News,L1,10187,hin_Deva,0.9989907145500183
News,L5,10187,hin_Deva,0.999621570110321
News,L20,10187,hin_Deva,0.9997206330299377
News,L1,10210,hin_Deva,0.9975124001502991
News,L5,10210,hin_Deva,0.9994485974311829
News,L20,10210,hin_Deva,0.9996218085289001
News,L1,10230,hin_Deva,0.9222783446311951
News,L5,10230,hin_Deva,0.9849019050598145
News,L20,10230,hin_Deva,0.9956606030464172
News,L1,10233,hin_Deva,0.9984705448150635
News,L5,10233,hin_Deva,0.9938856959342957
News,L20,10233,hin_Deva,0.9943992495536804
News,L1,10236,hin_Deva,0.9993897676467896
News,L5,10236,hin_Deva,0.9993220567703247
News,L20,10236,hin_Deva,0.998766303062439
News,L1,10245,hin_Deva,0.544691264629364
News,L5,10245,hin_Deva,0.994023859500885
News,L20,10245,hin_Deva,0.9969025254249573
News,L1,10253,hin_Deva,0.9777540564537048
News,L5,10253,hin_Deva,0.997591495513916
News,L20,10253,hin_Deva,0.9996017813682556
News,L1,10258,hin_Deva,0.999118983745575
News,L5,10258,hin_Deva,0.9996715784072876
News,L20,10258,hin_Deva,0.9997277855873108
News,L1,10259,hin_Deva,0.9988904595375061
News,L5,10259,hin_Deva,0.9927276372909546
News,L20,10259,hin_Deva,0.9854351878166199
News,L1,10265,hin_Deva,0.9996476173400879
News,L5,10265,hin_Deva,0.9987181425094604
News,L20,10265,hin_Deva,0.9996844530105591
News,L1,10270,hin_Deva,0.9997944235801697
News,L5,10270,hin_Deva,0.9998422861099243
News,L20,10270,hin_Deva,0.9995522499084473
News,L1,10308,hin_Deva,0.9992180466651917
News,L5,10308,hin_Deva,0.999536395072937
News,L20,10308,hin_Deva,0.9984791874885559
News,L1,10311,hin_Deva,0.9281752705574036
News,L5,10311,hin_Deva,0.9966025948524475
News,L20,10311,hin_Deva,0.9989696741104126
News,L1,10317,hin_Deva,0.9953303933143616
News,L5,10317,hin_Deva,0.9996486902236938
News,L20,10317,hin_Deva,0.9993995428085327
News,L1,10327,hin_Deva,0.9990795254707336
News,L5,10327,hin_Deva,0.9993855357170105
News,L20,10327,hin_Deva,0.9990537762641907
News,L1,10345,hin_Deva,0.9785156846046448
News,L5,10345,hin_Deva,0.9993003606796265
News,L20,10345,hin_Deva,0.9984497427940369
News,L1,10353,hin_Deva,0.9951153993606567
News,L5,10353,hin_Deva,0.967014491558075
News,L20,10353,hin_Deva,0.9892776608467102
News,L1,10355,hin_Deva,0.9991016387939453
News,L5,10355,hin_Deva,0.9997803568840027
News,L20,10355,hin_Deva,0.9997060298919678
News,L1,10357,hin_Deva,0.9841004014015198
News,L5,10357,hin_Deva,0.9985647797584534
News,L20,10357,hin_Deva,0.9985861778259277
News,L1,10361,hin_Deva,0.9999034404754639
News,L5,10361,hin_Deva,0.999695897102356
News,L20,10361,hin_Deva,0.9988290667533875
News,L1,10372,hin_Deva,0.9827792048454285
News,L5,10372,hin_Deva,0.99959796667099
News,L20,10372,hin_Deva,0.9994446635246277
News,L1,10395,hin_Deva,1.0000044107437134
News,L5,10395,hin_Deva,0.9989057779312134
News,L20,10395,hin_Deva,0.9991118907928467
News,L1,10396,hin_Deva,0.44755733013153076
News,L5,10396,hin_Deva,0.9928693771362305
News,L20,10396,hin_Deva,0.9993129968643188
News,L1,10403,hin_Deva,0.9489423036575317
News,L5,10403,hin_Deva,0.9982467889785767
News,L20,10403,hin_Deva,0.9963436126708984
News,L1,10415,hin_Deva,0.9688666462898254
News,L5,10415,hin_Deva,0.9624850153923035
News,L20,10415,hin_Deva,0.982146680355072
News,L1,10417,hin_Deva,0.9980611801147461
News,L5,10417,hin_Deva,0.9996602535247803
News,L20,10417,hin_Deva,0.9997237324714661
News,L1,10418,hin_Deva,0.821931004524231
News,L5,10418,hin_Deva,0.9967449307441711
News,L20,10418,hin_Deva,0.9977689981460571
News,L1,10420,hin_Deva,0.9973622560501099
News,L5,10420,hin_Deva,0.9972352981567383
News,L20,10420,hin_Deva,0.9971270561218262
News,L1,10429,hin_Deva,0.9973956942558289
News,L5,10429,hin_Deva,0.9997114539146423
News,L20,10429,hin_Deva,0.9995580315589905
News,L1,10430,hin_Deva,0.9974956512451172
News,L5,10430,hin_Deva,0.9988365769386292
News,L20,10430,hin_Deva,0.9986957907676697
News,L1,10441,hin_Deva,0.9944822192192078
News,L5,10441,hin_Deva,0.9987919926643372
News,L20,10441,hin_Deva,0.999158501625061
News,L1,10460,hin_Deva,0.9838430285453796
News,L5,10460,hin_Deva,0.9991245865821838
News,L20,10460,hin_Deva,0.9987958073616028
News,L1,10461,hin_Deva,0.9998763799667358
News,L5,10461,hin_Deva,0.9999798536300659
News,L20,10461,hin_Deva,0.9998476505279541
News,L1,10466,hin_Deva,0.9944663047790527
News,L5,10466,hin_Deva,0.9956714510917664
News,L20,10466,hin_Deva,0.9971101880073547
News,L1,10468,hin_Deva,0.9991973042488098
News,L5,10468,hin_Deva,0.999174952507019
News,L20,10468,hin_Deva,0.9992089867591858
News,L1,10473,hin_Deva,0.9712661504745483
News,L5,10473,hin_Deva,0.9991515874862671
News,L20,10473,hin_Deva,0.999497652053833
News,L1,10475,hin_Deva,0.9999630451202393
News,L5,10475,hin_Deva,0.9997726082801819
News,L20,10475,hin_Deva,0.9994388222694397
News,L1,10487,hin_Deva,0.9995782971382141
News,L5,10487,hin_Deva,0.9995250701904297
News,L20,10487,hin_Deva,0.9990493655204773
News,L1,10493,hin_Deva,0.694450318813324
News,L5,10493,hin_Deva,0.9922532439231873
News,L20,10493,hin_Deva,0.9986558556556702
News,L1,10497,hin_Deva,0.993539035320282
News,L5,10497,hin_Deva,0.9959880113601685
News,L20,10497,hin_Deva,0.9981676936149597
News,L1,10499,hin_Deva,0.9999728202819824
News,L5,10499,hin_Deva,0.9996436834335327
News,L20,10499,hin_Deva,0.9996520280838013
News,L1,10521,hin_Deva,0.9964574575424194
News,L5,10521,hin_Deva,0.9989548325538635
News,L20,10521,hin_Deva,0.9998312592506409
News,L1,10525,hin_Deva,0.972220778465271
News,L5,10525,hin_Deva,0.9985345005989075
News,L20,10525,hin_Deva,0.9987329840660095
News,L1,10526,hin_Deva,0.9998292326927185
News,L5,10526,hin_Deva,0.999623715877533
News,L20,10526,hin_Deva,0.9997429251670837
News,L1,10529,hin_Deva,0.9986674785614014
News,L5,10529,hin_Deva,0.9994476437568665
News,L20,10529,hin_Deva,0.9997703433036804
News,L1,10531,hin_Deva,0.9899839162826538
News,L5,10531,hin_Deva,0.9965507388114929
News,L20,10531,hin_Deva,0.9986612200737
News,L1,10538,hin_Deva,0.9993041753768921
News,L5,10538,hin_Deva,0.9999229907989502
News,L20,10538,hin_Deva,0.9997285008430481
News,L1,10540,hin_Deva,0.9994102716445923
News,L5,10540,hin_Deva,0.9994324445724487
News,L20,10540,hin_Deva,0.9996618032455444
News,L1,10555,hin_Deva,0.6043962836265564
News,L5,10555,hin_Deva,0.9943920969963074
News,L20,10555,hin_Deva,0.9971877336502075
News,L1,10559,hin_Deva,0.9999047517776489
News,L5,10559,hin_Deva,0.9989599585533142
News,L20,10559,hin_Deva,0.9990959167480469
News,L1,10572,hin_Deva,0.9901295900344849
News,L5,10572,hin_Deva,0.9998916387557983
News,L20,10572,hin_Deva,0.999862551689148
News,L1,10585,hin_Deva,0.9989733695983887
News,L5,10585,hin_Deva,0.9997158646583557
News,L20,10585,hin_Deva,0.9992095828056335
News,L1,10602,hin_Deva,0.9995208978652954
News,L5,10602,hin_Deva,0.9995430707931519
News,L20,10602,hin_Deva,0.999555766582489
News,L1,10608,hin_Deva,0.9899765253067017
News,L5,10608,hin_Deva,0.9989492297172546
News,L20,10608,hin_Deva,0.9981082081794739
News,L1,10615,hin_Deva,0.9973542094230652
News,L5,10615,hin_Deva,0.9993010759353638
News,L20,10615,hin_Deva,0.9999198913574219
News,L1,10621,hin_Deva,0.9982345700263977
News,L5,10621,hin_Deva,0.9990431070327759
News,L20,10621,hin_Deva,0.9996696710586548
News,L1,10625,hin_Deva,0.9970143437385559
News,L5,10625,hin_Deva,0.9988439679145813
News,L20,10625,hin_Deva,0.9992615580558777
News,L1,10630,hin_Deva,0.9985076189041138
News,L5,10630,hin_Deva,0.999441921710968
News,L20,10630,hin_Deva,0.9989586472511292
News,L1,10640,hin_Deva,0.9967578649520874
News,L5,10640,hin_Deva,0.9993083477020264
News,L20,10640,hin_Deva,0.9995050430297852
News,L1,10641,hin_Deva,0.9354363679885864
News,L5,10641,hin_Deva,0.9787224531173706
News,L20,10641,hin_Deva,0.9888317584991455
News,L1,10653,hin_Deva,0.9942852854728699
News,L5,10653,hin_Deva,0.9854755401611328
News,L20,10653,hin_Deva,0.9925694465637207
News,L1,10670,hin_Deva,0.9972468614578247
News,L5,10670,hin_Deva,0.9990617632865906
News,L20,10670,hin_Deva,0.9976031184196472
News,L1,10671,hin_Deva,0.9993637204170227
News,L5,10671,hin_Deva,0.9996024966239929
News,L20,10671,hin_Deva,0.9992781281471252
News,L1,10680,hin_Deva,0.9452053904533386
News,L5,10680,hin_Deva,0.9967638850212097
News,L20,10680,hin_Deva,0.9985083341598511
News,L1,10684,hin_Deva,0.9333903193473816
News,L5,10684,hin_Deva,0.9953505992889404
News,L20,10684,hin_Deva,0.9978107810020447
News,L1,10688,hin_Deva,0.9982375502586365
News,L5,10688,hin_Deva,0.991013765335083
News,L20,10688,hin_Deva,0.9918408989906311
News,L1,10694,hin_Deva,0.99836266040802
News,L5,10694,hin_Deva,0.9992530345916748
News,L20,10694,hin_Deva,0.9992321729660034
News,L1,10700,hin_Deva,0.9822569489479065
News,L5,10700,hin_Deva,0.9991698265075684
News,L20,10700,hin_Deva,0.9988683462142944
News,L1,10707,awa_Deva,0.9854955673217773
News,L5,10707,hin_Deva,0.9567059874534607
News,L20,10707,hin_Deva,0.9722541570663452
News,L1,10709,hin_Deva,0.9856662750244141
News,L5,10709,hin_Deva,0.999406099319458
News,L20,10709,hin_Deva,0.9996240735054016
News,L1,10720,hin_Deva,0.9981852769851685
News,L5,10720,hin_Deva,0.9976509809494019
News,L20,10720,hin_Deva,0.9980446696281433
News,L1,10734,hin_Deva,0.9984477162361145
News,L5,10734,hin_Deva,0.9950476288795471
News,L20,10734,hin_Deva,0.9965591430664062
News,L1,10747,hin_Deva,0.9969453811645508
News,L5,10747,hin_Deva,0.9998094439506531
News,L20,10747,hin_Deva,0.9989676475524902
News,L1,10750,hin_Deva,0.9899609684944153
News,L5,10750,hin_Deva,0.9992848038673401
News,L20,10750,hin_Deva,0.9993762373924255
News,L1,10762,hin_Deva,0.8361252546310425
News,L5,10762,hin_Deva,0.9988192319869995
News,L20,10762,hin_Deva,0.9991442561149597
News,L1,10768,hin_Deva,0.8848873376846313
News,L5,10768,hin_Deva,0.9979968070983887
News,L20,10768,hin_Deva,0.9949847459793091
News,L1,10778,hin_Deva,0.990227222442627
News,L5,10778,hin_Deva,0.9981255531311035
News,L20,10778,hin_Deva,0.9950882196426392
News,L1,10792,hin_Deva,0.9998730421066284
News,L5,10792,hin_Deva,0.9991239905357361
News,L20,10792,hin_Deva,0.9983488321304321
News,L1,10794,hin_Deva,0.9927155375480652
News,L5,10794,hin_Deva,0.9940459728240967
News,L20,10794,hin_Deva,0.9966902732849121
News,L1,10795,hin_Deva,0.9990602135658264
News,L5,10795,hin_Deva,0.9998794794082642
News,L20,10795,hin_Deva,0.9998952150344849
News,L1,10799,hin_Deva,0.993837296962738
News,L5,10799,hin_Deva,0.9993398189544678
News,L20,10799,hin_Deva,0.9989651441574097
News,L1,10802,hin_Deva,0.995456874370575
News,L5,10802,hin_Deva,0.9998210072517395
News,L20,10802,hin_Deva,0.9997357726097107
News,L1,10813,hin_Deva,0.9971577525138855
News,L5,10813,hin_Deva,0.9903151988983154
News,L20,10813,hin_Deva,0.9955594539642334
News,L1,10822,hin_Deva,0.9994412064552307
News,L5,10822,hin_Deva,0.9992300271987915
News,L20,10822,hin_Deva,0.9973833560943604
News,L1,10825,hin_Deva,0.852289080619812
News,L5,10825,hin_Deva,0.9971715211868286
News,L20,10825,hin_Deva,0.9966109991073608
News,L1,10829,hin_Deva,0.9055456519126892
News,L5,10829,hin_Deva,0.9975422620773315
News,L20,10829,hin_Deva,0.9974861741065979
News,L1,10861,hin_Deva,0.9996672868728638
News,L5,10861,hin_Deva,0.9998406171798706
News,L20,10861,hin_Deva,0.9997431635856628
News,L1,10862,hin_Deva,0.926613986492157
News,L5,10862,hin_Deva,0.9990162253379822
News,L20,10862,hin_Deva,0.9976633191108704
News,L1,10873,hin_Deva,0.7978560924530029
News,L5,10873,hin_Deva,0.9993933439254761
News,L20,10873,hin_Deva,0.9998170733451843
News,L1,10893,hin_Deva,0.9990981817245483
News,L5,10893,hin_Deva,0.9982478618621826
News,L20,10893,hin_Deva,0.9992901682853699
News,L1,10904,hin_Deva,0.9660230278968811
News,L5,10904,hin_Deva,0.9987933039665222
News,L20,10904,hin_Deva,0.9991227984428406
News,L1,10918,hin_Deva,0.9917808771133423
News,L5,10918,hin_Deva,0.9966455101966858
News,L20,10918,hin_Deva,0.999494194984436
News,L1,10920,hin_Deva,0.9984158873558044
News,L5,10920,hin_Deva,0.9970343708992004
News,L20,10920,hin_Deva,0.9982885122299194
News,L1,10929,hin_Deva,0.9732704758644104
News,L5,10929,hin_Deva,0.9995526075363159
News,L20,10929,hin_Deva,0.9994173049926758
News,L1,10933,hin_Deva,0.9837101101875305
News,L5,10933,hin_Deva,0.9904780983924866
News,L20,10933,hin_Deva,0.9917523860931396
News,L1,10935,hin_Deva,0.9879534840583801
News,L5,10935,hin_Deva,0.9979293942451477
News,L20,10935,hin_Deva,0.9955647587776184
News,L1,10939,hin_Deva,0.8907657861709595
News,L5,10939,hin_Deva,0.9979705810546875
News,L20,10939,hin_Deva,0.9982156753540039
News,L1,10974,hin_Deva,0.9766948223114014
News,L5,10974,hin_Deva,0.9977946877479553
News,L20,10974,hin_Deva,0.9997380375862122
News,L1,10975,hin_Deva,0.9996408224105835
News,L5,10975,hin_Deva,0.9998363852500916
News,L20,10975,hin_Deva,0.9997429251670837
News,L1,10977,hin_Deva,0.8636549115180969
News,L5,10977,hin_Deva,0.9306824803352356
News,L20,10977,hin_Deva,0.9893101453781128
News,L1,10990,hin_Deva,0.9690145254135132
News,L5,10990,hin_Deva,0.9928363561630249
News,L20,10990,hin_Deva,0.9963297843933105
News,L1,11012,hin_Deva,0.824550986289978
News,L5,11012,hin_Deva,0.9920529723167419
News,L20,11012,hin_Deva,0.9945127964019775
News,L1,11017,hin_Deva,0.9491853713989258
News,L5,11017,hin_Deva,0.9996812343597412
News,L20,11017,hin_Deva,0.9996529817581177
News,L1,11021,hin_Deva,0.9996720552444458
News,L5,11021,hin_Deva,0.999631404876709
News,L20,11021,hin_Deva,0.9969278573989868
News,L1,11022,hin_Deva,0.9745043516159058
News,L5,11022,hin_Deva,0.9911103844642639
News,L20,11022,hin_Deva,0.9974400401115417
News,L1,11026,hin_Deva,0.9973800182342529
News,L5,11026,hin_Deva,0.9981066584587097
News,L20,11026,hin_Deva,0.9994621872901917
News,L1,11027,hin_Deva,0.9945417642593384
News,L5,11027,hin_Deva,0.9990193843841553
News,L20,11027,hin_Deva,0.9986618161201477
News,L1,11037,hin_Deva,0.9999876022338867
News,L5,11037,hin_Deva,0.9998205304145813
News,L20,11037,hin_Deva,0.9991042613983154
News,L1,11041,hin_Deva,0.9996519088745117
News,L5,11041,hin_Deva,0.999631404876709
News,L20,11041,hin_Deva,0.9998599290847778
News,L1,11061,hin_Deva,0.9407818913459778
News,L5,11061,hin_Deva,0.9897844791412354
News,L20,11061,hin_Deva,0.993371844291687
News,L1,11064,hin_Deva,0.9881703853607178
News,L5,11064,hin_Deva,0.9987177848815918
News,L20,11064,hin_Deva,0.9993687272071838
News,L1,11070,hin_Deva,0.9689687490463257
News,L5,11070,hin_Deva,0.9977948069572449
News,L20,11070,hin_Deva,0.9981870651245117
News,L1,11087,hin_Deva,0.9994057416915894
News,L5,11087,hin_Deva,0.9995980858802795
News,L20,11087,hin_Deva,0.9989582896232605
News,L1,11090,hin_Deva,0.9973482489585876
News,L5,11090,hin_Deva,0.997871458530426
News,L20,11090,hin_Deva,0.9995809197425842
News,L1,11106,hin_Deva,0.9778324961662292
News,L5,11106,hin_Deva,0.9987659454345703
News,L20,11106,hin_Deva,0.9985160827636719
News,L1,11118,hin_Deva,0.9999382495880127
News,L5,11118,hin_Deva,0.9998964071273804
News,L20,11118,hin_Deva,0.9985945224761963
News,L1,11134,hin_Deva,0.9868389964103699
News,L5,11134,hin_Deva,0.9969983696937561
News,L20,11134,hin_Deva,0.9988629817962646
News,L1,11135,hin_Deva,0.9303522109985352
News,L5,11135,hin_Deva,0.9898203611373901
News,L20,11135,hin_Deva,0.9946750402450562
News,L1,11179,hin_Deva,0.9971179366111755
News,L5,11179,hin_Deva,0.974830687046051
News,L20,11179,hin_Deva,0.9958469867706299
News,L1,11180,hin_Deva,0.9956740736961365
News,L5,11180,hin_Deva,0.9984056353569031
News,L20,11180,hin_Deva,0.999250054359436
News,L1,11181,hin_Deva,0.9991790056228638
News,L5,11181,hin_Deva,0.9997230172157288
News,L20,11181,hin_Deva,0.9993457198143005
News,L1,11213,hin_Deva,0.997887134552002
News,L5,11213,hin_Deva,0.999261200428009
News,L20,11213,hin_Deva,0.9997531771659851
News,L1,11220,hin_Deva,0.9989793300628662
News,L5,11220,hin_Deva,0.9992543458938599
News,L20,11220,hin_Deva,0.9992141127586365
News,L1,11230,awa_Deva,0.7675364017486572
News,L5,11230,hin_Deva,0.9719030261039734
News,L20,11230,hin_Deva,0.9866083860397339
News,L1,11249,hin_Deva,0.99799644947052
News,L5,11249,hin_Deva,0.9992983937263489
News,L20,11249,hin_Deva,0.9994159936904907
News,L1,11250,hin_Deva,0.9821295738220215
News,L5,11250,hin_Deva,0.9988574981689453
News,L20,11250,hin_Deva,0.9996032118797302
News,L1,11256,hin_Deva,0.986433207988739
News,L5,11256,hin_Deva,0.9873102307319641
News,L20,11256,hin_Deva,0.9990267753601074
News,L1,11257,hin_Deva,0.9991926550865173
News,L5,11257,hin_Deva,0.9997133612632751
News,L20,11257,hin_Deva,0.9997711777687073
News,L1,11264,hin_Deva,0.9914543032646179
News,L5,11264,hin_Deva,0.9993826746940613
News,L20,11264,hin_Deva,0.9993127584457397
News,L1,11265,hin_Deva,0.9515958428382874
News,L5,11265,hin_Deva,0.9856181144714355
News,L20,11265,hin_Deva,0.9944897890090942
News,L1,11266,hin_Deva,0.9940831065177917
News,L5,11266,hin_Deva,0.9961849451065063
News,L20,11266,hin_Deva,0.9926387071609497
News,L1,11268,hin_Deva,0.9998502731323242
News,L5,11268,hin_Deva,0.9994196891784668
News,L20,11268,hin_Deva,0.9971526265144348
News,L1,11272,hin_Deva,0.9993304014205933
News,L5,11272,hin_Deva,0.9995421171188354
News,L20,11272,hin_Deva,0.9990732073783875
News,L1,11283,hin_Deva,0.99141925573349
News,L5,11283,hin_Deva,0.9977311491966248
News,L20,11283,hin_Deva,0.9965748190879822
News,L1,11284,hin_Deva,0.9947676658630371
News,L5,11284,hin_Deva,0.9978932738304138
News,L20,11284,hin_Deva,0.9987595081329346
News,L1,11296,hin_Deva,0.999893069267273
News,L5,11296,hin_Deva,0.9988818764686584
News,L20,11296,hin_Deva,0.9984735250473022
News,L1,11302,hin_Deva,0.988892138004303
News,L5,11302,hin_Deva,0.9990895986557007
News,L20,11302,hin_Deva,0.9987905621528625
News,L1,11303,hin_Deva,0.999347984790802
News,L5,11303,hin_Deva,0.9994268417358398
News,L20,11303,hin_Deva,0.9993788599967957
News,L1,11314,hin_Deva,0.9735575914382935
News,L5,11314,hin_Deva,0.9920886158943176
News,L20,11314,hin_Deva,0.9923579692840576
News,L1,11321,hin_Deva,0.9764898419380188
News,L5,11321,hin_Deva,0.9987377524375916
News,L20,11321,hin_Deva,0.9986191987991333
News,L1,11325,hin_Deva,0.9930615425109863
News,L5,11325,hin_Deva,0.9953588843345642
News,L20,11325,hin_Deva,0.9985100030899048
News,L1,11330,hin_Deva,0.8659631013870239
News,L5,11330,hin_Deva,0.9921489357948303
News,L20,11330,hin_Deva,0.9894205927848816
News,L1,11348,hin_Deva,0.9488471150398254
News,L5,11348,hin_Deva,0.9991387724876404
News,L20,11348,hin_Deva,0.998183012008667
News,L1,11359,hin_Deva,0.8144673705101013
News,L5,11359,hin_Deva,0.9946567416191101
News,L20,11359,hin_Deva,0.9984166026115417
News,L1,11362,hin_Deva,0.9477699398994446
News,L5,11362,hin_Deva,0.9952890872955322
News,L20,11362,hin_Deva,0.9976617693901062
News,L1,11365,hin_Deva,0.9474776983261108
News,L5,11365,hin_Deva,0.9979339838027954
News,L20,11365,hin_Deva,0.9977288246154785
News,L1,11370,hin_Deva,0.9800028204917908
News,L5,11370,hin_Deva,0.9982186555862427
News,L20,11370,hin_Deva,0.9990298748016357
News,L1,11384,hin_Deva,0.988267719745636
News,L5,11384,hin_Deva,0.99859619140625
News,L20,11384,hin_Deva,0.9997522234916687
News,L1,11395,npi_Deva,0.9152518510818481
News,L5,11395,hin_Deva,0.9981657862663269
News,L20,11395,hin_Deva,0.9989844560623169
News,L1,11419,hin_Deva,0.9723265171051025
News,L5,11419,hin_Deva,0.989230215549469
News,L20,11419,hin_Deva,0.9942879676818848
News,L1,11423,hin_Deva,0.9993327856063843
News,L5,11423,hin_Deva,0.9996482133865356
News,L20,11423,hin_Deva,0.999153733253479
News,L1,11440,hin_Deva,0.9859059453010559
News,L5,11440,hin_Deva,0.9962888360023499
News,L20,11440,hin_Deva,0.9977566599845886
News,L1,11457,hin_Deva,0.996429443359375
News,L5,11457,hin_Deva,0.998647153377533
News,L20,11457,hin_Deva,0.9992527961730957
News,L1,11459,hin_Deva,0.9998472929000854
News,L5,11459,hin_Deva,0.9997035264968872
News,L20,11459,hin_Deva,0.999669075012207
News,L1,11467,hin_Deva,0.8137683868408203
News,L5,11467,hin_Deva,0.9988149404525757
News,L20,11467,hin_Deva,0.998465895652771
News,L1,11475,hin_Deva,0.848910391330719
News,L5,11475,hin_Deva,0.9996238350868225
News,L20,11475,hin_Deva,0.998871922492981
News,L1,11480,hin_Deva,0.9818916916847229
News,L5,11480,hin_Deva,0.9980980753898621
News,L20,11480,hin_Deva,0.996790885925293
News,L1,11491,hin_Deva,0.9964249134063721
News,L5,11491,hin_Deva,0.9991108179092407
News,L20,11491,hin_Deva,0.9988827109336853
News,L1,11497,hin_Deva,0.9999113082885742
News,L5,11497,hin_Deva,0.9996674060821533
News,L20,11497,hin_Deva,0.9996531009674072
News,L1,11502,hin_Deva,0.8575360774993896
News,L5,11502,hin_Deva,0.9919531345367432
News,L20,11502,hin_Deva,0.9969279766082764
News,L1,11505,hin_Deva,0.9994009733200073
News,L5,11505,hin_Deva,0.9979983568191528
News,L20,11505,hin_Deva,0.9972643256187439
News,L1,11510,hin_Deva,0.9479926228523254
News,L5,11510,hin_Deva,0.9911498427391052
News,L20,11510,hin_Deva,0.9944413304328918
News,L1,11511,hin_Deva,0.9577950835227966
News,L5,11511,hin_Deva,0.999695897102356
News,L20,11511,hin_Deva,0.9993163347244263
News,L1,11514,hin_Deva,0.997718095779419
News,L5,11514,hin_Deva,0.9991604089736938
News,L20,11514,hin_Deva,0.9991806745529175
News,L1,11521,awa_Deva,0.5645337700843811
News,L5,11521,hin_Deva,0.9892950654029846
News,L20,11521,hin_Deva,0.995598554611206
News,L1,11561,hin_Deva,0.9968785643577576
News,L5,11561,hin_Deva,0.9974009990692139
News,L20,11561,hin_Deva,0.9990620017051697
News,L1,11581,hin_Deva,0.9617761373519897
News,L5,11581,hin_Deva,0.9456444978713989
News,L20,11581,hin_Deva,0.9890900254249573
News,L1,11607,hin_Deva,0.9888612627983093
News,L5,11607,hin_Deva,0.9994277954101562
News,L20,11607,hin_Deva,0.9994368553161621
News,L1,11659,awa_Deva,0.9663389921188354
News,L5,11659,hin_Deva,0.9781924486160278
News,L20,11659,hin_Deva,0.9347100853919983
News,L1,11687,hin_Deva,0.9997639060020447
News,L5,11687,hin_Deva,0.9998340010643005
News,L20,11687,hin_Deva,0.9994680285453796
News,L1,11702,hin_Deva,0.9983353018760681
News,L5,11702,hin_Deva,0.9992119669914246
News,L20,11702,hin_Deva,0.9992957711219788
News,L1,11712,hin_Deva,0.9951784610748291
News,L5,11712,hin_Deva,0.9977650046348572
News,L20,11712,hin_Deva,0.9977704286575317
News,L1,11724,hin_Deva,0.9994285106658936
News,L5,11724,hin_Deva,0.9974430203437805
News,L20,11724,hin_Deva,0.9995618462562561
News,L1,11735,hin_Deva,0.7430804967880249
News,L5,11735,hin_Deva,0.9951490163803101
News,L20,11735,hin_Deva,0.9964587688446045
News,L1,11742,hin_Deva,0.999736487865448
News,L5,11742,hin_Deva,0.9999585151672363
News,L20,11742,hin_Deva,0.9998832941055298
News,L1,11747,hin_Deva,0.9609043002128601
News,L5,11747,hin_Deva,0.9901728630065918
News,L20,11747,hin_Deva,0.9964990615844727
News,L1,11753,hin_Deva,0.997558057308197
News,L5,11753,hin_Deva,0.9992992877960205
News,L20,11753,hin_Deva,0.9997361302375793
News,L1,11764,hin_Deva,0.979749858379364
News,L5,11764,hin_Deva,0.9991116523742676
News,L20,11764,hin_Deva,0.9982292056083679
News,L1,11796,hin_Deva,0.9760669469833374
News,L5,11796,hin_Deva,0.9982381463050842
News,L20,11796,hin_Deva,0.9993318319320679
News,L1,11802,hin_Deva,0.949058473110199
News,L5,11802,hin_Deva,0.9983556270599365
News,L20,11802,hin_Deva,0.9988595247268677
News,L1,11815,hin_Deva,0.9922420978546143
News,L5,11815,hin_Deva,0.9971763491630554
News,L20,11815,hin_Deva,0.9986010193824768
News,L1,11817,hin_Deva,0.9937278032302856
News,L5,11817,hin_Deva,0.9964472055435181
News,L20,11817,hin_Deva,0.9972524642944336
News,L1,11835,hin_Deva,0.9447699189186096
News,L5,11835,hin_Deva,0.9992663264274597
News,L20,11835,hin_Deva,0.9997286200523376
News,L1,11840,hin_Deva,0.9945859909057617
News,L5,11840,hin_Deva,0.9965570569038391
News,L20,11840,hin_Deva,0.9993106126785278
News,L1,11843,hin_Deva,0.9921430945396423
News,L5,11843,hin_Deva,0.9987960457801819
News,L20,11843,hin_Deva,0.9981518983840942
News,L1,11846,hin_Deva,0.9846017956733704
News,L5,11846,hin_Deva,0.9984986782073975
News,L20,11846,hin_Deva,0.9967120289802551
News,L1,11852,hin_Deva,0.9996548891067505
News,L5,11852,hin_Deva,0.9997038841247559
News,L20,11852,hin_Deva,0.999541163444519
News,L1,11864,hin_Deva,0.9998736381530762
News,L5,11864,hin_Deva,0.9995220899581909
News,L20,11864,hin_Deva,0.9997454285621643
News,L1,11872,hin_Deva,0.9959097504615784
News,L5,11872,hin_Deva,0.9976722002029419
News,L20,11872,hin_Deva,0.9988597631454468
News,L1,11877,hin_Deva,0.9996160864830017
News,L5,11877,hin_Deva,0.9995836615562439
News,L20,11877,hin_Deva,0.9997037649154663
News,L1,11918,hin_Deva,0.9909313321113586
News,L5,11918,hin_Deva,0.9973940253257751
News,L20,11918,hin_Deva,0.9973672032356262
News,L1,11919,hin_Deva,0.9642989635467529
News,L5,11919,hin_Deva,0.9628166556358337
News,L20,11919,hin_Deva,0.9861058592796326
News,L1,11923,hin_Deva,0.9947067499160767
News,L5,11923,hin_Deva,0.9939844012260437
News,L20,11923,hin_Deva,0.9967373609542847
News,L1,11925,hin_Deva,0.9997907280921936
News,L5,11925,hin_Deva,0.9988112449645996
News,L20,11925,hin_Deva,0.9990439414978027
News,L1,11933,hin_Deva,0.9987791180610657
News,L5,11933,hin_Deva,0.9998760223388672
News,L20,11933,hin_Deva,0.999612033367157
News,L1,11941,hin_Deva,0.9996159672737122
News,L5,11941,hin_Deva,0.9993788599967957
News,L20,11941,hin_Deva,0.9995057582855225
News,L1,11982,hin_Deva,0.9619511961936951
News,L5,11982,hin_Deva,0.9994822144508362
News,L20,11982,hin_Deva,0.9997009038925171
News,L1,11988,hin_Deva,0.9995730519294739
News,L5,11988,hin_Deva,0.9938623905181885
News,L20,11988,hin_Deva,0.9949327111244202
News,L1,11996,hin_Deva,0.9975054860115051
News,L5,11996,hin_Deva,0.9997798800468445
News,L20,11996,hin_Deva,0.9992506504058838
News,L1,12008,hin_Deva,0.9955081939697266
News,L5,12008,hin_Deva,0.9985121488571167
News,L20,12008,hin_Deva,0.9965075850486755
News,L1,12014,hin_Deva,0.9907379150390625
News,L5,12014,hin_Deva,0.9968669414520264
News,L20,12014,hin_Deva,0.9993382692337036
News,L1,12015,hin_Deva,0.9992226362228394
News,L5,12015,hin_Deva,0.9981313347816467
News,L20,12015,hin_Deva,0.994691789150238
News,L1,12017,hin_Deva,0.6869709491729736
News,L5,12017,hin_Deva,0.9986447691917419
News,L20,12017,hin_Deva,0.9989075660705566
News,L1,12018,hin_Deva,0.9996988773345947
News,L5,12018,hin_Deva,0.9993302822113037
News,L20,12018,hin_Deva,0.995433509349823
News,L1,12031,hin_Deva,0.9944895505905151
News,L5,12031,hin_Deva,0.9954615235328674
News,L20,12031,hin_Deva,0.9959884881973267
News,L1,12062,hin_Deva,0.9999325275421143
News,L5,12062,hin_Deva,0.9983248710632324
News,L20,12062,hin_Deva,0.9979518055915833
News,L1,12076,hin_Deva,0.9971002340316772
News,L5,12076,hin_Deva,0.9714168310165405
News,L20,12076,hin_Deva,0.9881999492645264
News,L1,12083,hin_Deva,0.9874194264411926
News,L5,12083,hin_Deva,0.9989995360374451
News,L20,12083,hin_Deva,0.999840497970581
News,L1,12094,hin_Deva,0.998568594455719
News,L5,12094,hin_Deva,0.9989237785339355
News,L20,12094,hin_Deva,0.9993545413017273
News,L1,12101,hin_Deva,0.9971184134483337
News,L5,12101,hin_Deva,0.9994018077850342
News,L20,12101,hin_Deva,0.9991121292114258
News,L1,12102,hin_Deva,0.9998689889907837
News,L5,12102,hin_Deva,0.999710202217102
News,L20,12102,hin_Deva,0.9991374611854553
News,L1,12106,hin_Deva,0.9981054663658142
News,L5,12106,hin_Deva,0.9986982941627502
News,L20,12106,hin_Deva,0.9977588057518005
News,L1,12121,hin_Deva,0.9997188448905945
News,L5,12121,hin_Deva,0.9992560148239136
News,L20,12121,hin_Deva,0.9989463686943054
News,L1,12125,hin_Deva,0.9911230206489563
News,L5,12125,hin_Deva,0.9976287484169006
News,L20,12125,hin_Deva,0.9975326657295227
News,L1,12133,hin_Deva,0.999854326248169
News,L5,12133,hin_Deva,0.9997813105583191
News,L20,12133,hin_Deva,0.999626636505127
News,L1,12147,hin_Deva,0.9937635064125061
News,L5,12147,hin_Deva,0.9983241558074951
News,L20,12147,hin_Deva,0.9991483688354492
News,L1,12169,hin_Deva,0.9981586933135986
News,L5,12169,hin_Deva,0.994209885597229
News,L20,12169,hin_Deva,0.9956797361373901
News,L1,12176,hin_Deva,0.9998478889465332
News,L5,12176,hin_Deva,0.9988895058631897
News,L20,12176,hin_Deva,0.9986774921417236
News,L1,12194,hin_Deva,0.9991870522499084
News,L5,12194,hin_Deva,0.9998489618301392
News,L20,12194,hin_Deva,0.9993209838867188
News,L1,12199,hin_Deva,0.9994491934776306
News,L5,12199,hin_Deva,0.9995076656341553
News,L20,12199,hin_Deva,0.9988914132118225
News,L1,12204,hin_Deva,0.9997573494911194
News,L5,12204,hin_Deva,0.999554455280304
News,L20,12204,hin_Deva,0.9996975660324097
News,L1,12205,hin_Deva,0.9990843534469604
News,L5,12205,hin_Deva,0.9996888637542725
News,L20,12205,hin_Deva,0.9995980858802795
News,L1,12208,hin_Deva,0.9987750053405762
News,L5,12208,hin_Deva,0.9983921051025391
News,L20,12208,hin_Deva,0.9972391724586487
News,L1,12211,hin_Deva,0.8312509655952454
News,L5,12211,hin_Deva,0.9576988220214844
News,L20,12211,hin_Deva,0.9806536436080933
News,L1,12230,hin_Deva,0.9717996716499329
News,L5,12230,hin_Deva,0.9994179010391235
News,L20,12230,hin_Deva,0.9997934699058533
News,L1,12237,hin_Deva,0.999596893787384
News,L5,12237,hin_Deva,0.9994128942489624
News,L20,12237,hin_Deva,0.9992656111717224
News,L1,12263,hin_Deva,0.9998300671577454
News,L5,12263,hin_Deva,0.9998855590820312
News,L20,12263,hin_Deva,0.999667763710022
News,L1,12265,awa_Deva,0.6440038681030273
News,L5,12265,hin_Deva,0.9997989535331726
News,L20,12265,hin_Deva,0.9997828602790833
News,L1,12275,hin_Deva,0.9993477463722229
News,L5,12275,hin_Deva,0.9994764924049377
News,L20,12275,hin_Deva,0.9993759989738464
News,L1,12281,hin_Deva,0.9980621337890625
News,L5,12281,hin_Deva,0.9988400340080261
News,L20,12281,hin_Deva,0.9994018077850342
News,L1,12285,hin_Deva,0.9996323585510254
News,L5,12285,hin_Deva,0.9996805191040039
News,L20,12285,hin_Deva,0.9996768236160278
News,L1,12292,hin_Deva,0.799902617931366
News,L5,12292,hin_Deva,0.9812980890274048
News,L20,12292,hin_Deva,0.9739623069763184
News,L1,12301,hin_Deva,0.9996885061264038
News,L5,12301,hin_Deva,0.9996771812438965
News,L20,12301,hin_Deva,0.9992623925209045
News,L1,12304,hin_Deva,0.9995137453079224
News,L5,12304,hin_Deva,0.9989492297172546
News,L20,12304,hin_Deva,0.9998725652694702
News,L1,12309,hin_Deva,0.9260390400886536
News,L5,12309,hin_Deva,0.9990703463554382
News,L20,12309,hin_Deva,0.9997366070747375
News,L1,12310,hin_Deva,0.9862396717071533
News,L5,12310,hin_Deva,0.9994487166404724
News,L20,12310,hin_Deva,0.9995145797729492
News,L1,12313,hin_Deva,0.9258392453193665
News,L5,12313,hin_Deva,0.9948722720146179
News,L20,12313,hin_Deva,0.9954363703727722
News,L1,12314,hin_Deva,0.6993650197982788
News,L5,12314,hin_Deva,0.9781222939491272
News,L20,12314,hin_Deva,0.9951663017272949
News,L1,12327,hin_Deva,0.9996923208236694
News,L5,12327,hin_Deva,0.9998123049736023
News,L20,12327,hin_Deva,0.9998093247413635
News,L1,12340,hin_Deva,0.998659074306488
News,L5,12340,hin_Deva,0.9991927742958069
News,L20,12340,hin_Deva,0.9993472695350647
News,L1,12353,hin_Deva,0.9960815906524658
News,L5,12353,hin_Deva,0.994165301322937
News,L20,12353,hin_Deva,0.9979965686798096
News,L1,12357,hin_Deva,0.9998231530189514
News,L5,12357,hin_Deva,0.9957115054130554
News,L20,12357,hin_Deva,0.9991518259048462
News,L1,12360,hin_Deva,0.9999551773071289
News,L5,12360,hin_Deva,0.999872088432312
News,L20,12360,hin_Deva,0.9998461008071899
News,L1,12403,hin_Deva,0.9944978356361389
News,L5,12403,hin_Deva,0.9977717399597168
News,L20,12403,hin_Deva,0.999190628528595
News,L1,12405,hin_Deva,0.9998396635055542
News,L5,12405,hin_Deva,0.9999399185180664
News,L20,12405,hin_Deva,0.999754011631012
News,L1,12421,hin_Deva,1.0000094175338745
News,L5,12421,hin_Deva,0.9997443556785583
News,L20,12421,hin_Deva,0.9990198612213135
News,L1,12450,hin_Deva,0.9985100030899048
News,L5,12450,hin_Deva,0.9949430823326111
News,L20,12450,hin_Deva,0.9989914298057556
News,L1,12463,hin_Deva,0.9970623254776001
News,L5,12463,hin_Deva,0.9969028234481812
News,L20,12463,hin_Deva,0.996592104434967
News,L1,12466,hin_Deva,0.997413694858551
News,L5,12466,hin_Deva,0.9978841543197632
News,L20,12466,hin_Deva,0.994771420955658
News,L1,12467,hin_Deva,0.9945029020309448
News,L5,12467,hin_Deva,0.9996722936630249
News,L20,12467,hin_Deva,0.9995902180671692
News,L1,12468,hin_Deva,0.9980750679969788
News,L5,12468,hin_Deva,0.9349214434623718
News,L20,12468,hin_Deva,0.9971052408218384
News,L1,12476,hin_Deva,0.9923612475395203
News,L5,12476,hin_Deva,0.992011308670044
News,L20,12476,hin_Deva,0.9906127452850342
News,L1,12477,hin_Deva,0.9708607792854309
News,L5,12477,hin_Deva,0.9916139245033264
News,L20,12477,hin_Deva,0.996623694896698
News,L1,12480,hin_Deva,0.9995448589324951
News,L5,12480,hin_Deva,0.9997183680534363
News,L20,12480,hin_Deva,0.9995111227035522
News,L1,12487,hin_Deva,0.9926302433013916
News,L5,12487,hin_Deva,0.9998799562454224
News,L20,12487,hin_Deva,0.9997766613960266
News,L1,12496,hin_Deva,0.9991499185562134
News,L5,12496,hin_Deva,0.9998552799224854
News,L20,12496,hin_Deva,0.9988193511962891
News,L1,12500,hin_Deva,0.9995284080505371
News,L5,12500,hin_Deva,0.9934908151626587
News,L20,12500,hin_Deva,0.9967029094696045
News,L1,12522,hin_Deva,0.8996555209159851
News,L5,12522,hin_Deva,0.9973673224449158
News,L20,12522,hin_Deva,0.9896729588508606
News,L1,12523,hin_Deva,0.9830775856971741
News,L5,12523,hin_Deva,0.9977527856826782
News,L20,12523,hin_Deva,0.9983031153678894
