lang,length,unit_id,pred
nep,L1,40,hi
nep,L1,56,ne
nep,L1,103,ne
nep,L1,165,ne
nep,L1,170,ne
nep,L1,190,ne
nep,L1,222,ne
nep,L1,228,ne
nep,L1,256,ne
nep,L1,270,ne
nep,L1,287,ne
nep,L1,294,ne
nep,L1,394,ne
nep,L1,434,ne
nep,L1,478,ne
nep,L1,487,ne
nep,L1,507,ne
nep,L1,544,ne
nep,L1,604,ne
nep,L1,653,ne
nep,L1,663,ne
nep,L1,670,ne
nep,L1,726,ne
nep,L1,799,ne
nep,L1,866,ne
nep,L1,875,ne
nep,L1,908,ne
nep,L1,1243,ne
nep,L1,1250,ne
nep,L1,1251,ne
nep,L1,1506,ne
nep,L1,1608,ne
nep,L1,1631,ne
nep,L1,1654,ne
nep,L1,1655,ne
nep,L1,1733,ne
nep,L1,1818,ne
nep,L1,1862,ne
nep,L1,1906,ne
nep,L1,1949,ne
nep,L1,1953,ne
nep,L1,1978,ne
nep,L1,2011,ne
nep,L1,2015,ne
nep,L1,2316,ne
nep,L1,2341,ne
nep,L1,2391,ne
nep,L1,2412,ne
nep,L1,2422,ne
nep,L1,2497,ne
nep,L1,2577,ne
nep,L1,2700,ne
nep,L1,2783,ne
nep,L1,2795,ne
nep,L1,2799,ne
nep,L1,2811,ne
nep,L1,2834,ne
nep,L1,2845,ne
nep,L1,2865,ne
nep,L1,2896,ne
nep,L1,2908,ne
nep,L1,2988,ne
nep,L1,2996,ne
nep,L1,2998,ne
nep,L1,3041,ne
nep,L1,3118,ne
nep,L1,3184,ne
nep,L1,3194,ne
nep,L1,3234,ne
nep,L1,3370,ne
nep,L1,3398,ne
nep,L1,3431,ne
nep,L1,3470,ne
nep,L1,3493,ne
nep,L1,3503,ne
nep,L1,3641,ne
nep,L1,3708,ne
nep,L1,3747,ne
nep,L1,3779,ne
nep,L1,3870,ne
nep,L1,3891,ne
nep,L1,3965,ne
nep,L1,3994,ne
nep,L1,4017,ne
nep,L1,4033,ne
nep,L1,4140,ne
nep,L1,4258,ne
nep,L1,4286,ne
nep,L1,4314,ne
nep,L1,4399,ne
nep,L1,4479,ne
nep,L1,4635,ne
nep,L1,4751,ne
nep,L1,4792,ne
nep,L1,4802,ne
nep,L1,4975,ne
nep,L1,4999,ne
nep,L1,5000,ne
nep,L1,5198,ne
nep,L1,5205,ne
nep,L1,5267,ne
nep,L1,5324,ne
nep,L1,5532,ne
nep,L1,5600,ne
nep,L1,5685,ne
nep,L1,5695,ne
nep,L1,5715,ne
nep,L1,5717,ne
nep,L1,5749,ne
nep,L1,5777,ne
nep,L1,5812,ne
nep,L1,5881,ne
nep,L1,5925,ne
nep,L1,5929,ne
nep,L1,6024,ne
nep,L1,6069,ne
nep,L1,6255,ne
nep,L1,6256,ne
nep,L1,6598,ne
nep,L1,6671,ne
nep,L1,6687,ne
nep,L1,6688,ne
nep,L1,6719,ne
nep,L1,6808,ne
nep,L1,6876,ne
nep,L1,6879,ne
nep,L1,6910,ne
nep,L1,6939,ne
nep,L1,6978,ne
nep,L1,7005,ne
nep,L1,7106,ne
nep,L1,7163,ne
nep,L1,7164,ne
nep,L1,7195,ne
nep,L1,7302,ne
nep,L1,7322,ne
nep,L1,7379,ne
nep,L1,7399,ne
nep,L1,7451,ne
nep,L1,7466,ne
nep,L1,7490,ne
nep,L1,7627,ne
nep,L1,7751,ne
nep,L1,7781,ne
nep,L1,7814,ne
nep,L1,7819,ne
nep,L1,7824,ne
nep,L1,7878,ne
nep,L1,7906,ne
nep,L1,7955,ne
nep,L1,7966,ne
nep,L1,7976,ne
nep,L1,7989,ne
nep,L1,8033,ne
nep,L1,8063,ne
nep,L1,8104,ne
nep,L1,8183,ne
nep,L1,8207,ne
nep,L1,8248,ne
nep,L1,8263,ne
nep,L1,8349,ne
nep,L1,8367,ne
nep,L1,8383,ne
nep,L1,8393,ne
nep,L1,8543,ne
nep,L1,8560,ne
nep,L1,8577,ne
nep,L1,8584,ne
nep,L1,8592,ne
nep,L1,8605,ne
nep,L1,8619,ne
nep,L1,8626,ne
nep,L1,8673,ne
nep,L1,8674,ne
nep,L1,8697,ne
nep,L1,8841,ne
nep,L1,8855,ne
nep,L1,8947,ne
nep,L1,9116,sa
nep,L1,9166,ne
nep,L1,9244,ne
nep,L1,9262,ne
nep,L1,9294,ne
nep,L1,9317,ne
nep,L1,9364,ne
nep,L1,9429,ne
nep,L1,9492,ne
nep,L1,9504,sa
nep,L1,9533,ne
nep,L1,9588,ne
nep,L1,9606,ne
nep,L1,9628,ne
nep,L1,9645,ne
nep,L1,9672,ne
nep,L1,9737,ne
nep,L1,9768,ne
nep,L1,9781,ne
nep,L1,9881,ne
nep,L1,9899,ne
nep,L1,9935,ne
nep,L1,10012,ne
nep,L1,10080,ne
nep,L1,10201,ne
nep,L1,10272,ne
nep,L1,10274,ne
nep,L1,10365,ne
nep,L1,10506,ne
nep,L1,10795,ne
nep,L1,10813,ne
nep,L1,10880,ne
nep,L1,10890,ne
nep,L1,10916,ne
nep,L1,10959,ne
nep,L1,10961,ne
nep,L1,10964,ne
nep,L1,11050,ne
nep,L1,11074,ne
nep,L1,11153,ne
nep,L1,11256,ne
nep,L1,11294,ne
nep,L1,11295,ne
nep,L1,11346,ne
nep,L1,11405,ne
nep,L1,11441,ne
nep,L1,11467,ne
nep,L1,11522,ne
nep,L1,11553,ne
nep,L1,11624,ne
nep,L1,11689,ne
nep,L1,11745,ne
nep,L1,11755,ne
nep,L1,11779,ne
nep,L1,11782,ne
nep,L1,11847,ne
nep,L1,11894,ne
nep,L1,11966,ne
nep,L1,12004,ne
nep,L1,12036,ne
nep,L1,12054,ne
nep,L1,12134,ne
nep,L1,12168,ne
nep,L1,12175,ne
nep,L1,12176,ne
nep,L1,12220,ne
nep,L1,12295,ne
nep,L1,12362,ne
nep,L1,12372,ne
nep,L1,12428,ne
nep,L1,12434,ne
nep,L1,12441,ne
nep,L1,12500,ne
nep,L1,12533,ne
nep,L1,12596,ne
nep,L1,12610,ne
nep,L1,12627,ne
nep,L1,12636,ne
nep,L1,12684,ne
nep,L1,12719,ne
nep,L1,12778,ne
nep,L1,12789,ne
nep,L1,12793,ne
nep,L1,12931,ne
nep,L1,13000,ne
nep,L1,13011,ne
nep,L1,13059,ne
nep,L1,13208,ne
nep,L1,13220,ne
nep,L1,13221,ne
nep,L1,13227,ne
nep,L1,13325,ne
nep,L1,13337,ne
nep,L1,13353,ne
nep,L1,13381,ne
nep,L1,13572,ne
nep,L1,13604,ne
nep,L1,13607,ne
nep,L1,13734,ne
nep,L1,13754,ne
nep,L1,13924,ne
nep,L1,13928,ne
nep,L1,13945,ne
nep,L1,14006,ne
nep,L1,14023,ne
nep,L1,14053,ne
nep,L1,14197,ne
nep,L1,14219,ne
nep,L1,14233,ne
nep,L1,14364,ne
nep,L1,14383,ne
nep,L1,14400,ne
nep,L1,14402,ne
nep,L1,14408,ne
nep,L1,14480,ne
nep,L1,14515,ne
nep,L1,14633,ne
nep,L1,14645,ne
nep,L1,14652,ne
nep,L1,14668,ne
nep,L1,14746,ne
nep,L1,14876,ne
nep,L1,14994,ne
nep,L1,15014,ne
nep,L1,15046,ne
nep,L1,15052,ne
nep,L1,15175,ne
nep,L1,15211,ne
nep,L1,15254,ne
nep,L1,15294,ne
nep,L1,15309,ne
nep,L1,15385,ne
nep,L1,15403,ne
nep,L1,15405,ne
nep,L1,15489,ne
nep,L1,15535,ne
nep,L1,15636,ne
nep,L1,15732,ne
nep,L1,15760,ne
nep,L1,15838,ne
nep,L1,15840,ne
nep,L1,15846,ne
nep,L1,15918,ne
nep,L1,15949,ne
nep,L1,16060,ne
nep,L1,16153,ne
nep,L1,16163,ne
nep,L1,16224,ne
nep,L1,16308,ne
nep,L1,16331,ne
nep,L1,16343,ne
nep,L1,16383,ne
nep,L1,16473,ne
nep,L1,16506,ne
nep,L1,16518,ne
nep,L1,16521,ne
nep,L1,16524,ne
nep,L1,16525,ne
nep,L1,16625,ne
nep,L1,16681,ne
nep,L1,16772,ne
nep,L1,16784,ne
nep,L1,16826,ne
nep,L1,16856,ne
nep,L1,16893,ne
nep,L1,16900,ne
nep,L1,16917,ne
nep,L1,17196,ne
nep,L1,17261,ne
nep,L1,17295,ne
nep,L1,17299,ne
nep,L1,17311,ne
nep,L1,17353,ne
nep,L1,17379,ne
nep,L1,17404,ne
nep,L1,17431,ne
nep,L1,17502,ne
nep,L1,17599,ne
nep,L1,17640,ne
nep,L1,17641,ne
nep,L1,17665,hi
nep,L1,17667,ne
nep,L1,17741,ne
nep,L1,17786,ne
nep,L1,17817,ne
nep,L1,17858,ne
nep,L1,17931,ne
nep,L1,17975,ne
nep,L1,18046,ne
nep,L1,18048,ne
nep,L1,18090,ne
nep,L1,18127,ne
nep,L1,18183,ne
nep,L1,18207,ne
nep,L1,18365,ne
nep,L1,18385,ne
nep,L1,18402,ne
nep,L1,18553,ne
nep,L1,18560,ne
nep,L1,18586,ne
nep,L1,18641,ne
nep,L1,18658,ne
nep,L1,18727,ne
nep,L1,18765,ne
nep,L1,18958,ne
nep,L1,18971,ne
nep,L1,18988,ne
nep,L1,19033,ne
nep,L1,19047,ne
nep,L1,19055,ne
nep,L1,19059,ne
nep,L1,19100,ne
nep,L1,19133,ne
nep,L1,19175,ne
nep,L1,19210,ne
nep,L1,19357,hi
nep,L1,19498,ne
nep,L1,19624,ne
nep,L1,19676,ne
nep,L1,19685,ne
nep,L1,19706,ne
nep,L1,19753,ne
nep,L1,19757,ne
nep,L1,19807,ne
nep,L1,19863,ne
nep,L1,19958,ne
nep,L1,19973,ne
nep,L1,19985,ne
nep,L1,20006,ne
nep,L1,20023,hi
nep,L1,20032,ne
nep,L1,20119,ne
nep,L1,20227,ne
nep,L1,20235,ne
nep,L1,20277,ne
nep,L1,20297,ne
nep,L1,20300,ne
nep,L1,20307,ne
nep,L1,20383,ne
nep,L1,20397,ne
nep,L1,20413,ne
nep,L1,20419,ne
nep,L1,20461,ne
nep,L1,20611,ne
nep,L1,20637,ne
nep,L1,20700,ne
nep,L1,20718,ne
nep,L1,20805,ne
nep,L1,20809,ne
nep,L1,20814,ne
nep,L1,20882,ne
nep,L1,20890,ne
nep,L1,20896,ne
nep,L1,20919,ne
nep,L1,21044,ne
nep,L1,21068,ne
nep,L1,21085,ne
nep,L1,21186,ne
nep,L1,21187,ne
nep,L1,21220,ne
nep,L1,21230,ne
nep,L1,21333,ne
nep,L1,21353,ne
nep,L1,21378,ne
nep,L1,21426,ne
nep,L1,21452,ne
nep,L1,21462,ne
nep,L1,21491,ne
nep,L1,21501,ne
nep,L1,21539,ne
nep,L1,21548,ne
nep,L1,21638,ne
nep,L1,21828,ne
nep,L1,21847,ne
nep,L1,21860,ne
nep,L1,21861,ne
nep,L1,21894,ne
nep,L1,21941,ne
nep,L1,21994,ne
nep,L1,22035,ne
nep,L1,22090,ne
nep,L1,22105,ne
nep,L1,22157,ne
nep,L1,22167,ne
nep,L1,22185,ne
nep,L1,22243,ne
nep,L1,22281,ne
nep,L1,22297,ne
nep,L1,22398,ne
nep,L1,22456,ne
nep,L1,22488,ne
nep,L1,22512,ne
nep,L1,22657,ne
nep,L1,22661,ne
nep,L1,22670,ne
nep,L1,22671,ne
nep,L1,22682,ne
nep,L1,22720,ne
nep,L1,22746,ne
nep,L1,22851,ne
nep,L1,22852,ne
nep,L1,22972,ne
nep,L1,23003,hi
nep,L1,23070,ne
nep,L1,23083,ne
nep,L1,23086,ne
nep,L1,23237,ne
nep,L1,23257,ne
nep,L1,23301,ne
nep,L1,23327,ne
nep,L1,23430,ne
nep,L1,23438,ne
nep,L1,23480,ne
nep,L1,23486,ne
nep,L1,23524,ne
nep,L1,23581,ne
nep,L1,23792,ne
nep,L1,23809,ne
nep,L1,23856,ne
nep,L1,23937,ne
nep,L1,23944,ne
nep,L1,24004,ne
nep,L1,24014,ne
nep,L1,24046,ne
nep,L1,24071,ne
nep,L1,24074,ne
nep,L1,24080,ne
nep,L1,24095,ne
nep,L1,24125,ne
nep,L1,24129,dty
nep,L1,24238,ne
nep,L1,24291,ne
nep,L1,24343,ne
nep,L1,24389,hi
nep,L1,24410,ne
nep,L1,24455,ne
nep,L1,24527,ne
nep,L1,24554,ne
nep,L1,24575,ne
nep,L1,24596,ne
nep,L1,24600,ne
nep,L1,24604,ne
nep,L1,24633,ne
nep,L1,24647,ne
nep,L1,24677,ne
nep,L1,24687,ne
nep,L1,24709,ne
nep,L1,24713,ne
nep,L1,24780,ne
nep,L1,24781,ne
nep,L1,24830,ne
nep,L1,24845,ne
nep,L1,24853,ne
nep,L1,24858,ne
nep,L1,24897,ne
nep,L1,24932,ne
nep,L1,24992,ne
nep,L1,25038,ne
nep,L1,25126,ne
nep,L1,25139,ne
nep,L1,25168,ne
nep,L1,25183,ne
nep,L1,25429,ne
nep,L1,25537,ne
nep,L1,25635,sa
nep,L1,25668,ne
nep,L1,25710,ne
nep,L1,25726,ne
nep,L1,25857,ne
nep,L1,25992,ne
nep,L1,26147,ne
nep,L1,26229,ne
nep,L1,26305,ne
nep,L1,26417,ne
nep,L1,26421,ne
nep,L1,26493,ne
nep,L1,26551,ne
nep,L1,26554,ne
nep,L1,26555,ne
nep,L1,26603,ne
nep,L1,26629,ne
nep,L1,26646,ne
nep,L1,26684,ne
nep,L1,26896,ne
nep,L1,27174,ne
nep,L1,27182,ne
nep,L1,27210,ne
nep,L1,27217,ne
nep,L1,27251,ne
nep,L1,27455,ne
nep,L1,27626,ne
nep,L1,27641,ne
nep,L1,27666,ne
nep,L1,27700,ne
nep,L1,27701,ne
nep,L1,27775,ne
nep,L1,27806,ne
nep,L1,27840,ne
nep,L1,27893,ne
nep,L1,27895,ne
nep,L1,27897,ne
nep,L1,27901,ne
nep,L1,27943,ne
nep,L1,27956,ne
nep,L1,28059,ne
nep,L1,28133,ne
nep,L1,28183,ne
nep,L1,28319,ne
nep,L1,28361,ne
nep,L1,28372,ne
nep,L1,28380,ne
nep,L1,28501,ne
nep,L1,28608,ne
nep,L1,28764,ne
nep,L1,28773,ne
nep,L1,28828,ne
nep,L1,28872,ne
nep,L1,28901,ne
nep,L1,28935,ne
nep,L1,28963,ne
nep,L1,29038,ne
nep,L1,29116,ne
nep,L1,29146,ne
nep,L1,29280,ne
nep,L1,29357,ne
nep,L1,29360,ne
nep,L1,29386,ne
nep,L1,29423,ne
nep,L1,29615,ne
nep,L1,29644,ne
nep,L1,29684,ne
nep,L1,29729,ne
nep,L1,29737,ne
nep,L1,29767,ne
nep,L1,29796,ne
nep,L1,29816,ne
nep,L1,29821,ne
nep,L1,29837,ne
nep,L1,29987,ne
nep,L1,29999,ne
nep,L1,30055,ne
nep,L1,30059,ne
nep,L1,30086,ne
nep,L1,30260,ne
nep,L1,30358,ne
nep,L1,30364,ne
nep,L1,30495,ne
nep,L1,30501,ne
nep,L1,30620,ne
nep,L1,30638,ne
nep,L1,30686,ne
nep,L1,30701,ne
nep,L1,30733,ne
nep,L1,30755,ne
nep,L1,30777,ne
nep,L1,30794,ne
nep,L1,30806,ne
nep,L1,30902,ne
nep,L1,30962,ne
nep,L1,30983,ne
nep,L1,30987,ne
nep,L1,31102,ne
nep,L1,31155,ne
nep,L1,31156,ne
nep,L1,31183,ne
nep,L1,31197,ne
nep,L1,31216,ne
nep,L1,31231,ne
nep,L1,31249,ne
nep,L1,31257,ne
nep,L1,31289,ne
nep,L1,31294,ne
nep,L1,31428,ne
nep,L1,31478,ne
nep,L1,31529,ne
nep,L1,31596,ne
nep,L1,31698,ne
nep,L1,31782,ne
nep,L1,31821,ne
nep,L1,31825,ne
nep,L1,31860,ne
nep,L1,31959,ne
nep,L1,32067,ne
nep,L1,32136,ne
nep,L1,32354,ne
nep,L1,32360,ne
nep,L1,32390,ne
nep,L1,32463,ne
nep,L1,32478,ne
nep,L1,32534,ne
nep,L1,32556,ne
nep,L1,32602,ne
nep,L1,32623,ne
nep,L1,32641,ne
nep,L1,32758,ne
nep,L1,32824,ne
nep,L1,32879,ne
nep,L1,32904,ne
nep,L1,32967,ne
nep,L1,33051,ne
nep,L1,33093,ne
nep,L1,33101,ne
nep,L1,33157,ne
nep,L1,33212,ne
nep,L1,33258,ne
nep,L1,33304,ne
nep,L1,33318,ne
nep,L1,33349,ne
nep,L1,33359,ne
nep,L1,33517,ne
nep,L1,33554,ne
nep,L1,33599,ne
nep,L1,33644,ne
nep,L1,33665,ne
nep,L1,34029,ne
nep,L1,34048,ne
nep,L1,34053,ne
nep,L1,34113,ne
nep,L1,34282,ne
nep,L1,34401,ne
nep,L1,34450,ne
nep,L1,34456,ne
nep,L1,34509,ne
nep,L1,34556,ne
nep,L1,34558,ne
nep,L1,34654,ne
nep,L1,34814,ne
nep,L1,34831,ne
nep,L1,34832,ne
nep,L1,34929,ne
nep,L1,34995,ne
nep,L1,35065,ne
nep,L1,35081,ne
nep,L1,35162,ne
nep,L1,35172,ne
nep,L1,35199,ne
nep,L1,35234,ne
nep,L1,35422,hi
nep,L1,35434,ne
nep,L1,35458,ne
nep,L1,35462,ne
nep,L1,35512,ne
nep,L1,35561,ne
nep,L1,35592,ne
nep,L1,35699,ne
nep,L1,35805,ne
nep,L1,35971,ne
nep,L1,36006,ne
nep,L1,36029,ne
nep,L1,36112,ne
nep,L1,36171,ne
nep,L1,36197,ne
nep,L1,36207,ne
nep,L1,36219,ne
nep,L1,36239,ne
nep,L1,36308,ne
nep,L1,36317,ne
nep,L1,36401,ne
nep,L1,36462,ne
nep,L1,36479,ne
nep,L1,36521,ne
nep,L1,36561,ne
nep,L1,36602,ne
nep,L1,36627,ne
nep,L1,36727,ne
nep,L1,36731,ne
nep,L1,36739,ne
nep,L1,36750,ne
nep,L1,36854,ne
nep,L1,36892,ne
nep,L1,36952,ne
nep,L1,37094,ne
nep,L1,37116,ne
nep,L1,37148,ne
nep,L1,37229,ne
nep,L1,37254,ne
nep,L1,37306,ne
nep,L1,37401,ne
nep,L1,37413,ne
nep,L1,37415,ne
nep,L1,37454,ne
nep,L1,37502,sa
nep,L1,37593,ne
nep,L1,37658,ne
nep,L1,37687,ne
nep,L1,37759,ne
nep,L1,37773,ne
nep,L1,37858,ne
nep,L1,37914,ne
nep,L1,37974,ne
nep,L1,38004,ne
nep,L1,38152,ne
nep,L1,38169,ne
nep,L1,38196,ne
nep,L1,38219,ne
nep,L1,38249,ne
nep,L1,38260,ne
nep,L1,38338,ne
nep,L1,38351,ne
nep,L1,38404,ne
nep,L1,38497,ne
nep,L1,38594,ne
nep,L1,38679,ne
nep,L1,38728,ne
nep,L1,38802,ne
nep,L1,38938,ne
nep,L1,38966,ne
nep,L1,39012,ne
nep,L1,39069,ne
nep,L1,39080,ne
nep,L1,39114,ne
nep,L1,39162,ne
nep,L1,39195,ne
nep,L1,39211,ne
nep,L1,39217,ne
nep,L1,39261,ne
nep,L1,39271,ne
nep,L1,39287,ne
nep,L1,39333,ne
nep,L1,39398,ne
nep,L1,39438,ne
nep,L1,39453,ne
nep,L1,39490,ne
nep,L1,39542,ne
nep,L1,39566,ne
nep,L1,39584,ne
nep,L1,39643,ne
nep,L1,39722,ne
nep,L1,39726,ne
nep,L1,39763,ne
nep,L1,39869,ne
nep,L1,39930,ne
nep,L1,39951,ne
nep,L1,39970,ne
nep,L1,39994,ne
nep,L1,40014,ne
nep,L1,40026,ne
nep,L1,40100,ne
nep,L1,40158,ne
nep,L1,40222,ne
nep,L1,40247,ne
nep,L1,40424,ne
nep,L1,40436,ne
nep,L1,40464,ne
nep,L1,40473,ne
nep,L1,40485,ne
nep,L1,40499,ne
nep,L1,40503,ne
nep,L1,40587,ne
nep,L1,40597,ne
nep,L1,40671,ne
nep,L1,40687,ne
nep,L1,40691,ne
nep,L1,40852,ne
nep,L1,40927,ne
nep,L1,41026,ne
nep,L1,41136,ne
nep,L1,41171,ne
nep,L1,41183,ne
nep,L1,41184,ne
nep,L1,41290,ne
nep,L1,41353,ne
nep,L1,41360,ne
nep,L1,41378,ne
nep,L1,41388,ne
nep,L1,41470,ne
nep,L1,41483,ne
nep,L1,41519,ne
nep,L1,41523,ne
nep,L1,41539,ne
nep,L1,41578,ne
nep,L1,41663,ne
nep,L1,41676,ne
nep,L1,41882,ne
nep,L1,41949,ne
nep,L1,41955,ne
nep,L1,41971,ne
nep,L1,42009,ne
nep,L1,42037,ne
nep,L1,42085,ne
nep,L1,42100,sa
nep,L1,42109,ne
nep,L1,42115,ne
nep,L1,42126,ne
nep,L1,42161,ne
nep,L1,42268,ne
nep,L1,42340,ne
nep,L1,42341,ne
nep,L1,42342,ne
nep,L1,42356,ne
nep,L1,42411,ne
nep,L1,42464,ne
nep,L1,42567,ne
nep,L1,42643,ne
nep,L1,42707,ne
nep,L1,42743,ne
nep,L1,42797,ne
nep,L1,42821,ne
nep,L1,42824,ne
nep,L1,42859,ne
nep,L1,42892,ne
nep,L1,42907,ne
nep,L1,42911,ne
nep,L1,43019,ne
nep,L1,43035,ne
nep,L1,43147,ne
nep,L1,43172,ne
nep,L1,43214,ne
nep,L1,43215,ne
nep,L1,43247,ne
nep,L1,43289,ne
nep,L1,43315,ne
nep,L1,43411,ne
nep,L1,43493,ne
nep,L1,43589,ne
nep,L1,43607,ne
nep,L1,43661,ne
nep,L1,43751,ne
nep,L1,43761,ne
nep,L1,43773,ne
nep,L1,43825,ne
nep,L1,43827,ne
nep,L1,44031,ne
nep,L1,44032,ne
nep,L1,44095,ne
nep,L1,44102,ne
nep,L1,44162,ne
nep,L1,44178,ne
nep,L1,44284,ne
nep,L1,44295,ne
nep,L1,44336,ne
nep,L1,44415,ne
nep,L1,44484,ne
nep,L1,44526,ne
nep,L1,44528,ne
nep,L1,44546,ne
nep,L1,44555,ne
nep,L1,44696,ne
nep,L1,44767,hi
nep,L1,44849,hi
nep,L1,45000,ne
nep,L1,45009,ne
nep,L1,45045,hi
nep,L1,45106,ne
nep,L1,45198,ne
nep,L1,45225,ne
nep,L1,45245,ne
nep,L1,45274,ne
nep,L1,45415,ne
nep,L1,45492,ne
nep,L1,45566,ne
nep,L1,45612,ne
nep,L1,45743,ne
nep,L1,45767,ne
nep,L1,45850,ne
nep,L1,45874,ne
nep,L1,45876,ne
nep,L1,46036,ne
nep,L1,46079,ne
nep,L1,46118,ne
nep,L1,46178,ne
nep,L1,46288,ne
nep,L1,46316,ne
nep,L1,46373,ne
nep,L1,46376,ne
nep,L1,46435,ne
nep,L1,46498,ne
nep,L1,46541,ne
nep,L1,46565,ne
nep,L1,46589,ne
nep,L1,46698,ne
nep,L1,46702,ne
nep,L1,46758,ne
nep,L1,46787,ne
nep,L1,46845,ne
nep,L1,46856,ne
nep,L1,46922,ne
nep,L1,46986,ne
nep,L1,47056,ne
nep,L1,47082,ne
nep,L1,47121,ne
nep,L1,47159,ne
nep,L1,47160,ne
nep,L1,47202,ne
nep,L1,47213,ne
nep,L1,47215,ne
nep,L1,47278,ne
nep,L1,47326,ne
nep,L1,47338,ne
nep,L1,47349,ne
nep,L1,47382,ne
nep,L1,47397,ne
nep,L1,47404,ne
nep,L1,47421,ne
nep,L1,47452,hi
nep,L1,47488,ne
nep,L1,47494,hi
nep,L1,47613,ne
nep,L1,47688,ne
nep,L1,47720,ne
nep,L1,47730,ne
nep,L1,47863,ne
nep,L1,47891,ne
nep,L1,47919,ne
nep,L1,48211,ne
nep,L1,48227,ne
nep,L1,48306,ne
nep,L1,48383,ne
nep,L1,48409,ne
nep,L1,48461,ne
nep,L1,48535,ne
nep,L1,48559,ne
nep,L1,48604,ne
nep,L1,48696,ne
nep,L1,48705,ne
nep,L1,48728,ne
nep,L1,48879,ne
nep,L1,48897,ne
nep,L1,48924,ne
nep,L1,48931,ne
nep,L1,48940,ne
nep,L1,48982,ne
nep,L1,48995,ne
nep,L1,49013,ne
nep,L1,49014,ne
nep,L1,49018,ne
nep,L1,49028,ne
nep,L1,49071,ne
nep,L1,49142,ne
nep,L1,49183,ne
nep,L1,49201,ne
nep,L1,49290,ne
nep,L1,49369,ne
nep,L1,49383,ne
nep,L1,49496,ne
nep,L1,49521,ne
nep,L1,49541,ne
nep,L1,49569,ne
nep,L1,49585,ne
nep,L1,49607,ne
nep,L1,49715,ne
nep,L1,49747,ne
nep,L1,49748,ne
nep,L1,49784,ne
nep,L1,49801,ne
nep,L1,49839,ne
nep,L1,49848,ne
nep,L1,49925,ne
nep,L1,50001,ne
nep,L1,50044,ne
nep,L1,50051,ne
nep,L1,50056,ne
nep,L1,50110,ne
nep,L1,50154,ne
nep,L1,50177,ne
nep,L1,50208,ne
nep,L1,50358,ne
nep,L1,50442,ne
nep,L1,50484,ne
nep,L1,50554,ne
nep,L1,50581,ne
nep,L1,50620,ne
nep,L1,50746,ne
nep,L1,50824,ne
nep,L1,50860,ne
nep,L1,50874,ne
nep,L1,50989,ne
nep,L1,51035,ne
nep,L1,51076,ne
nep,L1,51146,ne
nep,L1,51388,ne
nep,L1,51393,ne
nep,L1,51474,ne
nep,L1,51668,ne
nep,L1,51682,ne
nep,L1,51695,ne
nep,L1,51705,ne
nep,L1,51831,ne
nep,L1,51841,ne
nep,L1,51885,ne
nep,L1,51891,ne
nep,L1,51898,ne
nep,L1,52070,ne
nep,L1,52077,ne
nep,L1,52123,ne
nep,L1,52131,ne
nep,L1,52240,ne
nep,L1,52323,ne
nep,L1,52385,ne
nep,L1,52456,ne
nep,L1,52543,ne
nep,L1,52575,ne
nep,L1,52598,ne
nep,L1,52639,ne
nep,L1,52740,ne
nep,L1,52768,ne
nep,L1,52777,ne
nep,L1,52876,ne
nep,L1,52924,ne
nep,L1,53069,ne
nep,L1,53289,ne
nep,L1,53356,ne
nep,L1,53542,ne
nep,L1,53567,ne
nep,L1,53580,ne
nep,L1,53593,ne
nep,L1,53612,ne
nep,L1,53674,ne
nep,L1,53719,ne
nep,L1,53831,ne
nep,L1,53878,ne
nep,L1,53883,ne
nep,L1,53969,ne
nep,L1,54032,ne
nep,L1,54033,ne
nep,L1,54039,ne
nep,L1,54065,ne
nep,L1,54172,ne
nep,L1,54225,ne
nep,L1,54323,ne
nep,L1,54486,ne
nep,L1,54510,ne
nep,L1,54534,ne
nep,L1,54634,ne
nep,L1,54670,ne
nep,L1,54698,ne
nep,L1,54803,ne
nep,L1,54885,ne
nep,L1,54925,ne
nep,L1,54988,ne
nep,L1,55049,ne
nep,L1,55096,ne
nep,L1,55181,ne
nep,L1,55280,ne
nep,L1,55298,ne
nep,L1,55388,ne
nep,L1,55444,ne
nep,L1,55454,ne
nep,L1,55497,ne
nep,L1,55535,ne
nep,L1,55583,ne
nep,L1,55685,ne
nep,L1,55863,ne
nep,L1,55880,ne
nep,L1,55920,ne
nep,L1,55985,ne
nep,L1,56050,ne
nep,L1,56180,ne
nep,L1,56236,ne
nep,L1,56299,ne
nep,L1,56403,ne
nep,L1,56416,ne
nep,L1,56446,hi
nep,L1,56530,ne
nep,L1,56537,ne
nep,L1,56548,ne
nep,L1,56590,ne
nep,L1,56593,ne
nep,L1,56601,ne
nep,L1,56682,ne
nep,L1,56691,ne
nep,L1,56736,ne
nep,L1,56756,ne
nep,L1,56809,ne
nep,L1,56819,ne
nep,L1,56862,ne
nep,L1,57048,ne
nep,L1,57062,ne
nep,L1,57068,ne
nep,L1,57237,ne
nep,L1,57279,dty
nep,L1,57357,ne
nep,L1,57431,ne
nep,L1,57608,ne
nep,L1,57613,ne
nep,L1,57618,ne
nep,L1,57884,ne
nep,L1,57916,ne
nep,L1,57941,ne
nep,L1,58006,ne
nep,L1,58104,ne
nep,L1,58111,ne
nep,L1,58190,ne
nep,L1,58262,ne
nep,L1,58265,ne
nep,L1,58269,ne
nep,L1,58308,ne
nep,L1,58413,ne
nep,L1,58443,ne
nep,L1,58473,ne
nep,L1,58474,ne
nep,L1,58481,ne
nep,L1,58513,ne
nep,L1,58617,ne
nep,L1,58681,ne
nep,L1,58710,ne
nep,L1,58716,ne
nep,L1,58721,ne
nep,L1,58724,ne
nep,L1,58768,ne
nep,L1,58868,ne
nep,L1,58939,ne
nep,L1,59041,ne
nep,L1,59115,ne
nep,L1,59165,ne
nep,L1,59265,ne
nep,L1,59270,ne
nep,L1,59496,ne
nep,L1,59668,ne
nep,L1,59669,ne
nep,L1,59677,ne
nep,L1,59723,ne
nep,L1,59748,ne
nep,L1,59820,ne
nep,L1,59843,ne
nep,L1,59865,ne
nep,L1,59937,ne
nep,L1,59968,ne
nep,L1,59996,ne
nep,L1,60010,ne
nep,L1,60061,ne
nep,L1,60065,ne
nep,L1,60091,ne
nep,L1,60146,ne
nep,L1,60213,ne
nep,L1,60245,ne
nep,L1,60251,ne
nep,L1,60321,ne
nep,L1,60345,ne
nep,L1,60519,ne
nep,L1,60642,ne
nep,L1,60656,ne
nep,L1,60741,ne
nep,L1,60798,ne
nep,L1,60808,ne
nep,L1,60813,ne
nep,L1,60889,ne
nep,L1,60894,ne
nep,L1,60901,ne
nep,L1,60923,ne
nep,L1,60932,ne
nep,L1,60968,ne
nep,L1,61071,ne
nep,L1,61114,ne
nep,L1,61231,ne
nep,L1,61250,ne
nep,L1,61258,ne
nep,L1,61294,ne
nep,L1,61297,ne
nep,L1,61327,ne
nep,L1,61398,mr
nep,L1,61433,ne
nep,L1,61447,ne
nep,L1,61465,ne
nep,L1,61480,ne
nep,L1,61484,ne
nep,L1,61491,ne
nep,L1,61579,ne
nep,L1,61727,ne
nep,L1,61939,ne
nep,L1,61943,ne
nep,L1,61962,ne
nep,L1,61984,ne
nep,L1,61991,ne
nep,L1,62116,ne
nep,L1,62118,ne
nep,L1,62127,ne
nep,L1,62154,ne
nep,L1,62275,ne
nep,L1,62282,ne
nep,L1,62299,ne
nep,L1,62371,ne
nep,L1,62398,ne
nep,L1,62413,ne
nep,L1,62478,ne
nep,L1,62516,ne
nep,L1,62718,ne
nep,L1,62748,ne
nep,L1,62783,ne
nep,L1,62870,ne
nep,L1,62922,ne
nep,L1,63199,ne
nep,L1,63203,ne
nep,L1,63208,ne
nep,L1,63221,ne
nep,L1,63269,ne
nep,L1,63323,ne
nep,L1,63395,ne
nep,L1,63404,hi
nep,L1,63470,ne
nep,L1,63524,ne
nep,L1,63529,ne
nep,L1,63563,ne
nep,L1,63651,ne
nep,L1,63722,ne
nep,L1,63791,ne
nep,L1,63817,ne
nep,L1,63831,ne
nep,L1,63960,ne
nep,L1,63990,ne
nep,L1,64009,ne
nep,L1,64014,ne
nep,L1,64033,ne
nep,L1,64063,ne
nep,L1,64176,ne
nep,L1,64227,ne
nep,L1,64270,ne
nep,L1,64331,ne
nep,L1,64333,ne
nep,L1,64349,ne
nep,L1,64381,ne
nep,L1,64413,ne
nep,L1,64437,ne
nep,L1,64444,ne
nep,L1,64474,ne
nep,L1,64686,ne
nep,L1,64777,ne
nep,L1,64791,ne
nep,L1,64858,ne
nep,L1,64943,ne
nep,L1,64977,ne
nep,L1,64994,ne
nep,L1,65045,ne
nep,L1,65092,ne
nep,L1,65119,ne
nep,L1,65128,sa
nep,L1,65186,ne
nep,L1,65187,ne
nep,L1,65190,ne
nep,L1,65282,ne
nep,L1,65392,ne
nep,L1,65534,ne
nep,L1,65544,ne
nep,L1,65657,ne
nep,L1,65706,ne
nep,L1,65711,ne
nep,L1,65806,ne
nep,L1,65827,ne
nep,L1,65841,ne
nep,L1,65844,ne
nep,L1,65868,ne
nep,L1,65914,ne
nep,L1,65930,ne
nep,L1,65934,ne
nep,L1,66017,ne
nep,L1,66025,ne
nep,L1,66087,ne
nep,L1,66104,ne
nep,L1,66138,ne
nep,L1,66144,ne
nep,L1,66156,ne
nep,L1,66168,ne
nep,L1,66169,ne
nep,L1,66258,ne
nep,L1,66288,ne
nep,L1,66367,ne
nep,L1,66418,ne
nep,L1,66503,ne
nep,L1,66591,ne
nep,L1,66613,ne
nep,L1,66618,ne
nep,L1,66635,ne
nep,L1,66722,ne
nep,L1,66725,ne
nep,L1,66728,ne
nep,L1,66733,ne
nep,L1,66746,ne
nep,L1,66781,ne
nep,L1,66792,ne
nep,L1,66903,ne
nep,L1,67025,ne
nep,L1,67036,ne
nep,L1,67040,ne
nep,L1,67113,ne
nep,L1,67135,ne
nep,L1,67136,ne
nep,L1,67200,ne
nep,L1,67204,ne
nep,L1,67243,ne
nep,L1,67291,ne
nep,L1,67328,ne
nep,L1,67404,ne
nep,L1,67448,ne
nep,L1,67504,ne
nep,L1,67511,ne
nep,L1,67515,ne
nep,L1,67543,ne
nep,L1,67573,ne
nep,L1,67632,ne
nep,L1,67639,ne
nep,L1,67741,ne
nep,L1,67749,ne
nep,L1,67760,ne
nep,L1,67772,ne
nep,L1,67846,ne
nep,L1,67927,mr
nep,L1,67942,ne
nep,L1,68024,ne
nep,L1,68032,ne
nep,L1,68050,ne
nep,L1,68093,ne
nep,L1,68094,ne
nep,L1,68107,ne
nep,L1,68158,ne
nep,L1,68235,ne
nep,L1,68308,ne
nep,L1,68311,ne
nep,L1,68325,ne
nep,L1,68330,ne
nep,L1,68346,ne
nep,L1,68545,ne
nep,L1,68548,ne
nep,L1,68608,ne
nep,L1,68793,ne
nep,L1,68854,ne
nep,L1,68921,ne
nep,L1,68931,ne
nep,L1,68968,ne
nep,L1,68995,ne
nep,L1,69015,ne
nep,L1,69046,ne
nep,L1,69068,ne
nep,L1,69306,ne
nep,L1,69311,ne
nep,L1,69363,ne
nep,L1,69418,ne
nep,L1,69449,ne
nep,L1,69487,ne
nep,L1,69494,ne
nep,L1,69508,ne
nep,L1,69530,ne
nep,L1,69563,ne
nep,L1,69644,ne
nep,L1,69663,ne
nep,L1,69675,ne
nep,L1,69730,ne
nep,L1,69762,ne
nep,L1,69795,ne
nep,L1,69838,ne
nep,L1,69881,ne
nep,L1,69924,ne
nep,L1,69945,ne
nep,L1,70007,ne
nep,L1,70008,ne
nep,L1,70051,ne
nep,L1,70064,ne
nep,L1,70187,ne
nep,L1,70320,hi
nep,L1,70321,ne
nep,L1,70380,ne
nep,L1,70464,ne
nep,L1,70576,ne
nep,L1,70617,ne
nep,L1,70632,ne
nep,L1,70637,ne
nep,L1,70670,ne
nep,L1,70740,ne
nep,L1,70753,ne
nep,L1,70762,ne
nep,L1,70777,ne
nep,L1,70827,ne
nep,L1,70836,ne
nep,L1,70850,ne
nep,L1,70867,ne
nep,L1,70868,ne
nep,L1,71008,ne
nep,L1,71017,ne
nep,L1,71043,ne
nep,L1,71132,ne
nep,L1,71198,ne
nep,L1,71232,ne
nep,L1,71248,ne
nep,L1,71375,ne
nep,L1,71455,ne
nep,L1,71471,ne
nep,L1,71493,ne
nep,L1,71544,ne
nep,L1,71550,ne
nep,L1,71562,ne
nep,L1,71686,ne
nep,L1,71694,ne
nep,L1,71739,ne
nep,L1,71765,ne
nep,L1,71776,ne
nep,L1,72103,ne
nep,L1,72121,ne
nep,L1,72158,ne
nep,L1,72198,ne
nep,L1,72228,ne
nep,L1,72239,ne
nep,L1,72278,ne
nep,L1,72330,ne
nep,L1,72360,ne
nep,L1,72378,ne
nep,L1,72400,ne
nep,L1,72433,ne
nep,L1,72481,ne
nep,L1,72508,ne
nep,L1,72550,ne
nep,L1,72571,ne
nep,L1,72573,ne
nep,L1,72591,ne
nep,L1,72646,ne
nep,L1,72652,ne
nep,L1,72690,ne
nep,L1,72753,ne
nep,L1,72824,ne
nep,L1,72883,ne
nep,L1,72913,ne
nep,L1,72959,ne
nep,L1,72997,ne
nep,L1,73108,ne
nep,L1,73143,ne
nep,L1,73146,ne
nep,L1,73150,ne
nep,L1,73398,ne
nep,L1,73413,ne
nep,L1,73417,ne
nep,L1,73421,ne
nep,L1,73535,ne
nep,L1,73575,ne
nep,L1,73649,ne
nep,L1,73677,ne
nep,L1,73682,ne
nep,L1,73695,ne
nep,L1,73788,ne
nep,L1,73797,ne
nep,L1,73811,ne
nep,L1,73828,ne
nep,L1,73850,ne
nep,L1,73961,ne
nep,L1,74123,ne
nep,L1,74162,ne
nep,L1,74369,ne
nep,L1,74399,ne
nep,L1,74416,ne
nep,L1,74459,ne
nep,L1,74530,ne
nep,L1,74615,ne
nep,L1,74729,ne
nep,L1,74778,ne
nep,L1,74804,ne
nep,L1,74899,ne
nep,L1,74907,ne
nep,L1,74936,ne
nep,L1,74974,ne
nep,L1,75017,ne
nep,L1,75021,ne
nep,L1,75033,ne
nep,L1,75068,ne
nep,L1,75203,ne
nep,L1,75262,ne
nep,L1,75263,ne
nep,L1,75278,ne
nep,L1,75348,ne
nep,L1,75573,ne
nep,L1,75615,ne
nep,L1,75625,ne
nep,L1,75670,ne
nep,L1,75688,ne
nep,L1,75766,ne
nep,L1,75922,ne
nep,L1,75975,ne
nep,L1,76187,ne
nep,L1,76197,ne
nep,L1,76334,ne
nep,L1,76410,ne
nep,L1,76415,ne
nep,L1,76450,ne
nep,L1,76467,ne
nep,L1,76480,ne
nep,L1,76489,dty
nep,L1,76492,ne
nep,L1,76566,ne
nep,L1,76569,ne
nep,L1,76664,ne
nep,L1,76749,ne
nep,L1,76758,ne
nep,L1,76773,ne
nep,L1,76874,ne
nep,L1,76926,ne
nep,L1,76931,ne
nep,L1,76940,ne
nep,L1,76968,ne
nep,L1,77122,ne
nep,L1,77192,ne
nep,L1,77231,ne
nep,L1,77260,ne
nep,L1,77273,ne
nep,L1,77275,ne
nep,L1,77309,ne
nep,L1,77387,ne
nep,L1,77441,ne
nep,L1,77447,ne
nep,L1,77467,ne
nep,L1,77507,ne
nep,L1,77609,ne
nep,L1,77651,ne
nep,L1,77731,ne
nep,L1,77761,ne
nep,L1,77801,ne
nep,L1,77804,ne
nep,L1,77827,ne
nep,L1,77844,ne
nep,L1,77850,ne
nep,L1,77911,ne
nep,L1,77929,ne
nep,L1,77978,ne
nep,L1,77992,ne
nep,L1,78145,ne
nep,L1,78156,ne
nep,L1,78251,ne
nep,L1,78272,ne
nep,L1,78326,ne
nep,L1,78327,ne
nep,L1,78411,ne
nep,L1,78413,ne
nep,L1,78455,ne
nep,L1,78484,ne
nep,L1,78522,ne
nep,L1,78531,ne
nep,L1,78581,ne
nep,L1,78629,ne
nep,L1,78633,ne
nep,L1,78832,ne
nep,L1,78835,ne
nep,L1,78922,ne
nep,L1,78964,ne
nep,L1,79004,ne
nep,L1,79035,ne
nep,L1,79043,ne
nep,L1,79046,ne
nep,L1,79053,ne
nep,L1,79295,ne
nep,L1,79332,ne
nep,L1,79374,ne
nep,L1,79520,ne
nep,L1,79602,ne
nep,L1,79604,ne
nep,L1,79635,ne
nep,L1,79664,ne
nep,L1,79694,ne
nep,L1,79715,ne
nep,L1,79745,ne
nep,L1,79798,ne
nep,L1,79870,ne
nep,L1,79879,ne
nep,L1,79897,ne
nep,L1,79915,ne
nep,L1,79943,ne
nep,L1,79947,ne
nep,L1,79971,ne
nep,L1,79997,ne
nep,L1,80026,ne
nep,L1,80048,ne
nep,L1,80233,ne
nep,L1,80234,ne
nep,L1,80331,sa
nep,L1,80346,ne
nep,L1,80432,ne
nep,L1,80456,ne
nep,L1,80519,ne
nep,L1,80524,ne
nep,L1,80579,ne
nep,L1,80665,ne
nep,L1,80859,ne
nep,L1,80862,ne
nep,L1,80910,ne
nep,L1,80964,ne
nep,L1,80970,ne
nep,L1,81028,ne
nep,L1,81100,ne
nep,L1,81180,ne
nep,L1,81181,ne
nep,L1,81244,ne
nep,L1,81269,ne
nep,L1,81313,ne
nep,L1,81321,ne
nep,L1,81323,ne
nep,L1,81422,ne
nep,L1,81437,ne
nep,L1,81484,ne
nep,L1,81507,ne
nep,L1,81520,ne
nep,L1,81576,ne
nep,L1,81680,ne
nep,L1,81758,ne
nep,L1,81796,ne
nep,L1,81813,ne
nep,L1,81876,ne
nep,L1,81900,ne
nep,L1,81903,ne
nep,L1,81904,ne
nep,L1,82030,ne
nep,L1,82119,ne
nep,L1,82130,ne
nep,L1,82151,ne
nep,L1,82182,ne
nep,L1,82183,ne
nep,L1,82274,ne
nep,L1,82309,ne
nep,L1,82316,ne
nep,L1,82351,ne
nep,L1,82359,ne
nep,L1,82429,ne
nep,L1,82493,ne
nep,L1,82516,ne
nep,L1,82525,ne
nep,L1,82538,ne
nep,L1,82539,ne
nep,L1,82582,sa
nep,L1,82611,ne
nep,L1,82674,ne
nep,L1,82699,ne
nep,L1,82823,ne
nep,L1,82927,ne
nep,L1,83039,ne
nep,L1,83065,ne
nep,L1,83084,ne
nep,L1,83146,ne
nep,L1,83208,ne
nep,L1,83231,ne
nep,L1,83270,ne
nep,L1,83288,ne
nep,L1,83368,ne
nep,L1,83409,ne
nep,L1,83468,ne
nep,L1,83481,ne
nep,L1,83526,ne
nep,L1,83533,ne
nep,L1,83571,ne
nep,L1,83611,ne
nep,L1,83642,ne
nep,L1,83675,ne
nep,L1,83677,ne
nep,L1,83737,ne
nep,L1,83764,ne
nep,L1,83775,ne
nep,L1,83811,ne
nep,L1,83886,ne
nep,L1,83896,ne
nep,L1,83959,ne
nep,L1,84005,ne
nep,L1,84051,ne
nep,L1,84127,ne
nep,L1,84223,ne
nep,L1,84242,ne
nep,L1,84328,ne
nep,L1,84373,ne
nep,L1,84443,ne
nep,L1,84462,ne
nep,L1,84464,ne
nep,L1,84499,ne
nep,L1,84529,ne
nep,L1,84570,ne
nep,L1,84624,ne
nep,L1,84717,hi
nep,L1,84912,ne
nep,L1,84949,ne
nep,L1,84955,ne
nep,L1,84975,ne
nep,L1,85071,ne
nep,L1,85086,ne
nep,L1,85186,ne
nep,L1,85259,ne
nep,L1,85281,ne
nep,L1,85291,ne
nep,L1,85381,ne
nep,L1,85452,ne
nep,L1,85498,ne
nep,L1,85663,ne
nep,L1,85681,ne
nep,L1,85684,ne
nep,L1,85843,ne
nep,L1,85878,ne
nep,L1,85880,ne
nep,L1,85994,ne
nep,L1,86048,ne
nep,L1,86071,ne
nep,L1,86114,ne
nep,L1,86167,ne
nep,L1,86457,ne
nep,L1,86483,ne
nep,L1,86529,ne
nep,L1,86722,ne
nep,L1,86866,ne
nep,L1,86877,ne
nep,L1,86912,ne
nep,L1,86929,ne
nep,L1,86951,ne
nep,L1,86952,ne
nep,L1,87006,ne
nep,L1,87020,ne
nep,L1,87057,ne
nep,L1,87190,ne
nep,L1,87206,ne
nep,L1,87211,ne
nep,L1,87340,ne
nep,L1,87346,ne
nep,L1,87428,ne
nep,L1,87452,ne
nep,L1,87469,ne
nep,L1,87544,ne
nep,L1,87658,ne
nep,L1,87743,ne
nep,L1,87788,ne
nep,L1,87912,ne
nep,L1,87964,ne
nep,L1,88093,ne
nep,L1,88106,ne
nep,L1,88201,ne
nep,L1,88215,ne
nep,L1,88303,ne
nep,L1,88309,ne
nep,L1,88341,ne
nep,L1,88424,ne
nep,L1,88673,ne
nep,L1,88681,ne
nep,L1,88863,ne
nep,L1,88865,ne
nep,L1,88877,ne
nep,L1,88878,ne
nep,L1,88921,ne
nep,L1,88927,ne
nep,L1,88939,ne
nep,L1,88986,ne
nep,L1,89086,ne
nep,L1,89149,ne
nep,L1,89175,ne
nep,L1,89183,ne
nep,L1,89240,ne
nep,L1,89384,ne
nep,L1,89421,ne
nep,L1,89567,ne
nep,L1,89586,ne
nep,L1,89637,ne
nep,L1,89685,ne
nep,L1,89776,ne
nep,L1,89959,ne
nep,L1,90002,ne
nep,L1,90050,ne
nep,L1,90078,ne
nep,L1,90082,ne
nep,L1,90224,ne
nep,L1,90303,ne
nep,L1,90322,ne
nep,L1,90343,ne
nep,L1,90384,ne
nep,L1,90521,ne
nep,L1,90524,ne
nep,L1,90544,ne
nep,L1,90700,ne
nep,L1,90745,ne
nep,L1,90802,ne
nep,L1,90810,ne
nep,L1,90898,ne
nep,L1,91020,ne
nep,L1,91042,ne
nep,L1,91134,ne
nep,L1,91160,ne
nep,L1,91174,ne
nep,L1,91215,ne
nep,L1,91310,ne
nep,L1,91321,ne
nep,L1,91333,ne
nep,L1,91364,ne
nep,L1,91374,ne
nep,L1,91420,ne
nep,L1,91502,ne
nep,L1,91963,ne
nep,L1,92072,ne
nep,L1,92125,ne
nep,L1,92142,ne
nep,L1,92207,ne
nep,L1,92231,ne
nep,L1,92282,ne
nep,L1,92291,ne
nep,L1,92303,ne
nep,L1,92312,ne
nep,L1,92360,ne
nep,L1,92387,ne
nep,L1,92428,hi
nep,L1,92431,ne
nep,L1,92500,ne
nep,L1,92550,ne
nep,L1,92639,ne
nep,L1,92833,ne
nep,L1,92863,ne
nep,L1,92891,ne
nep,L1,92902,ne
nep,L1,92911,ne
nep,L1,92934,ne
nep,L1,92960,ne
nep,L1,93004,ne
nep,L1,93015,ne
nep,L1,93020,ne
nep,L1,93090,ne
nep,L1,93096,ne
nep,L1,93105,ne
nep,L1,93116,ne
nep,L1,93117,ne
nep,L1,93173,ne
nep,L1,93365,ne
nep,L1,93446,ne
nep,L1,93466,ne
nep,L1,93494,ne
nep,L1,93627,ne
nep,L1,93684,ne
nep,L1,93715,ne
nep,L1,93734,ne
nep,L1,93829,ne
nep,L1,93867,ne
nep,L1,93880,ne
nep,L1,93969,ne
nep,L1,94048,ne
nep,L1,94054,ne
nep,L1,94101,ne
nep,L1,94128,ne
nep,L1,94237,ne
nep,L1,94245,ne
nep,L1,94285,ne
nep,L1,94292,ne
nep,L1,94556,ne
nep,L1,94602,ne
nep,L1,94712,ne
nep,L1,94750,ne
nep,L1,94799,ne
nep,L1,94852,ne
nep,L1,94857,ne
nep,L1,94882,ne
nep,L1,94911,ne
nep,L1,94977,ne
nep,L1,94995,ne
nep,L1,95265,ne
nep,L1,95286,ne
nep,L1,95393,ne
nep,L1,95454,ne
nep,L1,95496,ne
nep,L1,95536,ne
nep,L1,95559,ne
nep,L1,95563,ne
nep,L1,95604,ne
nep,L1,95635,ne
nep,L1,95653,ne
nep,L1,95693,ne
nep,L1,95703,ne
nep,L1,95727,ne
nep,L1,95928,ne
nep,L1,95974,ne
nep,L1,96102,ne
nep,L1,96106,ne
nep,L1,96127,dty
nep,L1,96146,ne
nep,L1,96320,ne
nep,L1,96335,ne
nep,L1,96536,ne
nep,L1,96572,ne
nep,L1,96718,ne
nep,L1,96747,ne
nep,L1,96802,ne
nep,L1,96827,ne
nep,L1,96877,ne
nep,L1,96954,ne
nep,L1,96955,ne
nep,L1,96963,ne
nep,L1,97138,ne
nep,L1,97185,ne
nep,L1,97232,ne
nep,L1,97263,ne
nep,L1,97306,ne
nep,L1,97311,ne
nep,L1,97317,ne
nep,L1,97476,ne
nep,L1,97478,ne
nep,L1,97543,ne
nep,L1,97561,ne
nep,L1,97566,ne
nep,L1,97598,ne
nep,L1,97664,ne
nep,L1,97705,ne
nep,L1,97890,ne
nep,L1,98043,ne
nep,L1,98072,ne
nep,L1,98080,ne
nep,L1,98222,ne
nep,L1,98252,ne
nep,L1,98334,ne
nep,L1,98343,ne
nep,L1,98356,ne
nep,L1,98428,ne
nep,L1,98448,ne
nep,L1,98661,ne
nep,L1,98669,ne
nep,L1,98821,ne
nep,L1,98918,ne
nep,L1,98946,ne
nep,L1,98996,ne
nep,L1,99003,ne
nep,L1,99057,ne
nep,L1,99064,ne
nep,L1,99107,ne
nep,L1,99114,ne
nep,L1,99119,ne
nep,L1,99123,ne
nep,L1,99178,ne
nep,L1,99253,ne
nep,L1,99267,ne
nep,L1,99269,ne
nep,L1,99282,ne
nep,L1,99343,ne
nep,L1,99358,ne
nep,L1,99482,ne
nep,L1,99514,ne
nep,L1,99557,ne
nep,L1,99643,ne
nep,L1,99647,ne
nep,L1,99675,ne
nep,L1,99718,ne
nep,L1,99754,ne
nep,L1,99814,ne
nep,L1,99825,ne
nep,L1,99945,ne
nep,L5,2,ne
nep,L5,3,ne
nep,L5,7,ne
nep,L5,8,ne
nep,L5,14,ne
nep,L5,18,ne
nep,L5,20,ne
nep,L5,21,ne
nep,L5,26,ne
nep,L5,27,ne
nep,L5,32,ne
nep,L5,34,ne
nep,L5,36,ne
nep,L5,39,ne
nep,L5,40,ne
nep,L5,41,ne
nep,L5,50,ne
nep,L5,51,ne
nep,L5,52,ne
nep,L5,53,ne
nep,L5,55,ne
nep,L5,56,ne
nep,L5,58,ne
nep,L5,59,ne
nep,L5,65,ne
nep,L5,66,ne
nep,L5,68,ne
nep,L5,69,ne
nep,L5,70,ne
nep,L5,71,ne
nep,L5,72,ne
nep,L5,75,ne
nep,L5,76,ne
nep,L5,79,ne
nep,L5,87,ne
nep,L5,88,ne
nep,L5,90,ne
nep,L5,91,ne
nep,L5,93,ne
nep,L5,97,ne
nep,L5,99,ne
nep,L5,101,ne
nep,L5,107,ne
nep,L5,108,ne
nep,L5,112,ne
nep,L5,114,ne
nep,L5,115,ne
nep,L5,117,ne
nep,L5,119,ne
nep,L5,120,ne
nep,L5,122,ne
nep,L5,125,ne
nep,L5,126,ne
nep,L5,127,ne
nep,L5,128,ne
nep,L5,131,ne
nep,L5,135,ne
nep,L5,136,ne
nep,L5,140,ne
nep,L5,142,ne
nep,L5,143,ne
nep,L5,147,ne
nep,L5,151,ne
nep,L5,152,ne
nep,L5,154,ne
nep,L5,156,ne
nep,L5,158,ne
nep,L5,163,ne
nep,L5,164,ne
nep,L5,165,ne
nep,L5,166,ne
nep,L5,168,ne
nep,L5,170,ne
nep,L5,171,ne
nep,L5,172,ne
nep,L5,173,ne
nep,L5,175,ne
nep,L5,176,ne
nep,L5,180,ne
nep,L5,181,ne
nep,L5,182,ne
nep,L5,184,ne
nep,L5,185,ne
nep,L5,186,ne
nep,L5,187,ne
nep,L5,192,ne
nep,L5,194,ne
nep,L5,195,ne
nep,L5,201,ne
nep,L5,202,ne
nep,L5,204,ne
nep,L5,206,ne
nep,L5,207,ne
nep,L5,211,ne
nep,L5,212,ne
nep,L5,216,ne
nep,L5,220,ne
nep,L5,221,ne
nep,L5,226,ne
nep,L5,228,ne
nep,L5,229,ne
nep,L5,230,ne
nep,L5,234,ne
nep,L5,235,ne
nep,L5,236,ne
nep,L5,243,ne
nep,L5,245,ne
nep,L5,246,ne
nep,L5,250,ne
nep,L5,253,ne
nep,L5,254,ne
nep,L5,269,ne
nep,L5,271,ne
nep,L5,272,ne
nep,L5,273,ne
nep,L5,274,ne
nep,L5,285,ne
nep,L5,288,ne
nep,L5,291,ne
nep,L5,297,ne
nep,L5,301,ne
nep,L5,303,ne
nep,L5,305,ne
nep,L5,307,ne
nep,L5,310,ne
nep,L5,311,ne
nep,L5,315,ne
nep,L5,316,ne
nep,L5,320,ne
nep,L5,321,ne
nep,L5,322,ne
nep,L5,323,ne
nep,L5,324,ne
nep,L5,326,ne
nep,L5,328,ne
nep,L5,332,ne
nep,L5,334,ne
nep,L5,339,ne
nep,L5,344,ne
nep,L5,346,ne
nep,L5,347,ne
nep,L5,350,ne
nep,L5,351,ne
nep,L5,354,ne
nep,L5,357,ne
nep,L5,359,ne
nep,L5,360,ne
nep,L5,362,ne
nep,L5,367,ne
nep,L5,372,ne
nep,L5,374,ne
nep,L5,375,ne
nep,L5,376,ne
nep,L5,380,ne
nep,L5,381,ne
nep,L5,383,ne
nep,L5,386,ne
nep,L5,387,ne
nep,L5,391,ne
nep,L5,393,ne
nep,L5,394,ne
nep,L5,396,ne
nep,L5,400,ne
nep,L5,404,ne
nep,L5,405,ne
nep,L5,407,ne
nep,L5,408,ne
nep,L5,409,ne
nep,L5,410,ne
nep,L5,412,ne
nep,L5,418,ne
nep,L5,419,ne
nep,L5,420,ne
nep,L5,421,ne
nep,L5,422,ne
nep,L5,423,ne
nep,L5,425,ne
nep,L5,426,ne
nep,L5,428,ne
nep,L5,430,ne
nep,L5,431,ne
nep,L5,432,ne
nep,L5,436,ne
nep,L5,437,ne
nep,L5,443,ne
nep,L5,444,ne
nep,L5,445,ne
nep,L5,447,ne
nep,L5,452,ne
nep,L5,453,ne
nep,L5,454,ne
nep,L5,456,ne
nep,L5,462,ne
nep,L5,465,ne
nep,L5,468,ne
nep,L5,472,ne
nep,L5,474,ne
nep,L5,475,ne
nep,L5,486,ne
nep,L5,487,ne
nep,L5,489,ne
nep,L5,494,ne
nep,L5,495,ne
nep,L5,497,ne
nep,L5,509,ne
nep,L5,511,ne
nep,L5,512,ne
nep,L5,514,ne
nep,L5,515,ne
nep,L5,516,ne
nep,L5,517,ne
nep,L5,519,ne
nep,L5,529,ne
nep,L5,542,ne
nep,L5,543,ne
nep,L5,545,ne
nep,L5,549,ne
nep,L5,553,ne
nep,L5,555,ne
nep,L5,556,ne
nep,L5,557,ne
nep,L5,560,ne
nep,L5,565,ne
nep,L5,566,ne
nep,L5,571,ne
nep,L5,574,ne
nep,L5,579,ne
nep,L5,583,ne
nep,L5,584,ne
nep,L5,589,ne
nep,L5,595,ne
nep,L5,597,ne
nep,L5,601,ne
nep,L5,605,ne
nep,L5,607,ne
nep,L5,613,ne
nep,L5,614,ne
nep,L5,618,ne
nep,L5,622,ne
nep,L5,625,ne
nep,L5,626,ne
nep,L5,630,ne
nep,L5,632,ne
nep,L5,635,ne
nep,L5,638,ne
nep,L5,639,ne
nep,L5,641,ne
nep,L5,642,ne
nep,L5,643,ne
nep,L5,644,ne
nep,L5,645,ne
nep,L5,646,ne
nep,L5,647,ne
nep,L5,648,ne
nep,L5,649,ne
nep,L5,650,ne
nep,L5,653,ne
nep,L5,660,ne
nep,L5,662,ne
nep,L5,664,ne
nep,L5,666,ne
nep,L5,667,ne
nep,L5,668,ne
nep,L5,670,ne
nep,L5,672,ne
nep,L5,679,ne
nep,L5,680,ne
nep,L5,686,ne
nep,L5,690,ne
nep,L5,694,ne
nep,L5,698,ne
nep,L5,701,ne
nep,L5,705,ne
nep,L5,709,ne
nep,L5,713,ne
nep,L5,714,ne
nep,L5,716,ne
nep,L5,721,ne
nep,L5,723,ne
nep,L5,727,ne
nep,L5,730,ne
nep,L5,733,ne
nep,L5,734,ne
nep,L5,735,ne
nep,L5,737,ne
nep,L5,741,ne
nep,L5,744,ne
nep,L5,745,ne
nep,L5,746,ne
nep,L5,747,ne
nep,L5,752,ne
nep,L5,753,ne
nep,L5,755,ne
nep,L5,756,ne
nep,L5,757,ne
nep,L5,759,ne
nep,L5,762,ne
nep,L5,765,ne
nep,L5,772,ne
nep,L5,776,ne
nep,L5,778,ne
nep,L5,781,ne
nep,L5,783,ne
nep,L5,786,ne
nep,L5,788,ne
nep,L5,792,ne
nep,L5,797,ne
nep,L5,805,ne
nep,L5,807,ne
nep,L5,808,ne
nep,L5,809,ne
nep,L5,813,ne
nep,L5,820,ne
nep,L5,821,ne
nep,L5,825,ne
nep,L5,827,ne
nep,L5,835,ne
nep,L5,842,ne
nep,L5,843,ne
nep,L5,844,ne
nep,L5,848,ne
nep,L5,852,ne
nep,L5,853,ne
nep,L5,856,ne
nep,L5,857,ne
nep,L5,861,ne
nep,L5,864,ne
nep,L5,866,ne
nep,L5,867,ne
nep,L5,871,ne
nep,L5,874,ne
nep,L5,875,ne
nep,L5,876,ne
nep,L5,877,ne
nep,L5,880,ne
nep,L5,887,ne
nep,L5,889,ne
nep,L5,894,ne
nep,L5,898,ne
nep,L5,903,ne
nep,L5,905,ne
nep,L5,910,ne
nep,L5,914,ne
nep,L5,915,ne
nep,L5,919,ne
nep,L5,925,ne
nep,L5,928,ne
nep,L5,929,ne
nep,L5,930,ne
nep,L5,937,ne
nep,L5,938,ne
nep,L5,939,ne
nep,L5,941,ne
nep,L5,949,ne
nep,L5,950,ne
nep,L5,952,ne
nep,L5,953,ne
nep,L5,954,ne
nep,L5,956,ne
nep,L5,959,ne
nep,L5,966,ne
nep,L5,968,ne
nep,L5,969,ne
nep,L5,970,ne
nep,L5,973,ne
nep,L5,974,ne
nep,L5,975,ne
nep,L5,979,ne
nep,L5,982,ne
nep,L5,985,ne
nep,L5,986,ne
nep,L5,988,ne
nep,L5,990,ne
nep,L5,991,ne
nep,L5,994,ne
nep,L5,995,ne
nep,L5,998,ne
nep,L5,1007,ne
nep,L5,1008,ne
nep,L5,1011,ne
nep,L5,1014,ne
nep,L5,1015,ne
nep,L5,1018,ne
nep,L5,1024,ne
nep,L5,1025,ne
nep,L5,1030,ne
nep,L5,1033,ne
nep,L5,1035,ne
nep,L5,1040,ne
nep,L5,1044,ne
nep,L5,1048,ne
nep,L5,1051,ne
nep,L5,1055,ne
nep,L5,1056,ne
nep,L5,1060,ne
nep,L5,1061,ne
nep,L5,1062,ne
nep,L5,1069,ne
nep,L5,1076,ne
nep,L5,1078,ne
nep,L5,1082,ne
nep,L5,1086,ne
nep,L5,1089,ne
nep,L5,1092,ne
nep,L5,1102,ne
nep,L5,1107,ne
nep,L5,1108,ne
nep,L5,1112,ne
nep,L5,1113,ne
nep,L5,1114,ne
nep,L5,1117,ne
nep,L5,1120,ne
nep,L5,1125,ne
nep,L5,1127,ne
nep,L5,1129,ne
nep,L5,1136,ne
nep,L5,1139,ne
nep,L5,1142,ne
nep,L5,1143,ne
nep,L5,1144,ne
nep,L5,1147,ne
nep,L5,1149,ne
nep,L5,1150,ne
nep,L5,1151,ne
nep,L5,1152,ne
nep,L5,1153,ne
nep,L5,1160,ne
nep,L5,1161,ne
nep,L5,1162,ne
nep,L5,1165,ne
nep,L5,1172,ne
nep,L5,1173,ne
nep,L5,1185,ne
nep,L5,1186,ne
nep,L5,1187,ne
nep,L5,1189,ne
nep,L5,1191,ne
nep,L5,1192,ne
nep,L5,1194,ne
nep,L5,1195,ne
nep,L5,1196,ne
nep,L5,1198,ne
nep,L5,1199,ne
nep,L5,1200,ne
nep,L5,1205,ne
nep,L5,1210,ne
nep,L5,1212,ne
nep,L5,1217,ne
nep,L5,1225,ne
nep,L5,1226,ne
nep,L5,1227,ne
nep,L5,1229,ne
nep,L5,1230,ne
nep,L5,1233,ne
nep,L5,1235,ne
nep,L5,1236,ne
nep,L5,1238,ne
nep,L5,1243,ne
nep,L5,1244,ne
nep,L5,1245,ne
nep,L5,1246,ne
nep,L5,1248,ne
nep,L5,1249,ne
nep,L5,1251,ne
nep,L5,1253,ne
nep,L5,1254,ne
nep,L5,1255,ne
nep,L5,1261,ne
nep,L5,1263,ne
nep,L5,1264,ne
nep,L5,1267,ne
nep,L5,1272,ne
nep,L5,1273,ne
nep,L5,1275,ne
nep,L5,1277,ne
nep,L5,1281,ne
nep,L5,1282,ne
nep,L5,1283,ne
nep,L5,1285,ne
nep,L5,1286,ne
nep,L5,1307,ne
nep,L5,1310,ne
nep,L5,1311,ne
nep,L5,1314,ne
nep,L5,1320,ne
nep,L5,1322,ne
nep,L5,1323,ne
nep,L5,1326,ne
nep,L5,1333,ne
nep,L5,1335,ne
nep,L5,1337,ne
nep,L5,1338,ne
nep,L5,1339,ne
nep,L5,1342,ne
nep,L5,1343,ne
nep,L5,1347,ne
nep,L5,1350,ne
nep,L5,1351,ne
nep,L5,1354,ne
nep,L5,1362,ne
nep,L5,1364,ne
nep,L5,1365,ne
nep,L5,1371,ne
nep,L5,1372,ne
nep,L5,1373,ne
nep,L5,1380,ne
nep,L5,1381,ne
nep,L5,1382,ne
nep,L5,1383,ne
nep,L5,1385,ne
nep,L5,1388,ne
nep,L5,1394,ne
nep,L5,1397,ne
nep,L5,1400,ne
nep,L5,1404,ne
nep,L5,1405,ne
nep,L5,1408,ne
nep,L5,1412,ne
nep,L5,1414,ne
nep,L5,1416,ne
nep,L5,1417,ne
nep,L5,1419,ne
nep,L5,1420,ne
nep,L5,1423,ne
nep,L5,1429,ne
nep,L5,1431,ne
nep,L5,1433,ne
nep,L5,1445,ne
nep,L5,1446,ne
nep,L5,1447,ne
nep,L5,1449,ne
nep,L5,1450,ne
nep,L5,1451,ne
nep,L5,1453,ne
nep,L5,1454,ne
nep,L5,1459,ne
nep,L5,1461,ne
nep,L5,1464,ne
nep,L5,1471,ne
nep,L5,1472,ne
nep,L5,1475,ne
nep,L5,1484,ne
nep,L5,1495,ne
nep,L5,1496,ne
nep,L5,1499,ne
nep,L5,1500,ne
nep,L5,1501,ne
nep,L5,1503,ne
nep,L5,1509,ne
nep,L5,1514,ne
nep,L5,1515,ne
nep,L5,1517,ne
nep,L5,1518,ne
nep,L5,1520,ne
nep,L5,1523,ne
nep,L5,1527,ne
nep,L5,1528,ne
nep,L5,1529,ne
nep,L5,1531,ne
nep,L5,1533,ne
nep,L5,1534,ne
nep,L5,1541,ne
nep,L5,1543,ne
nep,L5,1545,ne
nep,L5,1547,ne
nep,L5,1549,ne
nep,L5,1550,ne
nep,L5,1551,ne
nep,L5,1553,ne
nep,L5,1554,ne
nep,L5,1556,ne
nep,L5,1560,ne
nep,L5,1562,ne
nep,L5,1564,ne
nep,L5,1568,ne
nep,L5,1571,ne
nep,L5,1576,ne
nep,L5,1577,ne
nep,L5,1580,ne
nep,L5,1581,ne
nep,L5,1585,ne
nep,L5,1589,ne
nep,L5,1590,ne
nep,L5,1592,ne
nep,L5,1593,ne
nep,L5,1594,ne
nep,L5,1595,ne
nep,L5,1598,ne
nep,L5,1599,ne
nep,L5,1604,ne
nep,L5,1607,ne
nep,L5,1612,ne
nep,L5,1613,ne
nep,L5,1614,ne
nep,L5,1617,ne
nep,L5,1622,ne
nep,L5,1624,ne
nep,L5,1629,ne
nep,L5,1632,ne
nep,L5,1633,ne
nep,L5,1638,ne
nep,L5,1646,ne
nep,L5,1647,ne
nep,L5,1649,ne
nep,L5,1653,ne
nep,L5,1654,ne
nep,L5,1655,ne
nep,L5,1656,ne
nep,L5,1662,ne
nep,L5,1663,ne
nep,L5,1664,ne
nep,L5,1670,ne
nep,L5,1671,ne
nep,L5,1674,ne
nep,L5,1676,ne
nep,L5,1678,ne
nep,L5,1686,ne
nep,L5,1688,ne
nep,L5,1694,ne
nep,L5,1695,ne
nep,L5,1696,ne
nep,L5,1700,ne
nep,L5,1703,ne
nep,L5,1706,ne
nep,L5,1715,ne
nep,L5,1717,ne
nep,L5,1718,ne
nep,L5,1719,ne
nep,L5,1725,ne
nep,L5,1726,ne
nep,L5,1727,ne
nep,L5,1730,ne
nep,L5,1731,ne
nep,L5,1736,ne
nep,L5,1738,ne
nep,L5,1739,ne
nep,L5,1744,ne
nep,L5,1745,ne
nep,L5,1747,ne
nep,L5,1748,ne
nep,L5,1749,ne
nep,L5,1750,ne
nep,L5,1751,ne
nep,L5,1757,ne
nep,L5,1758,ne
nep,L5,1764,ne
nep,L5,1767,ne
nep,L5,1771,ne
nep,L5,1773,ne
nep,L5,1779,ne
nep,L5,1784,ne
nep,L5,1788,ne
nep,L5,1790,ne
nep,L5,1793,ne
nep,L5,1798,ne
nep,L5,1799,ne
nep,L5,1801,ne
nep,L5,1802,ne
nep,L5,1803,ne
nep,L5,1808,ne
nep,L5,1815,ne
nep,L5,1818,ne
nep,L5,1820,ne
nep,L5,1825,ne
nep,L5,1827,ne
nep,L5,1830,ne
nep,L5,1832,ne
nep,L5,1841,ne
nep,L5,1842,ne
nep,L5,1849,ne
nep,L5,1851,ne
nep,L5,1852,ne
nep,L5,1856,ne
nep,L5,1857,ne
nep,L5,1860,ne
nep,L5,1865,ne
nep,L5,1869,ne
nep,L5,1870,ne
nep,L5,1871,ne
nep,L5,1872,ne
nep,L5,1876,ne
nep,L5,1882,ne
nep,L5,1887,ne
nep,L5,1890,ne
nep,L5,1891,ne
nep,L5,1892,ne
nep,L5,1899,ne
nep,L5,1902,ne
nep,L5,1907,ne
nep,L5,1908,ne
nep,L5,1910,ne
nep,L5,1911,ne
nep,L5,1916,ne
nep,L5,1917,ne
nep,L5,1918,ne
nep,L5,1924,ne
nep,L5,1925,ne
nep,L5,1928,ne
nep,L5,1929,ne
nep,L5,1930,ne
nep,L5,1933,ne
nep,L5,1935,ne
nep,L5,1938,ne
nep,L5,1948,ne
nep,L5,1949,ne
nep,L5,1950,ne
nep,L5,1952,ne
nep,L5,1953,ne
nep,L5,1957,ne
nep,L5,1960,ne
nep,L5,1961,ne
nep,L5,1965,ne
nep,L5,1968,ne
nep,L5,1970,ne
nep,L5,1972,ne
nep,L5,1973,ne
nep,L5,1974,ne
nep,L5,1975,ne
nep,L5,1976,ne
nep,L5,1977,ne
nep,L5,1979,ne
nep,L5,1980,ne
nep,L5,1983,ne
nep,L5,1987,ne
nep,L5,1988,ne
nep,L5,1990,ne
nep,L5,1992,ne
nep,L5,1993,ne
nep,L5,1994,ne
nep,L5,1996,ne
nep,L5,1997,ne
nep,L5,1999,ne
nep,L5,2000,ne
nep,L5,2001,ne
nep,L5,2003,ne
nep,L5,2011,ne
nep,L5,2012,ne
nep,L5,2013,ne
nep,L5,2023,ne
nep,L5,2025,ne
nep,L5,2026,ne
nep,L5,2027,ne
nep,L5,2028,ne
nep,L5,2030,ne
nep,L5,2031,ne
nep,L5,2033,ne
nep,L5,2034,ne
nep,L5,2048,ne
nep,L5,2056,ne
nep,L5,2059,ne
nep,L5,2062,ne
nep,L5,2063,ne
nep,L5,2064,ne
nep,L5,2067,ne
nep,L5,2069,ne
nep,L5,2071,ne
nep,L5,2072,ne
nep,L5,2075,ne
nep,L5,2076,ne
nep,L5,2077,ne
nep,L5,2078,ne
nep,L5,2081,ne
nep,L5,2083,ne
nep,L5,2085,ne
nep,L5,2086,ne
nep,L5,2087,ne
nep,L5,2089,ne
nep,L5,2090,ne
nep,L5,2094,ne
nep,L5,2095,ne
nep,L5,2097,ne
nep,L5,2098,ne
nep,L5,2099,ne
nep,L5,2104,ne
nep,L5,2105,ne
nep,L5,2107,ne
nep,L5,2108,ne
nep,L5,2109,ne
nep,L5,2114,ne
nep,L5,2122,ne
nep,L5,2123,ne
nep,L5,2124,ne
nep,L5,2129,ne
nep,L5,2132,ne
nep,L5,2133,ne
nep,L5,2135,ne
nep,L5,2137,ne
nep,L5,2138,ne
nep,L5,2139,ne
nep,L5,2140,ne
nep,L5,2141,ne
nep,L5,2147,ne
nep,L5,2148,ne
nep,L5,2152,ne
nep,L5,2153,ne
nep,L5,2156,ne
nep,L5,2157,ne
nep,L5,2161,ne
nep,L5,2163,ne
nep,L5,2166,ne
nep,L5,2172,ne
nep,L5,2174,ne
nep,L5,2175,ne
nep,L5,2178,ne
nep,L5,2181,ne
nep,L5,2184,ne
nep,L5,2186,ne
nep,L5,2187,ne
nep,L5,2190,ne
nep,L5,2200,ne
nep,L5,2204,ne
nep,L5,2205,ne
nep,L5,2210,ne
nep,L5,2211,ne
nep,L5,2212,ne
nep,L5,2222,ne
nep,L5,2226,ne
nep,L5,2230,ne
nep,L5,2231,ne
nep,L5,2236,ne
nep,L5,2237,ne
nep,L5,2238,ne
nep,L5,2241,ne
nep,L5,2247,ne
nep,L5,2248,ne
nep,L5,2249,ne
nep,L5,2250,ne
nep,L5,2254,ne
nep,L5,2255,ne
nep,L5,2258,ne
nep,L5,2261,ne
nep,L5,2265,ne
nep,L5,2266,ne
nep,L5,2268,ne
nep,L5,2269,ne
nep,L5,2274,ne
nep,L5,2277,ne
nep,L5,2280,ne
nep,L5,2281,ne
nep,L5,2282,ne
nep,L5,2283,ne
nep,L5,2289,ne
nep,L5,2297,ne
nep,L5,2299,ne
nep,L5,2301,ne
nep,L5,2302,ne
nep,L5,2303,ne
nep,L5,2306,ne
nep,L5,2308,ne
nep,L5,2310,ne
nep,L5,2311,ne
nep,L5,2312,ne
nep,L5,2315,ne
nep,L5,2316,ne
nep,L5,2317,ne
nep,L5,2319,ne
nep,L5,2320,ne
nep,L5,2327,ne
nep,L5,2328,ne
nep,L5,2339,ne
nep,L5,2342,ne
nep,L5,2344,ne
nep,L5,2345,ne
nep,L5,2347,ne
nep,L5,2348,ne
nep,L5,2349,ne
nep,L5,2351,ne
nep,L5,2352,ne
nep,L5,2353,ne
nep,L5,2354,ne
nep,L5,2355,ne
nep,L5,2356,ne
nep,L5,2358,ne
nep,L5,2363,ne
nep,L5,2366,ne
nep,L5,2367,ne
nep,L5,2369,ne
nep,L5,2370,ne
nep,L5,2378,ne
nep,L5,2379,ne
nep,L5,2380,ne
nep,L5,2381,ne
nep,L5,2386,ne
nep,L5,2387,ne
nep,L5,2389,ne
nep,L5,2390,ne
nep,L5,2395,ne
nep,L5,2396,ne
nep,L5,2400,ne
nep,L5,2401,ne
nep,L5,2403,ne
nep,L5,2404,ne
nep,L5,2405,ne
nep,L5,2408,ne
nep,L5,2409,ne
nep,L5,2410,ne
nep,L5,2415,ne
nep,L5,2418,ne
nep,L5,2424,ne
nep,L5,2425,ne
nep,L5,2426,ne
nep,L5,2427,ne
nep,L5,2428,ne
nep,L5,2432,ne
nep,L5,2434,ne
nep,L5,2435,ne
nep,L5,2439,ne
nep,L5,2441,ne
nep,L5,2443,ne
nep,L5,2448,ne
nep,L5,2450,ne
nep,L5,2456,ne
nep,L5,2457,ne
nep,L5,2460,ne
nep,L5,2465,ne
nep,L5,2469,ne
nep,L5,2471,ne
nep,L5,2473,ne
nep,L5,2476,ne
nep,L5,2478,ne
nep,L5,2480,ne
nep,L5,2490,ne
nep,L5,2498,ne
nep,L5,2502,ne
nep,L5,2507,ne
nep,L5,2508,ne
nep,L5,2510,ne
nep,L5,2513,ne
nep,L5,2519,ne
nep,L5,2521,ne
nep,L5,2523,ne
nep,L5,2525,ne
nep,L5,2526,ne
nep,L5,2527,ne
nep,L5,2528,ne
nep,L5,2529,ne
nep,L5,2530,ne
nep,L5,2532,ne
nep,L5,2536,ne
nep,L5,2537,ne
nep,L5,2540,ne
nep,L5,2543,ne
nep,L5,2546,ne
nep,L5,2547,ne
nep,L5,2548,ne
nep,L5,2552,ne
nep,L5,2557,ne
nep,L5,2559,ne
nep,L5,2562,ne
nep,L5,2566,ne
nep,L5,2568,ne
nep,L5,2571,ne
nep,L5,2573,ne
nep,L5,2574,ne
nep,L5,2576,ne
nep,L5,2577,ne
nep,L5,2581,ne
nep,L5,2582,ne
nep,L5,2583,ne
nep,L5,2585,ne
nep,L5,2586,ne
nep,L5,2588,ne
nep,L5,2589,ne
nep,L5,2590,ne
nep,L5,2593,ne
nep,L5,2598,ne
nep,L5,2600,ne
nep,L5,2602,ne
nep,L5,2607,ne
nep,L5,2608,ne
nep,L5,2610,ne
nep,L5,2613,ne
nep,L5,2617,ne
nep,L5,2622,ne
nep,L5,2623,ne
nep,L5,2629,ne
nep,L5,2630,ne
nep,L5,2632,ne
nep,L5,2635,ne
nep,L5,2637,ne
nep,L5,2639,ne
nep,L5,2640,ne
nep,L5,2643,ne
nep,L5,2644,ne
nep,L5,2646,ne
nep,L5,2649,ne
nep,L5,2650,ne
nep,L5,2655,ne
nep,L5,2662,ne
nep,L5,2670,ne
nep,L5,2676,ne
nep,L5,2678,ne
nep,L5,2681,ne
nep,L5,2682,ne
nep,L5,2684,ne
nep,L5,2690,ne
nep,L5,2694,ne
nep,L5,2695,ne
nep,L5,2696,ne
nep,L5,2698,ne
nep,L5,2699,ne
nep,L5,2702,ne
nep,L5,2703,ne
nep,L5,2704,ne
nep,L5,2708,ne
nep,L5,2710,ne
nep,L5,2711,ne
nep,L5,2716,ne
nep,L5,2719,ne
nep,L5,2721,ne
nep,L5,2722,ne
nep,L5,2723,ne
nep,L5,2726,ne
nep,L5,2728,ne
nep,L5,2729,ne
nep,L5,2731,ne
nep,L5,2732,ne
nep,L5,2733,ne
nep,L5,2735,ne
nep,L5,2742,ne
nep,L5,2744,ne
nep,L5,2745,ne
nep,L5,2746,ne
nep,L5,2747,ne
nep,L5,2754,ne
nep,L5,2757,ne
nep,L5,2759,ne
nep,L5,2764,ne
nep,L5,2765,ne
nep,L5,2767,ne
nep,L5,2770,ne
nep,L5,2771,ne
nep,L5,2772,ne
nep,L5,2779,ne
nep,L5,2781,ne
nep,L5,2789,ne
nep,L5,2791,ne
nep,L5,2793,ne
nep,L5,2799,ne
nep,L5,2801,ne
nep,L5,2808,ne
nep,L5,2811,ne
nep,L5,2816,ne
nep,L5,2820,ne
nep,L5,2822,ne
nep,L5,2823,ne
nep,L5,2825,ne
nep,L5,2826,ne
nep,L5,2827,ne
nep,L5,2829,ne
nep,L5,2831,ne
nep,L5,2832,ne
nep,L5,2835,ne
nep,L5,2836,ne
nep,L5,2841,ne
nep,L5,2842,ne
nep,L5,2843,ne
nep,L5,2844,ne
nep,L5,2846,ne
nep,L5,2848,ne
nep,L5,2853,ne
nep,L5,2859,ne
nep,L5,2861,ne
nep,L5,2863,ne
nep,L5,2864,ne
nep,L5,2868,ne
nep,L5,2869,ne
nep,L5,2871,ne
nep,L5,2872,ne
nep,L5,2877,ne
nep,L5,2879,ne
nep,L5,2883,ne
nep,L5,2886,ne
nep,L5,2887,ne
nep,L5,2889,ne
nep,L5,2892,ne
nep,L5,2893,ne
nep,L5,2894,ne
nep,L5,2898,ne
nep,L5,2902,ne
nep,L5,2903,ne
nep,L5,2908,ne
nep,L5,2909,ne
nep,L5,2911,ne
nep,L5,2916,ne
nep,L5,2920,ne
nep,L5,2921,ne
nep,L5,2922,ne
nep,L5,2923,ne
nep,L5,2924,ne
nep,L5,2925,ne
nep,L5,2927,ne
nep,L5,2928,ne
nep,L5,2929,ne
nep,L5,2930,ne
nep,L5,2931,ne
nep,L5,2933,ne
nep,L5,2934,ne
nep,L5,2935,ne
nep,L5,2939,ne
nep,L5,2940,ne
nep,L5,2942,ne
nep,L5,2944,ne
nep,L5,2945,ne
nep,L5,2949,ne
nep,L5,2951,ne
nep,L5,2953,ne
nep,L5,2958,ne
nep,L5,2962,ne
nep,L5,2963,ne
nep,L5,2964,ne
nep,L5,2967,ne
nep,L5,2969,ne
nep,L5,2976,ne
nep,L5,2980,ne
nep,L5,2981,ne
nep,L5,2984,ne
nep,L5,2985,ne
nep,L5,2986,ne
nep,L5,2989,ne
nep,L5,3010,ne
nep,L5,3011,ne
nep,L5,3012,ne
nep,L5,3013,ne
nep,L5,3014,ne
nep,L5,3016,ne
nep,L5,3018,ne
nep,L5,3019,ne
nep,L5,3021,ne
nep,L5,3023,ne
nep,L5,3028,ne
nep,L5,3030,ne
nep,L5,3031,ne
nep,L5,3036,ne
nep,L5,3038,ne
nep,L5,3039,ne
nep,L5,3041,ne
nep,L5,3046,ne
nep,L5,3049,ne
nep,L5,3052,ne
nep,L5,3054,ne
nep,L5,3057,ne
nep,L5,3059,ne
nep,L5,3060,ne
nep,L5,3061,ne
nep,L5,3062,ne
nep,L5,3063,ne
nep,L5,3064,ne
nep,L5,3067,ne
nep,L5,3073,ne
nep,L5,3079,ne
nep,L5,3080,ne
nep,L5,3083,ne
nep,L5,3085,ne
nep,L5,3086,ne
nep,L5,3088,ne
nep,L5,3091,ne
nep,L5,3098,ne
nep,L5,3100,ne
nep,L5,3102,ne
nep,L5,3104,ne
nep,L5,3106,ne
nep,L5,3107,ne
nep,L5,3113,ne
nep,L5,3115,ne
nep,L5,3118,ne
nep,L5,3120,ne
nep,L5,3122,ne
nep,L5,3126,ne
nep,L5,3128,ne
nep,L5,3129,ne
nep,L5,3135,ne
nep,L5,3138,ne
nep,L5,3139,ne
nep,L5,3140,ne
nep,L5,3146,ne
nep,L5,3147,ne
nep,L5,3148,ne
nep,L5,3149,ne
nep,L5,3150,ne
nep,L5,3152,ne
nep,L5,3160,ne
nep,L5,3164,ne
nep,L5,3167,ne
nep,L5,3171,ne
nep,L5,3172,ne
nep,L5,3175,ne
nep,L5,3178,ne
nep,L5,3180,ne
nep,L5,3182,ne
nep,L5,3186,ne
nep,L5,3190,ne
nep,L5,3192,ne
nep,L5,3197,ne
nep,L5,3198,ne
nep,L5,3200,ne
nep,L5,3201,ne
nep,L5,3206,ne
nep,L5,3208,ne
nep,L5,3209,ne
nep,L5,3210,ne
nep,L5,3211,ne
nep,L5,3212,ne
nep,L5,3215,ne
nep,L5,3218,ne
nep,L5,3222,ne
nep,L5,3223,ne
nep,L5,3225,ne
nep,L5,3228,ne
nep,L5,3232,ne
nep,L5,3233,ne
nep,L5,3235,ne
nep,L5,3238,ne
nep,L5,3239,ne
nep,L5,3241,ne
nep,L5,3244,ne
nep,L5,3247,ne
nep,L5,3248,ne
nep,L5,3250,ne
nep,L5,3255,ne
nep,L5,3256,ne
nep,L5,3269,ne
nep,L5,3273,ne
nep,L5,3276,ne
nep,L5,3279,ne
nep,L5,3282,ne
nep,L5,3283,ne
nep,L5,3287,ne
nep,L5,3288,ne
nep,L5,3292,ne
nep,L5,3293,ne
nep,L5,3294,ne
nep,L5,3295,ne
nep,L5,3299,ne
nep,L5,3300,ne
nep,L5,3301,ne
nep,L5,3305,ne
nep,L5,3310,ne
nep,L5,3311,ne
nep,L5,3312,ne
nep,L5,3314,ne
nep,L5,3318,ne
nep,L5,3321,ne
nep,L5,3322,ne
nep,L5,3323,ne
nep,L5,3326,ne
nep,L5,3330,ne
nep,L5,3331,ne
nep,L5,3335,ne
nep,L5,3339,ne
nep,L5,3347,ne
nep,L5,3348,ne
nep,L5,3349,ne
nep,L5,3350,ne
nep,L5,3352,ne
nep,L5,3357,ne
nep,L5,3358,ne
nep,L5,3361,ne
nep,L5,3365,ne
nep,L5,3366,ne
nep,L5,3368,ne
nep,L5,3371,ne
nep,L5,3372,ne
nep,L5,3373,ne
nep,L5,3376,ne
nep,L5,3377,ne
nep,L5,3378,ne
nep,L5,3379,ne
nep,L5,3381,ne
nep,L5,3383,ne
nep,L5,3384,ne
nep,L5,3385,ne
nep,L5,3389,ne
nep,L5,3392,ne
nep,L5,3393,ne
nep,L5,3394,ne
nep,L5,3397,ne
nep,L5,3399,ne
nep,L5,3401,ne
nep,L5,3403,ne
nep,L5,3404,ne
nep,L5,3406,ne
nep,L5,3407,ne
nep,L5,3408,ne
nep,L5,3409,ne
nep,L5,3410,ne
nep,L5,3412,ne
nep,L5,3413,ne
nep,L5,3417,ne
nep,L5,3428,ne
nep,L5,3429,ne
nep,L5,3430,ne
nep,L5,3437,ne
nep,L5,3438,ne
nep,L5,3442,ne
nep,L5,3443,ne
nep,L5,3446,ne
nep,L5,3447,ne
nep,L5,3448,ne
nep,L5,3450,ne
nep,L5,3451,ne
nep,L5,3452,ne
nep,L5,3453,ne
nep,L5,3454,ne
nep,L5,3456,ne
nep,L5,3461,ne
nep,L5,3462,ne
nep,L5,3463,ne
nep,L5,3467,ne
nep,L5,3472,ne
nep,L5,3473,ne
nep,L5,3477,ne
nep,L5,3479,ne
nep,L5,3485,ne
nep,L5,3493,ne
nep,L5,3501,ne
nep,L5,3503,ne
nep,L5,3504,ne
nep,L5,3508,ne
nep,L5,3509,ne
nep,L5,3510,ne
nep,L5,3514,ne
nep,L5,3515,ne
nep,L5,3517,ne
nep,L5,3518,ne
nep,L5,3519,ne
nep,L5,3522,ne
nep,L5,3524,ne
nep,L5,3528,ne
nep,L5,3533,ne
nep,L5,3536,ne
nep,L5,3538,ne
nep,L5,3546,ne
nep,L5,3547,ne
nep,L5,3554,ne
nep,L5,3556,ne
nep,L5,3561,ne
nep,L5,3562,ne
nep,L5,3565,ne
nep,L5,3566,ne
nep,L5,3568,ne
nep,L5,3570,ne
nep,L5,3571,ne
nep,L5,3573,ne
nep,L5,3577,ne
nep,L5,3579,ne
nep,L5,3581,ne
nep,L5,3583,ne
nep,L5,3584,ne
nep,L5,3587,ne
nep,L5,3592,ne
nep,L5,3595,ne
nep,L5,3602,ne
nep,L5,3603,ne
nep,L5,3604,ne
nep,L5,3605,ne
nep,L5,3607,ne
nep,L5,3608,ne
nep,L5,3611,ne
nep,L5,3615,ne
nep,L5,3618,ne
nep,L5,3621,ne
nep,L5,3623,ne
nep,L5,3629,ne
nep,L5,3632,ne
nep,L5,3636,ne
nep,L5,3639,ne
nep,L5,3642,ne
nep,L5,3647,ne
nep,L5,3652,ne
nep,L5,3655,ne
nep,L5,3656,ne
nep,L5,3660,ne
nep,L5,3662,ne
nep,L5,3663,ne
nep,L5,3664,ne
nep,L5,3667,ne
nep,L5,3674,ne
nep,L5,3682,ne
nep,L5,3686,ne
nep,L5,3688,ne
nep,L5,3690,ne
nep,L5,3693,ne
nep,L5,3695,ne
nep,L5,3698,ne
nep,L5,3699,ne
nep,L5,3705,ne
nep,L5,3706,ne
nep,L5,3708,ne
nep,L5,3716,ne
nep,L5,3723,ne
nep,L5,3724,ne
nep,L5,3729,ne
nep,L5,3730,ne
nep,L5,3731,ne
nep,L5,3739,ne
nep,L5,3742,ne
nep,L5,3744,ne
nep,L5,3747,ne
nep,L5,3749,ne
nep,L5,3753,ne
nep,L5,3754,ne
nep,L5,3756,ne
nep,L5,3760,ne
nep,L5,3764,ne
nep,L5,3765,ne
nep,L5,3766,ne
nep,L5,3767,ne
nep,L5,3772,ne
nep,L5,3775,ne
nep,L5,3777,ne
nep,L5,3778,ne
nep,L5,3779,ne
nep,L5,3781,ne
nep,L5,3782,ne
nep,L5,3783,ne
nep,L5,3784,ne
nep,L5,3790,ne
nep,L5,3791,ne
nep,L5,3792,ne
nep,L5,3794,ne
nep,L5,3795,ne
nep,L5,3797,ne
nep,L5,3798,ne
nep,L5,3800,ne
nep,L5,3802,ne
nep,L5,3808,ne
nep,L5,3812,ne
nep,L5,3813,ne
nep,L5,3814,ne
nep,L5,3820,ne
nep,L5,3826,ne
nep,L5,3832,ne
nep,L5,3833,ne
nep,L5,3834,ne
nep,L5,3835,ne
nep,L5,3838,ne
nep,L5,3842,ne
nep,L5,3844,ne
nep,L5,3845,ne
nep,L5,3848,ne
nep,L5,3850,ne
nep,L5,3853,ne
nep,L5,3854,ne
nep,L5,3855,ne
nep,L5,3856,ne
nep,L5,3858,ne
nep,L5,3862,ne
nep,L5,3865,ne
nep,L5,3866,ne
nep,L5,3867,ne
nep,L5,3870,ne
nep,L5,3873,ne
nep,L5,3874,ne
nep,L5,3875,ne
nep,L5,3879,ne
nep,L5,3881,ne
nep,L5,3883,ne
nep,L5,3886,ne
nep,L5,3888,ne
nep,L5,3895,ne
nep,L5,3903,ne
nep,L5,3909,ne
nep,L5,3910,ne
nep,L5,3912,ne
nep,L5,3914,ne
nep,L5,3915,ne
nep,L5,3916,ne
nep,L5,3920,ne
nep,L5,3921,ne
nep,L5,3926,ne
nep,L5,3928,ne
nep,L5,3929,ne
nep,L5,3933,ne
nep,L5,3935,ne
nep,L5,3938,ne
nep,L5,3942,ne
nep,L5,3946,ne
nep,L5,3948,ne
nep,L5,3955,ne
nep,L5,3956,ne
nep,L5,3961,ne
nep,L5,3962,ne
nep,L5,3965,ne
nep,L5,3966,ne
nep,L5,3967,ne
nep,L5,3974,ne
nep,L5,3975,ne
nep,L5,3977,ne
nep,L5,3979,ne
nep,L5,3980,ne
nep,L5,3983,ne
nep,L5,3985,ne
nep,L5,3990,ne
nep,L5,3991,ne
nep,L5,3993,ne
nep,L5,3994,ne
nep,L5,3995,ne
nep,L5,3996,ne
nep,L5,3997,ne
nep,L5,4000,ne
nep,L5,4001,ne
nep,L5,4005,ne
nep,L5,4006,ne
nep,L5,4010,ne
nep,L5,4013,ne
nep,L5,4017,ne
nep,L5,4020,ne
nep,L5,4021,ne
nep,L5,4024,ne
nep,L5,4025,ne
nep,L5,4030,ne
nep,L5,4031,ne
nep,L5,4032,ne
nep,L5,4035,ne
nep,L5,4037,ne
nep,L5,4038,ne
nep,L5,4041,ne
nep,L5,4043,ne
nep,L5,4049,ne
nep,L5,4065,ne
nep,L5,4066,ne
nep,L5,4067,ne
nep,L5,4071,ne
nep,L5,4072,ne
nep,L5,4073,ne
nep,L5,4079,ne
nep,L5,4083,ne
nep,L5,4085,ne
nep,L5,4086,ne
nep,L5,4088,ne
nep,L5,4089,ne
nep,L5,4091,ne
nep,L5,4098,ne
nep,L5,4101,ne
nep,L5,4103,ne
nep,L5,4104,ne
nep,L5,4106,ne
nep,L5,4107,ne
nep,L5,4115,ne
nep,L5,4116,ne
nep,L5,4118,ne
nep,L5,4122,ne
nep,L5,4124,ne
nep,L5,4129,ne
nep,L5,4130,ne
nep,L5,4134,ne
nep,L5,4135,ne
nep,L5,4138,ne
nep,L5,4139,ne
nep,L5,4144,ne
nep,L5,4147,ne
nep,L5,4149,ne
nep,L5,4150,ne
nep,L5,4152,ne
nep,L5,4161,ne
nep,L5,4162,ne
nep,L5,4166,ne
nep,L5,4167,ne
nep,L5,4169,ne
nep,L5,4171,ne
nep,L5,4175,ne
nep,L5,4176,ne
nep,L5,4177,ne
nep,L5,4179,ne
nep,L5,4180,ne
nep,L5,4181,ne
nep,L5,4185,ne
nep,L5,4188,ne
nep,L5,4192,ne
nep,L5,4193,ne
nep,L5,4195,ne
nep,L5,4197,ne
nep,L5,4203,ne
nep,L5,4204,ne
nep,L5,4207,ne
nep,L5,4208,ne
nep,L5,4209,ne
nep,L5,4210,ne
nep,L5,4211,ne
nep,L5,4213,ne
nep,L5,4220,ne
nep,L5,4225,ne
nep,L5,4228,ne
nep,L5,4231,ne
nep,L5,4232,ne
nep,L5,4236,ne
nep,L5,4242,ne
nep,L5,4244,ne
nep,L5,4248,ne
nep,L5,4252,ne
nep,L5,4254,ne
nep,L5,4257,ne
nep,L5,4258,ne
nep,L5,4259,ne
nep,L5,4260,ne
nep,L5,4271,ne
nep,L5,4272,ne
nep,L5,4275,ne
nep,L5,4279,ne
nep,L5,4280,ne
nep,L5,4283,ne
nep,L5,4284,ne
nep,L5,4286,ne
nep,L5,4288,ne
nep,L5,4299,ne
nep,L5,4301,ne
nep,L5,4303,ne
nep,L5,4304,ne
nep,L5,4307,ne
nep,L5,4311,ne
nep,L5,4315,ne
nep,L5,4320,ne
nep,L5,4321,ne
nep,L5,4323,ne
nep,L5,4324,ne
nep,L5,4325,ne
nep,L5,4326,ne
nep,L5,4334,ne
nep,L5,4335,ne
nep,L5,4336,ne
nep,L5,4339,ne
nep,L5,4341,ne
nep,L5,4342,ne
nep,L5,4344,ne
nep,L5,4347,ne
nep,L5,4348,ne
nep,L5,4350,ne
nep,L5,4352,ne
nep,L5,4357,ne
nep,L5,4360,ne
nep,L5,4361,ne
nep,L5,4364,ne
nep,L5,4367,ne
nep,L5,4369,ne
nep,L5,4375,ne
nep,L5,4381,ne
nep,L5,4382,ne
nep,L5,4384,ne
nep,L5,4387,ne
nep,L5,4391,ne
nep,L5,4395,ne
nep,L5,4396,ne
nep,L5,4400,ne
nep,L5,4402,ne
nep,L5,4405,ne
nep,L5,4407,ne
nep,L5,4408,ne
nep,L5,4410,ne
nep,L5,4411,ne
nep,L5,4417,ne
nep,L5,4418,ne
nep,L5,4419,ne
nep,L5,4421,ne
nep,L5,4423,ne
nep,L5,4426,ne
nep,L5,4427,ne
nep,L5,4434,ne
nep,L5,4435,ne
nep,L5,4437,ne
nep,L5,4443,ne
nep,L5,4445,ne
nep,L5,4447,ne
nep,L5,4449,ne
nep,L5,4454,ne
nep,L5,4456,ne
nep,L5,4460,ne
nep,L5,4461,ne
nep,L5,4463,ne
nep,L5,4465,ne
nep,L5,4466,ne
nep,L5,4467,ne
nep,L5,4468,ne
nep,L5,4474,ne
nep,L5,4475,ne
nep,L5,4479,ne
nep,L5,4481,ne
nep,L5,4482,ne
nep,L5,4487,ne
nep,L5,4490,ne
nep,L5,4494,ne
nep,L5,4497,ne
nep,L5,4503,ne
nep,L5,4509,ne
nep,L5,4511,ne
nep,L5,4514,ne
nep,L5,4517,ne
nep,L5,4518,ne
nep,L5,4519,ne
nep,L5,4520,ne
nep,L5,4522,ne
nep,L5,4528,ne
nep,L5,4530,ne
nep,L5,4532,ne
nep,L5,4546,ne
nep,L5,4550,ne
nep,L5,4551,ne
nep,L5,4554,ne
nep,L5,4555,ne
nep,L5,4556,ne
nep,L5,4557,ne
nep,L5,4559,ne
nep,L5,4560,ne
nep,L5,4561,ne
nep,L5,4563,ne
nep,L5,4568,ne
nep,L5,4570,ne
nep,L5,4572,ne
nep,L5,4573,ne
nep,L5,4580,ne
nep,L5,4582,ne
nep,L5,4584,ne
nep,L5,4591,ne
nep,L5,4593,ne
nep,L5,4597,ne
nep,L5,4598,ne
nep,L5,4602,ne
nep,L5,4603,ne
nep,L5,4605,ne
nep,L5,4607,ne
nep,L5,4610,ne
nep,L5,4616,ne
nep,L5,4618,ne
nep,L5,4622,ne
nep,L5,4623,ne
nep,L5,4624,ne
nep,L5,4626,ne
nep,L5,4627,ne
nep,L5,4628,ne
nep,L5,4640,ne
nep,L5,4641,ne
nep,L5,4645,ne
nep,L5,4647,ne
nep,L5,4653,ne
nep,L5,4661,ne
nep,L5,4662,ne
nep,L5,4663,ne
nep,L5,4664,ne
nep,L5,4665,ne
nep,L5,4666,ne
nep,L5,4667,ne
nep,L5,4668,ne
nep,L5,4670,ne
nep,L5,4673,ne
nep,L5,4679,ne
nep,L5,4680,ne
nep,L5,4682,ne
nep,L5,4685,ne
nep,L5,4687,ne
nep,L5,4689,ne
nep,L5,4690,ne
nep,L5,4693,ne
nep,L5,4694,ne
nep,L5,4697,ne
nep,L5,4699,ne
nep,L5,4701,ne
nep,L5,4702,ne
nep,L5,4704,ne
nep,L5,4707,ne
nep,L5,4708,ne
nep,L5,4709,ne
nep,L5,4711,ne
nep,L5,4714,ne
nep,L5,4719,ne
nep,L5,4720,ne
nep,L5,4727,ne
nep,L5,4728,ne
nep,L5,4731,ne
nep,L5,4732,ne
nep,L5,4734,ne
nep,L5,4736,ne
nep,L5,4737,ne
nep,L5,4740,ne
nep,L5,4741,ne
nep,L5,4742,ne
nep,L5,4748,ne
nep,L5,4749,ne
nep,L5,4751,ne
nep,L5,4752,ne
nep,L5,4754,ne
nep,L5,4755,ne
nep,L5,4758,ne
nep,L5,4760,ne
nep,L5,4761,ne
nep,L5,4762,ne
nep,L5,4763,ne
nep,L5,4764,ne
nep,L5,4768,ne
nep,L5,4769,ne
nep,L5,4772,ne
nep,L5,4774,ne
nep,L5,4779,ne
nep,L5,4781,ne
nep,L5,4784,ne
nep,L5,4786,ne
nep,L5,4788,ne
nep,L5,4789,ne
nep,L5,4792,ne
nep,L5,4795,ne
nep,L5,4797,ne
nep,L5,4798,ne
nep,L5,4799,ne
nep,L5,4800,ne
nep,L5,4801,ne
nep,L5,4804,ne
nep,L5,4805,ne
nep,L5,4807,ne
nep,L5,4809,ne
nep,L5,4815,ne
nep,L5,4818,ne
nep,L5,4821,ne
nep,L5,4823,ne
nep,L5,4824,ne
nep,L5,4825,ne
nep,L5,4832,ne
nep,L5,4838,ne
nep,L5,4841,ne
nep,L5,4845,ne
nep,L5,4848,ne
nep,L5,4849,ne
nep,L5,4852,ne
nep,L5,4855,ne
nep,L5,4860,ne
nep,L5,4862,ne
nep,L5,4865,ne
nep,L5,4867,ne
nep,L5,4876,ne
nep,L5,4878,ne
nep,L5,4879,ne
nep,L5,4880,ne
nep,L5,4885,ne
nep,L5,4890,ne
nep,L5,4895,ne
nep,L5,4896,ne
nep,L5,4899,ne
nep,L5,4900,ne
nep,L5,4901,ne
nep,L5,4904,ne
nep,L5,4905,ne
nep,L5,4908,ne
nep,L5,4909,ne
nep,L5,4910,ne
nep,L5,4914,ne
nep,L5,4917,ne
nep,L5,4919,ne
nep,L5,4921,ne
nep,L5,4926,ne
nep,L5,4927,ne
nep,L5,4929,ne
nep,L5,4931,ne
nep,L5,4935,ne
nep,L5,4936,ne
nep,L5,4937,ne
nep,L5,4939,ne
nep,L5,4940,ne
nep,L5,4942,ne
nep,L5,4947,ne
nep,L5,4949,ne
nep,L5,4951,ne
nep,L5,4954,ne
nep,L5,4956,ne
nep,L5,4957,ne
nep,L5,4958,ne
nep,L5,4960,ne
nep,L5,4966,ne
nep,L5,4967,ne
nep,L5,4971,ne
nep,L5,4973,ne
nep,L5,4975,ne
nep,L5,4977,ne
nep,L5,4978,ne
nep,L5,4986,ne
nep,L5,4987,ne
nep,L5,4988,ne
nep,L5,4989,ne
nep,L5,4992,ne
nep,L5,5001,ne
nep,L5,5005,ne
nep,L5,5006,ne
nep,L5,5014,ne
nep,L5,5015,ne
nep,L5,5016,ne
nep,L5,5017,ne
nep,L5,5019,ne
nep,L5,5024,ne
nep,L5,5025,ne
nep,L5,5026,ne
nep,L5,5028,ne
nep,L5,5029,ne
nep,L5,5030,ne
nep,L5,5031,ne
nep,L5,5033,ne
nep,L5,5035,ne
nep,L5,5040,ne
nep,L5,5043,ne
nep,L5,5046,ne
nep,L5,5048,ne
nep,L5,5050,ne
nep,L5,5054,ne
nep,L5,5059,ne
nep,L5,5061,ne
nep,L5,5062,ne
nep,L5,5063,ne
nep,L5,5067,ne
nep,L5,5071,ne
nep,L5,5074,ne
nep,L5,5075,ne
nep,L5,5076,ne
nep,L5,5079,ne
nep,L5,5083,ne
nep,L5,5084,ne
nep,L5,5087,ne
nep,L5,5089,ne
nep,L5,5090,ne
nep,L5,5096,ne
nep,L5,5098,ne
nep,L5,5099,ne
nep,L5,5106,ne
nep,L5,5113,ne
nep,L5,5114,ne
nep,L5,5119,ne
nep,L5,5122,ne
nep,L5,5123,ne
nep,L5,5125,ne
nep,L5,5126,ne
nep,L5,5127,ne
nep,L5,5133,ne
nep,L5,5136,ne
nep,L5,5143,ne
nep,L5,5146,ne
nep,L5,5150,ne
nep,L5,5151,ne
nep,L5,5152,ne
nep,L5,5153,ne
nep,L5,5157,ne
nep,L5,5159,ne
nep,L5,5162,ne
nep,L5,5165,ne
nep,L5,5169,ne
nep,L5,5170,ne
nep,L5,5171,ne
nep,L5,5173,ne
nep,L5,5175,ne
nep,L5,5178,ne
nep,L5,5179,ne
nep,L5,5180,ne
nep,L5,5181,ne
nep,L5,5185,ne
nep,L5,5190,ne
nep,L5,5192,ne
nep,L5,5193,ne
nep,L5,5195,ne
nep,L5,5196,ne
nep,L5,5198,ne
nep,L5,5199,ne
nep,L5,5203,ne
nep,L5,5205,ne
nep,L5,5208,ne
nep,L5,5210,ne
nep,L5,5213,ne
nep,L5,5216,ne
nep,L5,5219,ne
nep,L5,5220,ne
nep,L5,5221,ne
nep,L5,5227,ne
nep,L5,5229,ne
nep,L5,5231,ne
nep,L5,5236,ne
nep,L5,5237,ne
nep,L5,5238,ne
nep,L5,5241,ne
nep,L5,5242,ne
nep,L5,5244,ne
nep,L5,5246,ne
nep,L5,5247,ne
nep,L5,5254,ne
nep,L5,5258,ne
nep,L5,5260,ne
nep,L5,5261,ne
nep,L5,5267,ne
nep,L5,5271,ne
nep,L5,5276,ne
nep,L5,5277,ne
nep,L5,5285,ne
nep,L5,5286,ne
nep,L5,5290,ne
nep,L5,5292,ne
nep,L5,5302,ne
nep,L5,5309,ne
nep,L5,5312,ne
nep,L5,5313,ne
nep,L5,5314,ne
nep,L5,5316,ne
nep,L5,5317,ne
nep,L5,5319,ne
nep,L5,5323,ne
nep,L5,5324,ne
nep,L5,5332,ne
nep,L5,5334,ne
nep,L5,5339,ne
hin,L1,35,hi
hin,L1,235,hi
hin,L1,347,hi
hin,L1,503,hi
hin,L1,838,hi
hin,L1,866,hi
hin,L1,1064,hi
hin,L1,1251,hi
hin,L1,1329,hi
hin,L1,1350,hi
hin,L1,1352,hi
hin,L1,1363,hi
hin,L1,1371,hi
hin,L1,1419,hi
hin,L1,1516,hi
hin,L1,1686,hi
hin,L1,1939,hi
hin,L1,2213,hi
hin,L1,2271,hi
hin,L1,2284,hi
hin,L1,2348,hi
hin,L1,2361,hi
hin,L1,2417,hi
hin,L1,2532,hi
hin,L1,2561,hi
hin,L1,2571,hi
hin,L1,3013,hi
hin,L1,3407,hi
hin,L1,3474,hi
hin,L1,3651,hi
hin,L1,3964,hi
hin,L1,4041,hi
hin,L1,5403,hi
hin,L1,5533,hi
hin,L1,5600,hi
hin,L1,5639,hi
hin,L1,5766,hi
hin,L1,5931,hi
hin,L1,6177,hi
hin,L1,6237,hi
hin,L1,6259,hi
hin,L1,6492,hi
hin,L1,6611,hi
hin,L1,6818,hi
hin,L1,6855,hi
hin,L1,6917,hi
hin,L1,7002,hi
hin,L1,7033,hi
hin,L1,7226,hi
hin,L1,7434,hi
hin,L1,7450,hi
hin,L1,7643,hi
hin,L1,8109,hi
hin,L1,8358,hi
hin,L1,8735,hi
hin,L1,8802,hi
hin,L1,8804,hi
hin,L1,8853,hi
hin,L1,8996,hi
hin,L1,9108,hi
hin,L1,9276,hi
hin,L1,9583,hi
hin,L1,9687,hi
hin,L1,10046,hi
hin,L1,10059,hi
hin,L1,10121,hi
hin,L1,10180,hi
hin,L1,10386,hi
hin,L1,10418,hi
hin,L1,10584,hi
hin,L1,10600,hi
hin,L1,10607,hi
hin,L1,10698,hi
hin,L1,10893,hi
hin,L1,10903,hi
hin,L1,10917,hi
hin,L1,11134,hi
hin,L1,11145,hi
hin,L1,11188,hi
hin,L1,11349,hi
hin,L1,11415,hi
hin,L1,11826,hi
hin,L1,11974,hi
hin,L1,12060,hi
hin,L1,12129,hi
hin,L1,12153,hi
hin,L1,12354,hi
hin,L1,12424,hi
hin,L1,12550,hi
hin,L1,12840,hi
hin,L1,13283,hi
hin,L1,13313,hi
hin,L1,13336,hi
hin,L1,13422,hi
hin,L1,13691,hi
hin,L1,13884,hi
hin,L1,14086,hi
hin,L1,14526,hi
hin,L1,14658,hi
hin,L1,14779,hi
hin,L1,14823,hi
hin,L1,15117,hi
hin,L1,15494,hi
hin,L1,15525,hi
hin,L1,15622,hi
hin,L1,15650,hi
hin,L1,15898,hi
hin,L1,16130,hi
hin,L1,16388,hi
hin,L1,16611,hi
hin,L1,16692,hi
hin,L1,16984,hi
hin,L1,17070,hi
hin,L1,17266,hi
hin,L1,17657,hi
hin,L1,17773,hi
hin,L1,17791,hi
hin,L1,17828,hi
hin,L1,17870,hi
hin,L1,17964,hi
hin,L1,18196,hi
hin,L1,18284,hi
hin,L1,18296,hi
hin,L1,18305,hi
hin,L1,18344,hi
hin,L1,18866,hi
hin,L1,18880,hi
hin,L1,19088,hi
hin,L1,19338,hi
hin,L1,19367,hi
hin,L1,19475,hi
hin,L1,19664,hi
hin,L1,19737,hi
hin,L1,20006,hi
hin,L1,20309,hi
hin,L1,20521,hi
hin,L1,20889,hi
hin,L1,21003,hi
hin,L1,21582,hi
hin,L1,21641,hi
hin,L1,21707,hi
hin,L1,21830,hi
hin,L1,22192,hi
hin,L1,22211,hi
hin,L1,22277,hi
hin,L1,22430,hi
hin,L1,22589,hi
hin,L1,22857,hi
hin,L1,23022,hi
hin,L1,23045,hi
hin,L1,23245,hi
hin,L1,23370,hi
hin,L1,23698,hi
hin,L1,24038,hi
hin,L1,24281,hi
hin,L1,24471,hi
hin,L1,24693,hi
hin,L1,24749,hi
hin,L1,24779,hi
hin,L1,24858,hi
hin,L1,24877,hi
hin,L1,25575,hi
hin,L1,25701,hi
hin,L1,25841,hi
hin,L1,25855,hi
hin,L1,25891,hi
hin,L1,25938,hi
hin,L1,26125,hi
hin,L1,26321,hi
hin,L1,26677,hi
hin,L1,26929,hi
hin,L1,26961,hi
hin,L1,27043,hi
hin,L1,27068,hi
hin,L1,27247,hi
hin,L1,27350,hi
hin,L1,27938,hi
hin,L1,28233,hi
hin,L1,28253,hi
hin,L1,28270,hi
hin,L1,28457,hi
hin,L1,28489,hi
hin,L1,28527,hi
hin,L1,28541,hi
hin,L1,28571,hi
hin,L1,28730,hi
hin,L1,29029,hi
hin,L1,29079,hi
hin,L1,29169,hi
hin,L1,29736,hi
hin,L1,29744,hi
hin,L1,29849,hi
hin,L1,29899,hi
hin,L1,29900,hi
hin,L1,29959,hi
hin,L1,30030,hi
hin,L1,30119,hi
hin,L1,30251,hi
hin,L1,30502,hi
hin,L1,30547,hi
hin,L1,30697,hi
hin,L1,30783,hi
hin,L1,30998,hi
hin,L1,31026,hi
hin,L1,31038,hi
hin,L1,31135,hi
hin,L1,31697,hi
hin,L1,31728,hi
hin,L1,31921,hi
hin,L1,32280,hi
hin,L1,32509,hi
hin,L1,32543,hi
hin,L1,32739,hi
hin,L1,32872,hi
hin,L1,32981,hi
hin,L1,33003,hi
hin,L1,33026,hi
hin,L1,33336,hi
hin,L1,33490,hi
hin,L1,33702,hi
hin,L1,33887,hi
hin,L1,34053,hi
hin,L1,34073,hi
hin,L1,34195,hi
hin,L1,34596,hi
hin,L1,34741,hi
hin,L1,35093,hi
hin,L1,35205,hi
hin,L1,35253,hi
hin,L1,35900,hi
hin,L1,35945,hi
hin,L1,36023,hi
hin,L1,36122,hi
hin,L1,36384,hi
hin,L1,36456,hi
hin,L1,36494,hi
hin,L1,36586,hi
hin,L1,36613,hi
hin,L1,36614,hi
hin,L1,36786,hi
hin,L1,36787,hi
hin,L1,36818,hi
hin,L1,36849,hi
hin,L1,37022,hi
hin,L1,37282,hi
hin,L1,37312,hi
hin,L1,37455,hi
hin,L1,37666,hi
hin,L1,37924,hi
hin,L1,38100,hi
hin,L1,38545,hi
hin,L1,38643,hi
hin,L1,38683,hi
hin,L1,38685,hi
hin,L1,38707,hi
hin,L1,39887,hi
hin,L1,39988,hi
hin,L1,40045,hi
hin,L1,40081,hi
hin,L1,40325,hi
hin,L1,40371,hi
hin,L1,40621,hi
hin,L1,40718,hi
hin,L1,40728,hi
hin,L1,40948,hi
hin,L1,41515,hi
hin,L1,41766,hi
hin,L1,41927,hi
hin,L1,42014,hi
hin,L1,42169,hi
hin,L1,42365,hi
hin,L1,42496,hi
hin,L1,42698,hi
hin,L1,42711,hi
hin,L1,42830,hi
hin,L1,42858,hi
hin,L1,43050,hi
hin,L1,43144,hi
hin,L1,43175,hi
hin,L1,43472,hi
hin,L1,43602,hi
hin,L1,43796,hi
hin,L1,43808,hi
hin,L1,43823,hi
hin,L1,43947,hi
hin,L1,44030,hi
hin,L1,44075,hi
hin,L1,44094,hi
hin,L1,44147,hi
hin,L1,44263,hi
hin,L1,44349,hi
hin,L1,44697,hi
hin,L1,44820,hi
hin,L1,44983,hi
hin,L1,45232,hi
hin,L1,45439,hi
hin,L1,45446,hi
hin,L1,45455,hi
hin,L1,45565,hi
hin,L1,45791,hi
hin,L1,45803,hi
hin,L1,46040,hi
hin,L1,46101,hi
hin,L1,46112,hi
hin,L1,46118,hi
hin,L1,46143,hi
hin,L1,46185,hi
hin,L1,46484,hi
hin,L1,46627,hi
hin,L1,46765,hi
hin,L1,46777,hi
hin,L1,46966,hi
hin,L1,47157,hi
hin,L1,47253,hi
hin,L1,47690,hi
hin,L1,48076,hi
hin,L1,48167,hi
hin,L1,48344,hi
hin,L1,48526,hi
hin,L1,48589,hi
hin,L1,48650,hi
hin,L1,48663,hi
hin,L1,48832,hi
hin,L1,48973,hi
hin,L1,49894,hi
hin,L1,50164,hi
hin,L1,50190,hi
hin,L1,50638,hi
hin,L1,51172,hi
hin,L1,51175,hi
hin,L1,51289,hi
hin,L1,51502,hi
hin,L1,51731,hi
hin,L1,51775,hi
hin,L1,51848,hi
hin,L1,51893,hi
hin,L1,52035,hi
hin,L1,52176,hi
hin,L1,52197,hi
hin,L1,52203,hi
hin,L1,52347,hi
hin,L1,52411,hi
hin,L1,52462,hi
hin,L1,52636,hi
hin,L1,52862,hi
hin,L1,53115,hi
hin,L1,53220,hi
hin,L1,53303,hi
hin,L1,53327,hi
hin,L1,53355,hi
hin,L1,53373,hi
hin,L1,53475,hi
hin,L1,53486,hi
hin,L1,53756,hi
hin,L1,53879,hi
hin,L1,54139,hi
hin,L1,54226,hi
hin,L1,54235,hi
hin,L1,54352,hi
hin,L1,54407,hi
hin,L1,54420,hi
hin,L1,54423,hi
hin,L1,54446,hi
hin,L1,54574,hi
hin,L1,54616,hi
hin,L1,55092,hi
hin,L1,55098,hi
hin,L1,55269,hi
hin,L1,55304,hi
hin,L1,55503,hi
hin,L1,55592,hi
hin,L1,56031,hi
hin,L1,56226,hi
hin,L1,56272,hi
hin,L1,56525,hi
hin,L1,56976,hi
hin,L1,56990,hi
hin,L1,57417,hi
hin,L1,57662,hi
hin,L1,57676,hi
hin,L1,57801,hi
hin,L1,58008,hi
hin,L1,58468,hi
hin,L1,58575,hi
hin,L1,58673,hi
hin,L1,58688,hi
hin,L1,59181,hi
hin,L1,59277,hi
hin,L1,59421,hi
hin,L1,59452,hi
hin,L1,59852,hi
hin,L1,60207,hi
hin,L1,60210,hi
hin,L1,60225,hi
hin,L1,60296,hi
hin,L1,60351,hi
hin,L1,60469,hi
hin,L1,60916,hi
hin,L1,60962,hi
hin,L1,61050,hi
hin,L1,61262,hi
hin,L1,61296,hi
hin,L1,61463,hi
hin,L1,61523,hi
hin,L1,61573,hi
hin,L1,61610,hi
hin,L1,61701,hi
hin,L1,61792,hi
hin,L1,61843,hi
hin,L1,61849,hi
hin,L1,62047,hi
hin,L1,62085,hi
hin,L1,62248,hi
hin,L1,62294,hi
hin,L1,62338,hi
hin,L1,62399,hi
hin,L1,62415,hi
hin,L1,62537,hi
hin,L1,62840,hi
hin,L1,62860,hi
hin,L1,63375,hi
hin,L1,63614,hi
hin,L1,63676,hi
hin,L1,64003,hi
hin,L1,64066,hi
hin,L1,64249,hi
hin,L1,64263,hi
hin,L1,64510,hi
hin,L1,64601,hi
hin,L1,64648,hi
hin,L1,64760,hi
hin,L1,64848,hi
hin,L1,64983,hi
hin,L1,65063,hi
hin,L1,65209,hi
hin,L1,65282,hi
hin,L1,65433,hi
hin,L1,65655,hi
hin,L1,66340,hi
hin,L1,66348,hi
hin,L1,66707,hi
hin,L1,66936,hi
hin,L1,66979,hi
hin,L1,66997,hi
hin,L1,67155,hi
hin,L1,67208,hi
hin,L1,67247,hi
hin,L1,67309,hi
hin,L1,67847,hi
hin,L1,67969,hi
hin,L1,68162,hi
hin,L1,68254,hi
hin,L1,68423,hi
hin,L1,68727,hi
hin,L1,68750,hi
hin,L1,68755,hi
hin,L1,68785,hi
hin,L1,68998,hi
hin,L1,69310,hi
hin,L1,69331,hi
hin,L1,69487,hi
hin,L1,69741,hi
hin,L1,69867,hi
hin,L1,69946,hi
hin,L1,70440,hi
hin,L1,70461,hi
hin,L1,70512,hi
hin,L1,70574,hi
hin,L1,70737,hi
hin,L1,70761,hi
hin,L1,70827,hi
hin,L1,70873,hi
hin,L1,70882,hi
hin,L1,71078,hi
hin,L1,71237,hi
hin,L1,71701,hi
hin,L1,72025,hi
hin,L1,72249,hi
hin,L1,72296,hi
hin,L1,72349,hi
hin,L1,72421,hi
hin,L1,72508,hi
hin,L1,72664,hi
hin,L1,72761,hi
hin,L1,72855,hi
hin,L1,72884,hi
hin,L1,72932,hi
hin,L1,73836,hi
hin,L1,74060,hi
hin,L1,74271,hi
hin,L1,74281,hi
hin,L1,74713,hi
hin,L1,74777,hi
hin,L1,74793,hi
hin,L1,74913,hi
hin,L1,75056,hi
hin,L1,75361,hi
hin,L1,75390,hi
hin,L1,75461,hi
hin,L1,75905,hi
hin,L1,76006,hi
hin,L1,76075,hi
hin,L1,76344,hi
hin,L1,76576,hi
hin,L1,76673,hi
hin,L1,76882,hi
hin,L1,76901,hi
hin,L1,77031,hi
hin,L1,77153,hi
hin,L1,77235,hi
hin,L1,77458,hi
hin,L1,77470,hi
hin,L1,77551,hi
hin,L1,77731,hi
hin,L1,77764,hi
hin,L1,77797,hi
hin,L1,77945,hi
hin,L1,77969,hi
hin,L1,77970,hi
hin,L1,77989,hi
hin,L1,78053,hi
hin,L1,78090,hi
hin,L1,78266,hi
hin,L1,78279,hi
hin,L1,78332,hi
hin,L1,78490,hi
hin,L1,78609,hi
hin,L1,79075,hi
hin,L1,79086,hi
hin,L1,79205,hi
hin,L1,79356,hi
hin,L1,79586,hi
hin,L1,79861,hi
hin,L1,79956,hi
hin,L1,80046,hi
hin,L1,80067,hi
hin,L1,80162,hi
hin,L1,80267,hi
hin,L1,80437,hi
hin,L1,80567,hi
hin,L1,80653,hi
hin,L1,80655,hi
hin,L1,80690,hi
hin,L1,80983,hi
hin,L1,81111,hi
hin,L1,81725,hi
hin,L1,81808,hi
hin,L1,81914,hi
hin,L1,82132,hi
hin,L1,82194,hi
hin,L1,82322,hi
hin,L1,82469,hi
hin,L1,82573,hi
hin,L1,82721,hi
hin,L1,82750,hi
hin,L1,82790,hi
hin,L1,82850,hi
hin,L1,83339,hi
hin,L1,83458,hi
hin,L1,83776,hi
hin,L1,83892,hi
hin,L1,84029,hi
hin,L1,84204,hi
hin,L1,84514,hi
hin,L1,84636,hi
hin,L1,84786,hi
hin,L1,84858,hi
hin,L1,84877,hi
hin,L1,85470,hi
hin,L1,85792,hi
hin,L1,86078,hi
hin,L1,86534,hi
hin,L1,86657,hi
hin,L1,86734,hi
hin,L1,86853,hi
hin,L1,86904,hi
hin,L1,87166,hi
hin,L1,87229,hi
hin,L1,87354,hi
hin,L1,87441,hi
hin,L1,87750,hi
hin,L1,87856,hi
hin,L1,88004,hi
hin,L1,88067,hi
hin,L1,88276,hi
hin,L1,88327,hi
hin,L1,88388,hi
hin,L1,89063,hi
hin,L1,89149,hi
hin,L1,89164,hi
hin,L1,89265,hi
hin,L1,89340,hi
hin,L1,89342,hi
hin,L1,89769,hi
hin,L1,89896,hi
hin,L1,89923,hi
hin,L1,89980,hi
hin,L1,90010,hi
hin,L1,90102,hi
hin,L1,90253,hi
hin,L1,90405,hi
hin,L1,90407,hi
hin,L1,90420,hi
hin,L1,90882,hi
hin,L1,90930,hi
hin,L1,91284,hi
hin,L1,91294,hi
hin,L1,91349,hi
hin,L1,91371,hi
hin,L1,91422,hi
hin,L1,91531,hi
hin,L1,91596,hi
hin,L1,91828,hi
hin,L1,92175,hi
hin,L1,92194,hi
hin,L1,92304,hi
hin,L1,92368,hi
hin,L1,92603,hi
hin,L1,92677,hi
hin,L1,92678,hi
hin,L1,92693,hi
hin,L1,92921,hi
hin,L1,93148,hi
hin,L1,93216,hi
hin,L1,93530,hi
hin,L1,93680,hi
hin,L1,94129,hi
hin,L1,94350,hi
hin,L1,94391,hi
hin,L1,94428,hi
hin,L1,94947,hi
hin,L1,95033,hi
hin,L1,95085,hi
hin,L1,95180,hi
hin,L1,95243,hi
hin,L1,95517,hi
hin,L1,95540,hi
hin,L1,95676,hi
hin,L1,95827,hi
hin,L1,96591,hi
hin,L1,96592,hi
hin,L1,96656,hi
hin,L1,97318,hi
hin,L1,97456,hi
hin,L1,97557,hi
hin,L1,97624,hi
hin,L1,97645,hi
hin,L1,97919,hi
hin,L1,98167,hi
hin,L1,98211,hi
hin,L1,98238,hi
hin,L1,98243,hi
hin,L1,98382,hi
hin,L1,98645,hi
hin,L1,99200,hi
hin,L1,99242,hi
hin,L1,99312,hi
hin,L1,99355,hi
hin,L1,99440,hi
hin,L1,99455,hi
hin,L1,99586,hi
hin,L1,99690,hi
hin,L1,99743,hi
hin,L1,99752,hi
hin,L1,99996,hi
hin,L1,100348,hi
hin,L1,100408,hi
hin,L1,100474,hi
hin,L1,100496,hi
hin,L1,100547,hi
hin,L1,100687,hi
hin,L1,100710,hi
hin,L1,100739,hi
hin,L1,101021,hi
hin,L1,101033,hi
hin,L1,101094,hi
hin,L1,101238,hi
hin,L1,101327,hi
hin,L1,101370,hi
hin,L1,101382,hi
hin,L1,101569,hi
hin,L1,101785,hi
hin,L1,101931,hi
hin,L1,102357,hi
hin,L1,102773,hi
hin,L1,102894,hi
hin,L1,103015,hi
hin,L1,103036,hi
hin,L1,103345,hi
hin,L1,103394,hi
hin,L1,103398,hi
hin,L1,103399,hi
hin,L1,103526,hi
hin,L1,103534,hi
hin,L1,103581,hi
hin,L1,103618,hi
hin,L1,103851,hi
hin,L1,103948,hi
hin,L1,104004,hi
hin,L1,104057,hi
hin,L1,104195,hi
hin,L1,104258,hi
hin,L1,104336,hi
hin,L1,104501,hi
hin,L1,104517,hi
hin,L1,104588,hi
hin,L1,104649,hi
hin,L1,104656,hi
hin,L1,104907,hi
hin,L1,105113,hi
hin,L1,105439,hi
hin,L1,105465,hi
hin,L1,105480,hi
hin,L1,106080,hi
hin,L1,106353,hi
hin,L1,106594,hi
hin,L1,106721,hi
hin,L1,106753,hi
hin,L1,106895,hi
hin,L1,106917,hi
hin,L1,106997,hi
hin,L1,107182,hi
hin,L1,107369,hi
hin,L1,107408,hi
hin,L1,107414,hi
hin,L1,107496,hi
hin,L1,107848,hi
hin,L1,107859,hi
hin,L1,107975,hi
hin,L1,108081,hi
hin,L1,108154,hi
hin,L1,108641,hi
hin,L1,109076,hi
hin,L1,109182,hi
hin,L1,109307,hi
hin,L1,109491,hi
hin,L1,110163,hi
hin,L1,110986,hi
hin,L1,111154,hi
hin,L1,111281,hi
hin,L1,111384,hi
hin,L1,111570,hi
hin,L1,111854,hi
hin,L1,112107,hi
hin,L1,112211,hi
hin,L1,112531,hi
hin,L1,112934,hi
hin,L1,112941,hi
hin,L1,112999,hi
hin,L1,113167,hi
hin,L1,113506,hi
hin,L1,114020,hi
hin,L1,114139,hi
hin,L1,114607,hi
hin,L1,114766,hi
hin,L1,115042,hi
hin,L1,115294,hi
hin,L1,115442,hi
hin,L1,115524,hi
hin,L1,115636,hi
hin,L1,115869,hi
hin,L1,116106,hi
hin,L1,116144,hi
hin,L1,116414,hi
hin,L1,116660,hi
hin,L1,116666,hi
hin,L1,117139,hi
hin,L1,117224,hi
hin,L1,117399,hi
hin,L1,117431,hi
hin,L1,117463,hi
hin,L1,117655,hi
hin,L1,117983,hi
hin,L1,117999,hi
hin,L1,118029,hi
hin,L1,118115,hi
hin,L1,118292,hi
hin,L1,118405,hi
hin,L1,118974,hi
hin,L1,119071,hi
hin,L1,119295,hi
hin,L1,119381,hi
hin,L1,119402,hi
hin,L1,119522,hi
hin,L1,120288,hi
hin,L1,120416,hi
hin,L1,120936,hi
hin,L1,120973,hi
hin,L1,121108,hi
hin,L1,121228,hi
hin,L1,121261,hi
hin,L1,121668,hi
hin,L1,121682,hi
hin,L1,121773,hi
hin,L1,121940,hi
hin,L1,121944,hi
hin,L1,122091,hi
hin,L1,122216,hi
hin,L1,122283,hi
hin,L1,122313,hi
hin,L1,122318,hi
hin,L1,122351,hi
hin,L1,122370,hi
hin,L1,122764,hi
hin,L1,122771,hi
hin,L1,123209,hi
hin,L1,123283,hi
hin,L1,123523,hi
hin,L1,123595,hi
hin,L1,123899,hi
hin,L1,124173,hi
hin,L1,124412,hi
hin,L1,124580,hi
hin,L1,124725,hi
hin,L1,124899,hi
hin,L1,124921,hi
hin,L1,125096,hi
hin,L1,125398,hi
hin,L1,125513,hi
hin,L1,126018,hi
hin,L1,126021,hi
hin,L1,126027,hi
hin,L1,126112,hi
hin,L1,126327,hi
hin,L1,126378,hi
hin,L1,126648,hi
hin,L1,126800,hi
hin,L1,127113,hi
hin,L1,127156,hi
hin,L1,127290,hi
hin,L1,127371,hi
hin,L1,127524,hi
hin,L1,127567,hi
hin,L1,127636,hi
hin,L1,127763,hi
hin,L1,127955,hi
hin,L1,127994,hi
hin,L1,128377,hi
hin,L1,128537,hi
hin,L1,128547,hi
hin,L1,128793,hi
hin,L1,128804,hi
hin,L1,128805,hi
hin,L1,128931,hi
hin,L1,129444,hi
hin,L1,129653,hi
hin,L1,129809,hi
hin,L1,129994,hi
hin,L1,130135,hi
hin,L1,130152,hi
hin,L1,130275,hi
hin,L1,130288,hi
hin,L1,130335,hi
hin,L1,130672,hi
hin,L1,130678,hi
hin,L1,130711,hi
hin,L1,130715,hi
hin,L1,130999,hi
hin,L1,131303,hi
hin,L1,131304,hi
hin,L1,131357,hi
hin,L1,131535,hi
hin,L1,131635,hi
hin,L1,131661,hi
hin,L1,131966,hi
hin,L1,132198,hi
hin,L1,132639,hi
hin,L1,132704,hi
hin,L1,132775,hi
hin,L1,132887,hi
hin,L1,133102,hi
hin,L1,133279,hi
hin,L1,133559,hi
hin,L1,133595,hi
hin,L1,133603,hi
hin,L1,133609,hi
hin,L1,133621,hi
hin,L1,133737,hi
hin,L1,133781,hi
hin,L1,133847,hi
hin,L1,133976,hi
hin,L1,134072,hi
hin,L1,134100,hi
hin,L1,134125,hi
hin,L1,134131,hi
hin,L1,134180,hi
hin,L1,134427,hi
hin,L1,134472,hi
hin,L1,134619,hi
hin,L1,134821,hi
hin,L1,134932,hi
hin,L1,135065,hi
hin,L1,135406,hi
hin,L1,135434,hi
hin,L1,135551,hi
hin,L1,135865,hi
hin,L1,135911,hi
hin,L1,136025,hi
hin,L1,136165,hi
hin,L1,136180,hi
hin,L1,136345,hi
hin,L1,136536,hi
hin,L1,136664,hi
hin,L1,136744,hi
hin,L1,136811,hi
hin,L1,137224,hi
hin,L1,137477,hi
hin,L1,137493,hi
hin,L1,137550,hi
hin,L1,137633,hi
hin,L1,137652,hi
hin,L1,137676,hi
hin,L1,137740,hi
hin,L1,137879,hi
hin,L1,137882,hi
hin,L1,138090,hi
hin,L1,138157,hi
hin,L1,138286,hi
hin,L1,138297,hi
hin,L1,138340,hi
hin,L1,138470,hi
hin,L1,138507,hi
hin,L1,138565,hi
hin,L1,138816,hi
hin,L1,138995,hi
hin,L1,139023,hi
hin,L1,139140,hi
hin,L1,139215,hi
hin,L1,139452,hi
hin,L1,139545,hi
hin,L1,139557,hi
hin,L1,139893,hi
hin,L1,140269,hi
hin,L1,140311,hi
hin,L1,140477,hi
hin,L1,140676,hi
hin,L1,140689,hi
hin,L1,140735,hi
hin,L1,140843,hi
hin,L1,141193,hi
hin,L1,141214,hi
hin,L1,141262,hi
hin,L1,141329,hi
hin,L1,141334,hi
hin,L1,141433,hi
hin,L1,141592,hi
hin,L1,141829,hi
hin,L1,142061,hi
hin,L1,142151,hi
hin,L1,142530,hi
hin,L1,142869,hi
hin,L1,142991,hi
hin,L1,143005,hi
hin,L1,143104,hi
hin,L1,143282,hi
hin,L1,143442,hi
hin,L1,143828,hi
hin,L1,143907,hi
hin,L1,144160,hi
hin,L1,144266,hi
hin,L1,144761,hi
hin,L1,144780,hi
hin,L1,144794,hi
hin,L1,144951,hi
hin,L1,144973,hi
hin,L1,144975,hi
hin,L1,144984,hi
hin,L1,145019,hi
hin,L1,145044,hi
hin,L1,145077,hi
hin,L1,145359,hi
hin,L1,145591,hi
hin,L1,145727,hi
hin,L1,145771,hi
hin,L1,145894,hi
hin,L1,146236,hi
hin,L1,146273,hi
hin,L1,146277,hi
hin,L1,146468,hi
hin,L1,146546,hi
hin,L1,146733,hi
hin,L1,146777,hi
hin,L1,146881,hi
hin,L1,146985,hi
hin,L1,147088,hi
hin,L1,147137,hi
hin,L1,147259,hi
hin,L1,147467,hi
hin,L1,147898,hi
hin,L1,147960,hi
hin,L1,148124,hi
hin,L1,148352,hi
hin,L1,148533,hi
hin,L1,148935,hi
hin,L1,148945,hi
hin,L1,148959,hi
hin,L1,149153,hi
hin,L1,149302,hi
hin,L1,149599,hi
hin,L1,149789,hi
hin,L1,149806,hi
hin,L1,149875,hi
hin,L1,150013,hi
hin,L1,150051,hi
hin,L1,150101,hi
hin,L1,150718,hi
hin,L1,150951,hi
hin,L1,150970,hi
hin,L1,151015,hi
hin,L1,151038,hi
hin,L1,151281,hi
hin,L1,151580,hi
hin,L1,151608,hi
hin,L1,151650,hi
hin,L1,151686,hi
hin,L1,151877,hi
hin,L1,152069,hi
hin,L1,152077,hi
hin,L1,152092,hi
hin,L1,152413,hi
hin,L1,153051,hi
hin,L1,153360,hi
hin,L1,153611,hi
hin,L1,153738,hi
hin,L1,153977,hi
hin,L1,154023,hi
hin,L1,154053,hi
hin,L1,154266,hi
hin,L1,154278,hi
hin,L1,154333,hi
hin,L1,154557,hi
hin,L1,154583,hi
hin,L1,154634,hi
hin,L1,154850,hi
hin,L1,155425,hi
hin,L1,155482,hi
hin,L1,155594,hi
hin,L1,155598,hi
hin,L1,155811,hi
hin,L1,156077,hi
hin,L1,156152,hi
hin,L1,156207,hi
hin,L1,156524,hi
hin,L1,156787,hi
hin,L1,156884,hi
hin,L1,156893,hi
hin,L1,156899,hi
hin,L1,157250,hi
hin,L1,157264,hi
hin,L1,157328,hi
hin,L1,157507,hi
hin,L1,157602,hi
hin,L1,157734,hi
hin,L1,157889,hi
hin,L1,158335,hi
hin,L1,158400,hi
hin,L1,158664,hi
hin,L1,158726,hi
hin,L1,159001,hi
hin,L1,159017,hi
hin,L1,159073,hi
hin,L1,159419,hi
hin,L1,159420,hi
hin,L1,159719,hi
hin,L1,159769,hi
hin,L1,159868,hi
hin,L1,160596,hi
hin,L1,160639,hi
hin,L1,160685,hi
hin,L1,160761,hi
hin,L1,161042,hi
hin,L1,161327,hi
hin,L1,161421,hi
hin,L1,161728,hi
hin,L1,161908,hi
hin,L1,162176,hi
hin,L1,162218,hi
hin,L1,162265,hi
hin,L1,162293,hi
hin,L1,162462,hi
hin,L1,162490,hi
hin,L1,162741,hi
hin,L1,163295,hi
hin,L1,163344,hi
hin,L1,163397,hi
hin,L1,163928,hi
hin,L1,164006,hi
hin,L1,164052,hi
hin,L1,164072,hi
hin,L1,164457,hi
hin,L1,164478,hi
hin,L1,164661,hi
hin,L1,164746,hi
hin,L1,164787,hi
hin,L1,164849,hi
hin,L1,164875,hi
hin,L1,164968,hi
hin,L1,164989,hi
hin,L1,165146,hi
hin,L1,165179,hi
hin,L1,165257,hi
hin,L1,165457,hi
hin,L1,165527,hi
hin,L1,165672,hi
hin,L1,165821,hi
hin,L1,165863,hi
hin,L1,165883,hi
hin,L1,166264,hi
hin,L1,166327,hi
hin,L1,166539,hi
hin,L1,166596,hi
hin,L1,166611,hi
hin,L1,166808,hi
hin,L1,166828,hi
hin,L1,166838,hi
hin,L1,167091,hi
hin,L1,167173,hi
hin,L1,167268,hi
hin,L1,167554,hi
hin,L1,167646,hi
hin,L1,167790,hi
hin,L1,168153,hi
hin,L1,168228,hi
hin,L1,168241,hi
hin,L1,168438,hi
hin,L1,168555,hi
hin,L1,168896,hi
hin,L1,168899,hi
hin,L1,168965,hi
hin,L1,169092,hi
hin,L1,169134,hi
hin,L1,169424,hi
hin,L1,169527,hi
hin,L1,169533,hi
hin,L1,169609,hi
hin,L1,169613,hi
hin,L1,169622,hi
hin,L1,170238,hi
hin,L1,170255,hi
hin,L1,170274,hi
hin,L1,170512,hi
hin,L1,170684,hi
hin,L1,170697,hi
hin,L1,170723,hi
hin,L1,170761,hi
hin,L1,170853,hi
hin,L1,170871,hi
hin,L1,171214,hi
hin,L1,171218,hi
hin,L1,171444,hi
hin,L1,171761,hi
hin,L1,171768,hi
hin,L1,171816,hi
hin,L1,171864,hi
hin,L1,172008,hi
hin,L1,172473,hi
hin,L1,172993,hi
hin,L1,173081,hi
hin,L1,173233,hi
hin,L1,173288,hi
hin,L1,173371,hi
hin,L1,173381,hi
hin,L1,173463,hi
hin,L1,173628,hi
hin,L1,173686,hi
hin,L1,173729,hi
hin,L1,173740,hi
hin,L1,174264,hi
hin,L1,174346,hi
hin,L1,174460,hi
hin,L1,174493,hi
hin,L1,174575,hi
hin,L1,175037,hi
hin,L1,175300,hi
hin,L1,175324,hi
hin,L1,175354,hi
hin,L1,175399,hi
hin,L1,175467,hi
hin,L1,175625,hi
hin,L1,176034,hi
hin,L1,176296,hi
hin,L1,176510,hi
hin,L1,177157,hi
hin,L1,177177,hi
hin,L1,177390,hi
hin,L1,177631,hi
hin,L1,177829,hi
hin,L1,177964,hi
hin,L1,178182,hi
hin,L1,178414,hi
hin,L1,178480,hi
hin,L1,178650,hi
hin,L1,178691,hi
hin,L1,178711,hi
hin,L1,178772,hi
hin,L1,178800,hi
hin,L1,178872,hi
hin,L1,178873,hi
hin,L1,178877,hi
hin,L1,179018,hi
hin,L1,179135,hi
hin,L1,179139,hi
hin,L1,179178,hi
hin,L1,179243,hi
hin,L1,179408,hi
hin,L1,179534,hi
hin,L1,179691,hi
hin,L1,179808,hi
hin,L1,179957,hi
hin,L1,180002,hi
hin,L1,180305,hi
hin,L1,180344,hi
hin,L1,180489,hi
hin,L1,180494,hi
hin,L1,180503,hi
hin,L1,180861,hi
hin,L1,180894,hi
hin,L1,181191,hi
hin,L1,181540,hi
hin,L1,181847,hi
hin,L1,181910,hi
hin,L1,181935,hi
hin,L1,181959,hi
hin,L1,182008,hi
hin,L1,182158,hi
hin,L1,182181,hi
hin,L1,182245,hi
hin,L1,182267,hi
hin,L1,182749,hi
hin,L1,182910,hi
hin,L1,182972,hi
hin,L1,183049,hi
hin,L1,183126,hi
hin,L1,183180,hi
hin,L1,183394,hi
hin,L1,183478,hi
hin,L1,183850,hi
hin,L1,183859,hi
hin,L1,184052,hi
hin,L1,184455,hi
hin,L1,184612,hi
hin,L1,184626,hi
hin,L1,185077,hi
hin,L1,185129,hi
hin,L1,185470,hi
hin,L1,185750,hi
hin,L1,185763,hi
hin,L1,185892,hi
hin,L1,185919,hi
hin,L1,186104,hi
hin,L1,186178,hi
hin,L1,186480,hi
hin,L1,186536,hi
hin,L1,186570,hi
hin,L1,186591,hi
hin,L1,186863,hi
hin,L1,186954,hi
hin,L1,187150,hi
hin,L1,187206,hi
hin,L1,187219,hi
hin,L1,187264,hi
hin,L1,187558,hi
hin,L1,187650,hi
hin,L1,187670,hi
hin,L1,187945,hi
hin,L1,188018,hi
hin,L1,188276,hi
hin,L1,188362,hi
hin,L1,188392,hi
hin,L1,188600,hi
hin,L1,188614,hi
hin,L1,188816,hi
hin,L1,188844,hi
hin,L1,189246,hi
hin,L1,189262,hi
hin,L1,189292,hi
hin,L1,189611,hi
hin,L1,190102,hi
hin,L1,190114,hi
hin,L1,190156,hi
hin,L1,190276,hi
hin,L1,190774,hi
hin,L1,190992,hi
hin,L1,191047,hi
hin,L1,191114,hi
hin,L1,191187,hi
hin,L1,191214,hi
hin,L1,191379,hi
hin,L1,191489,hi
hin,L1,191770,hi
hin,L1,191966,hi
hin,L1,192001,hi
hin,L1,192185,hi
hin,L1,192229,hi
hin,L1,192406,hi
hin,L1,192429,hi
hin,L1,192680,hi
hin,L1,192729,hi
hin,L1,192732,hi
hin,L1,192920,hi
hin,L1,192969,hi
hin,L1,193122,hi
hin,L1,193271,hi
hin,L1,193283,hi
hin,L1,193440,hi
hin,L1,193724,hi
hin,L1,193732,hi
hin,L1,193812,hi
hin,L1,193864,hi
hin,L1,194111,hi
hin,L1,194386,hi
hin,L1,194455,hi
hin,L1,194635,hi
hin,L1,194650,hi
hin,L1,194766,hi
hin,L1,194794,hi
hin,L1,194918,hi
hin,L1,195069,hi
hin,L1,195079,hi
hin,L1,195201,hi
hin,L1,195314,hi
hin,L1,195316,hi
hin,L1,195367,hi
hin,L1,195640,hi
hin,L1,195772,hi
hin,L1,196359,hi
hin,L1,196528,hi
hin,L1,196546,hi
hin,L1,196613,hi
hin,L1,196788,hi
hin,L1,197053,hi
hin,L1,197182,hi
hin,L1,197372,hi
hin,L1,197497,hi
hin,L1,197724,hi
hin,L1,197778,hi
hin,L1,197855,hi
hin,L1,198007,hi
hin,L1,198019,hi
hin,L1,198022,hi
hin,L1,198055,hi
hin,L1,198503,hi
hin,L1,198796,hi
hin,L1,198802,hi
hin,L1,199025,hi
hin,L1,199083,hi
hin,L1,199174,hi
hin,L1,199427,hi
hin,L1,199530,hi
hin,L1,199574,hi
hin,L1,199583,hi
hin,L1,199733,hi
hin,L1,199787,hi
hin,L1,199826,hi
hin,L1,199940,hi
hin,L1,200028,hi
hin,L1,200084,hi
hin,L1,200226,hi
hin,L1,200319,hi
hin,L1,200396,hi
hin,L1,200572,hi
hin,L1,200803,hi
hin,L1,200989,hi
hin,L1,201621,hi
hin,L1,201670,hi
hin,L1,201833,hi
hin,L1,201912,hi
hin,L1,202099,hi
hin,L1,202208,hi
hin,L1,202465,hi
hin,L1,202776,hi
hin,L1,202788,hi
hin,L1,203108,hi
hin,L1,203558,hi
hin,L1,203910,hi
hin,L1,203961,hi
hin,L1,203996,hi
hin,L1,204044,hi
hin,L1,204090,hi
hin,L1,204506,hi
hin,L1,204566,hi
hin,L1,204697,hi
hin,L1,204774,hi
hin,L1,204831,hi
hin,L1,204843,hi
hin,L1,204885,hi
hin,L1,205104,hi
hin,L1,205336,hi
hin,L1,205376,hi
hin,L1,205401,hi
hin,L1,205646,hi
hin,L1,205944,hi
hin,L1,206021,hi
hin,L1,206034,hi
hin,L1,206138,hi
hin,L1,206168,hi
hin,L1,206302,hi
hin,L1,206312,hi
hin,L1,206889,hi
hin,L1,207159,hi
hin,L1,207184,hi
hin,L1,207306,hi
hin,L1,207884,hi
hin,L1,207986,hi
hin,L1,208057,hi
hin,L1,208104,hi
hin,L1,208262,hi
hin,L1,208328,hi
hin,L1,208652,hi
hin,L1,208800,hi
hin,L1,208839,hi
hin,L1,208928,hi
hin,L1,209201,hi
hin,L1,209290,hi
hin,L1,209519,hi
hin,L1,209675,hi
hin,L1,209908,hi
hin,L1,210034,hi
hin,L1,210130,hi
hin,L1,210176,hi
hin,L1,210315,hi
hin,L1,210452,hi
hin,L1,210896,hi
hin,L1,210980,hi
hin,L1,211346,hi
hin,L1,211356,hi
hin,L1,211372,hi
hin,L1,211429,hi
hin,L1,211692,hi
hin,L1,212402,hi
hin,L1,212425,hi
hin,L1,212558,hi
hin,L1,212607,hi
hin,L1,212809,hi
hin,L1,212834,hi
hin,L1,213064,hi
hin,L1,213663,hi
hin,L1,213778,hi
hin,L1,213897,hi
hin,L1,214177,hi
hin,L1,214384,hi
hin,L1,214389,hi
hin,L1,214558,hi
hin,L1,214610,hi
hin,L1,214679,hi
hin,L1,215320,hi
hin,L1,215697,hi
hin,L1,215732,hi
hin,L1,215829,hi
hin,L1,215977,hi
hin,L1,215982,hi
hin,L1,216233,hi
hin,L1,216582,hi
hin,L1,216669,hi
hin,L1,217231,hi
hin,L1,217395,hi
hin,L1,217515,hi
hin,L1,217522,hi
hin,L1,217624,hi
hin,L1,217723,hi
hin,L1,217799,hi
hin,L1,217902,hi
hin,L1,218333,hi
hin,L1,218454,hi
hin,L1,218542,hi
hin,L1,218949,hi
hin,L1,218988,hi
hin,L1,219064,hi
hin,L1,219073,hi
hin,L1,219805,hi
hin,L1,219859,hi
hin,L1,219959,hi
hin,L1,219994,hi
hin,L1,220020,hi
hin,L1,220371,hi
hin,L1,220545,hi
hin,L1,220795,hi
hin,L1,220943,hi
hin,L1,221149,hi
hin,L1,221248,hi
hin,L1,221255,hi
hin,L1,221311,hi
hin,L1,221344,hi
hin,L1,221369,hi
hin,L1,221392,hi
hin,L1,221414,hi
hin,L1,221735,hi
hin,L1,221935,hi
hin,L1,222000,hi
hin,L1,222057,hi
hin,L1,222118,hi
hin,L1,222675,hi
hin,L1,222694,hi
hin,L1,223039,hi
hin,L1,223056,hi
hin,L1,223568,hi
hin,L1,223578,hi
hin,L1,223615,hi
hin,L1,223632,hi
hin,L1,223654,hi
hin,L1,223691,hi
hin,L1,224266,hi
hin,L1,224277,hi
hin,L1,224304,hi
hin,L1,224479,hi
hin,L1,224826,hi
hin,L1,224902,hi
hin,L1,225214,hi
hin,L1,225251,hi
hin,L1,225639,hi
hin,L1,225769,hi
hin,L1,225991,hi
hin,L1,226086,hi
hin,L1,226178,hi
hin,L1,226486,hi
hin,L1,226728,hi
hin,L1,226995,hi
hin,L1,227121,hi
hin,L1,227307,hi
hin,L1,227358,hi
hin,L1,227500,hi
hin,L1,227632,hi
hin,L1,227738,hi
hin,L1,227872,hi
hin,L1,228046,hi
hin,L1,228100,hi
hin,L1,228135,hi
hin,L1,228586,hi
hin,L1,228588,hi
hin,L1,228930,hi
hin,L1,228977,hi
hin,L1,229238,hi
hin,L1,229454,hi
hin,L1,229567,hi
hin,L1,229629,hi
hin,L1,229685,hi
hin,L1,229752,hi
hin,L1,229781,hi
hin,L1,229945,hi
hin,L1,230028,hi
hin,L1,230254,hi
hin,L1,230525,hi
hin,L1,230613,hi
hin,L1,230907,hi
hin,L1,230919,hi
hin,L1,230971,hi
hin,L1,231104,hi
hin,L1,231157,hi
hin,L1,231210,hi
hin,L1,231340,hi
hin,L1,231353,hi
hin,L1,231359,hi
hin,L1,231423,hi
hin,L1,231433,hi
hin,L1,231474,hi
hin,L1,231618,hi
hin,L1,231728,hi
hin,L1,231750,hi
hin,L1,231772,hi
hin,L1,231792,hi
hin,L1,232657,hi
hin,L1,232752,hi
hin,L1,232808,hi
hin,L1,233047,hi
hin,L1,233097,hi
hin,L1,233117,hi
hin,L1,233264,hi
hin,L1,233291,hi
hin,L1,233315,hi
hin,L1,233553,hi
hin,L1,233554,hi
hin,L1,233734,hi
hin,L1,233782,hi
hin,L1,233881,hi
hin,L1,234046,hi
hin,L1,234249,hi
hin,L1,234818,hi
hin,L1,235135,hi
hin,L1,235174,hi
hin,L1,235202,hi
hin,L1,235231,hi
hin,L1,235277,hi
hin,L1,235348,hi
hin,L1,235387,hi
hin,L1,235773,hi
hin,L1,235872,hi
hin,L1,236253,hi
hin,L1,236359,hi
hin,L1,236385,hi
hin,L1,236497,hi
hin,L1,236562,hi
hin,L1,237030,hi
hin,L1,237049,hi
hin,L1,237086,hi
hin,L1,237453,hi
hin,L1,237480,hi
hin,L1,237609,hi
hin,L1,237632,hi
hin,L1,237723,hi
hin,L1,237839,hi
hin,L1,237944,hi
hin,L1,238057,hi
hin,L1,238098,hi
hin,L1,238247,hi
hin,L1,238323,hi
hin,L1,238491,hi
hin,L1,238584,hi
hin,L1,238635,hi
hin,L1,238721,hi
hin,L1,239308,hi
hin,L1,239360,hi
hin,L1,239470,hi
hin,L1,239482,hi
hin,L1,239681,hi
hin,L1,239825,hi
hin,L1,239868,hi
hin,L1,240144,hi
hin,L1,240269,hi
hin,L1,240458,hi
hin,L1,240604,hi
hin,L1,240645,hi
hin,L1,240797,hi
hin,L1,241046,hi
hin,L1,241209,hi
hin,L1,241453,hi
hin,L1,241783,hi
hin,L1,241872,hi
hin,L1,241954,hi
hin,L1,242010,hi
hin,L1,242026,hi
hin,L1,242242,hi
hin,L1,242249,hi
hin,L1,242268,hi
hin,L1,242569,hi
hin,L1,242674,hi
hin,L1,242809,hi
hin,L1,242966,hi
hin,L1,243155,hi
hin,L1,243424,hi
hin,L1,243450,hi
hin,L1,243668,hi
hin,L1,243857,hi
hin,L1,243940,hi
hin,L1,243964,hi
hin,L1,244256,hi
hin,L1,244332,hi
hin,L1,244384,hi
hin,L1,244430,hi
hin,L1,244596,hi
hin,L1,244742,hi
hin,L1,244832,hi
hin,L1,245063,hi
hin,L1,245107,hi
hin,L1,245129,hi
hin,L1,245577,hi
hin,L1,245606,hi
hin,L1,245706,hi
hin,L1,245968,hi
hin,L1,246083,hi
hin,L1,246257,hi
hin,L1,246272,hi
hin,L1,246368,hi
hin,L1,246683,hi
hin,L1,246793,hi
hin,L1,246892,hi
hin,L1,247144,hi
hin,L1,247215,hi
hin,L1,247332,hi
hin,L1,247363,hi
hin,L1,247400,hi
hin,L1,247459,hi
hin,L1,247593,hi
hin,L1,247815,hi
hin,L1,248013,hi
hin,L1,248047,hi
hin,L1,248076,hi
hin,L1,248128,hi
hin,L1,248145,hi
hin,L1,248342,hi
hin,L1,248515,hi
hin,L1,248526,hi
hin,L1,248552,hi
hin,L1,248785,hi
hin,L1,249109,hi
hin,L1,249214,hi
hin,L1,249377,hi
hin,L1,249391,hi
hin,L1,249452,hi
hin,L1,249551,hi
hin,L1,249622,hi
hin,L1,249690,hi
hin,L1,249711,hi
hin,L1,249714,hi
hin,L1,249792,hi
hin,L1,249921,hi
hin,L1,249944,hi
hin,L1,250288,hi
hin,L1,250595,hi
hin,L1,250608,hi
hin,L1,250892,hi
hin,L1,250914,hi
hin,L1,251035,hi
hin,L1,251228,hi
hin,L1,251477,hi
hin,L1,251564,hi
hin,L1,251834,hi
hin,L1,251864,hi
hin,L1,251958,hi
hin,L1,252032,hi
hin,L1,252172,hi
hin,L1,252338,hi
hin,L1,252381,hi
hin,L1,252384,hi
hin,L1,252406,hi
hin,L1,252486,hi
hin,L1,252530,hi
hin,L1,253444,hi
hin,L1,253453,hi
hin,L1,253473,hi
hin,L1,253514,hi
hin,L1,253599,hi
hin,L1,253658,hi
hin,L1,253711,hi
hin,L1,253733,hi
hin,L1,253975,hi
hin,L1,254452,hi
hin,L1,254495,hi
hin,L1,255183,hi
hin,L1,255244,hi
hin,L1,255331,hi
hin,L1,255396,hi
hin,L1,255650,hi
hin,L1,255767,hi
hin,L1,255875,hi
hin,L1,256158,hi
hin,L1,256273,hi
hin,L1,256389,hi
hin,L1,256422,hi
hin,L1,256575,hi
hin,L1,256753,hi
hin,L1,257027,hi
hin,L1,257063,hi
hin,L1,257119,hi
hin,L1,257242,hi
hin,L1,257420,hi
hin,L1,257448,hi
hin,L1,257559,hi
hin,L1,257578,hi
hin,L1,257613,hi
hin,L1,257878,hi
hin,L1,257995,hi
hin,L1,258015,hi
hin,L1,258156,hi
hin,L1,258215,hi
hin,L1,258370,hi
hin,L1,258403,hi
hin,L1,258606,hi
hin,L1,258625,hi
hin,L1,258937,hi
hin,L1,258955,hi
hin,L1,258980,hi
hin,L1,259030,hi
hin,L1,259229,hi
hin,L1,259444,hi
hin,L1,259522,hi
hin,L1,259684,hi
hin,L1,259696,hi
hin,L1,259720,hi
hin,L1,259839,hi
hin,L1,260163,hi
hin,L1,260501,hi
hin,L1,260799,hi
hin,L1,260847,hi
hin,L1,260869,hi
hin,L1,260929,hi
hin,L1,261070,hi
hin,L1,261116,hi
hin,L1,261166,hi
hin,L1,261302,hi
hin,L1,261439,hi
hin,L1,261606,hi
hin,L1,261972,hi
hin,L1,262084,hi
hin,L1,262085,hi
hin,L1,262209,hi
hin,L1,262246,hi
hin,L1,262364,hi
hin,L1,262668,hi
hin,L1,263169,hi
hin,L1,263205,hi
hin,L1,263390,hi
hin,L1,263644,hi
hin,L1,263684,hi
hin,L1,263751,hi
hin,L1,263950,hi
hin,L1,263975,hi
hin,L1,264216,hi
hin,L1,264537,hi
hin,L1,264572,hi
hin,L1,264575,hi
hin,L1,264670,hi
hin,L1,264830,hi
hin,L1,264996,hi
hin,L1,265209,hi
hin,L1,265308,hi
hin,L1,266424,hi
hin,L1,266927,hi
hin,L1,267069,hi
hin,L1,267543,hi
hin,L1,267639,hi
hin,L1,267899,hi
hin,L1,268081,hi
hin,L1,268392,hi
hin,L1,268452,hi
hin,L1,268650,hi
hin,L1,268839,hi
hin,L1,268855,hi
hin,L1,268862,hi
hin,L1,269159,hi
hin,L1,269175,hi
hin,L1,269292,hi
hin,L1,269308,hi
hin,L1,269414,hi
hin,L1,269614,hi
hin,L1,269698,hi
hin,L1,269834,hi
hin,L1,270213,hi
hin,L1,270294,hi
hin,L1,270368,hi
hin,L1,270811,hi
hin,L1,271089,hi
hin,L1,271333,hi
hin,L1,271514,hi
hin,L1,271673,hi
hin,L1,271784,hi
hin,L1,271835,hi
hin,L1,271967,hi
hin,L1,272270,hi
hin,L1,272604,hi
hin,L1,272692,hi
hin,L1,272827,hi
hin,L1,273431,hi
hin,L1,273514,hi
hin,L1,273794,hi
hin,L1,273853,hi
hin,L1,273882,hi
hin,L1,273961,hi
hin,L1,274041,hi
hin,L1,274440,hi
hin,L1,274704,hi
hin,L1,274814,hi
hin,L1,274996,hi
hin,L1,275097,hi
hin,L1,275199,hi
hin,L1,275242,hi
hin,L1,275406,hi
hin,L1,275613,hi
hin,L1,275669,hi
hin,L1,275711,hi
hin,L1,275727,hi
hin,L1,275799,hi
hin,L1,275883,hi
hin,L1,276286,hi
hin,L1,276415,hi
hin,L1,276459,hi
hin,L1,276472,hi
hin,L1,276641,hi
hin,L1,276678,hi
hin,L1,276679,hi
hin,L1,276760,hi
hin,L1,277273,hi
hin,L1,277558,hi
hin,L1,277686,hi
hin,L1,277731,hi
hin,L1,277849,hi
hin,L1,278038,hi
hin,L1,278070,hi
hin,L1,278146,hi
hin,L1,278198,hi
hin,L1,278308,hi
hin,L1,278641,hi
hin,L1,278664,hi
hin,L1,278710,hi
hin,L1,278918,hi
hin,L1,279123,hi
hin,L1,279778,hi
hin,L1,279798,hi
hin,L1,280039,hi
hin,L1,280194,hi
hin,L1,280456,hi
hin,L1,280543,hi
hin,L1,280852,hi
hin,L1,281038,hi
hin,L1,281137,hi
hin,L1,281255,hi
hin,L1,281309,hi
hin,L1,281324,hi
hin,L1,281340,hi
hin,L1,281401,hi
hin,L1,281769,hi
hin,L1,282064,hi
hin,L1,282289,hi
hin,L1,282672,hi
hin,L1,282720,hi
hin,L1,282774,hi
hin,L1,282946,hi
hin,L1,283211,hi
hin,L1,283222,hi
hin,L1,283238,hi
hin,L1,283397,hi
hin,L1,283630,hi
hin,L1,283762,hi
hin,L1,284233,hi
hin,L1,284457,hi
hin,L1,284570,hi
hin,L1,284721,hi
hin,L1,284929,hi
hin,L1,285845,hi
hin,L1,285951,hi
hin,L1,286105,hi
hin,L1,286357,hi
hin,L1,286371,hi
hin,L1,286764,hi
hin,L1,287047,hi
hin,L1,287161,hi
hin,L1,287640,hi
hin,L1,287782,hi
hin,L1,287953,hi
hin,L1,288614,hi
hin,L1,288693,hi
hin,L1,288901,hi
hin,L1,288963,hi
hin,L1,289043,hi
hin,L1,289490,hi
hin,L1,289646,hi
hin,L1,290305,hi
hin,L1,290311,hi
hin,L1,290360,hi
hin,L1,290434,hi
hin,L1,290557,hi
hin,L1,290695,hi
hin,L1,291136,hi
hin,L1,291246,hi
hin,L1,291356,hi
hin,L1,291456,hi
hin,L1,291696,hi
hin,L1,291804,hi
hin,L1,291812,hi
hin,L1,291889,hi
hin,L1,292023,hi
hin,L1,292223,hi
hin,L1,292414,hi
hin,L1,292428,hi
hin,L1,292816,hi
hin,L1,293361,hi
hin,L1,293426,hi
hin,L1,293435,hi
hin,L1,293482,hi
hin,L1,293505,hi
hin,L1,293515,hi
hin,L1,293538,hi
hin,L1,293805,hi
hin,L1,294024,hi
hin,L1,294069,hi
hin,L1,294294,hi
hin,L1,294352,hi
hin,L1,294654,hi
hin,L1,294747,hi
hin,L1,295315,hi
hin,L1,295316,hi
hin,L1,295918,hi
hin,L1,296414,hi
hin,L1,296502,hi
hin,L1,296583,hi
hin,L1,296677,hi
hin,L1,297064,hi
hin,L1,297071,hi
hin,L1,297250,hi
hin,L1,297505,hi
hin,L1,297586,hi
hin,L1,297625,hi
hin,L1,297652,hi
hin,L1,297842,hi
hin,L1,297854,hi
hin,L1,298034,hi
hin,L1,298136,hi
hin,L1,298289,hi
hin,L1,298358,hi
hin,L1,298557,hi
hin,L1,298677,hi
hin,L1,299065,hi
hin,L1,299077,hi
hin,L1,299135,hi
hin,L1,299560,hi
hin,L1,299668,hi
hin,L1,299685,hi
hin,L1,299748,hi
hin,L1,299845,hi
hin,L1,299888,hi
hin,L1,299922,hi
hin,L5,6,hi
hin,L5,16,hi
hin,L5,17,hi
hin,L5,20,hi
hin,L5,28,hi
hin,L5,29,hi
hin,L5,37,hi
hin,L5,59,hi
hin,L5,65,hi
hin,L5,98,hi
hin,L5,122,hi
hin,L5,129,hi
hin,L5,137,hi
hin,L5,152,hi
hin,L5,153,hi
hin,L5,164,hi
hin,L5,179,hi
hin,L5,185,hi
hin,L5,194,hi
hin,L5,198,hi
hin,L5,203,hi
hin,L5,204,hi
hin,L5,205,hi
hin,L5,218,hi
hin,L5,219,hi
hin,L5,227,hi
hin,L5,232,hi
hin,L5,239,hi
hin,L5,243,hi
hin,L5,261,hi
hin,L5,276,hi
hin,L5,280,hi
hin,L5,291,hi
hin,L5,316,hi
hin,L5,324,hi
hin,L5,326,hi
hin,L5,328,hi
hin,L5,332,hi
hin,L5,335,hi
hin,L5,378,hi
hin,L5,399,hi
hin,L5,405,hi
hin,L5,407,hi
hin,L5,421,hi
hin,L5,422,hi
hin,L5,426,hi
hin,L5,427,hi
hin,L5,429,hi
hin,L5,439,hi
hin,L5,441,hi
hin,L5,455,hi
hin,L5,457,hi
hin,L5,463,hi
hin,L5,470,hi
hin,L5,482,hi
hin,L5,486,hi
hin,L5,493,hi
hin,L5,510,hi
hin,L5,516,hi
hin,L5,518,hi
hin,L5,542,hi
hin,L5,543,hi
hin,L5,565,hi
hin,L5,581,hi
hin,L5,588,hi
hin,L5,593,hi
hin,L5,594,hi
hin,L5,603,hi
hin,L5,609,hi
hin,L5,614,hi
hin,L5,622,hi
hin,L5,624,hi
hin,L5,632,hi
hin,L5,636,hi
hin,L5,638,hi
hin,L5,641,hi
hin,L5,650,hi
hin,L5,672,hi
hin,L5,694,hi
hin,L5,701,hi
hin,L5,703,hi
hin,L5,710,hi
hin,L5,711,hi
hin,L5,713,hi
hin,L5,718,hi
hin,L5,746,hi
hin,L5,754,hi
hin,L5,756,hi
hin,L5,759,hi
hin,L5,762,hi
hin,L5,767,hi
hin,L5,770,hi
hin,L5,772,hi
hin,L5,785,hi
hin,L5,806,hi
hin,L5,813,hi
hin,L5,819,hi
hin,L5,824,hi
hin,L5,825,hi
hin,L5,828,hi
hin,L5,830,hi
hin,L5,859,hi
hin,L5,860,hi
hin,L5,862,hi
hin,L5,879,hi
hin,L5,887,hi
hin,L5,896,hi
hin,L5,915,hi
hin,L5,918,hi
hin,L5,929,hi
hin,L5,930,hi
hin,L5,933,hi
hin,L5,937,hi
hin,L5,938,hi
hin,L5,940,hi
hin,L5,945,hi
hin,L5,968,hi
hin,L5,970,hi
hin,L5,971,hi
hin,L5,973,hi
hin,L5,977,hi
hin,L5,985,hi
hin,L5,1001,hi
hin,L5,1010,hi
hin,L5,1013,hi
hin,L5,1015,hi
hin,L5,1016,hi
hin,L5,1039,hi
hin,L5,1040,hi
hin,L5,1069,hi
hin,L5,1092,hi
hin,L5,1094,hi
hin,L5,1119,hi
hin,L5,1145,hi
hin,L5,1151,hi
hin,L5,1155,hi
hin,L5,1159,hi
hin,L5,1173,hi
hin,L5,1180,hi
hin,L5,1195,hi
hin,L5,1197,hi
hin,L5,1201,hi
hin,L5,1203,hi
hin,L5,1224,hi
hin,L5,1232,hi
hin,L5,1234,hi
hin,L5,1244,hi
hin,L5,1252,hi
hin,L5,1259,hi
hin,L5,1260,hi
hin,L5,1264,hi
hin,L5,1265,hi
hin,L5,1267,hi
hin,L5,1273,hi
hin,L5,1288,hi
hin,L5,1291,hi
hin,L5,1307,hi
hin,L5,1314,hi
hin,L5,1320,hi
hin,L5,1322,hi
hin,L5,1328,hi
hin,L5,1336,hi
hin,L5,1346,hi
hin,L5,1349,hi
hin,L5,1350,hi
hin,L5,1354,hi
hin,L5,1355,hi
hin,L5,1356,hi
hin,L5,1359,hi
hin,L5,1360,hi
hin,L5,1371,hi
hin,L5,1383,hi
hin,L5,1391,hi
hin,L5,1392,hi
hin,L5,1397,hi
hin,L5,1407,hi
hin,L5,1410,hi
hin,L5,1414,hi
hin,L5,1420,hi
hin,L5,1421,hi
hin,L5,1436,hi
hin,L5,1444,hi
hin,L5,1454,hi
hin,L5,1498,hi
hin,L5,1510,hi
hin,L5,1517,hi
hin,L5,1523,hi
hin,L5,1524,hi
hin,L5,1536,hi
hin,L5,1537,hi
hin,L5,1539,hi
hin,L5,1554,hi
hin,L5,1560,hi
hin,L5,1568,hi
hin,L5,1585,hi
hin,L5,1634,hi
hin,L5,1637,hi
hin,L5,1642,hi
hin,L5,1646,hi
hin,L5,1654,hi
hin,L5,1657,hi
hin,L5,1662,hi
hin,L5,1687,hi
hin,L5,1700,hi
hin,L5,1701,hi
hin,L5,1707,hi
hin,L5,1745,hi
hin,L5,1747,hi
hin,L5,1749,hi
hin,L5,1755,hi
hin,L5,1767,hi
hin,L5,1779,hi
hin,L5,1782,hi
hin,L5,1799,hi
hin,L5,1806,hi
hin,L5,1822,hi
hin,L5,1824,hi
hin,L5,1834,hi
hin,L5,1842,hi
hin,L5,1843,hi
hin,L5,1850,hi
hin,L5,1854,hi
hin,L5,1867,hi
hin,L5,1877,hi
hin,L5,1884,hi
hin,L5,1886,hi
hin,L5,1887,hi
hin,L5,1890,hi
hin,L5,1937,hi
hin,L5,1949,hi
hin,L5,1950,hi
hin,L5,1954,hi
hin,L5,1965,hi
hin,L5,1967,hi
hin,L5,1970,hi
hin,L5,1971,hi
hin,L5,1972,hi
hin,L5,1974,hi
hin,L5,1975,hi
hin,L5,1994,hi
hin,L5,1995,hi
hin,L5,2016,hi
hin,L5,2030,hi
hin,L5,2045,hi
hin,L5,2057,hi
hin,L5,2071,hi
hin,L5,2074,hi
hin,L5,2076,hi
hin,L5,2078,hi
hin,L5,2083,hi
hin,L5,2087,hi
hin,L5,2090,hi
hin,L5,2094,hi
hin,L5,2118,hi
hin,L5,2124,hi
hin,L5,2137,hi
hin,L5,2145,hi
hin,L5,2163,hi
hin,L5,2170,hi
hin,L5,2177,hi
hin,L5,2186,hi
hin,L5,2197,hi
hin,L5,2205,hi
hin,L5,2210,hi
hin,L5,2214,hi
hin,L5,2243,hi
hin,L5,2246,hi
hin,L5,2247,hi
hin,L5,2248,hi
hin,L5,2267,hi
hin,L5,2272,hi
hin,L5,2283,hi
hin,L5,2320,hi
hin,L5,2334,hi
hin,L5,2335,hi
hin,L5,2351,hi
hin,L5,2368,hi
hin,L5,2375,hi
hin,L5,2413,hi
hin,L5,2419,hi
hin,L5,2420,hi
hin,L5,2423,hi
hin,L5,2442,hi
hin,L5,2450,hi
hin,L5,2452,hi
hin,L5,2454,hi
hin,L5,2461,hi
hin,L5,2475,hi
hin,L5,2482,hi
hin,L5,2490,hi
hin,L5,2512,hi
hin,L5,2513,hi
hin,L5,2520,hi
hin,L5,2521,hi
hin,L5,2533,hi
hin,L5,2539,hi
hin,L5,2542,hi
hin,L5,2544,hi
hin,L5,2545,hi
hin,L5,2551,hi
hin,L5,2554,hi
hin,L5,2555,hi
hin,L5,2566,hi
hin,L5,2567,hi
hin,L5,2573,hi
hin,L5,2588,hi
hin,L5,2591,hi
hin,L5,2593,hi
hin,L5,2602,hi
hin,L5,2605,hi
hin,L5,2613,hi
hin,L5,2632,hi
hin,L5,2635,hi
hin,L5,2637,hi
hin,L5,2638,hi
hin,L5,2639,hi
hin,L5,2640,hi
hin,L5,2643,hi
hin,L5,2644,hi
hin,L5,2649,hi
hin,L5,2658,hi
hin,L5,2676,hi
hin,L5,2681,hi
hin,L5,2688,hi
hin,L5,2689,hi
hin,L5,2703,hi
hin,L5,2708,hi
hin,L5,2722,hi
hin,L5,2736,hi
hin,L5,2746,hi
hin,L5,2755,hi
hin,L5,2763,hi
hin,L5,2772,hi
hin,L5,2786,hi
hin,L5,2790,hi
hin,L5,2795,hi
hin,L5,2798,hi
hin,L5,2809,hi
hin,L5,2831,hi
hin,L5,2835,hi
hin,L5,2838,hi
hin,L5,2840,hi
hin,L5,2845,hi
hin,L5,2852,hi
hin,L5,2857,hi
hin,L5,2861,hi
hin,L5,2870,hi
hin,L5,2883,hi
hin,L5,2898,hi
hin,L5,2920,hi
hin,L5,2923,hi
hin,L5,2928,hi
hin,L5,2936,hi
hin,L5,2943,hi
hin,L5,2951,hi
hin,L5,2952,hi
hin,L5,2956,hi
hin,L5,2966,hi
hin,L5,2978,hi
hin,L5,2980,hi
hin,L5,2988,hi
hin,L5,2996,hi
hin,L5,3001,hi
hin,L5,3009,hi
hin,L5,3010,hi
hin,L5,3013,hi
hin,L5,3027,hi
hin,L5,3032,hi
hin,L5,3046,hi
hin,L5,3057,hi
hin,L5,3063,hi
hin,L5,3069,hi
hin,L5,3079,hi
hin,L5,3097,hi
hin,L5,3099,hi
hin,L5,3109,hi
hin,L5,3113,hi
hin,L5,3117,hi
hin,L5,3126,hi
hin,L5,3128,hi
hin,L5,3134,hi
hin,L5,3135,hi
hin,L5,3137,hi
hin,L5,3151,hi
hin,L5,3152,hi
hin,L5,3164,hi
hin,L5,3176,hi
hin,L5,3177,hi
hin,L5,3187,hi
hin,L5,3189,hi
hin,L5,3197,hi
hin,L5,3199,hi
hin,L5,3200,hi
hin,L5,3204,hi
hin,L5,3208,hi
hin,L5,3211,hi
hin,L5,3218,hi
hin,L5,3219,hi
hin,L5,3242,hi
hin,L5,3250,hi
hin,L5,3254,hi
hin,L5,3259,hi
hin,L5,3260,hi
hin,L5,3263,hi
hin,L5,3270,hi
hin,L5,3280,hi
hin,L5,3283,hi
hin,L5,3284,hi
hin,L5,3287,hi
hin,L5,3288,hi
hin,L5,3300,hi
hin,L5,3305,hi
hin,L5,3320,hi
hin,L5,3321,hi
hin,L5,3322,hi
hin,L5,3332,hi
hin,L5,3336,hi
hin,L5,3337,hi
hin,L5,3344,hi
hin,L5,3345,hi
hin,L5,3356,hi
hin,L5,3369,hi
hin,L5,3379,hi
hin,L5,3385,hi
hin,L5,3398,hi
hin,L5,3425,hi
hin,L5,3428,hi
hin,L5,3451,hi
hin,L5,3466,hi
hin,L5,3474,hi
hin,L5,3483,hi
hin,L5,3492,hi
hin,L5,3503,hi
hin,L5,3515,hi
hin,L5,3520,hi
hin,L5,3526,hi
hin,L5,3547,hi
hin,L5,3567,hi
hin,L5,3598,hi
hin,L5,3599,hi
hin,L5,3606,hi
hin,L5,3616,hi
hin,L5,3619,hi
hin,L5,3623,hi
hin,L5,3631,hi
hin,L5,3649,hi
hin,L5,3663,hi
hin,L5,3666,hi
hin,L5,3683,hi
hin,L5,3685,hi
hin,L5,3697,hi
hin,L5,3702,hi
hin,L5,3705,hi
hin,L5,3708,hi
hin,L5,3721,hi
hin,L5,3724,hi
hin,L5,3734,hi
hin,L5,3738,hi
hin,L5,3748,hi
hin,L5,3749,hi
hin,L5,3758,hi
hin,L5,3770,hi
hin,L5,3774,hi
hin,L5,3778,hi
hin,L5,3787,hi
hin,L5,3793,hi
hin,L5,3795,hi
hin,L5,3803,hi
hin,L5,3811,hi
hin,L5,3816,hi
hin,L5,3818,hi
hin,L5,3825,hi
hin,L5,3844,hi
hin,L5,3845,hi
hin,L5,3848,hi
hin,L5,3853,hi
hin,L5,3862,hi
hin,L5,3873,hi
hin,L5,3876,hi
hin,L5,3883,hi
hin,L5,3884,hi
hin,L5,3888,hi
hin,L5,3940,hi
hin,L5,3941,hi
hin,L5,3946,hi
hin,L5,3947,hi
hin,L5,3971,hi
hin,L5,3979,hi
hin,L5,4001,hi
hin,L5,4013,hi
hin,L5,4019,hi
hin,L5,4022,hi
hin,L5,4029,hi
hin,L5,4033,hi
hin,L5,4038,hi
hin,L5,4041,hi
hin,L5,4056,hi
hin,L5,4063,hi
hin,L5,4069,hi
hin,L5,4077,hi
hin,L5,4079,hi
hin,L5,4092,hi
hin,L5,4103,hi
hin,L5,4120,hi
hin,L5,4126,hi
hin,L5,4132,hi
hin,L5,4140,hi
hin,L5,4142,hi
hin,L5,4143,hi
hin,L5,4144,hi
hin,L5,4145,hi
hin,L5,4146,hi
hin,L5,4159,hi
hin,L5,4174,hi
hin,L5,4190,hi
hin,L5,4194,hi
hin,L5,4213,hi
hin,L5,4237,hi
hin,L5,4244,hi
hin,L5,4252,hi
hin,L5,4262,hi
hin,L5,4264,hi
hin,L5,4276,hi
hin,L5,4283,hi
hin,L5,4285,hi
hin,L5,4287,hi
hin,L5,4293,hi
hin,L5,4294,hi
hin,L5,4301,hi
hin,L5,4317,hi
hin,L5,4322,hi
hin,L5,4328,hi
hin,L5,4332,hi
hin,L5,4335,hi
hin,L5,4344,hi
hin,L5,4346,hi
hin,L5,4351,hi
hin,L5,4355,hi
hin,L5,4357,hi
hin,L5,4364,hi
hin,L5,4366,hi
hin,L5,4368,hi
hin,L5,4388,hi
hin,L5,4392,hi
hin,L5,4398,hi
hin,L5,4400,hi
hin,L5,4405,hi
hin,L5,4429,hi
hin,L5,4436,hi
hin,L5,4440,hi
hin,L5,4476,hi
hin,L5,4481,hi
hin,L5,4482,hi
hin,L5,4483,hi
hin,L5,4519,hi
hin,L5,4530,hi
hin,L5,4531,hi
hin,L5,4546,hi
hin,L5,4549,hi
hin,L5,4556,hi
hin,L5,4567,hi
hin,L5,4579,hi
hin,L5,4581,hi
hin,L5,4589,hi
hin,L5,4591,hi
hin,L5,4608,hi
hin,L5,4613,hi
hin,L5,4620,hi
hin,L5,4622,hi
hin,L5,4629,hi
hin,L5,4639,hi
hin,L5,4640,hi
hin,L5,4649,hi
hin,L5,4661,hi
hin,L5,4663,hi
hin,L5,4674,hi
hin,L5,4675,hi
hin,L5,4679,hi
hin,L5,4685,hi
hin,L5,4686,hi
hin,L5,4687,hi
hin,L5,4710,hi
hin,L5,4711,hi
hin,L5,4715,hi
hin,L5,4720,hi
hin,L5,4728,hi
hin,L5,4738,hi
hin,L5,4769,hi
hin,L5,4778,hi
hin,L5,4788,hi
hin,L5,4822,hi
hin,L5,4823,hi
hin,L5,4828,hi
hin,L5,4834,hi
hin,L5,4837,hi
hin,L5,4846,hi
hin,L5,4853,hi
hin,L5,4855,hi
hin,L5,4865,hi
hin,L5,4870,hi
hin,L5,4888,hi
hin,L5,4897,hi
hin,L5,4899,hi
hin,L5,4904,hi
hin,L5,4909,hi
hin,L5,4929,hi
hin,L5,4936,hi
hin,L5,4940,hi
hin,L5,4947,hi
hin,L5,4967,hi
hin,L5,4972,hi
hin,L5,4984,hi
hin,L5,4986,hi
hin,L5,4993,hi
hin,L5,4994,hi
hin,L5,4999,hi
hin,L5,5027,hi
hin,L5,5041,hi
hin,L5,5049,hi
hin,L5,5061,hi
hin,L5,5064,hi
hin,L5,5071,hi
hin,L5,5078,hi
hin,L5,5086,hi
hin,L5,5094,hi
hin,L5,5095,hi
hin,L5,5111,hi
hin,L5,5127,hi
hin,L5,5128,hi
hin,L5,5134,hi
hin,L5,5136,hi
hin,L5,5139,hi
hin,L5,5141,hi
hin,L5,5143,hi
hin,L5,5160,hi
hin,L5,5193,hi
hin,L5,5221,hi
hin,L5,5222,hi
hin,L5,5225,hi
hin,L5,5230,hi
hin,L5,5232,hi
hin,L5,5234,hi
hin,L5,5238,hi
hin,L5,5241,hi
hin,L5,5248,hi
hin,L5,5249,hi
hin,L5,5254,hi
hin,L5,5257,hi
hin,L5,5260,hi
hin,L5,5284,hi
hin,L5,5296,hi
hin,L5,5302,hi
hin,L5,5314,hi
hin,L5,5323,hi
hin,L5,5324,hi
hin,L5,5326,hi
hin,L5,5333,hi
hin,L5,5340,hi
hin,L5,5341,hi
hin,L5,5356,hi
hin,L5,5367,hi
hin,L5,5368,hi
hin,L5,5383,hi
hin,L5,5386,hi
hin,L5,5388,hi
hin,L5,5392,hi
hin,L5,5406,hi
hin,L5,5413,hi
hin,L5,5418,hi
hin,L5,5423,hi
hin,L5,5428,hi
hin,L5,5438,hi
hin,L5,5447,hi
hin,L5,5474,hi
hin,L5,5485,hi
hin,L5,5524,hi
hin,L5,5538,hi
hin,L5,5543,hi
hin,L5,5544,hi
hin,L5,5556,hi
hin,L5,5564,hi
hin,L5,5569,hi
hin,L5,5572,hi
hin,L5,5573,hi
hin,L5,5575,hi
hin,L5,5580,hi
hin,L5,5582,hi
hin,L5,5590,hi
hin,L5,5600,hi
hin,L5,5601,hi
hin,L5,5630,hi
hin,L5,5633,hi
hin,L5,5637,hi
hin,L5,5640,hi
hin,L5,5655,hi
hin,L5,5666,hi
hin,L5,5668,hi
hin,L5,5677,hi
hin,L5,5680,hi
hin,L5,5717,hi
hin,L5,5765,hi
hin,L5,5783,hi
hin,L5,5791,hi
hin,L5,5803,hi
hin,L5,5811,hi
hin,L5,5813,hi
hin,L5,5814,hi
hin,L5,5819,hi
hin,L5,5826,hi
hin,L5,5835,hi
hin,L5,5840,hi
hin,L5,5849,hi
hin,L5,5856,hi
hin,L5,5859,hi
hin,L5,5879,hi
hin,L5,5884,hi
hin,L5,5888,hi
hin,L5,5896,hi
hin,L5,5897,hi
hin,L5,5898,hi
hin,L5,5900,hi
hin,L5,5912,hi
hin,L5,5918,hi
hin,L5,5921,hi
hin,L5,5924,hi
hin,L5,5927,hi
hin,L5,5937,hi
hin,L5,6010,hi
hin,L5,6031,hi
hin,L5,6033,hi
hin,L5,6050,hi
hin,L5,6059,hi
hin,L5,6066,hi
hin,L5,6073,hi
hin,L5,6098,hi
hin,L5,6100,hi
hin,L5,6103,hi
hin,L5,6109,hi
hin,L5,6123,hi
hin,L5,6128,hi
hin,L5,6145,hi
hin,L5,6148,hi
hin,L5,6150,hi
hin,L5,6164,hi
hin,L5,6174,hi
hin,L5,6176,hi
hin,L5,6181,hi
hin,L5,6182,hi
hin,L5,6186,hi
hin,L5,6193,hi
hin,L5,6201,hi
hin,L5,6204,hi
hin,L5,6209,hi
hin,L5,6214,hi
hin,L5,6218,hi
hin,L5,6229,hi
hin,L5,6233,hi
hin,L5,6234,hi
hin,L5,6236,hi
hin,L5,6244,hi
hin,L5,6250,hi
hin,L5,6261,hi
hin,L5,6264,hi
hin,L5,6274,hi
hin,L5,6276,hi
hin,L5,6277,hi
hin,L5,6285,hi
hin,L5,6289,hi
hin,L5,6300,hi
hin,L5,6302,hi
hin,L5,6309,hi
hin,L5,6312,hi
hin,L5,6318,hi
hin,L5,6326,hi
hin,L5,6329,hi
hin,L5,6330,hi
hin,L5,6351,hi
hin,L5,6360,hi
hin,L5,6362,hi
hin,L5,6395,hi
hin,L5,6398,hi
hin,L5,6399,hi
hin,L5,6403,hi
hin,L5,6421,hi
hin,L5,6427,hi
hin,L5,6429,hi
hin,L5,6449,hi
hin,L5,6455,hi
hin,L5,6482,hi
hin,L5,6483,hi
hin,L5,6493,hi
hin,L5,6501,hi
hin,L5,6508,hi
hin,L5,6522,hi
hin,L5,6523,hi
hin,L5,6525,hi
hin,L5,6527,hi
hin,L5,6528,hi
hin,L5,6533,hi
hin,L5,6536,hi
hin,L5,6542,hi
hin,L5,6544,hi
hin,L5,6549,hi
hin,L5,6556,hi
hin,L5,6569,hi
hin,L5,6574,hi
hin,L5,6609,hi
hin,L5,6615,hi
hin,L5,6645,hi
hin,L5,6649,hi
hin,L5,6650,hi
hin,L5,6663,hi
hin,L5,6665,hi
hin,L5,6666,hi
hin,L5,6668,hi
hin,L5,6676,hi
hin,L5,6682,hi
hin,L5,6683,hi
hin,L5,6688,hi
hin,L5,6691,hi
hin,L5,6692,hi
hin,L5,6696,hi
hin,L5,6701,hi
hin,L5,6703,hi
hin,L5,6705,hi
hin,L5,6710,hi
hin,L5,6714,hi
hin,L5,6722,hi
hin,L5,6724,hi
hin,L5,6743,hi
hin,L5,6752,hi
hin,L5,6766,hi
hin,L5,6780,hi
hin,L5,6794,hi
hin,L5,6800,hi
hin,L5,6801,hi
hin,L5,6805,hi
hin,L5,6811,hi
hin,L5,6825,hi
hin,L5,6826,hi
hin,L5,6827,hi
hin,L5,6828,hi
hin,L5,6834,hi
hin,L5,6840,hi
hin,L5,6851,hi
hin,L5,6853,hi
hin,L5,6859,hi
hin,L5,6869,hi
hin,L5,6872,hi
hin,L5,6876,hi
hin,L5,6881,hi
hin,L5,6883,hi
hin,L5,6890,hi
hin,L5,6892,hi
hin,L5,6906,hi
hin,L5,6913,hi
hin,L5,6914,hi
hin,L5,6921,hi
hin,L5,6930,hi
hin,L5,6935,hi
hin,L5,6936,hi
hin,L5,6950,hi
hin,L5,6955,hi
hin,L5,6963,hi
hin,L5,6972,hi
hin,L5,6980,hi
hin,L5,6993,hi
hin,L5,7004,hi
hin,L5,7005,hi
hin,L5,7037,hi
hin,L5,7040,hi
hin,L5,7045,hi
hin,L5,7067,hi
hin,L5,7077,hi
hin,L5,7089,hi
hin,L5,7092,hi
hin,L5,7095,hi
hin,L5,7098,hi
hin,L5,7102,hi
hin,L5,7103,hi
hin,L5,7104,hi
hin,L5,7106,hi
hin,L5,7110,hi
hin,L5,7125,hi
hin,L5,7126,hi
hin,L5,7131,hi
hin,L5,7145,hi
hin,L5,7147,hi
hin,L5,7160,hi
hin,L5,7162,hi
hin,L5,7172,hi
hin,L5,7174,hi
hin,L5,7180,hi
hin,L5,7184,hi
hin,L5,7190,hi
hin,L5,7192,hi
hin,L5,7193,hi
hin,L5,7194,hi
hin,L5,7200,hi
hin,L5,7216,hi
hin,L5,7219,hi
hin,L5,7224,hi
hin,L5,7228,hi
hin,L5,7237,hi
hin,L5,7240,hi
hin,L5,7252,hi
hin,L5,7253,hi
hin,L5,7257,hi
hin,L5,7258,hi
hin,L5,7259,hi
hin,L5,7272,hi
hin,L5,7279,hi
hin,L5,7294,hi
hin,L5,7296,hi
hin,L5,7297,hi
hin,L5,7305,hi
hin,L5,7308,hi
hin,L5,7312,hi
hin,L5,7319,hi
hin,L5,7322,hi
hin,L5,7335,hi
hin,L5,7343,hi
hin,L5,7348,hi
hin,L5,7352,hi
hin,L5,7367,hi
hin,L5,7368,hi
hin,L5,7382,hi
hin,L5,7385,hi
hin,L5,7388,hi
hin,L5,7390,hi
hin,L5,7392,hi
hin,L5,7409,hi
hin,L5,7411,hi
hin,L5,7427,hi
hin,L5,7428,hi
hin,L5,7431,hi
hin,L5,7451,hi
hin,L5,7459,hi
hin,L5,7471,hi
hin,L5,7472,hi
hin,L5,7484,hi
hin,L5,7495,hi
hin,L5,7502,hi
hin,L5,7509,hi
hin,L5,7511,hi
hin,L5,7515,hi
hin,L5,7519,hi
hin,L5,7520,hi
hin,L5,7523,hi
hin,L5,7524,hi
hin,L5,7531,hi
hin,L5,7533,hi
hin,L5,7547,hi
hin,L5,7553,hi
hin,L5,7559,hi
hin,L5,7561,hi
hin,L5,7563,hi
hin,L5,7568,hi
hin,L5,7570,hi
hin,L5,7573,hi
hin,L5,7584,hi
hin,L5,7585,hi
hin,L5,7593,hi
hin,L5,7617,hi
hin,L5,7622,hi
hin,L5,7627,hi
hin,L5,7628,hi
hin,L5,7630,hi
hin,L5,7647,hi
hin,L5,7655,hi
hin,L5,7662,hi
hin,L5,7667,hi
hin,L5,7688,hi
hin,L5,7690,hi
hin,L5,7692,hi
hin,L5,7722,hi
hin,L5,7727,hi
hin,L5,7735,hi
hin,L5,7738,hi
hin,L5,7751,hi
hin,L5,7782,hi
hin,L5,7786,hi
hin,L5,7787,hi
hin,L5,7804,hi
hin,L5,7811,hi
hin,L5,7816,hi
hin,L5,7819,hi
hin,L5,7824,hi
hin,L5,7831,hi
hin,L5,7833,hi
hin,L5,7843,hi
hin,L5,7848,hi
hin,L5,7852,hi
hin,L5,7858,hi
hin,L5,7871,hi
hin,L5,7889,hi
hin,L5,7891,hi
hin,L5,7906,hi
hin,L5,7908,hi
hin,L5,7909,hi
hin,L5,7917,hi
hin,L5,7921,hi
hin,L5,7936,hi
hin,L5,7945,hi
hin,L5,7952,hi
hin,L5,7958,hi
hin,L5,7959,hi
hin,L5,7966,hi
hin,L5,7972,hi
hin,L5,7973,hi
hin,L5,7977,hi
hin,L5,7988,hi
hin,L5,8003,hi
hin,L5,8030,hi
hin,L5,8033,hi
hin,L5,8036,hi
hin,L5,8037,hi
hin,L5,8040,hi
hin,L5,8044,hi
hin,L5,8052,hi
hin,L5,8057,hi
hin,L5,8063,hi
hin,L5,8065,hi
hin,L5,8075,hi
hin,L5,8079,hi
hin,L5,8082,hi
hin,L5,8100,hi
hin,L5,8106,hi
hin,L5,8118,hi
hin,L5,8135,hi
hin,L5,8138,hi
hin,L5,8150,hi
hin,L5,8152,hi
hin,L5,8176,hi
hin,L5,8196,hi
hin,L5,8203,hi
hin,L5,8207,hi
hin,L5,8225,hi
hin,L5,8231,hi
hin,L5,8233,hi
hin,L5,8244,hi
hin,L5,8258,hi
hin,L5,8269,hi
hin,L5,8273,hi
hin,L5,8287,hi
hin,L5,8290,hi
hin,L5,8293,hi
hin,L5,8296,hi
hin,L5,8318,hi
hin,L5,8323,hi
hin,L5,8328,hi
hin,L5,8341,hi
hin,L5,8362,hi
hin,L5,8364,hi
hin,L5,8367,hi
hin,L5,8375,hi
hin,L5,8406,hi
hin,L5,8409,hi
hin,L5,8414,hi
hin,L5,8422,hi
hin,L5,8437,hi
hin,L5,8441,hi
hin,L5,8448,hi
hin,L5,8453,hi
hin,L5,8460,hi
hin,L5,8467,hi
hin,L5,8468,hi
hin,L5,8473,hi
hin,L5,8475,hi
hin,L5,8488,hi
hin,L5,8489,hi
hin,L5,8493,hi
hin,L5,8499,hi
hin,L5,8500,hi
hin,L5,8520,hi
hin,L5,8531,hi
hin,L5,8535,hi
hin,L5,8540,hi
hin,L5,8548,hi
hin,L5,8563,hi
hin,L5,8571,hi
hin,L5,8573,hi
hin,L5,8575,hi
hin,L5,8585,hi
hin,L5,8602,hi
hin,L5,8614,hi
hin,L5,8616,hi
hin,L5,8628,hi
hin,L5,8629,hi
hin,L5,8633,hi
hin,L5,8635,hi
hin,L5,8640,hi
hin,L5,8646,hi
hin,L5,8649,hi
hin,L5,8659,hi
hin,L5,8662,hi
hin,L5,8666,hi
hin,L5,8667,hi
hin,L5,8687,hi
hin,L5,8691,hi
hin,L5,8706,hi
hin,L5,8728,hi
hin,L5,8747,hi
hin,L5,8753,hi
hin,L5,8794,hi
hin,L5,8798,hi
hin,L5,8799,hi
hin,L5,8803,hi
hin,L5,8807,hi
hin,L5,8810,hi
hin,L5,8821,hi
hin,L5,8828,hi
hin,L5,8834,hi
hin,L5,8838,hi
hin,L5,8840,hi
hin,L5,8843,hi
hin,L5,8848,hi
hin,L5,8873,hi
hin,L5,8883,hi
hin,L5,8884,hi
hin,L5,8894,hi
hin,L5,8900,hi
hin,L5,8901,hi
hin,L5,8904,hi
hin,L5,8907,hi
hin,L5,8911,hi
hin,L5,8933,hi
hin,L5,8946,hi
hin,L5,8958,hi
hin,L5,8959,hi
hin,L5,8967,hi
hin,L5,8968,hi
hin,L5,8982,hi
hin,L5,8992,hi
hin,L5,8994,hi
hin,L5,8999,hi
hin,L5,9000,hi
hin,L5,9011,hi
hin,L5,9015,hi
hin,L5,9018,hi
hin,L5,9025,hi
hin,L5,9029,hi
hin,L5,9032,hi
hin,L5,9035,hi
hin,L5,9037,hi
hin,L5,9039,hi
hin,L5,9044,hi
hin,L5,9054,hi
hin,L5,9056,hi
hin,L5,9057,hi
hin,L5,9058,hi
hin,L5,9069,hi
hin,L5,9073,hi
hin,L5,9079,hi
hin,L5,9089,hi
hin,L5,9093,hi
hin,L5,9096,hi
hin,L5,9098,hi
hin,L5,9128,hi
hin,L5,9152,hi
hin,L5,9159,hi
hin,L5,9177,hi
hin,L5,9180,hi
hin,L5,9185,hi
hin,L5,9192,hi
hin,L5,9200,hi
hin,L5,9205,hi
hin,L5,9206,hi
hin,L5,9235,hi
hin,L5,9240,hi
hin,L5,9241,hi
hin,L5,9244,hi
hin,L5,9245,hi
hin,L5,9258,hi
hin,L5,9261,hi
hin,L5,9271,hi
hin,L5,9273,hi
hin,L5,9281,hi
hin,L5,9292,hi
hin,L5,9295,hi
hin,L5,9304,hi
hin,L5,9318,hi
hin,L5,9328,hi
hin,L5,9344,hi
hin,L5,9360,hi
hin,L5,9364,hi
hin,L5,9378,hi
hin,L5,9387,hi
hin,L5,9407,hi
hin,L5,9409,hi
hin,L5,9413,hi
hin,L5,9425,hi
hin,L5,9433,hi
hin,L5,9448,hi
hin,L5,9451,hi
hin,L5,9478,hi
hin,L5,9497,hi
hin,L5,9526,hi
hin,L5,9541,hi
hin,L5,9547,hi
hin,L5,9578,hi
hin,L5,9586,hi
hin,L5,9592,hi
hin,L5,9628,hi
hin,L5,9631,hi
hin,L5,9636,hi
hin,L5,9651,hi
hin,L5,9656,hi
hin,L5,9660,hi
hin,L5,9671,hi
hin,L5,9676,hi
hin,L5,9677,hi
hin,L5,9679,hi
hin,L5,9683,hi
hin,L5,9697,hi
hin,L5,9710,hi
hin,L5,9718,hi
hin,L5,9728,hi
hin,L5,9737,hi
hin,L5,9748,hi
hin,L5,9753,hi
hin,L5,9758,hi
hin,L5,9762,hi
hin,L5,9766,hi
hin,L5,9777,hi
hin,L5,9783,hi
hin,L5,9786,hi
hin,L5,9788,hi
hin,L5,9795,hi
hin,L5,9798,hi
hin,L5,9801,hi
hin,L5,9823,hi
hin,L5,9827,hi
hin,L5,9831,hi
hin,L5,9835,hi
hin,L5,9838,hi
hin,L5,9860,hi
hin,L5,9861,hi
hin,L5,9873,hi
hin,L5,9878,hi
hin,L5,9890,hi
hin,L5,9891,hi
hin,L5,9897,hi
hin,L5,9900,hi
hin,L5,9913,hi
hin,L5,9917,hi
hin,L5,9924,hi
hin,L5,9928,hi
hin,L5,9931,hi
hin,L5,9934,hi
hin,L5,9935,hi
hin,L5,9936,hi
hin,L5,9968,hi
hin,L5,9974,hi
hin,L5,9975,hi
hin,L5,9984,hi
hin,L5,9990,hi
hin,L5,9996,hi
hin,L5,10001,hi
hin,L5,10008,hi
hin,L5,10032,hi
hin,L5,10046,hi
hin,L5,10049,hi
hin,L5,10054,hi
hin,L5,10060,hi
hin,L5,10067,hi
hin,L5,10068,hi
hin,L5,10074,hi
hin,L5,10076,hi
hin,L5,10078,hi
hin,L5,10080,hi
hin,L5,10113,hi
hin,L5,10117,hi
hin,L5,10119,hi
hin,L5,10123,hi
hin,L5,10128,hi
hin,L5,10134,hi
hin,L5,10137,hi
hin,L5,10160,hi
hin,L5,10175,hi
hin,L5,10176,hi
hin,L5,10184,hi
hin,L5,10190,hi
hin,L5,10213,hi
hin,L5,10217,hi
hin,L5,10224,hi
hin,L5,10256,hi
hin,L5,10262,hi
hin,L5,10272,hi
hin,L5,10282,hi
hin,L5,10292,hi
hin,L5,10297,hi
hin,L5,10300,hi
hin,L5,10306,hi
hin,L5,10312,hi
hin,L5,10321,hi
hin,L5,10346,hi
hin,L5,10353,hi
hin,L5,10355,hi
hin,L5,10365,hi
hin,L5,10371,hi
hin,L5,10383,hi
hin,L5,10387,hi
hin,L5,10393,hi
hin,L5,10394,hi
hin,L5,10395,hi
hin,L5,10405,hi
hin,L5,10411,hi
hin,L5,10416,hi
hin,L5,10431,hi
hin,L5,10440,hi
hin,L5,10441,hi
hin,L5,10442,hi
hin,L5,10444,hi
hin,L5,10459,hi
hin,L5,10465,hi
hin,L5,10471,hi
hin,L5,10489,hi
hin,L5,10492,hi
hin,L5,10500,hi
hin,L5,10505,hi
hin,L5,10509,hi
hin,L5,10515,hi
hin,L5,10517,hi
hin,L5,10520,hi
hin,L5,10523,hi
hin,L5,10531,hi
hin,L5,10536,hi
hin,L5,10539,hi
hin,L5,10540,hi
hin,L5,10570,hi
hin,L5,10588,hi
hin,L5,10591,hi
hin,L5,10596,hi
hin,L5,10603,hi
hin,L5,10609,hi
hin,L5,10611,hi
hin,L5,10618,hi
hin,L5,10620,hi
hin,L5,10629,hi
hin,L5,10633,hi
hin,L5,10641,hi
hin,L5,10649,hi
hin,L5,10650,hi
hin,L5,10652,hi
hin,L5,10660,hi
hin,L5,10662,hi
hin,L5,10665,hi
hin,L5,10670,hi
hin,L5,10682,hi
hin,L5,10688,hi
hin,L5,10694,hi
hin,L5,10701,hi
hin,L5,10706,hi
hin,L5,10710,hi
hin,L5,10722,hi
hin,L5,10736,hi
hin,L5,10740,hi
hin,L5,10751,hi
hin,L5,10755,hi
hin,L5,10798,hi
hin,L5,10799,hi
hin,L5,10803,hi
hin,L5,10807,hi
hin,L5,10811,hi
hin,L5,10817,hi
hin,L5,10818,hi
hin,L5,10827,hi
hin,L5,10843,hi
hin,L5,10846,hi
hin,L5,10849,hi
hin,L5,10865,hi
hin,L5,10868,hi
hin,L5,10870,hi
hin,L5,10878,hi
hin,L5,10881,hi
hin,L5,10893,hi
hin,L5,10895,hi
hin,L5,10919,hi
hin,L5,10925,hi
hin,L5,10947,hi
hin,L5,10959,hi
hin,L5,10963,hi
hin,L5,10973,hi
hin,L5,10983,hi
hin,L5,10993,hi
hin,L5,10999,hi
hin,L5,11007,hi
hin,L5,11017,hi
hin,L5,11018,hi
hin,L5,11025,hi
hin,L5,11041,hi
hin,L5,11046,hi
hin,L5,11049,hi
hin,L5,11077,hi
hin,L5,11078,hi
hin,L5,11079,hi
hin,L5,11090,hi
hin,L5,11093,hi
hin,L5,11095,mr
hin,L5,11109,hi
hin,L5,11126,hi
hin,L5,11128,hi
hin,L5,11144,hi
hin,L5,11148,hi
hin,L5,11172,hi
hin,L5,11187,hi
hin,L5,11194,hi
hin,L5,11205,hi
hin,L5,11209,hi
hin,L5,11227,hi
hin,L5,11234,hi
hin,L5,11235,hi
hin,L5,11237,hi
hin,L5,11244,hi
hin,L5,11255,hi
hin,L5,11258,hi
hin,L5,11267,hi
hin,L5,11273,hi
hin,L5,11278,hi
hin,L5,11281,hi
hin,L5,11299,hi
hin,L5,11305,hi
hin,L5,11306,hi
hin,L5,11308,hi
hin,L5,11312,hi
hin,L5,11316,hi
hin,L5,11321,hi
hin,L5,11325,hi
hin,L5,11328,hi
hin,L5,11336,hi
hin,L5,11339,hi
hin,L5,11345,hi
hin,L5,11348,hi
hin,L5,11354,hi
hin,L5,11371,hi
hin,L5,11380,hi
hin,L5,11398,hi
hin,L5,11399,hi
hin,L5,11403,hi
hin,L5,11410,hi
hin,L5,11420,hi
hin,L5,11421,hi
hin,L5,11440,hi
hin,L5,11458,hi
hin,L5,11459,hi
hin,L5,11466,hi
hin,L5,11482,hi
hin,L5,11498,hi
hin,L5,11506,hi
hin,L5,11509,hi
hin,L5,11520,hi
hin,L5,11521,hi
hin,L5,11527,hi
hin,L5,11532,hi
hin,L5,11535,hi
hin,L5,11547,hi
hin,L5,11550,hi
hin,L5,11552,hi
hin,L5,11556,hi
hin,L5,11557,hi
hin,L5,11571,hi
hin,L5,11572,hi
hin,L5,11585,hi
hin,L5,11603,hi
hin,L5,11605,hi
hin,L5,11616,hi
hin,L5,11617,hi
hin,L5,11630,hi
hin,L5,11657,hi
hin,L5,11662,hi
hin,L5,11663,hi
hin,L5,11664,hi
hin,L5,11669,hi
hin,L5,11670,hi
hin,L5,11677,hi
hin,L5,11682,hi
hin,L5,11684,hi
hin,L5,11686,hi
hin,L5,11688,hi
hin,L5,11689,hi
hin,L5,11691,hi
hin,L5,11695,hi
hin,L5,11697,hi
hin,L5,11711,hi
hin,L5,11713,hi
hin,L5,11714,hi
hin,L5,11716,hi
hin,L5,11720,hi
hin,L5,11736,hi
hin,L5,11756,hi
hin,L5,11758,hi
hin,L5,11788,hi
hin,L5,11790,hi
hin,L5,11791,hi
hin,L5,11793,hi
hin,L5,11794,hi
hin,L5,11798,hi
hin,L5,11813,hi
hin,L5,11814,hi
hin,L5,11828,hi
hin,L5,11835,hi
hin,L5,11840,hi
hin,L5,11852,hi
hin,L5,11854,hi
hin,L5,11857,hi
hin,L5,11861,hi
hin,L5,11865,hi
hin,L5,11872,hi
hin,L5,11893,hi
hin,L5,11895,hi
hin,L5,11918,hi
hin,L5,11920,hi
hin,L5,11929,hi
hin,L5,11944,hi
hin,L5,11961,hi
hin,L5,11972,hi
hin,L5,11979,hi
hin,L5,11986,hi
hin,L5,11990,hi
hin,L5,11991,hi
hin,L5,12004,hi
hin,L5,12014,hi
hin,L5,12020,hi
hin,L5,12022,hi
hin,L5,12024,hi
hin,L5,12038,hi
hin,L5,12040,hi
hin,L5,12085,hi
hin,L5,12087,hi
hin,L5,12088,hi
hin,L5,12092,hi
hin,L5,12097,hi
hin,L5,12099,hi
hin,L5,12104,hi
hin,L5,12109,hi
hin,L5,12125,hi
hin,L5,12126,hi
hin,L5,12129,hi
hin,L5,12134,hi
hin,L5,12142,hi
hin,L5,12164,hi
hin,L5,12174,hi
hin,L5,12179,hi
hin,L5,12187,hi
hin,L5,12198,hi
hin,L5,12207,hi
hin,L5,12211,hi
hin,L5,12219,hi
hin,L5,12221,hi
hin,L5,12239,hi
hin,L5,12243,hi
hin,L5,12247,hi
hin,L5,12258,hi
hin,L5,12264,hi
hin,L5,12274,hi
hin,L5,12277,hi
hin,L5,12279,hi
hin,L5,12280,hi
hin,L5,12282,hi
hin,L5,12289,hi
hin,L5,12294,hi
hin,L5,12295,hi
hin,L5,12317,hi
hin,L5,12324,hi
hin,L5,12332,hi
hin,L5,12344,hi
hin,L5,12346,hi
hin,L5,12354,hi
hin,L5,12362,hi
hin,L5,12374,hi
hin,L5,12377,hi
hin,L5,12382,hi
hin,L5,12393,hi
hin,L5,12399,hi
hin,L5,12404,hi
hin,L5,12415,hi
hin,L5,12422,hi
hin,L5,12433,hi
hin,L5,12439,hi
hin,L5,12469,hi
hin,L5,12473,hi
hin,L5,12483,hi
hin,L5,12484,hi
hin,L5,12492,hi
hin,L5,12498,hi
hin,L5,12502,hi
hin,L5,12506,hi
hin,L5,12511,hi
hin,L5,12530,hi
hin,L5,12536,hi
hin,L5,12551,hi
hin,L5,12556,hi
hin,L5,12569,hi
hin,L5,12574,hi
hin,L5,12598,hi
hin,L5,12599,hi
hin,L5,12602,hi
hin,L5,12604,hi
hin,L5,12627,hi
hin,L5,12629,hi
hin,L5,12643,hi
hin,L5,12647,hi
hin,L5,12655,hi
hin,L5,12666,hi
hin,L5,12688,hi
hin,L5,12697,hi
hin,L5,12724,hi
hin,L5,12733,hi
hin,L5,12735,hi
hin,L5,12737,hi
hin,L5,12743,hi
hin,L5,12747,hi
hin,L5,12752,hi
hin,L5,12786,hi
hin,L5,12790,hi
hin,L5,12793,hi
hin,L5,12795,hi
hin,L5,12797,hi
hin,L5,12798,hi
hin,L5,12806,hi
hin,L5,12818,hi
hin,L5,12841,hi
hin,L5,12847,hi
hin,L5,12849,hi
hin,L5,12853,hi
hin,L5,12855,hi
hin,L5,12856,hi
hin,L5,12868,hi
hin,L5,12900,hi
hin,L5,12904,hi
hin,L5,12910,hi
hin,L5,12916,hi
hin,L5,12922,hi
hin,L5,12934,hi
hin,L5,12943,hi
hin,L5,12949,hi
hin,L5,12951,hi
hin,L5,12954,hi
hin,L5,12957,hi
hin,L5,12958,hi
hin,L5,12992,hi
hin,L5,12997,hi
hin,L5,12999,hi
hin,L5,13002,hi
hin,L5,13012,hi
hin,L5,13033,hi
hin,L5,13048,hi
hin,L5,13049,hi
hin,L5,13052,hi
hin,L5,13055,hi
hin,L5,13061,hi
hin,L5,13063,hi
hin,L5,13064,hi
hin,L5,13065,hi
hin,L5,13066,hi
hin,L5,13069,hi
hin,L5,13072,hi
hin,L5,13090,hi
hin,L5,13099,hi
hin,L5,13100,hi
hin,L5,13106,hi
hin,L5,13116,hi
hin,L5,13124,hi
hin,L5,13135,hi
hin,L5,13139,hi
hin,L5,13141,hi
hin,L5,13142,hi
hin,L5,13144,hi
hin,L5,13145,hi
hin,L5,13149,hi
hin,L5,13189,hi
hin,L5,13203,hi
hin,L5,13219,hi
hin,L5,13229,hi
hin,L5,13230,hi
hin,L5,13236,hi
hin,L5,13245,hi
hin,L5,13246,hi
hin,L5,13257,hi
hin,L5,13264,hi
hin,L5,13267,hi
hin,L5,13277,hi
hin,L5,13278,hi
hin,L5,13284,hi
hin,L5,13290,hi
hin,L5,13292,hi
hin,L5,13300,hi
hin,L5,13307,hi
hin,L5,13324,hi
hin,L5,13325,hi
hin,L5,13327,hi
hin,L5,13330,hi
hin,L5,13341,hi
hin,L5,13345,hi
hin,L5,13367,hi
hin,L5,13379,hi
hin,L5,13391,hi
hin,L5,13400,hi
hin,L5,13407,hi
hin,L5,13408,hi
hin,L5,13414,hi
hin,L5,13416,hi
hin,L5,13424,hi
hin,L5,13425,hi
hin,L5,13426,hi
hin,L5,13443,hi
hin,L5,13456,hi
hin,L5,13485,hi
hin,L5,13488,hi
hin,L5,13500,hi
hin,L5,13509,hi
hin,L5,13514,hi
hin,L5,13526,hi
hin,L5,13535,hi
hin,L5,13543,hi
hin,L5,13549,hi
hin,L5,13552,hi
hin,L5,13555,hi
hin,L5,13561,hi
hin,L5,13564,hi
hin,L5,13572,hi
hin,L5,13588,hi
hin,L5,13601,hi
hin,L5,13616,hi
hin,L5,13618,hi
hin,L5,13625,hi
hin,L5,13656,hi
hin,L5,13657,hi
hin,L5,13667,hi
hin,L5,13680,hi
hin,L5,13687,hi
hin,L5,13701,hi
hin,L5,13706,hi
hin,L5,13714,hi
hin,L5,13718,hi
hin,L5,13728,hi
hin,L5,13731,hi
hin,L5,13735,hi
hin,L5,13741,hi
hin,L5,13742,hi
hin,L5,13753,hi
hin,L5,13756,hi
hin,L5,13774,hi
hin,L5,13776,hi
hin,L5,13777,hi
hin,L5,13781,hi
hin,L5,13788,hi
hin,L5,13793,hi
hin,L5,13805,hi
hin,L5,13820,hi
hin,L5,13823,hi
hin,L5,13834,hi
hin,L5,13841,hi
hin,L5,13853,hi
hin,L5,13859,hi
hin,L5,13862,hi
hin,L5,13863,hi
hin,L5,13873,hi
hin,L5,13874,hi
hin,L5,13883,hi
hin,L5,13897,hi
hin,L5,13909,hi
hin,L5,13922,hi
hin,L5,13928,hi
hin,L5,13930,hi
hin,L5,13932,hi
hin,L5,13944,hi
hin,L5,13955,hi
hin,L5,13956,hi
hin,L5,13982,hi
hin,L5,13994,hi
hin,L5,14005,hi
hin,L5,14010,hi
hin,L5,14015,hi
hin,L5,14028,hi
hin,L5,14033,hi
hin,L5,14034,hi
hin,L5,14041,hi
hin,L5,14043,hi
hin,L5,14044,hi
hin,L5,14045,hi
hin,L5,14049,hi
hin,L5,14054,hi
hin,L5,14075,hi
hin,L5,14089,hi
hin,L5,14093,hi
hin,L5,14094,hi
hin,L5,14099,hi
hin,L5,14110,hi
hin,L5,14118,hi
hin,L5,14120,hi
hin,L5,14121,hi
hin,L5,14137,hi
hin,L5,14138,hi
hin,L5,14175,hi
hin,L5,14191,hi
hin,L5,14193,hi
hin,L5,14195,hi
hin,L5,14212,hi
hin,L5,14237,hi
hin,L5,14238,hi
hin,L5,14244,hi
hin,L5,14260,hi
hin,L5,14263,hi
hin,L5,14269,hi
hin,L5,14286,hi
hin,L5,14289,hi
hin,L5,14291,hi
hin,L5,14302,hi
hin,L5,14303,hi
hin,L5,14304,hi
hin,L5,14310,hi
hin,L5,14331,hi
hin,L5,14344,hi
hin,L5,14355,hi
hin,L5,14362,hi
hin,L5,14367,hi
hin,L5,14379,hi
hin,L5,14392,hi
hin,L5,14398,hi
hin,L5,14403,hi
hin,L5,14414,hi
hin,L5,14418,hi
hin,L5,14435,hi
hin,L5,14441,hi
hin,L5,14448,hi
hin,L5,14452,hi
hin,L5,14456,hi
hin,L5,14459,hi
hin,L5,14460,hi
hin,L5,14462,hi
hin,L5,14465,hi
hin,L5,14484,hi
hin,L5,14514,hi
hin,L5,14516,hi
hin,L5,14517,hi
hin,L5,14518,hi
hin,L5,14529,hi
hin,L5,14531,hi
hin,L5,14539,hi
hin,L5,14546,hi
hin,L5,14547,hi
hin,L5,14558,hi
hin,L5,14571,hi
hin,L5,14580,hi
hin,L5,14615,hi
hin,L5,14619,hi
hin,L5,14622,hi
hin,L5,14630,hi
hin,L5,14638,hi
hin,L5,14642,hi
hin,L5,14645,hi
hin,L5,14647,hi
hin,L5,14648,hi
hin,L5,14649,hi
hin,L5,14678,hi
hin,L5,14684,hi
hin,L5,14688,hi
hin,L5,14692,hi
hin,L5,14694,hi
hin,L5,14715,hi
hin,L5,14725,hi
hin,L5,14726,hi
hin,L5,14730,hi
hin,L5,14738,hi
hin,L5,14741,hi
hin,L5,14749,hi
hin,L5,14755,hi
hin,L5,14757,hi
hin,L5,14764,hi
hin,L5,14765,hi
hin,L5,14780,hi
hin,L5,14786,hi
hin,L5,14799,hi
hin,L5,14811,hi
hin,L5,14816,hi
hin,L5,14818,hi
hin,L5,14821,hi
hin,L5,14834,hi
hin,L5,14860,hi
hin,L5,14872,hi
hin,L5,14883,hi
hin,L5,14891,hi
hin,L5,14895,hi
hin,L5,14899,hi
hin,L5,14901,hi
hin,L5,14916,hi
hin,L5,14919,hi
hin,L5,14922,hi
hin,L5,14925,hi
hin,L5,14937,hi
hin,L5,14948,hi
hin,L5,14953,hi
hin,L5,14959,hi
hin,L5,14966,hi
hin,L5,14981,hi
hin,L5,14982,hi
hin,L5,14984,hi
hin,L5,14997,hi
hin,L5,15000,hi
hin,L5,15013,hi
hin,L5,15021,hi
hin,L5,15028,hi
hin,L5,15032,hi
hin,L5,15047,hi
hin,L5,15048,hi
hin,L5,15051,hi
hin,L5,15057,hi
hin,L5,15059,hi
hin,L5,15062,hi
hin,L5,15064,hi
hin,L5,15080,hi
hin,L5,15081,hi
hin,L5,15113,hi
hin,L5,15124,hi
hin,L5,15126,hi
hin,L5,15128,hi
hin,L5,15129,hi
hin,L5,15132,hi
hin,L5,15140,hi
hin,L5,15141,hi
hin,L5,15155,hi
hin,L5,15160,hi
hin,L5,15176,hi
hin,L5,15177,hi
hin,L5,15187,hi
hin,L5,15188,hi
hin,L5,15199,hi
hin,L5,15200,hi
hin,L5,15209,hi
hin,L5,15222,hi
hin,L5,15225,hi
hin,L5,15227,hi
hin,L5,15239,hi
hin,L5,15256,hi
hin,L5,15266,hi
hin,L5,15277,hi
hin,L5,15285,hi
hin,L5,15291,hi
hin,L5,15294,hi
hin,L5,15297,hi
hin,L5,15322,hi
hin,L5,15330,hi
hin,L5,15331,hi
hin,L5,15336,hi
hin,L5,15347,hi
hin,L5,15356,hi
hin,L5,15360,hi
hin,L5,15363,hi
hin,L5,15370,hi
hin,L5,15371,hi
hin,L5,15386,hi
hin,L5,15388,hi
hin,L5,15409,hi
hin,L5,15415,hi
hin,L5,15424,hi
hin,L5,15447,hi
hin,L5,15472,hi
hin,L5,15473,hi
hin,L5,15491,hi
hin,L5,15496,hi
hin,L5,15500,hi
hin,L5,15538,hi
hin,L5,15541,hi
hin,L5,15549,hi
hin,L5,15556,hi
hin,L5,15571,hi
hin,L5,15576,hi
hin,L5,15584,hi
hin,L5,15585,hi
hin,L5,15599,hi
hin,L5,15601,hi
hin,L5,15614,hi
hin,L5,15627,hi
hin,L5,15637,hi
hin,L5,15653,hi
hin,L5,15658,hi
hin,L5,15659,hi
hin,L5,15674,hi
hin,L5,15683,hi
hin,L5,15692,hi
hin,L5,15694,hi
hin,L5,15709,hi
hin,L5,15712,hi
hin,L5,15717,hi
hin,L5,15722,hi
hin,L5,15723,hi
hin,L5,15724,hi
hin,L5,15726,hi
hin,L5,15736,hi
hin,L5,15741,hi
hin,L5,15747,hi
hin,L5,15757,hi
hin,L5,15768,hi
hin,L5,15779,hi
hin,L5,15783,hi
hin,L5,15793,hi
hin,L5,15794,hi
hin,L5,15799,hi
mar,L1,5,mr
mar,L1,49,mr
mar,L1,84,mr
mar,L1,92,mr
mar,L1,94,mr
mar,L1,130,mr
mar,L1,132,mr
mar,L1,143,mr
mar,L1,145,mr
mar,L1,151,mr
mar,L1,164,mr
mar,L1,174,mr
mar,L1,243,mr
mar,L1,263,mr
mar,L1,269,mr
mar,L1,274,mr
mar,L1,277,mr
mar,L1,297,mr
mar,L1,306,mr
mar,L1,327,mr
mar,L1,347,mr
mar,L1,352,mr
mar,L1,354,mr
mar,L1,358,mr
mar,L1,360,mr
mar,L1,365,mr
mar,L1,369,mr
mar,L1,394,mr
mar,L1,424,mr
mar,L1,425,mr
mar,L1,451,mr
mar,L1,452,mr
mar,L1,455,mr
mar,L1,470,mr
mar,L1,489,mr
mar,L1,491,mr
mar,L1,494,mr
mar,L1,507,mr
mar,L1,517,mr
mar,L1,523,mr
mar,L1,533,mr
mar,L1,537,mr
mar,L1,558,mr
mar,L1,594,mr
mar,L1,616,mr
mar,L1,625,mr
mar,L1,627,mr
mar,L1,636,mr
mar,L1,637,mr
mar,L1,638,mr
mar,L1,654,mr
mar,L1,657,mr
mar,L1,666,mr
mar,L1,681,mr
mar,L1,692,mr
mar,L1,698,mr
mar,L1,759,mr
mar,L1,802,mr
mar,L1,804,mr
mar,L1,813,mr
mar,L1,835,mr
mar,L1,856,mr
mar,L1,862,mr
mar,L1,881,mr
mar,L1,883,mr
mar,L1,885,mr
mar,L1,909,mr
mar,L1,938,mr
mar,L1,943,mr
mar,L1,947,mr
mar,L1,960,mr
mar,L1,968,mr
mar,L1,970,mr
mar,L1,972,mr
mar,L1,980,mr
mar,L1,989,mr
mar,L1,1023,mr
mar,L1,1034,mr
mar,L1,1053,mr
mar,L1,1059,mr
mar,L1,1061,mr
mar,L1,1085,mr
mar,L1,1089,mr
mar,L1,1110,mr
mar,L1,1120,mr
mar,L1,1129,mr
mar,L1,1166,mr
mar,L1,1172,mr
mar,L1,1175,mr
mar,L1,1179,mr
mar,L1,1195,mr
mar,L1,1200,mr
mar,L1,1203,mr
mar,L1,1225,mr
mar,L1,1238,mr
mar,L1,1242,mr
mar,L1,1247,mr
mar,L1,1254,mr
mar,L1,1255,mr
mar,L1,1283,mr
mar,L1,1364,mr
mar,L1,1390,mr
mar,L1,1391,mr
mar,L1,1392,mr
mar,L1,1393,mr
mar,L1,1398,mr
mar,L1,1416,mr
mar,L1,1419,mr
mar,L1,1492,mr
mar,L1,1547,mr
mar,L1,1550,mr
mar,L1,1574,mr
mar,L1,1578,mr
mar,L1,1604,mr
mar,L1,1617,mr
mar,L1,1636,mr
mar,L1,1639,mr
mar,L1,1671,mr
mar,L1,1680,mr
mar,L1,1707,mr
mar,L1,1760,mr
mar,L1,1784,mr
mar,L1,1785,mr
mar,L1,1798,mr
mar,L1,1800,mr
mar,L1,1807,mr
mar,L1,1811,mr
mar,L1,1823,mr
mar,L1,1861,mr
mar,L1,1863,mr
mar,L1,1898,mr
mar,L1,1904,mr
mar,L1,1965,mr
mar,L1,1966,mr
mar,L1,1987,mr
mar,L1,2007,mr
mar,L1,2021,mr
mar,L1,2039,mr
mar,L1,2064,mr
mar,L1,2086,mr
mar,L1,2091,mr
mar,L1,2098,mr
mar,L1,2121,mr
mar,L1,2127,mr
mar,L1,2135,mr
mar,L1,2140,mr
mar,L1,2158,mr
mar,L1,2175,mr
mar,L1,2186,mr
mar,L1,2190,mr
mar,L1,2205,mr
mar,L1,2219,mr
mar,L1,2222,mr
mar,L1,2238,mr
mar,L1,2239,mr
mar,L1,2242,mr
mar,L1,2259,mr
mar,L1,2283,mr
mar,L1,2322,mr
mar,L1,2325,mr
mar,L1,2328,mr
mar,L1,2330,mr
mar,L1,2332,mr
mar,L1,2338,mr
mar,L1,2400,mr
mar,L1,2403,mr
mar,L1,2428,mr
mar,L1,2479,mr
mar,L1,2507,mr
mar,L1,2511,mr
mar,L1,2522,mr
mar,L1,2528,mr
mar,L1,2572,mr
mar,L1,2578,mr
mar,L1,2587,mr
mar,L1,2595,mr
mar,L1,2605,mr
mar,L1,2608,mr
mar,L1,2656,mr
mar,L1,2666,mr
mar,L1,2667,mr
mar,L1,2715,mr
mar,L1,2737,mr
mar,L1,2752,mr
mar,L1,2762,mr
mar,L1,2765,mr
mar,L1,2779,mr
mar,L1,2818,mr
mar,L1,2829,mr
mar,L1,2842,mr
mar,L1,2850,mr
mar,L1,2908,mr
mar,L1,2913,mr
mar,L1,2918,mr
mar,L1,2972,mr
mar,L1,2973,mr
mar,L1,2984,mr
mar,L1,2985,mr
mar,L1,2996,mr
mar,L1,3029,mr
mar,L1,3041,mr
mar,L1,3045,mr
mar,L1,3062,mr
mar,L1,3065,mr
mar,L1,3074,mr
mar,L1,3098,mr
mar,L1,3116,mr
mar,L1,3145,mr
mar,L1,3164,mr
mar,L1,3174,mr
mar,L1,3186,mr
mar,L1,3191,mr
mar,L1,3197,mr
mar,L1,3198,mr
mar,L1,3245,mr
mar,L1,3255,mr
mar,L1,3264,mr
mar,L1,3273,mr
mar,L1,3278,mr
mar,L1,3282,mr
mar,L1,3296,mr
mar,L1,3303,mr
mar,L1,3327,mr
mar,L1,3332,mr
mar,L1,3403,mr
mar,L1,3432,mr
mar,L1,3448,mr
mar,L1,3485,mr
mar,L1,3494,mr
mar,L1,3517,mr
mar,L1,3523,mr
mar,L1,3562,mr
mar,L1,3567,mr
mar,L1,3574,mr
mar,L1,3575,mr
mar,L1,3596,mr
mar,L1,3597,mr
mar,L1,3604,mr
mar,L1,3615,mr
mar,L1,3635,mr
mar,L1,3643,mr
mar,L1,3644,mr
mar,L1,3655,mr
mar,L1,3657,mr
mar,L1,3669,mr
mar,L1,3679,mr
mar,L1,3694,mr
mar,L1,3735,mr
mar,L1,3746,mr
mar,L1,3761,mr
mar,L1,3763,mr
mar,L1,3768,mr
mar,L1,3784,mr
mar,L1,3790,mr
mar,L1,3825,mr
mar,L1,3828,mr
mar,L1,3830,mr
mar,L1,3855,mr
mar,L1,3856,mr
mar,L1,3858,mr
mar,L1,3866,mr
mar,L1,3876,mr
mar,L1,3894,mr
mar,L1,3939,mr
mar,L1,3943,mr
mar,L1,3947,mr
mar,L1,3953,mr
mar,L1,3965,mr
mar,L1,3971,mr
mar,L1,3986,mr
mar,L1,3994,mr
mar,L1,3999,mr
mar,L1,4010,mr
mar,L1,4015,mr
mar,L1,4027,mr
mar,L1,4037,mr
mar,L1,4054,mr
mar,L1,4069,mr
mar,L1,4088,mr
mar,L1,4095,mr
mar,L1,4096,mr
mar,L1,4097,mr
mar,L1,4117,mr
mar,L1,4123,mr
mar,L1,4138,mr
mar,L1,4166,mr
mar,L1,4217,mr
mar,L1,4252,mr
mar,L1,4268,mr
mar,L1,4277,mr
mar,L1,4278,mr
mar,L1,4298,mr
mar,L1,4305,mr
mar,L1,4331,mr
mar,L1,4346,mr
mar,L1,4369,mr
mar,L1,4389,mr
mar,L1,4397,mr
mar,L1,4408,mr
mar,L1,4411,mr
mar,L1,4439,mr
mar,L1,4474,mr
mar,L1,4497,mr
mar,L1,4500,mr
mar,L1,4508,mr
mar,L1,4590,mr
mar,L1,4596,mr
mar,L1,4625,mr
mar,L1,4630,mr
mar,L1,4652,mr
mar,L1,4659,mr
mar,L1,4671,mr
mar,L1,4702,mr
mar,L1,4735,mr
mar,L1,4737,mr
mar,L1,4747,mr
mar,L1,4760,mr
mar,L1,4770,mr
mar,L1,4785,mr
mar,L1,4796,mr
mar,L1,4815,mr
mar,L1,4854,mr
mar,L1,4865,mr
mar,L1,4919,mr
mar,L1,4922,mr
mar,L1,4923,mr
mar,L1,4933,mr
mar,L1,4938,mr
mar,L1,4947,mr
mar,L1,4957,mr
mar,L1,4994,mr
mar,L1,4996,mr
mar,L1,5007,mr
mar,L1,5008,mr
mar,L1,5019,mr
mar,L1,5046,mr
mar,L1,5047,mr
mar,L1,5073,mr
mar,L1,5075,mr
mar,L1,5077,mr
mar,L1,5088,mr
mar,L1,5092,mr
mar,L1,5124,mr
mar,L1,5127,mr
mar,L1,5141,mr
mar,L1,5193,mr
mar,L1,5222,mr
mar,L1,5228,mr
mar,L1,5235,mr
mar,L1,5264,mr
mar,L1,5293,mr
mar,L1,5315,mr
mar,L1,5320,mr
mar,L1,5321,mr
mar,L1,5330,mr
mar,L1,5337,mr
mar,L1,5354,mr
mar,L1,5355,mr
mar,L1,5356,mr
mar,L1,5372,mr
mar,L1,5400,mr
mar,L1,5401,mr
mar,L1,5412,mr
mar,L1,5421,mr
mar,L1,5434,mr
mar,L1,5449,mr
mar,L1,5474,mr
mar,L1,5496,mr
mar,L1,5510,mr
mar,L1,5516,mr
mar,L1,5531,mr
mar,L1,5533,mr
mar,L1,5555,mr
mar,L1,5559,mr
mar,L1,5561,mr
mar,L1,5569,mr
mar,L1,5579,mr
mar,L1,5583,mr
mar,L1,5584,mr
mar,L1,5597,mr
mar,L1,5611,mr
mar,L1,5656,mr
mar,L1,5662,mr
mar,L1,5706,mr
mar,L1,5734,mr
mar,L1,5738,mr
mar,L1,5739,mr
mar,L1,5755,mr
mar,L1,5761,mr
mar,L1,5783,mr
mar,L1,5785,mr
mar,L1,5797,mr
mar,L1,5805,mr
mar,L1,5807,mr
mar,L1,5820,mr
mar,L1,5826,mr
mar,L1,5828,mr
mar,L1,5837,mr
mar,L1,5861,mr
mar,L1,5874,mr
mar,L1,5912,mr
mar,L1,5942,mr
mar,L1,5946,mr
mar,L1,5996,mr
mar,L1,6013,mr
mar,L1,6050,mr
mar,L1,6068,mr
mar,L1,6086,mr
mar,L1,6113,mr
mar,L1,6162,mr
mar,L1,6165,mr
mar,L1,6179,mr
mar,L1,6183,mr
mar,L1,6240,mr
mar,L1,6258,mr
mar,L1,6279,mr
mar,L1,6285,mr
mar,L1,6329,mr
mar,L1,6332,mr
mar,L1,6343,mr
mar,L1,6373,mr
mar,L1,6376,mr
mar,L1,6380,mr
mar,L1,6426,mr
mar,L1,6428,mr
mar,L1,6440,mr
mar,L1,6442,mr
mar,L1,6455,mr
mar,L1,6487,mr
mar,L1,6495,mr
mar,L1,6497,mr
mar,L1,6498,mr
mar,L1,6509,mr
mar,L1,6510,mr
mar,L1,6525,mr
mar,L1,6534,mr
mar,L1,6537,mr
mar,L1,6560,mr
mar,L1,6569,mr
mar,L1,6637,mr
mar,L1,6667,mr
mar,L1,6696,mr
mar,L1,6702,mr
mar,L1,6705,mr
mar,L1,6729,mr
mar,L1,6734,mr
mar,L1,6741,mr
mar,L1,6753,mr
mar,L1,6755,mr
mar,L1,6760,mr
mar,L1,6815,mr
mar,L1,6820,mr
mar,L1,6837,mr
mar,L1,6866,mr
mar,L1,6889,mr
mar,L1,6893,mr
mar,L1,6903,mr
mar,L1,6904,mr
mar,L1,6906,mr
mar,L1,6919,mr
mar,L1,6923,mr
mar,L1,6945,mr
mar,L1,6947,mr
mar,L1,6965,mr
mar,L1,6968,mr
mar,L1,6978,mr
mar,L1,6994,mr
mar,L1,7023,mr
mar,L1,7027,mr
mar,L1,7046,mr
mar,L1,7060,mr
mar,L1,7079,mr
mar,L1,7089,mr
mar,L1,7108,mr
mar,L1,7109,mr
mar,L1,7126,mr
mar,L1,7127,mr
mar,L1,7142,mr
mar,L1,7219,mr
mar,L1,7224,mr
mar,L1,7226,mr
mar,L1,7327,mr
mar,L1,7341,mr
mar,L1,7411,mr
mar,L1,7439,mr
mar,L1,7463,mr
mar,L1,7465,mr
mar,L1,7468,mr
mar,L1,7504,mr
mar,L1,7515,mr
mar,L1,7530,mr
mar,L1,7540,mr
mar,L1,7557,mr
mar,L1,7577,mr
mar,L1,7618,mr
mar,L1,7626,mr
mar,L1,7674,mr
mar,L1,7682,mr
mar,L1,7688,mr
mar,L1,7705,mr
mar,L1,7715,mr
mar,L1,7717,mr
mar,L1,7732,mr
mar,L1,7735,mr
mar,L1,7751,mr
mar,L1,7763,mr
mar,L1,7806,mr
mar,L1,7815,mr
mar,L1,7827,mr
mar,L1,7833,mr
mar,L1,7852,mr
mar,L1,7853,mr
mar,L1,7860,mr
mar,L1,7869,mr
mar,L1,7890,mr
mar,L1,7892,mr
mar,L1,7903,mr
mar,L1,7904,mr
mar,L1,7912,mr
mar,L1,7947,mr
mar,L1,7959,mr
mar,L1,7960,mr
mar,L1,7964,mr
mar,L1,7970,mr
mar,L1,7971,mr
mar,L1,7991,mr
mar,L1,8027,mr
mar,L1,8045,mr
mar,L1,8060,mr
mar,L1,8071,mr
mar,L1,8082,mr
mar,L1,8131,mr
mar,L1,8161,mr
mar,L1,8163,mr
mar,L1,8237,mr
mar,L1,8244,mr
mar,L1,8246,mr
mar,L1,8267,mr
mar,L1,8274,mr
mar,L1,8287,mr
mar,L1,8288,mr
mar,L1,8298,mr
mar,L1,8317,mr
mar,L1,8322,mr
mar,L1,8325,mr
mar,L1,8326,mr
mar,L1,8346,mr
mar,L1,8371,mr
mar,L1,8390,mr
mar,L1,8405,mr
mar,L1,8411,mr
mar,L1,8414,mr
mar,L1,8448,mr
mar,L1,8456,mr
mar,L1,8469,mr
mar,L1,8483,mr
mar,L1,8490,mr
mar,L1,8502,mr
mar,L1,8506,mr
mar,L1,8533,mr
mar,L1,8540,mr
mar,L1,8541,mr
mar,L1,8550,mr
mar,L1,8559,mr
mar,L1,8578,mr
mar,L1,8592,mr
mar,L1,8599,mr
mar,L1,8606,mr
mar,L1,8623,mr
mar,L1,8624,mr
mar,L1,8630,mr
mar,L1,8657,mr
mar,L1,8659,mr
mar,L1,8680,mr
mar,L1,8692,mr
mar,L1,8709,mr
mar,L1,8711,mr
mar,L1,8737,mr
mar,L1,8739,mr
mar,L1,8745,mr
mar,L1,8762,mr
mar,L1,8793,mr
mar,L1,8801,mr
mar,L1,8833,mr
mar,L1,8839,mr
mar,L1,8843,mr
mar,L1,8858,mr
mar,L1,8868,mr
mar,L1,8887,mr
mar,L1,8895,mr
mar,L1,8908,mr
mar,L1,8911,mr
mar,L1,8948,mr
mar,L1,8963,mr
mar,L1,8970,mr
mar,L1,8976,mr
mar,L1,8996,mr
mar,L1,9001,mr
mar,L1,9003,mr
mar,L1,9050,mr
mar,L1,9057,mr
mar,L1,9070,mr
mar,L1,9073,mr
mar,L1,9090,mr
mar,L1,9094,mr
mar,L1,9120,mr
mar,L1,9129,mr
mar,L1,9132,mr
mar,L1,9141,mr
mar,L1,9169,mr
mar,L1,9174,mr
mar,L1,9178,mr
mar,L1,9218,mr
mar,L1,9251,mr
mar,L1,9274,mr
mar,L1,9277,mr
mar,L1,9306,mr
mar,L1,9312,mr
mar,L1,9314,mr
mar,L1,9321,mr
mar,L1,9324,mr
mar,L1,9327,mr
mar,L1,9332,mr
mar,L1,9339,mr
mar,L1,9345,mr
mar,L1,9348,mr
mar,L1,9365,mr
mar,L1,9366,mr
mar,L1,9376,mr
mar,L1,9382,mr
mar,L1,9389,mr
mar,L1,9401,mr
mar,L1,9405,mr
mar,L1,9423,mr
mar,L1,9425,mr
mar,L1,9454,mr
mar,L1,9487,mr
mar,L1,9497,mr
mar,L1,9582,mr
mar,L1,9616,mr
mar,L1,9618,mr
mar,L1,9639,mr
mar,L1,9651,mr
mar,L1,9688,mr
mar,L1,9692,mr
mar,L1,9713,mr
mar,L1,9724,mr
mar,L1,9725,mr
mar,L1,9726,mr
mar,L1,9742,mr
mar,L1,9791,mr
mar,L1,9799,mr
mar,L1,9817,mr
mar,L1,9830,mr
mar,L1,9851,mr
mar,L1,9868,mr
mar,L1,9881,mr
mar,L1,9886,mr
mar,L1,9893,mr
mar,L1,9917,mr
mar,L1,9928,mr
mar,L1,9948,mr
mar,L1,9954,mr
mar,L1,9968,mr
mar,L1,9972,mr
mar,L1,9974,mr
mar,L1,9996,mr
mar,L1,10012,mr
mar,L1,10072,mr
mar,L1,10081,mr
mar,L1,10133,mr
mar,L1,10157,mr
mar,L1,10183,mr
mar,L1,10186,mr
mar,L1,10192,mr
mar,L1,10205,mr
mar,L1,10216,mr
mar,L1,10238,mr
mar,L1,10246,mr
mar,L1,10248,mr
mar,L1,10255,mr
mar,L1,10318,mr
mar,L1,10335,mr
mar,L1,10345,mr
mar,L1,10364,mr
mar,L1,10365,mr
mar,L1,10384,mr
mar,L1,10419,mr
mar,L1,10422,mr
mar,L1,10431,mr
mar,L1,10449,mr
mar,L1,10460,mr
mar,L1,10466,mr
mar,L1,10489,mr
mar,L1,10497,mr
mar,L1,10505,mr
mar,L1,10506,mr
mar,L1,10507,mr
mar,L1,10508,mr
mar,L1,10512,mr
mar,L1,10520,mr
mar,L1,10564,mr
mar,L1,10636,mr
mar,L1,10641,mr
mar,L1,10662,mr
mar,L1,10664,mr
mar,L1,10693,mr
mar,L1,10698,mr
mar,L1,10705,mr
mar,L1,10717,mr
mar,L1,10737,mr
mar,L1,10749,mr
mar,L1,10751,mr
mar,L1,10771,mr
mar,L1,10776,mr
mar,L1,10794,mr
mar,L1,10798,mr
mar,L1,10814,mr
mar,L1,10817,mr
mar,L1,10821,mr
mar,L1,10838,mr
mar,L1,10847,mr
mar,L1,10863,mr
mar,L1,10880,mr
mar,L1,10882,mr
mar,L1,10923,mr
mar,L1,10952,mr
mar,L1,10962,mr
mar,L1,10967,mr
mar,L1,10993,mr
mar,L1,11006,mr
mar,L1,11024,mr
mar,L1,11027,mr
mar,L1,11033,mr
mar,L1,11036,mr
mar,L1,11052,mr
mar,L1,11094,mr
mar,L1,11116,mr
mar,L1,11123,mr
mar,L1,11127,mr
mar,L1,11138,mr
mar,L1,11149,mr
mar,L1,11150,mr
mar,L1,11155,mr
mar,L1,11163,mr
mar,L1,11171,mr
mar,L1,11173,mr
mar,L1,11193,mr
mar,L1,11209,mr
mar,L1,11249,mr
mar,L1,11254,mr
mar,L1,11267,mr
mar,L1,11301,mr
mar,L1,11307,mr
mar,L1,11316,mr
mar,L1,11366,mr
mar,L1,11376,mr
mar,L1,11382,mr
mar,L1,11385,mr
mar,L1,11447,mr
mar,L1,11458,mr
mar,L1,11471,mr
mar,L1,11488,mr
mar,L1,11493,mr
mar,L1,11560,mr
mar,L1,11561,mr
mar,L1,11570,mr
mar,L1,11627,mr
mar,L1,11635,mr
mar,L1,11638,mr
mar,L1,11643,mr
mar,L1,11652,mr
mar,L1,11653,mr
mar,L1,11664,mr
mar,L1,11695,mr
mar,L1,11728,mr
mar,L1,11744,mr
mar,L1,11779,mr
mar,L1,11858,mr
mar,L1,11868,mr
mar,L1,11881,mr
mar,L1,11891,mr
mar,L1,11908,mr
mar,L1,11931,mr
mar,L1,11935,mr
mar,L1,11943,mr
mar,L1,11971,mr
mar,L1,11988,mr
mar,L1,11991,mr
mar,L1,12001,mr
mar,L1,12013,mr
mar,L1,12081,mr
mar,L1,12090,mr
mar,L1,12091,mr
mar,L1,12142,mr
mar,L1,12143,mr
mar,L1,12147,mr
mar,L1,12154,mr
mar,L1,12163,mr
mar,L1,12164,mr
mar,L1,12173,mr
mar,L1,12192,mr
mar,L1,12194,mr
mar,L1,12232,mr
mar,L1,12247,mr
mar,L1,12249,mr
mar,L1,12259,mr
mar,L1,12268,mr
mar,L1,12290,mr
mar,L1,12292,mr
mar,L1,12308,mr
mar,L1,12315,mr
mar,L1,12316,mr
mar,L1,12320,mr
mar,L1,12321,mr
mar,L1,12327,mr
mar,L1,12371,mr
mar,L1,12390,mr
mar,L1,12417,mr
mar,L1,12430,mr
mar,L1,12438,mr
mar,L1,12466,mr
mar,L1,12475,mr
mar,L1,12483,mr
mar,L1,12485,mr
mar,L1,12523,mr
mar,L1,12533,mr
mar,L1,12545,mr
mar,L1,12572,mr
mar,L1,12587,mr
mar,L1,12590,mr
mar,L1,12594,mr
mar,L1,12626,mr
mar,L1,12648,mr
mar,L1,12670,mr
mar,L1,12679,mr
mar,L1,12691,mr
mar,L1,12704,mr
mar,L1,12712,mr
mar,L1,12727,mr
mar,L1,12740,mr
mar,L1,12782,mr
mar,L1,12792,mr
mar,L1,12802,mr
mar,L1,12825,mr
mar,L1,12854,mr
mar,L1,12864,mr
mar,L1,12893,mr
mar,L1,12898,mr
mar,L1,12921,mr
mar,L1,12925,mr
mar,L1,12937,mr
mar,L1,12940,mr
mar,L1,12944,mr
mar,L1,12960,mr
mar,L1,12964,mr
mar,L1,12976,mr
mar,L1,12980,mr
mar,L1,12985,mr
mar,L1,12994,mr
mar,L1,13020,mr
mar,L1,13023,mr
mar,L1,13028,mr
mar,L1,13033,mr
mar,L1,13067,mr
mar,L1,13070,mr
mar,L1,13075,mr
mar,L1,13088,mr
mar,L1,13121,mr
mar,L1,13143,mr
mar,L1,13173,mr
mar,L1,13184,mr
mar,L1,13194,mr
mar,L1,13196,mr
mar,L1,13202,mr
mar,L1,13212,mr
mar,L1,13225,mr
mar,L1,13256,mr
mar,L1,13290,mr
mar,L1,13306,mr
mar,L1,13315,mr
mar,L1,13334,mr
mar,L1,13336,mr
mar,L1,13341,mr
mar,L1,13355,mr
mar,L1,13360,mr
mar,L1,13369,mr
mar,L1,13400,mr
mar,L1,13458,mr
mar,L1,13478,mr
mar,L1,13479,mr
mar,L1,13502,mr
mar,L1,13535,mr
mar,L1,13551,mr
mar,L1,13564,mr
mar,L1,13569,mr
mar,L1,13574,mr
mar,L1,13575,mr
mar,L1,13604,mr
mar,L1,13605,mr
mar,L1,13627,mr
mar,L1,13633,mr
mar,L1,13650,mr
mar,L1,13681,mr
mar,L1,13695,mr
mar,L1,13715,mr
mar,L1,13728,mr
mar,L1,13739,mr
mar,L1,13740,mr
mar,L1,13755,mr
mar,L1,13784,mr
mar,L1,13801,mr
mar,L1,13803,mr
mar,L1,13823,mr
mar,L1,13827,mr
mar,L1,13840,mr
mar,L1,13850,mr
mar,L1,13873,mr
mar,L1,13882,mr
mar,L1,13904,mr
mar,L1,13913,mr
mar,L1,13929,mr
mar,L1,13937,mr
mar,L1,13940,mr
mar,L1,13944,mr
mar,L1,13955,mr
mar,L1,13973,mr
mar,L1,13990,mr
mar,L1,13994,mr
mar,L1,13996,mr
mar,L1,13998,mr
mar,L1,14003,mr
mar,L1,14009,mr
mar,L1,14012,mr
mar,L1,14026,mr
mar,L1,14071,mr
mar,L1,14159,mr
mar,L1,14167,mr
mar,L1,14169,mr
mar,L1,14171,mr
mar,L1,14177,mr
mar,L1,14192,mr
mar,L1,14248,mr
mar,L1,14254,mr
mar,L1,14259,mr
mar,L1,14266,mr
mar,L1,14268,mr
mar,L1,14307,mr
mar,L1,14366,mr
mar,L1,14369,mr
mar,L1,14370,mr
mar,L1,14373,mr
mar,L1,14381,mr
mar,L1,14394,mr
mar,L1,14404,mr
mar,L1,14429,mr
mar,L1,14439,mr
mar,L1,14440,mr
mar,L1,14448,mr
mar,L1,14450,mr
mar,L1,14466,mr
mar,L1,14526,mr
mar,L1,14536,mr
mar,L1,14550,mr
mar,L1,14561,mr
mar,L1,14562,mr
mar,L1,14597,mr
mar,L1,14601,mr
mar,L1,14608,mr
mar,L1,14617,mr
mar,L1,14623,mr
mar,L1,14624,mr
mar,L1,14626,mr
mar,L1,14638,mr
mar,L1,14677,mr
mar,L1,14681,mr
mar,L1,14683,mr
mar,L1,14688,mr
mar,L1,14695,mr
mar,L1,14716,mr
mar,L1,14731,mr
mar,L1,14736,mr
mar,L1,14737,mr
mar,L1,14769,mr
mar,L1,14785,mr
mar,L1,14798,mr
mar,L1,14809,mr
mar,L1,14811,mr
mar,L1,14829,mr
mar,L1,14842,mr
mar,L1,14856,mr
mar,L1,14867,mr
mar,L1,14870,mr
mar,L1,14873,mr
mar,L1,14907,mr
mar,L1,14950,mr
mar,L1,14953,mr
mar,L1,14956,mr
mar,L1,14969,mr
mar,L1,14976,mr
mar,L1,14985,mr
mar,L1,14998,mr
mar,L1,15001,mr
mar,L1,15014,mr
mar,L1,15033,mr
mar,L1,15036,mr
mar,L1,15037,mr
mar,L1,15040,mr
mar,L1,15047,mr
mar,L1,15075,mr
mar,L1,15085,mr
mar,L1,15091,mr
mar,L1,15106,mr
mar,L1,15117,mr
mar,L1,15130,mr
mar,L1,15136,mr
mar,L1,15142,mr
mar,L1,15144,mr
mar,L1,15155,mr
mar,L1,15156,mr
mar,L1,15182,mr
mar,L1,15203,mr
mar,L1,15209,mr
mar,L1,15222,mr
mar,L1,15251,mr
mar,L1,15265,mr
mar,L1,15297,mr
mar,L1,15303,mr
mar,L1,15327,mr
mar,L1,15334,mr
mar,L1,15335,mr
mar,L1,15337,mr
mar,L1,15351,mr
mar,L1,15353,mr
mar,L1,15363,mr
mar,L1,15391,mr
mar,L1,15401,mr
mar,L1,15428,mr
mar,L1,15458,mr
mar,L1,15476,mr
mar,L1,15483,mr
mar,L1,15490,mr
mar,L1,15494,mr
mar,L1,15510,mr
mar,L1,15516,mr
mar,L1,15529,mr
mar,L1,15531,mr
mar,L1,15533,mr
mar,L1,15554,mr
mar,L1,15558,mr
mar,L1,15564,mr
mar,L1,15576,mr
mar,L1,15591,mr
mar,L1,15642,mr
mar,L1,15647,mr
mar,L1,15655,mr
mar,L1,15660,mr
mar,L1,15690,mr
mar,L1,15736,mr
mar,L1,15739,mr
mar,L1,15742,mr
mar,L1,15746,mr
mar,L1,15787,mr
mar,L1,15812,mr
mar,L1,15851,mr
mar,L1,15854,mr
mar,L1,15895,mr
mar,L1,15918,mr
mar,L1,15920,mr
mar,L1,15926,mr
mar,L1,15932,mr
mar,L1,15937,mr
mar,L1,15942,mr
mar,L1,15943,mr
mar,L1,15945,mr
mar,L1,15986,mr
mar,L1,16002,mr
mar,L1,16016,mr
mar,L1,16019,mr
mar,L1,16027,mr
mar,L1,16096,mr
mar,L1,16104,mr
mar,L1,16111,mr
mar,L1,16127,mr
mar,L1,16133,mr
mar,L1,16135,mr
mar,L1,16167,mr
mar,L1,16195,mr
mar,L1,16212,mr
mar,L1,16235,mr
mar,L1,16253,mr
mar,L1,16263,mr
mar,L1,16269,mr
mar,L1,16273,mr
mar,L1,16281,mr
mar,L1,16284,mr
mar,L1,16297,mr
mar,L1,16317,mr
mar,L1,16404,mr
mar,L1,16416,mr
mar,L1,16421,mr
mar,L1,16425,mr
mar,L1,16463,mr
mar,L1,16469,mr
mar,L1,16512,mr
mar,L1,16546,mr
mar,L1,16559,mr
mar,L1,16580,mr
mar,L1,16584,mr
mar,L1,16585,mr
mar,L1,16701,mr
mar,L1,16703,mr
mar,L1,16709,mr
mar,L1,16714,mr
mar,L1,16723,mr
mar,L1,16757,mr
mar,L1,16768,mr
mar,L1,16802,mr
mar,L1,16811,mr
mar,L1,16815,mr
mar,L1,16820,mr
mar,L1,16833,mr
mar,L1,16841,mr
mar,L1,16851,mr
mar,L1,16856,mr
mar,L1,16868,mr
mar,L1,16886,mr
mar,L1,16896,mr
mar,L1,16915,mr
mar,L1,16939,mr
mar,L1,16947,mr
mar,L1,16960,mr
mar,L1,16991,mr
mar,L1,17029,mr
mar,L1,17037,mr
mar,L1,17046,mr
mar,L1,17086,mr
mar,L1,17088,mr
mar,L1,17091,mr
mar,L1,17096,mr
mar,L1,17115,mr
mar,L1,17120,mr
mar,L1,17135,mr
mar,L1,17140,mr
mar,L1,17142,mr
mar,L1,17143,mr
mar,L1,17147,mr
mar,L1,17157,mr
mar,L1,17162,mr
mar,L1,17164,mr
mar,L1,17166,mr
mar,L1,17179,mr
mar,L1,17183,mr
mar,L1,17221,mr
mar,L1,17223,mr
mar,L1,17235,mr
mar,L1,17240,mr
mar,L1,17254,mr
mar,L1,17277,mr
mar,L1,17284,mr
mar,L1,17320,mr
mar,L1,17323,mr
mar,L1,17325,mr
mar,L1,17326,mr
mar,L1,17335,mr
mar,L1,17336,mr
mar,L1,17344,mr
mar,L1,17351,mr
mar,L1,17355,mr
mar,L1,17384,mr
mar,L1,17396,mr
mar,L1,17471,mr
mar,L1,17480,mr
mar,L1,17500,mr
mar,L1,17528,mr
mar,L1,17544,mr
mar,L1,17567,mr
mar,L1,17582,mr
mar,L1,17608,mr
mar,L1,17616,mr
mar,L1,17651,mr
mar,L1,17668,mr
mar,L1,17698,mr
mar,L1,17700,mr
mar,L1,17714,mr
mar,L1,17725,mr
mar,L1,17736,mr
mar,L1,17761,mr
mar,L1,17794,mr
mar,L1,17798,mr
mar,L1,17815,mr
mar,L1,17831,mr
mar,L1,17836,mr
mar,L1,17846,mr
mar,L1,17849,mr
mar,L1,17858,mr
mar,L1,17896,mr
mar,L1,17900,mr
mar,L1,17907,mr
mar,L1,17914,mr
mar,L1,17925,mr
mar,L1,17932,mr
mar,L1,17933,mr
mar,L1,17966,mr
mar,L1,17968,mr
mar,L1,17975,mr
mar,L1,17977,mr
mar,L1,17982,mr
mar,L1,17985,mr
mar,L1,18002,mr
mar,L1,18015,mr
mar,L1,18029,mr
mar,L1,18042,mr
mar,L1,18070,mr
mar,L1,18105,mr
mar,L1,18112,mr
mar,L1,18114,mr
mar,L1,18117,mr
mar,L1,18145,mr
mar,L1,18194,mr
mar,L1,18239,mr
mar,L1,18241,mr
mar,L1,18252,mr
mar,L1,18265,mr
mar,L1,18274,mr
mar,L1,18284,mr
mar,L1,18308,mr
mar,L1,18324,mr
mar,L1,18327,mr
mar,L1,18328,mr
mar,L1,18336,mr
mar,L1,18356,mr
mar,L1,18371,mr
mar,L1,18386,mr
mar,L1,18406,mr
mar,L1,18416,mr
mar,L1,18430,mr
mar,L1,18438,mr
mar,L1,18456,mr
mar,L1,18466,mr
mar,L1,18468,mr
mar,L1,18485,mr
mar,L1,18486,mr
mar,L1,18567,mr
mar,L1,18583,mr
mar,L1,18605,mr
mar,L1,18608,mr
mar,L1,18649,mr
mar,L1,18665,mr
mar,L1,18737,mr
mar,L1,18739,mr
mar,L1,18743,mr
mar,L1,18745,mr
mar,L1,18762,mr
mar,L1,18810,mr
mar,L1,18828,mr
mar,L1,18834,mr
mar,L1,18877,mr
mar,L1,18900,mr
mar,L1,18928,mr
mar,L1,18953,mr
mar,L1,18971,mr
mar,L1,18973,mr
mar,L1,18985,mr
mar,L1,19004,mr
mar,L1,19027,mr
mar,L1,19037,mr
mar,L1,19039,mr
mar,L1,19040,mr
mar,L1,19047,mr
mar,L1,19068,mr
mar,L1,19075,mr
mar,L1,19092,mr
mar,L1,19129,mr
mar,L1,19136,mr
mar,L1,19137,mr
mar,L1,19138,mr
mar,L1,19140,mr
mar,L1,19178,mr
mar,L1,19196,mr
mar,L1,19211,mr
mar,L1,19221,mr
mar,L1,19236,mr
mar,L1,19242,mr
mar,L1,19245,mr
mar,L1,19253,mr
mar,L1,19264,mr
mar,L1,19269,mr
mar,L1,19307,mr
mar,L1,19339,mr
mar,L1,19347,mr
mar,L1,19364,mr
mar,L1,19382,mr
mar,L1,19417,mr
mar,L1,19425,mr
mar,L1,19443,mr
mar,L1,19448,mr
mar,L1,19462,mr
mar,L1,19480,mr
mar,L1,19506,mr
mar,L1,19507,mr
mar,L1,19510,mr
mar,L1,19520,mr
mar,L1,19533,mr
mar,L1,19546,mr
mar,L1,19583,mr
mar,L1,19593,mr
mar,L1,19608,mr
mar,L1,19626,mr
mar,L1,19636,mr
mar,L1,19637,mr
mar,L1,19660,mr
mar,L1,19663,mr
mar,L1,19669,mr
mar,L1,19671,mr
mar,L1,19685,mr
mar,L1,19712,mr
mar,L1,19724,mr
mar,L1,19726,mr
mar,L1,19742,mr
mar,L1,19746,mr
mar,L1,19748,mr
mar,L1,19768,mr
mar,L1,19791,mr
mar,L1,19804,mr
mar,L1,19827,mr
mar,L1,19828,mr
mar,L1,19832,mr
mar,L1,19833,mr
mar,L1,19868,mr
mar,L1,19885,mr
mar,L1,19904,mr
mar,L1,19919,mr
mar,L1,19921,mr
mar,L1,19942,mr
mar,L1,19950,mr
mar,L1,19966,mr
mar,L1,19985,mr
mar,L1,19986,mr
mar,L1,19996,mr
mar,L1,20037,mr
mar,L1,20078,mr
mar,L1,20107,mr
mar,L1,20115,mr
mar,L1,20121,mr
mar,L1,20125,mr
mar,L1,20130,mr
mar,L1,20131,mr
mar,L1,20132,mr
mar,L1,20133,mr
mar,L1,20135,mr
mar,L1,20150,mr
mar,L1,20174,mr
mar,L1,20256,mr
mar,L1,20261,mr
mar,L1,20294,mr
mar,L1,20306,mr
mar,L1,20310,mr
mar,L1,20321,mr
mar,L1,20360,mr
mar,L1,20362,mr
mar,L1,20385,mr
mar,L1,20398,mr
mar,L1,20399,mr
mar,L1,20436,mr
mar,L1,20445,mr
mar,L1,20463,mr
mar,L1,20466,mr
mar,L1,20467,mr
mar,L1,20477,mr
mar,L1,20500,mr
mar,L1,20527,mr
mar,L1,20532,mr
mar,L1,20539,mr
mar,L1,20555,mr
mar,L1,20582,mr
mar,L1,20602,mr
mar,L1,20606,mr
mar,L1,20633,mr
mar,L1,20636,mr
mar,L1,20637,mr
mar,L1,20652,mr
mar,L1,20686,mr
mar,L1,20688,mr
mar,L1,20707,mr
mar,L1,20722,mr
mar,L1,20731,mr
mar,L1,20744,mr
mar,L1,20750,mr
mar,L1,20756,mr
mar,L1,20764,mr
mar,L1,20782,mr
mar,L1,20783,mr
mar,L1,20784,mr
mar,L1,20809,mr
mar,L1,20817,mr
mar,L1,20820,mr
mar,L1,20833,mr
mar,L1,20850,mr
mar,L1,20854,mr
mar,L1,20909,mr
mar,L1,20930,mr
mar,L1,20933,mr
mar,L1,20940,mr
mar,L1,20941,mr
mar,L1,20943,mr
mar,L1,20944,mr
mar,L1,20947,mr
mar,L1,20959,mr
mar,L1,20967,mr
mar,L1,21034,mr
mar,L1,21038,mr
mar,L1,21050,mr
mar,L1,21053,mr
mar,L1,21056,mr
mar,L1,21103,mr
mar,L1,21114,mr
mar,L1,21118,mr
mar,L1,21120,mr
mar,L1,21150,mr
mar,L1,21171,mr
mar,L1,21180,mr
mar,L1,21190,mr
mar,L1,21214,mr
mar,L1,21225,mr
mar,L1,21259,mr
mar,L1,21262,mr
mar,L1,21267,mr
mar,L1,21294,mr
mar,L1,21297,mr
mar,L1,21328,mr
mar,L1,21340,mr
mar,L1,21347,mr
mar,L1,21361,mr
mar,L1,21387,mr
mar,L1,21392,mr
mar,L1,21394,mr
mar,L1,21403,mr
mar,L1,21405,mr
mar,L1,21409,mr
mar,L1,21418,mr
mar,L1,21438,mr
mar,L1,21442,mr
mar,L1,21455,mr
mar,L1,21490,mr
mar,L1,21501,mr
mar,L1,21506,mr
mar,L1,21511,mr
mar,L1,21513,mr
mar,L1,21542,mr
mar,L1,21566,mr
mar,L1,21568,mr
mar,L1,21572,mr
mar,L1,21586,mr
mar,L1,21596,mr
mar,L1,21600,mr
mar,L1,21608,mr
mar,L1,21626,mr
mar,L1,21632,mr
mar,L1,21646,mr
mar,L1,21654,mr
mar,L1,21692,mr
mar,L1,21722,mr
mar,L1,21726,mr
mar,L1,21735,mr
mar,L1,21776,mr
mar,L1,21825,mr
mar,L1,21850,mr
mar,L1,21870,mr
mar,L1,21876,mr
mar,L1,21901,mr
mar,L1,21905,mr
mar,L1,21913,mr
mar,L1,21949,mr
mar,L1,21950,mr
mar,L1,21964,mr
mar,L1,21965,mr
mar,L1,21994,mr
mar,L1,22028,mr
mar,L1,22030,mr
mar,L1,22051,mr
mar,L1,22055,mr
mar,L1,22064,mr
mar,L1,22071,mr
mar,L1,22072,mr
mar,L1,22081,mr
mar,L1,22082,mr
mar,L1,22083,mr
mar,L1,22092,mr
mar,L1,22101,mr
mar,L1,22118,mr
mar,L1,22149,mr
mar,L1,22200,mr
mar,L1,22213,mr
mar,L1,22235,mr
mar,L1,22236,mr
mar,L1,22250,mr
mar,L1,22275,mr
mar,L1,22293,mr
mar,L1,22304,mr
mar,L1,22305,mr
mar,L1,22329,mr
mar,L1,22352,mr
mar,L1,22357,mr
mar,L1,22367,mr
mar,L1,22373,mr
mar,L1,22403,mr
mar,L1,22428,mr
mar,L1,22431,mr
mar,L1,22433,mr
mar,L1,22444,mr
mar,L1,22511,mr
mar,L1,22515,mr
mar,L1,22528,mr
mar,L1,22560,mr
mar,L1,22577,mr
mar,L1,22580,mr
mar,L1,22635,mr
mar,L1,22695,mr
mar,L1,22703,mr
mar,L1,22739,mr
mar,L1,22759,mr
mar,L1,22779,mr
mar,L1,22807,mr
mar,L1,22817,mr
mar,L1,22830,mr
mar,L1,22865,mr
mar,L1,22867,mr
mar,L1,22895,mr
mar,L1,22921,mr
mar,L1,22938,mr
mar,L1,22962,mr
mar,L1,22992,mr
mar,L1,23002,mr
mar,L1,23016,mr
mar,L1,23018,mr
mar,L1,23031,mr
mar,L1,23033,mr
mar,L1,23039,mr
mar,L1,23058,mr
mar,L1,23077,mr
mar,L1,23083,mr
mar,L1,23110,mr
mar,L1,23122,mr
mar,L1,23127,mr
mar,L1,23132,mr
mar,L1,23145,mr
mar,L1,23155,mr
mar,L1,23161,mr
mar,L1,23182,mr
mar,L1,23184,mr
mar,L1,23189,mr
mar,L1,23198,mr
mar,L1,23214,mr
mar,L1,23225,mr
mar,L1,23227,mr
mar,L1,23243,mr
mar,L1,23249,mr
mar,L1,23273,mr
mar,L1,23274,mr
mar,L1,23276,mr
mar,L1,23288,mr
mar,L1,23290,mr
mar,L1,23341,mr
mar,L1,23346,mr
mar,L1,23355,mr
mar,L1,23370,mr
mar,L1,23380,mr
mar,L1,23401,mr
mar,L1,23402,mr
mar,L1,23412,mr
mar,L1,23415,mr
mar,L1,23440,mr
mar,L1,23452,mr
mar,L1,23456,mr
mar,L1,23469,mr
mar,L1,23471,mr
mar,L1,23475,mr
mar,L1,23497,mr
mar,L1,23504,mr
mar,L1,23513,mr
mar,L1,23522,mr
mar,L1,23536,mr
mar,L1,23545,mr
mar,L1,23557,mr
mar,L1,23581,mr
mar,L1,23620,mr
mar,L1,23652,mr
mar,L1,23665,mr
mar,L1,23669,mr
mar,L1,23674,mr
mar,L1,23690,mr
mar,L1,23694,mr
mar,L1,23696,mr
mar,L1,23714,mr
mar,L1,23733,mr
mar,L1,23755,mr
mar,L1,23773,mr
mar,L1,23780,mr
mar,L1,23806,mr
mar,L1,23822,mr
mar,L1,23842,mr
mar,L1,23850,mr
mar,L1,23855,mr
mar,L1,23860,mr
mar,L1,23880,mr
mar,L1,23898,mr
mar,L1,23916,mr
mar,L1,23922,mr
mar,L1,23927,mr
mar,L1,23962,mr
mar,L1,23982,mr
mar,L1,23986,mr
mar,L1,23990,mr
mar,L1,24003,mr
mar,L1,24004,mr
mar,L1,24008,mr
mar,L1,24012,mr
mar,L1,24039,mr
mar,L1,24050,mr
mar,L1,24084,mr
mar,L1,24105,mr
mar,L1,24123,mr
mar,L1,24135,mr
mar,L1,24143,mr
mar,L1,24169,mr
mar,L1,24180,mr
mar,L1,24185,mr
mar,L1,24199,mr
mar,L1,24226,mr
mar,L1,24236,mr
mar,L1,24265,mr
mar,L1,24284,mr
mar,L1,24285,mr
mar,L1,24290,mr
mar,L1,24301,mr
mar,L1,24323,mr
mar,L1,24353,mr
mar,L1,24362,mr
mar,L1,24412,mr
mar,L1,24426,mr
mar,L1,24427,mr
mar,L1,24430,mr
mar,L1,24435,mr
mar,L1,24438,mr
mar,L1,24451,mr
mar,L1,24455,mr
mar,L1,24483,mr
mar,L1,24511,mr
mar,L1,24548,mr
mar,L1,24588,mr
mar,L1,24598,mr
mar,L1,24625,mr
mar,L1,24648,mr
mar,L1,24653,mr
mar,L1,24659,mr
mar,L1,24660,mr
mar,L1,24667,mr
mar,L1,24682,mr
mar,L1,24703,mr
mar,L1,24708,mr
mar,L1,24710,mr
mar,L1,24724,mr
mar,L1,24728,mr
mar,L1,24731,mr
mar,L1,24746,mr
mar,L1,24766,mr
mar,L1,24782,mr
mar,L1,24820,mr
mar,L1,24830,mr
mar,L1,24833,mr
mar,L1,24837,mr
mar,L1,24839,mr
mar,L1,24842,mr
mar,L1,24878,mr
mar,L1,24884,mr
mar,L1,24901,mr
mar,L1,24902,mr
mar,L1,24910,mr
mar,L1,24913,hi
mar,L1,24944,mr
mar,L1,24953,mr
mar,L1,24979,mr
mar,L1,24983,mr
mar,L1,24990,mr
mar,L1,24994,mr
mar,L1,25033,mr
mar,L1,25040,mr
mar,L1,25051,mr
mar,L1,25060,mr
mar,L1,25091,mr
mar,L1,25093,mr
mar,L1,25118,mr
mar,L1,25130,mr
mar,L1,25140,mr
mar,L1,25155,mr
mar,L1,25206,mr
mar,L1,25215,mr
mar,L1,25221,mr
mar,L1,25233,mr
mar,L1,25243,mr
mar,L1,25257,mr
mar,L1,25264,mr
mar,L1,25291,mr
mar,L1,25297,mr
mar,L1,25302,mr
mar,L1,25329,mr
mar,L1,25352,mr
mar,L1,25366,mr
mar,L1,25375,mr
mar,L1,25459,mr
mar,L1,25486,mr
mar,L1,25487,mr
mar,L1,25494,mr
mar,L1,25501,mr
mar,L1,25523,mr
mar,L1,25540,mr
mar,L1,25543,mr
mar,L1,25544,mr
mar,L1,25552,mr
mar,L1,25563,mr
mar,L1,25595,mr
mar,L1,25605,mr
mar,L1,25606,mr
mar,L1,25612,mr
mar,L1,25613,mr
mar,L1,25614,mr
mar,L1,25625,mr
mar,L1,25675,mr
mar,L1,25686,mr
mar,L1,25703,mr
mar,L1,25722,mr
mar,L1,25724,mr
mar,L1,25743,mr
mar,L1,25744,mr
mar,L1,25747,mr
mar,L1,25761,mr
mar,L1,25764,mr
mar,L1,25765,mr
mar,L1,25769,mr
mar,L1,25798,mr
mar,L1,25801,mr
mar,L1,25806,mr
mar,L1,25812,mr
mar,L1,25821,mr
mar,L1,25823,mr
mar,L1,25828,mr
mar,L1,25838,mr
mar,L1,25855,mr
mar,L1,25859,mr
mar,L1,25887,mr
mar,L1,25893,mr
mar,L1,25916,mr
mar,L1,25924,mr
mar,L1,25928,mr
mar,L1,25954,mr
mar,L1,25980,mr
mar,L1,26005,mr
mar,L1,26019,mr
mar,L1,26020,mr
mar,L1,26024,mr
mar,L1,26045,mr
mar,L1,26049,mr
mar,L1,26055,mr
mar,L1,26104,mr
mar,L1,26118,mr
mar,L1,26122,mr
mar,L1,26130,mr
mar,L1,26131,mr
mar,L1,26142,mr
mar,L1,26189,mr
mar,L1,26198,hi
mar,L1,26208,mr
mar,L1,26234,mr
mar,L1,26240,mr
mar,L1,26244,mr
mar,L1,26245,mr
mar,L1,26255,mr
mar,L1,26300,mr
mar,L1,26321,mr
mar,L1,26325,mr
mar,L1,26378,mr
mar,L1,26399,mr
mar,L1,26411,mr
mar,L1,26452,mr
mar,L1,26461,mr
mar,L1,26473,mr
mar,L1,26487,gom
mar,L1,26498,mr
mar,L1,26515,mr
mar,L1,26522,mr
mar,L1,26575,mr
mar,L1,26602,mr
mar,L1,26605,mr
mar,L1,26614,mr
mar,L1,26629,mr
mar,L1,26654,mr
mar,L1,26672,mr
mar,L1,26700,mr
mar,L1,26705,mr
mar,L1,26709,mr
mar,L1,26717,mr
mar,L1,26726,mr
mar,L1,26754,mr
mar,L1,26765,mr
mar,L1,26770,mr
mar,L1,26808,mr
mar,L1,26829,mr
mar,L1,26873,mr
mar,L1,26896,mr
mar,L1,26901,mr
mar,L1,26947,mr
mar,L1,26958,mr
mar,L1,26960,mr
mar,L1,27009,mr
mar,L1,27017,mr
mar,L1,27060,mr
mar,L1,27061,mr
mar,L1,27077,mr
mar,L1,27081,mr
mar,L1,27093,mr
mar,L1,27104,mr
mar,L1,27121,mr
mar,L1,27140,mr
mar,L1,27145,mr
mar,L1,27169,mr
mar,L1,27182,mr
mar,L1,27186,mr
mar,L1,27193,mr
mar,L1,27203,mr
mar,L1,27207,mr
mar,L1,27223,mr
mar,L1,27228,mr
mar,L1,27242,mr
mar,L1,27252,mr
mar,L1,27255,mr
mar,L1,27265,mr
mar,L1,27269,mr
mar,L1,27274,mr
mar,L1,27285,mr
mar,L1,27312,mr
mar,L1,27316,mr
mar,L1,27319,mr
mar,L1,27349,mr
mar,L1,27350,mr
mar,L1,27352,mr
mar,L1,27360,mr
mar,L1,27377,mr
mar,L1,27380,mr
mar,L1,27394,mr
mar,L1,27422,mr
mar,L1,27438,mr
mar,L1,27447,mr
mar,L1,27473,mr
mar,L1,27483,mr
mar,L1,27528,mr
mar,L1,27538,mr
mar,L1,27545,mr
mar,L1,27547,hi
mar,L1,27565,mr
mar,L1,27570,mr
mar,L1,27582,mr
mar,L1,27618,mr
mar,L1,27671,mr
mar,L1,27684,mr
mar,L1,27688,mr
mar,L1,27700,mr
mar,L1,27707,mr
mar,L1,27710,mr
mar,L1,27713,mr
mar,L1,27737,mr
mar,L1,27741,mr
mar,L1,27780,mr
mar,L1,27786,mr
mar,L1,27787,mr
mar,L1,27804,mr
mar,L1,27816,mr
mar,L1,27826,mr
mar,L1,27837,mr
mar,L1,27853,mr
mar,L1,27860,mr
mar,L1,27879,mr
mar,L1,27892,mr
mar,L1,27907,mr
mar,L1,27917,mr
mar,L1,27918,mr
mar,L1,27921,mr
mar,L1,27924,mr
mar,L1,27926,mr
mar,L1,27940,mr
mar,L1,27948,mr
mar,L1,27975,mr
mar,L1,27987,mr
mar,L1,28070,mr
mar,L1,28083,mr
mar,L1,28104,mr
mar,L1,28135,mr
mar,L1,28149,mr
mar,L1,28164,mr
mar,L1,28170,mr
mar,L1,28237,mr
mar,L1,28256,mr
mar,L1,28276,mr
mar,L1,28278,mr
mar,L1,28286,mr
mar,L1,28294,mr
mar,L1,28346,mr
mar,L1,28379,mr
mar,L1,28381,mr
mar,L1,28387,mr
mar,L1,28433,mr
mar,L1,28442,mr
mar,L1,28462,mr
mar,L1,28480,mr
mar,L1,28490,mr
mar,L1,28536,mr
mar,L1,28537,mr
mar,L1,28553,mr
mar,L1,28628,mr
mar,L1,28630,mr
mar,L1,28638,mr
mar,L1,28639,mr
mar,L1,28640,mr
mar,L1,28651,mr
mar,L1,28665,mr
mar,L1,28669,mr
mar,L1,28676,mr
mar,L1,28683,mr
mar,L1,28698,mr
mar,L1,28715,mr
mar,L1,28717,mr
mar,L1,28723,mr
mar,L1,28736,mr
mar,L1,28745,mr
mar,L1,28754,mr
mar,L1,28811,mr
mar,L1,28821,mr
mar,L1,28822,mr
mar,L1,28823,mr
mar,L1,28829,mr
mar,L1,28831,mr
mar,L1,28854,mr
mar,L1,28873,mr
mar,L1,28894,mr
mar,L1,28921,mr
mar,L1,28936,mr
mar,L1,28944,mr
mar,L1,28950,mr
mar,L1,28978,mr
mar,L1,28986,mr
mar,L1,29007,mr
mar,L1,29022,mr
mar,L1,29035,mr
mar,L1,29048,mr
mar,L1,29052,mr
mar,L1,29068,mr
mar,L1,29076,mr
mar,L1,29103,mr
mar,L1,29156,mr
mar,L1,29219,mr
mar,L1,29303,mr
mar,L1,29317,mr
mar,L1,29352,mr
mar,L1,29362,mr
mar,L1,29377,mr
mar,L1,29388,mr
mar,L1,29447,mr
mar,L1,29450,mr
mar,L1,29453,mr
mar,L1,29455,mr
mar,L1,29466,mr
mar,L1,29476,mr
mar,L1,29490,mr
mar,L1,29493,mr
mar,L1,29495,mr
mar,L1,29553,mr
mar,L1,29562,mr
mar,L1,29571,mr
mar,L1,29588,mr
mar,L1,29594,mr
mar,L1,29611,mr
mar,L1,29619,mr
mar,L1,29658,mr
mar,L1,29728,mr
mar,L1,29731,mr
mar,L1,29767,mr
mar,L1,29770,mr
mar,L1,29785,mr
mar,L1,29787,mr
mar,L1,29792,mr
mar,L1,29794,mr
mar,L1,29804,mr
mar,L1,29809,mr
mar,L1,29897,mr
mar,L1,29927,mr
mar,L1,29936,mr
mar,L1,29955,mr
mar,L1,29956,mr
mar,L1,29986,mr
mar,L1,29993,mr
mar,L5,1,mr
mar,L5,2,mr
mar,L5,3,mr
mar,L5,4,mr
mar,L5,5,mr
mar,L5,6,mr
mar,L5,7,mr
mar,L5,8,mr
mar,L5,9,mr
mar,L5,10,mr
mar,L5,11,mr
mar,L5,12,mr
mar,L5,13,mr
mar,L5,14,mr
mar,L5,15,mr
mar,L5,16,mr
mar,L5,17,mr
mar,L5,18,mr
mar,L5,19,mr
mar,L5,20,mr
mar,L5,21,mr
mar,L5,22,mr
mar,L5,23,mr
mar,L5,24,mr
mar,L5,26,mr
mar,L5,27,mr
mar,L5,28,mr
mar,L5,29,mr
mar,L5,30,mr
mar,L5,31,mr
mar,L5,32,mr
mar,L5,33,mr
mar,L5,34,mr
mar,L5,35,mr
mar,L5,36,mr
mar,L5,37,mr
mar,L5,38,mr
mar,L5,39,mr
mar,L5,40,mr
mar,L5,42,mr
mar,L5,43,mr
mar,L5,44,mr
mar,L5,45,mr
mar,L5,46,mr
mar,L5,47,mr
mar,L5,48,mr
mar,L5,49,mr
mar,L5,50,mr
mar,L5,51,mr
mar,L5,52,mr
mar,L5,53,mr
mar,L5,54,mr
mar,L5,55,mr
mar,L5,56,mr
mar,L5,58,mr
mar,L5,59,mr
mar,L5,60,mr
mar,L5,61,mr
mar,L5,62,mr
mar,L5,63,mr
mar,L5,64,mr
mar,L5,65,mr
mar,L5,66,mr
mar,L5,67,mr
mar,L5,68,mr
mar,L5,69,mr
mar,L5,70,mr
mar,L5,71,mr
mar,L5,72,mr
mar,L5,73,mr
mar,L5,74,mr
mar,L5,76,mr
mar,L5,77,mr
mar,L5,78,mr
mar,L5,79,mr
mar,L5,80,mr
mar,L5,81,mr
mar,L5,82,mr
mar,L5,83,mr
mar,L5,84,mr
mar,L5,85,mr
mar,L5,86,mr
mar,L5,87,mr
mar,L5,88,mr
mar,L5,89,mr
mar,L5,90,mr
mar,L5,91,mr
mar,L5,92,mr
mar,L5,93,mr
mar,L5,94,mr
mar,L5,95,mr
mar,L5,96,mr
mar,L5,97,mr
mar,L5,98,mr
mar,L5,99,mr
mar,L5,100,mr
mar,L5,101,mr
mar,L5,102,mr
mar,L5,103,mr
mar,L5,104,mr
mar,L5,105,mr
mar,L5,106,mr
mar,L5,107,mr
mar,L5,108,mr
mar,L5,109,mr
mar,L5,110,mr
mar,L5,111,mr
mar,L5,112,mr
mar,L5,113,mr
mar,L5,114,mr
mar,L5,115,mr
mar,L5,116,mr
mar,L5,117,mr
mar,L5,118,mr
mar,L5,119,mr
mar,L5,120,mr
mar,L5,121,mr
mar,L5,122,mr
mar,L5,123,mr
mar,L5,124,mr
mar,L5,125,mr
mar,L5,126,mr
mar,L5,127,mr
mar,L5,128,mr
mar,L5,129,mr
mar,L5,130,mr
mar,L5,131,mr
mar,L5,132,mr
mar,L5,133,mr
mar,L5,134,mr
mar,L5,135,mr
mar,L5,136,mr
mar,L5,137,mr
mar,L5,139,mr
mar,L5,140,mr
mar,L5,141,mr
mar,L5,142,mr
mar,L5,143,mr
mar,L5,144,mr
mar,L5,145,mr
mar,L5,146,mr
mar,L5,147,mr
mar,L5,148,mr
mar,L5,149,mr
mar,L5,150,mr
mar,L5,151,mr
mar,L5,152,mr
mar,L5,153,mr
mar,L5,154,mr
mar,L5,155,mr
mar,L5,156,mr
mar,L5,158,mr
mar,L5,159,mr
mar,L5,160,mr
mar,L5,161,mr
mar,L5,162,mr
mar,L5,163,mr
mar,L5,164,mr
mar,L5,165,mr
mar,L5,166,mr
mar,L5,167,mr
mar,L5,168,mr
mar,L5,169,mr
mar,L5,170,mr
mar,L5,171,mr
mar,L5,172,mr
mar,L5,173,mr
mar,L5,174,mr
mar,L5,175,mr
mar,L5,176,mr
mar,L5,177,mr
mar,L5,178,mr
mar,L5,179,mr
mar,L5,180,mr
mar,L5,181,mr
mar,L5,182,mr
mar,L5,183,mr
mar,L5,184,mr
mar,L5,185,mr
mar,L5,186,mr
mar,L5,187,mr
mar,L5,188,mr
mar,L5,189,mr
mar,L5,190,mr
mar,L5,191,mr
mar,L5,192,mr
mar,L5,193,mr
mar,L5,194,mr
mar,L5,195,mr
mar,L5,196,mr
mar,L5,197,mr
mar,L5,198,mr
mar,L5,199,mr
mar,L5,200,mr
mar,L5,201,mr
mar,L5,202,mr
mar,L5,203,mr
mar,L5,204,mr
mar,L5,205,mr
mar,L5,206,mr
mar,L5,207,mr
mar,L5,208,mr
mar,L5,209,mr
mar,L5,210,mr
mar,L5,211,mr
mar,L5,212,mr
mar,L5,213,mr
mar,L5,214,mr
mar,L5,215,mr
mar,L5,216,mr
mar,L5,217,mr
mar,L5,218,mr
mar,L5,219,mr
mar,L5,220,mr
mar,L5,221,mr
mar,L5,222,mr
mar,L5,223,mr
mar,L5,224,mr
mar,L5,226,mr
mar,L5,227,mr
mar,L5,228,mr
mar,L5,229,mr
mar,L5,230,mr
mar,L5,231,mr
mar,L5,232,mr
mar,L5,233,mr
mar,L5,234,mr
mar,L5,235,mr
mar,L5,236,mr
mar,L5,237,mr
mar,L5,238,mr
mar,L5,239,mr
mar,L5,240,mr
mar,L5,241,mr
mar,L5,242,mr
mar,L5,243,mr
mar,L5,244,mr
mar,L5,245,mr
mar,L5,246,mr
mar,L5,247,mr
mar,L5,248,mr
mar,L5,249,mr
mar,L5,250,mr
mar,L5,251,mr
mar,L5,252,mr
mar,L5,253,mr
mar,L5,254,mr
mar,L5,255,mr
mar,L5,256,mr
mar,L5,257,mr
mar,L5,258,mr
mar,L5,259,mr
mar,L5,260,mr
mar,L5,261,mr
mar,L5,262,mr
mar,L5,263,mr
mar,L5,264,mr
mar,L5,265,mr
mar,L5,266,mr
mar,L5,267,mr
mar,L5,268,mr
mar,L5,269,mr
mar,L5,270,mr
mar,L5,271,mr
mar,L5,272,mr
mar,L5,273,mr
mar,L5,274,mr
mar,L5,275,mr
mar,L5,276,mr
mar,L5,277,mr
mar,L5,278,mr
mar,L5,279,mr
mar,L5,280,mr
mar,L5,281,mr
mar,L5,282,mr
mar,L5,283,mr
mar,L5,284,mr
mar,L5,285,mr
mar,L5,286,mr
mar,L5,287,mr
mar,L5,288,mr
mar,L5,289,mr
mar,L5,290,mr
mar,L5,291,mr
mar,L5,292,mr
mar,L5,293,mr
mar,L5,294,mr
mar,L5,295,mr
mar,L5,296,mr
mar,L5,297,mr
mar,L5,298,mr
mar,L5,299,mr
mar,L5,300,mr
mar,L5,301,mr
mar,L5,302,mr
mar,L5,303,mr
mar,L5,304,mr
mar,L5,305,mr
mar,L5,306,mr
mar,L5,307,mr
mar,L5,308,mr
mar,L5,309,mr
mar,L5,310,mr
mar,L5,311,mr
mar,L5,312,mr
mar,L5,313,mr
mar,L5,314,mr
mar,L5,315,mr
mar,L5,316,mr
mar,L5,317,mr
mar,L5,318,mr
mar,L5,319,mr
mar,L5,320,mr
mar,L5,321,mr
mar,L5,322,mr
mar,L5,323,mr
mar,L5,324,mr
mar,L5,325,mr
mar,L5,326,mr
mar,L5,327,mr
mar,L5,328,mr
mar,L5,329,mr
mar,L5,330,mr
mar,L5,331,mr
mar,L5,332,mr
mar,L5,333,mr
mar,L5,334,mr
mar,L5,335,mr
mar,L5,336,mr
mar,L5,337,mr
mar,L5,338,mr
mar,L5,339,mr
mar,L5,340,mr
mar,L5,341,mr
mar,L5,342,mr
mar,L5,343,mr
mar,L5,344,mr
mar,L5,345,mr
mar,L5,346,mr
mar,L5,347,mr
mar,L5,348,mr
mar,L5,349,mr
mar,L5,350,mr
mar,L5,351,mr
mar,L5,353,mr
mar,L5,354,mr
mar,L5,355,mr
mar,L5,356,mr
mar,L5,357,mr
mar,L5,358,mr
mar,L5,359,mr
mar,L5,360,mr
mar,L5,361,mr
mar,L5,362,mr
mar,L5,363,mr
mar,L5,364,mr
mar,L5,365,mr
mar,L5,366,mr
mar,L5,367,mr
mar,L5,368,mr
mar,L5,369,mr
mar,L5,370,mr
mar,L5,371,mr
mar,L5,372,mr
mar,L5,373,mr
mar,L5,374,mr
mar,L5,375,mr
mar,L5,376,mr
mar,L5,377,mr
mar,L5,378,mr
mar,L5,379,mr
mar,L5,380,mr
mar,L5,381,mr
mar,L5,382,mr
mar,L5,383,mr
mar,L5,384,mr
mar,L5,385,mr
mar,L5,386,mr
mar,L5,387,mr
mar,L5,388,mr
mar,L5,389,mr
mar,L5,390,mr
mar,L5,391,mr
mar,L5,392,mr
mar,L5,393,mr
mar,L5,394,mr
mar,L5,395,mr
mar,L5,396,mr
mar,L5,398,mr
mar,L5,399,mr
mar,L5,400,mr
mar,L5,401,mr
mar,L5,402,mr
mar,L5,403,mr
mar,L5,404,mr
mar,L5,405,mr
mar,L5,406,mr
mar,L5,407,mr
mar,L5,408,mr
mar,L5,409,mr
mar,L5,410,mr
mar,L5,411,mr
mar,L5,412,mr
mar,L5,413,mr
mar,L5,414,mr
mar,L5,415,mr
mar,L5,416,mr
mar,L5,417,mr
mar,L5,418,mr
mar,L5,419,mr
mar,L5,420,mr
mar,L5,421,mr
mar,L5,422,mr
mar,L5,423,mr
mar,L5,424,mr
mar,L5,425,mr
mar,L5,426,mr
mar,L5,427,mr
mar,L5,428,mr
mar,L5,429,mr
mar,L5,430,mr
mar,L5,431,mr
mar,L5,432,mr
mar,L5,433,mr
mar,L5,434,mr
mar,L5,435,mr
mar,L5,436,mr
mar,L5,437,mr
mar,L5,438,mr
mar,L5,439,mr
mar,L5,440,mr
mar,L5,441,mr
mar,L5,442,mr
mar,L5,443,mr
mar,L5,444,mr
mar,L5,445,mr
mar,L5,446,mr
mar,L5,447,mr
mar,L5,448,mr
mar,L5,449,mr
mar,L5,450,mr
mar,L5,451,mr
mar,L5,452,mr
mar,L5,453,mr
mar,L5,454,mr
mar,L5,455,mr
mar,L5,456,mr
mar,L5,457,mr
mar,L5,458,mr
mar,L5,459,mr
mar,L5,460,mr
mar,L5,461,mr
mar,L5,462,mr
mar,L5,463,mr
mar,L5,464,mr
mar,L5,465,mr
mar,L5,466,mr
mar,L5,467,mr
mar,L5,468,mr
mar,L5,469,mr
mar,L5,470,mr
mar,L5,471,mr
mar,L5,472,mr
mar,L5,473,mr
mar,L5,474,mr
mar,L5,475,mr
mar,L5,476,mr
mar,L5,477,mr
mar,L5,478,mr
mar,L5,479,mr
mar,L5,480,mr
mar,L5,481,mr
mar,L5,482,mr
mar,L5,483,mr
mar,L5,484,mr
mar,L5,485,mr
mar,L5,486,mr
mar,L5,487,mr
mar,L5,488,mr
mar,L5,489,mr
mar,L5,490,mr
mar,L5,491,mr
mar,L5,492,mr
mar,L5,493,mr
mar,L5,494,mr
mar,L5,495,mr
mar,L5,496,mr
mar,L5,497,mr
mar,L5,498,mr
mar,L5,499,mr
mar,L5,500,mr
mar,L5,501,mr
mar,L5,502,mr
mar,L5,503,mr
mar,L5,504,mr
mar,L5,505,mr
mar,L5,506,mr
mar,L5,507,mr
mar,L5,508,mr
mar,L5,509,mr
mar,L5,510,mr
mar,L5,511,mr
mar,L5,512,mr
mar,L5,513,mr
mar,L5,514,mr
mar,L5,515,mr
mar,L5,516,mr
mar,L5,517,mr
mar,L5,518,mr
mar,L5,519,mr
mar,L5,520,mr
mar,L5,521,mr
mar,L5,522,mr
mar,L5,523,mr
mar,L5,524,mr
mar,L5,525,mr
mar,L5,526,mr
mar,L5,527,mr
mar,L5,528,mr
mar,L5,529,mr
mar,L5,530,mr
mar,L5,531,mr
mar,L5,532,mr
mar,L5,533,mr
mar,L5,534,mr
mar,L5,535,mr
mar,L5,536,mr
mar,L5,539,mr
mar,L5,540,mr
mar,L5,541,mr
mar,L5,543,mr
mar,L5,544,mr
mar,L5,545,mr
mar,L5,546,mr
mar,L5,547,mr
mar,L5,548,mr
mar,L5,549,mr
mar,L5,550,mr
mar,L5,551,mr
mar,L5,552,mr
mar,L5,553,mr
mar,L5,554,mr
mar,L5,555,mr
mar,L5,556,mr
mar,L5,557,mr
mar,L5,558,mr
mar,L5,559,mr
mar,L5,560,mr
mar,L5,561,mr
mar,L5,562,mr
mar,L5,563,mr
mar,L5,564,mr
mar,L5,565,mr
mar,L5,566,mr
mar,L5,567,mr
mar,L5,568,mr
mar,L5,569,mr
mar,L5,570,mr
mar,L5,571,mr
mar,L5,572,mr
mar,L5,573,mr
mar,L5,574,mr
mar,L5,575,mr
mar,L5,576,mr
mar,L5,577,mr
mar,L5,578,mr
mar,L5,579,mr
mar,L5,580,mr
mar,L5,581,mr
mar,L5,582,mr
mar,L5,583,mr
mar,L5,585,mr
mar,L5,586,mr
mar,L5,587,mr
mar,L5,588,mr
mar,L5,589,mr
mar,L5,590,mr
mar,L5,591,mr
mar,L5,592,mr
mar,L5,593,mr
mar,L5,594,mr
mar,L5,595,mr
mar,L5,596,mr
mar,L5,597,mr
mar,L5,598,mr
mar,L5,599,mr
mar,L5,600,mr
mar,L5,601,mr
mar,L5,602,mr
mar,L5,603,mr
mar,L5,604,mr
mar,L5,605,mr
mar,L5,606,mr
mar,L5,607,mr
mar,L5,608,mr
mar,L5,609,mr
mar,L5,610,mr
mar,L5,611,mr
mar,L5,612,mr
mar,L5,613,mr
mar,L5,614,mr
mar,L5,615,mr
mar,L5,616,mr
mar,L5,617,mr
mar,L5,618,mr
mar,L5,619,mr
mar,L5,620,mr
mar,L5,621,mr
mar,L5,622,mr
mar,L5,623,mr
mar,L5,624,mr
mar,L5,625,mr
mar,L5,626,mr
mar,L5,627,mr
mar,L5,628,mr
mar,L5,629,mr
mar,L5,630,mr
mar,L5,631,mr
mar,L5,632,mr
mar,L5,633,mr
mar,L5,634,mr
mar,L5,635,mr
mar,L5,636,mr
mar,L5,637,mr
mar,L5,638,mr
mar,L5,639,mr
mar,L5,640,mr
mar,L5,641,mr
mar,L5,642,mr
mar,L5,643,mr
mar,L5,644,mr
mar,L5,645,mr
mar,L5,646,mr
mar,L5,647,mr
mar,L5,648,mr
mar,L5,649,mr
mar,L5,650,mr
mar,L5,651,mr
mar,L5,652,mr
mar,L5,654,mr
mar,L5,655,mr
mar,L5,656,mr
mar,L5,657,mr
mar,L5,658,mr
mar,L5,659,mr
mar,L5,660,mr
mar,L5,661,mr
mar,L5,662,mr
mar,L5,663,mr
mar,L5,664,mr
mar,L5,665,mr
mar,L5,666,mr
mar,L5,667,mr
mar,L5,668,mr
mar,L5,669,mr
mar,L5,670,mr
mar,L5,671,mr
mar,L5,672,mr
mar,L5,673,mr
mar,L5,674,mr
mar,L5,675,mr
mar,L5,676,mr
mar,L5,677,mr
mar,L5,678,mr
mar,L5,679,mr
mar,L5,680,mr
mar,L5,681,mr
mar,L5,682,mr
mar,L5,683,mr
mar,L5,684,mr
mar,L5,685,mr
mar,L5,686,mr
mar,L5,687,mr
mar,L5,688,mr
mar,L5,689,mr
mar,L5,690,mr
mar,L5,691,mr
mar,L5,692,mr
mar,L5,693,mr
mar,L5,694,mr
mar,L5,695,mr
mar,L5,696,mr
mar,L5,697,mr
mar,L5,698,mr
mar,L5,699,mr
mar,L5,700,mr
mar,L5,701,mr
mar,L5,702,mr
mar,L5,703,mr
mar,L5,704,mr
mar,L5,705,mr
mar,L5,706,mr
mar,L5,707,mr
mar,L5,708,mr
mar,L5,709,mr
mar,L5,710,mr
mar,L5,711,mr
mar,L5,712,mr
mar,L5,714,mr
mar,L5,715,mr
mar,L5,717,mr
mar,L5,718,mr
mar,L5,719,mr
mar,L5,720,mr
mar,L5,721,mr
mar,L5,722,mr
mar,L5,723,mr
mar,L5,724,mr
mar,L5,725,mr
mar,L5,726,mr
mar,L5,727,mr
mar,L5,728,mr
mar,L5,729,mr
mar,L5,730,mr
mar,L5,731,mr
mar,L5,732,mr
mar,L5,733,mr
mar,L5,734,mr
mar,L5,735,mr
mar,L5,736,mr
mar,L5,737,mr
mar,L5,738,mr
mar,L5,739,mr
mar,L5,740,mr
mar,L5,741,mr
mar,L5,742,mr
mar,L5,743,mr
mar,L5,744,mr
mar,L5,745,mr
mar,L5,746,mr
mar,L5,747,mr
mar,L5,748,mr
mar,L5,749,mr
mar,L5,750,mr
mar,L5,751,mr
mar,L5,752,mr
mar,L5,753,mr
mar,L5,754,mr
mar,L5,755,mr
mar,L5,756,mr
mar,L5,757,mr
mar,L5,758,mr
mar,L5,759,mr
mar,L5,760,mr
mar,L5,761,mr
mar,L5,762,mr
mar,L5,763,mr
mar,L5,764,mr
mar,L5,765,mr
mar,L5,766,mr
mar,L5,767,mr
mar,L5,768,mr
mar,L5,769,mr
mar,L5,770,mr
mar,L5,771,mr
mar,L5,772,mr
mar,L5,773,mr
mar,L5,774,mr
mar,L5,775,mr
mar,L5,776,mr
mar,L5,777,mr
mar,L5,778,mr
mar,L5,779,mr
mar,L5,780,mr
mar,L5,781,mr
mar,L5,782,mr
mar,L5,784,mr
mar,L5,785,mr
mar,L5,786,mr
mar,L5,787,mr
mar,L5,788,mr
mar,L5,789,mr
mar,L5,790,mr
mar,L5,791,mr
mar,L5,792,mr
mar,L5,793,mr
mar,L5,794,mr
mar,L5,795,mr
mar,L5,796,mr
mar,L5,797,mr
mar,L5,798,mr
mar,L5,799,mr
mar,L5,800,mr
mar,L5,801,mr
mar,L5,802,mr
mar,L5,803,mr
mar,L5,804,mr
mar,L5,805,mr
mar,L5,806,mr
mar,L5,807,mr
mar,L5,808,mr
mar,L5,809,mr
mar,L5,810,mr
mar,L5,811,mr
mar,L5,812,mr
mar,L5,813,mr
mar,L5,814,mr
mar,L5,815,mr
mar,L5,816,mr
mar,L5,817,mr
mar,L5,818,mr
mar,L5,819,mr
mar,L5,820,mr
mar,L5,821,mr
mar,L5,822,mr
mar,L5,823,mr
mar,L5,824,mr
mar,L5,825,mr
mar,L5,826,mr
mar,L5,827,mr
mar,L5,828,mr
mar,L5,829,mr
mar,L5,830,mr
mar,L5,831,mr
mar,L5,832,mr
mar,L5,833,mr
mar,L5,834,mr
mar,L5,835,mr
mar,L5,836,mr
mar,L5,837,mr
mar,L5,838,mr
mar,L5,839,mr
mar,L5,840,mr
mar,L5,841,mr
mar,L5,842,mr
mar,L5,843,mr
mar,L5,844,mr
mar,L5,845,mr
mar,L5,846,mr
mar,L5,847,mr
mar,L5,848,mr
mar,L5,849,mr
mar,L5,850,mr
mar,L5,851,mr
mar,L5,852,mr
mar,L5,853,mr
mar,L5,854,mr
mar,L5,855,mr
mar,L5,856,mr
mar,L5,857,mr
mar,L5,858,mr
mar,L5,859,mr
mar,L5,860,mr
mar,L5,861,mr
mar,L5,862,mr
mar,L5,863,mr
mar,L5,864,mr
mar,L5,865,mr
mar,L5,866,mr
mar,L5,867,mr
mar,L5,868,mr
mar,L5,869,mr
mar,L5,870,mr
mar,L5,871,mr
mar,L5,872,mr
mar,L5,873,mr
mar,L5,874,mr
mar,L5,875,mr
mar,L5,876,mr
mar,L5,877,mr
mar,L5,878,mr
mar,L5,879,mr
mar,L5,880,mr
mar,L5,881,mr
mar,L5,882,mr
mar,L5,883,mr
mar,L5,884,mr
mar,L5,885,mr
mar,L5,886,mr
mar,L5,887,mr
mar,L5,888,mr
mar,L5,889,mr
mar,L5,890,mr
mar,L5,891,mr
mar,L5,892,mr
mar,L5,893,mr
mar,L5,894,mr
mar,L5,895,mr
mar,L5,896,mr
mar,L5,897,mr
mar,L5,898,mr
mar,L5,899,mr
mar,L5,900,mr
mar,L5,901,mr
mar,L5,902,mr
mar,L5,904,mr
mar,L5,905,mr
mar,L5,906,mr
mar,L5,907,mr
mar,L5,908,mr
mar,L5,909,mr
mar,L5,910,mr
mar,L5,911,mr
mar,L5,912,mr
mar,L5,913,mr
mar,L5,914,mr
mar,L5,915,mr
mar,L5,916,mr
mar,L5,917,mr
mar,L5,918,mr
mar,L5,919,mr
mar,L5,920,mr
mar,L5,921,mr
mar,L5,922,mr
mar,L5,923,mr
mar,L5,924,mr
mar,L5,925,mr
mar,L5,926,mr
mar,L5,927,mr
mar,L5,928,mr
mar,L5,929,mr
mar,L5,930,mr
mar,L5,931,mr
mar,L5,932,mr
mar,L5,933,mr
mar,L5,934,mr
mar,L5,935,mr
mar,L5,936,mr
mar,L5,938,mr
mar,L5,939,mr
mar,L5,940,mr
mar,L5,941,mr
mar,L5,942,mr
mar,L5,943,mr
mar,L5,944,mr
mar,L5,945,mr
mar,L5,946,mr
mar,L5,947,mr
mar,L5,948,mr
mar,L5,949,mr
mar,L5,950,mr
mar,L5,951,mr
mar,L5,952,mr
mar,L5,953,mr
mar,L5,954,mr
mar,L5,955,mr
mar,L5,956,mr
mar,L5,957,mr
mar,L5,958,mr
mar,L5,959,mr
mar,L5,960,mr
mar,L5,961,mr
mar,L5,962,mr
mar,L5,963,mr
mar,L5,964,mr
mar,L5,966,mr
mar,L5,967,mr
mar,L5,968,mr
mar,L5,969,mr
mar,L5,970,mr
mar,L5,971,mr
mar,L5,972,mr
mar,L5,973,mr
mar,L5,974,mr
mar,L5,975,mr
mar,L5,976,mr
mar,L5,977,mr
mar,L5,978,mr
mar,L5,979,mr
mar,L5,980,mr
mar,L5,981,mr
mar,L5,982,mr
mar,L5,983,mr
mar,L5,984,mr
mar,L5,985,mr
mar,L5,986,mr
mar,L5,987,mr
mar,L5,988,mr
mar,L5,989,mr
mar,L5,990,mr
mar,L5,991,mr
mar,L5,992,mr
mar,L5,993,mr
mar,L5,995,mr
mar,L5,996,mr
mar,L5,997,mr
mar,L5,998,mr
mar,L5,999,mr
mar,L5,1000,mr
mar,L5,1001,mr
mar,L5,1002,mr
mar,L5,1003,mr
mar,L5,1004,mr
mar,L5,1005,mr
mar,L5,1006,mr
mar,L5,1007,mr
mar,L5,1008,mr
mar,L5,1009,mr
mar,L5,1010,mr
mar,L5,1012,mr
mar,L5,1013,mr
mar,L5,1014,mr
mar,L5,1015,mr
mar,L5,1016,mr
mar,L5,1017,mr
mar,L5,1018,mr
mar,L5,1019,mr
mar,L5,1020,mr
mar,L5,1021,mr
mar,L5,1022,mr
mar,L5,1023,mr
mar,L5,1024,mr
mar,L5,1025,mr
mar,L5,1026,mr
mar,L5,1027,mr
mar,L5,1028,mr
mar,L5,1029,mr
mar,L5,1030,mr
mar,L5,1031,mr
mar,L5,1032,mr
mar,L5,1033,mr
mar,L5,1034,mr
mar,L5,1035,mr
mar,L5,1036,mr
mar,L5,1037,mr
mar,L5,1038,mr
mar,L5,1039,mr
mar,L5,1040,mr
mar,L5,1041,mr
mar,L5,1042,mr
mar,L5,1043,mr
mar,L5,1044,mr
mar,L5,1045,mr
mar,L5,1046,mr
mar,L5,1047,mr
mar,L5,1048,mr
mar,L5,1049,mr
mar,L5,1050,mr
mar,L5,1051,mr
mar,L5,1052,mr
mar,L5,1053,mr
mar,L5,1054,mr
mar,L5,1055,mr
mar,L5,1056,mr
mar,L5,1057,mr
mar,L5,1058,mr
mar,L5,1059,mr
mar,L5,1060,mr
mar,L5,1061,mr
mar,L5,1062,mr
mar,L5,1063,mr
mar,L5,1064,mr
mar,L5,1065,mr
mar,L5,1066,mr
mar,L5,1067,mr
mar,L5,1068,mr
mar,L5,1069,mr
mar,L5,1070,mr
mar,L5,1071,mr
mar,L5,1072,mr
mar,L5,1073,mr
mar,L5,1074,mr
mar,L5,1075,mr
mar,L5,1076,mr
mar,L5,1077,mr
mar,L5,1078,mr
mar,L5,1079,mr
mar,L5,1080,mr
mar,L5,1081,mr
mar,L5,1082,mr
mar,L5,1083,mr
mar,L5,1084,mr
mar,L5,1085,mr
mar,L5,1086,mr
mar,L5,1087,mr
mar,L5,1088,mr
mar,L5,1089,mr
mar,L5,1090,mr
mar,L5,1091,mr
mar,L5,1092,mr
mar,L5,1093,mr
mar,L5,1094,mr
mar,L5,1095,mr
mar,L5,1096,mr
mar,L5,1097,mr
mar,L5,1098,mr
mar,L5,1099,mr
mar,L5,1100,mr
mar,L5,1101,mr
mar,L5,1102,mr
mar,L5,1103,mr
mar,L5,1104,mr
mar,L5,1105,mr
mar,L5,1106,mr
mar,L5,1107,mr
mar,L5,1108,mr
mar,L5,1110,mr
mar,L5,1111,mr
mar,L5,1112,mr
mar,L5,1113,mr
mar,L5,1114,mr
mar,L5,1115,mr
mar,L5,1116,mr
mar,L5,1117,mr
mar,L5,1118,mr
mar,L5,1119,mr
mar,L5,1120,mr
mar,L5,1121,mr
mar,L5,1122,mr
mar,L5,1123,mr
mar,L5,1124,mr
mar,L5,1125,mr
mar,L5,1126,mr
mar,L5,1127,mr
mar,L5,1128,mr
mar,L5,1129,mr
mar,L5,1130,mr
mar,L5,1131,mr
mar,L5,1132,mr
mar,L5,1134,mr
mar,L5,1135,mr
mar,L5,1136,mr
mar,L5,1137,mr
mar,L5,1138,mr
mar,L5,1139,mr
mar,L5,1140,mr
mar,L5,1141,mr
mar,L5,1142,mr
mar,L5,1143,mr
mar,L5,1144,mr
mar,L5,1146,mr
mar,L5,1147,mr
mar,L5,1148,mr
mar,L5,1149,mr
mar,L5,1150,mr
mar,L5,1151,mr
mar,L5,1152,mr
mar,L5,1153,mr
mar,L5,1154,mr
mar,L5,1155,mr
san,L1,15,sa
san,L1,17,sa
san,L1,29,sa
san,L1,35,sa
san,L1,93,sa
san,L1,100,sa
san,L1,101,sa
san,L1,107,sa
san,L1,132,sa
san,L1,162,sa
san,L1,188,sa
san,L1,206,sa
san,L1,207,sa
san,L1,215,sa
san,L1,230,sa
san,L1,247,sa
san,L1,248,sa
san,L1,274,sa
san,L1,278,sa
san,L1,288,sa
san,L1,293,sa
san,L1,305,sa
san,L1,316,sa
san,L1,323,sa
san,L1,324,sa
san,L1,342,sa
san,L1,344,sa
san,L1,359,sa
san,L1,360,sa
san,L1,374,sa
san,L1,376,sa
san,L1,384,sa
san,L1,399,sa
san,L1,421,sa
san,L1,424,sa
san,L1,432,sa
san,L1,478,sa
san,L1,485,sa
san,L1,493,sa
san,L1,516,sa
san,L1,525,sa
san,L1,543,sa
san,L1,575,sa
san,L1,633,sa
san,L1,661,sa
san,L1,679,sa
san,L1,688,sa
san,L1,690,sa
san,L1,719,sa
san,L1,732,sa
san,L1,743,sa
san,L1,755,sa
san,L1,767,sa
san,L1,770,sa
san,L1,787,sa
san,L1,793,sa
san,L1,810,sa
san,L1,820,sa
san,L1,847,hi
san,L1,880,sa
san,L1,885,sa
san,L1,908,sa
san,L1,917,sa
san,L1,931,sa
san,L1,932,sa
san,L1,938,sa
san,L1,952,sa
san,L1,985,sa
san,L1,989,sa
san,L1,1049,sa
san,L1,1055,sa
san,L1,1058,sa
san,L1,1063,sa
san,L1,1065,sa
san,L1,1079,sa
san,L1,1084,sa
san,L1,1089,sa
san,L1,1098,sa
san,L1,1109,sa
san,L1,1123,sa
san,L1,1164,sa
san,L1,1165,sa
san,L1,1193,sa
san,L1,1241,sa
san,L1,1251,sa
san,L1,1256,sa
san,L1,1257,sa
san,L1,1275,sa
san,L1,1278,sa
san,L1,1289,sa
san,L1,1314,sa
san,L1,1319,sa
san,L1,1338,sa
san,L1,1372,sa
san,L1,1407,sa
san,L1,1431,sa
san,L1,1437,sa
san,L1,1463,sa
san,L1,1475,sa
san,L1,1499,sa
san,L1,1508,sa
san,L1,1514,sa
san,L1,1518,sa
san,L1,1536,sa
san,L1,1545,sa
san,L1,1550,sa
san,L1,1562,sa
san,L1,1574,sa
san,L1,1584,sa
san,L1,1587,sa
san,L1,1589,sa
san,L1,1597,sa
san,L1,1607,sa
san,L1,1612,sa
san,L1,1624,sa
san,L1,1659,sa
san,L1,1672,sa
san,L1,1696,sa
san,L1,1711,sa
san,L1,1737,sa
san,L1,1738,sa
san,L1,1739,sa
san,L1,1773,sa
san,L1,1784,sa
san,L1,1802,sa
san,L1,1817,sa
san,L1,1830,sa
san,L1,1832,sa
san,L1,1833,sa
san,L1,1836,sa
san,L1,1839,sa
san,L1,1843,sa
san,L1,1854,sa
san,L1,1874,sa
san,L1,1888,sa
san,L1,1905,sa
san,L1,1910,sa
san,L1,1931,sa
san,L1,1955,sa
san,L1,1970,sa
san,L1,2021,sa
san,L1,2080,sa
san,L1,2084,sa
san,L1,2093,sa
san,L1,2127,sa
san,L1,2138,sa
san,L1,2149,sa
san,L1,2154,sa
san,L1,2181,sa
san,L1,2214,sa
san,L1,2216,sa
san,L1,2225,sa
san,L1,2230,sa
san,L1,2236,sa
san,L1,2242,sa
san,L1,2279,sa
san,L1,2285,sa
san,L1,2293,sa
san,L1,2335,sa
san,L1,2353,sa
san,L1,2354,sa
san,L1,2366,sa
san,L1,2370,sa
san,L1,2399,sa
san,L1,2410,sa
san,L1,2423,sa
san,L1,2429,sa
san,L1,2450,sa
san,L1,2475,sa
san,L1,2508,ne
san,L1,2512,sa
san,L1,2543,sa
san,L1,2544,sa
san,L1,2559,sa
san,L1,2596,sa
san,L1,2603,sa
san,L1,2605,sa
san,L1,2608,sa
san,L1,2626,sa
san,L1,2659,sa
san,L1,2699,sa
san,L1,2703,sa
san,L1,2710,sa
san,L1,2720,sa
san,L1,2752,sa
san,L1,2757,sa
san,L1,2759,sa
san,L1,2816,sa
san,L1,2825,sa
san,L1,2831,hi
san,L1,2833,sa
san,L1,2850,sa
san,L1,2858,sa
san,L1,2864,sa
san,L1,2873,sa
san,L1,2880,sa
san,L1,2908,sa
san,L1,2915,sa
san,L1,2925,sa
san,L1,2934,sa
san,L1,2942,sa
san,L1,2945,sa
san,L1,2949,sa
san,L1,2950,sa
san,L1,2966,sa
san,L1,2983,sa
san,L1,3002,sa
san,L1,3005,sa
san,L1,3037,sa
san,L1,3084,hi
san,L1,3108,sa
san,L1,3124,sa
san,L1,3140,sa
san,L1,3143,sa
san,L1,3145,sa
san,L1,3147,sa
san,L1,3170,sa
san,L1,3190,sa
san,L1,3197,sa
san,L1,3207,sa
san,L1,3217,sa
san,L1,3220,sa
san,L1,3232,sa
san,L1,3236,sa
san,L1,3251,sa
san,L1,3254,sa
san,L1,3270,sa
san,L1,3283,sa
san,L1,3351,sa
san,L1,3353,sa
san,L1,3362,sa
san,L1,3389,sa
san,L1,3393,sa
san,L1,3401,sa
san,L1,3427,sa
san,L1,3434,sa
san,L1,3436,sa
san,L1,3440,sa
san,L1,3468,sa
san,L1,3497,sa
san,L1,3554,sa
san,L1,3573,sa
san,L1,3584,sa
san,L1,3605,sa
san,L1,3628,sa
san,L1,3631,sa
san,L1,3634,sa
san,L1,3641,sa
san,L1,3684,sa
san,L1,3698,sa
san,L1,3702,sa
san,L1,3705,sa
san,L1,3742,sa
san,L1,3752,sa
san,L1,3753,sa
san,L1,3755,sa
san,L1,3768,sa
san,L1,3822,sa
san,L1,3834,sa
san,L1,3845,sa
san,L1,3851,sa
san,L1,3857,sa
san,L1,3859,sa
san,L1,3873,sa
san,L1,3881,sa
san,L1,3888,sa
san,L1,3918,sa
san,L1,3928,sa
san,L1,3954,sa
san,L1,3955,sa
san,L1,3967,sa
san,L1,3979,sa
san,L1,3992,sa
san,L1,4002,sa
san,L1,4027,sa
san,L1,4036,sa
san,L1,4048,sa
san,L1,4070,sa
san,L1,4078,sa
san,L1,4086,sa
san,L1,4090,sa
san,L1,4117,sa
san,L1,4130,sa
san,L1,4145,sa
san,L1,4156,sa
san,L1,4168,sa
san,L1,4186,sa
san,L1,4188,sa
san,L1,4218,sa
san,L1,4246,sa
san,L1,4291,sa
san,L1,4300,sa
san,L1,4321,sa
san,L1,4332,sa
san,L1,4333,sa
san,L1,4356,sa
san,L1,4364,sa
san,L1,4381,sa
san,L1,4429,sa
san,L1,4438,sa
san,L1,4452,sa
san,L1,4462,sa
san,L1,4463,sa
san,L1,4483,sa
san,L1,4494,sa
san,L1,4519,sa
san,L1,4527,sa
san,L1,4558,sa
san,L1,4579,sa
san,L1,4584,sa
san,L1,4588,sa
san,L1,4604,sa
san,L1,4610,sa
san,L1,4616,sa
san,L1,4633,sa
san,L1,4647,sa
san,L1,4686,sa
san,L1,4694,sa
san,L1,4724,sa
san,L1,4726,sa
san,L1,4758,sa
san,L1,4784,sa
san,L1,4786,sa
san,L1,4793,sa
san,L1,4795,sa
san,L1,4802,sa
san,L1,4806,sa
san,L1,4811,sa
san,L1,4812,sa
san,L1,4815,sa
san,L1,4818,sa
san,L1,4823,sa
san,L1,4828,sa
san,L1,4854,sa
san,L1,4856,sa
san,L1,4870,sa
san,L1,4891,sa
san,L1,4896,sa
san,L1,4909,sa
san,L1,4918,sa
san,L1,4919,sa
san,L1,4926,sa
san,L1,4964,sa
san,L1,4971,sa
san,L1,4977,sa
san,L1,4995,sa
san,L1,5010,sa
san,L1,5027,sa
san,L1,5030,sa
san,L1,5034,sa
san,L1,5036,sa
san,L1,5037,sa
san,L1,5041,sa
san,L1,5043,sa
san,L1,5048,sa
san,L1,5058,sa
san,L1,5100,sa
san,L1,5101,sa
san,L1,5179,sa
san,L1,5180,sa
san,L1,5196,sa
san,L1,5197,sa
san,L1,5214,sa
san,L1,5244,sa
san,L1,5272,sa
san,L1,5298,sa
san,L1,5299,sa
san,L1,5300,sa
san,L1,5302,sa
san,L1,5308,sa
san,L1,5309,sa
san,L1,5322,sa
san,L1,5332,sa
san,L1,5342,sa
san,L1,5377,sa
san,L1,5401,sa
san,L1,5409,sa
san,L1,5422,sa
san,L1,5437,sa
san,L1,5448,sa
san,L1,5470,sa
san,L1,5512,sa
san,L1,5527,sa
san,L1,5542,sa
san,L1,5570,sa
san,L1,5572,sa
san,L1,5621,sa
san,L1,5624,sa
san,L1,5635,sa
san,L1,5654,sa
san,L1,5709,sa
san,L1,5772,sa
san,L1,5774,sa
san,L1,5791,sa
san,L1,5832,sa
san,L1,5868,sa
san,L1,5877,sa
san,L1,5888,sa
san,L1,5893,sa
san,L1,5899,sa
san,L1,5913,sa
san,L1,5935,sa
san,L1,5941,hi
san,L1,5967,sa
san,L1,5983,sa
san,L1,6006,sa
san,L1,6009,sa
san,L1,6037,sa
san,L1,6079,sa
san,L1,6090,sa
san,L1,6107,sa
san,L1,6118,sa
san,L1,6124,sa
san,L1,6132,sa
san,L1,6147,sa
san,L1,6148,sa
san,L1,6170,sa
san,L1,6230,sa
san,L1,6252,sa
san,L1,6324,sa
san,L1,6373,sa
san,L1,6380,sa
san,L1,6405,sa
san,L1,6422,sa
san,L1,6430,sa
san,L1,6432,sa
san,L1,6435,sa
san,L1,6437,sa
san,L1,6457,sa
san,L1,6462,sa
san,L1,6506,sa
san,L1,6517,sa
san,L1,6571,sa
san,L1,6586,sa
san,L1,6609,sa
san,L1,6632,sa
san,L1,6650,sa
san,L1,6663,sa
san,L1,6669,sa
san,L1,6680,sa
san,L1,6689,sa
san,L1,6690,sa
san,L1,6712,sa
san,L1,6718,sa
san,L1,6722,sa
san,L1,6751,sa
san,L1,6754,sa
san,L1,6765,sa
san,L1,6771,sa
san,L1,6788,sa
san,L1,6793,sa
san,L1,6811,sa
san,L1,6833,sa
san,L1,6840,sa
san,L1,6846,sa
san,L1,6860,sa
san,L1,6863,sa
san,L1,6903,sa
san,L1,6912,sa
san,L1,6956,sa
san,L1,6979,sa
san,L1,6980,sa
san,L1,6995,sa
san,L1,7029,sa
san,L1,7050,sa
san,L1,7066,sa
san,L1,7071,sa
san,L1,7088,sa
san,L1,7089,sa
san,L1,7096,hi
san,L1,7101,sa
san,L1,7105,sa
san,L1,7139,sa
san,L1,7164,sa
san,L1,7166,sa
san,L1,7170,sa
san,L1,7181,sa
san,L1,7196,sa
san,L1,7203,sa
san,L1,7213,sa
san,L1,7241,sa
san,L1,7260,sa
san,L1,7271,sa
san,L1,7277,sa
san,L1,7285,sa
san,L1,7292,sa
san,L1,7307,sa
san,L1,7319,hi
san,L1,7322,sa
san,L1,7324,sa
san,L1,7341,sa
san,L1,7367,sa
san,L1,7394,sa
san,L1,7417,sa
san,L1,7423,sa
san,L1,7424,sa
san,L1,7443,sa
san,L1,7449,sa
san,L1,7485,hi
san,L1,7536,sa
san,L1,7556,sa
san,L1,7561,sa
san,L1,7581,sa
san,L1,7585,sa
san,L1,7589,sa
san,L1,7591,sa
san,L1,7606,sa
san,L1,7614,sa
san,L1,7627,sa
san,L1,7669,sa
san,L1,7690,sa
san,L1,7707,sa
san,L1,7727,sa
san,L1,7743,sa
san,L1,7799,sa
san,L1,7815,sa
san,L1,7827,sa
san,L1,7835,sa
san,L1,7851,sa
san,L1,7856,sa
san,L1,7872,sa
san,L1,7877,sa
san,L1,7885,sa
san,L1,7890,sa
san,L1,7999,sa
san,L1,8003,sa
san,L1,8017,sa
san,L1,8023,sa
san,L1,8029,sa
san,L1,8043,sa
san,L1,8052,sa
san,L1,8063,sa
san,L1,8068,sa
san,L1,8126,sa
san,L1,8135,sa
san,L1,8143,sa
san,L1,8152,sa
san,L1,8176,sa
san,L1,8189,sa
san,L1,8222,hi
san,L1,8239,sa
san,L1,8240,sa
san,L1,8241,sa
san,L1,8245,sa
san,L1,8304,sa
san,L1,8315,sa
san,L1,8329,sa
san,L1,8348,sa
san,L1,8364,sa
san,L1,8369,sa
san,L1,8378,sa
san,L1,8379,sa
san,L1,8432,sa
san,L1,8436,sa
san,L1,8454,sa
san,L1,8476,sa
san,L1,8479,sa
san,L1,8488,sa
san,L1,8517,sa
san,L1,8524,sa
san,L1,8535,sa
san,L1,8536,sa
san,L1,8561,sa
san,L1,8595,sa
san,L1,8599,sa
san,L1,8609,sa
san,L1,8707,sa
san,L1,8709,sa
san,L1,8723,sa
san,L1,8735,sa
san,L1,8769,sa
san,L1,8779,sa
san,L1,8783,sa
san,L1,8786,sa
san,L1,8806,sa
san,L1,8815,sa
san,L1,8833,sa
san,L1,8850,sa
san,L1,8851,sa
san,L1,8862,sa
san,L1,8881,sa
san,L1,8883,sa
san,L1,8886,sa
san,L1,8901,sa
san,L1,8916,sa
san,L1,8919,hi
san,L1,8930,sa
san,L1,8936,sa
san,L1,8945,sa
san,L1,8978,sa
san,L1,8987,sa
san,L1,8989,sa
san,L1,9028,sa
san,L1,9041,sa
san,L1,9061,sa
san,L1,9068,sa
san,L1,9077,sa
san,L1,9091,sa
san,L1,9099,sa
san,L1,9101,sa
san,L1,9115,sa
san,L1,9121,sa
san,L1,9182,sa
san,L1,9199,sa
san,L1,9221,sa
san,L1,9225,sa
san,L1,9233,sa
san,L1,9239,sa
san,L1,9242,sa
san,L1,9246,sa
san,L1,9252,sa
san,L1,9270,sa
san,L1,9290,sa
san,L1,9339,sa
san,L1,9357,ne
san,L1,9370,sa
san,L1,9404,sa
san,L1,9454,sa
san,L1,9503,sa
san,L1,9524,sa
san,L1,9539,sa
san,L1,9544,sa
san,L1,9547,sa
san,L1,9587,sa
san,L1,9637,sa
san,L1,9638,sa
san,L1,9657,sa
san,L1,9691,sa
san,L1,9736,sa
san,L1,9739,sa
san,L1,9754,sa
san,L1,9758,sa
san,L1,9790,sa
san,L1,9802,sa
san,L1,9833,sa
san,L1,9848,sa
san,L1,9863,sa
san,L1,9874,sa
san,L1,9881,sa
san,L1,9891,sa
san,L1,9922,sa
san,L1,9927,sa
san,L1,9934,sa
san,L1,9944,sa
san,L1,9946,sa
san,L1,9952,sa
san,L1,9955,sa
san,L1,9987,sa
san,L1,9988,sa
san,L1,9990,sa
san,L1,10008,sa
san,L1,10015,sa
san,L1,10050,sa
san,L1,10072,sa
san,L1,10077,sa
san,L1,10087,sa
san,L1,10095,sa
san,L1,10108,sa
san,L1,10140,sa
san,L1,10141,sa
san,L1,10156,sa
san,L1,10157,sa
san,L1,10174,sa
san,L1,10183,hi
san,L1,10195,sa
san,L1,10208,sa
san,L1,10209,sa
san,L1,10213,sa
san,L1,10220,sa
san,L1,10267,sa
san,L1,10271,sa
san,L1,10278,sa
san,L1,10288,sa
san,L1,10304,sa
san,L1,10319,sa
san,L1,10328,sa
san,L1,10333,sa
san,L1,10352,sa
san,L1,10357,sa
san,L1,10369,sa
san,L1,10370,sa
san,L1,10393,sa
san,L1,10396,sa
san,L1,10400,sa
san,L1,10427,sa
san,L1,10440,sa
san,L1,10463,sa
san,L1,10487,sa
san,L1,10489,sa
san,L1,10502,sa
san,L1,10508,sa
san,L1,10520,sa
san,L1,10527,sa
san,L1,10544,sa
san,L1,10555,sa
san,L1,10560,sa
san,L1,10583,sa
san,L1,10584,sa
san,L1,10592,sa
san,L1,10638,sa
san,L1,10640,sa
san,L1,10644,sa
san,L1,10649,sa
san,L1,10651,sa
san,L1,10653,sa
san,L1,10658,sa
san,L1,10666,sa
san,L1,10692,sa
san,L1,10699,sa
san,L1,10702,sa
san,L1,10704,sa
san,L1,10706,sa
san,L1,10708,sa
san,L1,10713,sa
san,L1,10822,sa
san,L1,10849,sa
san,L1,10883,sa
san,L1,10886,sa
san,L1,10954,sa
san,L1,10995,hi
san,L1,11029,sa
san,L1,11072,sa
san,L1,11123,sa
san,L1,11142,sa
san,L1,11160,sa
san,L1,11167,sa
san,L1,11172,sa
san,L1,11179,sa
san,L1,11180,sa
san,L1,11182,sa
san,L1,11185,sa
san,L1,11198,sa
san,L1,11200,sa
san,L1,11209,sa
san,L1,11225,sa
san,L1,11226,sa
san,L1,11242,sa
san,L1,11262,sa
san,L1,11267,sa
san,L1,11280,sa
san,L1,11304,sa
san,L1,11382,sa
san,L1,11393,sa
san,L1,11399,sa
san,L1,11419,sa
san,L1,11431,sa
san,L1,11434,sa
san,L1,11439,sa
san,L1,11448,sa
san,L1,11455,sa
san,L1,11501,sa
san,L1,11535,sa
san,L1,11555,sa
san,L1,11559,sa
san,L1,11571,sa
san,L1,11591,sa
san,L1,11603,sa
san,L1,11615,sa
san,L1,11622,sa
san,L1,11629,sa
san,L1,11633,sa
san,L1,11650,sa
san,L1,11657,sa
san,L1,11676,hi
san,L1,11723,sa
san,L1,11740,sa
san,L1,11758,sa
san,L1,11831,sa
san,L1,11849,sa
san,L1,11865,sa
san,L1,11867,sa
san,L1,11885,sa
san,L1,11904,sa
san,L1,11913,sa
san,L1,11927,sa
san,L1,11930,sa
san,L1,11937,sa
san,L1,11958,sa
san,L1,11961,ne
san,L1,11991,sa
san,L1,12007,sa
san,L1,12015,sa
san,L1,12027,sa
san,L1,12029,sa
san,L1,12080,sa
san,L1,12108,sa
san,L1,12112,sa
san,L1,12170,sa
san,L1,12227,sa
san,L1,12228,sa
san,L1,12260,sa
san,L1,12318,hi
san,L1,12328,sa
san,L1,12329,sa
san,L1,12337,sa
san,L1,12338,sa
san,L1,12353,sa
san,L1,12394,sa
san,L1,12418,sa
san,L1,12475,sa
san,L1,12485,sa
san,L1,12486,sa
san,L1,12501,sa
san,L1,12519,sa
san,L1,12528,sa
san,L1,12564,sa
san,L1,12593,sa
san,L1,12598,sa
san,L1,12603,sa
san,L1,12604,sa
san,L1,12622,sa
san,L1,12637,sa
san,L1,12638,sa
san,L1,12639,hi
san,L1,12667,sa
san,L1,12700,sa
san,L1,12705,sa
san,L1,12715,sa
san,L1,12758,sa
san,L1,12764,sa
san,L1,12768,sa
san,L1,12776,sa
san,L1,12800,hi
san,L1,12807,sa
san,L1,12814,sa
san,L1,12823,sa
san,L1,12841,sa
san,L1,12851,sa
san,L1,12894,sa
san,L1,12905,sa
san,L1,12906,sa
san,L1,12912,sa
san,L1,12927,sa
san,L1,12935,sa
san,L1,12936,sa
san,L1,12950,sa
san,L1,12956,sa
san,L1,12965,sa
san,L1,12982,sa
san,L1,13003,sa
san,L1,13004,sa
san,L1,13037,sa
san,L1,13046,sa
san,L1,13048,sa
san,L1,13050,sa
san,L1,13051,sa
san,L1,13073,sa
san,L1,13120,sa
san,L1,13123,hi
san,L1,13141,sa
san,L1,13150,sa
san,L1,13158,sa
san,L1,13182,sa
san,L1,13192,sa
san,L1,13223,sa
san,L1,13231,sa
san,L1,13238,sa
san,L1,13248,hi
san,L1,13277,sa
san,L1,13303,sa
san,L1,13313,sa
san,L1,13328,sa
san,L1,13342,sa
san,L1,13351,sa
san,L1,13356,sa
san,L1,13410,sa
san,L1,13416,sa
san,L1,13419,sa
san,L1,13437,sa
san,L1,13449,hi
san,L1,13466,sa
san,L1,13487,hi
san,L1,13516,sa
san,L1,13518,sa
san,L1,13520,sa
san,L1,13539,sa
san,L1,13556,ne
san,L1,13561,hi
san,L1,13563,sa
san,L1,13568,sa
san,L1,13573,sa
san,L1,13576,sa
san,L1,13608,sa
san,L1,13619,sa
san,L1,13622,sa
san,L1,13625,sa
san,L1,13662,sa
san,L1,13668,hi
san,L1,13681,sa
san,L1,13698,sa
san,L1,13724,sa
san,L1,13734,sa
san,L1,13740,sa
san,L1,13750,sa
san,L1,13756,sa
san,L1,13764,sa
san,L1,13768,sa
san,L1,13788,sa
san,L1,13789,sa
san,L1,13813,sa
san,L1,13816,sa
san,L1,13847,sa
san,L1,13856,sa
san,L1,13858,sa
san,L1,13866,sa
san,L1,13887,sa
san,L1,13893,sa
san,L1,13918,sa
san,L1,13919,sa
san,L1,13927,sa
san,L1,13930,sa
san,L1,13932,sa
san,L1,13957,sa
san,L1,13960,sa
san,L1,13961,sa
san,L1,13965,sa
san,L1,13978,sa
san,L1,13980,sa
san,L1,14022,sa
san,L1,14027,sa
san,L1,14033,sa
san,L1,14061,sa
san,L1,14088,sa
san,L1,14097,sa
san,L1,14102,sa
san,L1,14116,sa
san,L1,14138,sa
san,L1,14160,sa
san,L1,14163,sa
san,L1,14174,sa
san,L1,14177,sa
san,L1,14185,sa
san,L1,14194,sa
san,L1,14195,sa
san,L1,14196,sa
san,L1,14242,sa
san,L1,14250,sa
san,L1,14262,sa
san,L1,14267,sa
san,L1,14276,sa
san,L1,14280,sa
san,L1,14319,sa
san,L1,14328,sa
san,L1,14333,sa
san,L1,14338,sa
san,L1,14367,sa
san,L1,14387,sa
san,L1,14392,sa
san,L1,14417,sa
san,L1,14419,sa
san,L1,14420,sa
san,L1,14449,sa
san,L1,14466,sa
san,L1,14481,sa
san,L1,14546,sa
san,L1,14557,sa
san,L1,14559,sa
san,L1,14561,sa
san,L1,14564,sa
san,L1,14572,sa
san,L1,14592,sa
san,L1,14598,sa
san,L1,14610,sa
san,L1,14613,sa
san,L1,14654,sa
san,L1,14683,sa
san,L1,14691,sa
san,L1,14705,sa
san,L1,14712,sa
san,L1,14719,sa
san,L1,14722,sa
san,L1,14732,sa
san,L1,14744,sa
san,L1,14779,sa
san,L1,14783,sa
san,L1,14797,sa
san,L1,14799,sa
san,L1,14826,sa
san,L1,14833,sa
san,L1,14859,sa
san,L1,14866,sa
san,L1,14890,sa
san,L1,14908,sa
san,L1,14911,sa
san,L1,14918,sa
san,L1,14931,sa
san,L1,14939,sa
san,L1,14949,sa
san,L1,14968,sa
san,L1,14979,sa
san,L1,14981,sa
san,L1,14982,sa
san,L1,15000,sa
san,L1,15015,sa
san,L1,15031,sa
san,L1,15052,sa
san,L1,15063,sa
san,L1,15064,sa
san,L1,15070,sa
san,L1,15092,sa
san,L1,15095,sa
san,L1,15129,sa
san,L1,15133,sa
san,L1,15140,sa
san,L1,15151,sa
san,L1,15178,sa
san,L1,15199,sa
san,L1,15200,sa
san,L1,15208,sa
san,L1,15213,sa
san,L1,15287,sa
san,L1,15298,sa
san,L1,15307,sa
san,L1,15313,sa
san,L1,15319,sa
san,L1,15321,sa
san,L1,15333,sa
san,L1,15365,sa
san,L1,15379,sa
san,L1,15383,sa
san,L1,15385,sa
san,L1,15406,sa
san,L1,15470,sa
san,L1,15472,sa
san,L1,15488,sa
san,L1,15494,sa
san,L1,15501,sa
san,L1,15506,sa
san,L1,15522,sa
san,L1,15531,sa
san,L1,15541,sa
san,L1,15554,sa
san,L1,15568,sa
san,L1,15584,sa
san,L1,15608,sa
san,L1,15647,sa
san,L1,15669,sa
san,L1,15695,sa
san,L1,15719,sa
san,L1,15725,sa
san,L1,15739,sa
san,L1,15762,sa
san,L1,15796,sa
san,L1,15798,sa
san,L1,15846,sa
san,L1,15851,sa
san,L1,15866,sa
san,L1,15897,sa
san,L1,15906,sa
san,L1,15933,sa
san,L1,15935,sa
san,L1,16005,sa
san,L1,16024,sa
san,L1,16035,sa
san,L1,16047,ne
san,L1,16076,sa
san,L1,16078,sa
san,L1,16083,sa
san,L1,16085,sa
san,L1,16122,sa
san,L1,16123,sa
san,L1,16126,sa
san,L1,16181,sa
san,L1,16191,sa
san,L1,16194,sa
san,L1,16225,sa
san,L1,16246,sa
san,L1,16251,sa
san,L1,16253,sa
san,L1,16276,sa
san,L1,16290,sa
san,L1,16315,sa
san,L1,16328,sa
san,L1,16336,sa
san,L1,16355,sa
san,L1,16393,sa
san,L1,16396,sa
san,L1,16478,sa
san,L1,16480,sa
san,L1,16500,sa
san,L1,16522,sa
san,L1,16534,sa
san,L1,16542,sa
san,L1,16551,sa
san,L1,16581,sa
san,L1,16585,sa
san,L1,16586,sa
san,L1,16588,sa
san,L1,16590,sa
san,L1,16597,sa
san,L1,16604,sa
san,L1,16613,sa
san,L1,16619,sa
san,L1,16626,sa
san,L1,16628,sa
san,L1,16639,sa
san,L1,16648,sa
san,L1,16657,sa
san,L1,16665,sa
san,L1,16689,sa
san,L1,16707,sa
san,L1,16712,sa
san,L1,16726,sa
san,L1,16731,sa
san,L1,16745,sa
san,L1,16753,sa
san,L1,16760,sa
san,L1,16784,sa
san,L1,16790,sa
san,L1,16795,sa
san,L1,16813,sa
san,L1,16850,sa
san,L1,16880,sa
san,L1,16883,sa
san,L1,16900,sa
san,L1,16921,sa
san,L1,16927,sa
san,L1,16929,sa
san,L1,16942,sa
san,L1,16945,sa
san,L1,16954,sa
san,L1,16956,sa
san,L1,16957,sa
san,L1,16963,sa
san,L1,16964,sa
san,L1,17004,sa
san,L1,17008,sa
san,L1,17025,sa
san,L1,17041,sa
san,L1,17100,sa
san,L1,17120,sa
san,L1,17127,sa
san,L1,17192,sa
san,L1,17198,sa
san,L1,17210,sa
san,L1,17222,sa
san,L1,17227,sa
san,L1,17237,sa
san,L1,17239,sa
san,L1,17240,sa
san,L1,17259,sa
san,L1,17287,hi
san,L1,17299,sa
san,L1,17322,sa
san,L1,17335,sa
san,L1,17337,sa
san,L1,17355,sa
san,L1,17359,sa
san,L1,17364,sa
san,L1,17369,sa
san,L1,17375,sa
san,L1,17377,sa
san,L1,17394,sa
san,L1,17395,sa
san,L1,17399,sa
san,L1,17408,sa
san,L1,17426,sa
san,L1,17477,sa
san,L1,17493,sa
san,L1,17515,sa
san,L1,17535,sa
san,L1,17543,sa
san,L1,17565,sa
san,L1,17571,sa
san,L1,17593,sa
san,L1,17629,sa
san,L1,17635,sa
san,L1,17643,sa
san,L1,17648,sa
san,L1,17657,sa
san,L1,17687,sa
san,L1,17689,sa
san,L1,17695,sa
san,L1,17714,sa
san,L1,17732,sa
san,L1,17734,sa
san,L1,17735,hi
san,L1,17765,sa
san,L1,17783,sa
san,L1,17785,sa
san,L1,17879,sa
san,L1,17889,sa
san,L1,17898,sa
san,L1,17904,sa
san,L1,17912,sa
san,L1,17921,sa
san,L1,17953,sa
san,L1,17962,sa
san,L1,17966,sa
san,L1,17969,sa
san,L1,17993,sa
san,L1,18020,sa
san,L1,18026,sa
san,L1,18043,sa
san,L1,18045,sa
san,L1,18064,sa
san,L1,18077,sa
san,L1,18132,sa
san,L1,18151,sa
san,L1,18156,sa
san,L1,18194,sa
san,L1,18196,sa
san,L1,18218,sa
san,L1,18237,sa
san,L1,18281,sa
san,L1,18312,sa
san,L1,18326,sa
san,L1,18335,sa
san,L1,18349,sa
san,L1,18352,sa
san,L1,18356,sa
san,L1,18368,sa
san,L1,18381,sa
san,L1,18393,sa
san,L1,18397,mr
san,L1,18414,sa
san,L1,18489,sa
san,L1,18492,sa
san,L1,18497,sa
san,L1,18503,sa
san,L1,18504,sa
san,L1,18514,sa
san,L1,18535,sa
san,L1,18537,sa
san,L1,18540,sa
san,L1,18547,sa
san,L1,18575,sa
san,L1,18576,sa
san,L1,18579,sa
san,L1,18594,sa
san,L1,18617,sa
san,L1,18618,sa
san,L1,18632,sa
san,L1,18633,sa
san,L1,18640,sa
san,L1,18664,sa
san,L1,18665,sa
san,L1,18667,sa
san,L1,18675,hi
san,L1,18676,sa
san,L1,18678,sa
san,L1,18683,sa
san,L1,18687,sa
san,L1,18697,sa
san,L1,18730,sa
san,L1,18735,sa
san,L1,18743,sa
san,L1,18796,sa
san,L1,18815,sa
san,L1,18816,sa
san,L1,18821,sa
san,L1,18832,sa
san,L1,18834,sa
san,L1,18837,sa
san,L1,18840,sa
san,L1,18842,sa
san,L1,18854,sa
san,L1,18897,sa
san,L1,18898,sa
san,L1,18942,sa
san,L1,18951,sa
san,L1,18953,sa
san,L1,18960,sa
san,L1,18973,sa
san,L1,18992,sa
san,L1,19002,hi
san,L1,19012,sa
san,L1,19013,sa
san,L1,19030,sa
san,L1,19044,sa
san,L1,19096,sa
san,L1,19105,sa
san,L1,19117,sa
san,L1,19123,sa
san,L1,19128,sa
san,L1,19147,sa
san,L1,19163,sa
san,L1,19171,sa
san,L1,19175,sa
san,L1,19202,sa
san,L1,19221,sa
san,L1,19256,sa
san,L1,19278,sa
san,L1,19283,sa
san,L1,19307,sa
san,L1,19309,sa
san,L1,19310,sa
san,L1,19328,sa
san,L1,19331,sa
san,L1,19350,sa
san,L1,19370,sa
san,L1,19380,sa
san,L1,19407,sa
san,L1,19423,sa
san,L1,19424,sa
san,L1,19435,sa
san,L1,19460,sa
san,L1,19470,sa
san,L1,19474,sa
san,L1,19477,sa
san,L1,19489,sa
san,L1,19493,sa
san,L1,19505,sa
san,L1,19551,sa
san,L1,19585,sa
san,L1,19614,sa
san,L1,19615,sa
san,L1,19616,sa
san,L1,19650,sa
san,L1,19653,sa
san,L1,19659,sa
san,L1,19663,sa
san,L1,19674,sa
san,L1,19690,sa
san,L1,19705,sa
san,L1,19712,sa
san,L1,19713,sa
san,L1,19720,sa
san,L1,19726,sa
san,L1,19741,sa
san,L1,19765,sa
san,L1,19805,sa
san,L1,19817,sa
san,L1,19823,sa
san,L1,19827,sa
san,L1,19850,sa
san,L1,19886,sa
san,L1,19913,sa
san,L1,19943,sa
san,L1,19992,sa
san,L1,19994,sa
san,L1,20019,sa
san,L1,20035,sa
san,L1,20052,sa
san,L1,20067,sa
san,L1,20071,sa
san,L1,20113,sa
san,L1,20116,sa
san,L1,20124,sa
san,L1,20142,sa
san,L1,20144,sa
san,L1,20148,sa
san,L1,20154,sa
san,L1,20163,sa
san,L1,20210,sa
san,L1,20229,sa
san,L1,20249,sa
san,L1,20255,sa
san,L1,20261,sa
san,L1,20292,sa
san,L1,20299,sa
san,L1,20329,sa
san,L1,20335,sa
san,L1,20395,sa
san,L1,20411,sa
san,L1,20417,sa
san,L1,20474,sa
san,L1,20478,sa
san,L1,20493,sa
san,L1,20499,sa
san,L1,20508,sa
san,L1,20517,sa
san,L1,20521,sa
san,L1,20541,sa
san,L1,20550,sa
san,L1,20558,sa
san,L1,20576,sa
san,L1,20578,sa
san,L1,20632,sa
san,L1,20657,sa
san,L1,20672,sa
san,L1,20684,sa
san,L1,20707,sa
san,L1,20726,hi
san,L1,20736,sa
san,L1,20737,sa
san,L1,20750,sa
san,L1,20767,sa
san,L1,20772,sa
san,L1,20774,sa
san,L1,20805,sa
san,L1,20811,sa
san,L1,20825,sa
san,L1,20827,sa
san,L1,20828,sa
san,L1,20835,sa
san,L1,20844,sa
san,L1,20859,sa
san,L1,20866,sa
san,L1,20880,sa
san,L1,20895,sa
san,L1,20917,ne
san,L1,20918,sa
san,L1,20925,sa
san,L1,20970,sa
san,L1,20980,sa
san,L1,20993,sa
san,L1,21002,sa
san,L1,21012,sa
san,L1,21014,sa
san,L1,21086,sa
san,L1,21103,sa
san,L1,21111,sa
san,L1,21117,sa
san,L1,21122,sa
san,L1,21123,sa
san,L1,21126,sa
san,L1,21136,sa
san,L1,21143,sa
san,L1,21144,sa
san,L1,21152,sa
san,L1,21155,sa
san,L1,21169,sa
san,L1,21187,sa
san,L1,21197,sa
san,L1,21201,sa
san,L1,21204,sa
san,L1,21219,sa
san,L1,21228,sa
san,L1,21248,sa
san,L1,21258,sa
san,L1,21267,sa
san,L1,21271,sa
san,L1,21290,sa
san,L1,21292,sa
san,L1,21312,hi
san,L1,21357,sa
san,L1,21362,sa
san,L1,21368,sa
san,L1,21419,sa
san,L1,21439,sa
san,L1,21455,sa
san,L1,21483,sa
san,L1,21484,sa
san,L1,21500,sa
san,L1,21506,sa
san,L1,21518,sa
san,L1,21520,sa
san,L1,21521,sa
san,L1,21532,sa
san,L1,21556,sa
san,L1,21578,sa
san,L1,21585,sa
san,L1,21603,sa
san,L1,21604,sa
san,L1,21606,sa
san,L1,21615,sa
san,L1,21617,sa
san,L1,21653,sa
san,L1,21669,sa
san,L1,21691,sa
san,L1,21704,sa
san,L1,21705,sa
san,L1,21718,sa
san,L1,21725,sa
san,L1,21737,sa
san,L1,21753,sa
san,L1,21758,sa
san,L1,21773,sa
san,L1,21776,sa
san,L1,21789,sa
san,L1,21799,sa
san,L1,21803,sa
san,L1,21813,sa
san,L1,21816,sa
san,L1,21819,sa
san,L1,21827,sa
san,L1,21834,sa
san,L1,21840,sa
san,L1,21898,sa
san,L1,21905,sa
san,L1,21951,sa
san,L1,21956,sa
san,L1,21996,sa
san,L1,22001,sa
san,L1,22031,sa
san,L1,22089,sa
san,L1,22096,sa
san,L1,22099,sa
san,L1,22102,sa
san,L1,22109,sa
san,L1,22132,sa
san,L1,22134,sa
san,L1,22138,sa
san,L1,22147,sa
san,L1,22151,sa
san,L1,22157,sa
san,L1,22189,sa
san,L1,22202,sa
san,L1,22206,sa
san,L1,22226,sa
san,L1,22231,sa
san,L1,22247,sa
san,L1,22251,hi
san,L1,22269,sa
san,L1,22278,sa
san,L1,22297,sa
san,L1,22299,sa
san,L1,22321,sa
san,L1,22379,sa
san,L1,22392,sa
san,L1,22449,sa
san,L1,22469,sa
san,L1,22499,sa
san,L1,22530,sa
san,L1,22552,sa
san,L1,22555,sa
san,L1,22562,sa
san,L1,22570,sa
san,L1,22584,sa
san,L1,22592,sa
san,L1,22674,sa
san,L1,22700,sa
san,L1,22712,sa
san,L1,22713,sa
san,L1,22734,sa
san,L1,22794,sa
san,L1,22798,sa
san,L1,22820,sa
san,L1,22822,sa
san,L1,22830,sa
san,L1,22850,sa
san,L1,22876,sa
san,L1,22912,sa
san,L1,22937,sa
san,L1,22945,sa
san,L1,22948,sa
san,L1,22953,sa
san,L1,22972,sa
san,L1,22988,sa
san,L1,23014,sa
san,L1,23023,sa
san,L1,23041,sa
san,L1,23048,sa
san,L1,23073,sa
san,L1,23088,sa
san,L1,23105,sa
san,L1,23131,sa
san,L1,23152,sa
san,L1,23160,sa
san,L1,23164,sa
san,L1,23168,sa
san,L1,23186,sa
san,L1,23202,sa
san,L1,23227,sa
san,L1,23295,sa
san,L1,23314,sa
san,L1,23330,sa
san,L1,23348,sa
san,L1,23382,sa
san,L1,23393,sa
san,L1,23423,sa
san,L1,23428,sa
san,L1,23430,sa
san,L1,23442,sa
san,L1,23446,sa
san,L1,23450,sa
san,L1,23467,sa
san,L1,23470,sa
san,L1,23485,sa
san,L1,23496,sa
san,L1,23502,sa
san,L1,23526,sa
san,L1,23537,sa
san,L1,23544,sa
san,L1,23579,sa
san,L1,23596,sa
san,L1,23618,sa
san,L1,23664,sa
san,L1,23665,sa
san,L1,23719,sa
san,L1,23734,sa
san,L1,23753,sa
san,L1,23756,sa
san,L1,23759,sa
san,L1,23783,sa
san,L1,23809,sa
san,L1,23822,sa
san,L1,23828,sa
san,L1,23829,sa
san,L1,23851,sa
san,L1,23890,sa
san,L1,23926,sa
san,L1,23927,sa
san,L1,23936,sa
san,L1,23938,sa
san,L1,23945,sa
san,L1,23957,sa
san,L1,23959,sa
san,L1,23978,sa
san,L1,23979,sa
san,L1,23994,sa
san,L1,23998,sa
san,L1,24010,sa
san,L1,24011,sa
san,L1,24034,sa
san,L1,24041,sa
san,L1,24046,sa
san,L1,24051,hi
san,L1,24059,sa
san,L1,24066,sa
san,L1,24100,sa
san,L1,24126,sa
san,L1,24134,sa
san,L1,24147,sa
san,L1,24150,sa
san,L1,24157,sa
san,L1,24173,sa
san,L1,24176,sa
san,L1,24182,sa
san,L1,24192,sa
san,L1,24223,sa
san,L1,24240,sa
san,L1,24270,sa
san,L1,24281,sa
san,L1,24313,sa
san,L1,24314,sa
san,L1,24321,sa
san,L1,24326,sa
san,L1,24343,sa
san,L1,24353,sa
san,L1,24358,sa
san,L1,24366,sa
san,L1,24405,sa
san,L1,24422,sa
san,L1,24451,sa
san,L1,24455,sa
san,L1,24477,sa
san,L1,24496,sa
san,L1,24502,sa
san,L1,24519,sa
san,L1,24522,sa
san,L1,24532,sa
san,L1,24534,sa
san,L1,24535,sa
san,L1,24558,sa
san,L1,24563,sa
san,L1,24579,sa
san,L1,24593,sa
san,L1,24601,sa
san,L1,24649,sa
san,L1,24650,sa
san,L1,24672,sa
san,L1,24678,sa
san,L1,24684,sa
san,L1,24710,sa
san,L1,24724,sa
san,L1,24737,sa
san,L1,24738,sa
san,L1,24762,sa
san,L1,24776,sa
san,L1,24793,sa
san,L1,24812,sa
san,L1,24813,sa
san,L1,24821,sa
san,L1,24825,sa
san,L1,24836,sa
san,L1,24837,sa
san,L1,24843,sa
san,L1,24844,sa
san,L1,24863,sa
san,L1,24871,sa
san,L1,24876,sa
san,L1,24878,sa
san,L1,24925,sa
san,L1,24930,sa
san,L1,24967,sa
san,L1,24978,sa
san,L1,25024,sa
san,L1,25030,sa
san,L1,25042,sa
san,L1,25077,sa
san,L1,25097,sa
san,L1,25127,sa
san,L1,25132,sa
san,L1,25165,sa
san,L1,25172,sa
san,L1,25177,sa
san,L1,25189,sa
san,L1,25242,sa
san,L1,25251,sa
san,L1,25253,sa
san,L1,25264,sa
san,L1,25266,sa
san,L1,25275,sa
san,L1,25333,sa
san,L1,25334,sa
san,L1,25344,hi
san,L1,25346,sa
san,L1,25356,sa
san,L1,25357,sa
san,L1,25358,sa
san,L1,25369,sa
san,L1,25438,sa
san,L1,25454,sa
san,L1,25477,sa
san,L1,25494,sa
san,L1,25509,sa
san,L1,25518,sa
san,L1,25524,sa
san,L1,25565,sa
san,L1,25582,sa
san,L1,25614,sa
san,L1,25620,sa
san,L1,25637,sa
san,L1,25662,sa
san,L1,25676,sa
san,L1,25679,sa
san,L1,25685,sa
san,L1,25689,sa
san,L1,25714,sa
san,L1,25715,sa
san,L1,25746,sa
san,L1,25783,sa
san,L1,25787,sa
san,L1,25813,sa
san,L1,25823,sa
san,L1,25856,sa
san,L1,25885,sa
san,L1,25888,sa
san,L1,25894,sa
san,L1,25898,sa
san,L1,25908,hi
san,L1,25933,sa
san,L1,25948,sa
san,L1,25968,sa
san,L1,25980,sa
san,L1,25981,sa
san,L1,26033,sa
san,L1,26103,sa
san,L1,26105,sa
san,L1,26106,sa
san,L1,26113,sa
san,L1,26114,sa
san,L1,26125,sa
san,L1,26148,sa
san,L1,26150,sa
san,L1,26157,sa
san,L1,26164,sa
san,L1,26170,sa
san,L1,26181,sa
san,L1,26186,sa
san,L1,26199,sa
san,L1,26202,sa
san,L1,26236,sa
san,L1,26260,sa
san,L1,26272,sa
san,L1,26308,sa
san,L1,26348,sa
san,L1,26352,sa
san,L1,26360,sa
san,L1,26391,sa
san,L1,26400,sa
san,L1,26415,sa
san,L1,26417,sa
san,L1,26425,sa
san,L1,26446,sa
san,L1,26487,sa
san,L1,26494,sa
san,L1,26495,sa
san,L1,26503,sa
san,L1,26549,sa
san,L1,26554,sa
san,L1,26606,sa
san,L1,26608,sa
san,L1,26611,hi
san,L1,26617,sa
san,L1,26618,sa
san,L1,26631,sa
san,L1,26635,sa
san,L1,26648,sa
san,L1,26660,sa
san,L1,26673,sa
san,L1,26677,sa
san,L1,26678,sa
san,L1,26727,sa
san,L1,26732,sa
san,L1,26733,sa
san,L1,26736,sa
san,L1,26743,sa
san,L1,26777,sa
san,L1,26805,sa
san,L1,26806,sa
san,L1,26809,sa
san,L1,26815,sa
san,L1,26843,sa
san,L1,26847,sa
san,L1,26852,sa
san,L1,26859,sa
san,L1,26875,sa
san,L1,26876,sa
san,L1,26881,sa
san,L1,26892,sa
san,L1,26907,sa
san,L1,26940,sa
san,L1,26945,sa
san,L1,26963,sa
san,L1,26986,sa
san,L1,27009,sa
san,L1,27010,sa
san,L1,27033,sa
san,L1,27035,sa
san,L1,27037,sa
san,L1,27043,sa
san,L1,27044,sa
san,L1,27055,sa
san,L1,27062,sa
san,L1,27074,sa
san,L1,27101,sa
san,L1,27102,sa
san,L1,27107,sa
san,L1,27133,sa
san,L1,27145,sa
san,L1,27152,sa
san,L1,27160,sa
san,L1,27202,sa
san,L1,27205,sa
san,L1,27225,sa
san,L1,27274,sa
san,L1,27280,sa
san,L1,27310,sa
san,L1,27322,sa
san,L1,27323,sa
san,L1,27325,sa
san,L1,27333,sa
san,L1,27343,sa
san,L1,27349,sa
san,L1,27366,sa
san,L1,27369,sa
san,L1,27412,sa
san,L1,27418,sa
san,L1,27445,sa
san,L1,27448,sa
san,L1,27462,sa
san,L1,27464,sa
san,L1,27468,sa
san,L1,27487,sa
san,L1,27489,sa
san,L1,27513,sa
san,L1,27515,sa
san,L1,27586,sa
san,L1,27601,sa
san,L1,27636,sa
san,L1,27638,sa
san,L1,27640,sa
san,L1,27642,sa
san,L1,27646,sa
san,L1,27652,sa
san,L1,27668,sa
san,L1,27676,sa
san,L1,27678,sa
san,L1,27690,sa
san,L1,27701,sa
san,L1,27719,sa
san,L1,27724,sa
san,L1,27730,sa
san,L1,27800,sa
san,L1,27830,sa
san,L1,27840,sa
san,L1,27855,sa
san,L1,27875,sa
san,L1,27879,sa
san,L1,27898,sa
san,L1,27932,sa
san,L1,27937,sa
san,L1,27942,sa
san,L1,27943,sa
san,L1,27960,sa
san,L1,27986,hi
san,L1,27989,sa
san,L1,27990,sa
san,L1,28039,sa
san,L1,28047,sa
san,L1,28067,sa
san,L1,28068,sa
san,L1,28081,sa
san,L1,28097,sa
san,L1,28112,sa
san,L1,28122,sa
san,L1,28132,sa
san,L1,28187,sa
san,L1,28219,sa
san,L1,28229,sa
san,L1,28233,hi
san,L1,28264,sa
san,L1,28296,sa
san,L1,28357,sa
san,L1,28364,sa
san,L1,28371,sa
san,L1,28395,sa
san,L1,28438,sa
san,L1,28443,sa
san,L1,28449,sa
san,L1,28456,sa
san,L1,28515,sa
san,L1,28534,sa
san,L1,28536,sa
san,L1,28555,sa
san,L1,28557,sa
san,L1,28579,sa
san,L1,28609,sa
san,L1,28621,sa
san,L1,28639,sa
san,L1,28644,sa
san,L1,28665,sa
san,L1,28676,sa
san,L1,28684,sa
san,L1,28700,sa
san,L1,28731,sa
san,L1,28763,sa
san,L1,28783,sa
san,L1,28787,sa
san,L1,28799,sa
san,L1,28805,sa
san,L1,28810,sa
san,L1,28887,sa
san,L1,28904,sa
san,L1,28909,sa
san,L1,28911,sa
san,L1,28915,sa
san,L1,28932,sa
san,L1,28953,sa
san,L1,28957,sa
san,L1,28962,sa
san,L1,28968,sa
san,L1,28975,sa
san,L1,29043,sa
san,L1,29049,sa
san,L1,29070,sa
san,L1,29079,sa
san,L1,29081,sa
san,L1,29111,sa
san,L1,29123,sa
san,L1,29128,sa
san,L1,29136,sa
san,L1,29172,sa
san,L1,29185,sa
san,L1,29207,hi
san,L1,29214,sa
san,L1,29228,sa
san,L1,29239,sa
san,L1,29265,sa
san,L1,29268,sa
san,L1,29274,sa
san,L1,29275,sa
san,L1,29282,sa
san,L1,29302,sa
san,L1,29311,sa
san,L1,29325,sa
san,L1,29342,sa
san,L1,29353,sa
san,L1,29397,hi
san,L1,29399,sa
san,L1,29407,sa
san,L1,29418,sa
san,L1,29444,sa
san,L1,29451,sa
san,L1,29453,sa
san,L1,29465,sa
san,L1,29473,sa
san,L1,29511,sa
san,L1,29517,sa
san,L1,29523,sa
san,L1,29527,sa
san,L1,29535,sa
san,L1,29573,sa
san,L1,29580,sa
san,L1,29594,sa
san,L1,29601,sa
san,L1,29603,sa
san,L1,29623,sa
san,L1,29646,sa
san,L1,29717,sa
san,L1,29722,sa
san,L1,29726,sa
san,L1,29727,sa
san,L1,29728,sa
san,L1,29733,sa
san,L1,29736,sa
san,L1,29740,sa
san,L1,29756,sa
san,L1,29772,hi
san,L1,29786,sa
san,L1,29793,sa
san,L1,29802,sa
san,L1,29823,sa
san,L1,29831,sa
san,L1,29856,hi
san,L1,29872,sa
san,L1,29875,sa
san,L1,29889,sa
san,L1,29906,sa
san,L1,29923,sa
san,L1,29928,sa
san,L1,29941,sa
san,L1,29976,sa
san,L1,29977,sa
san,L1,29978,sa
san,L1,29985,sa
san,L1,29993,sa
san,L5,1,sa
san,L5,2,sa
san,L5,3,sa
san,L5,4,sa
san,L5,5,sa
san,L5,6,sa
san,L5,7,sa
san,L5,8,sa
san,L5,9,sa
san,L5,10,sa
san,L5,11,sa
san,L5,12,sa
san,L5,13,sa
san,L5,14,sa
san,L5,15,sa
san,L5,16,sa
san,L5,17,sa
san,L5,18,sa
san,L5,19,sa
san,L5,20,sa
san,L5,21,sa
san,L5,22,sa
san,L5,23,sa
san,L5,24,sa
san,L5,25,sa
san,L5,26,sa
san,L5,27,sa
san,L5,28,sa
san,L5,29,sa
san,L5,30,sa
san,L5,31,sa
san,L5,32,sa
san,L5,33,sa
san,L5,34,sa
san,L5,36,sa
san,L5,37,sa
san,L5,38,sa
san,L5,39,sa
san,L5,40,sa
san,L5,41,sa
san,L5,42,sa
san,L5,43,sa
san,L5,44,sa
san,L5,45,sa
san,L5,46,sa
san,L5,47,sa
san,L5,48,sa
san,L5,49,sa
san,L5,50,sa
san,L5,51,sa
san,L5,52,sa
san,L5,53,sa
san,L5,54,sa
san,L5,55,sa
san,L5,56,sa
san,L5,57,sa
san,L5,58,sa
san,L5,59,sa
san,L5,60,sa
san,L5,61,sa
san,L5,62,sa
san,L5,63,sa
san,L5,64,sa
san,L5,65,sa
san,L5,66,sa
san,L5,67,sa
san,L5,68,sa
san,L5,69,sa
san,L5,70,sa
san,L5,71,sa
san,L5,72,sa
san,L5,73,sa
san,L5,74,sa
san,L5,75,sa
san,L5,76,sa
san,L5,77,sa
san,L5,78,sa
san,L5,79,sa
san,L5,80,sa
san,L5,81,sa
san,L5,82,sa
san,L5,83,sa
san,L5,84,sa
san,L5,85,sa
san,L5,86,sa
san,L5,87,sa
san,L5,88,sa
san,L5,89,sa
san,L5,90,sa
san,L5,91,sa
san,L5,92,sa
san,L5,93,sa
san,L5,94,sa
san,L5,95,sa
san,L5,96,sa
san,L5,97,sa
san,L5,98,sa
san,L5,100,sa
san,L5,101,sa
san,L5,102,sa
san,L5,103,sa
san,L5,104,sa
san,L5,105,sa
san,L5,106,sa
san,L5,107,sa
san,L5,108,sa
san,L5,109,sa
san,L5,110,sa
san,L5,111,sa
san,L5,112,sa
san,L5,113,sa
san,L5,114,sa
san,L5,115,sa
san,L5,116,sa
san,L5,117,sa
san,L5,118,sa
san,L5,119,sa
san,L5,120,sa
san,L5,121,sa
san,L5,122,sa
san,L5,123,sa
san,L5,124,sa
san,L5,125,sa
san,L5,126,sa
san,L5,127,sa
san,L5,128,sa
san,L5,129,sa
san,L5,130,sa
san,L5,131,sa
san,L5,132,sa
san,L5,133,sa
san,L5,134,sa
san,L5,135,sa
san,L5,137,sa
san,L5,138,sa
san,L5,139,sa
san,L5,140,sa
san,L5,141,sa
san,L5,142,sa
san,L5,143,sa
san,L5,144,sa
san,L5,145,sa
san,L5,146,sa
san,L5,147,sa
san,L5,148,sa
san,L5,149,sa
san,L5,150,sa
san,L5,151,sa
san,L5,152,sa
san,L5,153,sa
san,L5,154,sa
san,L5,155,sa
san,L5,156,sa
san,L5,157,sa
san,L5,158,sa
san,L5,159,sa
san,L5,160,sa
san,L5,161,sa
san,L5,162,sa
san,L5,163,sa
san,L5,164,sa
san,L5,165,sa
san,L5,166,sa
san,L5,167,sa
san,L5,168,sa
san,L5,169,sa
san,L5,170,sa
san,L5,171,sa
san,L5,172,sa
san,L5,173,sa
san,L5,174,sa
san,L5,175,sa
san,L5,176,sa
san,L5,177,sa
san,L5,178,sa
san,L5,179,sa
san,L5,180,sa
san,L5,181,sa
san,L5,182,sa
san,L5,183,sa
san,L5,184,sa
san,L5,185,sa
san,L5,186,sa
san,L5,187,sa
san,L5,188,sa
san,L5,189,sa
san,L5,190,sa
san,L5,191,sa
san,L5,192,sa
san,L5,193,sa
san,L5,194,sa
san,L5,195,sa
san,L5,196,sa
san,L5,197,sa
san,L5,198,sa
san,L5,199,sa
san,L5,200,sa
san,L5,201,sa
san,L5,202,sa
san,L5,203,sa
san,L5,204,sa
san,L5,205,sa
san,L5,206,sa
san,L5,207,sa
san,L5,208,sa
san,L5,209,sa
san,L5,210,sa
san,L5,211,sa
san,L5,212,sa
san,L5,213,sa
san,L5,214,sa
san,L5,215,sa
san,L5,216,sa
san,L5,217,sa
san,L5,218,sa
san,L5,219,sa
san,L5,220,sa
san,L5,221,sa
san,L5,222,sa
san,L5,223,sa
san,L5,224,sa
san,L5,225,sa
san,L5,226,sa
san,L5,227,sa
san,L5,228,sa
san,L5,229,sa
san,L5,230,sa
san,L5,231,sa
san,L5,232,sa
san,L5,233,sa
san,L5,234,sa
san,L5,235,sa
san,L5,236,sa
san,L5,237,sa
san,L5,238,sa
san,L5,239,sa
san,L5,240,sa
san,L5,241,sa
san,L5,242,sa
san,L5,243,sa
san,L5,244,sa
san,L5,245,sa
san,L5,246,sa
san,L5,247,sa
san,L5,248,sa
san,L5,249,sa
san,L5,250,sa
san,L5,251,sa
san,L5,252,sa
san,L5,253,sa
san,L5,254,sa
san,L5,255,sa
san,L5,256,sa
san,L5,257,sa
san,L5,258,sa
san,L5,259,sa
san,L5,260,sa
san,L5,261,sa
san,L5,262,sa
san,L5,263,sa
san,L5,264,sa
san,L5,265,sa
san,L5,266,sa
san,L5,267,sa
san,L5,268,sa
san,L5,269,sa
san,L5,270,sa
san,L5,271,sa
san,L5,272,sa
san,L5,273,sa
san,L5,274,sa
san,L5,275,sa
san,L5,276,sa
san,L5,277,sa
san,L5,278,sa
san,L5,279,sa
san,L5,280,sa
san,L5,281,sa
san,L5,282,sa
san,L5,283,sa
san,L5,284,sa
san,L5,285,sa
san,L5,286,sa
san,L5,287,sa
san,L5,288,sa
san,L5,289,sa
san,L5,290,sa
san,L5,291,sa
san,L5,292,sa
san,L5,293,sa
san,L5,294,sa
san,L5,295,sa
san,L5,296,sa
san,L5,297,sa
san,L5,298,sa
san,L5,299,sa
san,L5,300,sa
san,L5,301,sa
san,L5,302,sa
san,L5,303,sa
san,L5,304,sa
san,L5,305,sa
san,L5,306,sa
san,L5,307,sa
san,L5,308,sa
san,L5,309,sa
san,L5,310,sa
san,L5,311,sa
san,L5,312,sa
san,L5,313,sa
san,L5,314,sa
san,L5,315,sa
san,L5,316,sa
san,L5,317,sa
san,L5,318,sa
san,L5,319,sa
san,L5,320,sa
san,L5,321,sa
san,L5,322,sa
san,L5,323,sa
san,L5,324,sa
san,L5,325,sa
san,L5,326,sa
san,L5,327,sa
san,L5,328,sa
san,L5,329,sa
san,L5,330,sa
san,L5,331,sa
san,L5,332,sa
san,L5,333,sa
san,L5,334,sa
san,L5,335,sa
san,L5,336,sa
san,L5,337,sa
san,L5,338,sa
san,L5,339,sa
san,L5,340,sa
san,L5,341,sa
san,L5,342,sa
san,L5,343,sa
san,L5,344,sa
san,L5,345,sa
san,L5,346,sa
san,L5,347,sa
san,L5,348,sa
san,L5,349,sa
san,L5,350,sa
san,L5,351,sa
san,L5,352,sa
san,L5,353,sa
san,L5,354,sa
san,L5,355,sa
san,L5,356,sa
san,L5,357,sa
san,L5,358,sa
san,L5,359,sa
san,L5,360,sa
san,L5,361,hi
san,L5,362,sa
san,L5,363,sa
san,L5,364,sa
san,L5,365,sa
san,L5,366,sa
san,L5,367,sa
san,L5,368,sa
san,L5,369,sa
san,L5,370,sa
san,L5,371,sa
san,L5,372,sa
san,L5,373,sa
san,L5,374,sa
san,L5,375,sa
san,L5,376,sa
san,L5,377,sa
san,L5,378,sa
san,L5,379,sa
san,L5,380,sa
san,L5,381,sa
san,L5,382,sa
san,L5,383,sa
san,L5,384,sa
san,L5,385,sa
san,L5,386,sa
san,L5,387,sa
san,L5,388,sa
san,L5,389,sa
san,L5,390,sa
san,L5,391,sa
san,L5,392,sa
san,L5,393,sa
san,L5,394,sa
san,L5,395,sa
san,L5,396,sa
san,L5,397,sa
san,L5,398,sa
san,L5,399,sa
san,L5,400,sa
san,L5,401,sa
san,L5,402,sa
san,L5,403,sa
san,L5,404,sa
san,L5,405,sa
san,L5,406,sa
san,L5,407,sa
san,L5,408,sa
san,L5,409,sa
san,L5,410,sa
san,L5,411,sa
san,L5,412,sa
san,L5,413,sa
san,L5,414,sa
san,L5,415,sa
san,L5,416,sa
san,L5,417,sa
san,L5,418,sa
san,L5,419,sa
san,L5,420,sa
san,L5,421,sa
san,L5,422,sa
san,L5,423,sa
san,L5,424,sa
san,L5,425,sa
san,L5,426,sa
san,L5,427,sa
san,L5,428,sa
san,L5,429,sa
san,L5,430,sa
san,L5,431,sa
san,L5,432,sa
san,L5,433,sa
san,L5,434,sa
san,L5,435,sa
san,L5,436,sa
san,L5,437,sa
san,L5,438,sa
san,L5,439,sa
san,L5,440,sa
san,L5,441,sa
san,L5,442,sa
san,L5,443,sa
san,L5,444,sa
san,L5,445,sa
san,L5,446,sa
san,L5,447,sa
san,L5,448,sa
san,L5,449,sa
san,L5,450,sa
san,L5,451,sa
san,L5,452,sa
san,L5,453,sa
san,L5,454,sa
san,L5,455,sa
san,L5,456,sa
san,L5,457,sa
san,L5,458,sa
san,L5,459,sa
san,L5,460,sa
san,L5,461,sa
san,L5,462,sa
san,L5,463,sa
san,L5,464,sa
san,L5,465,sa
san,L5,466,sa
san,L5,467,sa
san,L5,468,sa
san,L5,469,sa
san,L5,470,sa
san,L5,471,sa
san,L5,472,sa
san,L5,473,sa
san,L5,474,sa
san,L5,475,sa
san,L5,476,sa
san,L5,477,sa
san,L5,479,sa
san,L5,480,sa
san,L5,481,sa
san,L5,482,sa
san,L5,483,sa
san,L5,484,sa
san,L5,485,sa
san,L5,486,sa
san,L5,487,sa
san,L5,488,sa
san,L5,489,sa
san,L5,490,sa
san,L5,491,sa
san,L5,492,sa
san,L5,493,sa
san,L5,494,sa
san,L5,495,sa
san,L5,496,sa
san,L5,497,sa
san,L5,498,sa
san,L5,499,sa
san,L5,500,sa
san,L5,501,sa
san,L5,502,sa
san,L5,503,sa
san,L5,504,sa
san,L5,505,sa
san,L5,506,sa
san,L5,507,sa
san,L5,508,sa
san,L5,509,sa
san,L5,510,sa
san,L5,511,sa
san,L5,512,sa
san,L5,513,sa
san,L5,514,sa
san,L5,515,sa
san,L5,516,sa
san,L5,517,sa
san,L5,518,sa
san,L5,519,sa
san,L5,520,sa
san,L5,521,sa
san,L5,522,sa
san,L5,523,sa
san,L5,524,sa
san,L5,525,sa
san,L5,526,sa
san,L5,527,sa
san,L5,528,sa
san,L5,529,sa
san,L5,530,sa
san,L5,531,sa
san,L5,532,sa
san,L5,533,sa
san,L5,534,sa
san,L5,535,sa
san,L5,536,sa
san,L5,537,sa
san,L5,538,sa
san,L5,539,sa
san,L5,540,sa
san,L5,541,sa
san,L5,542,sa
san,L5,543,sa
san,L5,544,sa
san,L5,545,sa
san,L5,546,sa
san,L5,547,sa
san,L5,548,sa
san,L5,549,sa
san,L5,550,sa
san,L5,551,sa
san,L5,552,sa
san,L5,553,sa
san,L5,554,sa
san,L5,555,sa
san,L5,556,sa
san,L5,557,sa
san,L5,558,sa
san,L5,559,sa
san,L5,560,hi
san,L5,561,sa
san,L5,562,sa
san,L5,563,sa
san,L5,564,sa
san,L5,565,sa
san,L5,566,sa
san,L5,567,sa
san,L5,568,sa
san,L5,569,sa
san,L5,570,sa
san,L5,571,sa
san,L5,572,sa
san,L5,573,sa
san,L5,574,sa
san,L5,575,sa
san,L5,576,sa
san,L5,577,sa
san,L5,578,sa
san,L5,579,sa
san,L5,580,sa
san,L5,581,sa
san,L5,582,sa
san,L5,583,sa
san,L5,585,sa
san,L5,586,sa
san,L5,587,sa
san,L5,588,sa
san,L5,589,sa
san,L5,590,sa
san,L5,591,sa
san,L5,592,sa
san,L5,593,sa
san,L5,594,sa
san,L5,595,sa
san,L5,596,sa
san,L5,597,sa
san,L5,598,sa
san,L5,599,sa
san,L5,600,sa
san,L5,601,sa
san,L5,602,sa
san,L5,603,sa
san,L5,604,sa
san,L5,606,sa
san,L5,607,sa
san,L5,608,sa
san,L5,609,sa
san,L5,610,sa
san,L5,611,sa
san,L5,612,sa
san,L5,613,sa
san,L5,614,sa
san,L5,615,sa
san,L5,616,sa
san,L5,617,sa
san,L5,618,sa
san,L5,619,sa
san,L5,620,sa
san,L5,621,sa
san,L5,622,sa
san,L5,623,sa
san,L5,624,sa
san,L5,625,sa
san,L5,626,sa
san,L5,627,sa
san,L5,628,sa
san,L5,629,sa
san,L5,630,sa
san,L5,631,sa
san,L5,632,sa
san,L5,633,sa
san,L5,634,sa
san,L5,635,sa
san,L5,636,sa
san,L5,637,sa
san,L5,638,sa
san,L5,639,sa
san,L5,640,sa
san,L5,641,sa
san,L5,642,sa
san,L5,643,sa
san,L5,644,sa
san,L5,645,sa
san,L5,646,sa
san,L5,647,sa
san,L5,648,sa
san,L5,649,sa
san,L5,650,sa
san,L5,651,sa
san,L5,652,sa
san,L5,653,sa
san,L5,654,sa
san,L5,655,sa
san,L5,656,sa
san,L5,657,sa
san,L5,658,sa
san,L5,659,sa
san,L5,660,sa
san,L5,661,sa
san,L5,662,sa
san,L5,663,sa
san,L5,664,sa
san,L5,665,sa
san,L5,667,sa
san,L5,668,sa
san,L5,669,sa
san,L5,670,sa
san,L5,671,sa
san,L5,672,sa
san,L5,673,sa
san,L5,674,sa
san,L5,675,sa
san,L5,676,sa
san,L5,677,sa
san,L5,678,sa
san,L5,679,sa
san,L5,680,sa
san,L5,681,sa
san,L5,682,sa
san,L5,683,sa
san,L5,684,sa
san,L5,685,sa
san,L5,686,sa
san,L5,687,sa
san,L5,688,sa
san,L5,689,sa
san,L5,690,sa
san,L5,691,sa
san,L5,692,sa
san,L5,693,sa
san,L5,694,sa
san,L5,695,sa
san,L5,697,sa
san,L5,698,sa
san,L5,699,sa
san,L5,700,sa
san,L5,701,sa
san,L5,702,sa
san,L5,703,sa
san,L5,704,sa
san,L5,705,sa
san,L5,706,sa
san,L5,707,sa
san,L5,708,sa
san,L5,709,sa
san,L5,710,sa
san,L5,711,sa
san,L5,712,sa
san,L5,713,sa
san,L5,714,sa
san,L5,715,sa
san,L5,716,sa
san,L5,717,sa
san,L5,719,sa
san,L5,720,sa
san,L5,721,sa
san,L5,722,sa
san,L5,723,sa
san,L5,724,sa
san,L5,725,sa
san,L5,726,sa
san,L5,727,sa
san,L5,728,sa
san,L5,729,sa
san,L5,730,sa
san,L5,731,sa
san,L5,732,sa
san,L5,733,sa
san,L5,734,sa
san,L5,735,sa
san,L5,736,sa
san,L5,737,sa
san,L5,738,sa
san,L5,739,sa
san,L5,740,sa
san,L5,741,sa
san,L5,742,sa
san,L5,743,sa
san,L5,744,sa
san,L5,745,sa
san,L5,746,sa
san,L5,747,sa
san,L5,748,sa
san,L5,749,sa
san,L5,750,sa
san,L5,751,sa
san,L5,752,sa
san,L5,753,sa
san,L5,754,sa
san,L5,755,sa
san,L5,756,sa
san,L5,757,sa
san,L5,758,sa
san,L5,759,sa
san,L5,760,sa
san,L5,761,sa
san,L5,762,sa
san,L5,763,sa
san,L5,764,sa
san,L5,765,sa
san,L5,766,sa
san,L5,767,sa
san,L5,768,sa
san,L5,769,sa
san,L5,770,sa
san,L5,771,sa
san,L5,772,sa
san,L5,773,sa
san,L5,774,sa
san,L5,775,sa
san,L5,776,sa
san,L5,777,sa
san,L5,778,sa
san,L5,779,sa
san,L5,780,sa
san,L5,781,sa
san,L5,782,sa
san,L5,783,sa
san,L5,784,sa
san,L5,785,sa
san,L5,786,sa
san,L5,787,sa
san,L5,788,sa
san,L5,789,sa
san,L5,790,sa
san,L5,791,sa
san,L5,792,sa
san,L5,793,sa
san,L5,794,sa
san,L5,795,sa
san,L5,796,sa
san,L5,797,sa
san,L5,798,sa
san,L5,799,sa
san,L5,800,sa
san,L5,801,sa
san,L5,802,sa
san,L5,803,sa
san,L5,804,sa
san,L5,805,sa
san,L5,806,sa
san,L5,807,sa
san,L5,808,sa
san,L5,809,sa
san,L5,810,sa
san,L5,811,sa
san,L5,813,sa
san,L5,814,sa
san,L5,815,sa
san,L5,816,sa
san,L5,817,sa
san,L5,818,sa
san,L5,819,sa
san,L5,820,sa
san,L5,822,sa
san,L5,823,sa
san,L5,824,sa
san,L5,825,sa
san,L5,826,sa
san,L5,827,sa
san,L5,828,sa
san,L5,829,sa
san,L5,830,sa
san,L5,831,sa
san,L5,832,sa
san,L5,833,sa
san,L5,834,sa
san,L5,835,sa
san,L5,836,sa
san,L5,837,sa
san,L5,838,sa
san,L5,839,sa
san,L5,840,sa
san,L5,841,sa
san,L5,842,sa
san,L5,843,sa
san,L5,844,sa
san,L5,845,sa
san,L5,846,sa
san,L5,847,sa
san,L5,848,sa
san,L5,849,sa
san,L5,850,sa
san,L5,851,hi
san,L5,852,sa
san,L5,853,sa
san,L5,854,sa
san,L5,855,sa
san,L5,856,sa
san,L5,857,sa
san,L5,858,sa
san,L5,859,sa
san,L5,860,sa
san,L5,861,sa
san,L5,862,sa
san,L5,863,sa
san,L5,864,sa
san,L5,865,sa
san,L5,866,sa
san,L5,867,sa
san,L5,868,sa
san,L5,869,sa
san,L5,870,sa
san,L5,871,sa
san,L5,872,sa
san,L5,873,sa
san,L5,874,sa
san,L5,875,sa
san,L5,876,sa
san,L5,877,sa
san,L5,878,sa
san,L5,879,sa
san,L5,880,sa
san,L5,881,sa
san,L5,882,sa
san,L5,883,sa
san,L5,884,sa
san,L5,885,sa
san,L5,886,sa
san,L5,887,sa
san,L5,888,sa
san,L5,889,sa
san,L5,890,sa
san,L5,891,sa
san,L5,892,sa
san,L5,893,sa
san,L5,894,sa
san,L5,895,sa
san,L5,896,sa
san,L5,897,sa
san,L5,898,sa
san,L5,899,sa
san,L5,900,sa
san,L5,901,sa
san,L5,902,sa
san,L5,903,sa
san,L5,904,sa
san,L5,905,sa
san,L5,906,sa
san,L5,907,sa
san,L5,908,sa
san,L5,909,sa
san,L5,910,sa
san,L5,911,sa
san,L5,912,sa
san,L5,913,sa
san,L5,914,sa
san,L5,915,sa
san,L5,917,sa
san,L5,918,sa
san,L5,919,sa
san,L5,920,sa
san,L5,921,sa
san,L5,922,sa
san,L5,923,sa
san,L5,924,sa
san,L5,925,sa
san,L5,926,sa
san,L5,927,sa
san,L5,928,sa
san,L5,929,sa
san,L5,930,sa
san,L5,931,sa
san,L5,932,sa
san,L5,933,sa
san,L5,934,sa
san,L5,935,sa
san,L5,936,sa
san,L5,937,sa
san,L5,938,sa
san,L5,939,sa
san,L5,940,sa
san,L5,941,sa
san,L5,942,sa
san,L5,943,sa
san,L5,944,sa
san,L5,945,sa
san,L5,946,sa
san,L5,947,sa
san,L5,948,sa
san,L5,949,sa
san,L5,950,sa
san,L5,951,sa
san,L5,952,sa
san,L5,953,sa
san,L5,954,sa
san,L5,955,sa
san,L5,956,sa
san,L5,957,sa
san,L5,958,sa
san,L5,959,sa
san,L5,960,sa
san,L5,961,sa
san,L5,962,sa
san,L5,963,sa
san,L5,964,sa
san,L5,965,sa
san,L5,966,sa
san,L5,967,sa
san,L5,968,sa
san,L5,969,sa
san,L5,970,sa
san,L5,971,sa
san,L5,972,sa
san,L5,973,sa
san,L5,974,sa
san,L5,975,sa
san,L5,976,sa
san,L5,977,sa
san,L5,978,sa
san,L5,979,sa
san,L5,980,sa
san,L5,981,sa
san,L5,982,sa
san,L5,983,sa
san,L5,984,sa
san,L5,985,sa
san,L5,986,sa
san,L5,987,sa
san,L5,988,sa
san,L5,989,sa
san,L5,990,sa
san,L5,991,sa
san,L5,992,sa
san,L5,993,sa
san,L5,994,sa
san,L5,995,sa
san,L5,996,sa
san,L5,997,sa
san,L5,998,sa
san,L5,999,sa
san,L5,1000,sa
san,L5,1001,sa
san,L5,1002,sa
san,L5,1004,sa
san,L5,1005,sa
san,L5,1006,sa
san,L5,1007,sa
san,L5,1008,sa
san,L5,1009,sa
san,L5,1010,sa
san,L5,1011,sa
san,L5,1012,sa
san,L5,1013,sa
san,L5,1014,sa
san,L5,1015,sa
san,L5,1016,sa
san,L5,1017,sa
san,L5,1018,sa
san,L5,1019,sa
san,L5,1020,sa
san,L5,1021,sa
san,L5,1022,sa
san,L5,1023,sa
san,L5,1024,sa
san,L5,1025,sa
san,L5,1027,sa
san,L5,1028,sa
san,L5,1029,sa
san,L5,1030,sa
san,L5,1031,sa
san,L5,1032,sa
san,L5,1033,sa
san,L5,1034,sa
san,L5,1035,sa
san,L5,1036,sa
san,L5,1037,sa
san,L5,1038,sa
san,L5,1039,sa
san,L5,1040,sa
san,L5,1041,sa
san,L5,1042,sa
san,L5,1043,sa
san,L5,1044,sa
san,L5,1045,sa
san,L5,1046,sa
san,L5,1047,sa
san,L5,1048,sa
san,L5,1049,sa
san,L5,1050,sa
san,L5,1051,sa
san,L5,1052,sa
san,L5,1053,sa
san,L5,1054,sa
san,L5,1055,sa
san,L5,1056,sa
san,L5,1057,sa
san,L5,1058,sa
san,L5,1059,sa
san,L5,1060,sa
san,L5,1061,sa
san,L5,1062,sa
san,L5,1063,sa
san,L5,1064,sa
san,L5,1065,sa
san,L5,1066,sa
san,L5,1067,sa
san,L5,1068,sa
san,L5,1069,sa
san,L5,1070,sa
san,L5,1071,sa
san,L5,1072,sa
san,L5,1073,sa
san,L5,1074,sa
san,L5,1075,sa
san,L5,1076,sa
san,L5,1077,sa
san,L5,1078,sa
san,L5,1079,sa
san,L5,1080,sa
san,L5,1081,sa
san,L5,1082,sa
san,L5,1083,sa
san,L5,1084,sa
san,L5,1085,sa
san,L5,1086,sa
san,L5,1087,sa
san,L5,1088,sa
san,L5,1089,sa
san,L5,1090,sa
san,L5,1091,sa
san,L5,1092,sa
san,L5,1093,sa
san,L5,1094,sa
san,L5,1095,sa
san,L5,1096,sa
san,L5,1097,sa
san,L5,1098,sa
san,L5,1099,sa
san,L5,1100,sa
san,L5,1101,sa
san,L5,1102,sa
san,L5,1103,sa
san,L5,1104,sa
san,L5,1105,sa
san,L5,1106,sa
san,L5,1107,sa
san,L5,1108,sa
san,L5,1109,sa
san,L5,1110,sa
san,L5,1111,sa
san,L5,1112,sa
san,L5,1113,sa
san,L5,1114,sa
san,L5,1115,sa
san,L5,1116,sa
san,L5,1117,sa
san,L5,1118,sa
san,L5,1119,sa
san,L5,1120,sa
san,L5,1121,sa
san,L5,1122,sa
san,L5,1123,sa
san,L5,1124,sa
san,L5,1125,sa
san,L5,1126,sa
san,L5,1127,sa
san,L5,1128,sa
san,L5,1129,sa
san,L5,1130,sa
san,L5,1131,sa
san,L5,1132,sa
san,L5,1133,sa
san,L5,1134,sa
san,L5,1135,sa
san,L5,1136,sa
san,L5,1137,sa
san,L5,1138,sa
san,L5,1139,sa
san,L5,1140,sa
san,L5,1141,sa
san,L5,1142,sa
san,L5,1143,sa
san,L5,1144,sa
san,L5,1145,sa
san,L5,1146,sa
san,L5,1147,sa
san,L5,1148,sa
san,L5,1149,sa
san,L5,1150,sa
san,L5,1151,sa
san,L5,1152,sa
san,L5,1153,sa
san,L5,1154,sa
san,L5,1155,sa
san,L5,1156,sa
san,L5,1157,sa
san,L5,1158,sa
san,L5,1159,sa
san,L5,1160,sa
san,L5,1161,sa
san,L5,1162,sa
san,L5,1163,sa
san,L5,1164,sa
san,L5,1165,sa
san,L5,1166,sa
san,L5,1167,sa
san,L5,1168,sa
san,L5,1169,sa
san,L5,1170,sa
san,L5,1171,sa
san,L5,1172,sa
san,L5,1173,sa
san,L5,1174,sa
san,L5,1175,sa
san,L5,1177,sa
san,L5,1178,sa
san,L5,1179,sa
san,L5,1180,sa
san,L5,1181,sa
san,L5,1182,sa
san,L5,1183,sa
san,L5,1184,sa
san,L5,1186,sa
san,L5,1187,sa
san,L5,1188,sa
san,L5,1189,sa
san,L5,1190,sa
san,L5,1191,sa
san,L5,1192,sa
san,L5,1193,sa
san,L5,1194,sa
san,L5,1195,sa
san,L5,1196,sa
san,L5,1197,sa
san,L5,1198,sa
san,L5,1199,sa
san,L5,1200,sa
san,L5,1201,sa
san,L5,1202,sa
san,L5,1203,sa
san,L5,1204,sa
san,L5,1205,sa
san,L5,1206,sa
san,L5,1207,sa
san,L5,1208,sa
san,L5,1209,sa
san,L5,1210,sa
san,L5,1211,sa
san,L5,1212,sa
san,L5,1213,sa
san,L5,1214,sa
san,L5,1215,sa
san,L5,1216,sa
san,L5,1217,sa
san,L5,1218,sa
san,L5,1219,sa
san,L5,1220,sa
san,L5,1221,sa
san,L5,1222,sa
san,L5,1223,sa
san,L5,1224,sa
san,L5,1225,sa
san,L5,1226,sa
san,L5,1227,sa
san,L5,1228,sa
san,L5,1229,sa
san,L5,1230,sa
san,L5,1231,sa
san,L5,1232,sa
san,L5,1233,sa
san,L5,1234,sa
san,L5,1235,sa
san,L5,1236,sa
san,L5,1237,sa
san,L5,1238,sa
san,L5,1239,sa
san,L5,1242,sa
san,L5,1243,sa
san,L5,1244,sa
san,L5,1245,sa
san,L5,1246,sa
san,L5,1247,sa
san,L5,1248,sa
san,L5,1249,sa
san,L5,1250,sa
san,L5,1251,sa
san,L5,1252,sa
san,L5,1253,sa
san,L5,1254,sa
san,L5,1255,sa
san,L5,1256,sa
san,L5,1257,sa
san,L5,1258,sa
san,L5,1259,sa
san,L5,1260,sa
san,L5,1261,sa
san,L5,1262,sa
san,L5,1263,sa
san,L5,1264,sa
san,L5,1265,sa
san,L5,1266,sa
san,L5,1267,sa
san,L5,1268,sa
san,L5,1269,sa
san,L5,1270,sa
san,L5,1271,sa
san,L5,1272,sa
san,L5,1273,sa
san,L5,1274,sa
san,L5,1275,sa
san,L5,1276,sa
san,L5,1277,sa
san,L5,1278,sa
san,L5,1279,sa
san,L5,1280,sa
san,L5,1281,sa
san,L5,1282,sa
san,L5,1283,sa
san,L5,1284,sa
san,L5,1285,sa
san,L5,1286,sa
san,L5,1287,sa
san,L5,1288,sa
san,L5,1289,sa
san,L5,1290,sa
san,L5,1291,sa
san,L5,1292,sa
san,L5,1293,sa
san,L5,1295,sa
san,L5,1296,sa
san,L5,1297,sa
san,L5,1298,sa
san,L5,1299,sa
san,L5,1300,sa
san,L5,1301,sa
san,L5,1302,sa
san,L5,1303,sa
san,L5,1304,sa
san,L5,1305,sa
san,L5,1306,sa
san,L5,1307,sa
san,L5,1308,sa
san,L5,1309,sa
san,L5,1310,sa
san,L5,1311,sa
san,L5,1312,sa
san,L5,1313,sa
san,L5,1314,sa
san,L5,1315,sa
san,L5,1316,sa
san,L5,1317,sa
san,L5,1318,sa
san,L5,1319,sa
san,L5,1320,sa
san,L5,1321,sa
san,L5,1322,sa
san,L5,1323,sa
san,L5,1324,sa
san,L5,1325,sa
san,L5,1326,sa
san,L5,1327,sa
san,L5,1328,sa
san,L5,1329,sa
san,L5,1330,sa
san,L5,1331,sa
san,L5,1332,sa
san,L5,1333,sa
san,L5,1334,sa
san,L5,1335,sa
san,L5,1336,sa
san,L5,1337,sa
san,L5,1338,sa
san,L5,1339,sa
san,L5,1340,sa
san,L5,1341,sa
san,L5,1342,sa
san,L5,1343,sa
san,L5,1344,sa
san,L5,1345,sa
san,L5,1346,sa
san,L5,1347,sa
san,L5,1348,sa
san,L5,1350,sa
san,L5,1351,sa
san,L5,1352,sa
san,L5,1353,sa
san,L5,1354,sa
san,L5,1355,sa
san,L5,1356,sa
san,L5,1357,sa
san,L5,1358,sa
san,L5,1359,sa
san,L5,1360,sa
san,L5,1361,sa
san,L5,1362,sa
san,L5,1363,sa
san,L5,1364,sa
san,L5,1365,sa
san,L5,1366,sa
san,L5,1367,sa
san,L5,1368,sa
san,L5,1369,sa
san,L5,1370,sa
san,L5,1371,sa
san,L5,1372,sa
san,L5,1373,sa
san,L5,1374,sa
san,L5,1375,sa
san,L5,1376,sa
san,L5,1377,sa
san,L5,1378,sa
san,L5,1379,sa
san,L5,1380,sa
san,L5,1381,sa
san,L5,1382,sa
san,L5,1383,sa
san,L5,1384,sa
san,L5,1385,sa
san,L5,1386,sa
san,L5,1387,sa
san,L5,1388,sa
san,L5,1389,sa
san,L5,1390,sa
san,L5,1391,sa
san,L5,1392,sa
san,L5,1393,sa
san,L5,1394,sa
san,L5,1395,sa
san,L5,1396,sa
san,L5,1397,sa
san,L5,1398,sa
san,L5,1399,sa
san,L5,1400,sa
san,L5,1401,sa
san,L5,1402,sa
san,L5,1403,sa
san,L5,1404,sa
san,L5,1405,sa
san,L5,1406,sa
san,L5,1407,sa
san,L5,1408,sa
san,L5,1410,sa
san,L5,1411,sa
san,L5,1412,sa
san,L5,1413,sa
san,L5,1414,sa
san,L5,1415,sa
san,L5,1417,sa
san,L5,1418,sa
san,L5,1419,sa
san,L5,1420,sa
san,L5,1421,sa
san,L5,1422,sa
san,L5,1423,sa
san,L5,1424,sa
san,L5,1425,sa
san,L5,1426,sa
san,L5,1427,sa
san,L5,1428,sa
san,L5,1429,sa
san,L5,1430,sa
san,L5,1431,sa
san,L5,1432,sa
san,L5,1433,sa
san,L5,1434,sa
san,L5,1435,sa
san,L5,1436,sa
san,L5,1437,sa
san,L5,1438,sa
san,L5,1439,sa
san,L5,1440,sa
san,L5,1441,sa
san,L5,1442,sa
san,L5,1443,sa
san,L5,1444,sa
san,L5,1445,sa
san,L5,1446,sa
san,L5,1447,sa
san,L5,1449,sa
san,L5,1450,sa
san,L5,1451,sa
san,L5,1452,sa
san,L5,1453,sa
san,L5,1454,sa
san,L5,1455,sa
san,L5,1456,sa
san,L5,1457,sa
san,L5,1458,sa
san,L5,1459,sa
san,L5,1460,sa
san,L5,1461,sa
san,L5,1462,sa
san,L5,1463,sa
san,L5,1464,sa
san,L5,1465,sa
san,L5,1466,sa
san,L5,1467,sa
san,L5,1468,sa
san,L5,1469,sa
san,L5,1470,sa
san,L5,1471,sa
san,L5,1472,sa
san,L5,1473,sa
san,L5,1474,sa
san,L5,1475,sa
san,L5,1476,sa
san,L5,1477,sa
san,L5,1478,sa
san,L5,1479,sa
san,L5,1480,sa
san,L5,1482,sa
san,L5,1483,sa
san,L5,1484,sa
san,L5,1485,sa
san,L5,1486,sa
san,L5,1487,sa
san,L5,1488,sa
san,L5,1489,sa
san,L5,1490,sa
san,L5,1491,sa
san,L5,1492,sa
san,L5,1493,sa
san,L5,1494,sa
san,L5,1495,sa
san,L5,1496,sa
san,L5,1497,sa
san,L5,1498,sa
san,L5,1499,sa
san,L5,1500,sa
san,L5,1501,sa
san,L5,1502,sa
san,L5,1503,sa
san,L5,1504,sa
san,L5,1505,sa
san,L5,1506,sa
san,L5,1507,sa
san,L5,1508,sa
san,L5,1509,sa
san,L5,1510,sa
san,L5,1511,sa
san,L5,1512,sa
san,L5,1513,sa
san,L5,1514,sa
san,L5,1515,sa
san,L5,1516,sa
san,L5,1517,sa
san,L5,1518,sa
san,L5,1519,sa
san,L5,1520,sa
san,L5,1521,sa
san,L5,1522,sa
san,L5,1523,sa
san,L5,1524,sa
san,L5,1525,sa
san,L5,1526,sa
san,L5,1527,sa
san,L5,1528,sa
san,L5,1529,sa
san,L5,1530,sa
san,L5,1531,sa
san,L5,1532,sa
san,L5,1533,sa
san,L5,1534,sa
san,L5,1535,sa
san,L5,1536,sa
san,L5,1537,sa
san,L5,1538,sa
san,L5,1539,sa
san,L5,1540,sa
san,L5,1541,sa
san,L5,1542,sa
san,L5,1543,sa
san,L5,1544,sa
san,L5,1545,sa
san,L5,1546,sa
san,L5,1547,sa
san,L5,1548,sa
san,L5,1549,sa
san,L5,1550,sa
san,L5,1551,sa
san,L5,1552,sa
san,L5,1553,sa
san,L5,1554,sa
san,L5,1555,sa
san,L5,1556,sa
san,L5,1558,sa
san,L5,1559,sa
san,L5,1560,sa
san,L5,1561,sa
san,L5,1562,sa
san,L5,1563,sa
san,L5,1565,sa
san,L5,1566,sa
san,L5,1567,sa
san,L5,1568,sa
san,L5,1569,sa
san,L5,1570,sa
san,L5,1571,sa
san,L5,1572,sa
san,L5,1573,sa
san,L5,1574,sa
san,L5,1575,sa
san,L5,1576,sa
san,L5,1577,sa
san,L5,1578,sa
san,L5,1579,sa
san,L5,1580,sa
san,L5,1581,sa
san,L5,1582,sa
san,L5,1583,sa
san,L5,1584,sa
san,L5,1585,sa
san,L5,1586,sa
san,L5,1587,sa
san,L5,1588,sa
san,L5,1589,sa
san,L5,1590,sa
san,L5,1591,sa
san,L5,1592,sa
san,L5,1593,sa
san,L5,1594,sa
san,L5,1595,sa
san,L5,1596,sa
san,L5,1597,sa
san,L5,1598,sa
san,L5,1599,sa
san,L5,1600,sa
san,L5,1601,sa
san,L5,1602,sa
san,L5,1603,sa
san,L5,1604,sa
san,L5,1605,sa
san,L5,1606,sa
san,L5,1607,sa
san,L5,1608,sa
san,L5,1609,sa
san,L5,1610,sa
san,L5,1611,sa
san,L5,1612,sa
san,L5,1613,sa
san,L5,1614,sa
san,L5,1615,sa
san,L5,1616,sa
san,L5,1617,sa
san,L5,1618,sa
san,L5,1619,sa
san,L5,1620,sa
san,L5,1621,sa
san,L5,1622,sa
san,L5,1623,sa
san,L5,1624,sa
san,L5,1625,sa
san,L5,1626,sa
san,L5,1627,sa
san,L5,1628,sa
san,L5,1629,sa
san,L5,1630,sa
san,L5,1631,sa
san,L5,1632,sa
san,L5,1633,sa
san,L5,1634,sa
san,L5,1635,sa
san,L5,1636,sa
san,L5,1637,sa
san,L5,1638,sa
san,L5,1639,sa
san,L5,1640,sa
new,L1,2,mr
new,L1,6,new
new,L1,16,mr
new,L1,37,new
new,L1,45,mr
new,L1,48,mr
new,L1,53,mr
new,L1,67,mr
new,L1,80,mr
new,L1,84,new
new,L1,102,mr
new,L1,108,new
new,L1,171,mr
new,L1,187,new
new,L1,209,mr
new,L1,214,mr
new,L1,223,new
new,L1,231,mr
new,L1,237,mr
new,L1,252,mr
new,L1,269,mr
new,L1,270,mr
new,L1,276,mr
new,L1,277,mr
new,L1,304,mr
new,L1,313,mr
new,L1,325,mr
new,L1,339,mr
new,L1,365,mr
new,L1,371,mr
new,L1,374,new
new,L1,376,new
new,L1,378,new
new,L1,436,mr
new,L1,439,mr
new,L1,460,mr
new,L1,473,new
new,L1,485,new
new,L1,496,new
new,L1,497,mr
new,L1,512,new
new,L1,533,mr
new,L1,550,mr
new,L1,565,new
new,L1,577,new
new,L1,587,new
new,L1,593,mr
new,L1,640,new
new,L1,680,new
new,L1,704,mr
new,L1,737,mr
new,L1,741,new
new,L1,760,new
new,L1,761,new
new,L1,763,ne
new,L1,767,mr
new,L1,777,new
new,L1,812,mr
new,L1,816,new
new,L1,818,new
new,L1,837,hi
new,L1,852,hi
new,L1,860,hi
new,L1,861,new
new,L1,877,new
new,L1,891,hi
new,L1,903,hi
new,L1,917,new
new,L1,923,new
new,L1,950,mr
new,L1,957,mr
new,L1,962,mr
new,L1,973,mr
new,L1,1003,mr
new,L1,1027,new
new,L1,1031,new
new,L1,1051,mr
new,L1,1089,new
new,L1,1093,mr
new,L1,1103,mr
new,L1,1122,mr
new,L1,1144,new
new,L1,1154,mr
new,L1,1158,new
new,L1,1187,mr
new,L1,1196,mr
new,L1,1228,new
new,L1,1238,mr
new,L1,1249,mr
new,L1,1269,mr
new,L1,1271,mr
new,L1,1273,mr
new,L1,1274,mr
new,L1,1276,mr
new,L1,1295,new
new,L1,1300,mr
new,L1,1310,ne
new,L1,1317,new
new,L1,1320,new
new,L1,1331,mr
new,L1,1353,new
new,L1,1386,new
new,L1,1394,new
new,L1,1431,new
new,L1,1485,mr
new,L1,1538,mr
new,L1,1541,mr
new,L1,1544,mr
new,L1,1598,new
new,L1,1604,mr
new,L1,1605,mr
new,L1,1618,mr
new,L1,1622,mr
new,L1,1624,mr
new,L1,1625,mr
new,L1,1641,mr
new,L1,1656,mr
new,L1,1666,new
new,L1,1708,mr
new,L1,1728,mr
new,L1,1745,new
new,L1,1754,mr
new,L1,1762,mr
new,L1,1787,new
new,L1,1801,new
new,L1,1806,mr
new,L1,1812,new
new,L1,1848,mr
new,L1,1850,mr
new,L1,1863,new
new,L1,1914,mr
new,L1,1969,mr
new,L1,1972,mr
new,L1,1991,new
new,L1,1995,mr
new,L1,1997,new
new,L1,2026,mr
new,L1,2041,new
new,L1,2048,new
new,L1,2059,mr
new,L1,2075,mr
new,L1,2090,mr
new,L1,2156,new
new,L1,2167,mr
new,L1,2212,mr
new,L1,2215,mr
new,L1,2226,new
new,L1,2232,mr
new,L1,2279,mr
new,L1,2297,mr
new,L1,2299,mr
new,L1,2330,mr
new,L1,2378,mr
new,L1,2395,new
new,L1,2420,new
new,L1,2430,new
new,L1,2436,new
new,L1,2463,new
new,L1,2480,new
new,L1,2516,new
new,L1,2519,new
new,L1,2524,new
new,L1,2531,new
new,L1,2552,new
new,L1,2560,new
new,L1,2570,new
new,L1,2571,new
new,L1,2584,new
new,L1,2595,new
new,L1,2605,new
new,L1,2616,new
new,L1,2666,new
new,L1,2668,new
new,L1,2675,new
new,L1,2681,new
new,L1,2764,new
new,L1,2768,new
new,L1,2824,new
new,L1,2826,new
new,L1,2832,new
new,L1,2834,new
new,L1,2852,new
new,L1,2859,new
new,L1,2868,new
new,L1,2874,new
new,L1,2894,new
new,L1,2911,new
new,L1,2921,new
new,L1,2922,new
new,L1,2951,new
new,L1,2999,new
new,L1,3041,new
new,L1,3091,new
new,L1,3113,new
new,L1,3119,new
new,L1,3135,new
new,L1,3154,new
new,L1,3178,new
new,L1,3182,new
new,L1,3191,new
new,L1,3199,new
new,L1,3212,new
new,L1,3213,new
new,L1,3263,new
new,L1,3268,new
new,L1,3273,new
new,L1,3274,new
new,L1,3295,new
new,L1,3300,new
new,L1,3352,new
new,L1,3358,new
new,L1,3383,new
new,L1,3394,new
new,L1,3408,new
new,L1,3420,new
new,L1,3435,new
new,L1,3448,new
new,L1,3461,new
new,L1,3483,new
new,L1,3494,new
new,L1,3513,new
new,L1,3516,new
new,L1,3517,new
new,L1,3531,new
new,L1,3534,new
new,L1,3550,new
new,L1,3563,new
new,L1,3571,new
new,L1,3595,new
new,L1,3610,new
new,L1,3611,new
new,L1,3644,new
new,L1,3651,new
new,L1,3652,new
new,L1,3656,new
new,L1,3676,new
new,L1,3679,new
new,L1,3729,new
new,L1,3759,new
new,L1,3760,new
new,L1,3789,new
new,L1,3790,new
new,L1,3795,new
new,L1,3800,new
new,L1,3809,new
new,L1,3811,new
new,L1,3812,new
new,L1,3824,new
new,L1,3830,new
new,L1,3872,new
new,L1,3889,new
new,L1,3904,mr
new,L1,3934,new
new,L1,3942,mr
new,L1,3973,mr
new,L1,3982,mr
new,L1,4005,mr
new,L1,4008,new
new,L1,4016,mr
new,L1,4037,mr
new,L1,4060,mr
new,L1,4093,mr
new,L1,4096,mr
new,L1,4120,mr
new,L1,4129,new
new,L1,4137,mr
new,L1,4156,mr
new,L1,4170,mr
new,L1,4171,mr
new,L1,4213,mr
new,L1,4233,ne
new,L1,4241,new
new,L1,4251,mr
new,L1,4253,mr
new,L1,4262,new
new,L1,4277,mr
new,L1,4278,new
new,L1,4287,mr
new,L1,4295,new
new,L1,4298,mr
new,L1,4301,mr
new,L1,4325,mr
new,L1,4337,mr
new,L1,4357,mr
new,L1,4358,new
new,L1,4404,new
new,L1,4408,new
new,L1,4429,mr
new,L1,4449,mr
new,L1,4460,new
new,L1,4465,mr
new,L1,4471,mr
new,L1,4487,mr
new,L1,4495,new
new,L1,4503,new
new,L1,4549,new
new,L1,4550,mr
new,L1,4553,new
new,L1,4558,new
new,L1,4567,mr
new,L1,4576,mr
new,L1,4609,new
new,L1,4612,new
new,L1,4622,mr
new,L1,4662,mr
new,L1,4664,hi
new,L1,4672,mr
new,L1,4687,new
new,L1,4691,new
new,L1,4694,mr
new,L1,4698,mr
new,L1,4723,mr
new,L1,4743,mr
new,L1,4759,new
new,L1,4766,new
new,L1,4774,new
new,L1,4795,mr
new,L1,4802,mr
new,L1,4811,new
new,L1,4824,new
new,L1,4825,mr
new,L1,4838,new
new,L1,4844,mr
new,L1,4851,mr
new,L1,4862,new
new,L1,4885,new
new,L1,4893,mr
new,L1,4901,new
new,L1,4921,mr
new,L1,4934,mr
new,L1,4952,mr
new,L1,4990,mr
new,L1,5028,mr
new,L1,5038,mr
new,L1,5044,mr
new,L1,5051,new
new,L1,5055,mr
new,L1,5151,mr
new,L1,5166,new
new,L1,5172,new
new,L1,5213,mr
new,L1,5216,new
new,L1,5228,new
new,L1,5232,mr
new,L1,5235,new
new,L1,5253,mr
new,L1,5337,new
new,L1,5370,new
new,L1,5375,new
new,L1,5417,new
new,L1,5422,new
new,L1,5423,hi
new,L1,5426,new
new,L1,5454,new
new,L1,5469,new
new,L1,5481,new
new,L1,5496,new
new,L1,5508,new
new,L1,5518,new
new,L1,5524,new
new,L1,5525,new
new,L1,5528,new
new,L1,5533,sa
new,L1,5537,new
new,L1,5574,hi
new,L1,5580,new
new,L1,5582,hi
new,L1,5610,ne
new,L1,5612,new
new,L1,5624,hi
new,L1,5636,new
new,L1,5673,new
new,L1,5721,new
new,L1,5723,new
new,L1,5745,hi
new,L1,5780,hi
new,L1,5783,hi
new,L1,5794,new
new,L1,5796,new
new,L1,5809,hi
new,L1,5824,hi
new,L1,5839,hi
new,L1,5861,hi
new,L1,5884,new
new,L1,5890,new
new,L1,5911,new
new,L1,5912,hi
new,L1,5919,new
new,L1,5943,new
new,L1,5961,new
new,L1,5964,mr
new,L1,5989,new
new,L1,6042,new
new,L1,6061,new
new,L1,6063,new
new,L1,6076,new
new,L1,6104,new
new,L1,6118,hi
new,L1,6162,hi
new,L1,6166,sa
new,L1,6168,new
new,L1,6196,new
new,L1,6213,hi
new,L1,6217,hi
new,L1,6221,new
new,L1,6224,new
new,L1,6276,new
new,L1,6279,new
new,L1,6288,hi
new,L1,6364,new
new,L1,6370,new
new,L1,6377,new
new,L1,6383,hi
new,L1,6403,new
new,L1,6411,new
new,L1,6419,new
new,L1,6424,hi
new,L1,6432,new
new,L1,6447,new
new,L1,6466,new
new,L1,6485,new
new,L1,6496,hi
new,L1,6499,hi
new,L1,6526,hi
new,L1,6545,hi
new,L1,6549,hi
new,L1,6555,hi
new,L1,6558,hi
new,L1,6589,new
new,L1,6596,new
new,L1,6603,new
new,L1,6614,new
new,L1,6666,new
new,L1,6675,new
new,L1,6707,new
new,L1,6725,hi
new,L1,6739,hi
new,L1,6751,new
new,L1,6776,new
new,L1,6803,hi
new,L1,6806,hi
new,L1,6842,new
new,L1,6847,hi
new,L1,6853,ne
new,L1,6868,new
new,L1,6883,new
new,L1,6904,new
new,L1,6914,hi
new,L1,6936,hi
new,L1,6951,new
new,L1,6975,hi
new,L1,6994,new
new,L1,6995,new
new,L1,7029,hi
new,L1,7056,new
new,L1,7075,hi
new,L1,7086,new
new,L1,7127,new
new,L1,7129,new
new,L1,7173,new
new,L1,7188,hi
new,L1,7190,hi
new,L1,7208,new
new,L1,7224,new
new,L1,7227,new
new,L1,7241,new
new,L1,7243,new
new,L1,7256,new
new,L1,7264,hi
new,L1,7270,new
new,L1,7302,new
new,L1,7312,hi
new,L1,7317,new
new,L1,7342,new
new,L1,7346,new
new,L1,7360,hi
new,L1,7361,new
new,L1,7365,ne
new,L1,7413,hi
new,L1,7419,hi
new,L1,7421,hi
new,L1,7456,new
new,L1,7459,new
new,L1,7491,hi
new,L1,7496,new
new,L1,7504,hi
new,L1,7547,new
new,L1,7576,hi
new,L1,7591,new
new,L1,7598,new
new,L1,7601,hi
new,L1,7614,new
new,L1,7618,hi
new,L1,7632,hi
new,L1,7645,new
new,L1,7652,hi
new,L1,7657,new
new,L1,7688,new
new,L1,7743,hi
new,L1,7759,new
new,L1,7767,hi
new,L1,7779,new
new,L1,7782,new
new,L1,7799,new
new,L1,7808,new
new,L1,7818,new
new,L1,7826,new
new,L1,7830,new
new,L1,7844,new
new,L1,7847,new
new,L1,7878,new
new,L1,7881,new
new,L1,7905,new
new,L1,7924,new
new,L1,7925,new
new,L1,7970,new
new,L1,7973,new
new,L1,7996,new
new,L1,7997,new
new,L1,8058,new
new,L1,8060,new
new,L1,8062,hi
new,L1,8065,new
new,L1,8076,new
new,L1,8100,ne
new,L1,8165,hi
new,L1,8179,new
new,L1,8190,new
new,L1,8199,new
new,L1,8204,new
new,L1,8219,new
new,L1,8238,new
new,L1,8258,new
new,L1,8273,new
new,L1,8276,new
new,L1,8279,new
new,L1,8305,new
new,L1,8312,new
new,L1,8317,new
new,L1,8361,new
new,L1,8375,new
new,L1,8387,hi
new,L1,8412,new
new,L1,8468,new
new,L1,8472,new
new,L1,8478,new
new,L1,8523,new
new,L1,8526,new
new,L1,8535,new
new,L1,8540,sa
new,L1,8548,new
new,L1,8563,hi
new,L1,8611,new
new,L1,8645,new
new,L1,8646,new
new,L1,8651,new
new,L1,8671,new
new,L1,8674,new
new,L1,8694,new
new,L1,8697,new
new,L1,8764,ne
new,L1,8817,new
new,L1,8818,new
new,L1,8829,new
new,L1,8840,new
new,L1,8843,new
new,L1,8867,new
new,L1,8880,new
new,L1,8891,new
new,L1,8903,new
new,L1,8904,ne
new,L1,8931,new
new,L1,8968,hi
new,L1,8972,hi
new,L1,8973,hi
new,L1,9000,new
new,L1,9007,hi
new,L1,9024,new
new,L1,9029,new
new,L1,9031,new
new,L1,9045,hi
new,L1,9058,hi
new,L1,9096,new
new,L1,9129,new
new,L1,9168,hi
new,L1,9176,new
new,L1,9180,new
new,L1,9192,new
new,L1,9203,new
new,L1,9218,new
new,L1,9223,hi
new,L1,9239,hi
new,L1,9272,hi
new,L1,9300,hi
new,L1,9311,new
new,L1,9320,new
new,L1,9326,hi
new,L1,9329,ne
new,L1,9347,new
new,L1,9361,hi
new,L1,9364,hi
new,L1,9405,new
new,L1,9411,new
new,L1,9412,new
new,L1,9419,new
new,L1,9420,new
new,L1,9433,new
new,L1,9454,hi
new,L1,9467,new
new,L1,9493,new
new,L1,9495,new
new,L1,9500,new
new,L1,9508,hi
new,L1,9526,hi
new,L1,9537,hi
new,L1,9569,new
new,L1,9583,new
new,L1,9613,new
new,L1,9630,new
new,L1,9646,new
new,L1,9648,new
new,L1,9662,new
new,L1,9663,new
new,L1,9681,new
new,L1,9700,new
new,L1,9701,new
new,L1,9702,new
new,L1,9703,new
new,L1,9707,new
new,L1,9719,new
new,L1,9764,new
new,L1,9805,ne
new,L1,9834,new
new,L1,9851,new
new,L1,9854,new
new,L1,9908,ne
new,L1,9909,ne
new,L1,9924,new
new,L1,9954,new
new,L1,9976,new
new,L1,9987,new
new,L1,10038,new
new,L1,10042,new
new,L1,10081,new
new,L1,10104,mr
new,L1,10114,hi
new,L1,10123,new
new,L1,10126,new
new,L1,10127,hi
new,L1,10131,new
new,L1,10168,new
new,L1,10174,new
new,L1,10192,new
new,L1,10197,new
new,L1,10226,new
new,L1,10235,new
new,L1,10298,new
new,L1,10304,new
new,L1,10359,new
new,L1,10361,mr
new,L1,10363,ne
new,L1,10385,new
new,L1,10386,new
new,L1,10387,new
new,L1,10395,new
new,L1,10404,hi
new,L1,10406,new
new,L1,10407,new
new,L1,10412,new
new,L1,10421,new
new,L1,10431,new
new,L1,10435,new
new,L1,10460,new
new,L1,10485,new
new,L1,10502,new
new,L1,10517,new
new,L1,10538,hi
new,L1,10581,hi
new,L1,10601,new
new,L1,10615,new
new,L1,10616,new
new,L1,10624,new
new,L1,10635,new
new,L1,10636,new
new,L1,10647,new
new,L1,10675,new
new,L1,10687,new
new,L1,10688,new
new,L1,10692,hi
new,L1,10709,new
new,L1,10724,hi
new,L1,10738,new
new,L1,10743,new
new,L1,10746,new
new,L1,10758,new
new,L1,10779,new
new,L1,10797,new
new,L1,10815,mr
new,L1,10822,new
new,L1,10825,sa
new,L1,10834,ne
new,L1,10839,new
new,L1,10841,new
new,L1,10850,new
new,L1,10858,new
new,L1,10866,new
new,L1,10881,new
new,L1,10887,sa
new,L1,10893,new
new,L1,10902,new
new,L1,10925,new
new,L1,10932,new
new,L1,10949,new
new,L1,10962,new
new,L1,10966,new
new,L1,10968,new
new,L1,10981,hi
new,L1,10991,new
new,L1,11025,new
new,L1,11034,new
new,L1,11038,new
new,L1,11062,new
new,L1,11078,new
new,L1,11083,new
new,L1,11092,new
new,L1,11133,new
new,L1,11134,new
new,L1,11145,new
new,L1,11151,new
new,L1,11160,new
new,L1,11179,new
new,L1,11201,new
new,L1,11227,new
new,L1,11257,new
new,L1,11260,new
new,L1,11280,new
new,L1,11289,new
new,L1,11334,new
new,L1,11351,new
new,L1,11369,new
new,L1,11371,new
new,L1,11395,new
new,L1,11399,new
new,L1,11434,new
new,L1,11472,new
new,L1,11473,new
new,L1,11488,new
new,L1,11496,new
new,L1,11506,new
new,L1,11515,new
new,L1,11521,new
new,L1,11523,new
new,L1,11575,new
new,L1,11598,new
new,L1,11603,new
new,L1,11608,new
new,L1,11609,new
new,L1,11618,new
new,L1,11625,new
new,L1,11628,new
new,L1,11629,new
new,L1,11637,new
new,L1,11638,new
new,L1,11643,new
new,L1,11670,new
new,L1,11682,new
new,L1,11698,new
new,L1,11700,new
new,L1,11704,new
new,L1,11712,new
new,L1,11769,new
new,L1,11791,new
new,L1,11798,new
new,L1,11807,new
new,L1,11841,new
new,L1,11845,new
new,L1,11850,new
new,L1,11891,new
new,L1,11901,new
new,L1,11916,new
new,L1,11919,new
new,L1,11976,new
new,L1,11991,new
new,L1,12007,new
new,L1,12011,new
new,L1,12012,new
new,L1,12024,new
new,L1,12026,new
new,L1,12030,new
new,L1,12052,new
new,L1,12055,new
new,L1,12067,new
new,L1,12140,new
new,L1,12165,new
new,L1,12176,new
new,L1,12183,new
new,L1,12191,new
new,L1,12203,new
new,L1,12206,new
new,L1,12211,new
new,L1,12262,new
new,L1,12307,new
new,L1,12330,new
new,L1,12337,new
new,L1,12339,new
new,L1,12345,new
new,L1,12395,new
new,L1,12400,new
new,L1,12411,new
new,L1,12417,new
new,L1,12479,new
new,L1,12489,new
new,L1,12495,new
new,L1,12545,new
new,L1,12572,new
new,L1,12620,new
new,L1,12649,new
new,L1,12662,new
new,L1,12672,new
new,L1,12717,new
new,L1,12747,new
new,L1,12750,new
new,L1,12758,new
new,L1,12766,new
new,L1,12794,new
new,L1,12814,new
new,L1,12817,new
new,L1,12842,new
new,L1,12851,new
new,L1,12862,new
new,L1,12881,new
new,L1,12885,new
new,L1,12912,new
new,L1,12922,new
new,L1,12936,new
new,L1,12937,new
new,L1,12977,new
new,L1,13034,new
new,L1,13103,new
new,L1,13122,new
new,L1,13148,new
new,L1,13160,new
new,L1,13181,new
new,L1,13192,new
new,L1,13202,new
new,L1,13207,new
new,L1,13223,new
new,L1,13229,new
new,L1,13233,new
new,L1,13249,new
new,L1,13252,new
new,L1,13292,new
new,L1,13297,new
new,L1,13318,new
new,L1,13360,new
new,L1,13392,new
new,L1,13432,new
new,L1,13455,new
new,L1,13463,new
new,L1,13493,new
new,L1,13534,new
new,L1,13544,new
new,L1,13622,new
new,L1,13667,new
new,L1,13697,new
new,L1,13723,new
new,L1,13726,new
new,L1,13730,new
new,L1,13756,new
new,L1,13778,new
new,L1,13850,new
new,L1,13866,new
new,L1,13899,new
new,L1,13901,new
new,L1,13905,new
new,L1,13945,new
new,L1,13984,new
new,L1,13987,new
new,L1,13989,new
new,L1,13991,new
new,L1,14007,new
new,L1,14018,new
new,L1,14024,new
new,L1,14025,new
new,L1,14051,new
new,L1,14058,new
new,L1,14092,new
new,L1,14106,new
new,L1,14190,new
new,L1,14207,new
new,L1,14249,new
new,L1,14251,new
new,L1,14262,new
new,L1,14266,new
new,L1,14267,new
new,L1,14275,new
new,L1,14288,new
new,L1,14296,new
new,L1,14321,new
new,L1,14328,new
new,L1,14338,new
new,L1,14345,new
new,L1,14363,new
new,L1,14366,new
new,L1,14376,new
new,L1,14396,new
new,L1,14403,new
new,L1,14407,new
new,L1,14461,new
new,L1,14481,new
new,L1,14486,new
new,L1,14492,new
new,L1,14494,new
new,L1,14502,new
new,L1,14507,new
new,L1,14515,new
new,L1,14540,new
new,L1,14547,new
new,L1,14549,new
new,L1,14559,new
new,L1,14564,new
new,L1,14575,new
new,L1,14604,new
new,L1,14617,new
new,L1,14622,new
new,L1,14632,new
new,L1,14651,new
new,L1,14701,new
new,L1,14737,new
new,L1,14754,hi
new,L1,14768,new
new,L1,14769,new
new,L1,14771,new
new,L1,14777,new
new,L1,14780,new
new,L1,14812,new
new,L1,14822,new
new,L1,14825,new
new,L1,14857,new
new,L1,14862,new
new,L1,14867,new
new,L1,14892,new
new,L1,14925,new
new,L1,14927,new
new,L1,14971,new
new,L1,14974,new
new,L1,14980,new
new,L1,15004,new
new,L1,15040,new
new,L1,15043,new
new,L1,15047,new
new,L1,15062,new
new,L1,15085,new
new,L1,15141,new
new,L1,15143,new
new,L1,15145,new
new,L1,15146,new
new,L1,15148,new
new,L1,15152,new
new,L1,15171,new
new,L1,15179,new
new,L1,15207,new
new,L1,15237,new
new,L1,15254,new
new,L1,15266,new
new,L1,15268,new
new,L1,15276,new
new,L1,15277,new
new,L1,15286,new
new,L1,15291,new
new,L1,15305,new
new,L1,15309,new
new,L1,15315,new
new,L1,15330,new
new,L1,15332,new
new,L1,15338,new
new,L1,15340,new
new,L1,15360,new
new,L1,15374,new
new,L1,15378,new
new,L1,15381,new
new,L1,15383,new
new,L1,15387,new
new,L1,15394,new
new,L1,15402,new
new,L1,15421,new
new,L1,15423,new
new,L1,15427,new
new,L1,15448,new
new,L1,15459,new
new,L1,15509,new
new,L1,15532,new
new,L1,15540,new
new,L1,15544,new
new,L1,15580,new
new,L1,15608,new
new,L1,15612,new
new,L1,15629,new
new,L1,15658,new
new,L1,15670,new
new,L1,15673,new
new,L1,15707,new
new,L1,15712,new
new,L1,15722,new
new,L1,15727,new
new,L1,15729,new
new,L1,15750,new
new,L1,15751,new
new,L1,15757,new
new,L1,15780,new
new,L1,15807,new
new,L1,15810,new
new,L1,15832,new
new,L1,15882,new
new,L1,15907,new
new,L1,15927,new
new,L1,15992,new
new,L1,15993,new
new,L1,16025,new
new,L1,16027,new
new,L1,16030,new
new,L1,16065,new
new,L1,16066,new
new,L1,16079,new
new,L1,16115,new
new,L1,16132,new
new,L1,16139,new
new,L1,16143,new
new,L1,16145,new
new,L1,16208,new
new,L1,16231,new
new,L1,16236,new
new,L1,16250,new
new,L1,16257,new
new,L1,16268,new
new,L1,16274,new
new,L1,16280,new
new,L1,16292,new
new,L1,16354,new
new,L1,16357,new
new,L1,16358,new
new,L1,16397,new
new,L1,16409,new
new,L1,16414,new
new,L1,16431,new
new,L1,16470,new
new,L1,16477,new
new,L1,16516,new
new,L1,16545,new
new,L1,16547,new
new,L1,16558,new
new,L1,16570,new
new,L1,16587,new
new,L1,16603,new
new,L1,16613,new
new,L1,16634,new
new,L1,16656,new
new,L1,16670,new
new,L1,16681,new
new,L1,16687,new
new,L1,16700,new
new,L1,16708,new
new,L1,16710,new
new,L1,16718,new
new,L1,16745,new
new,L1,16751,new
new,L1,16782,new
new,L1,16811,new
new,L1,16835,new
new,L1,16843,new
new,L1,16848,new
new,L1,16854,new
new,L1,16855,new
new,L1,16863,new
new,L1,16878,new
new,L1,16912,new
new,L1,16938,new
new,L1,16972,new
new,L1,17015,new
new,L1,17030,new
new,L1,17031,new
new,L1,17052,new
new,L1,17054,new
new,L1,17110,new
new,L1,17115,new
new,L1,17116,new
new,L1,17141,new
new,L1,17143,new
new,L1,17155,new
new,L1,17160,new
new,L1,17165,new
new,L1,17173,new
new,L1,17174,new
new,L1,17176,new
new,L1,17187,new
new,L1,17206,new
new,L1,17263,new
new,L1,17280,new
new,L1,17282,new
new,L1,17287,new
new,L1,17288,new
new,L1,17294,new
new,L1,17305,new
new,L1,17317,new
new,L1,17342,new
new,L1,17348,new
new,L1,17349,new
new,L1,17369,new
new,L1,17370,new
new,L1,17383,new
new,L1,17396,new
new,L1,17407,new
new,L1,17423,new
new,L1,17452,new
new,L1,17454,new
new,L1,17458,new
new,L1,17473,new
new,L1,17488,new
new,L1,17543,new
new,L1,17545,new
new,L1,17548,new
new,L1,17550,new
new,L1,17552,new
new,L1,17565,new
new,L1,17572,new
new,L1,17599,new
new,L1,17604,new
new,L1,17689,new
new,L1,17712,hi
new,L1,17714,new
new,L1,17790,hi
new,L1,17809,hi
new,L1,17827,new
new,L1,17836,hi
new,L1,17859,new
new,L1,17868,new
new,L1,17891,new
new,L1,17915,new
new,L1,17975,new
new,L1,17977,new
new,L1,17983,new
new,L1,17991,new
new,L1,18009,new
new,L1,18022,sa
new,L1,18067,hi
new,L1,18080,new
new,L1,18088,new
new,L1,18122,new
new,L1,18136,new
new,L1,18214,mr
new,L1,18218,new
new,L1,18227,new
new,L1,18249,new
new,L1,18266,new
new,L1,18277,new
new,L1,18283,hi
new,L1,18305,new
new,L1,18351,new
new,L1,18372,new
new,L1,18388,new
new,L1,18405,new
new,L1,18406,new
new,L1,18409,new
new,L1,18446,hi
new,L1,18479,new
new,L1,18504,mr
new,L1,18508,new
new,L1,18509,new
new,L1,18530,new
new,L1,18576,new
new,L1,18583,new
new,L1,18592,new
new,L1,18622,new
new,L1,18638,new
new,L1,18646,new
new,L1,18671,new
new,L1,18716,new
new,L1,18719,new
new,L1,18739,new
new,L1,18778,new
new,L1,18786,new
new,L1,18787,new
new,L1,18794,new
new,L1,18803,new
new,L1,18823,new
new,L1,18851,new
new,L1,18882,new
new,L1,18890,new
new,L1,18906,new
new,L1,18930,new
new,L1,18935,new
new,L1,18939,new
new,L1,18941,new
new,L1,18945,new
new,L1,18958,new
new,L1,18964,new
new,L1,18974,new
new,L1,18983,new
new,L1,19022,new
new,L1,19024,new
new,L1,19031,new
new,L1,19044,new
new,L1,19053,new
new,L1,19058,new
new,L1,19060,new
new,L1,19067,new
new,L1,19071,new
new,L1,19090,new
new,L1,19108,new
new,L1,19125,new
new,L1,19165,new
new,L1,19172,new
new,L1,19174,new
new,L1,19179,new
new,L1,19182,new
new,L1,19227,new
new,L1,19229,new
new,L1,19244,new
new,L1,19259,new
new,L1,19260,new
new,L1,19307,new
new,L1,19312,new
new,L1,19345,new
new,L1,19351,new
new,L1,19355,new
new,L1,19366,new
new,L1,19375,new
new,L1,19383,new
new,L1,19394,new
new,L1,19395,new
new,L1,19412,new
new,L1,19437,new
new,L1,19441,new
new,L1,19448,new
new,L1,19449,new
new,L1,19462,new
new,L1,19500,new
new,L1,19511,new
new,L1,19517,new
new,L1,19540,new
new,L1,19562,new
new,L1,19570,new
new,L1,19578,new
new,L1,19603,new
new,L1,19605,new
new,L1,19615,new
new,L1,19616,new
new,L1,19654,new
new,L1,19657,new
new,L1,19665,new
new,L1,19708,new
new,L1,19756,new
new,L1,19767,new
new,L1,19779,new
new,L1,19784,new
new,L1,19806,new
new,L1,19809,new
new,L1,19813,new
new,L1,19815,new
new,L1,19822,new
new,L1,19824,new
new,L1,19828,new
new,L1,19841,new
new,L1,19846,new
new,L1,19866,new
new,L1,19869,new
new,L1,19870,new
new,L1,19875,new
new,L1,19881,new
new,L1,19887,new
new,L1,19902,new
new,L1,19922,new
new,L1,19947,new
new,L1,19959,new
new,L1,19975,new
new,L1,20003,new
new,L1,20017,new
new,L1,20024,new
new,L1,20028,new
new,L1,20030,new
new,L1,20042,new
new,L1,20049,new
new,L1,20050,new
new,L1,20079,new
new,L1,20106,new
new,L1,20107,new
new,L1,20110,new
new,L1,20112,new
new,L1,20113,new
new,L1,20118,new
new,L1,20121,new
new,L1,20132,new
new,L1,20161,new
new,L1,20206,new
new,L1,20214,new
new,L1,20228,new
new,L1,20240,new
new,L1,20244,new
new,L1,20260,new
new,L1,20298,new
new,L1,20318,new
new,L1,20344,new
new,L1,20345,new
new,L1,20348,new
new,L1,20360,new
new,L1,20368,new
new,L1,20375,new
new,L1,20445,new
new,L1,20448,new
new,L1,20529,mr
new,L1,20549,new
new,L1,20554,new
new,L1,20560,new
new,L1,20562,new
new,L1,20563,new
new,L1,20605,ne
new,L1,20606,new
new,L1,20629,new
new,L1,20661,new
new,L1,20665,new
new,L1,20668,new
new,L1,20671,new
new,L1,20683,new
new,L1,20684,new
new,L1,20690,new
new,L1,20712,new
new,L1,20713,new
new,L1,20721,hi
new,L1,20739,new
new,L1,20769,hi
new,L1,20788,new
new,L1,20812,new
new,L1,20851,mr
new,L1,20854,mr
new,L1,20857,new
new,L1,20859,new
new,L1,20864,sa
new,L1,20911,hi
new,L1,20928,hi
new,L1,20929,hi
new,L1,20933,sa
new,L1,20947,new
new,L1,20952,new
new,L1,20970,new
new,L1,20975,hi
new,L1,20976,new
new,L1,20983,new
new,L1,21020,hi
new,L1,21059,hi
new,L1,21060,hi
new,L1,21084,hi
new,L1,21099,new
new,L1,21100,new
new,L1,21141,new
new,L1,21142,new
new,L1,21150,new
new,L1,21153,new
new,L1,21157,hi
new,L1,21160,new
new,L1,21172,new
new,L1,21214,new
new,L1,21234,new
new,L1,21241,new
new,L1,21256,new
new,L1,21258,new
new,L1,21294,new
new,L1,21299,new
new,L1,21316,hi
new,L1,21318,new
new,L1,21339,new
new,L1,21354,hi
new,L1,21389,new
new,L1,21409,new
new,L1,21427,new
new,L1,21445,new
new,L1,21448,new
new,L1,21465,hi
new,L1,21466,hi
new,L1,21476,hi
new,L1,21494,new
new,L1,21512,new
new,L1,21518,new
new,L1,21519,new
new,L1,21530,new
new,L1,21553,new
new,L1,21562,new
new,L1,21583,new
new,L1,21622,hi
new,L1,21627,new
new,L1,21633,new
new,L1,21634,hi
new,L1,21657,new
new,L1,21658,new
new,L1,21731,hi
new,L1,21747,hi
new,L1,21750,new
new,L1,21754,new
new,L1,21763,new
new,L1,21775,new
new,L1,21804,new
new,L1,21813,new
new,L1,21815,new
new,L1,21832,new
new,L1,21835,new
new,L1,21845,new
new,L1,21862,hi
new,L1,21875,new
new,L1,21909,hi
new,L1,21911,hi
new,L1,22020,new
new,L1,22022,new
new,L1,22023,new
new,L1,22033,new
new,L1,22040,new
new,L1,22042,new
new,L1,22050,new
new,L1,22077,new
new,L1,22097,new
new,L1,22118,hi
new,L1,22127,new
new,L1,22143,new
new,L1,22157,new
new,L1,22161,hi
new,L1,22162,new
new,L1,22177,new
new,L1,22179,new
new,L1,22181,new
new,L1,22197,new
new,L1,22198,new
new,L1,22224,new
new,L1,22250,new
new,L1,22254,new
new,L1,22271,new
new,L1,22273,hi
new,L1,22276,new
new,L1,22278,new
new,L1,22284,new
new,L1,22297,new
new,L1,22325,new
new,L1,22332,new
new,L1,22333,new
new,L1,22374,new
new,L1,22382,new
new,L1,22388,new
new,L1,22446,new
new,L1,22450,new
new,L1,22465,new
new,L1,22477,new
new,L1,22481,new
new,L1,22483,new
new,L1,22499,new
new,L1,22504,new
new,L1,22543,new
new,L1,22548,new
new,L1,22566,new
new,L1,22576,new
new,L1,22583,new
new,L1,22604,new
new,L1,22620,new
new,L1,22622,new
new,L1,22644,new
new,L1,22653,new
new,L1,22654,new
new,L1,22671,new
new,L1,22684,new
new,L1,22690,new
new,L1,22694,new
new,L1,22700,new
new,L1,22703,new
new,L1,22722,new
new,L1,22728,new
new,L1,22744,new
new,L1,22747,new
new,L1,22772,new
new,L1,22773,new
new,L1,22776,new
new,L1,22777,new
new,L1,22788,new
new,L1,22789,new
new,L1,22807,new
new,L1,22822,new
new,L1,22828,new
new,L1,22837,new
new,L1,22843,new
new,L1,22857,new
new,L1,22859,new
new,L1,22927,new
new,L1,22938,new
new,L1,22962,new
new,L1,22974,new
new,L1,22983,new
new,L1,23030,new
new,L1,23056,new
new,L1,23068,new
new,L1,23070,new
new,L1,23081,new
new,L1,23084,new
new,L1,23096,new
new,L1,23099,new
new,L1,23102,new
new,L1,23108,new
new,L1,23114,new
new,L1,23117,new
new,L1,23122,new
new,L1,23138,new
new,L1,23142,new
new,L1,23183,new
new,L1,23207,new
new,L1,23208,new
new,L1,23217,new
new,L1,23240,new
new,L1,23244,new
new,L1,23255,new
new,L1,23257,new
new,L1,23265,new
new,L1,23273,new
new,L1,23284,new
new,L1,23290,new
new,L1,23294,new
new,L1,23309,new
new,L1,23328,new
new,L1,23329,new
new,L1,23336,new
new,L1,23351,new
new,L1,23363,new
new,L1,23374,new
new,L1,23375,new
new,L1,23385,new
new,L1,23386,new
new,L1,23394,new
new,L1,23412,new
new,L1,23441,new
new,L1,23449,new
new,L1,23496,new
new,L1,23502,new
new,L1,23519,new
new,L1,23524,new
new,L1,23525,new
new,L1,23527,new
new,L1,23542,new
new,L1,23560,new
new,L1,23565,new
new,L1,23569,new
new,L1,23570,new
new,L1,23575,new
new,L1,23608,new
new,L1,23613,new
new,L1,23624,new
new,L1,23636,new
new,L1,23643,new
new,L1,23644,new
new,L1,23649,new
new,L1,23650,new
new,L1,23657,new
new,L1,23661,new
new,L1,23668,new
new,L1,23678,new
new,L1,23680,new
new,L1,23694,new
new,L1,23699,new
new,L1,23701,new
new,L1,23724,new
new,L1,23729,new
new,L1,23745,new
new,L1,23752,new
new,L1,23762,new
new,L1,23777,new
new,L1,23780,new
new,L1,23793,new
new,L1,23838,new
new,L1,23843,new
new,L1,23864,hi
new,L1,23885,new
new,L1,23892,hi
new,L1,23911,new
new,L1,23915,hi
new,L1,23919,new
new,L1,23960,new
new,L1,23966,new
new,L1,24002,new
new,L1,24003,new
new,L1,24010,new
new,L1,24048,hi
new,L1,24050,new
new,L1,24051,new
new,L1,24062,new
new,L1,24071,hi
new,L1,24120,sa
new,L1,24146,new
new,L1,24147,new
new,L1,24150,new
new,L1,24160,new
new,L1,24165,new
new,L1,24167,new
new,L1,24174,mr
new,L1,24177,new
new,L1,24193,new
new,L1,24199,new
new,L1,24211,new
new,L1,24212,new
new,L1,24223,new
new,L1,24225,new
new,L1,24228,new
new,L1,24236,new
new,L1,24237,new
new,L1,24251,new
new,L1,24272,mr
new,L1,24281,new
new,L1,24305,new
new,L1,24309,hi
new,L1,24310,new
new,L1,24371,new
new,L1,24406,hi
new,L1,24424,new
new,L1,24437,hi
new,L1,24464,new
new,L1,24478,new
new,L1,24507,new
new,L1,24509,new
new,L1,24524,new
new,L1,24543,new
new,L1,24560,new
new,L1,24562,new
new,L1,24593,new
new,L1,24598,new
new,L1,24612,new
new,L1,24613,new
new,L1,24644,new
new,L1,24667,new
new,L1,24674,new
new,L1,24686,new
new,L1,24691,new
new,L1,24705,new
new,L1,24707,new
new,L1,24722,new
new,L1,24764,new
new,L1,24798,new
new,L1,24813,new
new,L1,24829,new
new,L1,24842,new
new,L1,24883,new
new,L1,24891,new
new,L1,24894,new
new,L1,24902,new
new,L1,24907,new
new,L1,24910,new
new,L1,24919,new
new,L1,24922,new
new,L1,24929,new
new,L1,24950,new
new,L1,24958,new
new,L1,24971,new
new,L1,24984,new
new,L1,25001,new
new,L1,25006,new
new,L1,25024,new
new,L1,25027,new
new,L1,25043,new
new,L1,25058,hi
new,L1,25100,hi
new,L1,25101,hi
new,L1,25132,new
new,L1,25146,hi
new,L1,25167,mr
new,L1,25168,new
new,L1,25201,new
new,L1,25215,new
new,L1,25230,new
new,L1,25239,new
new,L1,25261,hi
new,L1,25265,hi
new,L1,25271,hi
new,L1,25273,hi
new,L1,25284,new
new,L1,25291,new
new,L1,25333,hi
new,L1,25352,new
new,L1,25356,new
new,L1,25365,new
new,L1,25378,new
new,L1,25383,new
new,L1,25432,mr
new,L1,25433,new
new,L1,25441,new
new,L1,25446,sa
new,L1,25449,hi
new,L1,25450,new
new,L1,25458,new
new,L1,25460,new
new,L1,25481,hi
new,L1,25509,hi
new,L1,25555,new
new,L1,25565,new
new,L1,25600,new
new,L1,25606,new
new,L1,25618,new
new,L1,25636,new
new,L1,25647,new
new,L1,25649,new
new,L1,25682,hi
new,L1,25685,hi
new,L1,25694,new
new,L1,25696,hi
new,L1,25697,new
new,L1,25709,hi
new,L1,25744,new
new,L1,25756,new
new,L1,25796,new
new,L1,25804,new
new,L1,25806,new
new,L1,25823,new
new,L1,25828,new
new,L1,25829,new
new,L1,25859,new
new,L1,25914,new
new,L1,25919,new
new,L1,25920,new
new,L1,25923,new
new,L1,25948,new
new,L1,25955,new
new,L1,26009,new
new,L1,26013,new
new,L1,26015,new
new,L1,26038,new
new,L1,26087,new
new,L1,26105,new
new,L1,26113,hi
new,L1,26118,new
new,L1,26132,hi
new,L1,26156,hi
new,L1,26167,new
new,L1,26217,new
new,L1,26220,new
new,L1,26221,new
new,L1,26240,new
new,L1,26253,new
new,L1,26260,new
new,L1,26264,new
new,L1,26292,new
new,L1,26303,new
new,L1,26309,new
new,L1,26316,new
new,L1,26363,new
new,L1,26401,new
new,L1,26422,new
new,L1,26451,new
new,L1,26472,new
new,L1,26478,new
new,L1,26511,new
new,L1,26520,new
new,L1,26538,new
new,L1,26547,new
new,L1,26554,new
new,L1,26578,new
new,L1,26587,new
new,L1,26589,new
new,L1,26600,new
new,L1,26606,new
new,L1,26608,new
new,L1,26612,new
new,L1,26619,new
new,L1,26620,new
new,L1,26632,new
new,L1,26641,new
new,L1,26642,new
new,L1,26680,new
new,L1,26705,new
new,L1,26716,new
new,L1,26732,new
new,L1,26745,new
new,L1,26780,new
new,L1,26791,hi
new,L1,26812,hi
new,L1,26844,new
new,L1,26849,hi
new,L1,26899,new
new,L1,26902,hi
new,L1,26907,new
new,L1,26908,new
new,L1,26909,new
new,L1,26911,new
new,L1,26951,hi
new,L1,26955,new
new,L1,26959,new
new,L1,26977,new
new,L1,26999,new
new,L1,27004,new
new,L1,27006,new
new,L1,27021,hi
new,L1,27026,hi
new,L1,27033,new
new,L1,27045,new
new,L1,27046,new
new,L1,27049,new
new,L1,27051,new
new,L1,27054,new
new,L1,27069,new
new,L1,27080,new
new,L1,27096,new
new,L1,27106,new
new,L1,27128,new
new,L1,27129,new
new,L1,27146,new
new,L1,27159,new
new,L1,27162,new
new,L1,27178,new
new,L1,27180,hi
new,L1,27196,new
new,L1,27229,hi
new,L1,27267,new
new,L1,27298,new
new,L1,27311,new
new,L1,27323,new
new,L1,27370,new
new,L1,27392,new
new,L1,27400,new
new,L1,27499,new
new,L1,27505,new
new,L1,27512,new
new,L1,27520,new
new,L1,27539,hi
new,L1,27564,new
new,L1,27565,new
new,L1,27567,new
new,L1,27574,new
new,L1,27588,new
new,L1,27595,new
new,L1,27596,new
new,L1,27608,new
new,L1,27620,new
new,L1,27625,new
new,L1,27636,new
new,L1,27646,new
new,L1,27653,new
new,L1,27697,new
new,L1,27711,new
new,L1,27746,new
new,L1,27747,new
new,L1,27748,new
new,L1,27753,new
new,L1,27755,new
new,L1,27774,new
new,L1,27779,new
new,L1,27781,hi
new,L1,27783,hi
new,L1,27822,new
new,L1,27829,new
new,L1,27835,new
new,L1,27854,new
new,L1,27856,new
new,L1,27872,new
new,L1,27883,new
new,L1,27888,hi
new,L1,27930,new
new,L1,27943,new
new,L1,27954,hi
new,L1,27962,hi
new,L1,27983,new
new,L1,27993,hi
new,L1,27994,new
new,L1,28002,new
new,L1,28011,new
new,L1,28072,new
new,L1,28076,hi
new,L1,28080,new
new,L1,28089,new
new,L1,28091,new
new,L1,28102,new
new,L1,28109,new
new,L1,28115,hi
new,L1,28120,hi
new,L1,28127,new
new,L1,28128,new
new,L1,28136,hi
new,L1,28159,new
new,L1,28184,new
new,L1,28193,new
new,L1,28198,new
new,L1,28212,hi
new,L1,28232,new
new,L1,28235,new
new,L1,28258,new
new,L1,28286,new
new,L1,28288,hi
new,L1,28299,new
new,L1,28305,hi
new,L1,28328,new
new,L1,28334,mr
new,L1,28352,new
new,L1,28363,new
new,L1,28407,new
new,L1,28411,new
new,L1,28414,new
new,L1,28441,new
new,L1,28456,sa
new,L1,28480,ne
new,L1,28512,new
new,L1,28513,new
new,L1,28518,new
new,L1,28521,new
new,L1,28526,new
new,L1,28537,new
new,L1,28541,new
new,L1,28545,hi
new,L1,28551,hi
new,L1,28559,new
new,L1,28570,new
new,L1,28573,new
new,L1,28574,new
new,L1,28582,new
new,L1,28588,new
new,L1,28592,new
new,L1,28597,hi
new,L1,28661,new
new,L1,28669,new
new,L1,28716,new
new,L1,28722,new
new,L1,28726,new
new,L1,28756,new
new,L1,28759,new
new,L1,28781,new
new,L1,28791,new
new,L1,28801,new
new,L1,28806,hi
new,L1,28882,hi
new,L1,28901,new
new,L1,28909,hi
new,L1,28916,hi
new,L1,28918,hi
new,L1,28928,hi
new,L1,28940,hi
new,L1,28956,new
new,L1,28982,hi
new,L1,28994,new
new,L1,29002,new
new,L1,29034,hi
new,L1,29039,new
new,L1,29049,new
new,L1,29052,mr
new,L1,29078,new
new,L1,29086,new
new,L1,29105,new
new,L1,29107,new
new,L1,29145,new
new,L1,29157,new
new,L1,29184,hi
new,L1,29186,new
new,L1,29250,hi
new,L1,29260,new
new,L1,29274,new
new,L1,29275,hi
new,L1,29303,new
new,L1,29305,new
new,L1,29306,new
new,L1,29308,new
new,L1,29320,hi
new,L1,29328,new
new,L1,29329,new
new,L1,29335,new
new,L1,29369,new
new,L1,29400,hi
new,L1,29407,hi
new,L1,29409,hi
new,L1,29412,hi
new,L1,29428,new
new,L1,29433,new
new,L1,29453,new
new,L1,29473,hi
new,L1,29482,new
new,L1,29483,new
new,L1,29493,hi
new,L1,29520,hi
new,L1,29549,new
new,L1,29551,hi
new,L1,29557,new
new,L1,29563,new
new,L1,29566,new
new,L1,29577,hi
new,L1,29590,new
new,L1,29594,new
new,L1,29596,new
new,L1,29598,hi
new,L1,29615,hi
new,L1,29641,hi
new,L1,29655,new
new,L1,29669,new
new,L1,29704,hi
new,L1,29722,new
new,L1,29772,new
new,L1,29808,hi
new,L1,29820,new
new,L1,29824,hi
new,L1,29840,new
new,L1,29849,new
new,L1,29864,new
new,L1,29894,new
new,L1,29900,new
new,L1,29917,new
new,L1,29973,new
new,L1,29981,ne
new,L5,1,hi
new,L5,2,hi
new,L5,3,new
new,L5,4,new
new,L5,5,hi
new,L5,6,new
new,L5,7,hi
new,L5,8,new
new,L5,9,new
new,L5,11,new
new,L5,12,new
new,L5,13,new
new,L5,14,new
new,L5,15,new
new,L5,16,new
new,L5,17,new
new,L5,20,new
new,L5,21,new
new,L5,22,new
new,L5,23,new
new,L5,24,ne
new,L5,25,new
new,L5,26,new
new,L5,27,new
new,L5,28,new
new,L5,29,new
new,L5,30,new
new,L5,31,hi
new,L5,32,new
new,L5,33,hi
new,L5,34,new
new,L5,35,new
new,L5,36,new
new,L5,37,new
new,L5,38,new
new,L5,39,new
new,L5,40,new
new,L5,42,hi
new,L5,43,hi
new,L5,45,new
new,L5,47,new
new,L5,48,new
new,L5,49,new
new,L5,50,new
new,L5,51,new
new,L5,53,new
new,L5,55,hi
new,L5,56,new
new,L5,57,new
new,L5,58,new
new,L5,59,new
new,L5,60,new
new,L5,61,new
new,L5,62,new
new,L5,63,hi
new,L5,64,new
new,L5,65,new
new,L5,66,new
new,L5,67,ne
new,L5,68,new
new,L5,70,new
new,L5,71,new
new,L5,72,new
new,L5,73,new
new,L5,76,new
new,L5,77,new
new,L5,78,new
new,L5,79,new
new,L5,80,new
new,L5,81,ne
new,L5,82,new
new,L5,83,new
new,L5,84,new
new,L5,85,new
new,L5,86,new
new,L5,87,new
new,L5,88,hi
new,L5,89,new
new,L5,90,new
new,L5,92,new
new,L5,93,new
new,L5,94,new
new,L5,95,new
new,L5,96,new
new,L5,97,new
new,L5,98,hi
new,L5,100,new
new,L5,101,new
new,L5,103,new
new,L5,104,new
new,L5,105,new
new,L5,106,new
new,L5,107,new
new,L5,108,new
new,L5,109,new
new,L5,110,hi
new,L5,111,new
new,L5,112,new
new,L5,113,new
new,L5,114,new
new,L5,115,new
new,L5,116,new
new,L5,117,hi
new,L5,118,new
new,L5,119,new
new,L5,120,new
new,L5,121,new
new,L5,122,new
new,L5,123,new
new,L5,124,hi
new,L5,125,new
new,L5,126,new
new,L5,127,hi
new,L5,128,new
new,L5,129,mr
new,L5,130,new
new,L5,131,new
new,L5,132,new
new,L5,133,new
new,L5,135,new
new,L5,136,new
new,L5,137,new
new,L5,138,new
new,L5,139,new
new,L5,140,hi
new,L5,141,new
new,L5,142,new
new,L5,143,new
new,L5,144,new
new,L5,145,new
new,L5,147,new
new,L5,148,new
new,L5,149,new
new,L5,151,new
new,L5,152,new
new,L5,153,new
new,L5,154,new
new,L5,155,new
new,L5,156,new
new,L5,157,new
new,L5,158,new
new,L5,159,new
new,L5,160,new
new,L5,161,hi
new,L5,162,new
new,L5,163,new
new,L5,164,new
new,L5,165,new
new,L5,166,new
new,L5,168,new
new,L5,169,new
new,L5,170,new
new,L5,172,new
new,L5,173,new
new,L5,174,ne
new,L5,175,hi
new,L5,176,hi
new,L5,177,new
new,L5,179,new
new,L5,180,new
new,L5,181,new
new,L5,182,new
new,L5,183,new
new,L5,184,new
new,L5,185,new
new,L5,186,new
new,L5,187,new
new,L5,188,new
new,L5,189,new
new,L5,190,new
new,L5,191,new
new,L5,192,new
new,L5,193,new
new,L5,194,new
new,L5,195,new
new,L5,196,new
new,L5,197,new
new,L5,198,new
new,L5,199,new
new,L5,200,new
new,L5,201,new
new,L5,202,new
new,L5,203,new
new,L5,204,new
new,L5,205,new
new,L5,206,new
new,L5,207,new
new,L5,208,new
new,L5,209,new
new,L5,210,new
new,L5,211,new
new,L5,212,hi
new,L5,213,new
new,L5,214,new
new,L5,215,new
new,L5,216,hi
new,L5,217,new
new,L5,218,new
new,L5,219,new
new,L5,220,new
new,L5,221,new
new,L5,223,ne
new,L5,224,new
new,L5,225,new
new,L5,227,new
new,L5,228,new
new,L5,230,new
new,L5,231,new
new,L5,232,hi
new,L5,233,new
new,L5,234,new
new,L5,235,new
new,L5,236,new
new,L5,237,new
new,L5,238,new
new,L5,239,mr
new,L5,240,hi
new,L5,241,new
new,L5,242,new
new,L5,243,new
new,L5,244,new
new,L5,245,new
new,L5,246,new
new,L5,247,new
new,L5,248,new
new,L5,249,new
new,L5,250,new
new,L5,251,new
new,L5,252,new
new,L5,254,new
new,L5,255,new
new,L5,256,new
new,L5,257,new
new,L5,258,new
new,L5,259,new
new,L5,260,new
new,L5,261,new
new,L5,262,new
new,L5,263,new
new,L5,264,new
new,L5,265,new
new,L5,266,new
new,L5,268,new
new,L5,269,new
new,L5,270,new
new,L5,271,new
new,L5,272,new
new,L5,273,new
new,L5,275,new
new,L5,276,sa
new,L5,277,new
new,L5,278,hi
new,L5,279,new
new,L5,280,new
new,L5,281,new
new,L5,282,new
new,L5,283,new
new,L5,284,new
new,L5,285,new
new,L5,287,new
new,L5,289,new
new,L5,290,new
new,L5,291,new
new,L5,292,new
new,L5,293,new
new,L5,294,hi
new,L5,295,new
new,L5,296,new
new,L5,297,new
new,L5,298,new
new,L5,299,new
new,L5,300,new
new,L5,302,new
new,L5,303,new
new,L5,304,new
new,L5,305,new
new,L5,306,new
new,L5,307,new
new,L5,308,new
new,L5,309,new
new,L5,310,new
new,L5,311,new
new,L5,312,new
new,L5,313,hi
new,L5,315,new
new,L5,316,new
new,L5,318,hi
new,L5,319,new
new,L5,320,new
new,L5,321,new
new,L5,322,new
new,L5,323,new
new,L5,324,hi
new,L5,326,new
new,L5,327,new
new,L5,328,new
new,L5,329,new
new,L5,330,new
new,L5,331,new
new,L5,332,new
new,L5,333,new
new,L5,334,new
new,L5,335,new
new,L5,336,new
new,L5,337,new
new,L5,338,new
new,L5,339,new
new,L5,340,new
new,L5,341,new
new,L5,342,new
new,L5,343,new
new,L5,344,new
new,L5,348,new
new,L5,349,new
new,L5,350,new
new,L5,351,new
new,L5,352,new
new,L5,353,new
new,L5,354,new
new,L5,355,new
new,L5,357,new
new,L5,358,new
new,L5,359,new
new,L5,360,new
new,L5,362,hi
new,L5,363,new
new,L5,364,new
new,L5,365,new
new,L5,366,new
new,L5,367,new
new,L5,368,new
new,L5,369,new
new,L5,370,new
new,L5,371,new
new,L5,372,new
new,L5,373,new
new,L5,374,new
new,L5,375,new
new,L5,376,new
new,L5,377,new
new,L5,378,new
new,L5,379,new
new,L5,380,new
new,L5,381,new
new,L5,382,new
new,L5,383,new
new,L5,384,ne
new,L5,386,new
new,L5,387,new
new,L5,388,new
new,L5,389,new
new,L5,390,new
new,L5,391,new
new,L5,392,new
new,L5,393,new
new,L5,394,new
new,L5,395,new
new,L5,396,new
new,L5,397,new
new,L5,398,new
new,L5,399,new
new,L5,400,new
new,L5,401,new
new,L5,402,new
new,L5,403,new
new,L5,405,new
new,L5,406,new
new,L5,407,new
new,L5,408,new
new,L5,409,new
new,L5,410,new
new,L5,412,new
new,L5,413,new
new,L5,414,sa
new,L5,415,new
new,L5,416,new
new,L5,417,new
new,L5,418,new
new,L5,419,new
new,L5,420,new
new,L5,421,new
new,L5,422,new
new,L5,423,new
new,L5,424,new
new,L5,425,new
new,L5,426,new
new,L5,427,new
new,L5,428,hi
new,L5,430,new
new,L5,431,new
new,L5,432,new
new,L5,433,new
new,L5,434,new
new,L5,435,new
new,L5,436,new
new,L5,437,new
new,L5,438,new
new,L5,439,new
new,L5,440,new
new,L5,443,new
new,L5,444,new
new,L5,445,new
new,L5,446,new
new,L5,447,new
new,L5,448,new
new,L5,449,new
new,L5,450,new
new,L5,451,new
new,L5,452,new
new,L5,454,new
new,L5,455,new
new,L5,457,new
new,L5,458,new
new,L5,459,new
new,L5,460,new
new,L5,461,new
new,L5,462,new
new,L5,463,new
new,L5,464,new
new,L5,465,new
new,L5,466,new
new,L5,468,new
new,L5,469,new
new,L5,470,ne
new,L5,471,new
new,L5,472,new
new,L5,473,new
new,L5,475,new
new,L5,476,new
new,L5,478,hi
new,L5,479,new
new,L5,481,new
new,L5,482,new
new,L5,483,new
new,L5,484,new
new,L5,485,new
new,L5,486,new
new,L5,487,new
new,L5,488,new
new,L5,489,new
new,L5,490,new
new,L5,491,new
new,L5,492,new
new,L5,493,new
new,L5,494,new
new,L5,495,new
new,L5,496,new
new,L5,497,new
new,L5,498,new
new,L5,499,new
new,L5,500,new
new,L5,501,new
new,L5,502,new
new,L5,503,new
new,L5,504,hi
new,L5,505,new
new,L5,506,new
new,L5,507,new
new,L5,508,new
new,L5,509,new
new,L5,510,new
new,L5,511,new
new,L5,512,new
new,L5,513,new
new,L5,514,new
new,L5,515,new
new,L5,516,new
new,L5,517,new
new,L5,518,new
new,L5,519,new
new,L5,520,new
new,L5,521,new
new,L5,522,new
new,L5,523,new
new,L5,524,new
new,L5,525,new
new,L5,526,new
new,L5,527,new
new,L5,528,new
new,L5,529,mr
new,L5,531,new
new,L5,532,new
new,L5,533,new
new,L5,534,new
new,L5,535,new
new,L5,536,new
new,L5,538,new
new,L5,539,new
new,L5,540,new
new,L5,541,new
new,L5,542,new
new,L5,543,new
new,L5,544,new
new,L5,545,new
new,L5,546,new
new,L5,547,new
new,L5,548,new
new,L5,549,new
new,L5,551,new
new,L5,552,new
new,L5,553,new
new,L5,554,new
new,L5,556,new
new,L5,557,new
new,L5,558,hi
new,L5,559,new
new,L5,560,new
new,L5,561,new
new,L5,562,new
new,L5,563,new
new,L5,564,new
new,L5,565,new
new,L5,568,new
new,L5,569,new
new,L5,570,new
new,L5,571,new
new,L5,572,mr
new,L5,573,new
new,L5,574,new
new,L5,575,new
new,L5,576,new
new,L5,579,hi
new,L5,581,new
new,L5,582,new
new,L5,583,new
new,L5,584,new
new,L5,585,new
new,L5,586,new
new,L5,587,new
new,L5,588,new
new,L5,589,new
new,L5,590,new
new,L5,591,new
new,L5,593,new
new,L5,594,new
new,L5,595,new
new,L5,596,new
new,L5,597,new
new,L5,599,new
new,L5,601,new
new,L5,602,new
new,L5,603,new
new,L5,604,new
new,L5,605,new
new,L5,606,new
new,L5,607,new
new,L5,608,new
new,L5,609,new
new,L5,610,new
new,L5,611,new
new,L5,612,new
new,L5,613,new
new,L5,614,new
new,L5,615,new
new,L5,616,new
new,L5,617,new
new,L5,618,new
new,L5,619,new
new,L5,620,new
new,L5,621,new
new,L5,622,new
new,L5,623,new
new,L5,624,ne
new,L5,625,new
new,L5,626,new
new,L5,627,new
new,L5,628,new
new,L5,629,new
new,L5,630,new
new,L5,631,new
new,L5,632,new
new,L5,633,new
new,L5,634,new
new,L5,635,new
new,L5,637,new
new,L5,638,new
new,L5,639,new
new,L5,640,new
new,L5,641,new
new,L5,642,new
new,L5,643,new
new,L5,644,new
new,L5,645,new
new,L5,646,new
new,L5,647,new
new,L5,648,new
new,L5,649,new
new,L5,650,new
new,L5,652,new
new,L5,653,new
new,L5,654,new
new,L5,655,new
new,L5,656,new
new,L5,657,new
new,L5,658,new
new,L5,659,new
new,L5,660,new
new,L5,661,new
new,L5,662,new
new,L5,663,new
new,L5,664,new
new,L5,665,new
new,L5,666,new
new,L5,667,hi
new,L5,668,new
new,L5,669,new
new,L5,670,hi
new,L5,671,new
new,L5,672,new
new,L5,673,new
new,L5,674,new
new,L5,675,new
new,L5,676,new
new,L5,677,new
new,L5,679,new
new,L5,680,new
new,L5,681,new
new,L5,682,new
new,L5,683,new
new,L5,684,new
new,L5,685,new
new,L5,687,new
new,L5,688,new
new,L5,692,new
new,L5,693,new
new,L5,694,new
new,L5,695,new
new,L5,696,new
new,L5,697,new
new,L5,698,new
new,L5,699,new
new,L5,700,new
new,L5,701,new
new,L5,703,new
new,L5,704,new
new,L5,707,new
new,L5,708,new
new,L5,709,new
new,L5,710,new
new,L5,712,new
new,L5,713,new
new,L5,714,new
new,L5,715,new
new,L5,716,new
new,L5,717,new
new,L5,718,new
new,L5,719,hi
new,L5,720,new
new,L5,721,new
new,L5,722,new
new,L5,723,new
new,L5,724,new
new,L5,725,new
new,L5,726,new
new,L5,727,new
new,L5,728,new
mai,L1,9,ne
mai,L1,11,mai
mai,L1,12,mai
mai,L1,13,mai
mai,L1,25,mai
mai,L1,27,hi
mai,L1,35,hi
mai,L1,45,mai
mai,L1,47,mai
mai,L1,48,mai
mai,L1,50,hi
mai,L1,51,mai
mai,L1,56,mai
mai,L1,58,mai
mai,L1,64,hi
mai,L1,67,hi
mai,L1,70,ne
mai,L1,71,mai
mai,L1,73,mai
mai,L1,77,mr
mai,L1,80,mr
mai,L1,81,mai
mai,L1,83,mr
mai,L1,85,ne
mai,L1,90,hi
mai,L1,91,mai
mai,L1,99,hi
mai,L1,106,mai
mai,L1,109,mai
mai,L1,110,hi
mai,L1,111,ne
mai,L1,118,mai
mai,L1,120,mai
mai,L1,124,ne
mai,L1,125,mai
mai,L1,126,mai
mai,L1,128,hi
mai,L1,129,mai
mai,L1,137,mai
mai,L1,139,mai
mai,L1,146,mai
mai,L1,151,mai
mai,L1,152,mai
mai,L1,155,hi
mai,L1,157,mai
mai,L1,167,hi
mai,L1,171,ne
mai,L1,178,ne
mai,L1,181,mai
mai,L1,183,ne
mai,L1,186,mai
mai,L1,188,mai
mai,L1,190,mai
mai,L1,195,mai
mai,L1,196,mai
mai,L1,208,mai
mai,L1,209,ne
mai,L1,211,ne
mai,L1,213,ne
mai,L1,215,ne
mai,L1,216,ne
mai,L1,217,mai
mai,L1,227,ne
mai,L1,231,ne
mai,L1,242,mai
mai,L1,246,mai
mai,L1,248,mai
mai,L1,257,mai
mai,L1,269,ne
mai,L1,278,mai
mai,L1,287,mai
mai,L1,292,ne
mai,L1,295,ne
mai,L1,320,mai
mai,L1,322,ne
mai,L1,326,mai
mai,L1,331,mai
mai,L1,332,mai
mai,L1,334,mai
mai,L1,336,ne
mai,L1,343,ne
mai,L1,344,ne
mai,L1,351,mai
mai,L1,355,mai
mai,L1,356,ne
mai,L1,362,mai
mai,L1,367,mai
mai,L1,383,ne
mai,L1,393,hi
mai,L1,398,hi
mai,L1,402,mai
mai,L1,408,hi
mai,L1,410,mai
mai,L1,415,ne
mai,L1,417,hi
mai,L1,426,mai
mai,L1,428,mai
mai,L1,438,mai
mai,L1,441,hi
mai,L1,476,mai
mai,L1,489,mai
mai,L1,503,hi
mai,L1,510,mai
mai,L1,523,mai
mai,L1,550,mai
mai,L1,561,mai
mai,L1,563,mai
mai,L1,567,mai
mai,L1,573,bh
mai,L1,574,mai
mai,L1,575,mai
mai,L1,582,mai
mai,L1,587,mai
mai,L1,590,ne
mai,L1,598,mai
mai,L1,609,hi
mai,L1,610,hi
mai,L1,611,mai
mai,L1,613,mai
mai,L1,618,mai
mai,L1,622,hi
mai,L1,634,mai
mai,L1,647,mai
mai,L1,655,mai
mai,L1,662,mai
mai,L1,666,mai
mai,L1,669,mai
mai,L1,670,mai
mai,L1,676,mai
mai,L1,682,ne
mai,L1,684,mai
mai,L1,694,mai
mai,L1,696,mai
mai,L1,702,mai
mai,L1,704,mai
mai,L1,712,mai
mai,L1,721,mai
mai,L1,725,hi
mai,L1,729,hi
mai,L1,741,hi
mai,L1,743,hi
mai,L1,745,hi
mai,L1,752,hi
mai,L1,755,hi
mai,L1,772,hi
mai,L1,781,hi
mai,L1,782,hi
mai,L1,784,mai
mai,L1,789,mai
mai,L1,790,hi
mai,L1,801,mai
mai,L1,804,hi
mai,L1,810,mai
mai,L1,821,hi
mai,L1,827,new
mai,L1,831,hi
mai,L1,838,mai
mai,L1,848,hi
mai,L1,857,mai
mai,L1,864,hi
mai,L1,866,ne
mai,L1,867,mai
mai,L1,872,new
mai,L1,874,mai
mai,L1,886,bh
mai,L1,915,hi
mai,L1,923,mai
mai,L1,925,mai
mai,L1,933,mai
mai,L1,936,mai
mai,L1,940,mai
mai,L1,946,hi
mai,L1,952,mai
mai,L1,956,hi
mai,L1,962,hi
mai,L1,974,mai
mai,L1,980,mai
mai,L1,988,mai
mai,L1,991,mai
mai,L1,1000,mai
mai,L1,1012,mai
mai,L1,1018,mai
mai,L1,1030,mai
mai,L1,1032,mai
mai,L1,1036,hi
mai,L1,1039,hi
mai,L1,1040,hi
mai,L1,1046,mai
mai,L1,1050,hi
mai,L1,1052,mai
mai,L1,1055,hi
mai,L1,1066,bh
mai,L1,1067,mai
mai,L1,1077,mai
mai,L1,1086,hi
mai,L1,1089,hi
mai,L1,1093,mai
mai,L1,1094,mai
mai,L1,1098,mai
mai,L1,1100,mai
mai,L1,1105,mai
mai,L1,1111,mai
mai,L1,1118,mai
mai,L1,1120,mai
mai,L1,1121,hi
mai,L1,1124,mai
mai,L1,1125,mai
mai,L1,1128,mai
mai,L1,1132,hi
mai,L1,1148,mai
mai,L1,1152,mai
mai,L1,1155,mai
mai,L1,1159,mai
mai,L1,1162,mai
mai,L1,1166,mai
mai,L1,1169,hi
mai,L1,1172,hi
mai,L1,1173,mai
mai,L1,1175,mai
mai,L1,1183,mai
mai,L1,1187,mai
mai,L1,1189,mai
mai,L1,1191,hi
mai,L1,1192,new
mai,L1,1201,mai
mai,L1,1212,mai
mai,L1,1215,mai
mai,L1,1219,mai
mai,L1,1223,mai
mai,L1,1232,hi
mai,L1,1242,mai
mai,L1,1254,mai
mai,L1,1255,hi
mai,L1,1265,mai
mai,L1,1275,ne
mai,L1,1279,hi
mai,L1,1289,mai
mai,L1,1293,mai
mai,L1,1301,hi
mai,L1,1304,hi
mai,L1,1310,mai
mai,L1,1317,mai
mai,L1,1337,hi
mai,L1,1339,hi
mai,L1,1348,mai
mai,L1,1349,hi
mai,L1,1350,mai
mai,L1,1365,mai
mai,L1,1384,mai
mai,L1,1387,bh
mai,L1,1403,mai
mai,L1,1409,ne
mai,L1,1410,mai
mai,L1,1413,mai
mai,L1,1418,mai
mai,L1,1421,mai
mai,L1,1422,hi
mai,L1,1424,mai
mai,L1,1425,mai
mai,L1,1431,mai
mai,L1,1435,mai
mai,L1,1436,hi
mai,L1,1439,mai
mai,L1,1456,hi
mai,L1,1458,hi
mai,L1,1463,bh
mai,L1,1467,mai
mai,L1,1468,new
mai,L1,1481,mai
mai,L1,1485,mai
mai,L1,1494,mai
mai,L1,1497,mai
mai,L1,1504,mai
mai,L1,1508,mai
mai,L1,1510,mai
mai,L1,1515,mai
mai,L1,1520,mai
mai,L1,1521,mai
mai,L1,1523,mai
mai,L1,1525,mai
mai,L1,1533,mai
mai,L1,1538,hi
mai,L1,1544,mai
mai,L1,1551,mai
mai,L1,1554,mai
mai,L1,1557,mai
mai,L1,1558,mai
mai,L1,1565,mai
mai,L1,1568,mai
mai,L1,1571,mai
mai,L1,1577,ne
mai,L1,1580,new
mai,L1,1582,mai
mai,L1,1584,mai
mai,L1,1586,mai
mai,L1,1606,ne
mai,L1,1612,mai
mai,L1,1616,mai
mai,L1,1617,mai
mai,L1,1624,mai
mai,L1,1632,mai
mai,L1,1634,mai
mai,L1,1636,mai
mai,L1,1637,mai
mai,L1,1641,hi
mai,L1,1643,mai
mai,L1,1645,mai
mai,L1,1650,mai
mai,L1,1658,mai
mai,L1,1662,mai
mai,L1,1667,hi
mai,L1,1671,mai
mai,L1,1673,ne
mai,L1,1676,ne
mai,L1,1683,mai
mai,L1,1686,mai
mai,L1,1694,mai
mai,L1,1699,mai
mai,L1,1700,mai
mai,L1,1704,hi
mai,L1,1711,hi
mai,L1,1713,mai
mai,L1,1726,mai
mai,L1,1735,mai
mai,L1,1741,hi
mai,L1,1748,ne
mai,L1,1751,mai
mai,L1,1754,mai
mai,L1,1770,mai
mai,L1,1774,mai
mai,L1,1780,hi
mai,L1,1786,mai
mai,L1,1790,ne
mai,L1,1797,hi
mai,L1,1810,hi
mai,L1,1811,mai
mai,L1,1812,mai
mai,L1,1813,mai
mai,L1,1816,mai
mai,L1,1824,mai
mai,L1,1829,mai
mai,L1,1834,mai
mai,L1,1837,mai
mai,L1,1838,mai
mai,L1,1842,mai
mai,L1,1844,hi
mai,L1,1848,mai
mai,L1,1853,mai
mai,L1,1854,hi
mai,L1,1858,mai
mai,L1,1865,mai
mai,L1,1874,ne
mai,L1,1887,mai
mai,L1,1888,mai
mai,L1,1889,bh
mai,L1,1890,hi
mai,L1,1891,hi
mai,L1,1894,mai
mai,L1,1900,mai
mai,L1,1901,mai
mai,L1,1902,mai
mai,L1,1905,mai
mai,L1,1911,mai
mai,L1,1914,mai
mai,L1,1923,mai
mai,L1,1927,mai
mai,L1,1930,mai
mai,L1,1931,mai
mai,L1,1934,mai
mai,L1,1935,mai
mai,L1,1940,mai
mai,L1,1949,mai
mai,L1,1951,mai
mai,L1,1955,hi
mai,L1,1956,hi
mai,L1,1966,mai
mai,L1,1967,mai
mai,L1,1977,mai
mai,L1,1981,mai
mai,L1,1984,mai
mai,L1,1988,mai
mai,L1,1990,mai
mai,L1,1995,mai
mai,L1,2002,mai
mai,L1,2009,mai
mai,L1,2013,mai
mai,L1,2014,mai
mai,L1,2027,mai
mai,L1,2030,mai
mai,L1,2034,mai
mai,L1,2035,bh
mai,L1,2048,mai
mai,L1,2051,mai
mai,L1,2053,mai
mai,L1,2054,mai
mai,L1,2056,mai
mai,L1,2059,mai
mai,L1,2065,mai
mai,L1,2066,mai
mai,L1,2072,hi
mai,L1,2075,mai
mai,L1,2079,ne
mai,L1,2082,mai
mai,L1,2083,mai
mai,L1,2086,hi
mai,L1,2087,mai
mai,L1,2088,hi
mai,L1,2094,mai
mai,L1,2105,mai
mai,L1,2106,mai
mai,L1,2108,mai
mai,L1,2112,mai
mai,L1,2121,mai
mai,L1,2126,mai
mai,L1,2127,hi
mai,L1,2128,mai
mai,L1,2135,mai
mai,L1,2137,hi
mai,L1,2139,mai
mai,L1,2141,ne
mai,L1,2144,mai
mai,L1,2162,mai
mai,L1,2164,mai
mai,L1,2168,mai
mai,L1,2172,mai
mai,L1,2173,mai
mai,L1,2175,mai
mai,L1,2179,mai
mai,L1,2183,mai
mai,L1,2189,mai
mai,L1,2190,mai
mai,L1,2192,mai
mai,L1,2198,mai
mai,L1,2200,mai
mai,L1,2213,mai
mai,L1,2214,mai
mai,L1,2215,mai
mai,L1,2223,mai
mai,L1,2225,mai
mai,L1,2230,mai
mai,L1,2237,mai
mai,L1,2238,mai
mai,L1,2239,mai
mai,L1,2242,mai
mai,L1,2250,mai
mai,L1,2282,mai
mai,L1,2286,hi
mai,L1,2287,mai
mai,L1,2288,mai
mai,L1,2292,mai
mai,L1,2299,mai
mai,L1,2301,mai
mai,L1,2305,mai
mai,L1,2326,mai
mai,L1,2329,mai
mai,L1,2338,mai
mai,L1,2341,hi
mai,L1,2346,hi
mai,L1,2347,hi
mai,L1,2360,hi
mai,L1,2362,hi
mai,L1,2364,mai
mai,L1,2379,ne
mai,L1,2394,hi
mai,L1,2402,ne
mai,L1,2403,mai
mai,L1,2410,mai
mai,L1,2411,mai
mai,L1,2414,mai
mai,L1,2416,mr
mai,L1,2418,hi
mai,L1,2432,ne
mai,L1,2438,mai
mai,L1,2440,mai
mai,L1,2441,mai
mai,L1,2442,mai
mai,L1,2447,mai
mai,L1,2452,hi
mai,L1,2468,mai
mai,L1,2477,mai
mai,L1,2481,mai
mai,L1,2489,mai
mai,L1,2491,mai
mai,L1,2492,mai
mai,L1,2494,mai
mai,L1,2495,mai
mai,L1,2497,mai
mai,L1,2502,mai
mai,L1,2507,mai
mai,L1,2510,mai
mai,L1,2513,hi
mai,L1,2515,ne
mai,L1,2518,hi
mai,L1,2520,mai
mai,L1,2521,bh
mai,L1,2522,hi
mai,L1,2526,hi
mai,L1,2528,hi
mai,L1,2534,ne
mai,L1,2537,mai
mai,L1,2538,mai
mai,L1,2543,mai
mai,L1,2548,mai
mai,L1,2553,mai
mai,L1,2554,ne
mai,L1,2556,new
mai,L1,2559,mai
mai,L1,2565,mai
mai,L1,2571,mai
mai,L1,2582,ne
mai,L1,2586,mai
mai,L1,2587,mai
mai,L1,2598,mai
mai,L1,2602,mai
mai,L1,2603,mai
mai,L1,2615,ne
mai,L1,2616,hi
mai,L1,2622,mai
mai,L1,2623,mai
mai,L1,2627,mai
mai,L1,2631,mai
mai,L1,2634,mai
mai,L1,2636,ne
mai,L1,2646,hi
mai,L1,2649,mai
mai,L1,2655,mai
mai,L1,2660,mai
mai,L1,2664,mai
mai,L1,2668,mai
mai,L1,2674,mai
mai,L1,2678,mai
mai,L1,2681,mai
mai,L1,2682,mai
mai,L1,2685,hi
mai,L1,2687,mai
mai,L1,2692,mai
mai,L1,2694,mai
mai,L1,2695,ne
mai,L1,2710,mai
mai,L1,2711,mai
mai,L1,2717,mai
mai,L1,2720,mai
mai,L1,2721,ne
mai,L1,2724,mai
mai,L1,2725,ne
mai,L1,2728,mai
mai,L1,2737,mai
mai,L1,2759,mai
mai,L1,2760,mai
mai,L1,2769,mai
mai,L1,2775,mai
mai,L1,2776,hi
mai,L1,2777,hi
mai,L1,2783,mai
mai,L1,2791,mai
mai,L1,2792,hi
mai,L1,2793,hi
mai,L1,2797,mai
mai,L1,2807,hi
mai,L1,2810,ne
mai,L1,2813,ne
mai,L1,2814,hi
mai,L1,2815,hi
mai,L1,2816,mai
mai,L1,2817,mai
mai,L1,2819,mai
mai,L1,2836,mai
mai,L1,2843,ne
mai,L1,2846,mai
mai,L1,2847,mai
mai,L1,2851,hi
mai,L1,2856,hi
mai,L1,2875,hi
mai,L1,2879,sa
mai,L1,2880,mai
mai,L1,2889,mai
mai,L1,2891,bh
mai,L1,2895,hi
mai,L1,2898,mai
mai,L1,2905,bh
mai,L1,2906,mai
mai,L1,2908,mai
mai,L1,2921,mai
mai,L1,2922,mai
mai,L1,2924,mai
mai,L1,2925,mai
mai,L1,2932,hi
mai,L1,2933,mai
mai,L1,2934,mai
mai,L1,2943,bh
mai,L1,2944,mai
mai,L1,2946,mai
mai,L1,2948,mai
mai,L1,2954,mai
mai,L1,2958,mai
mai,L1,2961,mai
mai,L1,2963,mai
mai,L1,2981,mai
mai,L1,2982,hi
mai,L1,2985,mai
mai,L1,2986,hi
mai,L1,2990,mai
mai,L1,3000,mai
mai,L1,3007,mai
mai,L1,3008,hi
mai,L1,3015,hi
mai,L1,3021,mai
mai,L1,3024,mai
mai,L1,3033,mai
mai,L1,3035,mai
mai,L1,3048,mr
mai,L1,3058,mai
mai,L1,3060,mai
mai,L1,3061,ne
mai,L1,3066,mai
mai,L1,3068,hi
mai,L1,3077,mai
mai,L1,3081,hi
mai,L1,3088,hi
mai,L1,3092,mai
mai,L1,3095,mai
mai,L1,3096,mai
mai,L1,3097,ne
mai,L1,3099,mai
mai,L1,3102,mai
mai,L1,3118,mai
mai,L1,3123,hi
mai,L1,3125,mai
mai,L1,3127,mai
mai,L1,3130,mai
mai,L1,3131,mai
mai,L1,3145,mai
mai,L1,3147,mai
mai,L1,3152,mai
mai,L1,3166,mai
mai,L1,3167,hi
mai,L1,3171,hi
mai,L1,3173,mai
mai,L1,3175,mai
mai,L1,3184,mai
mai,L1,3193,mai
mai,L1,3197,mai
mai,L1,3199,mai
mai,L1,3200,mai
mai,L1,3201,ne
mai,L1,3204,mai
mai,L1,3209,mai
mai,L1,3215,hi
mai,L1,3218,mai
mai,L1,3236,mai
mai,L1,3242,ne
mai,L1,3246,mai
mai,L1,3247,mai
mai,L1,3250,mai
mai,L1,3257,mai
mai,L1,3258,mai
mai,L1,3259,mai
mai,L1,3267,hi
mai,L1,3270,hi
mai,L1,3275,hi
mai,L1,3284,mr
mai,L1,3286,new
mai,L1,3287,hi
mai,L1,3288,mai
mai,L1,3298,mai
mai,L1,3299,mai
mai,L1,3301,mai
mai,L1,3302,mai
mai,L1,3303,mai
mai,L1,3304,hi
mai,L1,3309,mai
mai,L1,3312,mai
mai,L1,3322,mai
mai,L1,3324,ne
mai,L1,3331,mai
mai,L1,3333,bh
mai,L1,3345,mai
mai,L1,3347,ne
mai,L1,3356,mai
mai,L1,3357,mai
mai,L1,3360,mai
mai,L1,3369,mai
mai,L1,3370,mai
mai,L1,3371,mai
mai,L1,3378,mai
mai,L1,3384,mai
mai,L1,3389,hi
mai,L1,3390,mai
mai,L1,3394,mai
mai,L1,3400,hi
mai,L1,3401,mai
mai,L1,3405,ne
mai,L1,3415,mai
mai,L1,3423,bh
mai,L1,3425,mai
mai,L1,3429,mai
mai,L1,3438,hi
mai,L1,3441,mai
mai,L1,3445,mai
mai,L1,3450,mai
mai,L1,3455,mai
mai,L1,3472,mai
mai,L1,3479,mai
mai,L1,3482,mai
mai,L1,3487,mai
mai,L1,3493,mai
mai,L1,3496,mai
mai,L1,3502,mai
mai,L1,3506,hi
mai,L1,3509,mai
mai,L1,3514,mai
mai,L1,3523,hi
mai,L1,3526,mai
mai,L1,3529,mai
mai,L1,3533,mai
mai,L1,3534,mai
mai,L1,3539,mai
mai,L1,3541,hi
mai,L1,3546,hi
mai,L1,3552,hi
mai,L1,3557,hi
mai,L1,3558,hi
mai,L1,3562,mai
mai,L1,3569,hi
mai,L1,3583,mai
mai,L1,3590,hi
mai,L1,3592,hi
mai,L1,3610,hi
mai,L1,3611,mai
mai,L1,3619,ne
mai,L1,3621,mai
mai,L1,3626,mai
mai,L1,3628,mai
mai,L1,3629,hi
mai,L1,3631,hi
mai,L1,3645,mai
mai,L1,3647,mai
mai,L1,3648,hi
mai,L1,3672,mai
mai,L1,3673,mai
mai,L1,3674,mai
mai,L1,3676,hi
mai,L1,3677,hi
mai,L1,3681,mai
mai,L1,3682,mai
mai,L1,3683,mai
mai,L1,3690,hi
mai,L1,3692,mai
mai,L1,3704,mai
mai,L1,3708,ne
mai,L1,3713,mai
mai,L1,3732,mai
mai,L1,3754,mai
mai,L1,3762,hi
mai,L1,3771,hi
mai,L1,3774,mai
mai,L1,3780,mai
mai,L1,3781,mai
mai,L1,3791,ne
mai,L1,3794,hi
mai,L1,3798,mai
mai,L1,3801,mai
mai,L1,3806,hi
mai,L1,3814,mai
mai,L1,3815,mai
mai,L1,3817,mai
mai,L1,3820,hi
mai,L1,3832,hi
mai,L1,3836,mai
mai,L1,3837,mai
mai,L1,3844,mai
mai,L1,3845,mai
mai,L1,3846,hi
mai,L1,3857,mai
mai,L1,3866,mai
mai,L1,3869,mai
mai,L1,3870,mai
mai,L1,3886,ne
mai,L1,3892,mai
mai,L1,3894,hi
mai,L1,3896,mai
mai,L1,3897,hi
mai,L1,3898,ne
mai,L1,3899,mai
mai,L1,3907,mai
mai,L1,3908,hi
mai,L1,3916,mai
mai,L1,3921,mai
mai,L1,3932,mai
mai,L1,3937,mr
mai,L1,3938,hi
mai,L1,3943,ne
mai,L1,3944,mai
mai,L1,3947,hi
mai,L1,3949,mai
mai,L1,3957,mai
mai,L1,3967,mai
mai,L1,3968,hi
mai,L1,3969,mai
mai,L1,3974,mai
mai,L1,3976,mai
mai,L1,3983,mai
mai,L1,3989,mai
mai,L1,3996,hi
mai,L1,3997,mai
mai,L1,4011,hi
mai,L1,4015,mai
mai,L1,4017,mai
mai,L1,4020,hi
mai,L1,4021,hi
mai,L1,4024,hi
mai,L1,4025,mai
mai,L1,4026,mai
mai,L1,4029,mai
mai,L1,4030,mai
mai,L1,4041,mai
mai,L1,4047,mai
mai,L1,4048,mai
mai,L1,4049,hi
mai,L1,4068,bh
mai,L1,4074,bh
mai,L1,4082,hi
mai,L1,4086,hi
mai,L1,4093,hi
mai,L1,4095,bh
mai,L1,4096,hi
mai,L1,4107,mai
mai,L1,4108,mai
mai,L1,4119,ne
mai,L1,4121,hi
mai,L1,4122,mai
mai,L1,4123,mai
mai,L1,4125,mai
mai,L1,4126,hi
mai,L1,4130,hi
mai,L1,4136,mai
mai,L1,4139,mai
mai,L1,4145,hi
mai,L1,4148,mai
mai,L1,4153,mai
mai,L1,4154,mai
mai,L1,4158,mai
mai,L1,4164,mai
mai,L1,4165,mai
mai,L1,4166,mai
mai,L1,4169,hi
mai,L1,4173,ne
mai,L1,4174,mai
mai,L1,4189,ne
mai,L1,4199,mai
mai,L1,4204,mai
mai,L1,4205,mai
mai,L1,4209,mai
mai,L1,4210,mai
mai,L1,4215,hi
mai,L1,4228,mai
mai,L1,4233,hi
mai,L1,4241,mai
mai,L1,4245,new
mai,L1,4252,mai
mai,L1,4256,mai
mai,L1,4258,mai
mai,L1,4259,mai
mai,L1,4268,mai
mai,L1,4270,ne
mai,L1,4274,ne
mai,L1,4282,ne
mai,L1,4283,ne
mai,L1,4289,mai
mai,L1,4290,ne
mai,L1,4295,mai
mai,L1,4297,ne
mai,L1,4299,mai
mai,L1,4300,mai
mai,L1,4301,mai
mai,L1,4307,mai
mai,L1,4308,mai
mai,L1,4310,mai
mai,L1,4313,mai
mai,L1,4314,mai
mai,L1,4321,mai
mai,L1,4322,mai
mai,L1,4325,hi
mai,L1,4330,mai
mai,L1,4335,hi
mai,L1,4338,hi
mai,L1,4347,hi
mai,L1,4349,mai
mai,L1,4351,mai
mai,L1,4357,mai
mai,L1,4372,hi
mai,L1,4375,mai
mai,L1,4378,mai
mai,L1,4380,mai
mai,L1,4388,mai
mai,L1,4390,mai
mai,L1,4391,mai
mai,L1,4396,mai
mai,L1,4406,mai
mai,L1,4411,mai
mai,L1,4418,hi
mai,L1,4419,mai
mai,L1,4424,mai
mai,L1,4426,hi
mai,L1,4427,ne
mai,L1,4448,mai
mai,L1,4453,mai
mai,L1,4456,mai
mai,L1,4457,mai
mai,L1,4459,hi
mai,L1,4463,mai
mai,L1,4464,mai
mai,L1,4477,mai
mai,L1,4479,hi
mai,L1,4492,mai
mai,L1,4493,mai
mai,L1,4494,mai
mai,L1,4498,mai
mai,L1,4509,mai
mai,L1,4515,hi
mai,L1,4519,hi
mai,L1,4523,mai
mai,L1,4524,mai
mai,L1,4526,mai
mai,L1,4533,hi
mai,L1,4534,mai
mai,L1,4543,hi
mai,L1,4544,bh
mai,L1,4551,mai
mai,L1,4552,mai
mai,L1,4553,hi
mai,L1,4554,mai
mai,L1,4578,hi
mai,L1,4586,mai
mai,L1,4589,mai
mai,L1,4595,mai
mai,L1,4599,mai
mai,L1,4601,mai
mai,L1,4616,hi
mai,L1,4625,hi
mai,L1,4629,hi
mai,L1,4632,mai
mai,L1,4633,mai
mai,L1,4634,mai
mai,L1,4638,mai
mai,L1,4639,mai
mai,L1,4642,mai
mai,L1,4645,mai
mai,L1,4675,mai
mai,L1,4677,mai
mai,L1,4686,mai
mai,L1,4688,mai
mai,L1,4697,mai
mai,L1,4702,mai
mai,L1,4708,mai
mai,L1,4709,mai
mai,L1,4712,mai
mai,L1,4742,hi
mai,L1,4743,mai
mai,L1,4908,mai
mai,L1,4927,mai
mai,L1,4935,mai
mai,L1,4941,mai
mai,L1,4943,mai
mai,L1,4945,mai
mai,L1,4950,hi
mai,L1,4955,mai
mai,L1,4956,mai
mai,L1,4981,mr
mai,L1,4986,hi
mai,L1,4990,hi
mai,L1,4993,mai
mai,L1,4995,hi
mai,L1,4996,mai
mai,L1,5007,mai
mai,L1,5014,hi
mai,L1,5016,hi
mai,L1,5023,mai
mai,L1,5025,hi
mai,L1,5026,ne
mai,L1,5031,ne
mai,L1,5038,mai
mai,L1,5042,hi
mai,L1,5052,hi
mai,L1,5060,mai
mai,L1,5061,hi
mai,L1,5064,hi
mai,L1,5074,mai
mai,L1,5078,mai
mai,L1,5079,mai
mai,L1,5081,mai
mai,L1,5092,hi
mai,L1,5093,mai
mai,L1,5096,hi
mai,L1,5098,mai
mai,L1,5099,mai
mai,L1,5107,mai
mai,L1,5108,hi
mai,L1,5118,ne
mai,L1,5125,hi
mai,L1,5136,hi
mai,L1,5139,hi
mai,L1,5142,mai
mai,L1,5153,hi
mai,L1,5165,mai
mai,L1,5169,hi
mai,L1,5177,mai
mai,L1,5185,hi
mai,L1,5202,mai
mai,L1,5204,mai
mai,L1,5209,hi
mai,L1,5220,hi
mai,L1,5223,mai
mai,L1,5225,mai
mai,L1,5232,mai
mai,L1,5236,mai
mai,L1,5242,mai
mai,L1,5253,mai
mai,L1,5256,mai
mai,L1,5259,mai
mai,L1,5260,mai
mai,L1,5265,hi
mai,L1,5283,mai
mai,L1,5285,mai
mai,L1,5290,ne
mai,L1,5292,hi
mai,L1,5295,mai
mai,L1,5300,mai
mai,L1,5304,hi
mai,L1,5305,ne
mai,L1,5306,mai
mai,L1,5312,ne
mai,L1,5313,mai
mai,L1,5314,hi
mai,L1,5315,ne
mai,L1,5328,mai
mai,L1,5335,mai
mai,L1,5338,mai
mai,L1,5339,mai
mai,L1,5342,hi
mai,L1,5343,mai
mai,L1,5346,mai
mai,L1,5349,mai
mai,L1,5350,mai
mai,L1,5358,mai
mai,L1,5359,mai
mai,L1,5363,mai
mai,L1,5373,mai
mai,L1,5378,mai
mai,L1,5380,mai
mai,L1,5381,mai
mai,L1,5382,hi
mai,L1,5383,mai
mai,L1,5384,mai
mai,L1,5388,hi
mai,L1,5392,mai
mai,L1,5393,mai
mai,L1,5394,ne
mai,L1,5395,mai
mai,L1,5400,mai
mai,L1,5401,mai
mai,L1,5407,ne
mai,L1,5417,mai
mai,L1,5418,hi
mai,L1,5427,hi
mai,L1,5431,hi
mai,L1,5432,mai
mai,L1,5434,mai
mai,L1,5441,mai
mai,L1,5442,mai
mai,L1,5444,mai
mai,L1,5445,mai
mai,L1,5447,mai
mai,L1,5458,mai
mai,L1,5460,mai
mai,L1,5463,hi
mai,L1,5469,hi
mai,L1,5473,new
mai,L1,5480,hi
mai,L1,5481,hi
mai,L1,5485,mai
mai,L1,5491,mai
mai,L1,5500,hi
mai,L1,5515,mai
mai,L1,5518,hi
mai,L1,5524,mai
mai,L1,5533,hi
mai,L1,5538,hi
mai,L1,5540,hi
mai,L1,5547,mai
mai,L1,5553,mai
mai,L1,5554,hi
mai,L1,5568,mai
mai,L1,5572,mai
mai,L1,5573,ne
mai,L1,5577,mai
mai,L1,5579,ne
mai,L1,5581,mai
mai,L1,5582,mai
mai,L1,5584,mai
mai,L1,5591,hi
mai,L1,5603,mai
mai,L1,5604,mai
mai,L1,5605,mai
mai,L1,5608,mai
mai,L1,5609,mai
mai,L1,5620,mai
mai,L1,5622,mai
mai,L1,5631,mai
mai,L1,5646,mai
mai,L1,5652,mai
mai,L1,5662,mai
mai,L1,5670,ne
mai,L1,5671,hi
mai,L1,5676,hi
mai,L1,5679,mai
mai,L1,5688,mai
mai,L1,5691,hi
mai,L1,5695,mai
mai,L1,5699,hi
mai,L1,5704,hi
mai,L1,5706,mai
mai,L1,5712,mai
mai,L1,5721,new
mai,L1,5726,mai
mai,L1,5734,mai
mai,L1,5735,mai
mai,L1,5738,hi
mai,L1,5739,mai
mai,L1,5753,mai
mai,L1,5765,mai
mai,L1,5768,mai
mai,L1,5770,hi
mai,L1,5777,mai
mai,L1,5779,hi
mai,L1,5781,hi
mai,L1,5783,mai
mai,L1,5784,mai
mai,L1,5789,mai
mai,L1,5792,mai
mai,L1,5793,mai
mai,L1,5798,mai
mai,L1,5800,mai
mai,L1,5807,mai
mai,L1,5811,ne
mai,L1,5813,ne
mai,L1,5819,mai
mai,L1,5823,ne
mai,L1,5827,mai
mai,L1,5835,mai
mai,L1,5839,ne
mai,L1,5841,mai
mai,L1,5843,mai
mai,L1,5844,mai
mai,L1,5847,mai
mai,L1,5855,mai
mai,L1,5859,mai
mai,L1,5871,mai
mai,L1,5874,mai
mai,L1,5879,ne
mai,L1,5882,mai
mai,L1,5884,ne
mai,L1,5889,mai
mai,L1,5892,mai
mai,L1,5895,mai
mai,L1,5911,mai
mai,L1,5913,mai
mai,L1,5921,mai
mai,L1,5923,mai
mai,L1,5924,mai
mai,L1,5925,mai
mai,L1,5934,mai
mai,L1,5951,mai
mai,L1,5952,mai
mai,L1,5960,mai
mai,L1,5963,mai
mai,L1,5965,mai
mai,L1,5971,mai
mai,L1,5972,mai
mai,L1,5973,mai
mai,L1,5979,mai
mai,L1,5997,mai
mai,L1,6008,mai
mai,L1,6011,mai
mai,L1,6020,new
mai,L1,6024,hi
mai,L1,6025,mai
mai,L1,6026,ne
mai,L1,6031,hi
mai,L1,6036,hi
mai,L1,6038,ne
mai,L1,6039,mai
mai,L1,6040,hi
mai,L1,6046,hi
mai,L1,6049,mai
mai,L1,6050,hi
mai,L1,6051,mai
mai,L1,6053,hi
mai,L1,6059,mai
mai,L1,6060,hi
mai,L1,6068,hi
mai,L1,6074,hi
mai,L1,6075,hi
mai,L1,6076,mai
mai,L1,6095,mai
mai,L1,6097,mai
mai,L1,6106,mai
mai,L1,6115,mai
mai,L1,6116,mai
mai,L1,6120,ne
mai,L1,6122,mai
mai,L1,6130,mai
mai,L1,6134,ne
mai,L1,6138,hi
mai,L1,6142,hi
mai,L1,6156,mai
mai,L1,6164,mai
mai,L1,6176,mai
mai,L1,6178,ne
mai,L1,6180,mai
mai,L1,6184,hi
mai,L1,6186,mai
mai,L1,6187,mai
mai,L1,6195,mai
mai,L1,6198,hi
mai,L1,6201,mai
mai,L1,6218,hi
mai,L1,6222,mai
mai,L1,6224,ne
mai,L1,6229,mai
mai,L1,6232,hi
mai,L1,6234,mai
mai,L1,6236,hi
mai,L1,6237,hi
mai,L1,6238,mai
mai,L1,6241,mai
mai,L1,6242,mai
mai,L1,6245,hi
mai,L1,6250,mai
mai,L1,6253,mai
mai,L1,6258,hi
mai,L1,6259,hi
mai,L1,6260,mai
mai,L1,6269,mai
mai,L1,6272,ne
mai,L1,6276,ne
mai,L1,6277,mai
mai,L1,6282,mai
mai,L1,6286,hi
mai,L1,6288,mai
mai,L1,6308,bh
mai,L1,6310,mai
mai,L1,6322,mai
mai,L1,6332,mai
mai,L1,6343,mai
mai,L1,6346,mai
mai,L1,6349,mai
mai,L1,6352,hi
mai,L1,6355,mai
mai,L1,6359,mai
mai,L1,6364,mai
mai,L1,6365,mai
mai,L1,6366,ne
mai,L1,6368,mai
mai,L1,6371,mai
mai,L1,6373,mai
mai,L1,6375,mai
mai,L1,6376,hi
mai,L1,6381,ne
mai,L1,6386,ne
mai,L1,6399,mai
mai,L1,6402,mai
mai,L1,6403,hi
mai,L1,6405,hi
mai,L1,6406,hi
mai,L1,6410,hi
mai,L1,6415,mai
mai,L1,6422,hi
mai,L1,6428,hi
mai,L1,6429,ne
mai,L1,6435,hi
mai,L1,6436,mai
mai,L1,6438,hi
mai,L1,6439,hi
mai,L1,6440,mai
mai,L1,6446,mai
mai,L1,6453,hi
mai,L1,6466,hi
mai,L1,6476,hi
mai,L1,6487,ne
mai,L1,6490,hi
mai,L1,6493,hi
mai,L1,6496,hi
mai,L1,6500,bh
mai,L1,6501,mai
mai,L1,6510,hi
mai,L1,6511,hi
mai,L1,6515,mai
mai,L1,6518,mai
mai,L1,6526,hi
mai,L1,6532,mai
mai,L1,6534,mai
mai,L1,6539,mai
mai,L1,6542,hi
mai,L1,6552,mai
mai,L1,6558,mai
mai,L1,6576,hi
mai,L1,6590,mr
mai,L1,6592,ne
mai,L1,6598,hi
mai,L1,6601,mai
mai,L1,6602,mai
mai,L1,6612,hi
mai,L1,6615,mai
mai,L1,6618,mai
mai,L1,6619,mai
mai,L1,6623,mai
mai,L1,6626,hi
mai,L1,6628,mai
mai,L1,6636,mai
mai,L1,6639,mai
mai,L1,6642,ne
mai,L1,6650,hi
mai,L1,6651,hi
mai,L1,6656,mai
mai,L1,6668,new
mai,L1,6672,mai
mai,L1,6674,mai
mai,L1,6681,ne
mai,L1,6682,mai
mai,L1,6687,ne
mai,L1,6689,mai
mai,L1,6690,ne
mai,L1,6693,mai
mai,L1,6694,mai
mai,L1,6704,ne
mai,L1,6707,mai
mai,L1,6711,mai
mai,L1,6715,mai
mai,L1,6722,mai
mai,L1,6735,mai
mai,L1,6745,mai
mai,L1,6747,mai
mai,L1,6751,mai
mai,L1,6758,mai
mai,L1,6768,mai
mai,L1,6773,hi
mai,L1,6785,mai
mai,L1,6786,ne
mai,L1,6787,hi
mai,L1,6792,hi
mai,L1,6803,mai
mai,L1,6807,mai
mai,L1,6810,hi
mai,L1,6823,mai
mai,L1,6824,hi
mai,L1,6825,mai
mai,L1,6832,mai
mai,L1,6836,new
mai,L1,6846,mai
mai,L1,6847,mai
mai,L1,6859,mai
mai,L1,6868,hi
mai,L1,6874,mai
mai,L1,6879,mai
mai,L1,6880,hi
mai,L1,6881,hi
mai,L1,6883,hi
mai,L1,6885,hi
mai,L1,6886,mai
mai,L1,6887,hi
mai,L1,6891,hi
mai,L1,6900,mai
mai,L1,6901,hi
mai,L1,6904,hi
mai,L1,6908,mai
mai,L1,6909,hi
mai,L1,6912,hi
mai,L1,6923,hi
mai,L1,6925,hi
mai,L1,6932,mai
mai,L1,6935,hi
mai,L1,6939,sa
mai,L1,6946,mai
mai,L1,6951,ne
mai,L1,6958,mai
mai,L1,6969,mai
mai,L1,6972,mai
mai,L1,6975,mai
mai,L1,6984,mai
mai,L1,6986,mai
mai,L1,6993,hi
mai,L1,7002,hi
mai,L1,7003,mai
mai,L1,7011,mai
mai,L1,7013,mai
mai,L1,7018,mai
mai,L1,7021,mai
mai,L1,7029,mai
mai,L1,7036,hi
mai,L1,7037,mai
mai,L1,7039,mai
mai,L1,7051,ne
mai,L1,7053,mai
mai,L1,7054,mai
mai,L1,7061,hi
mai,L1,7066,hi
mai,L1,7081,hi
mai,L1,7082,ne
mai,L1,7089,mai
mai,L1,7090,hi
mai,L1,7092,mai
mai,L1,7093,mai
mai,L1,7094,hi
mai,L1,7095,hi
mai,L1,7098,hi
mai,L1,7099,hi
mai,L1,7103,hi
mai,L1,7112,mai
mai,L1,7113,mai
mai,L1,7119,mai
mai,L1,7120,mai
mai,L1,7126,mai
mai,L1,7134,mai
mai,L1,7138,mai
mai,L1,7140,hi
mai,L1,7143,mai
mai,L1,7146,mai
mai,L1,7153,mai
mai,L1,7160,hi
mai,L1,7161,mai
mai,L1,7185,hi
mai,L1,7190,ne
mai,L1,7193,mai
mai,L1,7199,hi
mai,L1,7201,ne
mai,L1,7214,hi
mai,L1,7221,hi
mai,L1,7226,mr
mai,L1,7228,hi
mai,L1,7231,hi
mai,L1,7232,ne
mai,L1,7241,hi
mai,L1,7259,mai
mai,L1,7264,hi
mai,L1,7269,ne
mai,L1,7283,mai
mai,L1,7287,hi
mai,L1,7288,ne
mai,L1,7289,ne
mai,L1,7300,mai
mai,L1,7301,mai
mai,L1,7305,ne
mai,L1,7318,hi
mai,L1,7320,hi
mai,L1,7332,hi
mai,L1,7334,mai
mai,L1,7335,mai
mai,L1,7341,hi
mai,L1,7344,mai
mai,L1,7352,ne
mai,L1,7361,mai
mai,L1,7365,hi
mai,L1,7366,hi
mai,L1,7369,hi
mai,L1,7371,mai
mai,L1,7378,hi
mai,L1,7385,mai
mai,L1,7386,mai
mai,L1,7396,mai
mai,L1,7397,mai
mai,L1,7408,mai
mai,L1,7413,mai
mai,L1,7415,mai
mai,L1,7421,mai
mai,L1,7425,mai
mai,L1,7431,mai
mai,L1,7438,mai
mai,L1,7446,ne
mai,L1,7454,hi
mai,L1,7456,mai
mai,L1,7463,mai
mai,L1,7464,hi
mai,L1,7465,mai
mai,L1,7467,bh
mai,L1,7468,mai
mai,L1,7480,mai
mai,L1,7482,mai
mai,L1,7483,hi
mai,L1,7487,mai
mai,L1,7496,mai
mai,L1,7501,hi
mai,L1,7512,hi
mai,L1,7515,ne
mai,L1,7516,hi
mai,L1,7517,hi
mai,L1,7523,mai
mai,L1,7524,hi
mai,L1,7530,mai
mai,L1,7535,hi
mai,L1,7542,hi
mai,L1,7543,ne
mai,L1,7545,mai
mai,L1,7551,mai
mai,L1,7558,mai
mai,L1,7559,mai
mai,L1,7562,hi
mai,L1,7563,hi
mai,L1,7568,mai
mai,L1,7572,ne
mai,L1,7580,mai
mai,L1,7581,mai
mai,L1,7601,bh
mai,L1,7602,mai
mai,L1,7603,mai
mai,L1,7605,bh
mai,L1,7614,mai
mai,L1,7617,hi
mai,L1,7628,mai
mai,L1,7634,hi
mai,L1,7635,mai
mai,L1,7636,mai
mai,L1,7644,hi
mai,L1,7646,mai
mai,L1,7648,mai
mai,L1,7653,mai
mai,L1,7665,mai
mai,L1,7667,hi
mai,L1,7673,mai
mai,L1,7679,ne
mai,L1,7680,hi
mai,L1,7687,mai
mai,L1,7690,hi
mai,L1,7695,mai
mai,L1,7697,hi
mai,L1,7704,hi
mai,L1,7710,hi
mai,L1,7711,mai
mai,L1,7716,mai
mai,L1,7717,hi
mai,L1,7721,mai
mai,L1,7731,mai
mai,L1,7732,mai
mai,L1,7734,hi
mai,L1,7742,mai
mai,L1,7744,mai
mai,L1,7745,hi
mai,L1,7747,ne
mai,L1,7758,ne
mai,L1,7760,mai
mai,L1,7761,mai
mai,L1,7763,mai
mai,L1,7770,hi
mai,L1,7773,mai
mai,L1,7774,mai
mai,L1,7775,hi
mai,L1,7776,mai
mai,L1,7779,ne
mai,L1,7781,mai
mai,L1,7783,ne
mai,L1,7784,mai
mai,L1,7787,mai
mai,L1,7802,ne
mai,L1,7807,mai
mai,L1,7820,hi
mai,L1,7828,mai
mai,L1,7829,hi
mai,L1,7834,hi
mai,L1,7835,hi
mai,L1,7838,ne
mai,L1,7839,hi
mai,L1,7847,mai
mai,L1,7848,hi
mai,L1,7849,mai
mai,L1,7855,hi
mai,L1,7859,mai
mai,L1,7869,hi
mai,L1,7871,hi
mai,L1,7877,bh
mai,L1,7882,hi
mai,L1,7885,mai
mai,L1,7886,mai
mai,L1,7889,hi
mai,L1,7907,mai
mai,L1,7911,hi
mai,L1,7919,mai
mai,L1,7925,hi
mai,L1,7926,hi
mai,L1,7932,mai
mai,L1,7941,mai
mai,L1,7949,hi
mai,L1,7952,hi
mai,L1,7953,mai
mai,L1,7958,mai
mai,L1,7962,mai
mai,L1,7965,mai
mai,L1,7967,mai
mai,L1,7974,hi
mai,L1,7976,hi
mai,L1,7979,hi
mai,L1,7982,mai
mai,L1,7994,mai
mai,L1,7997,new
mai,L1,7998,mai
mai,L1,8006,mai
mai,L1,8017,mai
mai,L1,8020,ne
mai,L1,8025,mai
mai,L1,8029,mai
mai,L1,8030,mai
mai,L1,8050,mai
mai,L1,8051,hi
mai,L1,8057,hi
mai,L1,8064,mai
mai,L1,8066,hi
mai,L1,8067,hi
mai,L1,8069,ne
mai,L1,8071,mr
mai,L1,8075,mai
mai,L1,8092,mai
mai,L1,8098,ne
mai,L1,8100,mai
mai,L1,8102,hi
mai,L1,8103,mai
mai,L1,8106,mai
mai,L1,8107,hi
mai,L1,8109,hi
mai,L1,8118,mai
mai,L1,8126,mai
mai,L1,8127,mai
mai,L1,8138,hi
mai,L1,8142,mai
mai,L1,8144,new
mai,L1,8145,mai
mai,L1,8149,mai
mai,L1,8150,mai
mai,L1,8152,hi
mai,L1,8160,hi
mai,L1,8169,mai
mai,L1,8183,mai
mai,L1,8186,mai
mai,L1,8187,hi
mai,L1,8194,mai
mai,L1,8195,bh
mai,L1,8198,ne
mai,L1,8199,hi
mai,L1,8203,mai
mai,L1,8205,mai
mai,L1,8212,mai
mai,L1,8213,mai
mai,L1,8215,ne
mai,L1,8226,mai
mai,L1,8237,mai
mai,L1,8244,mai
mai,L1,8252,mai
mai,L1,8265,mai
mai,L1,8266,ne
mai,L1,8273,mai
mai,L1,8275,hi
mai,L1,8279,hi
mai,L1,8285,hi
mai,L1,8289,hi
mai,L1,8292,hi
mai,L1,8295,hi
mai,L1,8299,mai
mai,L1,8311,mai
mai,L1,8312,hi
mai,L1,8318,mai
mai,L1,8324,hi
mai,L1,8329,mai
mai,L1,8330,hi
mai,L1,8331,mai
mai,L1,8344,hi
mai,L1,8349,mai
mai,L1,8359,mai
mai,L1,8364,ne
mai,L1,8368,hi
mai,L1,8371,hi
mai,L1,8372,mai
mai,L1,8373,mai
mai,L1,8375,hi
mai,L1,8376,hi
mai,L1,8380,ne
mai,L1,8389,mai
mai,L1,8392,hi
mai,L1,8395,mai
mai,L1,8407,hi
mai,L1,8409,mai
mai,L1,8416,hi
mai,L1,8419,mai
mai,L1,8426,mai
mai,L1,8429,hi
mai,L1,8431,mai
mai,L1,8435,ne
mai,L1,8436,hi
mai,L1,8438,hi
mai,L1,8443,mai
mai,L1,8446,mai
mai,L1,8448,mai
mai,L1,8471,ne
mai,L1,8474,hi
mai,L1,8482,hi
mai,L1,8486,hi
mai,L1,8487,mai
mai,L1,8488,mai
mai,L1,8512,mai
mai,L1,8516,mai
mai,L1,8522,mai
mai,L1,8525,mai
mai,L1,8526,hi
mai,L1,8535,ne
mai,L1,8536,hi
mai,L1,8547,mai
mai,L1,8565,mai
mai,L1,8583,hi
mai,L1,8585,mai
mai,L1,8586,mai
mai,L1,8587,hi
mai,L1,8600,hi
mai,L1,8607,mai
mai,L1,8612,hi
mai,L1,8617,hi
mai,L1,8619,hi
mai,L1,8623,mai
mai,L1,8628,mai
mai,L1,8632,mai
mai,L1,8633,mai
mai,L1,8639,hi
mai,L1,8641,mai
mai,L1,8642,mai
mai,L1,8644,hi
mai,L1,8645,mai
mai,L1,8647,mai
mai,L1,8663,mai
mai,L1,8664,hi
mai,L1,8668,mai
mai,L1,8676,mai
mai,L1,8684,hi
mai,L1,8689,mai
mai,L1,8691,ne
mai,L1,8700,hi
mai,L1,8702,mai
mai,L1,8707,mai
mai,L1,8710,mai
mai,L1,8711,mai
mai,L1,8718,hi
mai,L1,8721,hi
mai,L1,8728,hi
mai,L1,8729,mai
mai,L1,8736,hi
mai,L1,8742,mai
mai,L1,8748,mai
mai,L1,8753,ne
mai,L1,8758,mai
mai,L1,8759,mai
mai,L1,8763,mai
mai,L1,8766,mai
mai,L1,8767,mai
mai,L1,8772,mai
mai,L1,8775,mai
mai,L1,8783,mai
mai,L1,8784,mai
mai,L1,8790,mai
mai,L1,8794,hi
mai,L1,8797,mai
mai,L1,8800,hi
mai,L1,8807,mai
mai,L1,8811,mai
mai,L1,8817,mai
mai,L1,8818,hi
mai,L1,8840,hi
mai,L1,8842,mai
mai,L1,8848,hi
mai,L1,8851,mai
mai,L1,8856,mai
mai,L1,8864,mai
mai,L1,8865,mai
mai,L1,8867,mai
mai,L1,8868,ne
mai,L1,8873,mai
mai,L1,8875,mai
mai,L1,8878,mai
mai,L1,8887,mai
mai,L1,8890,ne
mai,L1,8891,ne
mai,L1,8893,ne
mai,L1,8898,mai
mai,L1,8900,ne
mai,L1,8902,hi
mai,L1,8912,mai
mai,L1,8920,mai
mai,L1,8923,hi
mai,L1,8927,ne
mai,L1,8928,hi
mai,L1,8932,ne
mai,L1,8948,mai
mai,L1,8949,mai
mai,L1,8954,mai
mai,L1,8969,mai
mai,L1,8971,mai
mai,L1,8974,hi
mai,L1,8982,ne
mai,L1,8984,mai
mai,L1,8985,ne
mai,L1,8988,ne
mai,L1,8989,ne
mai,L1,8990,hi
mai,L1,8991,hi
mai,L1,8993,ne
mai,L1,8994,mai
mai,L1,8997,hi
mai,L1,8998,mai
mai,L1,9000,hi
mai,L1,9001,mai
mai,L1,9002,ne
mai,L1,9015,mai
mai,L1,9027,mai
mai,L1,9028,mai
mai,L1,9030,hi
mai,L1,9033,ne
mai,L1,9035,mai
mai,L1,9036,mai
mai,L1,9040,mai
mai,L1,9055,mai
mai,L1,9056,mai
mai,L1,9059,mai
mai,L1,9067,mai
mai,L1,9071,mr
mai,L1,9076,hi
mai,L1,9077,mai
mai,L1,9079,mai
mai,L1,9084,mai
mai,L1,9093,mai
mai,L1,9094,mai
mai,L1,9098,mai
mai,L1,9101,mai
mai,L1,9105,mai
mai,L1,9107,mai
mai,L1,9111,mai
mai,L1,9112,mai
mai,L1,9116,mai
mai,L1,9120,mai
mai,L1,9122,ne
mai,L1,9126,mai
mai,L1,9132,hi
mai,L1,9133,hi
mai,L1,9147,hi
mai,L1,9149,mai
mai,L1,9165,mr
mai,L1,9169,mai
mai,L1,9176,mai
mai,L1,9177,hi
mai,L1,9186,hi
mai,L1,9187,mai
mai,L1,9190,mai
mai,L1,9191,mai
mai,L1,9193,mr
mai,L1,9194,mr
mai,L1,9195,ne
mai,L1,9196,mai
mai,L1,9199,mai
mai,L1,9202,mr
mai,L1,9212,mai
mai,L1,9214,mai
mai,L1,9215,hi
mai,L1,9224,mai
mai,L1,9229,hi
mai,L1,9232,hi
mai,L1,9234,mai
mai,L1,9238,mai
mai,L1,9243,mai
mai,L1,9245,mai
mai,L1,9256,ne
mai,L1,9267,hi
mai,L1,9268,mai
mai,L1,9275,mai
mai,L1,9284,mai
mai,L1,9286,hi
mai,L1,9292,hi
mai,L1,9306,hi
mai,L1,9313,mai
mai,L1,9314,mai
mai,L1,9319,mai
mai,L1,9331,ne
mai,L1,9333,mai
mai,L1,9355,mai
mai,L1,9358,mai
mai,L1,9359,mai
mai,L1,9360,hi
mai,L1,9362,mai
mai,L1,9363,mai
mai,L1,9364,mai
mai,L1,9367,mai
mai,L1,9371,mai
mai,L1,9381,mai
mai,L1,9389,hi
mai,L1,9390,hi
mai,L1,9391,hi
mai,L1,9410,mai
mai,L1,9416,mai
mai,L1,9425,mai
mai,L1,9427,mai
mai,L1,9428,mai
mai,L1,9440,hi
mai,L1,9441,mai
mai,L1,9442,mai
mai,L1,9447,mai
mai,L1,9448,mai
mai,L1,9452,ne
mai,L1,9455,mai
mai,L1,9456,mai
mai,L1,9459,ne
mai,L1,9465,mai
mai,L1,9466,ne
mai,L1,9477,mai
mai,L1,9479,mai
mai,L1,9482,ne
mai,L1,9484,mai
mai,L1,9488,mai
mai,L1,9494,mai
mai,L1,9495,mai
mai,L1,9498,hi
mai,L1,9506,hi
mai,L1,9511,mai
mai,L1,9512,hi
mai,L1,9513,mai
mai,L1,9542,mai
mai,L1,9548,mai
mai,L1,9551,ne
mai,L1,9555,hi
mai,L1,9585,hi
mai,L1,9586,mai
mai,L1,9596,bh
mai,L1,9603,hi
mai,L1,9610,ne
mai,L1,9613,mai
mai,L1,9617,ne
mai,L1,9624,hi
mai,L1,9629,mai
mai,L1,9654,ne
mai,L1,9661,hi
mai,L1,9666,mai
mai,L1,9669,mai
mai,L1,9673,ne
mai,L1,9682,mai
mai,L1,9686,mai
mai,L1,9691,mai
mai,L1,9698,mai
mai,L1,9701,mai
mai,L1,9703,mai
mai,L1,9708,mai
mai,L1,9716,hi
mai,L1,9735,mai
mai,L1,9737,mai
mai,L1,9746,hi
mai,L1,9760,mai
mai,L1,9763,hi
mai,L1,9769,hi
mai,L1,9773,mai
mai,L1,9775,mai
mai,L1,9776,hi
mai,L1,9785,ne
mai,L1,9788,mai
mai,L1,9798,ne
mai,L1,9803,mai
mai,L1,9814,hi
mai,L1,9815,mai
mai,L1,9823,hi
mai,L1,9826,hi
mai,L1,9827,hi
mai,L1,9832,mai
mai,L1,9835,mai
mai,L1,9839,mai
mai,L1,9841,mai
mai,L1,9846,mai
mai,L1,9848,hi
mai,L1,9851,ne
mai,L1,9857,ne
mai,L1,9863,hi
mai,L1,9864,hi
mai,L1,9868,mai
mai,L1,9872,hi
mai,L1,9873,mai
mai,L1,9874,mai
mai,L1,9878,ne
mai,L1,9884,mai
mai,L1,9888,mai
mai,L1,9914,ne
mai,L1,9916,hi
mai,L1,9924,mai
mai,L1,9926,mai
mai,L1,9946,mai
mai,L1,9952,ne
mai,L1,9960,hi
mai,L1,9961,ne
mai,L1,9971,mai
mai,L1,9972,hi
mai,L1,9980,ne
mai,L1,9985,mai
mai,L1,9998,hi
mai,L5,1,mai
mai,L5,3,hi
mai,L5,4,mai
mai,L5,5,hi
mai,L5,6,hi
mai,L5,7,mai
mai,L5,8,mai
mai,L5,9,mai
mai,L5,10,mai
mai,L5,11,hi
mai,L5,12,hi
mai,L5,13,mai
mai,L5,14,bh
mai,L5,15,mai
mai,L5,16,mai
mai,L5,17,hi
mai,L5,18,mai
mai,L5,19,mai
mai,L5,20,mai
mai,L5,21,hi
mai,L5,22,mai
mai,L5,23,mai
mai,L5,24,hi
mai,L5,25,hi
mai,L5,26,hi
mai,L5,27,mai
mai,L5,28,hi
mai,L5,29,mai
mai,L5,30,mai
mai,L5,31,mai
mai,L5,32,mai
mai,L5,33,mai
mai,L5,34,mai
mai,L5,35,mai
mai,L5,36,mai
mai,L5,37,mai
mai,L5,38,mai
mai,L5,39,mai
mai,L5,40,mai
mai,L5,41,mai
mai,L5,42,mai
mai,L5,43,mai
mai,L5,44,hi
mai,L5,45,hi
mai,L5,46,mai
mai,L5,47,mai
mai,L5,48,mai
mai,L5,49,mai
mai,L5,50,mai
mai,L5,51,mai
mai,L5,52,mai
mai,L5,53,mai
mai,L5,54,mai
mai,L5,55,mai
mai,L5,56,mai
mai,L5,57,mai
mai,L5,58,mai
mai,L5,59,hi
mai,L5,60,mai
mai,L5,61,mai
mai,L5,62,mai
mai,L5,63,hi
mai,L5,64,ne
mai,L5,65,hi
mai,L5,66,hi
mai,L5,67,mai
mai,L5,68,mai
mai,L5,71,hi
mai,L5,72,mai
mai,L5,73,mai
mai,L5,74,mai
mai,L5,75,mai
mai,L5,76,ne
mai,L5,77,mai
mai,L5,78,mai
mai,L5,79,mai
mai,L5,80,mai
mai,L5,81,mai
mai,L5,82,hi
mai,L5,83,mai
mai,L5,84,hi
mai,L5,85,mai
mai,L5,86,mai
mai,L5,87,mai
mai,L5,88,mai
mai,L5,89,mai
mai,L5,90,hi
mai,L5,91,mai
mai,L5,92,mai
mai,L5,93,hi
mai,L5,94,mai
mai,L5,95,mai
mai,L5,96,mai
mai,L5,97,mai
mai,L5,98,mai
mai,L5,99,mai
mai,L5,100,mai
mai,L5,101,mai
mai,L5,102,mai
mai,L5,103,mai
mai,L5,104,hi
mai,L5,105,mai
mai,L5,106,mai
mai,L5,107,mai
mai,L5,108,mai
mai,L5,109,hi
mai,L5,110,mai
mai,L5,111,hi
mai,L5,112,mai
mai,L5,113,mai
mai,L5,114,mai
mai,L5,115,mai
mai,L5,116,hi
mai,L5,117,mai
mai,L5,118,hi
mai,L5,119,mai
mai,L5,120,mai
mai,L5,121,mai
mai,L5,122,mai
mai,L5,123,mai
mai,L5,124,mai
mai,L5,125,hi
mai,L5,126,mai
mai,L5,127,mai
mai,L5,128,mai
mai,L5,129,mai
mai,L5,130,mai
mai,L5,131,mai
mai,L5,132,mai
mai,L5,133,mai
mai,L5,134,mai
mai,L5,135,mai
mai,L5,136,mai
mai,L5,137,mai
mai,L5,138,hi
mai,L5,139,mai
mai,L5,140,mai
mai,L5,141,mai
mai,L5,142,mai
mai,L5,143,mai
mai,L5,144,mai
mai,L5,145,mai
mai,L5,146,mai
mai,L5,147,mai
mai,L5,148,hi
mai,L5,149,mai
mai,L5,150,mai
mai,L5,151,mai
mai,L5,152,hi
mai,L5,153,mai
mai,L5,154,mai
mai,L5,155,mai
mai,L5,156,mai
mai,L5,157,mai
mai,L5,158,mai
mai,L5,159,mai
mai,L5,160,mai
mai,L5,161,mai
mai,L5,162,mai
mai,L5,163,hi
mai,L5,164,mai
mai,L5,165,mai
mai,L5,166,mai
mai,L5,168,mai
mai,L5,169,mai
mai,L5,170,mai
mai,L5,171,mai
mai,L5,173,mai
mai,L5,174,mai
mai,L5,175,ne
mai,L5,176,mai
mai,L5,177,mai
mai,L5,178,mai
mai,L5,179,hi
mai,L5,180,mai
mai,L5,181,mai
mai,L5,182,mai
mai,L5,183,mai
mai,L5,184,mai
mai,L5,185,mai
mai,L5,186,mai
mai,L5,187,mai
mai,L5,188,hi
mai,L5,189,mai
mai,L5,190,hi
mai,L5,191,mai
mai,L5,192,mai
mai,L5,193,mai
mai,L5,194,mai
mai,L5,195,mai
mai,L5,196,mai
mai,L5,197,mai
mai,L5,198,mai
mai,L5,199,hi
mai,L5,200,mai
mai,L5,201,mai
mai,L5,202,hi
mai,L5,203,hi
mai,L5,204,ne
mai,L5,205,hi
mai,L5,206,mai
mai,L5,207,mai
mai,L5,208,mai
mai,L5,209,mai
mai,L5,210,mai
mai,L5,211,mai
mai,L5,212,mai
mai,L5,213,mai
mai,L5,214,mai
mai,L5,215,mai
mai,L5,216,mai
mai,L5,217,mai
mai,L5,218,mai
mai,L5,219,mai
mai,L5,220,mai
mai,L5,221,mai
mai,L5,222,mai
mai,L5,223,hi
mai,L5,224,mai
mai,L5,225,mai
mai,L5,226,mai
mai,L5,228,hi
mai,L5,229,mai
mai,L5,230,mai
mai,L5,231,mai
mai,L5,232,mai
mai,L5,233,mai
mai,L5,234,mai
mai,L5,235,mai
mai,L5,236,mai
mai,L5,237,mai
mai,L5,238,hi
mai,L5,239,hi
mai,L5,240,mai
mai,L5,241,mai
mai,L5,242,hi
mai,L5,243,mai
mai,L5,244,mai
mai,L5,245,hi
mai,L5,246,hi
mai,L5,247,mai
mai,L5,248,ne
mai,L5,249,hi
mai,L5,250,hi
mai,L5,251,mai
mai,L5,252,hi
mai,L5,253,hi
mai,L5,254,mai
mai,L5,255,mai
mai,L5,256,mai
mai,L5,257,hi
mai,L5,258,hi
mai,L5,259,mai
mai,L5,260,mai
mai,L5,261,mai
mai,L5,262,mai
mai,L5,263,mai
mai,L5,264,mai
mai,L5,265,hi
mai,L5,266,mai
mai,L5,267,hi
mai,L5,268,mai
mai,L5,269,mai
mai,L5,270,mai
mai,L5,271,mai
mai,L5,272,hi
mai,L5,273,mai
mai,L5,274,hi
mai,L5,275,mai
mai,L5,276,mai
mai,L5,277,mai
mai,L5,278,mai
mai,L5,279,mai
mai,L5,280,mai
mai,L5,281,mai
mai,L5,282,mai
mai,L5,283,mai
mai,L5,284,mai
mai,L5,285,hi
mai,L5,286,hi
mai,L5,287,mai
mai,L5,288,mai
mai,L5,289,mai
mai,L5,290,mai
mai,L5,291,hi
mai,L5,292,hi
mai,L5,293,mai
mai,L5,294,mai
mai,L5,295,mai
mai,L5,296,mai
mai,L5,297,mai
mai,L5,298,mai
mai,L5,299,mai
mai,L5,300,mai
mai,L5,301,mai
mai,L5,302,mai
mai,L5,303,ne
mai,L5,304,mai
mai,L5,305,mai
mai,L5,306,mai
mai,L5,307,mai
mai,L5,308,mai
mai,L5,309,mai
mai,L5,310,mai
mai,L5,311,mai
mai,L5,312,mai
mai,L5,313,mai
mai,L5,314,mai
mai,L5,315,mai
mai,L5,316,hi
mai,L5,317,mai
mai,L5,318,mai
mai,L5,319,mai
mai,L5,320,mai
mai,L5,321,hi
mai,L5,322,mai
mai,L5,323,hi
mai,L5,324,mai
mai,L5,325,mai
mai,L5,326,mai
mai,L5,327,mai
mai,L5,328,mai
mai,L5,329,hi
mai,L5,330,mai
mai,L5,331,mai
mai,L5,332,mai
mai,L5,333,mai
mai,L5,334,ne
mai,L5,335,mai
mai,L5,337,mai
mai,L5,338,mai
mai,L5,339,mai
mai,L5,340,mai
mai,L5,341,mai
mai,L5,342,mai
mai,L5,343,hi
mai,L5,344,mai
mai,L5,345,hi
mai,L5,347,hi
mai,L5,349,mai
mai,L5,350,mai
mai,L5,351,sa
mai,L5,352,mai
mai,L5,353,mai
mai,L5,354,mai
mai,L5,355,hi
mai,L5,356,mai
mai,L5,357,hi
mai,L5,358,mai
mai,L5,359,mai
mai,L5,360,hi
mai,L5,361,mai
mai,L5,362,mai
mai,L5,363,hi
mai,L5,364,hi
mai,L5,365,hi
mai,L5,366,mai
mai,L5,367,hi
mai,L5,368,mai
mai,L5,369,hi
mai,L5,370,hi
mai,L5,371,mai
mai,L5,372,mai
mai,L5,373,mai
