uid,lang,domain,source,cluster,state,chars,band,cld3,langid,reader1,reader2,confirmed,both_confirmed,historical_v3,panel_text_match,source_file,source_record,text_sha256
2813,hi,read_speech_fleurs,fleurs,f1681hi,,215,200-399,hi,hi,Hindi,Hindi,true,true,hin_Deva,false,fleurs_hi_transcripts.json,doc:502,3472864b794a5c7ded8309e08c41ac75c73de6277d8c41557d15225504cec062
6029,hi,conversation,indicvoices,S4258203800376610,Uttar Pradesh,131,100-199,hi,hi,Hindi,Hindi,true,true,hin_Deva,false,indicvoices_rows.json,row:hindi:1262,4b6e20b984ac4679a7d375410fcd2352b16f1ad58534da3b8b232c82623c6097
4984,hi,extempore,indicvoices,S4256066300326902,Bihar,160,100-199,hi,hi,Hindi,,true,false,hin_Deva,false,indicvoices_rows.json,row:hindi:217,02c173ef919b76a54cee13ee118c1e8064bf0b421e009d764015d089fd265f0d
6970,ne,formal_written_sentence,wikipedia_sentence,w10027,,98,40-99,ne,ne,Nepali,,true,false,npi_Deva,false,wikipedia_ne_extracts.json,doc:35:sentence:12,49bc8b50db75da378745fd0c010ec04278f840e9c715163d92912d43c74cf07a
2150,ne,read_speech_fleurs,fleurs,f1821ne,,104,100-199,ne,ne,Nepali,,true,false,npi_Deva,false,fleurs_ne_transcripts.json,doc:869,4d866d56eae75135999f09a14663433b8b71bccf62b33a8bbdb941be21f39862
4331,ne,read_speech_iv,indicvoices,S4258010000311869,West Bengal,110,100-199,ne,ne,Nepali,Nepali,true,true,npi_Deva,false,indicvoices_rows.json,row:nepali:1364,a7fb7edadd11a120d416ef08ac2c23102ce9ec05daad773cb4eb274ae1c73659
4600,ne,conversation,indicvoices,S4256978800325427,West Bengal,147,100-199,ne,ne,Nepali,Nepali,true,true,npi_Deva,false,indicvoices_rows.json,row:nepali:1633,29b6ccff95c82ab2ea94ec889e10ecedfa43c6e09f66d232b763130e10d7ca1f
935,hi,formal_written,wikipedia,w564703,,195,100-199,hi,hi,Hindi,Hindi,true,true,hin_Deva,false,wikipedia_hi_extracts.json,doc:279,dc8d78db892d9ec1384c1585e4f83961b95f112a9a0d16dcbd6ca8ea630807e9
7731,hi,formal_written_sentence,wikipedia_sentence,w748610,,169,100-199,hi,hi,Hindi,,true,false,hin_Deva,false,wikipedia_hi_extracts.json,doc:349:sentence:9,0bd815c6ad7e42090c672e2307bea2724b48bdfed5c952c8f6c8cc018aa3a2cc
4275,ne,read_speech_iv,indicvoices,S4257003900347171,West Bengal,84,40-99,ne,ne,Both or code-switched,,false,false,npi_Deva,false,indicvoices_rows.json,row:nepali:1308,08dc7cc4e081704ac251e26c5b7f903f395542d856cf77d3c28f6142c1153b77
1215,hi,formal_written,wikipedia,w1409660,,1543,400+,hi,hi,Hindi,,true,false,hin_Deva,false,wikipedia_hi_extracts.json,doc:530,b11a692c83b74ce98986e0a86302edea56dd6ba06b8a1a424ed41cbd5b8b5729
4383,ne,conversation,indicvoices,S4258730100392052,West Bengal,107,100-199,ne,ne,Nepali,,true,false,npi_Deva,false,indicvoices_rows.json,row:nepali:1416,849c8a5be4253707eb228796c091a26ab5b3d71865d5b02088bb501be740aa93
7192,hi,formal_written_sentence,wikipedia_sentence,w1393455,,63,40-99,hi,mr,Hindi,,true,false,anp_Deva,false,wikipedia_hi_extracts.json,doc:524:sentence:11,87f075f91adeeb63578b54d4a866a5933f873ebc6eb100f5b7307d3b4c5e6636
2471,hi,read_speech_fleurs,fleurs,f1547hi,,110,100-199,hi,hi,Hindi,,true,false,hin_Deva,false,fleurs_hi_transcripts.json,doc:161,842cb4e660580caca21a75fc6a1e0b7053589d2a562f89de380640d0474defc8
6821,ne,formal_written_sentence,wikipedia_sentence,w6084,,111,100-199,ne,ne,Nepali,,true,false,npi_Deva,false,wikipedia_ne_extracts.json,doc:20:sentence:5,8549e63b3cd21f60932af30a41aedec3cdb8733f6632340735fd43ee895f17a0
4356,ne,conversation,indicvoices,S4259003500380226,West Bengal,117,100-199,ne,ne,Nepali,,true,false,npi_Deva,false,indicvoices_rows.json,row:nepali:1389,e76923079448b1bab15d41205af47ad229c37f9a5a12c364e11bcfff36845ca5
2930,hi,read_speech_fleurs,fleurs,f1714hi,,169,100-199,hi,hi,Hindi,Hindi,true,true,hin_Deva,false,fleurs_hi_transcripts.json,doc:620,034e74b108f4d448c8a632c351502965ae6b91e56b44f14f12abd9c8c95e4b9d
6157,hi,read_speech_iv,indicvoices,S4257864100349789,Madhya Pradesh,103,100-199,hi,hi,Hindi,,true,false,hin_Deva,false,indicvoices_rows.json,row:hindi:1390,f6ce1873d586af2b859e22af1bdbc2dcaa4f7fcd7223bd055d2c49e01eac8b35
6073,hi,read_speech_iv,indicvoices,S4259804900365903,Madhya Pradesh,50,40-99,hi,hi,Hindi,,true,false,hin_Deva,false,indicvoices_rows.json,row:hindi:1306,93fa90f5ddf7618688a2d1a8609e8c612a1302b3700067378e2cd8f8fd92fc09
6475,hi,read_speech_iv,indicvoices,S4257008400384828,Madhya Pradesh,208,200-399,hi,hi,Hindi,,true,false,hin_Deva,false,indicvoices_rows.json,row:hindi:1708,3887023648d24dfbf4256a3668f06c74e7eb6ce25101cd218f6b744d3f9d0c14
4678,ne,conversation,indicvoices,S4257490800307569,West Bengal,199,100-199,ne,ne,Nepali,Nepali,true,true,npi_Deva,false,indicvoices_rows.json,row:nepali:1711,62b5cae35f83f26957640846209594b457ecf5e238a5fe122c772f271941ab1b
834,hi,formal_written,wikipedia,w268053,,101,100-199,hi,hi,Hindi,,true,false,awa_Deva,false,wikipedia_hi_extracts.json,doc:183,081b237739d2ddb5ea83e73d7b2128281dee82d2d9aecd26e5fb494ed398025c
1152,hi,formal_written,wikipedia,w1220582,,242,200-399,hi,hi,Hindi,Hindi,true,true,hin_Deva,false,wikipedia_hi_extracts.json,doc:472,e3412ad25ee2696270d8aaf6a391819a4602d9c518354eeaedddd5ee0abc91ee
2139,ne,read_speech_fleurs,fleurs,f1982ne,,123,100-199,ne,ne,Nepali,Nepali,true,true,npi_Deva,false,fleurs_ne_transcripts.json,doc:859,1ed0c6abc9fb51fd833fc123a4e47c03b7df978713c388f65cfe5325fe25c3a6
4414,ne,conversation,indicvoices,S4259183400364958,West Bengal,160,100-199,ne,ne,Cannot tell,,false,false,npi_Deva,false,indicvoices_rows.json,row:nepali:1447,32700dbf5210a6113d57943c153733dd553ea98b230b19f665f29aa20f112976
6915,ne,formal_written_sentence,wikipedia_sentence,w8811,,123,100-199,ne,ne,Nepali,,true,false,npi_Deva,false,wikipedia_ne_extracts.json,doc:32:sentence:9,2ea522315eb07fd7a09687773c49d09cf299aa1c9eeda475f1a171866966754f
4231,ne,conversation,indicvoices,S4259644800354773,West Bengal,116,100-199,ne,ne,Cannot tell,Nepali,false,false,npi_Deva,false,indicvoices_rows.json,row:nepali:1264,844c7fd271c957cbbc763ddb6f730b60bc1f95b92039182c24d3783f5a61b53e
2516,hi,read_speech_fleurs,fleurs,f1560hi,,83,40-99,hi,hi,Hindi,Hindi,true,true,hin_Deva,false,fleurs_hi_transcripts.json,doc:206,266340424d892c57c33ee24a167591c5fe75f323ccc22fe00a4c3ca37dec5de9
3737,ne,extempore,indicvoices,S4259502400394156,Assam,141,100-199,ne,ne,Cannot tell,Nepali,false,false,npi_Deva,false,indicvoices_rows.json,row:nepali:770,a7c88f72095de18e8def9055214889ac1bdcaa38dc3ef33c1f50e85d6f62218c
2573,hi,read_speech_fleurs,fleurs,f1779hi,,95,40-99,hi,hi,Hindi,Hindi,true,true,hin_Deva,false,fleurs_hi_transcripts.json,doc:262,3ae64c8cec13c7ffe24281b4e3a1022f373de807cba0514fc682e2751e02f99a
41,ne,formal_written,wikipedia,w12435,,4693,400+,ne,ne,Cannot tell,Nepali,false,false,npi_Deva,false,wikipedia_ne_extracts.json,doc:41,dad5089bba0dd448ab0fe1df688680ea55771298986a278e04e76f5c92a34563
7686,hi,formal_written_sentence,wikipedia_sentence,w1570696,,110,100-199,hi,hi,Hindi,,true,false,hin_Deva,false,wikipedia_hi_extracts_b.json,doc:619:sentence:14,a5b015869e2d74aa1b2b83208f85d8476874b40a49fec39599549b76a331970f
2316,hi,read_speech_fleurs,fleurs,f1648hi,,69,40-99,hi,hi,Hindi,,true,false,anp_Deva,false,fleurs_hi_transcripts.json,doc:6,66c09c245c2168f19d552696e6147769801fd3e2ba15fbdd748c77fd03c22037
6,ne,formal_written,wikipedia,w3899,,401,400+,ne,ne,Nepali,,true,false,npi_Deva,false,wikipedia_ne_extracts.json,doc:6,bce270cfcc689b75c0bc6921ab3ad12fa78360a6f378810b324d57933723528e
5398,hi,extempore,indicvoices,S4259989700318453,Uttar Pradesh,130,100-199,hi,hi,Hindi,,true,false,hin_Deva,false,indicvoices_rows.json,row:hindi:631,667f30b17dfb5ff49eafa09da85b147aa1aaaca4ddefeef367bafb132d43ee83
7171,hi,formal_written_sentence,wikipedia_sentence,w54789,,109,100-199,hi,hi,Hindi,,true,false,anp_Deva,false,wikipedia_hi_extracts.json,doc:61:sentence:4,7f82ed751d191d7eadbfd56fcb13c01ef78f3a2ea5d031b03744ae785e03e05b
1212,hi,formal_written,wikipedia,w1398630,,737,400+,hi,hi,Hindi,Hindi,true,true,anp_Deva,false,wikipedia_hi_extracts.json,doc:527,c3683be169c670932c127a40ebbdfd881cdc41aac4d2f93f94e4138280ddfd00
5788,hi,conversation,indicvoices,S4257809700345756,Bihar,198,100-199,hi,hi,Hindi,,true,false,hin_Deva,false,indicvoices_rows.json,row:hindi:1021,68712796981747b36a851a2cd779d65b5bb6b8538988376d244d656dbd129124
3832,ne,extempore,indicvoices,S4257010100302989,Assam,161,100-199,ne,ne,Nepali,,true,false,npi_Deva,false,indicvoices_rows.json,row:nepali:865,8821fb86e92473762c2738ed82cf811b8f20e77b72de9b8013c729ad2df50712
1821,ne,read_speech_fleurs,fleurs,f1695ne,,123,100-199,ne,ne,Nepali,Nepali,true,true,npi_Deva,false,fleurs_ne_transcripts.json,doc:542,fdd329ba2c7303e3c55202a21c6dedd8d50b7414d55faeff72240a0a635aaf58
796,hi,formal_written,wikipedia,w188539,,266,200-399,hi,hi,Hindi,,true,false,hin_Deva,false,wikipedia_hi_extracts.json,doc:147,8971a05e03b1861c5494d8b9343b1d76de7feec7c1bd86cf8545fdf6de5a75bb
6636,ne,formal_written_sentence,wikipedia_sentence,w122645,,138,100-199,ne,ne,Nepali,,true,false,npi_Deva,false,wikipedia_ne_extracts.json,doc:521:sentence:1,916ae107681ee74ecc037bfa53ad67afed5325837d7d2f1804a57d7c88b9d121
3623,ne,extempore,indicvoices,S4259046100311619,Assam,281,200-399,ne,ne,Nepali,Nepali,true,true,npi_Deva,false,indicvoices_rows.json,row:nepali:656,65216b4ea7e912267eacde214222009162e3ec4d4d1a0fb223fa219acdccb9ea
5523,hi,extempore,indicvoices,S4257002000383957,Madhya Pradesh,108,100-199,mr,mr,Nepali,,false,false,mai_Deva,false,indicvoices_rows.json,row:hindi:756,78157a8bbfd3cbcc602459e6269362928db9bddb8b420f264091fb7f65fd8028
362,ne,formal_written,wikipedia,w84187,,997,400+,ne,ne,Nepali,,true,false,npi_Deva,false,wikipedia_ne_extracts.json,doc:366,2cea41c2f23c2a9076076501e5740e62324decaa0c19d27bf8df15e78319f679
5668,hi,conversation,indicvoices,S4259294700318500,Bihar,102,100-199,hi,hi,Hindi,,true,false,hin_Deva,false,indicvoices_rows.json,row:hindi:901,9bd4f9f5178496d9c8a9a4315f1858ec01ea0f5ceb0a663d4157cd99b6e856d1
2972,ne,read_speech_iv,indicvoices,S4257025400301875,West Bengal,99,40-99,ne,ne,Nepali,,true,false,npi_Deva,false,indicvoices_rows.json,row:nepali:5,b26b3bc9d16db149e561d1a6e12be4a84070af33d44fb0160c2232d9b4daba22
6487,hi,read_speech_iv,indicvoices,S4256620200321858,Madhya Pradesh,73,40-99,hi,hi,Hindi,,true,false,hin_Deva,false,indicvoices_rows.json,row:hindi:1720,14410ae1f9f350521bac92bdeb44b9daf7e003a3fcd0d6ccb21940b8d7b82fee
5721,hi,conversation,indicvoices,S4257593400361922,Uttar Pradesh,122,100-199,hi,hi,Hindi,,true,false,hin_Deva,false,indicvoices_rows.json,row:hindi:954,82c2a70b238d3b90da21027ac13b802f340bcd4a9f7a4a4b7edd48e6cb74e78e
6299,hi,read_speech_iv,indicvoices,S4259556500311915,Uttar Pradesh,145,100-199,hi,hi,Hindi,,true,false,hin_Deva,false,indicvoices_rows.json,row:hindi:1532,b0abf05a7d1a7391b4f38ff702695826c1e3ee41a98e7f350ee3a2a3711dfd2c
6084,hi,conversation,indicvoices,S4259295600386560,Madhya Pradesh,176,100-199,hi,hi,Hindi,,true,false,hin_Deva,false,indicvoices_rows.json,row:hindi:1317,228830e7dcc7e907780c1fc7bbb0a02c8ed50799841bc2f788b2662140f18cba
7199,hi,formal_written_sentence,wikipedia_sentence,w572561,,92,40-99,hi,hi,Both or code-switched,,false,false,hin_Deva,false,wikipedia_hi_extracts.json,doc:280:sentence:4,0dd393a03e698e32c2635f18b961703f30961b08bdc59e67638bd3cd28488baf
7717,hi,formal_written_sentence,wikipedia_sentence,w7519,,103,100-199,hi,hi,Hindi,Nepali,true,false,anp_Deva,false,wikipedia_hi_extracts.json,doc:6:sentence:8,978e6aab4b0ad842615368ca45f4a1d3982d2d92f8a59d217468f23c8c4ee718
1731,ne,read_speech_fleurs,fleurs,f1674ne,,77,40-99,ne,ne,Nepali,,true,false,npi_Deva,false,fleurs_ne_transcripts.json,doc:451,3bc3f6e3ddb5c4c44f30114f490337a97047e173ebe8b2b2b70cb63be3840782
5194,hi,extempore,indicvoices,S4259226600368205,Uttar Pradesh,126,100-199,hi,hi,Hindi,,true,false,hin_Deva,false,indicvoices_rows.json,row:hindi:427,8bb6ae7066fdd851d9361fea286506dee80b18f8d1199ae63dc09bd4e6e8f3b6
4997,hi,extempore,indicvoices,S4259764300304518,Madhya Pradesh,162,100-199,hi,hi,Hindi,,true,false,hin_Deva,false,indicvoices_rows.json,row:hindi:230,26e7e374abf2e80c17848a1374e5c7f1539a7df2d1785bce4168dc43d6113819
2517,hi,read_speech_fleurs,fleurs,f1560hi,,83,40-99,hi,hi,Hindi,,true,false,hin_Deva,false,fleurs_hi_transcripts.json,doc:206,266340424d892c57c33ee24a167591c5fe75f323ccc22fe00a4c3ca37dec5de9
5451,hi,extempore,indicvoices,S4259918700378788,Bihar,101,100-199,hi,hi,Hindi,Hindi,true,true,hin_Deva,false,indicvoices_rows.json,row:hindi:684,78dc90c88fe2eb800caac579bf4e6c13a8c4cfe257e6223f107a0fae3ead1f13
3946,ne,read_speech_iv,indicvoices,S4259690300384745,Assam,155,100-199,ne,ne,Nepali,,true,false,npi_Deva,false,indicvoices_rows.json,row:nepali:979,7b9c331974b200373dae1042661bed92e88500ed6d69ccbedcd5a119d490c9e4
7495,hi,formal_written_sentence,wikipedia_sentence,w38603,,119,100-199,hi,hi,Hindi,Both or code-switched,true,false,hin_Deva,false,wikipedia_hi_extracts.json,doc:46:sentence:10,eb69085404088730883e3d88b0ab28b28af23a2208a63245e40f51f638ef828f
187,ne,formal_written,wikipedia,w32833,,415,400+,ne,ne,Nepali,,true,false,npi_Deva,false,wikipedia_ne_extracts.json,doc:189,d47c5d834febc4027cd6514630b8caaf49c3faa970690fed8cae7f4454e3233f
3035,ne,extempore,indicvoices,S4256534700331405,Assam,133,100-199,ne,ne,Nepali,,true,false,npi_Deva,false,indicvoices_rows.json,row:nepali:68,d5f2fc285099b9bc4f6976e34858f0078fec8b45c993d5778f1f97cd0556906c
1783,ne,read_speech_fleurs,fleurs,f1917ne,,107,100-199,ne,ne,Nepali,,true,false,npi_Deva,false,fleurs_ne_transcripts.json,doc:504,ad23fdf9c7ac7329d199f262b9225b4fdeacdd99aa9b7eefd36b3938de1ba556
6771,ne,formal_written_sentence,wikipedia_sentence,w29764,,142,100-199,ne,ne,Nepali,,true,false,npi_Deva,false,wikipedia_ne_extracts.json,doc:151:sentence:1,fe05d4da7ca98278d425936febddeb9ad03cdac30609744a859c95646026d0d7
126,ne,formal_written,wikipedia,w26995,,333,200-399,ne,ne,Nepali,,true,false,npi_Deva,false,wikipedia_ne_extracts.json,doc:128,7883109af806ea3d602f0322a482ccfb88bbd1a26c6992917d98f979cb2e3160
2786,hi,read_speech_fleurs,fleurs,f1853hi,,102,100-199,hi,hi,Hindi,,true,false,anp_Deva,false,fleurs_hi_transcripts.json,doc:475,8de7fb8a08654cb6d2d5c42cad8fd0dc55039ebab1f3394802ab547b12de5500
117,ne,formal_written,wikipedia,w26250,,404,400+,ne,ne,Nepali,Nepali,true,true,npi_Deva,false,wikipedia_ne_extracts.json,doc:119,d97fe2df8fd5af246c7eca1d59b60d1955d20a77a06cfdc03da64b3b6c9f9476
3203,ne,extempore,indicvoices,S4259540800384019,Assam,109,100-199,ne,ne,Nepali,,true,false,npi_Deva,false,indicvoices_rows.json,row:nepali:236,8e26b6e6f33b4121bba381181370e63067b69ac0ec317d3c6c2758d608f42b67
1059,hi,formal_written,wikipedia,w832135,,131,100-199,hi,hi,Hindi,Hindi,true,true,anp_Deva,false,wikipedia_hi_extracts.json,doc:390,9dd27faca4d85192c3ebcce903336593b3f75f119ecdb7d49394a9e9732f0ada
3907,ne,read_speech_iv,indicvoices,S4256991900327142,West Bengal,90,40-99,ne,ne,Nepali,,true,false,npi_Deva,false,indicvoices_rows.json,row:nepali:940,36466b892c5f2f97113e65e3bdf2190377844d56d374292cc2a781c21cb31481
6621,ne,formal_written_sentence,wikipedia_sentence,w51026,,179,100-199,ne,ne,Nepali,Nepali,true,true,npi_Deva,false,wikipedia_ne_extracts.json,doc:239:sentence:13,e73ec02fa744f47e6e2dc5f7170ce9a1de220dcf3cc1747a06ba471f62368ce5
5532,hi,extempore,indicvoices,S4259241600355788,Bihar,241,200-399,hi,hi,Hindi,,true,false,hin_Deva,false,indicvoices_rows.json,row:hindi:765,225004a8b539dd4f07b65121740f40239c4c8be0296804589584c2e679d33d13
1734,ne,read_speech_fleurs,fleurs,f1934ne,,116,100-199,ne,hi,Nepali,,true,false,npi_Deva,false,fleurs_ne_transcripts.json,doc:455,7a1f2f54942e3701afb84d94fb00f60bd5eb20dae07359ebba480854fe0f99d1
5965,hi,conversation,indicvoices,S4259161200398412,Uttar Pradesh,177,100-199,hi,hi,Hindi,Hindi,true,true,hin_Deva,false,indicvoices_rows.json,row:hindi:1198,e3bb1e092e24f8e56eb172bd172683ab85cd15b90447b676393047befb96e7b2
2340,hi,read_speech_fleurs,fleurs,f1532hi,,150,100-199,hi,hi,Hindi,Hindi,true,true,hin_Deva,false,fleurs_hi_transcripts.json,doc:30,746372caa6f310cc44b3e3036a7cb51e9723cdcabc8703051a0494a0b812ba8d
3969,ne,read_speech_iv,indicvoices,S4257743300347971,West Bengal,96,40-99,ne,hi,Nepali,n,true,false,anp_Deva,false,indicvoices_rows.json,row:nepali:1002,e93728559c3e8eef826f80f965051de1cf8de95ea0cd8cf5db8d4d22ab4e80a2
3211,ne,read_speech_iv,indicvoices,S4257383800368208,Assam,140,100-199,ne,ne,Nepali,,true,false,npi_Deva,false,indicvoices_rows.json,row:nepali:244,99f02d1088c17d925f2892f151689d0a959a02d544017acba2c1e10b95e1c470
3139,ne,read_speech_iv,indicvoices,S4259898600383193,West Bengal,131,100-199,ne,ne,Nepali,,true,false,npi_Deva,false,indicvoices_rows.json,row:nepali:172,684f885ec69da0ac421d888080db341a5118f33504e8b64fe683e9beb8a696b9
4944,hi,extempore,indicvoices,S4259746100397283,Madhya Pradesh,266,200-399,hi,hi,Hindi,Hindi,true,true,hin_Deva,false,indicvoices_rows.json,row:hindi:177,82bed9b1c2945e477bcbf5d3b552e5542a33459c385eefaae60ca5bf25a06f8a
2140,ne,read_speech_fleurs,fleurs,f1887ne,,95,40-99,ne,ne,Nepali,,true,false,npi_Deva,false,fleurs_ne_transcripts.json,doc:861,dcdd1a5894147c8f60cba7fac76f0236dea940b260561cb41e8d4e30b1dd0d8b
4729,ne,conversation,indicvoices,S4259358600382389,West Bengal,115,100-199,ne,ne,Nepali,Nepali,true,true,npi_Deva,false,indicvoices_rows.json,row:nepali:1762,1fafc98b85d48941df36a60f251598c9ae1c0a766dd044c2b551593b0a383dca
895,hi,formal_written,wikipedia,w399918,,84,40-99,hi,hi,Hindi,Hindi,true,true,hin_Deva,false,wikipedia_hi_extracts.json,doc:242,c1a5ef51ee019922aad8da39459a46b953d6117c5d77a28bf58a271affd7fb12
3526,ne,extempore,indicvoices,S4259055300302087,West Bengal,127,100-199,ne,ne,Nepali,,true,false,npi_Deva,false,indicvoices_rows.json,row:nepali:559,341d4dd5df991bb5c4a54a263008a027114e9864ff940524dc776749ac98bc4a
6921,ne,formal_written_sentence,wikipedia_sentence,w32804,,93,40-99,ne,hi,Nepali,Nepali,true,true,npi_Deva,false,wikipedia_ne_extracts.json,doc:187:sentence:3,692a662ea7fc0a724f2d804c3aecb50908844669bb48c67ac99a168c12173622
7380,hi,formal_written_sentence,wikipedia_sentence,w384630,,123,100-199,hi,hi,Hindi,,true,false,hin_Deva,false,wikipedia_hi_extracts.json,doc:237:sentence:4,4020ef594c9adf870dc58289fb5cc159177a94449bead39968df5e9d1dfc9d81
2773,hi,read_speech_fleurs,fleurs,f1765hi,,109,100-199,hi,hi,Hindi,Hindi,true,true,hin_Deva,false,fleurs_hi_transcripts.json,doc:463,cb957800bf602f39d29d0637e08551a8eea1e74b13cb002d96a7605cedf17b1b
6948,ne,formal_written_sentence,wikipedia_sentence,w6084,,72,40-99,ne,ne,Nepali,,true,false,npi_Deva,false,wikipedia_ne_extracts.json,doc:20:sentence:7,09a1371a7cc36db08f1d2d632d6fa2f845edbb31562af72788c2f35e098f9ffa
7137,ne,formal_written_sentence,wikipedia_sentence,w97535,,166,100-199,ne,ne,Nepali,,true,false,npi_Deva,false,wikipedia_ne_extracts.json,doc:418:sentence:16,4558a58718f509b3e2af8f60ccb242cfe4128018c725493ddd2dd8428d89b18c
5314,hi,conversation,indicvoices,S4258816400392708,Madhya Pradesh,208,200-399,hi,hi,Hindi,Hindi,true,true,hin_Deva,false,indicvoices_rows.json,row:hindi:547,51bdc29ee0a6332b8858cad3f0ca2d8fdd011e2bbfd5f63c66ffe93d1b51485c
3420,ne,extempore,indicvoices,S4259519100384349,Assam,172,100-199,ne,ne,Nepali,,true,false,npi_Deva,false,indicvoices_rows.json,row:nepali:453,bc718755d9f2cfcc558370958ea3dfb9ff2ec29649fbbaedd0ec665b21d6f07c
6528,hi,read_speech_iv,indicvoices,S4258608000394368,Madhya Pradesh,45,40-99,hi,hi,Hindi,,true,false,hin_Deva,false,indicvoices_rows.json,row:hindi:1761,6d9e98d27a8e5f46b81f21de02128e8916bb94daa5bb0e3c76f4aa6e6910ecd0
3011,ne,extempore,indicvoices,S4258704300386782,Assam,135,100-199,ne,ne,Nepali,Nepali,true,true,npi_Deva,false,indicvoices_rows.json,row:nepali:44,3096d40a38cf63c87a1ad0c6596e993d7b4854ee25217c33db1faa2fe10f581a
2104,ne,read_speech_fleurs,fleurs,f1669ne,,99,40-99,ne,ne,Nepali,Nepali,true,true,npi_Deva,false,fleurs_ne_transcripts.json,doc:824,0d9a6d0d06cd468922113dff29093f9f1465f9dee9842ce3ac10feb309d771d6
600,ne,formal_written,wikipedia,w143699,,257,200-399,ne,ne,Nepali,,true,false,npi_Deva,false,wikipedia_ne_extracts.json,doc:609,a8abe4e582e2f059e48c2e63ffaca535b5849fb5d031f2f7b1a5421f09a5a68a
6358,hi,read_speech_iv,indicvoices,S4258635300390001,Uttar Pradesh,136,100-199,hi,hi,Hindi,,true,false,hin_Deva,false,indicvoices_rows.json,row:hindi:1591,94a915404b4c90a9367607a573f3752c50d54659da053b073008150c6674e514
4262,ne,read_speech_iv,indicvoices,S4258045700390584,West Bengal,121,100-199,ne,ne,Nepali,Hindi,true,false,npi_Deva,false,indicvoices_rows.json,row:nepali:1295,a81a722dd76ef6587c7c479b398c6197a4cce23d207486f777347ab5a65456c8
5087,hi,extempore,indicvoices,S4259312900336902,Uttar Pradesh,118,100-199,hi,hi,Hindi,,true,false,hin_Deva,false,indicvoices_rows.json,row:hindi:320,fdb3aefada08cbb0f0b278f78fb4ad5c8e058ec33f73b376c33385342aa8ba9e
4298,ne,read_speech_iv,indicvoices,S4257799100369302,West Bengal,45,40-99,ne,ne,Nepali,Nepali,true,true,npi_Deva,false,indicvoices_rows.json,row:nepali:1331,b1288e0e8831dbdcc860904a9e9383ddcc7cfcf2f1be27f32145b5c592fa9ad3
7374,hi,formal_written_sentence,wikipedia_sentence,w384630,,66,40-99,hi,mr,Hindi,,true,false,anp_Deva,false,wikipedia_hi_extracts.json,doc:237:sentence:3,003e5daeace3798edbf91d36dcc2837e7069f57259c5ecd6214e2bb274bf2a3c
4571,ne,conversation,indicvoices,S4259747200369569,West Bengal,240,200-399,ne,ne,Nepali,,true,false,npi_Deva,false,indicvoices_rows.json,row:nepali:1604,13690c9d4b2d9aac53b23ebcfc1831dbf53fba887dc3ee5b4362c8671b150474
5462,hi,read_speech_iv,indicvoices,S4258558000397595,Uttar Pradesh,179,100-199,hi,hi,Hindi,Hindi,true,true,hin_Deva,false,indicvoices_rows.json,row:hindi:695,e33538af079f2acbe4cf0f392fdd427229c0901c314d71d4b597d4077d03cbac
5293,hi,extempore,indicvoices,S4259306700361366,Bihar,251,200-399,hi,hi,Hindi,,true,false,hin_Deva,false,indicvoices_rows.json,row:hindi:526,65c89751f42c2b0346d50fb654979408d4c60f2771e650d213cfbf3e9471c8da
3826,ne,extempore,indicvoices,S4259078900380821,West Bengal,148,100-199,ne,ne,Nepali,,true,false,npi_Deva,false,indicvoices_rows.json,row:nepali:859,5cdad080ccb17423f066d75f7c83fddf30f85c37a265439155ed66c83ddc07d4
1385,ne,read_speech_fleurs,fleurs,f1637ne,,255,200-399,ne,hi,Nepali,Both or code-switched,true,false,npi_Deva,false,fleurs_ne_transcripts.json,doc:102,8725eb5c9404d032d098c3690cb5314733c4d7bf0d458cbf876ef97c1979de3c
2850,hi,read_speech_fleurs,fleurs,f1953hi,,78,40-99,hi,hi,Hindi,,true,false,anp_Deva,false,fleurs_hi_transcripts.json,doc:540,3df1e57bc2260f5d0bc92d873d6c63c6192b02ebd2c433c0ab3240cd8740162e
5682,hi,extempore,indicvoices,S4258798800383835,Bihar,117,100-199,hi,hi,Hindi,,true,false,hin_Deva,false,indicvoices_rows.json,row:hindi:915,f2044f1ef688b04ab4562bca792660798997f20e19a922b20bafcafad910bba2
4271,ne,read_speech_iv,indicvoices,S4257783100382821,West Bengal,112,100-199,ne,ne,Nepali,Nepali,true,true,npi_Deva,false,indicvoices_rows.json,row:nepali:1304,80246641754ed50a16d58ea77ecbc985736ceefed9797261c9b353ff461988df
1355,ne,read_speech_fleurs,fleurs,f1530ne,,95,40-99,ne,ne,Nepali,,true,false,npi_Deva,false,fleurs_ne_transcripts.json,doc:73,72d8233a0c8b4fac015f647889a42ad0b7f0d5f387935d217515373c979fe8e9
6741,ne,formal_written_sentence,wikipedia_sentence,w32833,,152,100-199,mr,mr,Nepali,Nepali,true,true,npi_Deva,false,wikipedia_ne_extracts.json,doc:189:sentence:0,9f668b94e9ad0d15e8f16de85e85e55912f3d28d9324e041de76b4519efc6cc8
7518,hi,formal_written_sentence,wikipedia_sentence,w1327700,,65,40-99,hi,mr,Hindi,,true,false,hin_Deva,false,wikipedia_hi_extracts.json,doc:504:sentence:1,5300b56c8dec4b861c0d97c85c1aa8d0b63a48f43b3c3ea9b299764f8621d454
3234,ne,extempore,indicvoices,S4259003000311674,Assam,114,100-199,ne,ne,Nepali,,true,false,npi_Deva,false,indicvoices_rows.json,row:nepali:267,ae85e98d9b5d0d1db0efa6a0dff71e4111d5f529808e48e5de348f095e3d494f
6069,hi,read_speech_iv,indicvoices,S4259582900359569,Uttar Pradesh,182,100-199,hi,hi,Hindi,,true,false,hin_Deva,false,indicvoices_rows.json,row:hindi:1302,abb948f02fe69eb28316310d601cda52b36dbfd0ca2e3ef90b1f49aff894cff4
6423,hi,read_speech_iv,indicvoices,S4256013100337112,Uttar Pradesh,199,100-199,hi,hi,Hindi,,true,false,hin_Deva,false,indicvoices_rows.json,row:hindi:1656,9624df3f8d1626add86ae30f452b9ebac61de74967d5a9ebcd02516d2f195be6
3911,ne,read_speech_iv,indicvoices,S4257023000301395,West Bengal,62,40-99,ne,ne,Nepali,Nepali,true,true,npi_Deva,false,indicvoices_rows.json,row:nepali:944,dc0ed7b073efb1e1ea50e987025c28de13f5e29f181fbb53bb203886f588067d
4766,ne,conversation,indicvoices,S4258183400398435,West Bengal,126,100-199,ne,ne,Nepali,,true,false,npi_Deva,false,indicvoices_rows.json,row:nepali:1799,e799ed120636826bea853ab0d0d10d57e5c7f29beeda173b6217b36342332cad
6556,hi,read_speech_iv,indicvoices,S4257993600399547,Madhya Pradesh,45,40-99,hi,hi,Hindi,,true,false,hin_Deva,false,indicvoices_rows.json,row:hindi:1789,79e3435cc654a429e45fe801ca4c45bee7486c5d3d0c6ce81248f4c0cdc87ecd
2747,hi,read_speech_fleurs,fleurs,f1975hi,,101,100-199,hi,hi,Hindi,,true,false,hin_Deva,false,fleurs_hi_transcripts.json,doc:437,cf08f1dc78ead4d0968aafe838505bddb92c8562491c4e1b0d13016bd9ca6ddf
6975,ne,formal_written_sentence,wikipedia_sentence,w35234,,89,40-99,ne,ne,Nepali,,true,false,npi_Deva,false,wikipedia_ne_extracts.json,doc:199:sentence:4,0a2e659c819c059ebf90090514b3f660a37d37b36c9fb75ed8202c636ed4df5e
5655,hi,extempore,indicvoices,S4257929900391749,Uttar Pradesh,189,100-199,hi,hi,Hindi,,true,false,hin_Deva,false,indicvoices_rows.json,row:hindi:888,279aad385dc8af2e08e49f739d5d0531a28313e1764e44c2a610ea10cc4ad815
5845,hi,conversation,indicvoices,S4259233400396632,Madhya Pradesh,126,100-199,hi,hi,Hindi,Hindi,true,true,hin_Deva,false,indicvoices_rows.json,row:hindi:1078,3fc8f93fc7c125e5e3fc39123b2f13eca613a538da89875760bbe3d53f517184
5463,hi,read_speech_iv,indicvoices,S4258207300392943,Uttar Pradesh,80,40-99,hi,hi,Hindi,,true,false,hin_Deva,false,indicvoices_rows.json,row:hindi:696,2cb67a57bffdcca23b677c7c14408357f3f6ec24dd747599d00f106d76a6140b
5005,hi,conversation,indicvoices,S4259665800322626,Bihar,154,100-199,hi,hi,Hindi,Hindi,true,true,hin_Deva,false,indicvoices_rows.json,row:hindi:238,0f650bb649a0a5c73b52c60d6880afebf71ed9f5f487cd5fdada90ee1eb53962
7368,hi,formal_written_sentence,wikipedia_sentence,w579952,,97,40-99,hi,hi,Hindi,,true,false,anp_Deva,false,wikipedia_hi_extracts.json,doc:283:sentence:12,93a6ccf331b37e627a1d39e6e3045714a693b8f3e103aa31eecd6014e0560d53
7378,hi,formal_written_sentence,wikipedia_sentence,w774759,,95,40-99,hi,hi,Hindi,Hindi,true,true,hin_Deva,false,wikipedia_hi_extracts.json,doc:371:sentence:27,4abfbf9c4c1fe72dc241089c36fe08d3f51a397185c901a5a159227943398a39
5561,hi,extempore,indicvoices,S4259781500350621,Bihar,100,100-199,hi,hi,Hindi,,true,false,hin_Deva,false,indicvoices_rows.json,row:hindi:794,463a6e683a0bd14d192f55447de38756e004ee29c2ad1611316dd3daeaa758f5
5626,hi,extempore,indicvoices,S4258235100343392,Uttar Pradesh,151,100-199,hi,hi,Hindi,,true,false,hin_Deva,false,indicvoices_rows.json,row:hindi:859,400b2dd3146bb2c997465e6a1c9d3e73312a91076281209e12ee7d59a46b32fe
5552,hi,extempore,indicvoices,S4259312900336902,Uttar Pradesh,101,100-199,hi,hi,Hindi,Hindi,true,true,hin_Deva,false,indicvoices_rows.json,row:hindi:785,cc57d739979b92ce49f399793dfc51da53c7f80e5325f6de317be105057f149f
5917,hi,read_speech_iv,indicvoices,S4257761400336421,Uttar Pradesh,69,40-99,hi,hi,Hindi,Hindi,true,true,hin_Deva,false,indicvoices_rows.json,row:hindi:1150,a01c68dd4ba0fc53271dccf51c66efb15d82dbef27972bfa68f9b19bd236f2ae
2081,ne,read_speech_fleurs,fleurs,f1731ne,,61,40-99,ne,mr,Nepali,Nepali,true,true,npi_Deva,false,fleurs_ne_transcripts.json,doc:802,be95f9bf483bb645bc1ddff50b2e9bbbf0c88ee64b75628b960b34bd55fd5cdd
1598,ne,read_speech_fleurs,fleurs,f1895ne,,101,100-199,ne,ne,Nepali,Nepali,true,true,npi_Deva,false,fleurs_ne_transcripts.json,doc:319,96f49b886bbd98f264f3328116761a0d23ca9a5cd0b4830dfcf453f61e5d5a72
5284,hi,conversation,indicvoices,S4259808400373915,Rajasthan,125,100-199,hi,hi,Hindi,,true,false,hin_Deva,false,indicvoices_rows.json,row:hindi:517,06fd760e61d00ef099d304787e9dd5f4384dc20d987d4b31d2c95197039fa8d6
3215,ne,extempore,indicvoices,S4259646600304503,West Bengal,254,200-399,ne,ne,Nepali,,true,false,npi_Deva,false,indicvoices_rows.json,row:nepali:248,ba53f625875625cb048d5e6c6abb18bce75a7bff58c2acce2c3ebd15642b15a0
6087,hi,conversation,indicvoices,S4259063900331131,Madhya Pradesh,102,100-199,hi,hi,Hindi,Hindi,true,true,hin_Deva,false,indicvoices_rows.json,row:hindi:1320,ae5407b2ce16c57627555dc8e67400eb3cf4763dafaf9a148b6bc0d5e9b47407
5522,hi,read_speech_iv,indicvoices,S4257999700333878,Uttar Pradesh,177,100-199,hi,hi,Hindi,,true,false,hin_Deva,false,indicvoices_rows.json,row:hindi:755,2d2e2bd52198320d466ce3ab01b80b091a3149ddc3c36755b6a1abfd1512a2d3
6284,hi,conversation,indicvoices,S4257005100380430,Uttar Pradesh,111,100-199,hi,hi,Hindi,,true,false,hin_Deva,false,indicvoices_rows.json,row:hindi:1517,707aca81a51e73c345f0bbd4c92f3ae93ad80262ed7d1620ce5145b11e8cc40b
7167,hi,formal_written_sentence,wikipedia_sentence,w1610357,,67,40-99,hi,hi,Hindi,,true,false,anp_Deva,false,wikipedia_hi_extracts.json,doc:576:sentence:10,46b5783fafd28736e8f6880e0615beb62b08a455ed9e1264ac34689d6cc361ae
2899,hi,read_speech_fleurs,fleurs,f1854hi,,74,40-99,hi,hi,Hindi,,true,false,anp_Deva,false,fleurs_hi_transcripts.json,doc:588,b71e822c1655d1489ff77fec2042f21cc22bb3616262df3185b6ca2cc36ffa7f
2840,hi,read_speech_fleurs,fleurs,f1672hi,,110,100-199,hi,hi,Hindi,,true,false,hin_Deva,false,fleurs_hi_transcripts.json,doc:529,1c7f9116cb4a968fc02f930fd676825178eb1c222d61bdb7fcd09d6f5c09c89e
6166,hi,conversation,indicvoices,S4256644800325294,Madhya Pradesh,106,100-199,hi,hi,Hindi,,true,false,hin_Deva,false,indicvoices_rows.json,row:hindi:1399,6280e305ec0546ab83fc526c505de2d0d2450d9b3497d07dbc70287441182213
6984,ne,formal_written_sentence,wikipedia_sentence,w26250,,138,100-199,ne,ne,Nepali,Nepali,true,true,npi_Deva,false,wikipedia_ne_extracts.json,doc:119:sentence:1,2833d496b6123bac4466dc5f82b65eba4a68b54001d6975f760eb7250c50de5e
477,ne,formal_written,wikipedia,w113754,,801,400+,ne,ne,Nepali,,true,false,npi_Deva,false,wikipedia_ne_extracts.json,doc:486,c5af58070ffb71f6afa9e6247202af9e90f3c5384e2c7020fced40e20fdb79f0
1565,ne,read_speech_fleurs,fleurs,f1570ne,,72,40-99,ne,ne,Nepali,,true,false,npi_Deva,false,fleurs_ne_transcripts.json,doc:285,6334fbbdd5a31930be12e1ae02dc7e0a3751126b49fa43cbb9014609ae6146ca
96,ne,formal_written,wikipedia,w23270,,341,200-399,ne,ne,Nepali,,true,false,npi_Deva,false,wikipedia_ne_extracts.json,doc:98,4e9acf0e529ee02100ca36b12898f9f47cedcb13e41b280017168e3f05dabc8c
772,hi,formal_written,wikipedia,w157398,,56,40-99,hi,hi,Hindi,Hindi,true,true,anp_Deva,false,wikipedia_hi_extracts.json,doc:123,ca4611b749d082a0dd2dd21795945e690ae8d365ac8101ccf7bd996761a5a339
6889,ne,formal_written_sentence,wikipedia_sentence,w149358,,179,100-199,ne,ne,Nepali,,true,false,npi_Deva,false,wikipedia_ne_extracts.json,doc:643:sentence:3,ad565e202f09258fd7df7920cce2ab68b5ab29faa97656b28cbb83886f31e2a8
2518,hi,read_speech_fleurs,fleurs,f1557hi,,135,100-199,hi,hi,Hindi,,true,false,hin_Deva,false,fleurs_hi_transcripts.json,doc:208,6ebc0bb0c39245062ba664be86da622803642df5b4c7d2049fd01daed0f582a2
5647,hi,conversation,indicvoices,S4256905600334220,Uttar Pradesh,160,100-199,hi,hi,Hindi,,true,false,hin_Deva,false,indicvoices_rows.json,row:hindi:880,9a291a96f148134bf2ccab28f575516ecf278eebb8185dc01a3b1992c0ff75e6
7131,ne,formal_written_sentence,wikipedia_sentence,w80137,,64,40-99,ne,ne,Nepali,Nepali,true,true,npi_Deva,false,wikipedia_ne_extracts.json,doc:347:sentence:22,51d088baf8fe26793d134c0eec2d326f83e4ba0eb34e1dbd5edb24185ecad642
5717,hi,extempore,indicvoices,S4257650800358013,Rajasthan,165,100-199,hi,hi,Hindi,,true,false,hin_Deva,false,indicvoices_rows.json,row:hindi:950,a82abc6aad46284374443a0e13936cc012d668dfeff28836b42cc994359f8e16
3111,ne,read_speech_iv,indicvoices,S4258158900301859,Assam,101,100-199,ne,ne,Nepali,Nepali,true,true,npi_Deva,false,indicvoices_rows.json,row:nepali:144,4c994cae690f76a3485c1881bb7625a08cb4228105242b194f1c43e5d721f5f2
271,ne,formal_written,wikipedia,w56907,,171,100-199,ne,ne,Nepali,,true,false,npi_Deva,false,wikipedia_ne_extracts.json,doc:274,34ee9fd71aa1968083f372dfa28f979f8c76a5579cc16f519eeda842add012e7
196,ne,formal_written,wikipedia,w33826,,212,200-399,ne,ne,Nepali,Nepali,true,true,npi_Deva,false,wikipedia_ne_extracts.json,doc:198,e30829ab215355712c4648abb882082950b6d977f7af35daa3ee48442bcd5f87
1925,ne,read_speech_fleurs,fleurs,f1783ne,,106,100-199,ne,ne,Nepali,,true,false,npi_Deva,false,fleurs_ne_transcripts.json,doc:646,6fb08b3a381931ef42e69806d115b61ed238fd1ba85625b4f55b9747da3e157d
4029,ne,read_speech_iv,indicvoices,S4258580700320199,West Bengal,174,100-199,ne,ne,Nepali,Nepali,true,true,npi_Deva,false,indicvoices_rows.json,row:nepali:1062,4caa3f338d3bcaae7f3bbe9b820745493c389d9e3c521bdbabe17de5de88c528
33,ne,formal_written,wikipedia,w9050,,217,200-399,ne,ne,Nepali,,true,false,npi_Deva,false,wikipedia_ne_extracts.json,doc:33,262534f376c43777724e98bd32dc48ff01bb837b75e85e1a440ded9c65e59b86
4131,ne,read_speech_iv,indicvoices,S4257219200309939,West Bengal,118,100-199,ne,ne,Nepali,Nepali,true,true,npi_Deva,false,indicvoices_rows.json,row:nepali:1164,52e52b7f312b78ea01b61f7d4a10173eb6c3b2c1567a4d798cd054ac9e989fe9
7481,hi,formal_written_sentence,wikipedia_sentence,w1572047,,93,40-99,hi,hi,Hindi,,true,false,hin_Deva,false,wikipedia_hi_extracts.json,doc:557:sentence:2,c189ce16027c0555030cd59b891c36615ec5be24d449aa5f61284fcc4b807b39
6399,hi,read_speech_iv,indicvoices,S4259075900397942,Madhya Pradesh,62,40-99,hi,hi,Hindi,,true,false,hin_Deva,false,indicvoices_rows.json,row:hindi:1632,87ba655d5bf04d5f0c9668bc72a539f4c92f255a7344cdee32c5c11734c96393
3364,ne,extempore,indicvoices,S4259027000311368,Assam,138,100-199,ne,ne,Nepali,,true,false,npi_Deva,false,indicvoices_rows.json,row:nepali:397,400165e3fbac9b905aaccfb4b4a450a78e6b7e3a7a7b3ac3587671874063ab2d
835,hi,formal_written,wikipedia,w269116,,99,40-99,hi,hi,Hindi,,true,false,hin_Deva,false,wikipedia_hi_extracts.json,doc:184,ffc4940ecce2ca3a177998e201a40152a4b377218153451ebabd4a2a59dd4c3d
3825,ne,extempore,indicvoices,S4259078900380821,West Bengal,129,100-199,ne,ne,Nepali,,true,false,npi_Deva,false,indicvoices_rows.json,row:nepali:858,ba7cc6864da248051a1acc4d54215e5f357b972010a2a9bd7bc40aeec4b991c7
5262,hi,conversation,indicvoices,S4256092200337593,Uttar Pradesh,151,100-199,hi,hi,Hindi,,true,false,hin_Deva,false,indicvoices_rows.json,row:hindi:495,05506cd528145de3155633da3b1dc38f44f3dd0ee45499f42c4edd5a4b60ecaf
6490,hi,read_speech_iv,indicvoices,S4257333500303315,Bihar,78,40-99,hi,hi,Hindi,,true,false,hin_Deva,false,indicvoices_rows.json,row:hindi:1723,b57474088e96118fdd575c7a36a0b2d181a941cb04c55fc0ffdc07a46e6896b2
3162,ne,extempore,indicvoices,S4258195300301881,Assam,108,100-199,ne,ne,Nepali,,true,false,npi_Deva,false,indicvoices_rows.json,row:nepali:195,197d15385d00c5720cff1e26aa82b2f787751eaf613104eaf0307013d81c5c0d
4490,ne,conversation,indicvoices,S4259392700392811,West Bengal,119,100-199,ne,ne,Nepali,Nepali,true,true,npi_Deva,false,indicvoices_rows.json,row:nepali:1523,465621d8e42e7394bf01aa557c0b084561e852f24360734032cc9df805fea759
5733,hi,conversation,indicvoices,S4258897500332353,Uttar Pradesh,180,100-199,hi,hi,Hindi,,true,false,hin_Deva,false,indicvoices_rows.json,row:hindi:966,6ae6a6b1a949be9778c0cf6b626d1b55fb13f20bc55f6668e60cce6eef2ef0ae
2514,hi,read_speech_fleurs,fleurs,f1510hi,,168,100-199,hi,hi,Hindi,,true,false,hin_Deva,false,fleurs_hi_transcripts.json,doc:203,c607caf646af13e42705de07e3d068c3154477ada0e5e34bfeb452f1a340342f
4949,hi,read_speech_iv,indicvoices,S4258970000324004,Bihar,169,100-199,hi,hi,Hindi,,true,false,hin_Deva,false,indicvoices_rows.json,row:hindi:182,a6dca4c198aea996d034d2f3e2ef0a897f6b390cd6a0ef087ca404e15eb845fa
5943,hi,read_speech_iv,indicvoices,S4257802700392431,Uttar Pradesh,164,100-199,hi,hi,Hindi,,true,false,anp_Deva,false,indicvoices_rows.json,row:hindi:1176,07f377b7b84d602963c8b5f4e30473c5c941167ec08173ac7edcd396b9640a5c
3275,ne,extempore,indicvoices,S4256072800302954,Assam,136,100-199,ne,ne,Nepali,Nepali,true,true,npi_Deva,false,indicvoices_rows.json,row:nepali:308,2a5d34adeb1c10fec237c04f4082062fc55c10c38e3585f5f9c03329399b7ea8
4319,ne,conversation,indicvoices,S4259471700379958,West Bengal,159,100-199,ne,ne,Nepali,,true,false,npi_Deva,false,indicvoices_rows.json,row:nepali:1352,931a28bb44c518c15d38b27e715745ccfe452ec71d22ce43b0acae9b6f30a30d
3457,ne,conversation,indicvoices,S4258002300311628,West Bengal,132,100-199,ne,ne,Nepali,,true,false,npi_Deva,false,indicvoices_rows.json,row:nepali:490,475a0a5dd06ed6a5595bea7037e38e56e487f6dde3644c72d2c9508dcdff6c5e
1824,ne,read_speech_fleurs,fleurs,f1805ne,,71,40-99,ne,ne,Nepali,,true,false,npi_Deva,false,fleurs_ne_transcripts.json,doc:544,92ce8a2386917363436792ce05dc3ff8d563b7097779900b896868dba60db228
825,hi,formal_written,wikipedia,w265471,,117,100-199,hi,hi,Hindi,,true,false,hin_Deva,false,wikipedia_hi_extracts.json,doc:174,dcf86f314fe92f9ca63c69c449d0945fcf8de43328acf0185bb8b0919e1128ab
6207,hi,read_speech_iv,indicvoices,S4257008400384828,Madhya Pradesh,196,100-199,hi,hi,Hindi,Hindi,true,true,hin_Deva,false,indicvoices_rows.json,row:hindi:1440,17a614bcb06297952cb8607125832f84f6dc6f7b143841e5c7e541b22cca2ed2
382,ne,formal_written,wikipedia,w91918,,186,100-199,ne,ne,Nepali,,true,false,npi_Deva,false,wikipedia_ne_extracts.json,doc:390,a564e3c6c21d7b8d73b82b3ad5f5f0b97d148a03db719ff18fd52c6ec584af9e
3633,ne,extempore,indicvoices,S4259646600304503,West Bengal,191,100-199,ne,ne,Nepali,,true,false,npi_Deva,false,indicvoices_rows.json,row:nepali:666,ad6e5a951a6a7a0ae1a42f9f26cc0f344fa2fcdbc027df99e400b957934bb471
6406,hi,read_speech_iv,indicvoices,S4259401900324466,Madhya Pradesh,192,100-199,hi,hi,Hindi,,true,false,hin_Deva,false,indicvoices_rows.json,row:hindi:1639,f7a8374cf4e6a9aaeb8a3edfce133af5431de80ba660dd62083d544ff770b9ac
6983,ne,formal_written_sentence,wikipedia_sentence,w79271,,180,100-199,ne,hi,Nepali,Both or code-switched,true,false,npi_Deva,false,wikipedia_ne_extracts.json,doc:342:sentence:0,048560d3d60b1ac997c783187a10c444ba6faf55a53735efa5addf2d2a61e760
5545,hi,extempore,indicvoices,S4259241600355788,Bihar,118,100-199,hi,hi,Hindi,Hindi,true,true,hin_Deva,false,indicvoices_rows.json,row:hindi:778,66fd47be5b9463a1dc0968d8ba77a00c8fc8a11866cb76166cc9d1627fc15e5b
5041,hi,extempore,indicvoices,S4256023600322193,Bihar,107,100-199,hi,hi,Hindi,,true,false,hin_Deva,false,indicvoices_rows.json,row:hindi:274,a9be895742b125676953b077b21e217826c891b13b18ec886073c6033edf6d26
6808,ne,formal_written_sentence,wikipedia_sentence,w29925,,75,40-99,ne,ne,Nepali,,true,false,npi_Deva,false,wikipedia_ne_extracts.json,doc:158:sentence:12,9b4609bc32df5e3aab1f1b3d82a84345bdf3c92f486e4005baae38529c7e483c
4476,ne,conversation,indicvoices,S4257043200362898,West Bengal,317,200-399,ne,ne,Nepali,Nepali,true,true,npi_Deva,false,indicvoices_rows.json,row:nepali:1509,922ae88f0216133dcc4555b8595d1c598df844ba6a87a307524019a138acc559
7525,hi,formal_written_sentence,wikipedia_sentence,w1572047,,44,40-99,hi,hi,Hindi,,true,false,anp_Deva,false,wikipedia_hi_extracts.json,doc:557:sentence:1,1fb365daca73b0fb213d7281a9b073e867b174bf209b577dc3280717b1edd9cb
3106,ne,read_speech_iv,indicvoices,S4257012700301926,West Bengal,141,100-199,ne,ne,Nepali,Nepali,true,true,npi_Deva,false,indicvoices_rows.json,row:nepali:139,82139dae369550491752d191719354ac71c058ad17494bd57fb1d10a924e7a15
1476,ne,read_speech_fleurs,fleurs,f1555ne,,89,40-99,ne,ne,Nepali,,true,false,npi_Deva,false,fleurs_ne_transcripts.json,doc:194,59c76868963b99ae3d9a748c487e9fe9a8c3a7849fd95902cb443892cc3205c7
5772,hi,extempore,indicvoices,S4258897500332353,Uttar Pradesh,181,100-199,hi,hi,Hindi,Hindi,true,true,hin_Deva,false,indicvoices_rows.json,row:hindi:1005,feb3b669a10c3068f7d35c22e1000d3956aefcc80d4b3370536430720519cddc
310,ne,formal_written,wikipedia,w72012,,722,400+,ne,ne,Nepali,,true,false,npi_Deva,false,wikipedia_ne_extracts.json,doc:314,6ce756907255845d8b35755dab34f5df818d07441837c6d941acc3c26fb952aa
6893,ne,formal_written_sentence,wikipedia_sentence,w144878,,137,100-199,ne,ne,Nepali,Nepali,true,true,npi_Deva,false,wikipedia_ne_extracts.json,doc:615:sentence:1,bf78857408c30d326cadc11a86b58515f2d5016627e026fd600cd4f5492d2b89
5236,hi,extempore,indicvoices,S4259924700366580,Uttar Pradesh,204,200-399,hi,hi,Hindi,,true,false,hin_Deva,false,indicvoices_rows.json,row:hindi:469,8f5e46e47932750456d3639da995a632080ca592e81a1527b61d855193551fcc
6793,ne,formal_written_sentence,wikipedia_sentence,w12435,,126,100-199,ne,mr,Nepali,Nepali,true,true,npi_Deva,false,wikipedia_ne_extracts.json,doc:41:sentence:13,09aa37e8f49f881e1718727dca5e8c96eb87f4739117152810f18fe8679f55ad
6201,hi,conversation,indicvoices,S4258978900300333,Uttar Pradesh,125,100-199,hi,hi,Hindi,,true,false,anp_Deva,false,indicvoices_rows.json,row:hindi:1434,22c94d36b2299a5cc9463cd2b9070d8cbb15fc026c5910701542e1d401e1f32f
5555,hi,extempore,indicvoices,S4259312900336902,Uttar Pradesh,131,100-199,hi,hi,Hindi,Hindi,true,true,hin_Deva,false,indicvoices_rows.json,row:hindi:788,6d14e4893653bf42f79100b1795f801221497cca9e8d29eb5733194e7e70f31e
5631,hi,extempore,indicvoices,S4258235100343392,Uttar Pradesh,143,100-199,hi,hi,Hindi,,true,false,hin_Deva,false,indicvoices_rows.json,row:hindi:864,f7c9db4eb7e5cb3e3ec29f5b8660d1776a63d5a969410bf08e8f574c1cc87c20
1675,ne,read_speech_fleurs,fleurs,f1977ne,,81,40-99,ne,ne,Nepali,Nepali,true,true,npi_Deva,false,fleurs_ne_transcripts.json,doc:396,6d6c69b88567518f65aa95553ea46188fddda31e100638d51955dc4eb8240eb2
5061,hi,conversation,indicvoices,S4259580400396985,Uttar Pradesh,110,100-199,hi,hi,Hindi,Hindi,true,true,hin_Deva,false,indicvoices_rows.json,row:hindi:294,8604257049b0c7cc4f0ee7f39b5a491508f7db084c33323844ebb40916a1c6ee
1195,hi,formal_written,wikipedia,w1348253,,1694,400+,hi,hi,Hindi,Hindi,true,true,hin_Deva,false,wikipedia_hi_extracts.json,doc:513,6dd9f20812d4f5c30b6c7ce57101cc3a22107d78c9ba24f648a39a45a2fca494
5439,hi,conversation,indicvoices,S4259977500393733,Madhya Pradesh,243,200-399,hi,hi,Hindi,,true,false,hin_Deva,false,indicvoices_rows.json,row:hindi:672,5a92282e1c3bcd364c1d5f4249c230af132faf24d164cae81403755040df5149
2145,ne,read_speech_fleurs,fleurs,f1894ne,,68,40-99,ne,ne,Nepali,,true,false,npi_Deva,false,fleurs_ne_transcripts.json,doc:866,0682dfdcff14ad43114f882c9984bbc267c16dabc7f1baf748d0c94e29e0211f
3362,ne,extempore,indicvoices,S4259027000311368,Assam,112,100-199,ne,ne,Nepali,,true,false,npi_Deva,false,indicvoices_rows.json,row:nepali:395,67c121681088eca84628cd975d80dd67936c1cef0664fa8dc112080e89a6868b
740,hi,formal_written,wikipedia,w106887,,53,40-99,hi,ne,Hindi,,true,false,hin_Deva,false,wikipedia_hi_extracts.json,doc:93,f9acb7304b52c1499d245256c3d81eef02a2f4cca104e3660c5e72e82b08b510
4395,ne,conversation,indicvoices,S4257691600385392,West Bengal,116,100-199,ne,ne,Nepali,,true,false,npi_Deva,false,indicvoices_rows.json,row:nepali:1428,08bd1b8c1754475e9ef57d49cc1076b74585b2e4e323fc28da33817ae9a44dfb
7466,hi,formal_written_sentence,wikipedia_sentence,w761484,,93,40-99,hi,hi,Hindi,Hindi,true,true,hin_Deva,false,wikipedia_hi_extracts.json,doc:364:sentence:25,eea8718900de323c2bbd69e37730969fb6085045203f6485a3e232fc442884c7
139,ne,formal_written,wikipedia,w29002,,416,400+,ne,ne,Nepali,,true,false,npi_Deva,false,wikipedia_ne_extracts.json,doc:141,c95742ce0de301548b78c99e70392ecc3629731646d2bb56ca1665a5637aa706
3628,ne,read_speech_iv,indicvoices,S4256034000301763,Assam,102,100-199,ne,ne,Nepali,Nepali,true,true,npi_Deva,false,indicvoices_rows.json,row:nepali:661,fb00bccb8142c52b7779888612119f7253980422ca786dff19c419a89161bcaf
3865,ne,read_speech_iv,indicvoices,S4259119500363715,Assam,137,100-199,ne,ne,Nepali,Nepali,true,true,npi_Deva,false,indicvoices_rows.json,row:nepali:898,60db6849959b75ce8de79643c679a29d064790a636474329cf3df1f3b81890f4
5059,hi,conversation,indicvoices,S4259415800310092,Uttar Pradesh,146,100-199,hi,hi,Hindi,Hindi,true,true,hin_Deva,false,indicvoices_rows.json,row:hindi:292,5f21e66511676518115a2338d19bac4031d1501d8a3e028247365e75de69cbd0
1064,hi,formal_written,wikipedia,w843790,,293,200-399,hi,hi,Hindi,Hindi,true,true,anp_Deva,false,wikipedia_hi_extracts.json,doc:395,fa3704c496b76e071a154d01d55b28d78d73ef335a7b8440afd37fc5488c50ad
7430,hi,formal_written_sentence,wikipedia_sentence,w213149,,168,100-199,mr,mr,Hindi,Nepali,true,false,hin_Deva,false,wikipedia_hi_extracts.json,doc:152:sentence:9,28fdfdaa948386e44c4243d2db247630775ae9e92e823748daff856e99fd4719
1589,ne,read_speech_fleurs,fleurs,f1945ne,,68,40-99,ne,ne,,Nepali,false,false,npi_Deva,false,fleurs_ne_transcripts.json,doc:308,9098efb5314512c7f2a237a9b69e9455dcb346e919cd4b647e696f31696fab44
2456,hi,read_speech_fleurs,fleurs,f1628hi,,142,100-199,hi,hi,Hindi,,true,false,hin_Deva,false,fleurs_hi_transcripts.json,doc:146,4038f35dc492bc3a03b3b30eafd89091e4c5956d679883e48bdb345d06b4ea29
1002,hi,formal_written,wikipedia,w742835,,690,400+,hi,hi,Hindi,Hindi,true,true,anp_Deva,false,wikipedia_hi_extracts.json,doc:341,cd64b7ec8fefba90f1c187ea74bc005fc085bbbbcee5b74ed5df7442f01c75f3
3223,ne,read_speech_iv,indicvoices,S4256034000301763,Assam,64,40-99,ne,ne,Nepali,Nepali,true,true,npi_Deva,false,indicvoices_rows.json,row:nepali:256,b6e0089d0ea7b5220d70807da4c448f2c8dd20e2f27716776f794e409fa2ca4b
2740,hi,read_speech_fleurs,fleurs,f1915hi,,152,100-199,hi,hi,Hindi,,true,false,hin_Deva,false,fleurs_hi_transcripts.json,doc:430,9820b8e6aacaeb9eb74185978fb29620f07ed13f94f524f5d4906b77f08e2119
7130,ne,formal_written_sentence,wikipedia_sentence,w135493,,58,40-99,ne,ne,Nepali,Nepali,true,true,npi_Deva,false,wikipedia_ne_extracts.json,doc:576:sentence:4,88c18d240fb14f1735ea3c6b89b8a4c63724e95580fb60a24e9da5459fdb5e1c
4293,ne,conversation,indicvoices,S4258701800360903,West Bengal,102,100-199,ne,ne,Nepali,,true,false,npi_Deva,false,indicvoices_rows.json,row:nepali:1326,11e7c5d860ef02aa088db8f4ce272582682415b251a35ac6dac5762e77b089fd
2124,ne,read_speech_fleurs,fleurs,f1892ne,,146,100-199,ne,ne,Nepali,,true,false,npi_Deva,false,fleurs_ne_transcripts.json,doc:843,cba7d5252dc435721f22a340be815fdcd973481a24286b5935b7d3e02af4d22d
3361,ne,extempore,indicvoices,S4258359200368600,Assam,109,100-199,ne,hi,Nepali,Nepali,true,true,npi_Deva,false,indicvoices_rows.json,row:nepali:394,060adeaa1ac5dac3c9ee9aa206c7dfa2bb8293904b0778049fc7cd9593ea5755
7152,ne,formal_written_sentence,wikipedia_sentence,w148228,,96,40-99,ne,ne,Nepali,,true,false,npi_Deva,false,wikipedia_ne_extracts.json,doc:631:sentence:2,163bc9a0d9ee1426883c74201b4f203d9811ff7690ac3d929ef2dfb51da9d861
5364,hi,extempore,indicvoices,S4257101600337884,Uttar Pradesh,217,200-399,hi,hi,Hindi,,true,false,hin_Deva,false,indicvoices_rows.json,row:hindi:597,ab2a40979d663af478fee33e94d4174960ea5c187e4a0005436e5c7c7cf2be09
6544,hi,read_speech_iv,indicvoices,S4258690200394505,Madhya Pradesh,89,40-99,hi,hi,Hindi,Hindi,true,true,hin_Deva,false,indicvoices_rows.json,row:hindi:1777,46b683dbfb5005fa289e5f9262862331e31509526e8ee3139d3a773a6fe1e9b1
7251,hi,formal_written_sentence,wikipedia_sentence,w774759,,56,40-99,hi,mr,Hindi,,true,false,anp_Deva,false,wikipedia_hi_extracts.json,doc:371:sentence:1,1d656e87b32cd9855dd9a3421ed50d6800111cb2388f6989ee4b3614e3e3ccf0
2973,ne,read_speech_iv,indicvoices,S4257025400301875,West Bengal,98,40-99,ne,ne,Nepali,,true,false,npi_Deva,false,indicvoices_rows.json,row:nepali:6,fcac854e9c1b033a09d3e4e1cc11639007fcf54fb203811e95c968461683f422
6213,hi,read_speech_iv,indicvoices,S4259304100396011,Uttar Pradesh,210,200-399,hi,hi,Hindi,,true,false,hin_Deva,false,indicvoices_rows.json,row:hindi:1446,f74055972f488d26fc35fdb8213d8cc732725fac35e7adfb0b330388071e0a52
3821,ne,extempore,indicvoices,S4259349100345083,Assam,134,100-199,ne,ne,Nepali,Nepali,true,true,npi_Deva,false,indicvoices_rows.json,row:nepali:854,f5a4f8a6741094be2cf6eb716aadfe38603be05888ac82839b0833fc67e6a1b7
2771,hi,read_speech_fleurs,fleurs,f1990hi,,202,200-399,hi,hi,Hindi,,true,false,hin_Deva,false,fleurs_hi_transcripts.json,doc:461,98657d51449121179168ae8527bad3120a66b7b76e64ce7f6636049f1e16d0a0
857,hi,formal_written,wikipedia,w272627,,102,100-199,hi,hi,Hindi,Hindi,true,true,hin_Deva,false,wikipedia_hi_extracts.json,doc:205,3509c4c1007d56796b263e1486b94454fadf6eec66f630f2ca62f878e71ff262
1276,hi,formal_written,wikipedia,w1614327,,454,400+,hi,hi,Hindi,,true,false,hin_Deva,false,wikipedia_hi_extracts.json,doc:581,7f9810def77bb7b473bbf230ae21c968fb20215dbc697bee1a52b4354dddd092
4676,ne,conversation,indicvoices,S4257490800307569,West Bengal,146,100-199,ne,ne,Nepali,,true,false,npi_Deva,false,indicvoices_rows.json,row:nepali:1709,e920d3a0caf1f29ceffc8ae3ffb9b69840c3493abab7594db15b2deb7b6a002f
2908,hi,read_speech_fleurs,fleurs,f1701hi,,90,40-99,hi,hi,Hindi,Hindi,true,true,hin_Deva,false,fleurs_hi_transcripts.json,doc:597,590cc540042b973898908336ce05bf8cac8f6e4a043d7b4d5c972d30c1d33cd8
4435,ne,conversation,indicvoices,S4259366500382771,West Bengal,323,200-399,ne,ne,Nepali,Nepali,true,true,npi_Deva,false,indicvoices_rows.json,row:nepali:1468,deeaaaeba29310345ef72029a1cc173cddc0f4f900a13b23989d650d5c01ca3c
378,ne,formal_written,wikipedia,w91106,,155,100-199,ne,hi,Nepali,Nepali,true,true,npi_Deva,false,wikipedia_ne_extracts.json,doc:386,9384cbb6a0e9234707705c709351d31a490174745b6f60cb247256122a8931bb
7468,hi,formal_written_sentence,wikipedia_sentence,w932119,,84,40-99,mr,mr,Hindi,,true,false,anp_Deva,false,wikipedia_hi_extracts.json,doc:412:sentence:0,b4f258a594a29662ebdbad13a045c739eca39f0f13d2dc55f7c59a3b1b60e7e1
2465,hi,read_speech_fleurs,fleurs,f1632hi,,185,100-199,hi,hi,Hindi,,true,false,hin_Deva,false,fleurs_hi_transcripts.json,doc:155,e5b7d2615040b8f0fcf5c03ad0c162bf99b01336042c4fce82b9c4309bc7c053
5491,hi,extempore,indicvoices,S4257612900389063,Madhya Pradesh,170,100-199,hi,hi,Hindi,Hindi,true,true,hin_Deva,false,indicvoices_rows.json,row:hindi:724,e54ba87980a29198b2b00c2bab55f17343db82d631f0f9582eded208279c8b04
6693,ne,formal_written_sentence,wikipedia_sentence,w10027,,47,40-99,ne,ne,Nepali,,true,false,npi_Deva,false,wikipedia_ne_extracts.json,doc:35:sentence:26,102e6d4c130f0d4bdbbb79e21a57fadcce79d3d342b114e3b0f24e6c7bfa5e69
1275,hi,formal_written,wikipedia,w1613473,,420,400+,hi,hi,Both or code-switched,Both or code-switched,false,false,anp_Deva,false,wikipedia_hi_extracts.json,doc:580,16dbd1ee9c5a1036845635d45be6328b79ae708f67deec44a994503a135a6428
5935,hi,conversation,indicvoices,S4257072500339109,Uttar Pradesh,114,100-199,hi,hi,Hindi,,true,false,hin_Deva,false,indicvoices_rows.json,row:hindi:1168,b4d04fca93f498f98d7394a448984e3a1832d597eb320a99001569cf46d4d291
367,ne,formal_written,wikipedia,w86384,,42,40-99,ne,hi,Nepali,,true,false,npi_Deva,false,wikipedia_ne_extracts.json,doc:373,140f8b4ebcdec156d99d190d9e38661a833e7093ea9968a0c1d4587bea0966aa
1049,hi,formal_written,wikipedia,w813246,,358,200-399,hi,hi,Both or code-switched,,false,false,anp_Deva,false,wikipedia_hi_extracts.json,doc:382,a0e13e7f4a7a3eb2064499d3f523249ec96c59c352104ff0872350c6a9e89920
1179,hi,formal_written,wikipedia,w1285689,,154,100-199,hi,hi,Hindi,,true,false,anp_Deva,false,wikipedia_hi_extracts.json,doc:499,f50a583ceeb721d04ce2ab3f75d1568da47f3c5b7413990b674750d0d3941979
6263,hi,conversation,indicvoices,S4258009400309334,Uttar Pradesh,123,100-199,hi,hi,Hindi,Hindi,true,true,hin_Deva,false,indicvoices_rows.json,row:hindi:1496,8911cac5adec32d826d22a6bd697d5097a44bbb70b1198b41ab42119a2e40b83
4853,hi,conversation,indicvoices,S4257547800364585,Bihar,147,100-199,hi,hi,Hindi,,true,false,hin_Deva,false,indicvoices_rows.json,row:hindi:86,6ff7f7762791a95b0e0b175d69c1936830b0e3050583a93a21425cdb9b4bd398
4769,hi,extempore,indicvoices,S4259161200398412,Uttar Pradesh,143,100-199,hi,hi,Hindi,,true,false,hin_Deva,false,indicvoices_rows.json,row:hindi:2,b07944270e92c1837fab8d22d37b7b9496efa246773028445ad2023cc0daba8e
7482,hi,formal_written_sentence,wikipedia_sentence,w738488,,136,100-199,hi,hi,Hindi,,true,false,anp_Deva,false,wikipedia_hi_extracts.json,doc:336:sentence:7,2bbb551163a407f7150fffed86fea08526a04b8470f763f2097530cdc0801325
7070,ne,formal_written_sentence,wikipedia_sentence,w149428,,89,40-99,ne,ne,Nepali,Nepali,true,true,new_Deva,false,wikipedia_ne_extracts.json,doc:644:sentence:0,3f13a3b70dedc1df3ac361645d52e9977a4ba9967358b1788d205f0ec703eba9
1835,ne,read_speech_fleurs,fleurs,f1972ne,,101,100-199,ne,ne,Nepali,,true,false,npi_Deva,false,fleurs_ne_transcripts.json,doc:555,1c28dac06c52af86d876647e3ed375ca7aaa933f0560afd026a85fb86049bb05
6922,ne,formal_written_sentence,wikipedia_sentence,w80137,,145,100-199,ne,ne,Nepali,,true,false,npi_Deva,false,wikipedia_ne_extracts.json,doc:347:sentence:16,286003714dd63c008fad84a5b1e63121a0e4cf77d4316803713e35b373cfd799
3815,ne,extempore,indicvoices,S4259540800384019,Assam,157,100-199,ne,ne,Nepali,,true,false,npi_Deva,false,indicvoices_rows.json,row:nepali:848,8a0164005d566138c57b442aabe391db8f1ee794cd6ea621b5305e204960538d
597,ne,formal_written,wikipedia,w143528,,1065,400+,ne,ne,Nepali,,true,false,npi_Deva,false,wikipedia_ne_extracts.json,doc:606,b477785d5611728220cb5d0412a3cd46e33320bd098c876c47e7bf6691182438
304,ne,formal_written,wikipedia,w70569,,134,100-199,ne,ne,Nepali,,true,false,npi_Deva,false,wikipedia_ne_extracts.json,doc:307,fda85586a16fa4fe4ec56bc001973d2d3f650142183c35f45daa2828ef436e95
7721,hi,formal_written_sentence,wikipedia_sentence,w1355834,,140,100-199,hi,hi,Hindi,,true,false,hin_Deva,false,wikipedia_hi_extracts.json,doc:517:sentence:2,f62974366002844359730f0363c2ad38a0705b80196fdd538545e374c6cf9268
1630,ne,read_speech_fleurs,fleurs,f1698ne,,99,40-99,ne,ne,Nepali,,true,false,npi_Deva,false,fleurs_ne_transcripts.json,doc:350,8fc6d6f422a47f9704aa35eacc772eee8d1bea128499dc722b53866a39716935
5016,hi,read_speech_iv,indicvoices,S4258847600389562,Madhya Pradesh,128,100-199,hi,hi,Hindi,,true,false,hin_Deva,false,indicvoices_rows.json,row:hindi:249,800d8495164a8d668ba5e8c93fa4277b8d1be5f91aa081ca72d5ad69a7d31f70
2325,hi,read_speech_fleurs,fleurs,f1526hi,,151,100-199,hi,hi,Hindi,,true,false,hin_Deva,false,fleurs_hi_transcripts.json,doc:14,8a80081a043882a3f7f70798b886f4f364731f6d959440422c7a294737503903
1631,ne,read_speech_fleurs,fleurs,f2009ne,,163,100-199,ne,ne,Nepali,,true,false,npi_Deva,false,fleurs_ne_transcripts.json,doc:352,883c119b913b6548ce6885c90f331f1ddf65c5e64354187de402eb9c78bf219e
6968,ne,formal_written_sentence,wikipedia_sentence,w80646,,71,40-99,ne,ne,Nepali,,true,false,npi_Deva,false,wikipedia_ne_extracts.json,doc:352:sentence:1,d5d5dbc8e7f9293d440c71daa6ea6ce0195ccd518a4b0059f3016256b7fe7ec0
5174,hi,conversation,indicvoices,S4259383700395926,Uttar Pradesh,122,100-199,hi,hi,Hindi,Hindi,true,true,hin_Deva,false,indicvoices_rows.json,row:hindi:407,cc4383533bd28043655e4bf5d68320d79d526f746fd6582bdddb7513a7eb5d6c
1979,ne,read_speech_fleurs,fleurs,f1875ne,,72,40-99,ne,ne,,,false,false,npi_Deva,false,fleurs_ne_transcripts.json,doc:700,ee4b961deab76e12a8a8d7659feda04db7bf4c2ca234598d77e3b9a8c48fe821
300,ne,formal_written,wikipedia,w68515,,1587,400+,ne,ne,Nepali,Nepali,true,true,npi_Deva,false,wikipedia_ne_extracts.json,doc:303,3cb283ffb8f7b09b33432d90bd9219677cd27c30280efaad716762bc441a457d
6413,hi,read_speech_iv,indicvoices,S4257400800309092,Madhya Pradesh,83,40-99,hi,hi,Hindi,,true,false,hin_Deva,false,indicvoices_rows.json,row:hindi:1646,90b9681681d79ef7e1b2afbe7658f454af01bf2fecd4bcdbe4fb65bd9af1a498
661,hi,formal_written,wikipedia,w10485,,191,100-199,hi,hi,Both or code-switched,,false,false,anp_Deva,false,wikipedia_hi_extracts.json,doc:12,bb73df57883d7db7f120e7d7174da10206a43dc9188b3342f8a52a84f5f4a20a
6199,hi,conversation,indicvoices,S4258978900300333,Uttar Pradesh,124,100-199,hi,hi,Hindi,,true,false,anp_Deva,false,indicvoices_rows.json,row:hindi:1432,568697dd743b9555d0236446e8bf01d979f3450c8e5c63c462964d1e7fa6dc47
6665,ne,formal_written_sentence,wikipedia_sentence,w143714,,190,100-199,ne,ne,Nepali,,true,false,npi_Deva,false,wikipedia_ne_extracts.json,doc:610:sentence:0,789f0cfe3368976953b3ca3f677fcb47502572826a6eb412002b93b071655edf
4420,ne,conversation,indicvoices,S4259475200306334,West Bengal,104,100-199,ne,ne,Nepali,,true,false,npi_Deva,false,indicvoices_rows.json,row:nepali:1453,f1f33394a95e81d42d40bddf05d050c9646f722f119fd9f0da401914ba4bfe07
7246,hi,formal_written_sentence,wikipedia_sentence,w819983,,80,40-99,hi,hi,Hindi,,true,false,anp_Deva,false,wikipedia_hi_extracts.json,doc:384:sentence:7,2d9d8448a1b96ad24d93a399380e00643108547fe38002c4714ed868a1b63463
7099,ne,formal_written_sentence,wikipedia_sentence,w150889,,66,40-99,ne,ne,Nepali,Nepali,true,true,npi_Deva,false,wikipedia_ne_extracts.json,doc:650:sentence:11,5e5f081247571ecb5b094dfd425caa62cafda127d9efe399175383b9b3e86fb7
5984,hi,read_speech_iv,indicvoices,S4258084600335199,Madhya Pradesh,145,100-199,hi,hi,Hindi,,true,false,hin_Deva,false,indicvoices_rows.json,row:hindi:1217,50258f8383ef7396089d5ab9e5a25f6ef7ec714e54f977a9442953394e4bd9db
6369,hi,conversation,indicvoices,S4258589000334628,Uttar Pradesh,115,100-199,hi,hi,Hindi,,true,false,hin_Deva,false,indicvoices_rows.json,row:hindi:1602,e4d150655d8ee4263099dd6ec1c7c55a55dc09049063a829d2d8f30aab60cac9
2402,hi,read_speech_fleurs,fleurs,f1588hi,,103,100-199,hi,hi,Hindi,,true,false,hin_Deva,false,fleurs_hi_transcripts.json,doc:92,5395b86beb2a75228df0f12a0acd596eaf269ae55301ea99264b120d36faf28a
3507,ne,conversation,indicvoices,S4257970300386587,Assam,160,100-199,ne,ne,Nepali,,true,false,npi_Deva,false,indicvoices_rows.json,row:nepali:540,b7379d7e720e11ee929585b427516088a6311d891b2353e49bad7185e8725c4c
3871,ne,read_speech_iv,indicvoices,S4259060400311012,Assam,43,40-99,ne,ne,Nepali,Nepali,true,true,rjs_Deva,false,indicvoices_rows.json,row:nepali:904,a6648ceb2289652876317561a3a3182ce43647eb9bfc959c920301178e0baa2b
5963,hi,conversation,indicvoices,S4259161200398412,Uttar Pradesh,127,100-199,hi,hi,Hindi,Hindi,true,true,hin_Deva,false,indicvoices_rows.json,row:hindi:1196,f653974f36a4cdcd537e993620957cbf997e929431c89faeb809bff42fbc79a4
5714,hi,extempore,indicvoices,S4257650800358013,Rajasthan,200,200-399,hi,hi,Hindi,,true,false,anp_Deva,false,indicvoices_rows.json,row:hindi:947,e50dfde10bdf5867b83fb96774ca8c06d3637e3a2c3647bead9ad2e3568bf067
761,hi,formal_written,wikipedia,w147460,,94,40-99,hi,hi,Both or code-switched,,false,false,awa_Deva,false,wikipedia_hi_extracts.json,doc:113,9314a508edddf4a05640bd6a826520e8005057c9eda1326a06f7130d9cf86611
5727,hi,conversation,indicvoices,S4258897500332353,Uttar Pradesh,252,200-399,hi,hi,Hindi,,true,false,hin_Deva,false,indicvoices_rows.json,row:hindi:960,a50bdf968f9cb07e1942093f9f5ea3d56079018f65e9487406fdc4f3cadb5e25
7265,hi,formal_written_sentence,wikipedia_sentence,w503167,,128,100-199,hi,hi,Hindi,,true,false,anp_Deva,false,wikipedia_hi_extracts.json,doc:265:sentence:4,871454bd5f8ae0c9015014cc09fe0372c8169fd10f52bae20bbacb7e012d87e4
7406,hi,formal_written_sentence,wikipedia_sentence,w771,,120,100-199,hi,hi,Hindi,,true,false,anp_Deva,false,wikipedia_hi_extracts_b.json,doc:0:sentence:1,725c8e30e095b087937f81cbec8370a6cbed839408172b64c2b46978c3e12e53
4652,ne,conversation,indicvoices,S4259099800397104,West Bengal,158,100-199,ne,hi,Nepali,,true,false,npi_Deva,false,indicvoices_rows.json,row:nepali:1685,3b89b0186da62df99292ae547e0d87d22cbc66168a623261ed841553418f3a7c
6310,hi,read_speech_iv,indicvoices,S4259581100372021,Madhya Pradesh,136,100-199,hi,hi,Hindi,Hindi,true,true,hin_Deva,false,indicvoices_rows.json,row:hindi:1543,85aed2df567c172bbe9bdaa421c2dcc015a9dcd7bd32127386e1165233d983c1
3885,ne,read_speech_iv,indicvoices,S4258100700382157,Assam,167,100-199,ne,ne,Nepali,,true,false,npi_Deva,false,indicvoices_rows.json,row:nepali:918,cbebf2a7e8987c4a4ca00a5cb4d4af7ad88fd355e0846fffe6920ada5bcbfcb2
3730,ne,read_speech_iv,indicvoices,S4258855900377376,Assam,112,100-199,ne,ne,Nepali,,true,false,anp_Deva,false,indicvoices_rows.json,row:nepali:763,2b4d620d718a980a5fce935f329c2ef524679e61562796e6ca26a03bea748d80
115,ne,formal_written,wikipedia,w26137,,408,400+,ne,ne,Nepali,,true,false,npi_Deva,false,wikipedia_ne_extracts.json,doc:117,fccb8c15deaf0787405f6cf2c1ce46631e90819dfa05915b9c8ea144de0759fd
6419,hi,read_speech_iv,indicvoices,S4257091400367231,Uttar Pradesh,106,100-199,hi,hi,Hindi,Hindi,true,true,hin_Deva,false,indicvoices_rows.json,row:hindi:1652,9ad302df87c54fb61221761476330046f72d3dacc8af1fe13c82388537e67f01
2396,hi,read_speech_fleurs,fleurs,f1578hi,,44,40-99,hi,hi,Hindi,Hindi,true,true,anp_Deva,false,fleurs_hi_transcripts.json,doc:86,8d93b00f784d5aebf608fd50bd1a7aa5109f695e378f360afe7006817adbf87b
820,hi,formal_written,wikipedia,w263969,,124,100-199,hi,hi,Hindi,,true,false,hin_Deva,false,wikipedia_hi_extracts.json,doc:170,cbbf2ac6e490fa571fbf8f27fd3f4b7c09438297710850ab55371812accfaafb
3548,ne,extempore,indicvoices,S4259964800335648,Assam,117,100-199,ne,ne,Nepali,,true,false,npi_Deva,false,indicvoices_rows.json,row:nepali:581,f4008f2a6856856d0e4a8931a591a09bf65584951dea36f5247a8d3b9ea0d3bc
5465,hi,conversation,indicvoices,S4258745000383804,Bihar,131,100-199,hi,hi,Hindi,Hindi,true,true,hin_Deva,false,indicvoices_rows.json,row:hindi:698,285348e1246de33e39e18904f4ce6157b0f7024b8c2f860cefa69437992975bb
7204,hi,formal_written_sentence,wikipedia_sentence,w1171847,,57,40-99,hi,hi,Hindi,,true,false,anp_Deva,false,wikipedia_hi_extracts.json,doc:458:sentence:3,5be65881b7ac6a688239e65160a646740a8dbad9db27ffc18efa4b7e8007578f
1280,hi,formal_written,wikipedia,w1616319,,480,400+,hi,hi,Hindi,,true,false,anp_Deva,false,wikipedia_hi_extracts.json,doc:585,2024800cdda5071c6738aac7b0dc2858cde4e2766022a8833c6e7a7daf72fff5
816,hi,formal_written,wikipedia,w263603,,118,100-199,hi,hi,Hindi,Hindi,true,true,hin_Deva,false,wikipedia_hi_extracts.json,doc:166,80e9452a534cafbeda62c0faf211b71a612dc97819c5c947647815f1d763ea14
4481,ne,conversation,indicvoices,S4257043200362898,West Bengal,239,200-399,ne,ne,Nepali,Nepali,true,true,npi_Deva,false,indicvoices_rows.json,row:nepali:1514,ea6867310ec6e0ec3c7f1f64097a144eb450b67f641c01a26a62bfcb4eb8ebac
104,ne,formal_written,wikipedia,w23721,,414,400+,ne,ne,Nepali,Nepali,true,true,npi_Deva,false,wikipedia_ne_extracts.json,doc:106,8338d6368de6686d29a9a49cd49c08d48076987280df99a51f805546ec11bf76
4024,ne,read_speech_iv,indicvoices,S4259411800357068,West Bengal,165,100-199,ne,ne,Nepali,Nepali,true,true,npi_Deva,false,indicvoices_rows.json,row:nepali:1057,c5c5d057039fe09149066c5beb19248069e858788c1140eea2f0cb901e8ce00e
30,ne,formal_written,wikipedia,w8593,,1469,400+,ne,ne,Nepali,Nepali,true,true,npi_Deva,false,wikipedia_ne_extracts.json,doc:30,4f4b6c2ab67d482edf866c604f75c9f901197f666eb75d4d5f087327d2812424
6655,ne,formal_written_sentence,wikipedia_sentence,w148895,,91,40-99,ne,ne,Nepali,,true,false,npi_Deva,false,wikipedia_ne_extracts.json,doc:638:sentence:1,a0f51ac81e7bce7d0f9ea11a11f331973f9957732f69d08a6c3e7bc7387d6747
1882,ne,read_speech_fleurs,fleurs,f1661ne,,105,100-199,ne,ne,Nepali,,true,false,npi_Deva,false,fleurs_ne_transcripts.json,doc:603,283e55c54265a107acba71d25af165c3969fa72386926fd7821c347fd1512557
2608,hi,read_speech_fleurs,fleurs,f1670hi,,293,200-399,hi,hi,Hindi,Hindi,true,true,hin_Deva,false,fleurs_hi_transcripts.json,doc:298,5e01d26dd3c006a2a4fe1b3574ab34cd43061e682aa7d6795e30f5c6942a5f35
6455,hi,read_speech_iv,indicvoices,S4259971700366015,Uttar Pradesh,231,200-399,hi,hi,Hindi,,true,false,hin_Deva,false,indicvoices_rows.json,row:hindi:1688,ee67ef87d9f782f6bda34749f4adc20349ae40d5111250627ecd6c04eafaaf35
5155,hi,conversation,indicvoices,S4258397100376712,Uttar Pradesh,100,100-199,hi,hi,Hindi,,true,false,hin_Deva,false,indicvoices_rows.json,row:hindi:388,f273b212684d771482b2032389170b9746b53732344dc3d86e8aae78939aa679
3931,ne,read_speech_iv,indicvoices,S4256054800302313,Assam,88,40-99,ne,ne,Nepali,Nepali,true,true,npi_Deva,false,indicvoices_rows.json,row:nepali:964,c94230d6edd223ebece445d048fa4a0bb65c73ffe4b71dddbbfbf3c0c4de8aa4
4574,ne,conversation,indicvoices,S4259396100374865,West Bengal,177,100-199,ne,ne,Nepali,,true,false,npi_Deva,false,indicvoices_rows.json,row:nepali:1607,e6a58300d56b2962b32fe5770ef82a5877b6aa8ea82322cae1c180b7c90c83b7
6224,hi,conversation,indicvoices,S4259913300363052,Bihar,174,100-199,hi,hi,Hindi,Hindi,true,true,hin_Deva,false,indicvoices_rows.json,row:hindi:1457,ba46edac976a35392a4ec9120ad53f2f0fa6dd8e5de73a1bbb7369e8caba3be7
205,ne,formal_written,wikipedia,w42940,,316,200-399,ne,ne,Nepali,,true,false,npi_Deva,false,wikipedia_ne_extracts.json,doc:207,a76f77667ad4fb8bc5f650cfd751911fc6af39d6c7d0ef80216c3878becb9d19
3881,ne,extempore,indicvoices,S4257006100302166,Assam,134,100-199,ne,ne,Nepali,,true,false,npi_Deva,false,indicvoices_rows.json,row:nepali:914,81451bd935c58d1f8f480a65f9e9c6d7fbaa749ec31a6efbf3a4b27553d207b6
2515,hi,read_speech_fleurs,fleurs,f1510hi,,168,100-199,hi,hi,Hindi,Hindi,true,true,hin_Deva,false,fleurs_hi_transcripts.json,doc:203,c607caf646af13e42705de07e3d068c3154477ada0e5e34bfeb452f1a340342f
5340,hi,read_speech_iv,indicvoices,S4258001600313548,Madhya Pradesh,53,40-99,hi,hi,Nepali,,false,false,hin_Deva,false,indicvoices_rows.json,row:hindi:573,d0212e927826595ac03da9c5dbe3eda7b51783699397e11baad1bb5682811d33
1141,hi,formal_written,wikipedia,w1199602,,919,400+,hi,hi,Hindi,,true,false,hin_Deva,false,wikipedia_hi_extracts.json,doc:461,26da80a2b259f78e27e58e05ca07d86c01bb43da19279732593a492c26e5621e
3409,ne,extempore,indicvoices,S4259893900337745,Assam,104,100-199,ne,ne,Nepali,Nepali,true,true,npi_Deva,false,indicvoices_rows.json,row:nepali:442,db0717d2bf339af23be8e2b2340a397339a98c4d52ac2fecc82a89ee0f5b1989
1188,hi,formal_written,wikipedia,w1329369,,246,200-399,hi,hi,Nepali,,false,false,hin_Deva,false,wikipedia_hi_extracts.json,doc:506,b41e577193be7c94ef30c7edc6d7882b0b99a1fd3e2ae43151408966264b3728
6031,hi,conversation,indicvoices,S4258203800376610,Uttar Pradesh,148,100-199,hi,hi,Hindi,Hindi,true,true,hin_Deva,false,indicvoices_rows.json,row:hindi:1264,1456ab3544a2cc4ec4cd1380b6acd7058f77f6ae0ac78410c7caf42da8924acf
6307,hi,conversation,indicvoices,S4259078300387530,Uttar Pradesh,126,100-199,hi,hi,Hindi,,true,false,hin_Deva,false,indicvoices_rows.json,row:hindi:1540,47970e795933d00ce4f387d69afd25004f2969a83b2d1fd012d54d7d081cb8af
5406,hi,conversation,indicvoices,S4258657000375620,Uttar Pradesh,104,100-199,hi,hi,Hindi,,true,false,hin_Deva,false,indicvoices_rows.json,row:hindi:639,da73677c3b64d74dac9e705ba9b0f3ce4b0ce136dc8efce8f0c658e3151df5e4
5720,hi,read_speech_iv,indicvoices,S4259286800310125,Uttar Pradesh,175,100-199,hi,hi,Hindi,,true,false,hin_Deva,false,indicvoices_rows.json,row:hindi:953,059cbf3fe76ea3c17b956d13926557eca9d87535d0bc49f52e65199188a785c2
195,ne,formal_written,wikipedia,w33398,,384,200-399,ne,ne,Nepali,Nepali,true,true,npi_Deva,false,wikipedia_ne_extracts.json,doc:197,9773e4de6b07825665aec96d78ff716df6dad101d2b9217a49251f82d536f7c0
5735,hi,read_speech_iv,indicvoices,S4259355300395318,Uttar Pradesh,211,200-399,hi,hi,Hindi,,true,false,hin_Deva,false,indicvoices_rows.json,row:hindi:968,b331d624ae4ac49d2d8ec482bf786d2b86f7560c693d4275038c0daed1a91c48
5985,hi,read_speech_iv,indicvoices,S4259723200370143,Madhya Pradesh,131,100-199,hi,hi,Hindi,,true,false,hin_Deva,false,indicvoices_rows.json,row:hindi:1218,a3eed6f98b3096f455959f5bb8d095252586da13acd113838c37518fa868956b
5683,hi,extempore,indicvoices,S4258798800383835,Bihar,251,200-399,hi,hi,Hindi,,true,false,hin_Deva,false,indicvoices_rows.json,row:hindi:916,a88d02b0d4f808bcde08afd5063f6dec9f5ba51b7a421761f07671f23bfdcaa8
6426,hi,read_speech_iv,indicvoices,S4259555200344778,Uttar Pradesh,256,200-399,hi,hi,Hindi,Hindi,true,true,hin_Deva,false,indicvoices_rows.json,row:hindi:1659,87c923b1db837a4a472aa01db9ae83e24640b6de5dd96f25f6dd00a77b822f47
1865,ne,read_speech_fleurs,fleurs,f1782ne,,172,100-199,ne,ne,Nepali,,true,false,npi_Deva,false,fleurs_ne_transcripts.json,doc:586,527bed2ab35088fe911b71b36381db60ca451565779fee6cf051b24cb4f57230
781,hi,formal_written,wikipedia,w160202,,72,40-99,hi,hi,Hindi,Hindi,true,true,hin_Deva,false,wikipedia_hi_extracts.json,doc:132,49f7ce362c54fc76bbf11f43387cbf520f2d052bfe3063cd3594983289efae21
2055,ne,read_speech_fleurs,fleurs,f1752ne,,96,40-99,ne,ne,Nepali,Nepali,true,true,npi_Deva,false,fleurs_ne_transcripts.json,doc:775,f1dc899381961299bea3535b8064ae4ac64d3bad9e28720b4028bc026b635c8a
3638,ne,extempore,indicvoices,S4259646600304503,West Bengal,193,100-199,ne,ne,Nepali,,true,false,npi_Deva,false,indicvoices_rows.json,row:nepali:671,83a0bb5f93be0990ffb2690ea5b81341194d86a26f20a4ed710c4a4c300dffbd
4598,ne,conversation,indicvoices,S4256978800325427,West Bengal,221,200-399,ne,ne,Nepali,,true,false,npi_Deva,false,indicvoices_rows.json,row:nepali:1631,22cd71b0d5c08e4150b115e1ad2bbc582596ce5faab54173e8b4f6235a06b4cf
3981,ne,read_speech_iv,indicvoices,S4256054800302313,Assam,51,40-99,ne,ne,Nepali,,true,false,npi_Deva,false,indicvoices_rows.json,row:nepali:1014,cde2e24e5ef3aefe3785c3910efdf2816b70801731d93332141e4a75150631e4
4520,ne,conversation,indicvoices,S4259440200361747,West Bengal,139,100-199,ne,ne,Nepali,,true,false,npi_Deva,false,indicvoices_rows.json,row:nepali:1553,6e7f54e8eb10cbe7b1633d0c841b9a1871ef1b4d30b792668f61ffe17da5552f
6814,ne,formal_written_sentence,wikipedia_sentence,w150785,,56,40-99,ne,hi,Nepali,,true,false,npi_Deva,false,wikipedia_ne_extracts.json,doc:649:sentence:1,7979d3bc0c3bb3d3074896f15cd3ddca9c9f7ed7ddfa192832213395918bdfd0
6978,ne,formal_written_sentence,wikipedia_sentence,w17258,,47,40-99,ne,ne,Nepali,,true,false,npi_Deva,false,wikipedia_ne_extracts.json,doc:69:sentence:0,0e2028f56e283889446f2329f503f687e09ad56f42eaf387428cd48f55d9f681
7577,hi,formal_written_sentence,wikipedia_sentence,w1462887,,112,100-199,hi,hi,Hindi,,true,false,anp_Deva,false,wikipedia_hi_extracts.json,doc:538:sentence:0,458d83a5da2d9cf147ffb0928b8cf758785078b21d0cbe7d224e5b4fef246b5f
4359,ne,conversation,indicvoices,S4259003500380226,West Bengal,165,100-199,ne,ne,Nepali,,true,false,npi_Deva,false,indicvoices_rows.json,row:nepali:1392,01f766c44f74efec3bb84d85a9eb3f3a34a32459fb01bcd0df0e37bf0ba759b0
7361,hi,formal_written_sentence,wikipedia_sentence,w572707,,92,40-99,hi,hi,Hindi,,true,false,anp_Deva,false,wikipedia_hi_extracts.json,doc:281:sentence:5,bfd8ba88f5e1c882c41da19e3288af72fad28869604ad445e58f979d70f3c22d
3705,ne,extempore,indicvoices,S4259504900394601,Assam,107,100-199,ne,ne,Nepali,Nepali,true,true,npi_Deva,false,indicvoices_rows.json,row:nepali:738,94e9111253fcc25890f1175b567b172a51fda460ee27c79e74d918bac167d797
3195,ne,extempore,indicvoices,S4259540800384019,Assam,102,100-199,ne,ne,Nepali,,true,false,npi_Deva,false,indicvoices_rows.json,row:nepali:228,4651671a65c0b1b41c4ccf4488aa6f26e22f9de7af207c4b60f094e4ec895de2
1256,hi,formal_written,wikipedia,w1601447,,848,400+,hi,hi,Both or code-switched,,false,false,anp_Deva,false,wikipedia_hi_extracts.json,doc:563,af65987208685295f985d70fdf0e621193eafadce1d6df5150d5fe3f61ea26ae
5741,hi,conversation,indicvoices,S4258147200320205,Bihar,255,200-399,hi,hi,Hindi,Hindi,true,true,hin_Deva,false,indicvoices_rows.json,row:hindi:974,1004ead15c9bcad171ebc3ab6965874e1cbea744b54869e81bf6a18405415e69
624,ne,formal_written,wikipedia,w148523,,1002,400+,ne,ne,Nepali,,true,false,npi_Deva,false,wikipedia_ne_extracts.json,doc:633,4171614de8e1ed7977b6585e1a8ddcd143f15ad3113f26e514860ccd4ff7c753
3908,ne,read_speech_iv,indicvoices,S4256991900327142,West Bengal,70,40-99,ne,ne,Nepali,Nepali,true,true,npi_Deva,false,indicvoices_rows.json,row:nepali:941,64faf65875bdf5db8dc35bbf9e960b9d481e9844e655e96821fc48d138ecdad3
2395,hi,read_speech_fleurs,fleurs,f1579hi,,168,100-199,hi,hi,Hindi,,true,false,hin_Deva,false,fleurs_hi_transcripts.json,doc:83,df9f7d75c35a94d5b5e79cf1e6b9ba91a87f2e0fd5a3172dfed709f5a2a1cdbd
3665,ne,extempore,indicvoices,S4258228500397067,West Bengal,120,100-199,ne,ne,Nepali,,true,false,npi_Deva,false,indicvoices_rows.json,row:nepali:698,ac211f62d257bb0148f0e0f8d4cf30cb70945c9297bcd34b490e7e2d10007f8d
4943,hi,extempore,indicvoices,S4259746100397283,Madhya Pradesh,156,100-199,hi,hi,Hindi,,true,false,hin_Deva,false,indicvoices_rows.json,row:hindi:176,2ec5244e6abf077596edfe187adb6bd70b9a25952d4125ac3418d800f92f00c3
5002,hi,extempore,indicvoices,S4259764300304518,Madhya Pradesh,133,100-199,hi,hi,Hindi,,true,false,hin_Deva,false,indicvoices_rows.json,row:hindi:235,e37645d47ad90f40d09421f115439f973966a52b329e9e8703ff2c41b6daeca6
1860,ne,read_speech_fleurs,fleurs,f1716ne,,304,200-399,ne,ne,Nepali,,true,false,npi_Deva,false,fleurs_ne_transcripts.json,doc:581,e022effc429628e7c5ae4fc82a93f3e3ee00bbac184bfbc4c5c01f29a70b0d17
6003,hi,read_speech_iv,indicvoices,S4257006800307850,Uttar Pradesh,118,100-199,hi,hi,Hindi,,true,false,hin_Deva,false,indicvoices_rows.json,row:hindi:1236,cee41ec2934adc738b214d6072dea378d00c4ceae0b1fb8608e736603bf0cac9
7088,ne,formal_written_sentence,wikipedia_sentence,w99386,,95,40-99,ne,ne,Nepali,Nepali,true,true,anp_Deva,false,wikipedia_ne_extracts.json,doc:430:sentence:0,70372baf6f07d06251e28e1c3a24711c45bb8d4a854ac5e0e32762aee8b8f327
842,hi,formal_written,wikipedia,w269915,,113,100-199,hi,hi,Hindi,,true,false,hin_Deva,false,wikipedia_hi_extracts.json,doc:191,7123bb77e57f061ab520630ad1b15a4a83d7eb3abf8195f0652a0f32a74620e9
7341,hi,formal_written_sentence,wikipedia_sentence,w755064,,145,100-199,hi,hi,Hindi,,true,false,anp_Deva,false,wikipedia_hi_extracts.json,doc:358:sentence:1,056a081d453b83e3d4cc2e23496ed9019c219767de5381779616df8d8fc5f7f1
7598,hi,formal_written_sentence,wikipedia_sentence,w433508,,80,40-99,hi,hi,Hindi,,true,false,anp_Deva,false,wikipedia_hi_extracts.json,doc:244:sentence:8,3ecda610265e1292831a53d6de2b0d68458bf341bb7230c9c6af1493f5924820
1676,ne,read_speech_fleurs,fleurs,f1977ne,,81,40-99,ne,ne,Nepali,,true,false,npi_Deva,false,fleurs_ne_transcripts.json,doc:396,6d6c69b88567518f65aa95553ea46188fddda31e100638d51955dc4eb8240eb2
5121,hi,extempore,indicvoices,S4259584000342882,Uttar Pradesh,289,200-399,hi,hi,Hindi,,true,false,hin_Deva,false,indicvoices_rows.json,row:hindi:354,9ac6dadee9fd00db673eea69ca1e0e766f408bec9934b4b8c884cbaab0c0ebdf
650,hi,formal_written,wikipedia,w2587,,110,100-199,hi,hi,Hindi,Nepali,true,false,awa_Deva,false,wikipedia_hi_extracts.json,doc:2,09930923508428f50f89f4134768080dcea930df950607e70f56785862d69388
4968,hi,extempore,indicvoices,S4258741300370663,Madhya Pradesh,110,100-199,hi,hi,Hindi,,true,false,anp_Deva,false,indicvoices_rows.json,row:hindi:201,ba5378d67250460638edc1b40578463acd524d36c0c4da12c9359ccb2bdfe08b
56,ne,formal_written,wikipedia,w15394,,1061,400+,ne,ne,Nepali,,true,false,npi_Deva,false,wikipedia_ne_extracts.json,doc:56,fe31151a23f4253f5e05f338407d26e0ced9a57009cbc06c85da1cd1e5e15b00
657,hi,formal_written,wikipedia,w9035,,1456,400+,hi,hi,Hindi,,true,false,anp_Deva,false,wikipedia_hi_extracts.json,doc:9,4dcc59d0086118583c8e95197a372284df065da1993cad62a7ec10e2430edc9a
277,ne,formal_written,wikipedia,w57357,,86,40-99,ne,ne,Nepali,,true,false,npi_Deva,false,wikipedia_ne_extracts.json,doc:280,2baee13a3ebf56dc0fb0cc18ce414346c4ed3dd9d06ef2c107e4dac65ea40ae6
6758,ne,formal_written_sentence,wikipedia_sentence,w48316,,104,100-199,ne,ne,Nepali,Nepali,true,true,npi_Deva,false,wikipedia_ne_extracts.json,doc:231:sentence:9,8d317423025faabd4d7968927cb6df7bb99c08e30db7159e208eaf0646f35a93
2790,hi,read_speech_fleurs,fleurs,f2006hi,,94,40-99,hi,hi,Hindi,,true,false,anp_Deva,false,fleurs_hi_transcripts.json,doc:479,d1a8d2d66b1f8a7f047607a826ebe160bef09fc3e7a2ff78b7a5912dabe27b16
5535,hi,extempore,indicvoices,S4259241600355788,Bihar,166,100-199,hi,hi,Hindi,Hindi,true,true,hin_Deva,false,indicvoices_rows.json,row:hindi:768,ae2fab750eabcad112a2dffd7c9f22b1b85d4f8a95da3a6f293e7b5f27151603
872,hi,formal_written,wikipedia,w304520,,92,40-99,hi,hi,Hindi,Hindi,true,true,hin_Deva,false,wikipedia_hi_extracts.json,doc:220,cab6d8295fd3270fedbd444e09757912769e93ef0c7102ecc26330c55543069d
2753,hi,read_speech_fleurs,fleurs,f1755hi,,45,40-99,hi,hi,Hindi,,true,false,hin_Deva,false,fleurs_hi_transcripts.json,doc:443,62b791a371bcd7535aedf6217744775da934fa3783e0c6c43f6048778193f09b
4436,ne,conversation,indicvoices,S4259366500382771,West Bengal,200,200-399,ne,ne,Nepali,,true,false,npi_Deva,false,indicvoices_rows.json,row:nepali:1469,c964cdb147ff7834f912c36f258df892f44869cd532be594090c9a24ad9fd187
4347,ne,conversation,indicvoices,S4258996300357024,West Bengal,117,100-199,ne,ne,Nepali,,true,false,npi_Deva,false,indicvoices_rows.json,row:nepali:1380,429f3b57b01855d7a1d84ff5758252097a8131bf95dc1765e69eaf4922e41c35
4117,ne,read_speech_iv,indicvoices,S4259460700361524,West Bengal,98,40-99,ne,ne,Nepali,,true,false,npi_Deva,false,indicvoices_rows.json,row:nepali:1150,cb0351582313b5985c110b99fef28adf429ce8736b06aecbdee353dc993771fe
3718,ne,extempore,indicvoices,S4258308200371901,Assam,150,100-199,ne,ne,Nepali,,true,false,npi_Deva,false,indicvoices_rows.json,row:nepali:751,eb557d52a2c4ac0a3caf7c665fca5fe8168de68f12e8a5d6d56c287a6b9b9aae
1893,ne,read_speech_fleurs,fleurs,f1853ne,,83,40-99,ne,ne,Nepali,Nepali,true,true,npi_Deva,false,fleurs_ne_transcripts.json,doc:614,f057dd875502bc115c31082058199b02f8f3246db5d0dae2ddab97cbd7ac2854
81,ne,formal_written,wikipedia,w17605,,58,40-99,ne,ne,Nepali,,true,false,npi_Deva,false,wikipedia_ne_extracts.json,doc:82,b61de58f6c3fc3b931341196e38bdb4276adf6ebd9b5b4bd9f746fcce9c1a7ad
266,ne,formal_written,wikipedia,w56756,,3645,400+,ne,ne,Both or code-switched,,false,false,npi_Deva,false,wikipedia_ne_extracts.json,doc:269,ba14dae6cfc1b2e96991fd791649ceae0eee3672f047d49c1c1b7a57ae9c6ae1
6867,ne,formal_written_sentence,wikipedia_sentence,w99297,,168,100-199,ne,ne,Nepali,,true,false,npi_Deva,false,wikipedia_ne_extracts.json,doc:428:sentence:2,8eeb0be372fb680f87813ae347cbea6435fbcae6a07eeffd3d5839192f7ad4bc
2802,hi,read_speech_fleurs,fleurs,f1923hi,,206,200-399,hi,hi,Hindi,,true,false,anp_Deva,false,fleurs_hi_transcripts.json,doc:492,0fb09e80c1c5623ae497871733669723d5beda68b67829421363663147eaf143
7603,hi,formal_written_sentence,wikipedia_sentence,w1463334,,169,100-199,hi,hi,Hindi,,true,false,hin_Deva,false,wikipedia_hi_extracts.json,doc:539:sentence:8,66deb145d11c8cd995168819f17dba12d4cc9edd8e9f1e70d594b84d48ee8b92
7475,hi,formal_written_sentence,wikipedia_sentence,w1136526,,149,100-199,hi,hi,Hindi,,true,false,hin_Deva,false,wikipedia_hi_extracts.json,doc:454:sentence:2,e4233d42d53c4f7a291f36461b075f2c6c3345cca912b4813297e5b212429a08
4224,ne,read_speech_iv,indicvoices,S4259325800373322,West Bengal,142,100-199,ne,ne,Nepali,Nepali,true,true,npi_Deva,false,indicvoices_rows.json,row:nepali:1257,7896b1a221b471add365cd3d94ecce634bafb4f28d074b54c68bfc05f33e3273
2977,ne,extempore,indicvoices,S4257042000305298,Assam,148,100-199,ne,ne,Nepali,Nepali,true,true,npi_Deva,false,indicvoices_rows.json,row:nepali:10,eb058526b9d64b2a94b4ad5017fee60ad994e095529681d2018fbb8f3e2d6955
4150,ne,read_speech_iv,indicvoices,S4257142500339968,West Bengal,45,40-99,ne,ne,Nepali,,true,false,npi_Deva,false,indicvoices_rows.json,row:nepali:1183,e33c74ab8b401c0ce43e811dfe16e47f9b7c5dded01829c7d21361948bfaeef1
120,ne,formal_written,wikipedia,w26299,,416,400+,ne,ne,Nepali,Nepali,true,true,npi_Deva,false,wikipedia_ne_extracts.json,doc:122,16bde3b30d99d3ae59ff168a9a80dd34868d70d67a1ed558dc20aaeec4afd291
793,hi,formal_written,wikipedia,w179674,,123,100-199,hi,hi,Both or code-switched,,false,false,hin_Deva,false,wikipedia_hi_extracts.json,doc:144,539348099ab7542a987091be61745c25912f18b511a77e95e7768342fbcfcd27
5833,hi,conversation,indicvoices,S4259323400336775,Uttar Pradesh,102,100-199,hi,hi,Hindi,,true,false,hin_Deva,false,indicvoices_rows.json,row:hindi:1066,84ff1541f469f6e57b272b033544860d94abd134ee2442b6ae7a36299207b681
4618,ne,conversation,indicvoices,S4258016100311156,West Bengal,146,100-199,ne,ne,Nepali,,true,false,npi_Deva,false,indicvoices_rows.json,row:nepali:1651,f45471821e8d85501d3451b67c456d4778aa42244a62b203acd8273dfe85ff8f
4962,hi,read_speech_iv,indicvoices,S4257955300399195,Madhya Pradesh,81,40-99,hi,hi,Hindi,Hindi,true,true,hin_Deva,false,indicvoices_rows.json,row:hindi:195,495cd07c2774c04c58b76587eab101ea3eb0dd078c23d3958baaa47880463673
6661,ne,formal_written_sentence,wikipedia_sentence,w124548,,135,100-199,ne,ne,Nepali,,true,false,npi_Deva,false,wikipedia_ne_extracts.json,doc:525:sentence:11,9cc9a171f8b57b7142fbc9f21e71afcd72da0712fc4abf3c9126c5038642fc39
977,hi,formal_written,wikipedia,w705527,,455,400+,hi,hi,Hindi,,true,false,hin_Deva,false,wikipedia_hi_extracts.json,doc:317,5c9e0963b30cefd72c2d299e102e84c0a94a9c16b87894147506924407bc36b1
116,ne,formal_written,wikipedia,w26232,,391,200-399,ne,ne,Nepali,,true,false,npi_Deva,false,wikipedia_ne_extracts.json,doc:118,eebf8390fc3112f0511a1310bcef29abf138535b2ec0f0b4ecf1e0f612b41496
5972,hi,read_speech_iv,indicvoices,S4259405100321386,Bihar,60,40-99,hi,hi,Hindi,,true,false,hin_Deva,false,indicvoices_rows.json,row:hindi:1205,6e6e9da042bd2ebe8b57c3a771c166f527548460534cbb40eaaba3bf13df7f04
1933,ne,read_speech_fleurs,fleurs,f1814ne,,127,100-199,ne,ne,Nepali,Nepali,true,true,npi_Deva,false,fleurs_ne_transcripts.json,doc:654,fdc7386c46cce0f333abb38b3cf4b026616a1ac96825310698a3ba74f9cfced3
4988,hi,extempore,indicvoices,S4256066300326902,Bihar,132,100-199,hi,hi,Nepali,,false,false,hin_Deva,false,indicvoices_rows.json,row:hindi:221,e8b4c671a9774e22d233037a04041fe6fe21aa3a27ace00054a053149e337a26
5968,hi,read_speech_iv,indicvoices,S4257896400378837,Madhya Pradesh,69,40-99,hi,hi,Hindi,,true,false,hin_Deva,false,indicvoices_rows.json,row:hindi:1201,b7663688ac768daa0b84bcda7c9440b5c74e15fe37fc6e7b1287ac6ffee02c11
6314,hi,conversation,indicvoices,S4259590900359156,Uttar Pradesh,123,100-199,hi,hi,Hindi,Hindi,true,true,hin_Deva,false,indicvoices_rows.json,row:hindi:1547,16edc9161e7dff266903893d049427c79b251f58bd28eecdfbb16db1c55319af
3400,ne,extempore,indicvoices,S4258543500363579,West Bengal,199,100-199,ne,ne,Nepali,,true,false,npi_Deva,false,indicvoices_rows.json,row:nepali:433,90d4e6252e7825ff0d64cf7c28f7275b343704f14f84132581441e8ce3d404f1
1189,hi,formal_written,wikipedia,w1333674,,1274,400+,hi,hi,Hindi,,true,false,hin_Deva,false,wikipedia_hi_extracts.json,doc:507,6ca316691337ecc2fc92d4caad0ea56c5dadfd0f63cb98286987961512946e68
7197,hi,formal_written_sentence,wikipedia_sentence,w446942,,59,40-99,hi,hi,Hindi,,true,false,anp_Deva,false,wikipedia_hi_extracts_b.json,doc:272:sentence:0,18c27058260582cd2ce663cd48602708de5e6580a6fde82b4683c0a34bde546d
4450,ne,conversation,indicvoices,S4259304600374890,West Bengal,185,100-199,ne,ne,Nepali,Nepali,true,true,npi_Deva,false,indicvoices_rows.json,row:nepali:1483,3dcfd5e2e19e0cdc59021a42216ecead92391faed56c3d169e03180e1744ecf6
6875,ne,formal_written_sentence,wikipedia_sentence,w29925,,117,100-199,ne,ne,Nepali,,true,false,npi_Deva,false,wikipedia_ne_extracts.json,doc:158:sentence:13,65e7ef503ccdbac72e9715b1b402a31d65c7970ad9fd9435e36f8538ce254058
106,ne,formal_written,wikipedia,w23793,,337,200-399,ne,ne,Nepali,Nepali,true,true,npi_Deva,false,wikipedia_ne_extracts.json,doc:108,fea3790a833b87ff24944f7267d78b451c85b5eaa2dbc181e4f977032cda9f37
4772,hi,read_speech_iv,indicvoices,S4257492300320508,Madhya Pradesh,168,100-199,hi,hi,Hindi,,true,false,hin_Deva,false,indicvoices_rows.json,row:hindi:5,e23ceb024b7d23321ec341bbad860816a75cceffb913472cea4f9d4f07bea66d
3761,ne,extempore,indicvoices,S4258881500377546,Assam,155,100-199,ne,ne,Nepali,Nepali,true,true,npi_Deva,false,indicvoices_rows.json,row:nepali:794,cd357d4207d8a51dca3e6de91fb885649235aa86a7e58b520eb49eb39f4fe3aa
1971,ne,read_speech_fleurs,fleurs,f1804ne,,165,100-199,ne,ne,Nepali,Nepali,true,true,npi_Deva,false,fleurs_ne_transcripts.json,doc:692,8136ac8d5a8df2afeae56c4fb7f46c4db874a48f8c15089773eb8cf7b07d1d9a
2431,hi,read_speech_fleurs,fleurs,f1583hi,,182,100-199,hi,hi,Hindi,Hindi,true,true,hin_Deva,false,fleurs_hi_transcripts.json,doc:121,c3ba516ce0521573eeee400314be4b0425b2d2381b34043ff78000f7136461cd
3928,ne,conversation,indicvoices,S4259805400305619,Assam,144,100-199,ne,ne,Nepali,Nepali,true,true,npi_Deva,false,indicvoices_rows.json,row:nepali:961,c03a4b450f059ad1a993a929743a11cf3c122118af62589272faba744cde1509
2607,hi,read_speech_fleurs,fleurs,f1901hi,,192,100-199,hi,hi,Hindi,,true,false,hin_Deva,false,fleurs_hi_transcripts.json,doc:297,cbc5ac83eef8b98371e710a4f62e8a5d35b416495fe2e31d277f4ee8e4927163
4631,ne,conversation,indicvoices,S4257208200309853,West Bengal,127,100-199,ne,ne,Nepali,,true,false,npi_Deva,false,indicvoices_rows.json,row:nepali:1664,3783a8ee6572bcf19bda9d99387d9730d69e957c30e79c6c418b2bfee725a56c
890,hi,formal_written,wikipedia,w384630,,428,400+,hi,hi,Hindi,Hindi,true,true,hin_Deva,false,wikipedia_hi_extracts.json,doc:237,e4ffd1d060a016d82c322acfab898fa90e7eec066088019887cc8c2b1ec22516
1235,hi,formal_written,wikipedia,w1500319,,6525,400+,hi,hi,Both or code-switched,,false,false,anp_Deva,false,wikipedia_hi_extracts.json,doc:547,109cf82b4cd3130b2cf3cc75c938f4d392e9d74a7c8c8ab0b419602fcc95b5e6
867,hi,formal_written,wikipedia,w301590,,101,100-199,hi,hi,Hindi,,true,false,hin_Deva,false,wikipedia_hi_extracts.json,doc:215,b93c7d57e09d74af2778b48f79c2a1b91aa7ca2cf0376d1d6758782700e7f1dd
3791,ne,extempore,indicvoices,S4258002300311628,West Bengal,114,100-199,ne,ne,Nepali,Nepali,true,true,npi_Deva,false,indicvoices_rows.json,row:nepali:824,51fc2aee0ba6e3915aba6dcb6169ecbeab3cd73125f50f1a7fd9419560f841cb
4747,ne,conversation,indicvoices,S4259919500353239,West Bengal,107,100-199,ne,ne,Nepali,,true,false,npi_Deva,false,indicvoices_rows.json,row:nepali:1780,3ac25d32e3708259a8de7b3c0a7df4bc104b458d90ab08f5b8b2630895558fa8
5802,hi,conversation,indicvoices,S4259292700350653,Bihar,178,100-199,hi,hi,Hindi,Hindi,true,true,anp_Deva,false,indicvoices_rows.json,row:hindi:1035,133b0a7ce96c01e38d7fcc4c430523e57bd03b764edda5411c5a480272279a5a
3346,ne,read_speech_iv,indicvoices,S4257025400301875,West Bengal,131,100-199,ne,ne,Nepali,,true,false,npi_Deva,false,indicvoices_rows.json,row:nepali:379,25bf14d88ec89028473f14178b556cd97c4eae3e2f9a2bf4e84a93609cb717d4
939,hi,formal_written,wikipedia,w572707,,839,400+,hi,hi,Hindi,Hindi,true,true,hin_Deva,false,wikipedia_hi_extracts.json,doc:281,0252896949ccaa878787a445978053f62fd423901b78906145bf6bd65feb1745
775,hi,formal_written,wikipedia,w158497,,92,40-99,hi,hi,Hindi,,true,false,awa_Deva,false,wikipedia_hi_extracts.json,doc:126,788c8a3d17459776b3840e9d69f4f78d3cc7a87b12d0bed14510b52b7f93cf86
2545,hi,read_speech_fleurs,fleurs,f1586hi,,149,100-199,hi,hi,Hindi,,true,false,hin_Deva,false,fleurs_hi_transcripts.json,doc:235,dfff34f125ad2bac379dee3f6cf9b51413babd8c88f13323115d48e8bf49e63f
3878,ne,extempore,indicvoices,S4257006100302166,Assam,118,100-199,ne,ne,Nepali,,true,false,npi_Deva,false,indicvoices_rows.json,row:nepali:911,6076652fc86f99778a862ad0b240b0c982dfe375384eb917a064ee340a010711
5342,hi,extempore,indicvoices,S4259452500331167,Bihar,136,100-199,hi,hi,Hindi,,true,false,hin_Deva,false,indicvoices_rows.json,row:hindi:575,0754ea84d2913c9b53cef716d69d97643856a94fa765a28d2b9d22f637beffdc
433,ne,formal_written,wikipedia,w100279,,276,200-399,ne,ne,Nepali,Nepali,true,true,npi_Deva,false,wikipedia_ne_extracts.json,doc:441,9b49d7c1ce2a6b04fdd389633f7bbb414e87b0d887c0ea37c82169f62d74714b
5308,hi,extempore,indicvoices,S4259087000335811,Uttar Pradesh,140,100-199,hi,hi,Hindi,,true,false,hin_Deva,false,indicvoices_rows.json,row:hindi:541,7903bd1f5bcca9f24923a60001ce61449051c8dd40c833414971e1e3eb8bf662
849,hi,formal_written,wikipedia,w270926,,114,100-199,hi,hi,Hindi,,true,false,hin_Deva,false,wikipedia_hi_extracts.json,doc:198,58878631bca5f8db1763cef7459f2934580443ed05b27e4743db4b5fa0541b12
1261,hi,formal_written,wikipedia,w1605042,,100,100-199,hi,hi,Hindi,Hindi,true,true,hin_Deva,false,wikipedia_hi_extracts.json,doc:568,a1cd1a5d66253ebb0874809144f92a04d4682ca42f73154bee2d3b68b757498a
6094,hi,read_speech_iv,indicvoices,S4258190800356984,Madhya Pradesh,51,40-99,hi,hi,,,false,false,hin_Deva,false,indicvoices_rows.json,row:hindi:1327,c363cd51f0c73ee738f71d4d43b9ad5b3ef26bc81eb02b061756f7918f498e2a
5486,hi,read_speech_iv,indicvoices,S4257931700392500,Bihar,185,100-199,hi,hi,Hindi,Hindi,true,true,hin_Deva,false,indicvoices_rows.json,row:hindi:719,5c0e133b14f24462c5102c04bb284882f53b22ffa5387e3788e0cc6bd3eb83c7
2829,hi,read_speech_fleurs,fleurs,f1675hi,,124,100-199,hi,hi,Hindi,Hindi,true,true,hin_Deva,false,fleurs_hi_transcripts.json,doc:519,c70d46c63323858ab86e14d9171b59fef15b639b18a36f7a104e8179d93f9ef1
2667,hi,read_speech_fleurs,fleurs,f1802hi,,66,40-99,hi,hi,Hindi,,true,false,anp_Deva,false,fleurs_hi_transcripts.json,doc:357,9dde274efea81ae0096bbf27cb28ba68e4a378bec228e6c656e831736ba2755a
2688,hi,read_speech_fleurs,fleurs,f1880hi,,64,40-99,hi,hi,Hindi,,true,false,hin_Deva,false,fleurs_hi_transcripts.json,doc:378,3a141c9690539069bd00f16aee3283c432940e42dd5bad14167fa98ffabb1d5c
6298,hi,read_speech_iv,indicvoices,S4259459200310859,Uttar Pradesh,142,100-199,hi,hi,Hindi,,true,false,hin_Deva,false,indicvoices_rows.json,row:hindi:1531,77ea459ca0c1ca73391ed5557d245a7419f5cc40a79cd41f3e71d110825393f7
4650,ne,conversation,indicvoices,S4259009100380753,West Bengal,116,100-199,ne,ne,Nepali,,true,false,npi_Deva,false,indicvoices_rows.json,row:nepali:1683,f849eabb801e10e88844db7fa9e7a3d9f6d35f238b42efc4f85fba76202176a4
6120,hi,read_speech_iv,indicvoices,S4258241800310970,Madhya Pradesh,165,100-199,hi,hi,Hindi,Hindi,true,true,hin_Deva,false,indicvoices_rows.json,row:hindi:1353,02a37089027e7b744a86649d61c0d5463029c28f320e53437882d0e5fd9fb167
1695,ne,read_speech_fleurs,fleurs,f1978ne,,72,40-99,ne,ne,Nepali,,true,false,npi_Deva,false,fleurs_ne_transcripts.json,doc:414,0331177f98d07696149bc06da99dc27f235ac52bcdbdf3435306070039a1a436
2131,ne,read_speech_fleurs,fleurs,f1842ne,,228,200-399,ne,ne,Nepali,Nepali,true,true,npi_Deva,false,fleurs_ne_transcripts.json,doc:851,6a49844a66cce21bc2fdee0aa8e19e34fb611a4757817c994613be48a966ae99
3229,ne,read_speech_iv,indicvoices,S4259621900384202,Assam,117,100-199,ne,ne,Nepali,,true,false,npi_Deva,false,indicvoices_rows.json,row:nepali:262,e7f7c5163137de4fb3302dfad66e2e759e1a6d5d91d5f6183296e1ad4f7abeae
7014,ne,formal_written_sentence,wikipedia_sentence,w101803,,41,40-99,ne,hi,,,false,false,npi_Deva,false,wikipedia_ne_extracts.json,doc:451:sentence:6,fb685c982f6a1851117413726ed600b581aaa7ec6e1e29eae5be09b6ec78efe5
3980,ne,read_speech_iv,indicvoices,S4256054800302313,Assam,119,100-199,ne,ne,Nepali,,true,false,npi_Deva,false,indicvoices_rows.json,row:nepali:1013,1217ed00ffda58c6c6057b95909f3ba7908c8bd1fa9652d5551b8e24fbc649a2
3727,ne,read_speech_iv,indicvoices,S4258228500397067,West Bengal,154,100-199,ne,ne,Nepali,,true,false,npi_Deva,false,indicvoices_rows.json,row:nepali:760,55441c4985203a966ab1dd9cb4a11f7f64ffdacdbb494b78e97b515b67390f80
6516,hi,read_speech_iv,indicvoices,S4259079200381229,Bihar,55,40-99,hi,hi,Hindi,,true,false,anp_Deva,false,indicvoices_rows.json,row:hindi:1749,786feabaed9abc5d138c541fa4df2cadd3edd1286a9e543ddbe66be1fdf1f602
1285,ne,read_speech_fleurs,fleurs,f1533ne,,102,100-199,ne,ne,Nepali,,true,false,npi_Deva,false,fleurs_ne_transcripts.json,doc:0,74a978294518f1d26f3dcf29acfce88a99c7705a7d4e3238a101b05c962a27fb
7290,hi,formal_written_sentence,wikipedia_sentence,w686054,,127,100-199,hi,hi,Hindi,,true,false,hin_Deva,false,wikipedia_hi_extracts.json,doc:313:sentence:3,8ad0588b02c8a63bceee2d62a610cd8e5b5d3f6df06621ad65b80a8441097362
6829,ne,formal_written_sentence,wikipedia_sentence,w29070,,43,40-99,ne,ne,,,false,false,npi_Deva,false,wikipedia_ne_extracts.json,doc:143:sentence:6,69e3ae330985aefc5dfc440e8e9176975d1b52f93dd0634a69ea8d9da2c16454
3227,ne,conversation,indicvoices,S4257970300386587,Assam,208,200-399,ne,ne,Nepali,,true,false,npi_Deva,false,indicvoices_rows.json,row:nepali:260,9a5b731955da902fd86ad7157fa005a23a879d25db014b86cbb0c65149070734
70,ne,formal_written,wikipedia,w17324,,75,40-99,ne,ne,Nepali,,true,false,npi_Deva,false,wikipedia_ne_extracts.json,doc:71,96b6c0701038b45118ac0e593893d687a9c01e6e31ceb191c848c2758a16554e
3831,ne,extempore,indicvoices,S4257010100302989,Assam,233,200-399,ne,ne,Nepali,Nepali,true,true,npi_Deva,false,indicvoices_rows.json,row:nepali:864,69c6df7b762cb652d214b027803cfea5a7d77a99929ba7cd15e09ffcf1e03986
1964,ne,read_speech_fleurs,fleurs,f1835ne,,149,100-199,ne,hi,Nepali,,true,false,npi_Deva,false,fleurs_ne_transcripts.json,doc:685,c5ad0ac04f3f9bc12b36c607f56df68b7748139095c04a78ec3aa38cee357ff9
4610,ne,conversation,indicvoices,S4259345900314682,West Bengal,138,100-199,ne,ne,Nepali,Nepali,true,true,npi_Deva,false,indicvoices_rows.json,row:nepali:1643,26200bff14b4b3f3ab50d89080f3bf12e4bf78bc7c3fd267820270077bce1c63
6500,hi,read_speech_iv,indicvoices,S4259327000381512,Uttar Pradesh,63,40-99,hi,hi,Hindi,,true,false,hin_Deva,false,indicvoices_rows.json,row:hindi:1733,2623f44ea0696bfb59fdbc26023d5ed7d19ab35c14c58371f99c4a55574e13fe
3311,ne,extempore,indicvoices,S4257054200305029,Assam,248,200-399,ne,ne,Nepali,Nepali,true,true,npi_Deva,false,indicvoices_rows.json,row:nepali:344,7e59ca5127280530e0e29a13050a21995ee62b74cad654a214f1db700170e6da
7284,hi,formal_written_sentence,wikipedia_sentence,w433508,,72,40-99,hi,mr,Hindi,,true,false,anp_Deva,false,wikipedia_hi_extracts.json,doc:244:sentence:2,25535f569aa43b7d117249b3ac621d5a0036cf1c14124099e588fea7aa6e4000
6582,ne,formal_written_sentence,wikipedia_sentence,w14726,,80,40-99,ne,hi,Nepali,,true,false,npi_Deva,false,wikipedia_ne_extracts.json,doc:53:sentence:3,d15f13d3a0d998d5d4e7f949a7162de646e116cb6096e50e938594cbdc22e621
2746,hi,read_speech_fleurs,fleurs,f1899hi,,172,100-199,hi,hi,Hindi,,true,false,anp_Deva,false,fleurs_hi_transcripts.json,doc:436,a003f7fef11cdcd6384a414bfe92ace98d45b01c00214626edc005ea50b5eef6
7375,hi,formal_written_sentence,wikipedia_sentence,w748610,,123,100-199,hi,hi,Hindi,,true,false,anp_Deva,false,wikipedia_hi_extracts.json,doc:349:sentence:3,d9c0e162e555e95f97633713ca2ee8fd19498b38fa161aec8ec3e2006222b6d8
7465,hi,formal_written_sentence,wikipedia_sentence,w1500319,,132,100-199,hi,hi,Hindi,,true,false,anp_Deva,false,wikipedia_hi_extracts.json,doc:547:sentence:10,e47c2098255baaf06690031c5334d6a16427f1570c8377f233b544d811532e6f
4008,ne,read_speech_iv,indicvoices,S4259119500363715,Assam,148,100-199,ne,ne,Nepali,Nepali,true,true,npi_Deva,false,indicvoices_rows.json,row:nepali:1041,7954f8d244a95518d0347e60079be594bfc24aa4c30d395c23e5c90089bcaaaf
1414,ne,read_speech_fleurs,fleurs,f1543ne,,74,40-99,ne,hi,Nepali,,true,false,npi_Deva,false,fleurs_ne_transcripts.json,doc:131,b7d96c43620bdbf60640de9e54f3d296a9d226ea526ebbf3eb4222d957cbfa36
4731,ne,conversation,indicvoices,S4259358600382389,West Bengal,158,100-199,ne,ne,Nepali,Nepali,true,true,npi_Deva,false,indicvoices_rows.json,row:nepali:1764,4b9694109a61dd8b77d44fcd8f541dacad55f86b77a911d1dbb68f01131fb4d1
3990,ne,read_speech_iv,indicvoices,S4257010100302989,Assam,131,100-199,ne,ne,Nepali,,true,false,npi_Deva,false,indicvoices_rows.json,row:nepali:1023,c89851fa386395e28453e9a9b376faa2f9ac53dfffc320f5d6e3e2094413370d
2964,hi,read_speech_fleurs,fleurs,f1998hi,,118,100-199,hi,hi,Hindi,,true,false,hin_Deva,false,fleurs_hi_transcripts.json,doc:654,15da8483810ca96df756abd646b25d1a7060222182601b528f945842c608b080
7384,hi,formal_written_sentence,wikipedia_sentence,w994750,,121,100-199,hi,hi,Hindi,,true,false,hin_Deva,false,wikipedia_hi_extracts.json,doc:424:sentence:0,155bace17805fb4c2c7c181c1f8b21a4dda1ad1febc64310ef177c0b675b15eb
7389,hi,formal_written_sentence,wikipedia_sentence,w50774,,64,40-99,hi,ne,Hindi,Nepali,true,false,anp_Deva,false,wikipedia_hi_extracts_b.json,doc:68:sentence:4,3fa9bd1b471992fe300f6442fe14d045b3556a7c7fe62df919dc33d10ada67d0
7564,hi,formal_written_sentence,wikipedia_sentence,w1010764,,102,100-199,hi,hi,Hindi,,true,false,hin_Deva,false,wikipedia_hi_extracts.json,doc:427:sentence:2,fd9f7306c61bd9b2006fd404af9ed271396644f6165deb6c2ac593a5a60d4ba4
7725,hi,formal_written_sentence,wikipedia_sentence,w1570696,,118,100-199,hi,hi,Both or code-switched,Both or code-switched,false,false,anp_Deva,false,wikipedia_hi_extracts_b.json,doc:619:sentence:16,4c567584f62e878416a26a5a0928e733e2d1722e293ad4299838677dfd066883
5181,hi,extempore,indicvoices,S4259226600368205,Uttar Pradesh,228,200-399,hi,hi,Hindi,,true,false,hin_Deva,false,indicvoices_rows.json,row:hindi:414,be6383f410d9abadac74f6065bbffd3203865c3deee2f8d98f4939117b274feb
245,ne,formal_written,wikipedia,w53972,,91,40-99,ne,ne,Nepali,Nepali,true,true,npi_Deva,false,wikipedia_ne_extracts.json,doc:248,99a552e6652337652286ee7d20ef75af3e8eb660551ba23bfef4b27e5b205d25
5699,hi,conversation,indicvoices,S4257007300339437,Uttar Pradesh,115,100-199,hi,hi,Hindi,,true,false,hin_Deva,false,indicvoices_rows.json,row:hindi:932,b44be6230ac6d9b177f6689211fd3f470c8d59391947f92096985f9050134a42
4255,ne,read_speech_iv,indicvoices,S4258064700390995,West Bengal,73,40-99,ne,ne,Nepali,Nepali,true,true,npi_Deva,false,indicvoices_rows.json,row:nepali:1288,a19f07d621f3295209317e8386441bebfbc0011fdad4c7f7fcb4ebee3a308009
2778,hi,read_speech_fleurs,fleurs,f1951hi,,153,100-199,hi,hi,Hindi,,true,false,anp_Deva,false,fleurs_hi_transcripts.json,doc:468,2dda2e70ca3344c70f811481b8350ccdf6288744f02c9f25098cd6700c994a02
2148,ne,read_speech_fleurs,fleurs,f1821ne,,104,100-199,ne,ne,Nepali,,true,false,npi_Deva,false,fleurs_ne_transcripts.json,doc:869,4d866d56eae75135999f09a14663433b8b71bccf62b33a8bbdb941be21f39862
226,ne,formal_written,wikipedia,w47978,,1547,400+,ne,ne,Nepali,,true,false,npi_Deva,false,wikipedia_ne_extracts.json,doc:228,8d867cc9f0e623674aa12090ec8dc8e94d83dcd79c87d8919020e81a13e9a244
640,ne,formal_written,wikipedia,w150785,,636,400+,ne,ne,Nepali,,true,false,npi_Deva,false,wikipedia_ne_extracts.json,doc:649,99e46c0aa08014317c229a4dfd9c7a737a38a6d549f888796e566cdae98123a4
6288,hi,read_speech_iv,indicvoices,S4259329200304740,Bihar,56,40-99,hi,hi,Hindi,Hindi,true,true,hin_Deva,false,indicvoices_rows.json,row:hindi:1521,675891114ccc6ffb8df143787fed4a981da1ee5c5e92371de0ef903ba3fd101d
6997,ne,formal_written_sentence,wikipedia_sentence,w150436,,84,40-99,ne,ne,Nepali,,true,false,npi_Deva,false,wikipedia_ne_extracts.json,doc:647:sentence:1,990e6bbfbd05137220eee5a490d9f36c7edddcffa5fde5bebea26f0381857893
2290,ne,read_speech_fleurs,fleurs,f1828ne,,107,100-199,ne,ne,Nepali,,true,false,npi_Deva,false,fleurs_ne_transcripts.json,doc:1011,eb211b15bf0a6a92af6135d68adfd994ec0e2ae3c39fcb357354f33b06cffea6
5569,hi,conversation,indicvoices,S4256676600327861,Madhya Pradesh,100,100-199,hi,hi,Hindi,Hindi,true,true,hin_Deva,false,indicvoices_rows.json,row:hindi:802,e4c6108b600f23c56bd9679f1f505b52954b0d0a4f8ce4f6911c65049d35df42
3472,ne,extempore,indicvoices,S4257966900309275,Assam,126,100-199,ne,mr,Nepali,,true,false,npi_Deva,false,indicvoices_rows.json,row:nepali:505,cf6d4072d64cf40bacfddd5b5d5b60c1c15feb21aa0dc17e96b4740cffbfb228
7139,ne,formal_written_sentence,wikipedia_sentence,w27564,,138,100-199,ne,ne,Nepali,,true,false,npi_Deva,false,wikipedia_ne_extracts.json,doc:134:sentence:0,cc5089305775fd1a8ac9d521389def13cb6f84ba869408bbb1a6024bc6e7e771
405,ne,formal_written,wikipedia,w95456,,147,100-199,ne,ne,Nepali,,true,false,npi_Deva,false,wikipedia_ne_extracts.json,doc:413,7b3529e5f6539d04c01e8ce9147e78621aa5d6f2055f28f37b48349b65d589ae
4954,hi,read_speech_iv,indicvoices,S4258536800301364,Bihar,119,100-199,hi,hi,Both or code-switched,,false,false,hin_Deva,false,indicvoices_rows.json,row:hindi:187,5fcea8fe37cc2293aab75fabd63859f17e26ae8e03ad13cd747ddd73abf5e8f9
3590,ne,extempore,indicvoices,S4257862300306985,Assam,232,200-399,ne,hi,Nepali,,true,false,npi_Deva,false,indicvoices_rows.json,row:nepali:623,85e7cbb5e297e1e1ef0a803f4c97f683174b3dfd431597ff22e4c3a866841b1c
7106,ne,formal_written_sentence,wikipedia_sentence,w99165,,145,100-199,ne,ne,Nepali,,true,false,npi_Deva,false,wikipedia_ne_extracts.json,doc:427:sentence:4,cee1ab6627aace3478393111deb0908d1b5d409a6b27827d42f0406f6527c927
1460,ne,read_speech_fleurs,fleurs,f1643ne,,137,100-199,ne,ne,Nepali,,true,false,npi_Deva,false,fleurs_ne_transcripts.json,doc:177,c57382d8ae695c114efeac97307043b6ec08ecb7091531fd7c279c2f3bbad25c
3192,ne,extempore,indicvoices,S4259540800384019,Assam,100,100-199,ne,ne,Nepali,,true,false,npi_Deva,false,indicvoices_rows.json,row:nepali:225,0784d4897c519030a67ebadbefba85c0fe4121b8b382dd9626e43a8401239768
4604,ne,conversation,indicvoices,S4258594900320708,West Bengal,106,100-199,ne,ne,Nepali,,true,false,npi_Deva,false,indicvoices_rows.json,row:nepali:1637,fe42de74938a35a00fb15fc3f264311bcca4b6632658f50a4534d23b78d26f1f
5560,hi,extempore,indicvoices,S4259781500350621,Bihar,151,100-199,hi,hi,Hindi,,true,false,hin_Deva,false,indicvoices_rows.json,row:hindi:793,635f1ab10d3a6a9d61e4aef8066acbd293ad1b0d964f0159efc035af2c9e2bbb
6587,ne,formal_written_sentence,wikipedia_sentence,w97535,,74,40-99,ne,ne,,Nepali,false,false,npi_Deva,false,wikipedia_ne_extracts.json,doc:418:sentence:1,a08bae5e8421b63d07cd12b6ee6e16555e9f501c898f1d95fa9b2a37ff61b2f4
3615,ne,extempore,indicvoices,S4259046100311619,Assam,149,100-199,ne,ne,Nepali,,true,false,npi_Deva,false,indicvoices_rows.json,row:nepali:648,50792ec9a5cef921c0a98d57ba8938aee4c308497fc1a781a7f48cb18e59dd4e
4638,ne,conversation,indicvoices,S4258484100335468,West Bengal,205,200-399,ne,ne,Nepali,,true,false,npi_Deva,false,indicvoices_rows.json,row:nepali:1671,4a3dbaaf99e6f35b0d328b5cabbf5a6938d4dbf5342bd276f7c7096f8512dc3b
6135,hi,conversation,indicvoices,S4257983600364803,Madhya Pradesh,105,100-199,hi,hi,Hindi,Hindi,true,true,hin_Deva,false,indicvoices_rows.json,row:hindi:1368,e43c96b4346100ecf59a7b63f4a18b7d55ed6af1e4098cdcfbc1d7cab905fa68
942,hi,formal_written,wikipedia,w576944,,186,100-199,hi,hi,Hindi,,true,false,anp_Deva,false,wikipedia_hi_extracts.json,doc:282,8cd1c4f6589cd90153b4913212d835d613ae1e4878219e18d83ede4ffe6608e1
3732,ne,extempore,indicvoices,S4256086400390383,Assam,125,100-199,ne,ne,Nepali,Nepali,true,true,npi_Deva,false,indicvoices_rows.json,row:nepali:765,f99c25de73f2127bbc4c3b23e9ac4f2fb49bf85f001171c5fde30126139d600d
7739,hi,formal_written_sentence,wikipedia_sentence,w16617,,91,40-99,hi,hi,Hindi,,true,false,anp_Deva,false,wikipedia_hi_extracts_b.json,doc:29:sentence:7,6758788ebf394f02f330e617b712baa3d02913affbcf265a72c8b4cb533f203b
648,hi,formal_written,wikipedia,w1675,,581,400+,hi,hi,Both or code-switched,,false,false,anp_Deva,false,wikipedia_hi_extracts.json,doc:1,4cc1f9b79ad5c461b4d725aa0bca9d0adaf675b8bf2e8aaca94a33a86339f10f
5546,hi,extempore,indicvoices,S4259241600355788,Bihar,108,100-199,hi,ne,Hindi,,true,false,hin_Deva,false,indicvoices_rows.json,row:hindi:779,4f0e87493ad3ad1978d1ff4a91131b2daa38407e63296a031ee5c962ab428b6b
118,ne,formal_written,wikipedia,w26253,,363,200-399,ne,ne,Nepali,Nepali,true,true,npi_Deva,false,wikipedia_ne_extracts.json,doc:120,66cb93a960ef5e665167d682a9659327f96bddf7a02923f885f59531871b9b4d
1900,ne,read_speech_fleurs,fleurs,f1815ne,,121,100-199,ne,ne,Nepali,,true,false,npi_Deva,false,fleurs_ne_transcripts.json,doc:621,987c9b781680e823bc6b076a9f589c7a35022e5b9eb161eae87bc15548ea7352
3817,ne,extempore,indicvoices,S4259540800384019,Assam,101,100-199,ne,ne,Nepali,Nepali,true,true,npi_Deva,false,indicvoices_rows.json,row:nepali:850,979be4082f0b2f625d694c47bbf2427a3f9201b87b942008f1455db6ca0c5ae3
2694,hi,read_speech_fleurs,fleurs,f1872hi,,141,100-199,hi,hi,Both or code-switched,Hindi,false,false,hin_Deva,false,fleurs_hi_transcripts.json,doc:383,06a23720ea8fa8425913526f786628c6d4de1d900b2f728d2461303ab03c1ee1
2335,hi,read_speech_fleurs,fleurs,f1537hi,,68,40-99,hi,hi,Hindi,,true,false,hin_Deva,false,fleurs_hi_transcripts.json,doc:24,c5487cf397b0aa2107c8e6a5b260214b666c058dbb8a2b793c0c6789f6771e9b
5830,hi,conversation,indicvoices,S4259323400336775,Uttar Pradesh,188,100-199,hi,hi,Hindi,,true,false,hin_Deva,false,indicvoices_rows.json,row:hindi:1063,4fdff753c52fed6a861fb4c0624c44a82541f634bc1f7940879555d9e0684690
2071,ne,read_speech_fleurs,fleurs,f1764ne,,97,40-99,ne,ne,Nepali,,true,false,npi_Deva,false,fleurs_ne_transcripts.json,doc:791,0e87904200842e268b9777da0f1bd33b5375797c975f3b0293c5ca5e0711ceae
3927,ne,conversation,indicvoices,S4259805400305619,Assam,159,100-199,ne,ne,Nepali,,true,false,npi_Deva,false,indicvoices_rows.json,row:nepali:960,784611709a714908f7c018c9def8edf9c71729b89d9edc536eb7c58073357eef
6153,hi,conversation,indicvoices,S4259223600396671,Madhya Pradesh,131,100-199,hi,hi,Hindi,,true,false,anp_Deva,false,indicvoices_rows.json,row:hindi:1386,049e6c2812e2b22ba7aeccf161e663a9463bc74fbcda1721356a31dade8ad538
5115,hi,extempore,indicvoices,S4259584000342882,Uttar Pradesh,132,100-199,hi,hi,Hindi,Hindi,true,true,hin_Deva,false,indicvoices_rows.json,row:hindi:348,52e1e6e8aac53fcac5452c3e490b8e115128378dedb377571edce9efd9d9db2e
3075,ne,read_speech_iv,indicvoices,S4256991900327142,West Bengal,46,40-99,ne,ne,Nepali,,true,false,npi_Deva,false,indicvoices_rows.json,row:nepali:108,0754db9cbce98a4e76137d64c14bdf346dee3746c1ea63af2858a5e4e37cfcd7
4497,ne,conversation,indicvoices,S4257049200398288,West Bengal,210,200-399,ne,ne,Nepali,,true,false,npi_Deva,false,indicvoices_rows.json,row:nepali:1530,3a7c5bdb20c92ddd7e79d2b5ec975b9f4501527728f788e1d06282711f04c4ee
5222,hi,extempore,indicvoices,S4259918700378788,Bihar,166,100-199,hi,hi,Hindi,,true,false,hin_Deva,false,indicvoices_rows.json,row:hindi:455,e3c1d5af999448b7e3183c141faf45111e7caa976732328e199fcef6df5d0952
2544,hi,read_speech_fleurs,fleurs,f1627hi,,108,100-199,hi,hi,Both or code-switched,,false,false,hin_Deva,false,fleurs_hi_transcripts.json,doc:234,2e26c069387cc9a506010f2514679a6ad5b6a8cfc5315734ef18c55894181ed2
4431,ne,conversation,indicvoices,S4258010000311869,West Bengal,112,100-199,ne,ne,Nepali,Nepali,true,true,npi_Deva,false,indicvoices_rows.json,row:nepali:1464,27617472abf23306ad56df3ee5eed96112b04e12718bef1e24b965a1cf991ce7
7690,hi,formal_written_sentence,wikipedia_sentence,w39644,,74,40-99,hi,hi,Hindi,,true,false,anp_Deva,false,wikipedia_hi_extracts.json,doc:50:sentence:12,dffbc542e87b831e4e3d1ff87ddc8cbc881df983608258cf7e2a0f701556c75c
1580,ne,read_speech_fleurs,fleurs,f1624ne,,76,40-99,ne,ne,Nepali,,true,false,npi_Deva,false,fleurs_ne_transcripts.json,doc:300,d03d7775f458405382f608407c0e55fbabeefcae0ee862fa2ef9912fe27accd1
4832,hi,extempore,indicvoices,S4257007300339437,Uttar Pradesh,230,200-399,hi,hi,Hindi,,true,false,hin_Deva,false,indicvoices_rows.json,row:hindi:65,2bb9b6afeca18f4884293cfb55fc297582225970e4e411c9f772aab03a9b1f59
5396,hi,extempore,indicvoices,S4259154800367095,Madhya Pradesh,120,100-199,hi,hi,Hindi,Hindi,true,true,hin_Deva,false,indicvoices_rows.json,row:hindi:629,67e4845df111047c027ce1236d48580b81bc9ad53a60fe41c90216ed729b1b84
4341,ne,conversation,indicvoices,S4259396100374865,West Bengal,122,100-199,ne,ne,Nepali,,true,false,npi_Deva,false,indicvoices_rows.json,row:nepali:1374,dec5d0dd661a837b6c40bda6353fb20efae2287720a5475bced85389affa0e8d
3565,ne,extempore,indicvoices,S4259633100335584,Assam,151,100-199,ne,ne,Nepali,,true,false,npi_Deva,false,indicvoices_rows.json,row:nepali:598,4b1d21eb56a91bc0ff546b4a2e3795a8236ecf6807fbf37606bcc7c7b61ecdf6
2844,hi,read_speech_fleurs,fleurs,f1974hi,,70,40-99,hi,hi,Hindi,Hindi,true,true,hin_Deva,false,fleurs_hi_transcripts.json,doc:533,902b47c9483f9fcc76abc4dd6ff64a8ea7c221d0c58e3ba4956f176a9dd76e36
7632,hi,formal_written_sentence,wikipedia_sentence,w248960,,92,40-99,hi,hi,Hindi,Hindi,true,true,hin_Deva,false,wikipedia_hi_extracts.json,doc:162:sentence:16,4c1f790ff624afd0888a53894d28cade6cc58ecb13677bce3d0676ff6856846e
6724,ne,formal_written_sentence,wikipedia_sentence,w70634,,169,100-199,ne,ne,Nepali,Nepali,true,true,npi_Deva,false,wikipedia_ne_extracts.json,doc:308:sentence:2,0b6ebf4185f94b68b5872454723541c4102cf5ddc1981fc8d6d825bc2f809c2e
4499,ne,conversation,indicvoices,S4257049200398288,West Bengal,110,100-199,ne,ne,Nepali,Nepali,true,true,npi_Deva,false,indicvoices_rows.json,row:nepali:1532,c212d23039654c9cf35e5bda892f718ab60ff15e6d352db86e5184615e9ab23e
5341,hi,extempore,indicvoices,S4259452500331167,Bihar,157,100-199,hi,hi,Hindi,,true,false,hin_Deva,false,indicvoices_rows.json,row:hindi:574,36f05c6059be68f51ebe4cdb282aa32dce30e97f4f9f7df757be82826be0184a
3972,ne,read_speech_iv,indicvoices,S4258308200371901,Assam,71,40-99,ne,ne,Nepali,,true,false,npi_Deva,false,indicvoices_rows.json,row:nepali:1005,dfb81ad1a6b6d8ac55becc9b3c866300c37bc974b1bcb77764d52a8f521bc152
468,ne,formal_written,wikipedia,w108577,,890,400+,ne,ne,Nepali,,true,false,npi_Deva,false,wikipedia_ne_extracts.json,doc:477,3dfd0ca5244cb17df8e8ca4c5a8fc0a5ef5f23b00ecbd59657ec0eb0d285e594
3485,ne,extempore,indicvoices,S4259119500363715,Assam,124,100-199,ne,ne,Nepali,,true,false,npi_Deva,false,indicvoices_rows.json,row:nepali:518,1bf98869627b9854621bfd53dbd2fc8558e05e02e543989e35c9b54c76767a8e
3398,ne,conversation,indicvoices,S4259046100311619,Assam,108,100-199,ne,ne,Nepali,Nepali,true,true,npi_Deva,false,indicvoices_rows.json,row:nepali:431,bbcdf7245ad6009d07b5866790eebcf22ae3018cc5b70f80aa8dfa66f2c4ed97
4576,ne,conversation,indicvoices,S4259396100374865,West Bengal,125,100-199,ne,ne,Nepali,,true,false,npi_Deva,false,indicvoices_rows.json,row:nepali:1609,6f1c13f32cbba18ddff2997c75846fcee54620fb14408d6b50ede87cc3e6f3fe
6402,hi,read_speech_iv,indicvoices,S4258241800310970,Madhya Pradesh,133,100-199,hi,hi,Hindi,Hindi,true,true,hin_Deva,false,indicvoices_rows.json,row:hindi:1635,e14dbb667b3a1556263feb139eb27b4091a639d0b66fec1fb2d8713130950470
1626,ne,read_speech_fleurs,fleurs,f1727ne,,109,100-199,ne,ne,Nepali,Nepali,true,true,npi_Deva,false,fleurs_ne_transcripts.json,doc:347,987bd305cac75510c0ad26e2a85f199fe290cb0a1962e6b987e04081e1b8a59e
6480,hi,read_speech_iv,indicvoices,S4259223300359963,Rajasthan,113,100-199,hi,hi,Hindi,,true,false,hin_Deva,false,indicvoices_rows.json,row:hindi:1713,ad9d3d1ab2a1cfa2e03dd7a74c934d3761977c22ab4f3c580b4a576e95157a51
85,ne,formal_written,wikipedia,w18043,,56,40-99,ne,ne,,,false,false,npi_Deva,false,wikipedia_ne_extracts.json,doc:86,76f0b8147ff5c395a99b02ea0953ab1fa0568fa2bdef610b85bbf7cc07af3e59
5542,hi,extempore,indicvoices,S4259241600355788,Bihar,123,100-199,hi,hi,Hindi,,true,false,hin_Deva,false,indicvoices_rows.json,row:hindi:775,3ac169ce1c275e3546bf488303bf43bbde4475fcefa1e3e2f64e8880abf92143
3781,ne,read_speech_iv,indicvoices,S4259003000311674,Assam,107,100-199,ne,ne,Nepali,Nepali,true,true,npi_Deva,false,indicvoices_rows.json,row:nepali:814,d0fddbb9340aedb197d15dbacb83fb681b1608d2600a0c08aaff06adba151cf1
1100,hi,formal_written,wikipedia,w1010764,,1668,400+,hi,hi,Hindi,,true,false,hin_Deva,false,wikipedia_hi_extracts.json,doc:427,48723cde0a1eebcc5c882dd6b52bac7aa47aed1cb192881c9ca60bfb256b0298
7034,ne,formal_written_sentence,wikipedia_sentence,w47951,,107,100-199,ne,ne,Nepali,,true,false,npi_Deva,false,wikipedia_ne_extracts.json,doc:227:sentence:8,72a9358a92dc00feddcfb63bf3d2518440caaa2efc722871379bec0ed13e4913
4185,ne,conversation,indicvoices,S4257689400333952,West Bengal,118,100-199,ne,ne,Nepali,,true,false,npi_Deva,false,indicvoices_rows.json,row:nepali:1218,c9488796c9c6698657265c6e2cbf86c93a17da7ef9c01b1f916ac047eb139d9d
5030,hi,extempore,indicvoices,S4257007300339437,Uttar Pradesh,279,200-399,hi,hi,Hindi,,true,false,hin_Deva,false,indicvoices_rows.json,row:hindi:263,49dfee91d79d6e514e44c5a0736b6866117beac5502e8982fa9847e7809a4365
11,ne,formal_written,wikipedia,w4760,,268,200-399,ne,ne,Nepali,Nepali,true,true,npi_Deva,false,wikipedia_ne_extracts.json,doc:11,91f96ccc7207a5db69f70dda7834c99ec119576b42c206a374c1edcdfecb73d7
7087,ne,formal_written_sentence,wikipedia_sentence,w17360,,71,40-99,ne,ne,Nepali,Nepali,true,true,npi_Deva,false,wikipedia_ne_extracts.json,doc:74:sentence:7,d9093e68afe132c0bb441474e2d579da76a6fb5cacce663c89ba5de44a641a66
6020,hi,conversation,indicvoices,S4258203800376610,Uttar Pradesh,170,100-199,hi,hi,Hindi,Hindi,true,true,hin_Deva,false,indicvoices_rows.json,row:hindi:1253,b3cf59fca4b5ce4ca34d72d4208f4db81dd3dd7512df8973f95e959a74c65600
7662,hi,formal_written_sentence,wikipedia_sentence,w222776,,147,100-199,hi,hi,Hindi,Hindi,true,true,hin_Deva,false,wikipedia_hi_extracts.json,doc:157:sentence:14,16d84cca1cde1a55575831165b63cdcdf45093fe319ae7f07c897138d21de308
4362,ne,conversation,indicvoices,S4257154100339229,West Bengal,108,100-199,ne,ne,Nepali,,true,false,npi_Deva,false,indicvoices_rows.json,row:nepali:1395,d92356cd4583de12d8fc4dc6d6e5187f36d0548119ea0169cb5fc490a01c5048
6021,hi,conversation,indicvoices,S4258203800376610,Uttar Pradesh,354,200-399,hi,hi,Hindi,,true,false,hin_Deva,false,indicvoices_rows.json,row:hindi:1254,af99e1b9cda6bf07872540290a67f6c62ad792d02e1f04073f9229f46f6b2dcb
7597,hi,formal_written_sentence,wikipedia_sentence,w68537,,84,40-99,hi,hi,Hindi,,true,false,anp_Deva,false,wikipedia_hi_extracts.json,doc:75:sentence:8,6bce3db73a1b219fafc2c651d762a3237783071be79a262ddbbb33b53f905ed9
4957,hi,conversation,indicvoices,S4257300700349939,Bihar,175,100-199,hi,hi,Hindi,,true,false,hin_Deva,false,indicvoices_rows.json,row:hindi:190,79864e7514d130e70fcc5adb2e3e8642aed77060153c47417b438a52797f659d
7164,ne,formal_written_sentence,wikipedia_sentence,w70634,,89,40-99,ne,ne,Nepali,,true,false,npi_Deva,false,wikipedia_ne_extracts.json,doc:308:sentence:0,c982eaf79aa5de3fb5c0075d729cea36237f8295036dfb9fee689d7844b98f74
4492,ne,conversation,indicvoices,S4259003500380090,West Bengal,101,100-199,ne,ne,Nepali,,true,false,npi_Deva,false,indicvoices_rows.json,row:nepali:1525,bf91790892e9e5637c08110e4f18ae2ee496e68cc76ece9b839f3e74efc1b665
6042,hi,conversation,indicvoices,S4256904400334614,Uttar Pradesh,320,200-399,hi,hi,Hindi,,true,false,hin_Deva,false,indicvoices_rows.json,row:hindi:1275,8bb8361f99f2ffb65253dedc0ae978de5ae228dfe4c03c5cad3e74181ecc9290
222,ne,formal_written,wikipedia,w47358,,1684,400+,ne,ne,Nepali,,true,false,npi_Deva,false,wikipedia_ne_extracts.json,doc:224,2f817ae8c321c480904cddd19ba666eeb55fc13ec9f74f6a322580cb445545d9
3585,ne,read_speech_iv,indicvoices,S4258002300311628,West Bengal,49,40-99,ne,ne,Nepali,,true,false,npi_Deva,false,indicvoices_rows.json,row:nepali:618,0a2a1391c61bf7f89b63e5bbd0bbf19b6e1cad8a14a483673d1c086af4d32108
7382,hi,formal_written_sentence,wikipedia_sentence,w795555,,194,100-199,hi,hi,Both or code-switched,Hindi,false,false,anp_Deva,false,wikipedia_hi_extracts.json,doc:376:sentence:7,8a7c06ad13bc8b84679cb653b6738935a512924a5e95ba1e137109a6ee3e6271
3738,ne,extempore,indicvoices,S4259502400394156,Assam,171,100-199,ne,ne,Nepali,,true,false,npi_Deva,false,indicvoices_rows.json,row:nepali:771,f417a08c177eaa085cbe00ba92dbded51cee86020553aedf83fc0763666bde4b
681,hi,formal_written,wikipedia,w18994,,119,100-199,hi,hi,Hindi,Nepali,true,false,anp_Deva,false,wikipedia_hi_extracts.json,doc:28,5234bbdc58f55ef5cfca1669ba2a89c61b5c5639568a2927e82cd93e12210c1e
2825,hi,read_speech_fleurs,fleurs,f1703hi,,71,40-99,hi,hi,Hindi,Hindi,true,true,hin_Deva,false,fleurs_hi_transcripts.json,doc:515,319695067331a0de74de7b67ce2d18c94156f314e422c8018bb9c67847eb738c
359,ne,formal_written,wikipedia,w83904,,147,100-199,ne,ne,Nepali,,true,false,npi_Deva,false,wikipedia_ne_extracts.json,doc:363,d19d05fe6ab2b6c2ccbc7923afda9505ce94d6cddd5f5c388158d7363b0ebf8b
2505,hi,read_speech_fleurs,fleurs,f1584hi,,129,100-199,hi,hi,Hindi,,true,false,hin_Deva,false,fleurs_hi_transcripts.json,doc:195,76f202b17ad53671b799ec9b243d22c1839dcb0ec96cb0426702b400d65aba03
4836,hi,read_speech_iv,indicvoices,S4256653200329592,Madhya Pradesh,192,100-199,hi,hi,Both or code-switched,,false,false,anp_Deva,false,indicvoices_rows.json,row:hindi:69,fc0b1c21a377718d39eaa2614cc4ee6f8a73403f480090a4d1563288d0014cc8
3920,ne,read_speech_iv,indicvoices,S4257383800368208,Assam,75,40-99,ne,hi,Nepali,,true,false,npi_Deva,false,indicvoices_rows.json,row:nepali:953,4b3346931eb44b90e2d35df5c7fc249b006f5ee1bc43d0437958047197288d5f
387,ne,formal_written,wikipedia,w92251,,346,200-399,ne,ne,Nepali,,true,false,npi_Deva,false,wikipedia_ne_extracts.json,doc:395,7e702af4a7b203ce5f87d0c7a50b93900454d4c0115c1e11ea335c8ceec15a94
6827,ne,formal_written_sentence,wikipedia_sentence,w14492,,65,40-99,ne,ne,Nepali,,true,false,npi_Deva,false,wikipedia_ne_extracts.json,doc:51:sentence:0,da0e7dad323d06769497f551b2d11b19c05ff49d33d4e31070d5381f13be8429
4540,ne,conversation,indicvoices,S4257895300334749,West Bengal,169,100-199,ne,ne,Nepali,Nepali,true,true,npi_Deva,false,indicvoices_rows.json,row:nepali:1573,81e5673c9e08b0329cfe9162fb4c0b329bf3104e2db22f08ef2228ff6a998432
1493,ne,read_speech_fleurs,fleurs,f1529ne,,138,100-199,ne,ne,Nepali,Nepali,true,true,npi_Deva,false,fleurs_ne_transcripts.json,doc:211,267756818e6513f1f0c3e4ab3213cfecc0189317b86f0e57e62201a544feb4ab
2118,ne,read_speech_fleurs,fleurs,f1765ne,,99,40-99,ne,ne,Nepali,,true,false,npi_Deva,false,fleurs_ne_transcripts.json,doc:839,8f8b2a77db267f4703a0f6f5fc02617a05411f80c0cf87dd2f277e012c47d17d
774,hi,formal_written,wikipedia,w158477,,90,40-99,hi,hi,Hindi,,true,false,anp_Deva,false,wikipedia_hi_extracts.json,doc:125,aa5b4ab9606b5f470d206e31890cb66933c5ac972d24f716add56dfa14d70d05
431,ne,formal_written,wikipedia,w100241,,263,200-399,ne,ne,Nepali,,true,false,npi_Deva,false,wikipedia_ne_extracts.json,doc:439,373af8c46844081f6d732309da2f6de2b25312eaa1074d9f459b54c0edbce20d
4040,ne,read_speech_iv,indicvoices,S4259621900384202,Assam,143,100-199,ne,ne,Nepali,Nepali,true,true,npi_Deva,false,indicvoices_rows.json,row:nepali:1073,bb4dca476ef7f545c9bcdf46ad375cc17c8ea3795f1a2369bc3d9b7b4b6cab82
3232,ne,extempore,indicvoices,S4259003000311674,Assam,399,200-399,ne,ne,Nepali,,true,false,npi_Deva,false,indicvoices_rows.json,row:nepali:265,ef6563e5e9dc88a0461ad891676da45fb19e95e9a1a18ec2deff1d9a9537bcf6
6090,hi,conversation,indicvoices,S4259063900331131,Madhya Pradesh,102,100-199,hi,hi,Hindi,,true,false,hin_Deva,false,indicvoices_rows.json,row:hindi:1323,8a183d600aeb2f5e86f960fe85e53988cebe1658a17860af0a97b176e7e637d4
2225,ne,read_speech_fleurs,fleurs,f1975ne,,117,100-199,ne,ne,Nepali,,true,false,npi_Deva,false,fleurs_ne_transcripts.json,doc:946,a048a4ce0ce433b26315f2c9fd911e1da7523e174be49bc97b0865d8a27e453f
6579,ne,formal_written_sentence,wikipedia_sentence,w143714,,64,40-99,ne,ne,Nepali,,true,false,npi_Deva,false,wikipedia_ne_extracts.json,doc:610:sentence:4,905e664cc03532d0f2b667d33fcbf32dd2aef9fc1755b322c54bc51cb532db06
7235,hi,formal_written_sentence,wikipedia_sentence,w23772,,91,40-99,hi,hi,Hindi,Hindi,true,true,anp_Deva,false,wikipedia_hi_extracts.json,doc:30:sentence:1,914d2a519600fe2f9446779a5b9165790df4dc6b3a4c6e6b35e0396119bd4e4a
3696,ne,read_speech_iv,indicvoices,S4258002300311628,West Bengal,73,40-99,ne,ne,Nepali,,true,false,npi_Deva,false,indicvoices_rows.json,row:nepali:729,87ec73146e716f818e8431ebcf5f3655efffd11d2461bf8626e5dfe1090613d8
2483,hi,read_speech_fleurs,fleurs,f1553hi,,97,40-99,hi,hi,Hindi,,true,false,anp_Deva,false,fleurs_hi_transcripts.json,doc:173,bda5bfee94e3fe80065488d73f7895ca0a7514c673875691dfeb98d0822ce42b
6849,ne,formal_written_sentence,wikipedia_sentence,w148933,,145,100-199,ne,ne,Both or code-switched,,false,false,npi_Deva,false,wikipedia_ne_extracts.json,doc:639:sentence:3,1589ee48d524f095bc9a1bdd0f1c4c601dbf133787c247ce1ab0c1416ce16508
3247,ne,extempore,indicvoices,S4257862300306985,Assam,175,100-199,ne,ne,Nepali,,true,false,npi_Deva,false,indicvoices_rows.json,row:nepali:280,5d47998346acbefe0636c716f8085531b012c0e9bbefaceb160dd44d6d59541e
3562,ne,extempore,indicvoices,S4259055300302087,West Bengal,109,100-199,ne,ne,Nepali,,true,false,npi_Deva,false,indicvoices_rows.json,row:nepali:595,2d0cd21ce8edba78e8f29e9240a209ab3514c2de083e68c666d9fa0301625c7f
5320,hi,extempore,indicvoices,S4257388600386729,Bihar,143,100-199,hi,hi,Hindi,Hindi,true,true,hin_Deva,false,indicvoices_rows.json,row:hindi:553,3e82adce5f8b142b1f9a3a8f62638ceb5ef5622897cc8f8e1c654108f2b6e15d
7391,hi,formal_written_sentence,wikipedia_sentence,w900579,,107,100-199,hi,hi,Hindi,Hindi,true,true,hin_Deva,false,wikipedia_hi_extracts_b.json,doc:447:sentence:1,1061e0ae72039220073468097aadfdd9e84d80c5f1b0a4faed2ce889b2159040
7293,hi,formal_written_sentence,wikipedia_sentence,w1136526,,134,100-199,hi,hi,Both or code-switched,Both or code-switched,false,false,hin_Deva,false,wikipedia_hi_extracts.json,doc:454:sentence:0,97f55a0d811587307b1248960ee9c71144a503620863d2c8b9cbccc0ef1ca9e3
6651,ne,formal_written_sentence,wikipedia_sentence,w14492,,54,40-99,mr,ne,Nepali,,true,false,npi_Deva,false,wikipedia_ne_extracts.json,doc:51:sentence:5,0a78b38cd6f2fabbef351846532ab0704afca65257332331bddcd6e30903b9f1
1736,ne,read_speech_fleurs,fleurs,f1934ne,,116,100-199,ne,hi,Nepali,,true,false,npi_Deva,false,fleurs_ne_transcripts.json,doc:455,7a1f2f54942e3701afb84d94fb00f60bd5eb20dae07359ebba480854fe0f99d1
2571,hi,read_speech_fleurs,fleurs,f1747hi,,43,40-99,hi,hi,Hindi,,true,false,hin_Deva,false,fleurs_hi_transcripts.json,doc:260,43e222af27f54f90c23db3f1c3ff9550095f350153170b1f321ca0a89cbf71ca
3700,ne,read_speech_iv,indicvoices,S4259046100311619,Assam,126,100-199,ne,ne,Nepali,,true,false,npi_Deva,false,indicvoices_rows.json,row:nepali:733,2addca8f01020d15d5109925862d2beffc7793f3acffffa79e636f304af5e377
1173,hi,formal_written,wikipedia,w1273773,,660,400+,hi,hi,Hindi,,true,false,hin_Deva,false,wikipedia_hi_extracts.json,doc:493,4a79df590415a3a9260316947fac9d3c74beb22a5d65425501b1bcd5a0a192a2
5141,hi,extempore,indicvoices,S4259749800370702,Madhya Pradesh,122,100-199,hi,hi,Hindi,,true,false,anp_Deva,false,indicvoices_rows.json,row:hindi:374,3bd8c247c123d7f47dcda46b0ee773e5c4266e4c45da53f63db7720a95cf7b94
5388,hi,read_speech_iv,indicvoices,S4258399900376274,Uttar Pradesh,83,40-99,hi,hi,Hindi,Hindi,true,true,hin_Deva,false,indicvoices_rows.json,row:hindi:621,5b7b56dc94431cb2b65c623746f5b6af145e8809e9e71faa449a9768d8e3c2d4
315,ne,formal_written,wikipedia,w73840,,240,200-399,ne,ne,Nepali,,true,false,npi_Deva,false,wikipedia_ne_extracts.json,doc:319,8ae5a2176cedb509711557c16c3bbf581c2c58f257e039861dd500cfc90d3aed
3463,ne,read_speech_iv,indicvoices,S4258195300301881,Assam,116,100-199,ne,ne,Nepali,,true,false,anp_Deva,false,indicvoices_rows.json,row:nepali:496,449053be05f2d6188fae84aea4716ce35bcb385f7accc9a73641640f440dc03e
153,ne,formal_written,wikipedia,w29808,,340,200-399,ne,ne,Nepali,Nepali,true,true,npi_Deva,false,wikipedia_ne_extracts.json,doc:155,506641db60750ec5fe18e88e66f53c807d17ad1ae193b24a313bbd6195b514c6
7339,hi,formal_written_sentence,wikipedia_sentence,w794978,,62,40-99,hi,hi,Hindi,Hindi,true,true,anp_Deva,false,wikipedia_hi_extracts.json,doc:375:sentence:3,d6cd13e3d6dcbf8dcecb7f98b7d223309cb6fdf0d046d6fe61986e0af709442a
2921,hi,read_speech_fleurs,fleurs,f1957hi,,57,40-99,hi,hi,Hindi,Hindi,true,true,hin_Deva,false,fleurs_hi_transcripts.json,doc:610,5c9da07442302cad5ad121efaa4babe9d2513a35f4b2f4111719dc7ecd1033f1
5363,hi,extempore,indicvoices,S4257101600337884,Uttar Pradesh,117,100-199,hi,hi,Hindi,,true,false,hin_Deva,false,indicvoices_rows.json,row:hindi:596,ab902b14290a3e318a325d95d8aa3d23cc7dddb9173b46f35e0aa6ba31e5704e
238,ne,formal_written,wikipedia,w51044,,513,400+,ne,ne,Nepali,Nepali,true,true,npi_Deva,false,wikipedia_ne_extracts.json,doc:240,bb62253a38e4a08cd23b9b1b1f7f0409c78b9ebca89d0821797fc060ed49368d
4396,ne,conversation,indicvoices,S4257691600385392,West Bengal,115,100-199,ne,ne,Nepali,Nepali,true,true,npi_Deva,false,indicvoices_rows.json,row:nepali:1429,9e17ffe2ae78309b8ab932b92771e6a21df3ff2d3630ea7565ab5f29b45a39b0
4304,ne,read_speech_iv,indicvoices,S4258203800397254,West Bengal,93,40-99,ne,ne,Nepali,,true,false,npi_Deva,false,indicvoices_rows.json,row:nepali:1337,bae2c446189aa43de5aec8535515298db432aa2c4ba83e9f37f1712ff82949ad
6315,hi,conversation,indicvoices,S4259590900359156,Uttar Pradesh,125,100-199,hi,hi,Hindi,Hindi,true,true,bho_Deva,false,indicvoices_rows.json,row:hindi:1548,4da0d46c9ded037a837eaf8bf5fc421fbc6e4c3f1e5cc9909b9039667abb37ce
6778,ne,formal_written_sentence,wikipedia_sentence,w149244,,107,100-199,ne,ne,Nepali,,true,false,npi_Deva,false,wikipedia_ne_extracts.json,doc:642:sentence:3,7c48f92f4d2d526719719519143cf3c9f24354945e837c0fc20d331b370c87cd
4090,ne,read_speech_iv,indicvoices,S4258855900377376,Assam,43,40-99,ne,ne,Hindi,Hindi,false,false,anp_Deva,false,indicvoices_rows.json,row:nepali:1123,440251be8b1673beb91f6bde49a346d5aae4191bacc11e33bf53a58b171334f8
3900,ne,read_speech_iv,indicvoices,S4259723000368209,Assam,174,100-199,ne,ne,Nepali,,true,false,npi_Deva,false,indicvoices_rows.json,row:nepali:933,a0931ca85612bb4f4d0238ad914b8f2a92af892e86e4fc150511fd9994eb0e21
3043,ne,extempore,indicvoices,S4258100700382157,Assam,115,100-199,ne,ne,Nepali,,true,false,npi_Deva,false,indicvoices_rows.json,row:nepali:76,88c99ba4ca6b7e33473d652de2cca846ffb02eedddccdea243813925bf9ad32f
2490,hi,read_speech_fleurs,fleurs,f1581hi,,78,40-99,hi,hi,Hindi,Hindi,true,true,hin_Deva,false,fleurs_hi_transcripts.json,doc:180,a3905dbb00439092071f2ef86a7c9188b3abd04ff19156c71f7c9b4201cd1ccc
1625,ne,read_speech_fleurs,fleurs,f1862ne,,175,100-199,ne,ne,Nepali,,true,false,npi_Deva,false,fleurs_ne_transcripts.json,doc:345,0929e80e599b2d5406cc8eba85d76232548c3469b606d43e52aa8ffb6b7e6a7a
4804,hi,extempore,indicvoices,S4257499100353460,Bihar,128,100-199,hi,hi,Hindi,Hindi,true,true,hin_Deva,false,indicvoices_rows.json,row:hindi:37,431ece9d0939902d518b845c1232f4d528745b2f2a65aaf526008df66ce50e3f
2530,hi,read_speech_fleurs,fleurs,f1593hi,,109,100-199,hi,hi,Hindi,,true,false,hin_Deva,false,fleurs_hi_transcripts.json,doc:219,a5ebd4bd548b7454fb0a8f9ab8084a917d91c2a1f8402e49bbdbcd14854fe0ae
3176,ne,extempore,indicvoices,S4257006100302166,Assam,196,100-199,ne,ne,Nepali,Nepali,true,true,npi_Deva,false,indicvoices_rows.json,row:nepali:209,6c71697be7139cffa62989ec0df04d4d72e884a8d52bae7d29ddddbeb5318602
1942,ne,read_speech_fleurs,fleurs,f1885ne,,74,40-99,ne,ne,Both or code-switched,,false,false,npi_Deva,false,fleurs_ne_transcripts.json,doc:662,e5bfb2e8a70ea9cdc9494192fc772287a6963ca0017f84ef3fcd10de338269a3
4859,hi,conversation,indicvoices,S4256675200324196,Madhya Pradesh,311,200-399,hi,hi,Hindi,Hindi,true,true,hin_Deva,false,indicvoices_rows.json,row:hindi:92,8c50b6a556771bfa7234cecb87e8bb63d666f28238aa4f36d79b6ff6d19a5880
3798,ne,extempore,indicvoices,S4257884500355846,West Bengal,129,100-199,ne,ne,Nepali,,true,false,npi_Deva,false,indicvoices_rows.json,row:nepali:831,cb455edfa0ada9316691da3066947ee1c1ca3c07762a73879c2dd1e3f4f983f0
1162,hi,formal_written,wikipedia,w1238219,,812,400+,hi,hi,Hindi,,true,false,hin_Deva,false,wikipedia_hi_extracts.json,doc:482,81ab7496105c2f56664d12814594b4497c5bde28593178e889048717a6ef38a2
4335,ne,read_speech_iv,indicvoices,S4259311100344379,West Bengal,77,40-99,ne,ne,Nepali,,true,false,npi_Deva,false,indicvoices_rows.json,row:nepali:1368,5828217854b31f2e99d2b0a5c027cac8d04a4ba68dedc6a89d9d04c85f8816fd
5292,hi,extempore,indicvoices,S4259306700361366,Bihar,116,100-199,hi,hi,Hindi,,true,false,hin_Deva,false,indicvoices_rows.json,row:hindi:525,10b6fb3ed4c10fb79827affd0b6aa11d9ece907068e78197de4dc525e0f21610
